#{"t_start": 1788242596.0900464, "env_id": "None"}
r,l,t,phase,player_health,episode_enemies_destroyed,episode_spawners_destroyed,episode_phases_advanced,episode_damage_taken,episode_xp_earned,episode_max_level,active_minibosses,active_boss_hazards,active_boss_defenders,active_enemy_missiles,drone_level
-63.936639,84,2.365602,3,0.0,0,0,0,102.18880000000001,0.0,1,0,2,0,0,0
-53.202016,123,2.5942,3,0.0,0,0,0,114.59840000000003,0.0,1,0,3,0,0,0
-59.176668,157,2.8889,3,0.0,0,0,0,102.18880000000001,0.0,1,0,0,0,0,0
-50.771126,106,3.088632,3,0.0,0,0,0,114.59840000000003,0.0,1,0,0,0,0,0
-64.869805,159,3.379991,3,0.0,0,0,0,102.18880000000001,0.0,1,0,0,0,0,0
-67.208,179,3.705008,3,0.0,0,0,0,102.18880000000001,0.0,1,0,2,0,0,0
-46.986368,52,3.806656,3,0.0,0,0,0,114.59840000000003,0.0,1,0,0,0,0,0
-41.329472,199,4.166964,1,0.0,0,0,0,112.0,0.0,1,0,0,0,0,0
-62.373155,225,4.59989,3,0.0,0,0,0,102.18880000000001,0.0,1,0,2,0,0,0
-54.239155,61,4.706099,3,0.0,0,0,0,114.59840000000003,0.0,1,0,0,0,0,0
-55.525225,112,4.904166,3,0.0,0,0,0,102.18880000000001,0.0,1,0,0,0,0,0
-61.616407,99,5.087362,3,0.0,0,0,0,102.18880000000001,0.0,1,0,0,0,0,0
-75.044786,246,5.540263,3,0.0,0,0,0,107.92320000000001,0.0,1,0,2,0,0,0
-73.02029,141,5.807526,3,0.0,0,0,0,107.92320000000001,0.0,1,0,2,0,0,0
-51.824964,91,5.98173,3,0.0,0,0,0,114.59840000000003,0.0,1,0,0,0,0,0
-60.838769,109,6.164511,3,0.0,0,0,0,102.18880000000001,0.0,1,0,0,0,0,0
-61.755437,93,6.32838,3,0.0,0,0,0,102.18880000000001,0.0,1,0,0,0,0,0
-40.850336,122,6.517394,1,0.0,0,0,0,112.0,0.0,1,0,0,0,0,0
-40.85892,101,6.675594,1,0.0,0,0,0,112.0,0.0,1,0,0,0,0,0
-42.057549,222,7.109659,3,0.0,0,0,0,114.59840000000003,0.0,1,0,0,0,0,0
-49.103646,239,7.564286,3,0.0,0,0,0,114.59840000000003,0.0,1,0,2,0,0,0
-65.28211,131,7.798606,3,0.0,0,0,0,102.18880000000001,0.0,1,0,2,0,0,0
-67.349238,132,8.038395,3,0.0,0,0,0,102.18880000000001,0.0,1,0,2,0,0,0
-69.450308,191,8.403332,3,0.0,0,0,0,102.18880000000001,0.0,1,0,2,0,0,0
-52.587221,78,8.544567,3,0.0,0,0,0,114.59840000000003,0.0,1,0,3,0,0,0
-63.243083,164,8.843585,3,0.0,0,0,0,102.18880000000001,0.0,1,0,0,0,0,0
-52.62628,114,9.040691,3,0.0,0,0,0,114.59840000000003,0.0,1,0,0,0,0,0
-61.416596,138,9.29425,3,0.0,0,0,0,120.33280000000002,0.0,1,0,3,0,0,0
-40.231123,137,9.513377,1,0.0,1,0,0,112.0,7.0,1,0,0,0,0,0
-60.308749,138,9.754122,3,0.0,0,0,0,102.18880000000001,0.0,1,0,2,0,0,0
-39.428388,167,10.036176,1,0.0,1,0,0,112.0,7.0,1,0,0,0,0,0
-71.663926,192,10.413515,3,0.0,0,0,0,107.92320000000001,0.0,1,0,2,0,0,0
-64.010109,144,10.674261,3,0.0,0,0,0,102.18880000000001,0.0,1,0,0,0,0,0
-41.523695,175,10.955627,1,0.0,0,0,0,112.0,0.0,1,0,0,0,0,0
-89.023011,311,11.703316,3,0.0,0,0,0,113.65760000000002,0.0,1,0,0,0,0,0
-73.922191,155,12.107818,3,0.0,0,0,0,107.92320000000002,0.0,1,0,0,0,0,0
87.138333,351,12.898102,3,0.0,8,5,2,109.02080000000001,282.0,3,0,2,0,0,1
-44.250187,408,14.049595,3,0.0,0,0,0,102.18880000000001,0.0,1,0,2,0,0,0
-78.189975,300,14.864517,3,0.0,0,0,0,113.65760000000002,0.0,1,0,2,0,0,0
-52.816107,192,15.364794,3,0.0,0,0,0,120.3328,0.0,1,0,2,0,0,0
-65.801361,84,15.581694,3,0.0,0,0,0,120.33280000000002,0.0,1,0,2,0,0,0
-49.643651,84,15.811993,3,0.0,0,0,0,114.59840000000001,0.0,1,0,2,0,0,0
-48.369113,104,16.075688,3,0.0,1,0,0,114.59840000000003,7.0,1,0,0,0,0,0
40.060608,204,16.531004,2,0.0,4,3,1,101.36000000000001,158.0,2,0,0,0,0,2
-56.007945,246,17.254924,3,0.0,0,0,0,120.33280000000002,0.0,1,0,2,0,0,0
-35.132839,132,17.600539,3,0.0,0,0,0,108.86400000000002,0.0,1,0,2,0,0,0
-45.959251,92,17.846442,3,0.0,0,0,0,114.59840000000001,0.0,1,0,0,0,0,0
-25.831172,90,18.062939,1,0.0,1,1,0,112.0,41.0,1,0,0,0,0,0
-106.219582,246,18.73276,3,0.0,0,0,0,119.39200000000001,0.0,1,0,3,0,0,0
-59.131397,102,18.973287,3,0.0,0,0,0,102.18880000000001,0.0,1,0,0,0,0,0
-61.796046,192,19.465125,3,0.0,1,0,0,107.92320000000001,7.0,1,0,3,0,0,0
-77.39778,300,20.236126,3,0.0,1,0,0,113.6576,7.0,1,0,2,0,0,0
-24.840631,76,20.414864,1,0.0,1,1,0,112.0,41.0,1,0,0,0,0,0
24.068124,224,20.958558,2,0.0,3,2,1,109.92800000000001,117.0,2,1,0,0,0,2
-63.015415,113,21.239897,3,0.0,0,0,0,102.18880000000001,0.0,1,0,0,0,0,0
-50.970875,95,21.49138,3,0.0,0,0,0,114.59840000000003,0.0,1,0,0,0,0,0
-60.97932,84,21.707453,3,0.0,0,0,0,120.33280000000002,0.0,1,0,2,0,0,0
-32.275263,226,22.334125,3,0.0,0,0,0,108.86400000000002,0.0,1,0,2,0,0,0
-46.768724,300,23.176169,3,0.0,0,0,0,120.3328,0.0,1,0,2,0,0,0
-80.401328,166,23.597404,3,0.0,0,0,0,107.92320000000002,0.0,1,0,0,0,0,0
-59.153373,84,23.814455,3,0.0,0,0,0,120.33280000000002,0.0,1,0,2,0,0,0
-64.965775,91,24.049246,3,0.0,0,0,0,102.18880000000001,0.0,1,0,0,0,0,0
31.487216,273,24.731061,2,0.0,2,3,1,172.48000000000002,144.0,2,0,0,0,0,0
100.134804,459,25.8398,3,0.0,12,5,2,103.956,310.0,3,1,2,0,1,1
-75.638133,298,26.684538,3,0.0,0,0,0,107.92320000000001,0.0,1,0,3,0,0,0
-70.424153,166,27.079269,3,0.0,3,0,0,107.92320000000002,21.0,1,0,0,0,0,0
-58.080117,147,27.455099,3,0.0,0,0,0,102.18880000000001,0.0,1,0,0,0,0,0
-52.793327,254,28.122367,3,0.0,1,0,0,102.18880000000001,7.0,1,0,0,0,0,0
-43.807463,84,28.32884,3,0.0,0,0,0,114.59840000000001,0.0,1,0,2,0,0,0
-61.923256,86,28.542115,3,0.0,0,0,0,102.18880000000001,0.0,1,0,3,0,0,0
-73.738712,192,29.022155,3,0.0,0,0,0,107.92320000000001,0.0,1,0,3,0,0,0
-69.399946,290,29.840364,3,0.0,0,0,0,107.92320000000001,0.0,1,0,2,0,0,0
-67.992264,354,30.850086,3,0.0,0,0,0,107.92320000000001,0.0,1,0,2,0,0,0
-65.537314,100,31.10135,3,0.0,0,0,0,102.18880000000001,0.0,1,0,0,0,0,0
-60.893989,197,31.611134,3,0.0,0,0,0,102.18880000000001,0.0,1,0,0,0,0,0
-77.719227,408,32.772536,3,0.0,0,0,0,113.6576,0.0,1,0,2,0,0,0
13.717618,350,33.626951,2,0.0,2,2,1,171.92000000000002,110.0,2,1,0,0,0,0
-70.539429,138,33.995242,3,0.0,0,0,0,107.92320000000001,0.0,1,0,2,0,0,0
-38.84041,88,34.233727,3,0.0,0,0,0,108.86400000000002,0.0,1,0,0,0,0,0
37.863276,253,34.833277,2,0.0,2,3,1,100.24000000000001,144.0,2,0,0,0,0,0
-79.701877,174,35.307254,3,0.0,0,0,0,107.92320000000002,0.0,1,0,2,0,0,0
24.479655,211,35.834893,2,0.0,2,2,1,110.824,110.0,2,1,0,0,0,1
56.691468,267,36.545544,2,0.0,3,4,1,101.36000000000001,185.0,2,0,0,0,0,0
-52.370344,246,37.214517,3,0.0,0,0,0,102.1888,0.0,1,0,2,0,0,0
-73.282055,192,37.686085,3,0.0,0,0,0,107.92320000000001,0.0,1,0,2,0,0,0
-57.296294,107,37.952326,3,0.0,1,0,0,102.18880000000001,7.0,1,0,0,0,0,0
32.809922,203,38.441307,2,0.0,2,3,1,171.92000000000002,144.0,2,0,0,0,0,0
-81.785686,246,39.083764,3,0.0,0,0,0,113.6576,0.0,1,0,2,0,0,0
-60.468174,245,39.747051,3,0.0,0,0,0,102.18880000000001,0.0,1,0,2,0,0,0
-57.799589,138,40.091707,3,0.0,0,0,0,102.1888,0.0,1,0,2,0,0,0
-56.696976,192,40.573755,3,0.0,0,0,0,120.3328,0.0,1,0,2,0,0,0
28.15682,230,41.07442,2,0.0,1,3,1,171.92000000000002,137.0,2,0,0,0,0,0
97.319343,384,41.984288,3,0.0,6,5,2,102.16640000000001,268.0,3,0,2,2,2,1
-86.136622,290,42.825425,3,0.0,0,0,0,113.65760000000002,0.0,1,0,2,0,0,0
-45.4353,84,43.069643,3,0.0,0,0,0,114.59840000000001,0.0,1,0,2,0,0,0
-82.941707,258,43.828749,3,0.0,1,0,0,113.65760000000002,7.0,1,0,0,0,0,0
-38.922049,82,44.076089,3,0.0,0,0,0,108.86400000000002,0.0,1,0,2,0,0,0
-56.659623,84,44.29172,3,0.0,0,0,0,102.18880000000001,0.0,1,0,2,0,0,0
-74.429381,246,44.949991,3,0.0,0,0,0,107.92320000000001,0.0,1,0,2,0,0,0
-64.929512,138,45.315543,3,0.0,0,0,0,120.33280000000002,0.0,1,0,3,0,0,0
-71.734553,354,46.300205,3,0.0,0,0,0,113.6576,0.0,1,0,2,0,0,0
-59.111764,138,46.665278,3,0.0,0,0,0,120.33280000000002,0.0,1,0,2,0,0,0
75.36344,473,47.799518,3,0.0,9,5,2,161.4592,289.0,3,0,2,0,0,1
23.994297,225,48.363502,2,0.0,4,2,1,100.80000000000001,124.0,2,0,0,0,0,1
-55.766214,192,48.888193,3,0.0,0,0,0,120.33280000000002,0.0,1,0,2,0,0,0
45.723898,308,49.696155,2,0.0,1,4,1,157.92000000000002,171.0,2,0,0,0,0,0
-23.368476,100,49.921305,1,0.0,0,1,0,112.0,34.0,1,0,0,0,0,0
75.010058,534,51.24087,3,0.0,3,5,2,102.43072000000001,247.0,3,0,2,0,0,0
-76.371104,150,51.624393,3,0.0,0,0,0,107.92320000000001,0.0,1,0,0,0,0,0
-74.650562,624,53.304848,3,0.0,0,0,0,113.6576,0.0,1,0,2,0,0,0
22.585829,280,53.9662,2,0.0,1,2,1,100.24000000000001,103.0,2,0,0,0,0,0
-43.773175,220,54.560316,3,0.0,0,0,0,114.59840000000003,0.0,1,0,0,0,0,0
-56.923388,192,55.077481,3,0.0,0,0,0,120.3328,0.0,1,0,2,0,0,0
-44.86235,233,55.705752,3,0.0,0,0,0,114.59840000000001,0.0,1,0,2,0,0,0
-48.02136,127,56.043887,3,0.0,0,0,0,114.59840000000001,0.0,1,0,2,0,0,0
-88.615094,354,57.034207,3,0.0,0,0,0,113.65760000000002,0.0,1,0,2,0,0,0
-58.799229,84,57.256517,3,0.0,0,0,0,102.18880000000001,0.0,1,0,2,0,0,0
-70.857785,256,57.934487,3,0.0,1,0,0,107.92320000000001,7.0,1,0,0,0,0,0
36.149283,338,58.700092,2,0.0,4,3,1,114.24000000000001,158.0,2,0,0,0,0,0
-54.721844,138,59.069965,3,0.0,1,0,0,120.33280000000002,7.0,1,0,2,0,0,0
-49.139139,137,59.439315,3,0.0,0,0,0,114.59840000000003,0.0,1,0,2,0,0,0
-43.419343,84,59.64399,3,0.0,0,0,0,114.59840000000001,0.0,1,0,3,0,0,0
-32.607571,61,59.812198,3,0.0,0,0,0,108.86400000000002,0.0,1,0,0,0,0,0
-46.642177,75,60.00822,3,0.0,0,0,0,114.59840000000003,0.0,1,0,2,0,0,0
-101.741922,354,61.018027,3,0.0,0,0,0,119.39200000000001,0.0,1,0,2,0,0,0
-51.011467,86,61.247622,3,0.0,0,0,0,114.59840000000003,0.0,1,0,2,0,0,0
-62.101276,138,61.599395,3,0.0,0,0,0,102.18880000000001,0.0,1,0,2,0,0,0
-78.915493,197,62.107355,3,0.0,0,0,0,107.92320000000001,0.0,1,0,0,0,0,0
-42.452263,138,62.464873,3,0.0,0,0,0,114.59840000000001,0.0,1,0,2,0,0,0
-72.726207,192,62.996188,3,0.0,0,0,0,107.92320000000001,0.0,1,0,2,0,0,0
-57.594678,312,68.479164,3,0.0,0,0,0,102.18880000000001,0.0,1,0,0,0,0,0
38.631304,292,69.167693,2,0.0,4,3,1,113.68,158.0,2,0,0,0,0,0
-62.26301,86,69.381176,3,0.0,0,0,0,102.18880000000001,0.0,1,0,2,0,0,0
-52.337484,117,69.699243,3,0.0,0,0,0,114.59840000000003,0.0,1,0,2,0,0,0
-65.649024,107,69.989445,3,0.0,0,0,0,102.18880000000001,0.0,1,0,0,0,0,0
-55.212972,192,70.488219,3,0.0,0,0,0,102.18880000000001,0.0,1,0,2,0,0,0
-21.832757,165,70.8791,1,0.0,2,1,0,112.0,48.0,1,0,0,0,0,0
-23.18842,146,71.231685,1,0.0,2,1,0,112.0,48.0,1,0,0,0,0,0
-49.688007,221,71.939633,3,0.0,0,0,0,114.59840000000003,0.0,1,0,0,0,0,0
-88.209645,354,73.161144,3,0.0,0,0,0,113.6576,0.0,1,0,2,0,0,0
89.002234,448,74.524756,3,0.0,4,5,2,117.84640000000002,254.0,3,0,2,0,0,0
-63.641255,184,75.001989,3,0.0,0,0,0,102.18880000000001,0.0,1,0,2,0,0,0
-65.612046,84,75.207816,3,0.0,0,0,0,120.33280000000002,0.0,1,0,2,0,0,0
-52.180116,89,75.436073,3,0.0,0,0,0,114.59840000000001,0.0,1,0,0,0,0,0
-59.330996,88,75.655771,3,0.0,1,0,0,102.18880000000001,7.0,1,0,2,0,0,0
-63.964491,129,75.984499,3,0.0,0,0,0,102.18880000000001,0.0,1,0,3,0,0,0
52.648507,270,76.632878,2,0.0,2,4,1,100.24000000000001,178.0,2,0,0,0,0,0
-29.505488,107,76.89637,3,0.0,0,0,0,108.86400000000002,0.0,1,0,0,0,0,0
-54.911137,84,77.10057,3,0.0,0,0,0,102.18880000000001,0.0,1,0,2,0,0,0
-43.833344,91,77.322591,3,0.0,0,0,0,114.59840000000003,0.0,1,0,0,0,0,0
-57.833601,246,77.970137,3,0.0,0,0,0,102.18880000000001,0.0,1,0,2,0,0,0
-59.435451,165,78.408547,3,0.0,0,0,0,102.18880000000001,0.0,1,0,0,0,0,0
-58.072467,203,78.960456,3,0.0,0,0,0,102.18880000000001,0.0,1,0,0,0,0,0
-33.18076,103,79.211057,3,0.0,0,0,0,108.86400000000002,0.0,1,0,0,0,0,0
-57.210283,351,80.192898,3,0.0,0,0,0,102.18880000000001,0.0,1,0,2,0,0,0
-31.318687,121,80.500256,3,0.0,1,0,0,108.86400000000002,7.0,1,0,3,0,0,0
-60.207112,107,80.783751,3,0.0,0,0,0,102.18880000000001,0.0,1,0,0,0,0,0
-54.740345,246,81.444785,3,0.0,0,0,0,120.3328,0.0,1,0,3,0,0,0
-58.479409,111,81.715323,3,0.0,0,0,0,102.18880000000001,0.0,1,0,0,0,0,0
-70.835691,300,82.514899,3,0.0,1,0,0,107.92320000000001,7.0,1,0,2,0,0,0
37.452141,316,83.292053,2,0.0,6,3,1,156.63200000000003,172.0,2,0,0,0,0,0
38.159731,198,83.754357,2,0.0,3,3,1,100.80000000000001,151.0,2,0,0,0,0,1
36.411486,201,84.231601,2,0.0,1,3,1,100.80000000000001,137.0,2,1,0,0,0,0
-58.509787,101,84.51086,3,0.0,0,0,0,102.18880000000001,0.0,1,0,0,0,0,0
43.889254,199,84.974477,2,0.0,1,4,1,171.92000000000002,171.0,2,0,0,0,0,0
-64.43698,84,85.195137,3,0.0,0,0,0,102.18880000000001,0.0,1,0,2,0,0,0
-50.028901,190,85.693878,3,0.0,0,0,0,114.59840000000003,0.0,1,0,3,0,0,0
-55.936075,84,85.91298,3,0.0,0,0,0,102.18880000000001,0.0,1,0,2,0,0,0
-88.870774,192,86.436984,3,0.0,0,0,0,113.6576,0.0,1,0,2,0,0,0
-57.707426,262,87.149016,3,0.0,0,0,0,102.18880000000001,0.0,1,0,0,0,0,0
-55.059539,138,87.491431,3,0.0,0,0,0,102.1888,0.0,1,0,3,0,0,0
-61.180747,211,88.060841,3,0.0,0,0,0,102.18880000000001,0.0,1,0,0,0,0,0
-88.28755,192,88.582967,3,0.0,0,0,0,113.6576,0.0,1,0,2,0,0,0
85.77193,414,89.5597,3,0.0,3,5,2,162.20736000000002,247.0,3,0,2,0,0,0
-63.674471,86,89.771701,3,0.0,0,0,0,102.18880000000001,0.0,1,0,2,0,0,0
-32.615848,76,89.961459,3,0.0,0,0,0,108.86400000000002,0.0,1,0,2,0,0,0
-57.410574,192,90.47227,3,0.0,0,0,0,120.3328,0.0,1,0,2,0,0,0
-61.838394,211,91.020781,3,0.0,0,0,0,102.18880000000001,0.0,1,0,0,0,0,0
-90.603611,192,91.527994,3,0.0,0,0,0,113.6576,0.0,1,0,2,0,0,0
-60.012282,138,91.890519,3,0.0,1,0,0,120.33280000000002,7.0,1,0,2,0,0,0
-69.320984,300,92.690689,3,0.0,1,0,0,107.92320000000001,7.0,1,0,2,0,0,0
-61.55276,244,93.342566,3,0.0,0,0,0,102.18880000000001,0.0,1,0,3,0,0,0
32.068447,251,93.91553,2,0.0,1,3,1,128.24,137.0,2,0,0,0,0,0
42.506435,252,94.458817,2,0.0,7,3,1,101.36000000000001,179.0,2,0,0,0,0,1
-49.046159,129,94.76845,3,0.0,0,0,0,114.59840000000003,0.0,1,0,2,0,0,0
110.661974,332,95.485022,3,0.0,7,5,2,110.99200000000002,275.0,3,0,0,0,0,0
-74.065269,273,96.178714,3,0.0,0,0,0,107.92320000000001,0.0,1,0,0,0,0,0
-49.525673,149,96.555567,3,0.0,0,0,0,114.59840000000001,0.0,1,0,0,0,0,0
-42.537418,315,97.358954,3,0.0,2,0,0,114.59840000000003,14.0,1,0,0,0,0,0
-71.747755,247,97.989105,3,0.0,0,0,0,107.92320000000001,0.0,1,0,2,0,0,0
-55.267146,138,98.333998,3,0.0,1,0,0,120.33280000000002,7.0,1,0,2,0,0,0
39.416934,275,99.007698,2,0.0,3,3,1,100.80000000000001,151.0,2,1,0,0,0,0
-74.57959,192,99.517627,3,0.0,0,0,0,107.92320000000001,0.0,1,0,3,0,0,0
-51.662382,101,99.78066,3,0.0,0,0,0,114.59840000000003,0.0,1,0,0,0,0,0
-64.981546,92,100.01437,3,0.0,0,0,0,102.18880000000001,0.0,1,0,0,0,0,0
62.038599,476,101.195171,3,0.0,10,5,2,176.73360000000002,296.0,3,0,2,2,1,1
-58.709867,84,101.405618,3,0.0,0,0,0,102.18880000000001,0.0,1,0,2,0,0,0
-78.513752,408,102.496817,3,0.0,0,0,0,113.6576,0.0,1,0,3,0,0,0
-22.720735,107,102.731312,1,0.0,2,1,0,112.0,48.0,1,0,0,0,0,0
-61.061333,158,103.122822,3,0.0,1,0,0,102.18880000000001,7.0,1,0,0,0,0,0
-62.046863,103,103.388312,3,0.0,0,0,0,102.18880000000001,0.0,1,0,0,0,0,0
-52.565838,106,103.643943,3,0.0,0,0,0,114.59840000000003,0.0,1,0,0,0,0,0
-59.761414,138,103.990891,3,0.0,0,0,0,102.18880000000001,0.0,1,0,2,0,0,0
-54.100065,192,104.479897,3,0.0,0,0,0,102.18880000000001,0.0,1,0,3,0,0,0
36.979841,230,104.987463,2,0.0,3,3,1,108.248,151.0,2,1,0,0,0,1
101.268502,616,106.496405,3,0.0,12,5,2,101.7484,310.0,3,1,2,0,0,1
-53.286094,246,107.13611,3,0.0,0,0,0,120.3328,0.0,1,0,2,0,0,0
-56.591754,281,107.866813,3,0.0,0,0,0,102.18880000000001,0.0,1,0,2,0,0,0
97.211405,400,108.795363,3,0.0,10,5,2,106.70120000000001,296.0,3,0,2,2,3,1
-49.777853,84,109.003787,3,0.0,0,0,0,114.59840000000001,0.0,1,0,2,0,0,0
-64.362265,84,109.211913,3,0.0,0,0,0,102.18880000000001,0.0,1,0,2,0,0,0
35.664802,272,109.823946,2,0.0,4,3,1,165.92800000000003,158.0,2,1,0,0,0,0
-69.57744,246,110.46146,3,0.0,0,0,0,107.92320000000001,0.0,1,0,2,0,0,0
-58.920266,280,111.206022,3,0.0,0,0,0,102.18880000000001,0.0,1,0,2,0,0,0
-74.271994,274,111.926018,3,0.0,0,0,0,107.92320000000002,0.0,1,0,0,0,0,0
116.586824,519,113.151394,3,0.0,11,5,2,109.51360000000001,303.0,3,1,2,1,2,1
-53.7289,192,113.647273,3,0.0,0,0,0,102.1888,0.0,1,0,2,0,0,0
56.56532,268,114.235666,2,0.0,8,4,1,129.92000000000002,220.0,3,0,0,0,0,1
-98.72104,408,115.353186,3,0.0,0,0,0,119.39200000000001,0.0,1,0,2,0,0,0
-46.838017,138,115.718353,3,0.0,0,0,0,114.59840000000001,0.0,1,0,3,0,0,0
39.756264,268,116.338121,2,0.0,5,3,1,100.24000000000001,165.0,2,0,0,0,0,2
-57.83586,138,116.698836,3,0.0,0,0,0,102.18880000000001,0.0,1,0,3,0,0,0
-65.991286,246,117.353859,3,0.0,1,0,0,107.92320000000001,7.0,1,0,3,0,0,0
-59.882957,246,117.974188,3,0.0,0,0,0,102.18880000000001,0.0,1,0,2,0,0,0
-52.543407,300,118.770487,3,0.0,1,0,0,102.18880000000001,7.0,1,0,2,0,0,0
-66.293417,138,119.110602,3,0.0,1,0,0,107.92320000000001,7.0,1,0,2,0,0,0
-60.850194,84,119.323847,3,0.0,0,0,0,102.18880000000001,0.0,1,0,2,0,0,0
39.947369,263,119.914897,2,0.0,3,3,1,113.68,151.0,2,0,0,0,0,0
-51.992195,300,120.725562,3,0.0,2,0,0,102.18880000000001,14.0,1,0,2,0,0,0
35.44799,225,121.243738,2,0.0,3,3,1,114.80000000000001,151.0,2,0,0,0,0,0
55.523957,258,121.846218,2,0.0,6,4,1,100.80000000000001,206.0,3,1,0,0,0,1
-80.723141,300,122.668617,3,0.0,1,0,0,113.6576,7.0,1,0,2,0,0,0
99.110004,415,123.659137,3,0.0,10,5,2,119.56,296.0,3,1,2,0,0,2
-74.447684,138,123.998903,3,0.0,1,0,0,107.92320000000001,7.0,1,0,2,0,0,0
-57.887825,84,124.211396,3,0.0,0,0,0,102.18880000000001,0.0,1,0,2,0,0,0
39.88986,200,124.676166,2,0.0,4,3,1,100.80000000000001,158.0,2,0,0,0,0,1
-63.501662,113,124.966636,3,0.0,0,0,0,102.18880000000001,0.0,1,0,0,0,0,0
-49.312821,178,125.424825,3,0.0,0,0,0,114.59840000000001,0.0,1,0,3,0,0,0
-62.609937,88,125.640872,3,0.0,1,0,0,102.18880000000001,7.0,1,0,2,0,0,0
72.225266,473,126.730661,3,0.0,5,5,2,159.86880000000002,261.0,3,0,3,0,0,0
-49.500831,214,127.276106,3,0.0,0,0,0,114.59840000000003,0.0,1,0,0,0,0,0
-45.401453,246,127.908813,3,0.0,0,0,0,114.59840000000001,0.0,1,0,2,0,0,0
23.506667,281,128.551024,2,0.0,4,2,1,114.24000000000001,124.0,2,1,0,0,0,0
-61.330049,105,128.80116,3,0.0,0,0,0,102.18880000000001,0.0,1,0,0,0,0,0
-73.64878,254,129.428306,3,0.0,0,0,0,107.92320000000001,0.0,1,0,0,0,0,0
-53.873399,138,129.767606,3,0.0,0,0,0,102.18880000000001,0.0,1,0,2,0,0,0
-49.409708,84,129.990579,3,0.0,0,0,0,114.59840000000001,0.0,1,0,3,0,0,0
-61.95613,90,130.217044,3,0.0,0,0,0,102.18880000000001,0.0,1,0,0,0,0,0
94.753183,546,137.572833,3,0.0,15,5,2,210.38080000000002,331.0,3,0,2,0,0,1
-75.918144,138,137.923214,3,0.0,0,0,0,107.92320000000001,0.0,1,0,2,0,0,0
45.618863,328,138.723414,2,0.0,5,4,1,213.24800000000008,199.0,3,0,0,0,0,0
69.493404,566,140.039214,3,0.0,15,5,2,202.3616,331.0,3,0,2,0,0,1
-46.493534,100,140.282668,3,0.0,0,0,0,114.59840000000003,0.0,1,0,0,0,0,0
-59.303861,114,140.549857,3,0.0,0,0,0,102.18880000000001,0.0,1,0,0,0,0,0
-54.293031,138,140.893865,3,0.0,0,0,0,102.1888,0.0,1,0,2,0,0,0
-53.092341,138,141.222237,3,0.0,1,0,0,102.1888,7.0,1,0,2,0,0,0
-64.413667,84,141.417267,3,0.0,0,0,0,102.18880000000001,0.0,1,0,2,0,0,0
-61.869338,138,141.764089,3,0.0,0,0,0,102.1888,0.0,1,0,2,0,0,0
-57.382662,192,142.264979,3,0.0,0,0,0,120.33280000000002,0.0,1,0,2,0,0,0
-56.82487,279,142.990383,3,0.0,0,0,0,102.18880000000001,0.0,1,0,2,0,0,0
-63.924871,84,143.206889,3,0.0,0,0,0,120.33280000000002,0.0,1,0,2,0,0,0
-41.607734,108,143.473663,3,0.0,1,0,0,114.59840000000003,7.0,1,0,0,0,0,0
-53.130152,242,144.116169,3,0.0,0,0,0,114.59840000000003,0.0,1,0,3,0,0,0
-23.406591,136,144.414879,1,0.0,2,1,0,112.0,48.0,1,0,0,0,0,0
-70.303763,138,144.766771,3,0.0,1,0,0,107.92320000000001,7.0,1,0,2,0,0,0
-55.081293,210,145.332109,3,0.0,0,0,0,102.18880000000001,0.0,1,0,0,0,0,0
-76.066163,246,145.980444,3,0.0,0,0,0,113.65760000000002,0.0,1,0,2,0,0,0
-32.582897,182,146.4511,3,0.0,0,0,0,108.86400000000002,0.0,1,0,2,0,0,0
-59.858639,113,146.731494,3,0.0,0,0,0,102.18880000000001,0.0,1,0,0,0,0,0
-80.42919,187,147.213384,3,0.0,0,0,0,107.92320000000002,0.0,1,0,2,0,0,0
-86.384931,193,147.720637,3,0.0,0,0,0,113.65760000000002,0.0,1,0,2,0,0,0
-47.310005,138,148.059323,3,0.0,0,0,0,114.59840000000001,0.0,1,0,2,0,0,0
-74.859128,192,148.548214,3,0.0,0,0,0,107.92320000000001,0.0,1,0,2,0,0,0
-49.906705,192,149.059554,3,0.0,0,0,0,120.33280000000002,0.0,1,0,2,0,0,0
96.445383,350,149.877905,3,0.0,6,5,2,101.85040000000001,268.0,3,0,0,2,1,2
-75.589615,192,150.380349,3,0.0,0,0,0,107.92320000000001,0.0,1,0,2,0,0,0
-61.34223,678,152.246847,3,0.0,0,0,0,107.92320000000001,0.0,1,0,2,0,0,0
-73.670271,138,152.595599,3,0.0,0,0,0,107.92320000000001,0.0,1,0,2,0,0,0
-42.386631,288,153.384343,3,0.0,0,0,0,114.59840000000003,0.0,1,0,2,0,0,0
103.621216,505,154.598877,3,0.0,13,5,2,121.84360000000001,317.0,3,0,2,1,2,1
-34.259946,300,155.417461,3,0.0,0,0,0,114.59840000000001,0.0,1,0,2,0,0,0
113.02877,400,156.383544,3,0.0,10,5,2,105.77159999999999,296.0,3,1,2,0,0,1
-74.154937,242,157.014583,3,0.0,0,0,0,107.92320000000002,0.0,1,0,2,0,0,0
-62.458974,173,157.431918,3,0.0,1,0,0,102.18880000000001,7.0,1,0,2,0,0,0
-64.299143,110,157.694107,3,0.0,0,0,0,102.18880000000001,0.0,1,0,0,0,0,0
-49.696947,84,157.901256,3,0.0,0,0,0,114.59840000000001,0.0,1,0,2,0,0,0
32.511871,217,158.378345,2,0.0,3,3,1,186.48000000000002,151.0,2,0,0,0,0,0
-68.719946,190,158.850011,3,0.0,0,0,0,102.18880000000001,0.0,1,0,3,0,0,0
-51.769698,408,159.913407,3,0.0,0,0,0,102.18880000000001,0.0,1,0,2,0,0,0
57.828188,330,160.657538,2,0.0,6,4,1,100.80000000000001,206.0,3,1,0,0,0,1
-49.514434,138,161.006326,3,0.0,0,0,0,102.1888,0.0,1,0,3,0,0,0
-36.331271,70,161.17499,3,0.0,0,0,0,108.86400000000002,0.0,1,0,2,0,0,0
57.728938,300,161.824217,2,0.0,8,4,1,115.36000000000001,220.0,3,0,0,0,0,1
37.658259,202,162.255496,2,0.0,2,3,1,110.208,144.0,2,0,0,0,0,0
86.899405,490,163.38231,3,0.0,11,5,2,113.7584,303.0,3,1,0,2,3,2
33.45736,261,163.970491,2,0.0,3,3,1,171.92000000000002,151.0,2,0,0,0,0,0
-59.78152,300,164.813778,3,0.0,0,0,0,102.18880000000001,0.0,1,0,2,0,0,0
-59.479309,246,165.448877,3,0.0,0,0,0,102.18880000000001,0.0,1,0,2,0,0,0
-51.253378,94,165.685266,3,0.0,0,0,0,114.59840000000003,0.0,1,0,0,0,0,0
-55.522731,300,166.559374,3,0.0,0,0,0,102.18880000000001,0.0,1,0,2,0,0,0
-30.52841,150,166.944191,3,0.0,0,0,0,108.86400000000002,0.0,1,0,0,0,0,0
-58.980682,192,167.448375,3,0.0,0,0,0,120.33280000000002,0.0,1,0,2,0,0,0
-58.91286,192,167.946617,3,0.0,0,0,0,120.33280000000002,0.0,1,0,2,0,0,0
-71.694338,354,168.905084,3,0.0,0,0,0,107.92320000000001,0.0,1,0,2,0,0,0
-64.235743,91,169.13257,3,0.0,0,0,0,102.18880000000001,0.0,1,0,0,0,0,0
-63.886134,246,169.742872,3,0.0,0,0,0,107.92320000000001,0.0,1,0,3,0,0,0
-54.215995,85,169.945668,3,0.0,1,0,0,102.18880000000001,7.0,1,0,3,0,0,0
-59.462792,300,170.725008,3,0.0,0,0,0,120.3328,0.0,1,0,2,0,0,0
32.687135,244,171.313712,2,0.0,0,3,1,114.80000000000001,130.0,2,1,0,0,0,0
-55.29209,251,171.999577,3,0.0,0,0,0,102.18880000000001,0.0,1,0,0,0,0,0
-57.615847,144,172.366862,3,0.0,0,0,0,120.33280000000002,0.0,1,0,0,0,0,0
-61.704251,84,172.572732,3,0.0,0,0,0,102.18880000000001,0.0,1,0,2,0,0,0
-54.108779,247,173.20636,3,0.0,0,0,0,102.18880000000001,0.0,1,0,2,0,0,0
-65.595874,84,173.404183,3,0.0,0,0,0,102.18880000000001,0.0,1,0,2,0,0,0
65.946264,553,174.645186,3,0.0,10,5,2,233.13920000000002,296.0,3,0,0,0,0,0
-59.970463,84,174.846733,3,0.0,0,0,0,102.18880000000001,0.0,1,0,3,0,0,0
49.46841,288,175.466504,2,0.0,7,3,1,123.36800000000001,264.0,3,0,0,0,0,1
-46.156805,104,175.714493,3,0.0,0,0,0,114.59840000000003,0.0,1,0,0,0,0,0
-61.981292,98,175.935627,3,0.0,0,0,0,102.18880000000001,0.0,1,0,0,0,0,0
-60.240524,264,176.621177,3,0.0,0,0,0,102.18880000000001,0.0,1,0,0,0,0,0
-58.442643,192,177.127513,3,0.0,0,0,0,102.18880000000001,0.0,1,0,2,0,0,0
-54.060761,88,177.343521,3,0.0,1,0,0,102.18880000000001,7.0,1,0,2,0,0,0
-60.205089,231,177.950924,3,0.0,0,0,0,102.18880000000001,0.0,1,0,2,0,0,0
-83.412845,192,178.452782,3,0.0,0,0,0,113.6576,0.0,1,0,3,0,0,0
98.489088,423,179.417654,3,0.0,12,5,2,120.87040000000002,310.0,3,0,2,2,0,1
-61.59204,232,180.002089,3,0.0,0,0,0,102.18880000000001,0.0,1,0,2,0,0,0
-75.126264,246,180.623378,3,0.0,0,0,0,107.92320000000001,0.0,1,0,2,0,0,0
-60.334832,84,180.834104,3,0.0,0,0,0,102.18880000000001,0.0,1,0,3,0,0,0
-60.815884,142,181.188469,3,0.0,1,0,0,102.18880000000001,7.0,1,0,2,0,0,0
52.767527,237,181.708467,2,0.0,4,4,1,114.24000000000001,192.0,3,0,0,0,0,0
-55.834442,285,182.484406,3,0.0,0,0,0,102.18880000000001,0.0,1,0,2,0,0,0
-56.391674,168,182.912377,3,0.0,0,0,0,102.18880000000001,0.0,1,0,0,0,0,0
-63.156547,408,184.009027,3,0.0,0,0,0,107.92320000000001,0.0,1,0,2,0,0,0
-61.24543,192,184.520934,3,0.0,0,0,0,120.33280000000002,0.0,1,0,2,0,0,0
-70.977501,354,185.498659,3,0.0,0,0,0,107.92320000000001,0.0,1,0,2,0,0,0
-57.363505,239,186.08835,3,0.0,0,0,0,102.18880000000001,0.0,1,0,2,0,0,0
-63.66249,215,186.628364,3,0.0,0,0,0,102.18880000000001,0.0,1,0,0,0,0,0
35.84517,233,187.193258,2,0.0,2,3,1,108.808,144.0,2,1,0,0,0,2
-47.728766,103,187.458015,3,0.0,0,0,0,114.59840000000003,0.0,1,0,0,0,0,0
-45.665127,215,188.018918,3,0.0,0,0,0,114.59840000000003,0.0,1,0,0,0,0,0
-42.268611,94,188.255174,3,0.0,0,0,0,114.59840000000003,0.0,1,0,0,0,0,0
-65.728257,84,188.4619,3,0.0,0,0,0,120.33280000000002,0.0,1,0,2,0,0,0
91.7665,494,189.711879,3,0.0,5,5,2,116.18880000000001,261.0,3,0,2,0,0,0
48.702394,235,190.250225,2,0.0,3,4,1,157.92000000000002,185.0,2,0,0,0,0,0
-61.742969,281,190.997846,3,0.0,0,0,0,102.18880000000001,0.0,1,0,2,0,0,0
37.459094,220,191.489208,2,0.0,1,3,1,100.24000000000001,137.0,2,0,0,0,0,0
-70.209481,138,191.832475,3,0.0,0,0,0,107.92320000000001,0.0,1,0,2,0,0,0
-79.946997,246,192.484741,3,0.0,0,0,0,113.65760000000002,0.0,1,0,2,0,0,0
-61.048125,192,192.997665,3,0.0,0,0,0,102.18880000000001,0.0,1,0,2,0,0,0
-58.557664,257,193.681344,3,0.0,0,0,0,102.18880000000001,0.0,1,0,0,0,0,0
-51.845045,138,194.020928,3,0.0,0,0,0,102.18880000000001,0.0,1,0,2,0,0,0
104.334723,442,195.073113,3,0.0,9,5,2,122.8056,289.0,3,1,2,0,0,1
-62.66109,186,195.534478,3,0.0,0,0,0,102.18880000000001,0.0,1,0,2,0,0,0
-68.579716,267,196.218827,3,0.0,0,0,0,107.92320000000001,0.0,1,0,0,0,0,0
-64.671133,186,196.686921,3,0.0,0,0,0,102.18880000000001,0.0,1,0,2,0,0,0
-75.52051,570,198.201189,3,0.0,0,0,0,113.6576,0.0,1,0,2,0,0,0
-72.151369,192,198.693165,3,0.0,0,0,0,107.92320000000001,0.0,1,0,2,0,0,0
-59.472982,124,199.014728,3,0.0,0,0,0,102.18880000000001,0.0,1,0,2,0,0,0
-64.092685,84,199.225494,3,0.0,0,0,0,102.18880000000001,0.0,1,0,2,0,0,0
-36.585392,89,199.45113,3,0.0,0,0,0,108.86400000000002,0.0,1,0,0,0,0,0
-68.376933,354,207.332584,3,0.0,0,0,0,107.92320000000001,0.0,1,0,2,0,0,0
-99.617788,354,208.543499,3,0.0,0,0,0,119.39200000000001,0.0,1,0,3,0,0,0
-67.127587,115,208.854659,3,0.0,0,0,0,102.18880000000001,0.0,1,0,0,0,0,0
-41.210055,79,209.058138,3,0.0,0,0,0,108.86400000000002,0.0,1,0,2,0,0,0
30.630805,239,209.637928,2,0.0,3,3,1,171.36,151.0,2,0,0,0,0,0
-57.755569,192,210.171376,3,0.0,0,0,0,102.18880000000001,0.0,1,0,3,0,0,0
-59.417769,93,210.426441,3,0.0,1,0,0,102.18880000000001,7.0,1,0,0,0,0,0
-24.382551,99,210.649584,1,0.0,0,1,0,112.0,34.0,1,0,0,0,0,0
-54.453408,246,211.331049,3,0.0,0,0,0,102.18880000000001,0.0,1,0,2,0,0,0
-71.098457,260,212.162973,3,0.0,0,0,0,107.92320000000001,0.0,1,0,0,0,0,0
-21.729746,112,212.446634,1,0.0,2,1,0,112.0,48.0,1,0,0,0,0,0
117.186063,518,213.7693,3,0.0,13,5,2,108.976,317.0,3,0,2,0,2,1
104.040646,478,215.191657,3,0.0,8,5,2,163.34080000000003,282.0,3,0,3,2,3,0
-70.865389,138,215.578442,3,0.0,0,0,0,107.92320000000001,0.0,1,0,2,0,0,0
-49.680628,115,215.921433,3,0.0,0,0,0,114.59840000000003,0.0,1,0,0,0,0,0
-77.677355,275,216.734458,3,0.0,0,0,0,107.92320000000002,0.0,1,0,0,0,0,0
105.820396,471,217.988624,3,0.0,13,5,2,117.7792,317.0,3,1,0,0,0,1
100.855564,394,219.321674,3,0.0,7,5,2,161.84000000000003,275.0,3,0,3,0,0,0
44.050432,310,220.168667,2,0.0,2,4,1,165.368,178.0,2,1,0,0,0,0
-51.949553,76,220.367243,3,0.0,0,0,0,114.59840000000003,0.0,1,0,2,0,0,0
-62.599562,192,220.891458,3,0.0,0,0,0,120.33280000000002,0.0,1,0,2,0,0,0
-68.820351,250,221.629141,3,0.0,0,0,0,107.92320000000002,0.0,1,0,2,0,0,0
-65.518226,84,221.895373,3,0.0,0,0,0,120.33280000000002,0.0,1,0,2,0,0,0
127.267354,737,224.096888,3,0.0,17,5,2,104.8768,345.0,3,1,2,0,0,1
-64.93336,177,224.5757,3,0.0,0,0,0,102.18880000000001,0.0,1,0,3,0,0,0
-52.959815,230,225.190777,3,0.0,0,0,0,102.18880000000001,0.0,1,0,3,0,0,0
-44.22883,219,225.772532,3,0.0,0,0,0,114.59840000000001,0.0,1,0,0,0,0,0
-50.516752,72,225.962344,3,0.0,0,0,0,114.59840000000003,0.0,1,0,2,0,0,0
-46.832266,107,226.251166,3,0.0,0,0,0,114.59840000000003,0.0,1,0,0,0,0,0
-42.84286,192,226.79144,3,0.0,0,0,0,114.5984,0.0,1,0,2,0,0,0
-54.677093,185,227.293861,3,0.0,0,0,0,102.18880000000001,0.0,1,0,2,0,0,0
-43.179414,276,228.03289,3,0.0,0,0,0,114.59840000000003,0.0,1,0,0,0,0,0
38.643793,228,228.580351,2,0.0,3,3,1,101.92,151.0,2,0,0,0,0,1
-62.397832,152,228.966947,3,0.0,0,0,0,102.18880000000001,0.0,1,0,0,0,0,0
27.603377,169,229.339388,2,0.0,1,2,1,100.80000000000001,103.0,2,0,0,0,0,0
-71.808191,300,230.178702,3,0.0,0,0,0,107.92320000000001,0.0,1,0,2,0,0,0
-51.623954,77,230.372372,3,0.0,0,0,0,114.59840000000003,0.0,1,0,3,0,0,0
52.630007,237,230.893016,2,0.0,5,4,1,130.48000000000002,199.0,3,0,0,0,0,1
-67.970982,185,231.386475,3,0.0,0,0,0,102.18880000000001,0.0,1,0,2,0,0,0
-65.662153,84,231.602406,3,0.0,0,0,0,120.33280000000002,0.0,1,0,2,0,0,0
-72.584854,246,232.237386,3,0.0,1,0,0,107.92320000000001,7.0,1,0,2,0,0,0
-59.993925,167,232.665479,3,0.0,0,0,0,102.18880000000001,0.0,1,0,0,0,0,0
-63.165287,268,233.379915,3,0.0,0,0,0,102.18880000000001,0.0,1,0,0,0,0,0
43.371874,254,233.951951,2,0.0,7,3,1,100.24000000000001,179.0,2,0,0,0,0,2
125.92938,447,235.02161,3,0.0,12,5,2,101.696,310.0,3,1,0,0,0,1
-53.885559,84,235.239021,3,0.0,0,0,0,102.18880000000001,0.0,1,0,2,0,0,0
-60.339246,101,235.496683,3,0.0,0,0,0,102.18880000000001,0.0,1,0,0,0,0,0
22.370006,170,235.880861,2,0.0,1,2,1,116.816,103.0,2,1,0,0,0,1
-47.509958,240,236.500426,3,0.0,0,0,0,114.59840000000001,0.0,1,0,2,0,0,0
-60.110206,153,236.887009,3,0.0,1,0,0,102.18880000000001,7.0,1,0,0,0,0,0
-55.256873,240,237.527378,3,0.0,1,0,0,102.18880000000001,7.0,1,0,2,0,0,0
-37.604457,246,238.208183,3,0.0,0,0,0,114.59840000000001,0.0,1,0,3,0,0,0
-44.126754,273,238.919286,3,0.0,0,0,0,114.5984,0.0,1,0,0,0,0,0
-60.256591,192,239.385669,3,0.0,0,0,0,120.33280000000002,0.0,1,0,2,0,0,0
-32.821145,118,239.679969,3,0.0,0,0,0,108.86400000000002,0.0,1,0,2,0,0,0
-62.746456,172,240.139207,3,0.0,0,0,0,102.18880000000001,0.0,1,0,2,0,0,0
-53.66669,138,240.51871,3,0.0,1,0,0,120.33280000000002,7.0,1,0,2,0,0,0
-82.910117,300,241.342584,3,0.0,0,0,0,113.65760000000002,0.0,1,0,3,0,0,0
25.532693,227,241.838902,2,0.0,3,2,1,114.24000000000001,117.0,2,0,0,0,0,0
-45.301766,104,242.102926,3,0.0,0,0,0,114.59840000000003,0.0,1,0,0,0,0,0
78.418569,315,242.828201,3,0.0,4,5,2,104.8768,254.0,3,0,2,0,0,0
27.481282,214,243.332729,2,0.0,2,3,1,200.48000000000002,144.0,2,0,0,0,0,0
-81.002822,462,244.598303,3,0.0,0,0,0,113.6576,0.0,1,0,2,0,0,0
-66.373335,354,245.553442,3,0.0,0,0,0,107.92320000000001,0.0,1,0,2,0,0,0
-60.59718,138,245.908812,3,0.0,0,0,0,120.33280000000002,0.0,1,0,2,0,0,0
-52.977066,192,246.417249,3,0.0,0,0,0,102.1888,0.0,1,0,2,0,0,0
-61.893549,88,246.634141,3,0.0,1,0,0,102.18880000000001,7.0,1,0,2,0,0,0
-51.838703,246,247.301303,3,0.0,0,0,0,102.1888,0.0,1,0,2,0,0,0
51.722798,177,247.701687,2,0.0,2,4,1,100.24000000000001,178.0,2,1,0,0,0,0
-64.970169,354,248.67306,3,0.0,0,0,0,107.92320000000001,0.0,1,0,3,0,0,0
103.501731,563,249.972677,3,0.0,18,5,2,126.60480000000001,352.0,3,0,3,1,2,1
18.29153,188,250.376284,2,0.0,1,2,1,114.24000000000001,103.0,2,0,0,0,0,0
-64.33865,462,251.668897,3,0.0,0,0,0,107.92320000000001,0.0,1,0,2,0,0,0
-61.276817,84,251.878369,3,0.0,0,0,0,102.18880000000001,0.0,1,0,3,0,0,0
50.46421,205,252.313057,2,0.0,2,4,1,114.24000000000001,178.0,2,0,0,0,0,0
-92.330736,300,253.088165,3,0.0,0,0,0,113.65760000000002,0.0,1,0,2,0,0,0
-62.08975,354,254.024855,3,0.0,0,0,0,107.92320000000001,0.0,1,0,2,0,0,0
-64.497672,260,254.710717,3,0.0,0,0,0,120.33280000000002,0.0,1,0,0,0,0,0
91.156546,451,255.863261,3,0.0,8,5,2,114.7552,282.0,3,1,2,0,2,2
52.963438,521,257.192645,3,0.0,2,5,2,222.4432,240.0,3,0,2,0,0,0
-61.968329,138,257.55253,3,0.0,0,0,0,102.18880000000001,0.0,1,0,2,0,0,0
48.290328,259,258.142254,2,0.0,0,4,1,113.68,164.0,2,0,0,0,0,0
-74.833967,354,259.088396,3,0.0,0,0,0,113.65760000000002,0.0,1,0,2,0,0,0
127.816869,398,259.996555,3,0.0,14,5,2,117.3872,324.0,3,1,0,0,0,1
-61.071246,84,260.199275,3,0.0,0,0,0,120.33280000000002,0.0,1,0,2,0,0,0
-76.194587,231,260.812478,3,0.0,0,0,0,107.92320000000001,0.0,1,0,2,0,0,0
35.002063,519,262.036545,3,0.0,4,5,2,202.9216,254.0,3,0,0,0,0,0
-68.727858,198,262.548559,3,0.0,1,0,0,107.92320000000001,7.0,1,0,0,0,0,0
-58.801664,138,262.899181,3,0.0,0,0,0,102.18880000000001,0.0,1,0,2,0,0,0
86.023579,443,264.030334,3,0.0,6,5,2,116.6468,268.0,3,0,2,2,4,0
50.903229,211,264.511702,2,0.0,1,4,1,101.92,171.0,2,0,0,0,0,0
46.062661,256,265.089071,2,0.0,5,4,1,171.36,199.0,3,0,0,0,0,1
-57.831061,84,265.296862,3,0.0,0,0,0,102.18880000000001,0.0,1,0,3,0,0,0
-59.023074,295,266.061318,3,0.0,0,0,0,102.18880000000001,0.0,1,0,2,0,0,0
-64.882974,354,267.012718,3,0.0,0,0,0,107.92320000000001,0.0,1,0,2,0,0,0
17.357581,216,267.481316,2,0.0,1,2,1,143.36,103.0,2,0,0,0,0,0
-40.762044,239,268.08955,3,0.0,0,0,0,114.59840000000003,0.0,1,0,2,0,0,0
-83.004487,246,268.714169,3,0.0,0,0,0,113.6576,0.0,1,0,2,0,0,0
-53.037609,192,269.204232,3,0.0,0,0,0,120.3328,0.0,1,0,2,0,0,0
-79.213686,175,269.641949,3,0.0,0,0,0,107.92320000000002,0.0,1,0,3,0,0,0
-87.733881,304,270.429883,3,0.0,0,0,0,113.65760000000002,0.0,1,0,2,0,0,0
-73.462747,354,271.351323,3,0.0,0,0,0,113.6576,0.0,1,0,3,0,0,0
-29.460369,96,271.59443,3,0.0,0,0,0,108.86400000000002,0.0,1,0,0,0,0,0
54.52038,208,272.055267,2,0.0,3,4,1,100.24000000000001,185.0,2,0,0,0,0,1
-84.203955,192,272.567585,3,0.0,0,0,0,113.6576,0.0,1,0,2,0,0,0
-60.865952,138,277.51413,3,0.0,0,0,0,102.18880000000001,0.0,1,0,2,0,0,0
-70.673736,307,278.321817,3,0.0,0,0,0,107.92320000000001,0.0,1,0,0,0,0,0
-58.274269,108,278.588309,3,0.0,0,0,0,102.18880000000001,0.0,1,0,0,0,0,0
-46.260709,285,279.330347,3,0.0,0,0,0,114.59840000000003,0.0,1,0,2,0,0,0
44.3844,320,280.053132,2,0.0,2,4,1,157.92000000000002,178.0,2,0,0,0,0,0
105.072525,387,280.919543,3,0.0,7,5,2,111.50720000000003,275.0,3,0,2,2,1,1
-91.92572,300,281.709882,3,0.0,0,0,0,119.39200000000001,0.0,1,0,2,0,0,0
-41.987809,248,282.34831,3,0.0,1,0,0,114.59840000000001,7.0,1,0,2,0,0,0
-56.974825,162,282.74798,3,0.0,1,0,0,102.18880000000001,7.0,1,0,0,0,0,0
-63.197043,84,282.96608,3,0.0,0,0,0,102.18880000000001,0.0,1,0,2,0,0,0
-51.871808,77,283.167374,3,0.0,0,0,0,114.59840000000003,0.0,1,0,2,0,0,0
-63.73028,116,283.455438,3,0.0,0,0,0,102.18880000000001,0.0,1,0,0,0,0,0
-55.514137,187,283.940114,3,0.0,1,0,0,102.18880000000001,7.0,1,0,2,0,0,0
-42.879082,156,284.345306,3,0.0,0,0,0,114.59840000000003,0.0,1,0,0,0,0,0
41.327138,234,284.888675,2,0.0,4,3,1,108.248,158.0,2,1,0,0,0,2
-62.043361,165,285.294812,3,0.0,0,0,0,102.18880000000001,0.0,1,0,0,0,0,0
89.554413,324,286.015248,3,0.0,7,5,2,104.76032000000001,275.0,3,0,2,0,0,1
59.969706,464,287.122555,3,0.0,9,5,2,214.4352,289.0,3,0,2,0,0,1
-62.560866,462,288.366205,3,0.0,0,0,0,107.92320000000001,0.0,1,0,2,0,0,0
-53.302789,216,288.937852,3,0.0,0,0,0,102.18880000000001,0.0,1,0,0,0,0,0
63.609296,449,290.038034,3,0.0,5,5,2,171.40480000000002,261.0,3,0,3,0,0,0
-52.458267,110,290.324341,3,0.0,0,0,0,102.18880000000001,0.0,1,0,0,0,0,0
-62.232385,354,291.326247,3,0.0,1,0,0,107.92320000000001,7.0,1,0,2,0,0,0
-47.457922,292,292.130824,3,0.0,0,0,0,114.59840000000003,0.0,1,0,2,0,0,0
82.416528,546,293.516873,3,0.0,4,5,2,167.2384,254.0,3,0,2,0,0,0
-60.346623,231,294.117316,3,0.0,0,0,0,102.18880000000001,0.0,1,0,3,0,0,0
53.539838,252,294.666006,2,0.0,3,4,1,101.92,185.0,2,0,0,0,0,0
-64.241438,128,294.978076,3,0.0,1,0,0,102.18880000000001,7.0,1,0,2,0,0,0
-64.515929,165,295.392444,3,0.0,0,0,0,102.18880000000001,0.0,1,0,0,0,0,0
-75.5479,255,296.075043,3,0.0,0,0,0,107.92320000000001,0.0,1,0,0,0,0,0
-43.444251,84,296.304975,3,0.0,0,0,0,114.59840000000001,0.0,1,0,2,0,0,0
-53.052815,138,296.664171,3,0.0,0,0,0,120.33280000000002,0.0,1,0,2,0,0,0
-71.777565,264,297.369475,3,0.0,0,0,0,107.92320000000002,0.0,1,0,0,0,0,0
-31.270652,100,297.618981,3,0.0,0,0,0,108.86400000000002,0.0,1,0,0,0,0,0
-45.43828,154,298.023171,3,0.0,0,0,0,114.59840000000001,0.0,1,0,0,0,0,0
-22.495695,108,298.271704,1,0.0,1,1,0,112.0,41.0,1,0,0,0,0,0
-49.039996,192,298.762677,3,0.0,1,0,0,102.18880000000001,7.0,1,0,2,0,0,0
34.064588,211,299.220371,2,0.0,4,3,1,157.92000000000002,158.0,2,0,0,0,0,0
-44.291667,138,299.570163,3,0.0,0,0,0,114.59840000000001,0.0,1,0,3,0,0,0
-71.518321,246,300.200813,3,0.0,0,0,0,107.92320000000001,0.0,1,0,2,0,0,0
-39.920512,300,300.97679,3,0.0,0,0,0,114.59840000000001,0.0,1,0,2,0,0,0
-64.660054,294,301.717591,3,0.0,0,0,0,102.18880000000001,0.0,1,0,2,0,0,0
-60.337076,144,302.081685,3,0.0,0,0,0,102.18880000000001,0.0,1,0,0,0,0,0
-94.953756,408,303.17731,3,0.0,0,0,0,119.39200000000001,0.0,1,0,2,0,0,0
-42.449209,84,303.383834,3,0.0,0,0,0,114.59840000000001,0.0,1,0,2,0,0,0
41.540333,148,303.699868,2,0.0,2,3,1,107.45280000000001,144.0,2,1,0,0,0,0
89.43767,386,304.57349,3,0.0,11,5,2,173.86880000000002,303.0,3,0,2,0,0,2
-74.820353,246,305.219319,3,0.0,0,0,0,107.92320000000001,0.0,1,0,2,0,0,0
-41.039577,174,305.656398,3,0.0,0,0,0,114.59840000000003,0.0,1,0,2,0,0,0
-44.115871,304,306.481028,3,0.0,0,0,0,114.59840000000003,0.0,1,0,2,0,0,0
-72.535146,300,307.28348,3,0.0,0,0,0,107.92320000000001,0.0,1,0,2,0,0,0
21.445553,149,307.607774,2,0.0,1,2,1,118.27199999999999,103.0,2,1,0,0,0,1
-48.30994,233,308.219132,3,0.0,1,0,0,102.18880000000001,7.0,1,0,2,0,0,0
-73.226738,192,308.770814,3,0.0,0,0,0,107.92320000000001,0.0,1,0,2,0,0,0
-66.864352,339,309.705201,3,0.0,0,0,0,107.92320000000002,0.0,1,0,3,0,0,0
38.666712,176,310.114776,2,0.0,2,3,1,109.36800000000001,144.0,2,1,0,0,0,1
-35.80786,252,310.786227,3,0.0,1,0,0,114.59840000000001,7.0,1,0,0,0,0,0
-51.167626,242,311.440861,3,0.0,0,0,0,114.59840000000003,0.0,1,0,2,0,0,0
-40.955925,233,312.067054,3,0.0,0,0,0,114.59840000000003,0.0,1,0,2,0,0,0
-59.799362,234,312.666047,3,0.0,1,0,0,102.18880000000001,7.0,1,0,2,0,0,0
-58.720965,270,313.350169,3,0.0,0,0,0,102.18880000000001,0.0,1,0,0,0,0,0
-65.466396,192,313.830147,3,0.0,0,0,0,120.33280000000002,0.0,1,0,2,0,0,0
-62.17492,138,314.171053,3,0.0,1,0,0,102.18880000000001,7.0,1,0,2,0,0,0
-77.390285,154,314.564237,3,0.0,0,0,0,107.92320000000001,0.0,1,0,0,0,0,0
51.355957,215,315.018362,2,0.0,1,4,1,115.92000000000002,171.0,2,0,0,0,0,0
-73.193561,223,315.570687,3,0.0,0,0,0,107.92320000000002,0.0,1,0,0,0,0,0
-64.361918,183,316.036472,3,0.0,0,0,0,102.18880000000001,0.0,1,0,2,0,0,0
-49.924384,234,316.618511,3,0.0,0,0,0,114.59840000000003,0.0,1,0,3,0,0,0
-51.451611,138,316.961642,3,0.0,0,0,0,102.1888,0.0,1,0,3,0,0,0
-84.940915,300,317.763386,3,0.0,0,0,0,113.6576,0.0,1,0,2,0,0,0
92.530314,481,318.884487,3,0.0,11,5,2,111.9652,303.0,3,1,2,0,0,1
-58.43244,84,319.091386,3,0.0,0,0,0,102.18880000000001,0.0,1,0,2,0,0,0
95.543997,390,320.023299,3,0.0,9,5,2,108.3588,289.0,3,0,0,2,1,2
-43.210603,158,320.434398,3,0.0,0,0,0,114.59840000000003,0.0,1,0,0,0,0,0
-85.685145,246,321.11339,3,0.0,0,0,0,113.6576,0.0,1,0,3,0,0,0
-72.775578,192,321.656556,3,0.0,0,0,0,107.92320000000001,0.0,1,0,2,0,0,0
-47.697242,217,322.241335,3,0.0,0,0,0,114.59840000000003,0.0,1,0,0,0,0,0
-58.938585,297,323.044497,3,0.0,0,0,0,102.18880000000001,0.0,1,0,2,0,0,0
-56.236428,84,323.262412,3,0.0,0,0,0,102.18880000000001,0.0,1,0,3,0,0,0
-52.52493,138,323.626714,3,0.0,1,0,0,102.1888,7.0,1,0,2,0,0,0
-56.312362,138,323.995408,3,0.0,1,0,0,102.1888,7.0,1,0,2,0,0,0
-43.097415,118,324.313809,3,0.0,1,0,0,114.59840000000001,7.0,1,0,2,0,0,0
53.04694,195,324.75355,2,0.0,4,4,1,100.80000000000001,192.0,3,0,0,0,0,1
-58.831587,188,325.263943,3,0.0,0,0,0,102.18880000000001,0.0,1,0,2,0,0,0
-65.196527,175,325.768701,3,0.0,0,0,0,102.18880000000001,0.0,1,0,2,0,0,0
-54.796585,192,326.286732,3,0.0,0,0,0,120.33280000000002,0.0,1,0,3,0,0,0
-62.611749,84,326.516466,3,0.0,1,0,0,120.33280000000002,7.0,1,0,2,0,0,0
-57.892527,84,326.745255,3,0.0,0,0,0,102.18880000000001,0.0,1,0,3,0,0,0
-73.040326,246,327.4682,3,0.0,0,0,0,107.92320000000001,0.0,1,0,2,0,0,0
-75.100155,192,328.077383,3,0.0,0,0,0,107.92320000000001,0.0,1,0,2,0,0,0
34.649087,220,328.636261,2,0.0,5,3,1,157.36,165.0,2,0,0,0,0,0
87.115143,583,330.19273,3,0.0,13,5,2,122.83680000000001,317.0,3,1,2,0,0,1
-54.579408,246,330.908965,3,0.0,0,0,0,120.3328,0.0,1,0,2,0,0,0
-58.177528,84,331.135193,3,0.0,0,0,0,102.18880000000001,0.0,1,0,2,0,0,0
-27.961847,153,331.591413,3,0.0,0,0,0,108.86400000000002,0.0,1,0,0,0,0,0
-55.750595,290,332.551223,3,0.0,0,0,0,102.18880000000001,0.0,1,0,2,0,0,0
-29.569249,281,333.335704,3,0.0,0,0,0,108.86400000000002,0.0,1,0,2,0,0,0
-77.589149,243,333.98909,3,0.0,0,0,0,107.92320000000002,0.0,1,0,2,0,0,0
-76.889731,462,335.33328,3,0.0,0,0,0,113.65760000000002,0.0,1,0,2,0,0,0
-55.324827,137,335.700145,3,0.0,0,0,0,114.59840000000003,0.0,1,0,2,0,0,0
-54.688119,138,336.093993,3,0.0,0,0,0,120.3328,0.0,1,0,2,0,0,0
-72.646516,138,336.505987,3,0.0,1,0,0,107.92320000000001,7.0,1,0,2,0,0,0
-46.992325,111,336.813162,3,0.0,1,0,0,114.59840000000003,7.0,1,0,0,0,0,0
-69.480607,246,337.620048,3,0.0,0,0,0,107.92320000000001,0.0,1,0,2,0,0,0
-56.106478,192,338.141584,3,0.0,0,0,0,120.3328,0.0,1,0,2,0,0,0
81.524301,481,339.340301,3,0.0,3,5,2,108.4608,247.0,3,0,0,0,0,0
-84.102633,203,339.93293,3,0.0,0,0,0,113.65760000000002,0.0,1,0,0,0,0,0
-47.965395,294,340.808149,3,0.0,0,0,0,114.59840000000003,0.0,1,0,2,0,0,0
130.23572,485,342.022652,3,0.0,11,5,2,100.158,303.0,3,0,2,0,1,1
-53.684904,81,342.229034,3,0.0,0,0,0,114.59840000000003,0.0,1,0,2,0,0,0
-64.339455,90,348.059736,3,0.0,0,0,0,102.18880000000001,0.0,1,0,0,0,0,0
-67.065895,256,348.72565,3,0.0,0,0,0,102.18880000000001,0.0,1,0,0,0,0,0
-66.927479,354,349.694481,3,0.0,0,0,0,107.92320000000001,0.0,1,0,2,0,0,0
-71.866809,408,350.87511,3,0.0,0,0,0,107.92320000000001,0.0,1,0,2,0,0,0
58.875179,214,351.380153,2,0.0,6,4,1,101.92,206.0,3,0,0,0,0,1
-62.051491,192,351.900455,3,0.0,0,0,0,102.18880000000001,0.0,1,0,2,0,0,0
-67.032109,84,352.113854,3,0.0,0,0,0,120.33280000000002,0.0,1,0,2,0,0,0
58.423768,254,352.682747,2,0.0,7,4,1,113.68,213.0,3,0,0,0,0,1
-40.128518,138,353.032004,3,0.0,1,0,0,114.59840000000001,7.0,1,0,3,0,0,0
-34.315698,223,353.644294,3,0.0,0,0,0,108.86400000000002,0.0,1,0,0,0,0,0
-37.756723,266,354.403143,3,0.0,0,0,0,114.59840000000003,0.0,1,0,0,0,0,0
54.744496,237,354.951953,2,0.0,2,4,1,101.36000000000001,178.0,2,0,0,0,0,0
-47.542789,104,355.225724,3,0.0,0,0,0,114.59840000000003,0.0,1,0,0,0,0,0
-54.545187,192,355.740447,3,0.0,0,0,0,120.3328,0.0,1,0,2,0,0,0
-69.956289,138,356.098901,3,0.0,0,0,0,107.92320000000001,0.0,1,0,2,0,0,0
-68.094778,246,356.748051,3,0.0,0,0,0,107.92320000000001,0.0,1,0,2,0,0,0
-88.764675,246,357.398194,3,0.0,0,0,0,113.6576,0.0,1,0,2,0,0,0
-91.617429,210,357.938265,3,0.0,0,0,0,113.65760000000002,0.0,1,0,0,0,0,0
-63.302007,84,358.145237,3,0.0,0,0,0,120.33280000000002,0.0,1,0,2,0,0,0
-59.188921,138,358.490359,3,0.0,0,0,0,102.18880000000001,0.0,1,0,2,0,0,0
-56.850179,84,358.693218,3,0.0,0,0,0,102.18880000000001,0.0,1,0,2,0,0,0
-63.229506,99,358.932193,3,0.0,1,0,0,102.18880000000001,7.0,1,0,0,0,0,0
-84.996783,246,359.660452,3,0.0,0,0,0,113.65760000000002,0.0,1,0,2,0,0,0
-55.147829,192,360.232911,3,0.0,0,0,0,120.33280000000002,0.0,1,0,2,0,0,0
85.631412,548,361.524933,3,0.0,15,5,2,118.3392,331.0,3,0,2,0,0,1
102.816111,279,362.160686,3,0.0,2,5,2,109.648,240.0,3,0,0,0,0,0
-79.625053,184,362.640955,3,0.0,0,0,0,107.92320000000001,0.0,1,0,2,0,0,0
-62.282937,179,363.100127,3,0.0,0,0,0,102.18880000000001,0.0,1,0,2,0,0,0
-51.067189,91,363.33329,3,0.0,0,0,0,114.59840000000001,0.0,1,0,0,0,0,0
62.358009,385,364.275595,3,0.0,3,5,2,109.5136,247.0,3,0,2,0,0,0
50.925164,170,364.645221,2,0.0,0,4,1,115.92000000000002,164.0,2,0,0,0,0,0
-39.648021,78,364.853099,3,0.0,0,0,0,108.86400000000002,0.0,1,0,2,0,0,0
-62.03232,231,365.471705,3,0.0,1,0,0,102.18880000000001,7.0,1,0,2,0,0,0
-76.575009,159,365.863762,3,0.0,0,0,0,107.92320000000002,0.0,1,0,0,0,0,0
-55.63286,192,366.381326,3,0.0,0,0,0,120.33280000000002,0.0,1,0,2,0,0,0
-57.174389,192,366.900008,3,0.0,0,0,0,102.18880000000001,0.0,1,0,2,0,0,0
-73.987496,175,367.355187,3,0.0,0,0,0,107.92320000000002,0.0,1,0,3,0,0,0
-62.636083,84,367.564423,3,0.0,0,0,0,102.18880000000001,0.0,1,0,2,0,0,0
-64.891986,93,367.800138,3,0.0,1,0,0,102.18880000000001,7.0,1,0,0,0,0,0
40.670107,231,368.33196,2,0.0,3,3,1,101.92,151.0,2,1,0,0,0,0
-76.443352,138,368.692421,3,0.0,0,0,0,107.92320000000001,0.0,1,0,2,0,0,0
19.677589,230,369.254086,2,0.0,2,2,1,114.80000000000001,110.0,2,1,0,0,0,0
-59.017962,155,369.664636,3,0.0,0,0,0,102.18880000000001,0.0,1,0,0,0,0,0
-51.78934,192,370.187296,3,0.0,0,0,0,102.1888,0.0,1,0,3,0,0,0
-48.225012,238,370.902424,3,0.0,0,0,0,114.59840000000001,0.0,1,0,2,0,0,0
55.77063,245,371.457289,2,0.0,4,4,1,115.36000000000001,192.0,3,0,0,0,0,2
19.353698,207,371.965735,2,0.0,0,2,1,100.24000000000001,96.0,2,0,0,0,0,0
-74.883976,138,372.389257,3,0.0,0,0,0,107.92320000000001,0.0,1,0,2,0,0,0
-57.504006,138,372.7713,3,0.0,0,0,0,102.18880000000001,0.0,1,0,2,0,0,0
-50.478349,246,373.463773,3,0.0,1,0,0,102.1888,7.0,1,0,2,0,0,0
-55.66252,138,373.840796,3,0.0,0,0,0,120.33280000000002,0.0,1,0,2,0,0,0
90.57031,481,375.042949,3,0.0,6,5,2,115.69600000000003,268.0,3,0,2,0,0,0
-65.466126,90,375.268674,3,0.0,0,0,0,102.18880000000001,0.0,1,0,0,0,0,0
47.914072,215,375.796369,2,0.0,0,4,1,114.80000000000001,164.0,2,0,0,0,0,0
-57.587755,98,376.064349,3,0.0,1,0,0,102.18880000000001,7.0,1,0,0,0,0,0
-59.073209,138,376.450905,3,0.0,0,0,0,102.1888,0.0,1,0,2,0,0,0
-68.786105,291,377.291757,3,0.0,0,0,0,107.92320000000002,0.0,1,0,2,0,0,0
-79.989326,354,378.302219,3,0.0,0,0,0,113.65760000000002,0.0,1,0,2,0,0,0
32.087869,340,379.1344,2,0.0,1,3,1,113.12,137.0,2,0,0,0,0,0
-39.461172,192,379.643042,3,0.0,1,0,0,114.59840000000001,7.0,1,0,2,0,0,0
-52.601633,138,380.014461,3,0.0,0,0,0,120.3328,0.0,1,0,3,0,0,0
-73.698958,157,380.43613,3,0.0,0,0,0,107.92320000000001,0.0,1,0,0,0,0,0
-59.245653,198,380.96352,3,0.0,0,0,0,102.18880000000001,0.0,1,0,0,0,0,0
-48.677168,86,381.188552,3,0.0,0,0,0,114.59840000000001,0.0,1,0,2,0,0,0
-61.421411,138,381.563077,3,0.0,0,0,0,120.33280000000002,0.0,1,0,2,0,0,0
-49.280728,128,381.905282,3,0.0,0,0,0,114.59840000000003,0.0,1,0,2,0,0,0
-60.133141,267,382.646422,3,0.0,0,0,0,102.18880000000001,0.0,1,0,0,0,0,0
-56.766816,84,382.869263,3,0.0,0,0,0,120.33280000000002,0.0,1,0,2,0,0,0
39.265341,269,383.585691,2,0.0,6,3,1,101.36000000000001,172.0,2,0,0,0,0,0
83.102137,530,384.934731,3,0.0,14,5,2,102.72868000000001,324.0,3,1,2,2,2,1
95.471245,696,386.695817,3,0.0,21,5,2,164.4832,373.0,3,0,2,0,0,1
-60.354904,84,386.912771,3,0.0,0,0,0,120.33280000000002,0.0,1,0,3,0,0,0
-53.318531,192,387.414494,3,0.0,1,0,0,102.18880000000001,7.0,1,0,2,0,0,0
110.043249,546,388.792099,3,0.0,10,5,2,118.77152000000001,381.0,3,0,2,0,0,1
33.68351,186,389.224054,2,0.0,1,3,1,114.24000000000001,137.0,2,1,0,0,0,0
-47.110982,161,389.635914,3,0.0,0,0,0,114.59840000000003,0.0,1,0,0,0,0,0
-50.25057,354,390.617874,3,0.0,1,0,0,102.18880000000001,7.0,1,0,2,0,0,0
-74.158792,138,391.003502,3,0.0,0,0,0,107.92320000000001,0.0,1,0,2,0,0,0
-62.024297,102,391.280529,3,0.0,1,0,0,102.18880000000001,7.0,1,0,0,0,0,0
-27.67364,268,392.021688,3,0.0,0,0,0,108.86400000000002,0.0,1,0,0,0,0,0
80.023269,344,392.880868,3,0.0,8,5,2,170.83360000000002,282.0,3,1,2,2,4,2
-48.589016,63,393.030484,3,0.0,0,0,0,114.59840000000003,0.0,1,0,2,0,0,0
-74.524667,284,393.803552,3,0.0,0,0,0,107.92320000000002,0.0,1,0,2,0,0,0
-61.600499,185,394.331786,3,0.0,0,0,0,102.18880000000001,0.0,1,0,2,0,0,0
-57.183211,196,394.844409,3,0.0,0,0,0,102.18880000000001,0.0,1,0,2,0,0,0
-22.729502,125,395.147863,1,0.0,1,1,0,112.0,41.0,1,0,0,0,0,0
94.244188,421,396.234582,3,0.0,5,5,2,108.4608,261.0,3,0,0,2,4,0
-48.347872,99,396.491182,3,0.0,0,0,0,114.59840000000001,0.0,1,0,0,0,0,0
-57.141958,200,397.042965,3,0.0,0,0,0,102.18880000000001,0.0,1,0,0,0,0,0
56.695242,243,397.612535,2,0.0,7,4,1,101.36000000000001,213.0,3,0,0,0,0,1
-64.108552,193,398.154048,3,0.0,0,0,0,102.18880000000001,0.0,1,0,2,0,0,0
24.588963,194,398.625387,2,0.0,2,2,1,102.816,110.0,2,1,0,0,0,1
-65.566392,189,399.149019,3,0.0,0,0,0,102.18880000000001,0.0,1,0,2,0,0,0
-59.002005,84,399.374553,3,0.0,0,0,0,102.18880000000001,0.0,1,0,2,0,0,0
-63.98885,408,400.513032,3,0.0,1,0,0,107.92320000000001,7.0,1,0,3,0,0,0
-50.471454,106,400.784434,3,0.0,0,0,0,114.59840000000003,0.0,1,0,0,0,0,0
-51.477148,130,401.118663,3,0.0,0,0,0,114.59840000000003,0.0,1,0,3,0,0,0
-62.519732,295,401.932372,3,0.0,0,0,0,102.18880000000001,0.0,1,0,2,0,0,0
-62.748781,300,402.765944,3,0.0,0,0,0,107.92320000000001,0.0,1,0,3,0,0,0
-22.907582,109,403.022349,1,0.0,3,1,0,126.0,55.0,2,0,0,0,0,0
-71.286428,138,403.382047,3,0.0,1,0,0,107.92320000000001,7.0,1,0,2,0,0,0
-29.783491,225,403.979016,3,0.0,1,0,0,108.86400000000002,7.0,1,0,2,0,0,0
-61.488939,138,404.350585,3,0.0,0,0,0,120.3328,0.0,1,0,2,0,0,0
87.409921,405,405.347752,3,0.0,5,5,2,167.57440000000003,261.0,3,0,0,0,0,0
-55.212907,360,406.338791,3,0.0,0,0,0,102.18880000000001,0.0,1,0,0,0,0,0
-76.205649,192,406.828876,3,0.0,0,0,0,107.92320000000001,0.0,1,0,3,0,0,0
-36.528321,79,407.025778,3,0.0,0,0,0,108.86400000000002,0.0,1,0,2,0,0,0
60.715476,306,407.705339,2,0.0,13,4,1,129.92000000000002,255.0,3,0,0,0,0,1
-74.848223,246,408.323103,3,0.0,0,0,0,107.92320000000001,0.0,1,0,2,0,0,0
-71.255725,282,409.052948,3,0.0,0,0,0,107.92320000000002,0.0,1,0,2,0,0,0
-64.599166,130,409.378935,3,0.0,0,0,0,102.18880000000001,0.0,1,0,2,0,0,0
-53.464543,189,409.869351,3,0.0,0,0,0,114.59840000000003,0.0,1,0,2,0,0,0
-34.861964,68,410.060364,3,0.0,0,0,0,108.86400000000002,0.0,1,0,2,0,0,0
-71.144066,300,410.98681,3,0.0,0,0,0,107.92320000000001,0.0,1,0,2,0,0,0
-79.460559,462,412.391838,3,0.0,1,0,0,113.6576,7.0,1,0,2,0,0,0
-58.19092,239,413.094633,3,0.0,0,0,0,102.18880000000001,0.0,1,0,2,0,0,0
-80.198224,232,420.787495,3,0.0,0,0,0,107.92320000000002,0.0,1,0,2,0,0,0
-85.39535,233,421.433738,3,0.0,0,0,0,113.65760000000002,0.0,1,0,3,0,0,0
-55.78146,246,422.13895,3,0.0,0,0,0,102.1888,0.0,1,0,2,0,0,0
-56.253938,192,422.661838,3,0.0,0,0,0,120.33280000000002,0.0,1,0,2,0,0,0
-47.758906,354,423.654725,3,0.0,0,0,0,102.1888,0.0,1,0,2,0,0,0
-44.61596,165,424.097644,3,0.0,0,0,0,114.59840000000003,0.0,1,0,0,0,0,0
-49.271792,192,424.61498,3,0.0,1,0,0,102.18880000000001,7.0,1,0,2,0,0,0
-66.951742,300,425.658821,3,0.0,0,0,0,107.92320000000001,0.0,1,0,2,0,0,0
-87.030033,192,426.188834,3,0.0,0,0,0,113.65760000000002,0.0,1,0,2,0,0,0
-53.213081,215,426.80023,3,0.0,0,0,0,102.18880000000001,0.0,1,0,0,0,0,0
-55.896756,123,427.148278,3,0.0,2,0,0,102.18880000000001,14.0,1,0,2,0,0,0
-53.67688,246,427.917474,3,0.0,0,0,0,102.18880000000001,0.0,1,0,2,0,0,0
-47.243962,99,428.191947,3,0.0,0,0,0,114.59840000000003,0.0,1,0,0,0,0,0
-59.722555,117,428.492568,3,0.0,0,0,0,102.18880000000001,0.0,1,0,2,0,0,0
92.51715,325,429.292199,3,0.0,11,5,2,120.5568,303.0,3,0,2,0,0,1
-75.703395,227,429.885498,3,0.0,0,0,0,107.92320000000002,0.0,1,0,2,0,0,0
-45.888111,161,430.372218,3,0.0,0,0,0,114.59840000000003,0.0,1,0,0,0,0,0
-42.290757,219,430.973595,3,0.0,0,0,0,114.59840000000001,0.0,1,0,0,0,0,0
48.055919,527,432.289894,3,0.0,9,5,2,166.6336,289.0,3,0,2,0,0,0
-43.793866,91,432.530317,3,0.0,1,0,0,114.59840000000001,7.0,1,0,0,0,0,0
75.929911,389,433.397202,3,0.0,7,5,2,100.7552,275.0,3,0,2,0,0,1
-60.306055,178,433.830605,3,0.0,0,0,0,102.18880000000001,0.0,1,0,2,0,0,0
-104.667454,246,434.484259,3,0.0,0,0,0,119.39200000000001,0.0,1,0,2,0,0,0
-61.038002,95,434.726099,3,0.0,0,0,0,102.18880000000001,0.0,1,0,0,0,0,0
-49.226742,86,434.967037,3,0.0,0,0,0,114.59840000000003,0.0,1,0,2,0,0,0
-49.628143,84,435.198543,3,0.0,0,0,0,114.59840000000001,0.0,1,0,2,0,0,0
-60.807215,120,435.517476,3,0.0,0,0,0,102.18880000000001,0.0,1,0,2,0,0,0
-42.442621,284,436.305269,3,0.0,0,0,0,114.59840000000001,0.0,1,0,2,0,0,0
90.533454,563,437.843871,3,0.0,6,5,2,117.162,268.0,3,0,3,2,4,0
-43.225044,138,438.202044,3,0.0,0,0,0,114.59840000000001,0.0,1,0,3,0,0,0
-49.907952,69,438.378451,3,0.0,0,0,0,114.59840000000003,0.0,1,0,2,0,0,0
-57.855277,138,438.744425,3,0.0,0,0,0,102.18880000000001,0.0,1,0,2,0,0,0
49.40799,254,439.337425,2,0.0,3,4,1,128.8,185.0,2,0,0,0,0,0
-61.882486,138,439.69015,3,0.0,0,0,0,102.1888,0.0,1,0,2,0,0,0
-62.578445,354,440.662704,3,0.0,0,0,0,107.92320000000001,0.0,1,0,2,0,0,0
-70.531976,192,441.143321,3,0.0,0,0,0,107.92320000000001,0.0,1,0,2,0,0,0
-33.325443,107,441.411569,3,0.0,0,0,0,108.86400000000002,0.0,1,0,0,0,0,0
-64.957659,246,442.067123,3,0.0,0,0,0,107.92320000000001,0.0,1,0,2,0,0,0
-68.499528,125,442.374039,3,0.0,0,0,0,102.18880000000001,0.0,1,0,2,0,0,0
-44.86947,100,442.63501,3,0.0,0,0,0,114.59840000000003,0.0,1,0,0,0,0,0
-65.751593,103,442.913144,3,0.0,0,0,0,102.18880000000001,0.0,1,0,0,0,0,0
-54.758582,300,443.750624,3,0.0,0,0,0,120.3328,0.0,1,0,2,0,0,0
-61.5492,176,444.210131,3,0.0,0,0,0,102.18880000000001,0.0,1,0,2,0,0,0
112.06176,480,445.418782,3,0.0,11,5,2,103.8464,303.0,3,1,0,2,0,2
-51.668739,354,446.41045,3,0.0,0,0,0,102.1888,0.0,1,0,2,0,0,0
47.208401,648,448.024796,3,0.0,17,5,2,195.216,345.0,3,0,2,0,0,1
-46.724028,99,448.274621,3,0.0,0,0,0,114.59840000000003,0.0,1,0,0,0,0,0
51.650143,231,448.845248,2,0.0,3,4,1,109.92800000000001,185.0,2,1,0,0,0,0
-89.949072,246,449.585726,3,0.0,0,0,0,113.65760000000002,0.0,1,0,2,0,0,0
-30.911073,233,450.218255,3,0.0,1,0,0,108.86400000000002,7.0,1,0,2,0,0,0
-50.641595,246,450.911657,3,0.0,1,0,0,120.3328,7.0,1,0,2,0,0,0
-70.297253,408,452.070865,3,0.0,1,0,0,113.6576,7.0,1,0,2,0,0,0
-47.689156,62,452.228986,3,0.0,0,0,0,114.59840000000003,0.0,1,0,2,0,0,0
-66.139121,84,452.45298,3,0.0,0,0,0,120.33280000000002,0.0,1,0,2,0,0,0
21.881691,108,452.692344,2,0.0,1,2,1,110.264,103.0,2,1,0,0,0,0
-60.420954,84,452.909567,3,0.0,1,0,0,102.18880000000001,7.0,1,0,3,0,0,0
-81.013676,354,453.869719,3,0.0,0,0,0,113.6576,0.0,1,0,2,0,0,0
99.383627,390,454.799711,3,0.0,10,5,2,117.956,296.0,3,0,3,0,1,1
-57.279558,218,455.373103,3,0.0,0,0,0,102.18880000000001,0.0,1,0,0,0,0,0
-55.272236,294,456.188445,3,0.0,1,0,0,102.18880000000001,7.0,1,0,2,0,0,0
-50.253927,151,456.60096,3,0.0,0,0,0,114.59840000000001,0.0,1,0,0,0,0,0
-81.781289,258,457.307983,3,0.0,0,0,0,113.65760000000002,0.0,1,0,0,0,0,0
-82.837377,354,458.285607,3,0.0,0,0,0,113.6576,0.0,1,0,2,0,0,0
-39.490577,286,459.057946,3,0.0,0,0,0,114.59840000000003,0.0,1,0,2,0,0,0
-53.027155,246,459.720844,3,0.0,0,0,0,102.18880000000001,0.0,1,0,2,0,0,0
-52.339562,131,460.067085,3,0.0,0,0,0,114.59840000000003,0.0,1,0,2,0,0,0
-76.203616,138,460.430229,3,0.0,0,0,0,107.92320000000001,0.0,1,0,2,0,0,0
-63.576708,84,460.641544,3,0.0,0,0,0,102.18880000000001,0.0,1,0,2,0,0,0
70.679189,442,461.709317,3,0.0,3,5,2,177.45280000000002,247.0,3,0,2,0,0,0
89.697798,398,462.722449,3,0.0,9,5,2,132.8768,289.0,3,0,2,0,0,1
101.663429,570,464.096876,3,0.0,19,5,2,123.58080000000001,359.0,3,0,2,0,0,2
-63.701636,93,464.329568,3,0.0,1,0,0,102.18880000000001,7.0,1,0,0,0,0,0
52.411276,228,464.857227,2,0.0,2,4,1,100.80000000000001,178.0,2,1,0,0,0,0
-26.799437,124,465.189282,3,0.0,0,0,0,108.86400000000002,0.0,1,0,3,0,0,0
-65.946878,187,465.741949,3,0.0,0,0,0,102.18880000000001,0.0,1,0,2,0,0,0
-46.579016,287,466.536193,3,0.0,0,0,0,114.59840000000003,0.0,1,0,2,0,0,0
-49.399694,220,467.113739,3,0.0,0,0,0,114.59840000000003,0.0,1,0,0,0,0,0
-51.8895,192,467.615431,3,0.0,0,0,0,120.3328,0.0,1,0,2,0,0,0
-77.244441,300,468.45453,3,0.0,0,0,0,107.92320000000001,0.0,1,0,2,0,0,0
-61.715216,103,468.726664,3,0.0,0,0,0,102.18880000000001,0.0,1,0,0,0,0,0
29.396011,203,469.193507,2,0.0,2,2,1,101.36000000000001,110.0,2,1,0,0,0,0
52.767566,188,469.614558,2,0.0,3,4,1,101.36000000000001,185.0,2,0,0,0,0,1
88.599301,374,470.562338,3,0.0,2,5,2,129.69600000000003,240.0,3,0,0,0,0,0
101.685625,354,471.401338,3,0.0,6,5,2,165.98400000000004,268.0,3,0,2,0,0,0
-87.978293,516,472.890755,3,0.0,0,0,0,119.39200000000001,0.0,1,0,2,0,0,0
-55.257467,354,473.83974,3,0.0,1,0,0,120.33280000000002,7.0,1,0,2,0,0,0
19.973421,125,474.124824,2,0.0,0,2,1,106.568,96.0,2,1,0,0,0,0
-67.857674,266,474.839379,3,0.0,0,0,0,102.18880000000001,0.0,1,0,0,0,0,0
-56.012368,138,475.169495,3,0.0,2,0,0,120.33280000000002,14.0,1,0,2,0,0,0
-66.877213,95,475.413149,3,0.0,0,0,0,102.18880000000001,0.0,1,0,0,0,0,0
39.412095,234,475.970341,2,0.0,3,3,1,100.80000000000001,151.0,2,1,0,0,0,0
42.895012,376,476.986861,2,0.0,5,3,1,109.36800000000001,165.0,2,1,0,0,0,0
87.907089,497,478.208633,3,0.0,14,5,2,128.1952,324.0,3,0,2,0,0,1
-68.489283,188,478.767889,3,0.0,0,0,0,102.18880000000001,0.0,1,0,2,0,0,0
-51.206266,134,479.161009,3,0.0,0,0,0,114.59840000000003,0.0,1,0,2,0,0,0
-52.302887,192,479.681741,3,0.0,0,0,0,102.18880000000001,0.0,1,0,3,0,0,0
-67.578311,516,481.162346,3,0.0,1,0,0,113.6576,7.0,1,0,3,0,0,0
-49.628065,299,481.975777,3,0.0,0,0,0,114.59840000000003,0.0,1,0,2,0,0,0
-51.815369,246,482.618112,3,0.0,1,0,0,102.18880000000001,7.0,1,0,2,0,0,0
-94.342338,245,483.28821,3,0.0,0,0,0,131.8016,0.0,1,0,2,0,0,0
-85.97811,246,483.953601,3,0.0,0,0,0,113.6576,0.0,1,0,2,0,0,0
-58.817298,138,484.309236,3,0.0,0,0,0,102.18880000000001,0.0,1,0,2,0,0,0
-62.180301,246,484.973569,3,0.0,0,0,0,120.33280000000002,0.0,1,0,2,0,0,0
-60.104698,93,485.215774,3,0.0,0,0,0,102.18880000000001,0.0,1,0,0,0,0,0
89.688778,586,486.780326,3,0.0,7,5,2,102.1888,275.0,3,0,2,0,0,0
54.886316,221,495.665309,2,0.0,5,4,1,101.36000000000001,199.0,3,1,0,0,0,1
-53.980373,192,496.306262,3,0.0,0,0,0,102.1888,0.0,1,0,2,0,0,0
-47.742852,109,496.803469,3,0.0,1,0,0,114.59840000000003,7.0,1,0,0,0,0,0
-46.744385,246,497.545278,3,0.0,0,0,0,120.3328,0.0,1,0,3,0,0,0
-48.516894,63,497.711228,3,0.0,0,0,0,114.59840000000003,0.0,1,0,2,0,0,0
99.774806,699,499.570569,3,0.0,17,5,2,110.11840000000001,345.0,3,0,2,0,0,1
-60.983382,154,499.984816,3,0.0,0,0,0,102.18880000000001,0.0,1,0,0,0,0,0
-50.934811,192,500.509686,3,0.0,0,0,0,102.1888,0.0,1,0,3,0,0,0
-67.611041,624,502.357687,3,0.0,0,0,0,113.6576,0.0,1,0,3,0,0,0
-82.833812,192,502.863971,3,0.0,0,0,0,113.6576,0.0,1,0,2,0,0,0
-82.848707,204,503.409476,3,0.0,0,0,0,113.65760000000002,0.0,1,0,0,0,0,0
59.196833,595,504.867107,3,0.0,14,5,2,227.3376,324.0,3,0,2,0,0,2
-50.630228,138,505.235936,3,0.0,0,0,0,120.3328,0.0,1,0,2,0,0,0
-71.129364,138,505.620797,3,0.0,0,0,0,107.92320000000001,0.0,1,0,2,0,0,0
-62.587387,138,505.994917,3,0.0,0,0,0,120.33280000000002,0.0,1,0,2,0,0,0
-31.189024,125,506.334065,3,0.0,1,0,0,108.86400000000002,7.0,1,0,2,0,0,0
-35.595919,105,506.610817,3,0.0,0,0,0,108.86400000000002,0.0,1,0,0,0,0,0
-54.588233,246,507.261423,3,0.0,1,0,0,102.18880000000001,7.0,1,0,2,0,0,0
-75.48742,138,507.642767,3,0.0,0,0,0,107.92320000000001,0.0,1,0,2,0,0,0
-79.523866,354,508.692905,3,0.0,0,0,0,113.6576,0.0,1,0,2,0,0,0
88.124031,478,509.854221,3,0.0,15,5,2,165.0432,331.0,3,0,2,0,0,1
-50.723695,354,510.890503,3,0.0,0,0,0,102.1888,0.0,1,0,2,0,0,0
-45.642783,171,511.358258,3,0.0,0,0,0,114.59840000000003,0.0,1,0,2,0,0,0
-57.707989,138,511.735137,3,0.0,0,0,0,102.18880000000001,0.0,1,0,2,0,0,0
-31.810431,74,511.978565,3,0.0,0,0,0,108.86400000000002,0.0,1,0,2,0,0,0
-46.944678,160,512.421638,3,0.0,0,0,0,114.59840000000003,0.0,1,0,0,0,0,0
-62.990955,84,512.657998,3,0.0,0,0,0,102.18880000000001,0.0,1,0,2,0,0,0
-46.86563,143,513.060657,3,0.0,0,0,0,114.59840000000001,0.0,1,0,0,0,0,0
-30.100875,57,513.204703,3,0.0,0,0,0,108.86400000000002,0.0,1,0,0,0,0,0
-43.663177,217,513.777635,3,0.0,0,0,0,114.59840000000001,0.0,1,0,0,0,0,0
-59.364494,233,514.407049,3,0.0,1,0,0,102.18880000000001,7.0,1,0,2,0,0,0
-67.99042,192,514.947318,3,0.0,1,0,0,107.92320000000001,7.0,1,0,2,0,0,0
-66.493315,132,515.281949,3,0.0,0,0,0,102.18880000000001,0.0,1,0,2,0,0,0
-83.59384,339,516.196395,3,0.0,0,0,0,113.65760000000002,0.0,1,0,3,0,0,0
-47.871202,167,516.643927,3,0.0,0,0,0,114.59840000000003,0.0,1,0,0,0,0,0
101.447218,556,518.159736,3,0.0,7,5,2,112.22160000000001,275.0,3,0,0,2,3,0
-63.49255,109,518.463513,3,0.0,1,0,0,102.18880000000001,7.0,1,0,0,0,0,0
-56.892825,154,518.892526,3,0.0,0,0,0,102.18880000000001,0.0,1,0,0,0,0,0
38.036782,195,519.364833,2,0.0,2,3,1,100.24000000000001,144.0,2,0,0,0,0,0
-65.247138,381,520.511311,3,0.0,0,0,0,107.92320000000002,0.0,1,0,0,0,0,0
-51.111912,300,521.353585,3,0.0,1,0,0,102.1888,7.0,1,0,2,0,0,0
98.898115,393,522.349285,3,0.0,5,5,2,103.20356000000001,261.0,3,0,3,1,0,1
-95.564244,239,523.039189,3,0.0,0,0,0,113.65760000000002,0.0,1,0,2,0,0,0
-50.960605,337,523.947667,3,0.0,2,0,0,102.18880000000001,14.0,1,0,3,0,0,0
-44.835961,169,524.383105,3,0.0,0,0,0,114.59840000000003,0.0,1,0,0,0,0,0
-57.31403,192,524.883121,3,0.0,0,0,0,102.18880000000001,0.0,1,0,2,0,0,0
-45.485928,233,525.526439,3,0.0,0,0,0,132.7424,0.0,1,0,3,0,0,0
-48.59865,245,526.191449,3,0.0,0,0,0,114.59840000000003,0.0,1,0,3,0,0,0
-58.32263,138,526.589434,3,0.0,0,0,0,102.18880000000001,0.0,1,0,2,0,0,0
-63.752388,118,526.883296,3,0.0,1,0,0,102.18880000000001,7.0,1,0,2,0,0,0
-87.37874,354,527.85507,3,0.0,0,0,0,113.6576,0.0,1,0,2,0,0,0
-49.579092,262,528.55637,3,0.0,0,0,0,102.18880000000001,0.0,1,0,0,0,0,0
-30.271262,177,529.01584,3,0.0,0,0,0,108.86400000000002,0.0,1,0,2,0,0,0
-52.164305,85,529.247674,3,0.0,0,0,0,114.59840000000003,0.0,1,0,2,0,0,0
-64.399439,300,530.096349,3,0.0,0,0,0,107.92320000000001,0.0,1,0,2,0,0,0
-81.772977,408,531.242395,3,0.0,0,0,0,113.6576,0.0,1,0,2,0,0,0
-49.877893,103,531.504474,3,0.0,0,0,0,114.59840000000003,0.0,1,0,0,0,0,0
38.751407,165,531.869975,2,0.0,1,3,1,100.24000000000001,137.0,2,1,0,0,0,1
-45.533528,160,532.306845,3,0.0,0,0,0,114.59840000000003,0.0,1,0,0,0,0,0
-55.529177,213,532.907038,3,0.0,0,0,0,102.18880000000001,0.0,1,0,0,0,0,0
37.073808,130,533.205168,2,0.0,1,3,1,104.83200000000001,137.0,2,1,0,0,0,1
82.78939,456,534.344046,3,0.0,8,5,2,109.58080000000001,282.0,3,0,2,2,4,2
-83.880865,249,535.024619,3,0.0,1,0,0,113.65760000000002,7.0,1,0,3,0,0,0
-48.046659,266,535.798202,3,0.0,0,0,0,132.7424,0.0,1,0,0,0,0,0
56.204911,295,536.503333,2,0.0,5,4,1,114.80000000000001,199.0,3,0,0,0,0,0
88.440486,390,537.451917,3,0.0,11,5,2,113.64160000000001,303.0,3,1,0,0,0,1
-45.478077,181,537.944804,3,0.0,0,0,0,114.59840000000003,0.0,1,0,2,0,0,0
101.968561,518,539.315691,3,0.0,15,5,2,105.79400000000001,331.0,3,1,2,0,0,1
99.521235,480,540.564556,3,0.0,10,5,2,105.99680000000001,296.0,3,1,2,0,0,2
-47.307632,246,541.235942,3,0.0,1,0,0,102.18880000000001,7.0,1,0,2,0,0,0
-64.1515,138,541.60691,3,0.0,0,0,0,102.18880000000001,0.0,1,0,3,0,0,0
-47.771894,86,541.835768,3,0.0,0,0,0,114.59840000000001,0.0,1,0,2,0,0,0
38.443205,195,542.29104,2,0.0,2,3,1,101.36000000000001,144.0,2,1,0,0,0,2
-66.343119,354,543.290065,3,0.0,0,0,0,107.92320000000001,0.0,1,0,2,0,0,0
-42.20734,283,544.052427,3,0.0,0,0,0,114.59840000000001,0.0,1,0,2,0,0,0
-30.559496,220,544.665391,3,0.0,0,0,0,108.86400000000002,0.0,1,0,0,0,0,0
-94.367062,408,545.825027,3,0.0,0,0,0,119.39200000000001,0.0,1,0,2,0,0,0
-60.183491,124,546.150421,3,0.0,0,0,0,102.18880000000001,0.0,1,0,2,0,0,0
-74.276666,237,546.799921,3,0.0,0,0,0,107.92320000000001,0.0,1,0,2,0,0,0
54.401797,204,547.31485,2,0.0,2,4,1,100.24000000000001,178.0,2,0,0,0,0,0
-54.180497,82,547.530713,3,0.0,0,0,0,114.59840000000003,0.0,1,0,2,0,0,0
-38.069309,72,547.715864,3,0.0,0,0,0,108.86400000000002,0.0,1,0,2,0,0,0
-77.444903,196,548.279286,3,0.0,0,0,0,107.92320000000002,0.0,1,0,2,0,0,0
56.295916,270,548.895124,2,0.0,9,4,1,130.48000000000002,227.0,3,0,0,0,0,1
-48.107683,256,549.589958,3,0.0,1,0,0,102.18880000000001,7.0,1,0,0,0,0,0
51.983315,282,550.222907,2,0.0,6,4,1,157.92000000000002,206.0,3,0,0,0,0,0
-30.191662,255,550.917758,3,0.0,0,0,0,108.86400000000002,0.0,1,0,0,0,0,0
-49.772213,153,551.326151,3,0.0,0,0,0,114.59840000000001,0.0,1,0,0,0,0,0
98.603827,413,552.345047,3,0.0,4,5,2,114.59840000000003,254.0,3,0,2,0,0,0
-71.726436,192,552.84274,3,0.0,1,0,0,107.92320000000001,7.0,1,0,2,0,0,0
-46.669241,300,553.612521,3,0.0,1,0,0,120.33280000000002,7.0,1,0,2,0,0,0
-61.486532,175,554.062195,3,0.0,0,0,0,102.18880000000001,0.0,1,0,3,0,0,0
-45.851808,232,554.668513,3,0.0,0,0,0,114.59840000000001,0.0,1,0,2,0,0,0
55.416699,409,555.665569,3,0.0,2,5,2,166.16320000000002,240.0,3,0,2,0,0,0
-55.790309,354,556.679369,3,0.0,0,0,0,102.18880000000001,0.0,1,0,3,0,0,0
-55.636821,209,557.261184,3,0.0,0,0,0,102.18880000000001,0.0,1,0,0,0,0,0
-79.558241,246,557.936361,3,0.0,0,0,0,113.6576,0.0,1,0,2,0,0,0
-46.43404,279,558.686269,3,0.0,1,0,0,114.59840000000003,7.0,1,0,3,0,0,0
50.639555,198,559.125684,2,0.0,5,4,1,158.48000000000002,199.0,3,0,0,0,0,1
-57.569973,192,559.610038,3,0.0,0,0,0,102.18880000000001,0.0,1,0,2,0,0,0
-56.396223,138,559.942222,3,0.0,0,0,0,102.18880000000001,0.0,1,0,2,0,0,0
-44.60378,126,560.253237,3,0.0,1,0,0,114.59840000000001,7.0,1,0,2,0,0,0
10.166914,283,561.024791,2,0.0,1,2,1,172.48000000000002,103.0,2,1,0,0,0,0
-38.390763,192,561.540636,3,0.0,0,0,0,114.59840000000001,0.0,1,0,2,0,0,0
-55.056694,253,562.221857,3,0.0,0,0,0,102.18880000000001,0.0,1,0,0,0,0,0
-94.210422,354,569.084248,3,0.0,0,0,0,119.39200000000001,0.0,1,0,2,0,0,0
-86.704461,300,569.894504,3,0.0,0,0,0,113.6576,0.0,1,0,2,0,0,0
-42.209237,124,570.244558,3,0.0,0,0,0,114.59840000000003,0.0,1,0,2,0,0,0
-54.81869,192,570.766561,3,0.0,0,0,0,120.3328,0.0,1,0,2,0,0,0
82.388242,297,571.470715,3,0.0,5,5,2,116.68040000000002,261.0,3,1,2,2,1,1
-62.254772,147,571.854775,3,0.0,0,0,0,102.18880000000001,0.0,1,0,0,0,0,0
-46.729408,181,572.329509,3,0.0,0,0,0,114.59840000000003,0.0,1,0,2,0,0,0
-58.343792,226,572.969823,3,0.0,1,0,0,102.18880000000001,7.0,1,0,2,0,0,0
-36.763843,78,573.160965,3,0.0,0,0,0,108.86400000000002,0.0,1,0,2,0,0,0
99.641534,536,574.503309,3,0.0,16,5,2,123.536,338.0,3,1,2,0,0,1
46.453819,507,575.697141,3,0.0,11,5,2,237.7536,303.0,3,0,2,0,0,1
-54.583087,84,575.903485,3,0.0,0,0,0,102.18880000000001,0.0,1,0,2,0,0,0
-32.895179,74,576.082747,3,0.0,0,0,0,108.86400000000002,0.0,1,0,2,0,0,0
-71.749693,192,576.6006,3,0.0,0,0,0,107.92320000000001,0.0,1,0,2,0,0,0
-29.888883,89,576.834754,3,0.0,0,0,0,108.86400000000002,0.0,1,0,0,0,0,0
-70.03288,246,577.524212,3,0.0,0,0,0,107.92320000000001,0.0,1,0,2,0,0,0
78.033495,384,578.473005,3,0.0,8,5,2,170.28480000000002,282.0,3,0,3,0,0,1
-62.930312,138,578.858846,3,0.0,0,0,0,120.33280000000002,0.0,1,0,2,0,0,0
-54.545495,300,579.682405,3,0.0,0,0,0,120.33280000000002,0.0,1,0,2,0,0,0
-45.420731,197,580.22988,3,0.0,0,0,0,114.59840000000001,0.0,1,0,0,0,0,0
-55.434725,75,580.434719,3,0.0,0,0,0,114.59840000000003,0.0,1,0,2,0,0,0
-69.979051,354,581.420138,3,0.0,0,0,0,107.92320000000001,0.0,1,0,2,0,0,0
52.755652,239,581.981988,2,0.0,6,4,1,114.80000000000001,206.0,3,0,0,0,0,1
42.769523,219,582.485974,2,0.0,1,4,1,201.04000000000002,171.0,2,0,0,0,0,0
-71.652394,192,582.990006,3,0.0,1,0,0,107.92320000000001,7.0,1,0,2,0,0,0
-40.684488,83,583.206234,3,0.0,0,0,0,108.86400000000002,0.0,1,0,2,0,0,0
-71.719263,256,583.901044,3,0.0,0,0,0,107.92320000000002,0.0,1,0,0,0,0,0
-83.832881,300,584.788974,3,0.0,0,0,0,113.65760000000002,0.0,1,0,2,0,0,0
-36.639945,215,585.365398,3,0.0,2,0,0,114.59840000000003,14.0,1,0,0,0,0,0
-58.629565,208,585.928202,3,0.0,1,0,0,102.18880000000001,7.0,1,0,0,0,0,0
-60.260283,155,586.334718,3,0.0,0,0,0,102.18880000000001,0.0,1,0,0,0,0,0
-63.950975,84,586.548191,3,0.0,0,0,0,102.18880000000001,0.0,1,0,2,0,0,0
-38.308375,284,587.326998,3,0.0,0,0,0,114.59840000000001,0.0,1,0,2,0,0,0
-44.273345,218,587.899918,3,0.0,1,0,0,114.59840000000003,7.0,1,0,0,0,0,0
-33.271347,106,588.178177,3,0.0,0,0,0,108.86400000000002,0.0,1,0,0,0,0,0
46.959061,509,589.530466,3,0.0,1,5,2,167.7536,233.0,3,0,2,0,0,0
60.060985,304,590.30226,2,0.0,8,4,1,109.92800000000001,220.0,3,1,0,0,0,1
69.616745,580,591.827897,3,0.0,9,5,2,100.7552,289.0,3,0,2,0,0,0
-57.546652,84,592.046626,3,0.0,0,0,0,102.18880000000001,0.0,1,0,2,0,0,0
-45.33345,157,592.449617,3,0.0,0,0,0,114.59840000000003,0.0,1,0,0,0,0,0
-62.49662,84,592.661101,3,0.0,0,0,0,120.33280000000002,0.0,1,0,2,0,0,0
-61.458313,129,592.990217,3,0.0,1,0,0,102.18880000000001,7.0,1,0,2,0,0,0
-59.344023,153,593.389066,3,0.0,0,0,0,102.18880000000001,0.0,1,0,0,0,0,0
-52.711129,283,594.219764,3,0.0,0,0,0,102.18880000000001,0.0,1,0,2,0,0,0
-64.946721,440,595.489963,3,0.0,0,0,0,107.92320000000001,0.0,1,0,2,0,0,0
24.362273,236,596.158553,2,0.0,3,2,1,108.248,117.0,2,1,0,0,0,1
-58.753758,87,596.3889,3,0.0,0,0,0,102.18880000000001,0.0,1,0,3,0,0,0
-56.8046,138,596.760872,3,0.0,0,0,0,102.18880000000001,0.0,1,0,2,0,0,0
-86.005185,354,597.727874,3,0.0,0,0,0,113.6576,0.0,1,0,2,0,0,0
-41.05881,246,598.391321,3,0.0,0,0,0,114.59840000000001,0.0,1,0,2,0,0,0
-66.560304,115,598.685006,3,0.0,0,0,0,102.18880000000001,0.0,1,0,0,0,0,0
-47.714613,88,598.913861,3,0.0,0,0,0,114.59840000000001,0.0,1,0,2,0,0,0
-64.689242,84,599.130489,3,0.0,0,0,0,102.18880000000001,0.0,1,0,2,0,0,0
-63.181061,192,599.651133,3,0.0,1,0,0,107.92320000000001,7.0,1,0,3,0,0,0
-62.683765,105,599.935837,3,0.0,0,0,0,102.18880000000001,0.0,1,0,0,0,0,0
104.954657,419,600.96675,3,0.0,7,5,2,111.55200000000002,275.0,3,0,0,0,0,1
-62.193499,265,601.669348,3,0.0,0,0,0,102.18880000000001,0.0,1,0,0,0,0,0
105.541457,482,602.93927,3,0.0,13,5,2,104.00320000000002,317.0,3,1,2,2,2,1
116.511927,496,604.277601,3,0.0,11,5,2,130.9704,388.0,3,0,2,1,3,1
-76.448221,230,604.897255,3,0.0,0,0,0,107.92320000000002,0.0,1,0,2,0,0,0
-72.845707,192,605.416864,3,0.0,0,0,0,107.92320000000001,0.0,1,0,2,0,0,0
-58.479215,300,606.20688,3,0.0,1,0,0,102.18880000000001,7.0,1,0,2,0,0,0
-46.856239,151,606.59782,3,0.0,0,0,0,114.59840000000003,0.0,1,0,0,0,0,0
-73.678423,268,607.316346,3,0.0,0,0,0,107.92320000000001,0.0,1,0,0,0,0,0
-54.89645,192,607.823338,3,0.0,0,0,0,102.1888,0.0,1,0,2,0,0,0
-39.911257,84,608.035475,3,0.0,0,0,0,114.59840000000001,0.0,1,0,2,0,0,0
92.39204,560,609.471273,3,0.0,11,5,2,107.92320000000001,303.0,3,1,0,0,0,2
82.425178,337,610.291423,3,0.0,6,5,2,109.02080000000001,268.0,3,0,2,0,0,1
75.066739,384,611.197726,3,0.0,7,5,2,176.44480000000001,275.0,3,0,3,0,0,0
-51.189145,246,611.865812,3,0.0,0,0,0,120.3328,0.0,1,0,2,0,0,0
96.303131,433,612.90809,3,0.0,1,5,2,117.82400000000001,233.0,3,0,0,0,0,0
-69.538941,211,613.470501,3,0.0,0,0,0,107.92320000000002,0.0,1,0,0,0,0,0
74.645488,416,614.488233,3,0.0,8,5,2,183.4312,367.0,3,0,3,1,2,2
-51.510917,138,614.846665,3,0.0,0,0,0,102.18880000000001,0.0,1,0,2,0,0,0
-61.213302,84,615.065179,3,0.0,0,0,0,102.18880000000001,0.0,1,0,2,0,0,0
-63.805279,245,615.724933,3,0.0,0,0,0,102.18880000000001,0.0,1,0,2,0,0,0
57.988132,249,616.300486,2,0.0,7,4,1,101.36000000000001,213.0,3,0,0,0,0,1
-62.138215,85,616.516562,3,0.0,0,0,0,102.18880000000001,0.0,1,0,2,0,0,0
76.214311,440,617.589058,3,0.0,1,5,2,127.16480000000001,233.0,3,0,0,0,0,0
-80.493043,408,618.706305,3,0.0,0,0,0,113.6576,0.0,1,0,2,0,0,0
53.146826,274,619.381538,2,0.0,10,4,1,172.48000000000002,234.0,3,0,0,0,0,1
-76.057728,250,620.064781,3,0.0,0,0,0,107.92320000000002,0.0,1,0,2,0,0,0
-74.935844,246,620.738866,3,0.0,0,0,0,107.92320000000001,0.0,1,0,2,0,0,0
-48.350237,48,620.861948,3,0.0,0,0,0,114.59840000000003,0.0,1,0,0,0,0,0
-81.460715,300,621.740084,3,0.0,0,0,0,113.6576,0.0,1,0,3,0,0,0
40.709334,156,622.134121,2,0.0,1,3,1,101.36000000000001,137.0,2,1,0,0,0,0
101.292974,368,623.079031,3,0.0,11,5,2,105.89240000000001,303.0,3,0,0,0,0,1
55.919452,196,623.547566,2,0.0,5,4,1,101.92,199.0,3,0,0,0,0,1
-71.224827,311,624.440444,3,0.0,0,0,0,107.92320000000001,0.0,1,0,0,0,0,0
-47.486403,58,624.586478,3,0.0,0,0,0,114.59840000000003,0.0,1,0,0,0,0,0
-59.7126,196,625.180545,3,0.0,0,0,0,102.18880000000001,0.0,1,0,2,0,0,0
47.39809,218,625.697498,2,0.0,3,4,1,171.92000000000002,185.0,2,0,0,0,0,0
-89.591941,258,626.434115,3,0.0,0,0,0,113.65760000000002,0.0,1,0,0,0,0,0
-84.121075,408,627.650182,3,0.0,0,0,0,113.6576,0.0,1,0,2,0,0,0
-80.953359,354,628.693161,3,0.0,0,0,0,113.6576,0.0,1,0,2,0,0,0
-50.065312,192,629.22229,3,0.0,1,0,0,102.1888,7.0,1,0,2,0,0,0
-55.627584,138,629.613686,3,0.0,0,0,0,120.3328,0.0,1,0,2,0,0,0
40.250079,255,630.262148,2,0.0,6,3,1,117.936,172.0,2,1,0,0,0,1
-59.197484,91,630.514363,3,0.0,0,0,0,102.18880000000001,0.0,1,0,0,0,0,0
-60.919491,84,630.738802,3,0.0,0,0,0,102.18880000000001,0.0,1,0,2,0,0,0
-45.74428,174,631.207484,3,0.0,0,0,0,114.59840000000003,0.0,1,0,3,0,0,0
-53.051044,246,631.876886,3,0.0,0,0,0,102.1888,0.0,1,0,2,0,0,0
-73.589085,140,632.254396,3,0.0,1,0,0,107.92320000000001,7.0,1,0,2,0,0,0
-75.085302,192,632.775767,3,0.0,1,0,0,113.6576,7.0,1,0,2,0,0,0
-42.904464,192,633.306907,3,0.0,0,0,0,114.59840000000001,0.0,1,0,2,0,0,0
74.011539,306,634.08861,3,0.0,5,5,2,112.04480000000001,261.0,3,0,0,0,0,0
50.095995,199,640.65578,2,0.0,1,4,1,100.80000000000001,171.0,2,0,0,0,0,0
-55.57767,210,641.18588,3,0.0,3,0,0,102.18880000000001,21.0,1,0,0,0,0,0
-31.981641,133,641.528937,3,0.0,0,0,0,108.86400000000002,0.0,1,0,2,0,0,0
-37.050914,77,641.720106,3,0.0,0,0,0,108.86400000000002,0.0,1,0,2,0,0,0
-78.165611,516,643.107284,3,0.0,0,0,0,113.6576,0.0,1,0,2,0,0,0
-47.583519,354,644.091868,3,0.0,0,0,0,102.18880000000001,0.0,1,0,2,0,0,0
34.042363,155,644.448608,2,0.0,0,3,1,102.816,130.0,2,1,0,0,0,0
-63.616692,92,644.69395,3,0.0,1,0,0,102.18880000000001,7.0,1,0,0,0,0,0
104.34475,284,645.376139,3,0.0,4,5,2,126.80416,339.0,3,0,2,0,0,0
-51.577658,246,646.064792,3,0.0,0,0,0,120.3328,0.0,1,0,3,0,0,0
-55.606769,221,646.690049,3,0.0,0,0,0,102.18880000000001,0.0,1,0,0,0,0,0
77.838488,375,647.575787,3,0.0,9,5,2,182.01000000000002,289.0,3,0,2,2,1,1
-47.476979,183,648.064003,3,0.0,1,0,0,114.59840000000003,7.0,1,0,2,0,0,0
100.625694,592,649.574468,3,0.0,19,5,2,123.58080000000001,359.0,3,1,2,1,2,1
-63.344914,84,649.790546,3,0.0,0,0,0,120.33280000000002,0.0,1,0,2,0,0,0
-75.365889,250,650.504474,3,0.0,0,0,0,107.92320000000002,0.0,1,0,2,0,0,0
-73.905592,408,651.684357,3,0.0,0,0,0,113.6576,0.0,1,0,2,0,0,0
-53.023895,192,652.216316,3,0.0,0,0,0,102.18880000000001,0.0,1,0,2,0,0,0
-50.336804,106,652.490559,3,0.0,0,0,0,114.59840000000003,0.0,1,0,0,0,0,0
-62.589015,97,652.735231,3,0.0,1,0,0,102.18880000000001,7.0,1,0,0,0,0,0
-33.801442,92,652.97471,3,0.0,0,0,0,108.86400000000002,0.0,1,0,0,0,0,0
-61.71092,223,653.576626,3,0.0,0,0,0,102.18880000000001,0.0,1,0,0,0,0,0
-53.224306,203,654.129457,3,0.0,0,0,0,102.18880000000001,0.0,1,0,0,0,0,0
-51.986664,246,654.840435,3,0.0,0,0,0,120.3328,0.0,1,0,2,0,0,0
-58.091831,354,655.81656,3,0.0,1,0,0,107.92320000000001,7.0,1,0,2,0,0,0
-68.933431,246,656.472864,3,0.0,0,0,0,107.92320000000001,0.0,1,0,3,0,0,0
-81.25755,462,657.74206,3,0.0,0,0,0,113.6576,0.0,1,0,2,0,0,0
-45.66765,192,658.225599,3,0.0,1,0,0,114.59840000000001,7.0,1,0,2,0,0,0
-38.628012,227,658.823685,3,0.0,1,0,0,114.59840000000003,7.0,1,0,2,0,0,0
-55.612833,206,659.362391,3,0.0,0,0,0,102.18880000000001,0.0,1,0,0,0,0,0
-70.540917,192,659.889838,3,0.0,0,0,0,107.92320000000001,0.0,1,0,2,0,0,0
94.650981,391,660.938461,3,0.0,5,5,2,104.5956,261.0,3,0,0,2,1,0
-45.904375,138,661.325914,3,0.0,0,0,0,114.59840000000001,0.0,1,0,2,0,0,0
-51.888502,158,661.759522,3,0.0,0,0,0,102.18880000000001,0.0,1,0,0,0,0,0
-23.446392,92,661.974966,1,0.0,1,1,0,112.0,41.0,1,0,0,0,0,0
80.632764,398,663.011189,3,0.0,7,5,2,111.582,275.0,3,0,3,2,2,1
-42.144726,462,664.413296,3,0.0,0,0,0,102.1888,0.0,1,0,2,0,0,0
-67.849748,354,665.462407,3,0.0,0,0,0,107.92320000000001,0.0,1,0,2,0,0,0
51.1326,240,666.081012,2,0.0,2,4,1,103.376,178.0,2,1,0,0,0,1
-49.453801,192,666.621923,3,0.0,0,0,0,120.3328,0.0,1,0,2,0,0,0
-70.225963,215,667.229157,3,0.0,1,0,0,107.92320000000001,7.0,1,0,0,0,0,0
-40.6059,138,667.666252,3,0.0,0,0,0,114.59840000000001,0.0,1,0,2,0,0,0
-27.908039,150,668.12424,3,0.0,0,0,0,108.86400000000002,0.0,1,0,0,0,0,0
-43.149203,192,668.683853,3,0.0,0,0,0,114.59840000000001,0.0,1,0,2,0,0,0
-58.30096,351,669.689114,3,0.0,0,0,0,102.18880000000001,0.0,1,0,2,0,0,0
-56.797557,138,670.067353,3,0.0,1,0,0,102.18880000000001,7.0,1,0,2,0,0,0
-75.342289,340,671.057752,3,0.0,0,0,0,107.92320000000001,0.0,1,0,2,0,0,0
-44.69894,262,671.821205,3,0.0,0,0,0,114.59840000000001,0.0,1,0,0,0,0,0
64.154926,352,672.687297,3,0.0,3,5,2,100.1952,247.0,3,0,2,0,0,0
-61.69504,178,673.204987,3,0.0,0,0,0,102.18880000000001,0.0,1,0,2,0,0,0
-39.245342,84,673.457569,3,0.0,0,0,0,114.59840000000001,0.0,1,0,2,0,0,0
-61.019075,138,673.864114,3,0.0,0,0,0,102.18880000000001,0.0,1,0,2,0,0,0
-64.06764,285,674.7063,3,0.0,1,0,0,107.92320000000001,7.0,1,0,2,0,0,0
-37.89126,281,675.530168,3,0.0,0,0,0,114.59840000000001,0.0,1,0,3,0,0,0
80.610531,692,677.355457,3,0.0,16,5,2,114.7552,338.0,3,0,2,0,0,1
-60.794205,192,677.875953,3,0.0,0,0,0,120.33280000000002,0.0,1,0,2,0,0,0
-61.778675,107,678.150465,3,0.0,0,0,0,102.18880000000001,0.0,1,0,0,0,0,0
-32.766202,183,678.644936,3,0.0,0,0,0,108.86400000000002,0.0,1,0,2,0,0,0
43.852978,242,679.226333,2,0.0,6,3,1,100.80000000000001,172.0,2,1,0,0,0,1
-59.453322,309,680.093656,3,0.0,0,0,0,102.18880000000001,0.0,1,0,0,0,0,0
-55.569771,246,680.768663,3,0.0,0,0,0,102.1888,0.0,1,0,2,0,0,0
103.681638,455,681.866101,3,0.0,9,5,2,162.40000000000003,289.0,3,0,0,0,0,1
-69.637203,138,682.224877,3,0.0,0,0,0,107.92320000000001,0.0,1,0,2,0,0,0
-61.425216,108,682.508003,3,0.0,0,0,0,102.18880000000001,0.0,1,0,0,0,0,0
-62.059468,84,682.748676,3,0.0,0,0,0,120.33280000000002,0.0,1,0,3,0,0,0
116.34825,350,683.604801,3,0.0,14,5,2,106.33160000000001,324.0,3,1,0,1,0,1
90.158926,633,685.255749,3,0.0,11,5,2,112.04480000000001,303.0,3,0,2,0,0,0
-82.298182,300,686.107242,3,0.0,0,0,0,113.65760000000002,0.0,1,0,2,0,0,0
-59.41625,217,686.699854,3,0.0,0,0,0,102.18880000000001,0.0,1,0,0,0,0,0
-58.674009,148,687.108173,3,0.0,0,0,0,102.18880000000001,0.0,1,0,0,0,0,0
19.296131,292,687.888659,2,0.0,1,2,1,114.24000000000001,103.0,2,1,0,0,0,0
-61.653216,197,688.412227,3,0.0,0,0,0,102.18880000000001,0.0,1,0,0,0,0,0
-45.408521,151,688.806909,3,0.0,0,0,0,114.59840000000001,0.0,1,0,0,0,0,0
-60.885605,87,689.087911,3,0.0,0,0,0,102.18880000000001,0.0,1,0,2,0,0,0
-61.07886,261,689.809218,3,0.0,0,0,0,120.33280000000002,0.0,1,0,0,0,0,0
65.145739,284,690.524349,3,0.0,5,5,2,114.7552,261.0,3,0,2,0,0,0
-95.854679,300,691.399435,3,0.0,0,0,0,119.39200000000001,0.0,1,0,2,0,0,0
83.12358,509,692.728918,3,0.0,5,5,2,116.74880000000002,261.0,3,0,2,0,0,0
-50.230287,192,693.258429,3,0.0,0,0,0,102.1888,0.0,1,0,2,0,0,0
-56.134298,164,693.688494,3,0.0,1,0,0,102.18880000000001,7.0,1,0,0,0,0,0
-66.592785,88,693.921931,3,0.0,0,0,0,102.18880000000001,0.0,1,0,0,0,0,0
-57.159521,192,694.434317,3,0.0,0,0,0,120.3328,0.0,1,0,2,0,0,0
-72.956699,253,695.135035,3,0.0,0,0,0,107.92320000000002,0.0,1,0,0,0,0,0
-58.539778,277,695.901897,3,0.0,0,0,0,102.18880000000001,0.0,1,0,0,0,0,0
-64.865338,84,696.113724,3,0.0,0,0,0,102.18880000000001,0.0,1,0,2,0,0,0
-76.184839,165,696.529007,3,0.0,0,0,0,107.92320000000002,0.0,1,0,0,0,0,0
82.526414,325,697.294162,3,0.0,6,5,2,221.67040000000003,268.0,3,0,0,0,0,1
-72.491486,624,699.091867,3,0.0,0,0,0,113.6576,0.0,1,0,2,0,0,0
-65.351219,105,699.371707,3,0.0,1,0,0,102.18880000000001,7.0,1,0,0,0,0,0
110.18727,337,700.183617,3,0.0,7,5,2,113.0752,275.0,3,0,0,0,0,1
-45.444391,178,700.693655,3,0.0,1,0,0,114.59840000000003,7.0,1,0,3,0,0,0
-60.818771,138,701.056581,3,0.0,0,0,0,102.18880000000001,0.0,1,0,2,0,0,0
-51.466503,111,701.348826,3,0.0,1,0,0,102.18880000000001,7.0,1,0,0,0,0,0
-33.923337,123,701.662592,3,0.0,0,0,0,108.86400000000002,0.0,1,0,3,0,0,0
126.763535,627,703.338353,3,0.0,19,5,2,102.16640000000001,359.0,3,1,0,0,0,1
70.005439,403,704.361247,3,0.0,3,5,2,174.71552000000003,247.0,3,0,2,0,0,0
-76.895497,196,704.922137,3,0.0,0,0,0,107.92320000000001,0.0,1,0,2,0,0,0
-66.496577,133,705.270077,3,0.0,1,0,0,102.18880000000001,7.0,1,0,2,0,0,0
78.770317,377,706.197848,3,0.0,3,5,2,116.74880000000002,247.0,3,0,0,0,0,0
-89.248896,354,707.195328,3,0.0,0,0,0,119.39200000000001,0.0,1,0,2,0,0,0
-39.310797,462,713.692045,3,0.0,1,0,0,120.33280000000002,7.0,1,0,2,0,0,0
-69.310524,246,714.360943,3,0.0,0,0,0,107.92320000000001,0.0,1,0,3,0,0,0
-78.151851,242,715.00891,3,0.0,1,0,0,113.65760000000002,7.0,1,0,3,0,0,0
-41.102886,214,715.589521,3,0.0,0,0,0,114.59840000000003,0.0,1,0,0,0,0,0
-73.476366,246,716.243645,3,0.0,0,0,0,107.92320000000001,0.0,1,0,2,0,0,0
-67.926026,168,716.669901,3,0.0,2,0,0,107.92320000000001,14.0,1,0,0,0,0,0
114.150643,838,719.002623,3,0.0,18,5,2,109.5136,352.0,3,1,2,0,0,1
-37.779333,280,719.831235,3,0.0,0,0,0,114.59840000000001,0.0,1,0,2,0,0,0
-60.962163,138,720.188332,3,0.0,0,0,0,120.33280000000002,0.0,1,0,2,0,0,0
-74.999489,213,720.759703,3,0.0,0,0,0,107.92320000000002,0.0,1,0,0,0,0,0
-80.978889,246,721.451042,3,0.0,0,0,0,113.6576,0.0,1,0,2,0,0,0
-81.685135,354,722.437445,3,0.0,0,0,0,113.65760000000002,0.0,1,0,2,0,0,0
-65.901094,192,722.986994,3,0.0,0,0,0,120.33280000000002,0.0,1,0,2,0,0,0
93.77083,394,723.913589,3,0.0,3,5,2,110.45440000000002,247.0,3,0,2,0,0,0
-73.741563,192,724.395594,3,0.0,0,0,0,107.92320000000001,0.0,1,0,2,0,0,0
-60.834059,201,724.909998,3,0.0,0,0,0,102.18880000000001,0.0,1,0,0,0,0,0
-77.234159,195,725.438272,3,0.0,0,0,0,107.92320000000001,0.0,1,0,2,0,0,0
-61.948007,192,725.963016,3,0.0,0,0,0,120.33280000000002,0.0,1,0,2,0,0,0
-44.453046,107,726.243,3,0.0,1,0,0,114.59840000000003,7.0,1,0,0,0,0,0
-42.843319,224,726.825465,3,0.0,1,0,0,114.59840000000003,7.0,1,0,2,0,0,0
35.942862,194,727.321672,2,0.0,3,3,1,114.80000000000001,151.0,2,0,0,0,0,0
84.41831,448,728.626029,3,0.0,4,5,2,100.2624,254.0,3,0,2,0,0,0
-44.558732,84,728.870651,3,0.0,0,0,0,114.59840000000001,0.0,1,0,3,0,0,0
-73.934588,248,729.601032,3,0.0,0,0,0,107.92320000000001,0.0,1,0,3,0,0,0
-47.567343,290,730.387253,3,0.0,0,0,0,114.59840000000003,0.0,1,0,2,0,0,0
-70.20584,357,731.384438,3,0.0,0,0,0,107.92320000000001,0.0,1,0,2,0,0,0
-53.64045,192,731.891155,3,0.0,1,0,0,120.33280000000002,7.0,1,0,2,0,0,0
-95.140407,408,733.042783,3,0.0,0,0,0,119.39200000000001,0.0,1,0,2,0,0,0
-55.59843,246,733.733017,3,0.0,0,0,0,102.1888,0.0,1,0,2,0,0,0
-86.411496,408,734.898604,3,0.0,0,0,0,113.6576,0.0,1,0,2,0,0,0
-58.636561,138,735.258613,3,0.0,0,0,0,120.33280000000002,0.0,1,0,2,0,0,0
-79.847638,354,736.257938,3,0.0,0,0,0,113.65760000000002,0.0,1,0,2,0,0,0
48.454917,829,738.641707,3,0.0,2,5,2,191.632,240.0,3,0,2,0,0,0
-35.106014,66,738.822365,3,0.0,0,0,0,108.86400000000002,0.0,1,0,2,0,0,0
-79.8213,408,739.969864,3,0.0,0,0,0,113.6576,0.0,1,0,2,0,0,0
-42.058792,249,740.689249,3,0.0,0,0,0,114.59840000000001,0.0,1,0,2,0,0,0
-59.696223,363,741.742734,3,0.0,0,0,0,102.18880000000001,0.0,1,0,0,0,0,0
93.244622,344,742.564322,3,0.0,7,5,2,103.5664,275.0,3,0,2,0,0,1
-73.569667,138,742.917996,3,0.0,1,0,0,107.92320000000001,7.0,1,0,2,0,0,0
-86.905618,300,743.758177,3,0.0,0,0,0,113.65760000000002,0.0,1,0,3,0,0,0
80.113453,420,744.773442,3,0.0,11,5,2,104.3392,303.0,3,0,2,0,0,1
-72.355286,138,745.142525,3,0.0,0,0,0,107.92320000000001,0.0,1,0,2,0,0,0
-33.437992,113,745.42764,3,0.0,0,0,0,108.86400000000002,0.0,1,0,0,0,0,0
77.07821,331,746.252372,3,0.0,7,5,2,112.04480000000001,275.0,3,0,3,0,0,0
-52.756255,79,746.460905,3,0.0,0,0,0,114.59840000000003,0.0,1,0,3,0,0,0
-49.163777,90,746.703009,3,0.0,0,0,0,114.59840000000001,0.0,1,0,0,0,0,0
-89.224313,272,747.439793,3,0.0,1,0,0,113.65760000000002,7.0,1,0,0,0,0,0
-70.123692,286,748.249875,3,0.0,0,0,0,107.92320000000001,0.0,1,0,2,0,0,0
-63.321042,84,748.471825,3,0.0,0,0,0,120.33280000000002,0.0,1,0,2,0,0,0
-75.746746,166,748.908726,3,0.0,0,0,0,107.92320000000002,0.0,1,0,0,0,0,0
-43.264141,192,749.430374,3,0.0,0,0,0,114.59840000000001,0.0,1,0,2,0,0,0
-68.880266,246,750.130224,3,0.0,0,0,0,107.92320000000001,0.0,1,0,2,0,0,0
-57.25619,138,750.522362,3,0.0,0,0,0,102.18880000000001,0.0,1,0,2,0,0,0
-57.57598,192,751.046598,3,0.0,0,0,0,120.3328,0.0,1,0,2,0,0,0
-59.961462,84,751.310242,3,0.0,0,0,0,102.18880000000001,0.0,1,0,2,0,0,0
53.919847,194,751.767838,2,0.0,4,4,1,109.36800000000001,192.0,3,1,0,0,0,1
-76.4665,241,752.436559,3,0.0,0,0,0,107.92320000000002,0.0,1,0,3,0,0,0
78.213343,412,753.441459,3,0.0,1,5,2,109.58080000000001,233.0,3,0,0,0,0,0
-64.485534,138,753.793294,3,0.0,0,0,0,102.18880000000001,0.0,1,0,2,0,0,0
-61.689785,192,754.317944,3,0.0,0,0,0,102.18880000000001,0.0,1,0,2,0,0,0
-81.06699,246,755.01247,3,0.0,0,0,0,113.6576,0.0,1,0,2,0,0,0
-47.923817,114,755.311563,3,0.0,0,0,0,114.59840000000003,0.0,1,0,0,0,0,0
-74.337612,570,756.984635,3,0.0,0,0,0,113.6576,0.0,1,0,2,0,0,0
-88.729388,216,757.553247,3,0.0,0,0,0,113.65760000000002,0.0,1,0,0,0,0,0
-47.314329,181,758.045304,3,0.0,1,0,0,114.59840000000003,7.0,1,0,2,0,0,0
-29.239548,227,758.64835,3,0.0,1,0,0,108.86400000000002,7.0,1,0,2,0,0,0
75.448894,426,759.709235,3,0.0,2,5,2,174.9888,240.0,3,0,2,0,0,0
36.279341,156,760.066903,2,0.0,2,3,1,101.36000000000001,144.0,2,0,0,0,0,0
123.12202,448,761.208973,3,0.0,10,5,2,105.504,296.0,3,1,0,0,0,1
-62.627707,164,761.64219,3,0.0,0,0,0,102.18880000000001,0.0,1,0,0,0,0,0
-71.846608,192,762.154838,3,0.0,0,0,0,107.92320000000001,0.0,1,0,2,0,0,0
-36.906048,77,762.36335,3,0.0,0,0,0,108.86400000000002,0.0,1,0,2,0,0,0
-47.200062,119,762.690332,3,0.0,1,0,0,114.59840000000003,7.0,1,0,2,0,0,0
78.855991,437,763.789592,3,0.0,3,5,2,106.31040000000002,247.0,3,0,0,0,0,0
-45.570529,207,764.354547,3,0.0,0,0,0,114.59840000000003,0.0,1,0,0,0,0,0
-77.631525,462,765.968141,3,0.0,0,0,0,113.6576,0.0,1,0,3,0,0,0
-55.723037,192,766.649126,3,0.0,1,0,0,102.1888,7.0,1,0,2,0,0,0
-69.749776,246,767.396501,3,0.0,0,0,0,107.92320000000001,0.0,1,0,2,0,0,0
-65.725511,192,767.95138,3,0.0,0,0,0,102.18880000000001,0.0,1,0,2,0,0,0
93.769643,413,769.013034,3,0.0,2,5,2,160.6304,240.0,3,0,2,0,0,0
-60.112607,349,770.038599,3,0.0,0,0,0,102.18880000000001,0.0,1,0,2,0,0,0
-69.394429,190,770.588171,3,0.0,0,0,0,102.18880000000001,0.0,1,0,3,0,0,0
-55.080735,242,771.262954,3,0.0,0,0,0,102.18880000000001,0.0,1,0,2,0,0,0
-62.19318,266,772.06922,3,0.0,0,0,0,102.18880000000001,0.0,1,0,0,0,0,0
72.037055,368,772.954611,3,0.0,10,5,2,100.1952,296.0,3,0,2,0,0,1
-48.443011,137,773.319652,3,0.0,0,0,0,114.59840000000001,0.0,1,0,2,0,0,0
-65.497615,190,773.853813,3,0.0,0,0,0,102.18880000000001,0.0,1,0,3,0,0,0
-58.568391,148,774.241715,3,0.0,0,0,0,102.18880000000001,0.0,1,0,0,0,0,0
69.791291,498,775.502429,3,0.0,13,5,2,100.1952,317.0,3,0,2,0,0,1
-70.955324,354,776.50473,3,0.0,0,0,0,107.92320000000001,0.0,1,0,2,0,0,0
-77.051361,138,776.878513,3,0.0,0,0,0,107.92320000000001,0.0,1,0,2,0,0,0
87.582829,389,777.826113,3,0.0,7,5,2,174.42880000000002,275.0,3,0,2,2,2,1
-63.72238,84,778.043728,3,0.0,0,0,0,120.33280000000002,0.0,1,0,2,0,0,0
-62.629703,89,778.277767,3,0.0,1,0,0,102.18880000000001,7.0,1,0,0,0,0,0
-82.417744,354,779.270635,3,0.0,0,0,0,113.6576,0.0,1,0,2,0,0,0
71.837883,363,780.147603,3,0.0,0,5,2,112.60480000000001,226.0,3,0,3,0,0,0
-68.934362,244,780.817405,3,0.0,1,0,0,107.92320000000001,7.0,1,0,2,0,0,0
-55.231481,300,787.335272,3,0.0,0,0,0,102.18880000000001,0.0,1,0,2,0,0,0
-52.365236,354,788.312034,3,0.0,0,0,0,120.3328,0.0,1,0,2,0,0,0
39.73697,207,788.857991,2,0.0,6,3,1,108.808,172.0,2,1,0,0,0,1
-54.949142,300,789.720413,3,0.0,0,0,0,120.33280000000002,0.0,1,0,2,0,0,0
49.891007,443,790.792854,3,0.0,4,5,2,171.3152,254.0,3,0,2,0,0,0
-54.035924,246,791.504137,3,0.0,0,0,0,102.1888,0.0,1,0,2,0,0,0
90.562329,497,792.806298,3,0.0,5,5,2,113.16480000000001,261.0,3,1,0,1,2,1
-55.875627,138,793.175356,3,0.0,0,0,0,102.1888,0.0,1,0,2,0,0,0
-59.928324,408,794.305436,3,0.0,1,0,0,107.92320000000001,7.0,1,0,2,0,0,0
-49.113386,95,794.543281,3,0.0,0,0,0,114.59840000000001,0.0,1,0,0,0,0,0
-45.261264,103,794.800029,3,0.0,0,0,0,114.59840000000003,0.0,1,0,0,0,0,0
-74.398013,408,795.972771,3,0.0,1,0,0,113.6576,7.0,1,0,2,0,0,0
-45.587781,102,796.251452,3,0.0,0,0,0,114.59840000000003,0.0,1,0,0,0,0,0
-44.310812,192,796.784447,3,0.0,0,0,0,114.59840000000001,0.0,1,0,2,0,0,0
-50.096539,121,797.117207,3,0.0,0,0,0,132.74240000000003,0.0,1,0,2,0,0,0
-54.995106,138,797.464723,3,0.0,0,0,0,120.3328,0.0,1,0,3,0,0,0
-68.997153,354,798.405873,3,0.0,0,0,0,107.92320000000001,0.0,1,0,3,0,0,0
438.690442,868,800.671175,6,0.0,33,16,5,160.56,1060.0,6,1,2,0,0,1
-51.160721,98,800.922652,3,0.0,0,0,0,114.59840000000003,0.0,1,0,0,0,0,0
54.855146,232,801.460429,2,0.0,3,4,1,100.80000000000001,185.0,2,0,0,0,0,1
-51.362433,155,801.902488,3,0.0,0,0,0,102.18880000000001,0.0,1,0,0,0,0,0
78.856687,381,802.82531,3,0.0,1,5,2,163.99040000000002,233.0,3,0,3,0,0,0
-44.756873,105,803.109914,3,0.0,0,0,0,114.59840000000003,0.0,1,0,0,0,0,0
-50.384804,112,803.419363,3,0.0,0,0,0,114.59840000000003,0.0,1,0,0,0,0,0
-47.062901,102,803.677679,3,0.0,0,0,0,114.59840000000003,0.0,1,0,0,0,0,0
-78.37523,300,804.500992,3,0.0,1,0,0,113.6576,7.0,1,0,2,0,0,0
-52.927685,224,805.118424,3,0.0,1,0,0,102.18880000000001,7.0,1,0,2,0,0,0
37.085097,191,805.573693,2,0.0,2,3,1,111.38400000000001,144.0,2,1,0,0,0,1
-75.848666,200,806.133519,3,0.0,0,0,0,107.92320000000002,0.0,1,0,0,0,0,0
-66.422881,246,806.820285,3,0.0,0,0,0,107.92320000000001,0.0,1,0,2,0,0,0
-45.670906,111,807.106542,3,0.0,1,0,0,114.59840000000003,7.0,1,0,0,0,0,0
-57.135644,138,807.467706,3,0.0,0,0,0,102.1888,0.0,1,0,2,0,0,0
-60.585139,260,808.210456,3,0.0,0,0,0,102.18880000000001,0.0,1,0,0,0,0,0
-49.799047,84,808.432899,3,0.0,0,0,0,114.59840000000001,0.0,1,0,2,0,0,0
71.383682,529,809.829184,3,0.0,2,5,2,110.78144000000003,240.0,3,0,0,0,0,0
-74.692303,162,810.280517,3,0.0,0,0,0,107.92320000000002,0.0,1,0,0,0,0,0
-59.312545,246,811.003616,3,0.0,0,0,0,120.33280000000002,0.0,1,0,2,0,0,0
-67.759485,210,811.590972,3,0.0,0,0,0,107.92320000000002,0.0,1,0,0,0,0,0
87.564789,303,812.317769,3,0.0,1,5,2,107.43040000000002,233.0,3,0,0,0,0,0
-65.468899,246,813.019499,3,0.0,0,0,0,120.33280000000002,0.0,1,0,2,0,0,0
-59.895595,257,813.729991,3,0.0,0,0,0,102.18880000000001,0.0,1,0,0,0,0,0
-54.572194,138,814.113375,3,0.0,0,0,0,102.1888,0.0,1,0,2,0,0,0
-54.017592,207,814.670833,3,0.0,0,0,0,102.18880000000001,0.0,1,0,0,0,0,0
-46.699707,284,815.452132,3,0.0,0,0,0,114.59840000000003,0.0,1,0,2,0,0,0
77.673202,697,817.169252,3,0.0,15,5,2,129.3152,331.0,3,0,2,0,0,1
140.368449,619,818.813138,4,0.0,21,6,3,262.39360000000005,665.0,4,0,0,0,0,1
-70.045699,246,819.515775,3,0.0,0,0,0,107.92320000000001,0.0,1,0,2,0,0,0
-45.01129,100,819.786755,3,0.0,0,0,0,114.59840000000001,0.0,1,0,0,0,0,0
-63.092184,186,820.303881,3,0.0,0,0,0,102.18880000000001,0.0,1,0,3,0,0,0
99.013311,303,821.043004,3,0.0,6,5,2,108.12480000000001,268.0,3,1,2,2,2,0
-40.478289,252,821.718942,3,0.0,0,0,0,114.59840000000001,0.0,1,0,0,0,0,0
57.902287,195,822.155388,2,0.0,4,4,1,100.24000000000001,192.0,3,0,0,0,0,1
-62.417779,199,822.686006,3,0.0,0,0,0,102.18880000000001,0.0,1,0,0,0,0,0
-54.120472,246,823.376049,3,0.0,0,0,0,102.1888,0.0,1,0,2,0,0,0
91.647747,248,824.046396,3,0.0,3,5,2,112.7056,247.0,3,1,2,0,0,0
-44.99023,84,824.282136,3,0.0,0,0,0,114.59840000000001,0.0,1,0,2,0,0,0
-36.889709,265,825.014164,3,0.0,1,0,0,114.59840000000001,7.0,1,0,0,0,0,0
-62.197625,162,825.430507,3,0.0,0,0,0,102.18880000000001,0.0,1,0,0,0,0,0
-45.725799,108,825.702722,3,0.0,0,0,0,114.59840000000003,0.0,1,0,0,0,0,0
-61.007512,84,825.916677,3,0.0,0,0,0,120.33280000000002,0.0,1,0,2,0,0,0
-56.507038,151,826.322255,3,0.0,0,0,0,102.18880000000001,0.0,1,0,0,0,0,0
-67.674151,300,827.343734,3,0.0,0,0,0,107.92320000000001,0.0,1,0,3,0,0,0
-91.700801,195,827.933618,3,0.0,1,0,0,113.65760000000002,7.0,1,0,2,0,0,0
-41.102153,246,828.926298,3,0.0,0,0,0,114.59840000000001,0.0,1,0,3,0,0,0
-83.49554,234,829.746861,3,0.0,0,0,0,113.65760000000002,0.0,1,0,3,0,0,0
-89.869342,239,830.441547,3,0.0,0,0,0,113.65760000000002,0.0,1,0,2,0,0,0
-84.316495,300,831.310802,3,0.0,0,0,0,113.65760000000002,0.0,1,0,2,0,0,0
-51.992371,192,831.855212,3,0.0,0,0,0,102.18880000000001,0.0,1,0,2,0,0,0
-67.265688,246,832.595632,3,0.0,0,0,0,107.92320000000001,0.0,1,0,3,0,0,0
-54.414485,246,833.391625,3,0.0,0,0,0,102.18880000000001,0.0,1,0,2,0,0,0
37.365838,208,833.946347,2,0.0,3,3,1,109.92800000000001,151.0,2,1,0,0,0,0
-34.279071,61,834.11271,3,0.0,0,0,0,108.86400000000002,0.0,1,0,0,0,0,0
72.141493,456,835.272926,3,0.0,10,5,2,112.8848,296.0,3,0,2,0,0,1
-52.192323,114,835.656096,3,0.0,2,0,0,102.18880000000001,14.0,1,0,0,0,0,0
52.608528,210,836.160929,2,0.0,3,4,1,101.36000000000001,185.0,2,0,0,0,0,1
-77.524982,311,837.029761,3,0.0,1,0,0,113.65760000000002,7.0,1,0,0,0,0,0
-59.014775,110,837.32991,3,0.0,1,0,0,102.18880000000001,7.0,1,0,0,0,0,0
-35.773227,66,837.505124,3,0.0,0,0,0,108.86400000000002,0.0,1,0,2,0,0,0
38.016361,242,838.100138,2,0.0,3,3,1,109.92800000000001,151.0,2,1,0,0,0,0
-73.903879,229,838.722522,3,0.0,1,0,0,107.92320000000001,7.0,1,0,3,0,0,0
-40.098244,194,839.238205,3,0.0,1,0,0,114.59840000000001,7.0,1,0,2,0,0,0
-55.125098,192,839.768352,3,0.0,0,0,0,120.3328,0.0,1,0,2,0,0,0
36.467303,187,840.173161,2,0.0,2,3,1,128.8,144.0,2,0,0,0,0,0
-39.184217,195,840.694824,3,0.0,1,0,0,114.59840000000001,7.0,1,0,2,0,0,0
-66.943647,189,841.205742,3,0.0,0,0,0,102.18880000000001,0.0,1,0,2,0,0,0
65.140977,562,842.665182,3,0.0,10,5,2,164.58624000000003,296.0,3,1,3,2,3,1
-52.623778,300,843.520165,3,0.0,0,0,0,120.3328,0.0,1,0,2,0,0,0
-76.579318,354,844.540055,3,0.0,0,0,0,113.6576,0.0,1,0,2,0,0,0
-50.034565,163,844.970136,3,0.0,0,0,0,114.59840000000003,0.0,1,0,0,0,0,0
73.649306,294,845.658891,3,0.0,1,5,2,141.72480000000002,233.0,3,0,2,0,0,0
-55.692314,84,845.878891,3,0.0,1,0,0,120.33280000000002,7.0,1,0,2,0,0,0
-34.131549,270,846.656724,3,0.0,0,0,0,114.59840000000001,0.0,1,0,0,0,0,0
-71.72181,246,847.376754,3,0.0,1,0,0,107.92320000000001,7.0,1,0,2,0,0,0
-33.19549,291,848.212966,3,0.0,0,0,0,108.86400000000002,0.0,1,0,2,0,0,0
54.507361,231,848.769447,2,0.0,3,4,1,100.80000000000001,185.0,2,1,0,0,0,0
-63.333657,114,849.067446,3,0.0,1,0,0,102.18880000000001,7.0,1,0,0,0,0,0
-56.929342,138,849.436585,3,0.0,1,0,0,120.33280000000002,7.0,1,0,2,0,0,0
-52.598126,192,849.99743,3,0.0,0,0,0,102.1888,0.0,1,0,2,0,0,0
-73.95921,195,850.523329,3,0.0,0,0,0,107.92320000000001,0.0,1,0,2,0,0,0
-52.27444,108,850.794539,3,0.0,2,0,0,102.18880000000001,14.0,1,0,0,0,0,0
52.901725,222,851.333064,2,0.0,3,4,1,101.92,185.0,2,0,0,0,0,0
-67.118295,246,852.024296,3,0.0,0,0,0,107.92320000000001,0.0,1,0,3,0,0,0
-89.9691,251,852.705146,3,0.0,0,0,0,113.65760000000002,0.0,1,0,0,0,0,0
-59.63656,157,853.127411,3,0.0,0,0,0,102.18880000000001,0.0,1,0,0,0,0,0
-54.924042,192,853.678019,3,0.0,0,0,0,120.3328,0.0,1,0,2,0,0,0
72.295017,344,859.486009,3,0.0,9,5,2,114.7552,289.0,3,0,2,0,0,1
-30.53975,110,859.768583,3,0.0,0,0,0,108.86400000000002,0.0,1,0,0,0,0,0
35.037455,265,860.435155,2,0.0,2,3,1,109.36800000000001,144.0,2,1,0,0,0,0
-74.04966,209,861.00245,3,0.0,0,0,0,107.92320000000002,0.0,1,0,0,0,0,0
-48.64936,138,861.380662,3,0.0,0,0,0,114.59840000000003,0.0,1,0,2,0,0,0
-54.750663,192,861.940172,3,0.0,0,0,0,120.33280000000002,0.0,1,0,2,0,0,0
-57.888916,84,862.165305,3,0.0,0,0,0,102.18880000000001,0.0,1,0,2,0,0,0
-48.249133,230,862.815894,3,0.0,0,0,0,114.59840000000003,0.0,1,0,2,0,0,0
95.360334,645,864.481035,3,0.0,15,5,2,176.5568,416.0,4,0,2,0,0,1
-72.289721,169,864.911704,3,0.0,0,0,0,107.92320000000002,0.0,1,0,0,0,0,0
-38.031876,273,865.649297,3,0.0,1,0,0,114.59840000000003,7.0,1,0,0,0,0,0
-44.655149,84,865.875512,3,0.0,0,0,0,114.59840000000001,0.0,1,0,3,0,0,0
-45.029446,236,866.548248,3,0.0,0,0,0,114.59840000000003,0.0,1,0,3,0,0,0
-88.37611,214,867.091741,3,0.0,2,0,0,113.65760000000002,14.0,1,0,0,0,0,0
72.308696,328,867.88192,3,0.0,8,5,2,114.7552,282.0,3,0,2,0,0,1
77.895862,426,868.971479,3,0.0,7,5,2,112.60480000000001,275.0,3,0,0,0,0,1
229.79209,959,871.670366,4,0.0,25,9,3,238.04480000000007,880.0,5,1,0,0,0,1
-47.0167,134,872.046831,3,0.0,0,0,0,114.59840000000003,0.0,1,0,2,0,0,0
49.08189,183,872.485713,2,0.0,1,4,1,115.92000000000002,171.0,2,0,0,0,0,0
-60.480078,97,872.738708,3,0.0,0,0,0,102.18880000000001,0.0,1,0,0,0,0,0
95.238035,316,873.509622,3,0.0,5,5,2,117.5416,261.0,3,1,2,1,1,0
109.621411,440,874.611139,3,0.0,5,5,2,131.28640000000001,261.0,3,0,2,2,3,0
-52.508902,82,874.822229,3,0.0,0,0,0,114.59840000000003,0.0,1,0,3,0,0,0
69.392552,417,875.89904,3,0.0,1,5,2,162.72480000000002,233.0,3,0,2,0,0,0
83.652772,358,876.705276,3,0.0,5,5,2,171.15840000000003,261.0,3,0,0,0,0,0
36.711943,210,877.174593,2,0.0,2,3,1,128.8,144.0,2,0,0,0,0,0
-59.639691,84,877.389589,3,0.0,0,0,0,102.18880000000001,0.0,1,0,2,0,0,0
-61.255678,84,877.602794,3,0.0,0,0,0,102.18880000000001,0.0,1,0,2,0,0,0
-31.643873,110,877.876427,3,0.0,0,0,0,108.86400000000002,0.0,1,0,0,0,0,0
-52.345835,290,878.665127,3,0.0,0,0,0,102.18880000000001,0.0,1,0,2,0,0,0
48.958994,174,879.059737,2,0.0,0,4,1,100.24000000000001,164.0,2,0,0,0,0,0
-72.897617,176,879.521733,3,0.0,0,0,0,107.92320000000002,0.0,1,0,2,0,0,0
-68.411017,300,880.36448,3,0.0,0,0,0,107.92320000000001,0.0,1,0,2,0,0,0
41.563278,239,880.985616,2,0.0,3,3,1,101.92,151.0,2,1,0,0,0,0
-46.787053,169,881.448135,3,0.0,0,0,0,114.59840000000003,0.0,1,0,0,0,0,0
95.067014,412,882.515196,3,0.0,10,5,2,107.5624,296.0,3,0,2,1,1,1
-61.379741,153,882.922466,3,0.0,0,0,0,102.18880000000001,0.0,1,0,0,0,0,0
86.793257,341,883.762401,3,0.0,7,5,2,100.4168,275.0,3,0,2,2,1,1
-78.744595,138,884.138655,3,0.0,0,0,0,107.92320000000001,0.0,1,0,2,0,0,0
89.87032,378,885.124243,3,0.0,12,5,2,114.7552,310.0,3,1,3,1,2,1
-81.88714,300,885.971906,3,0.0,0,0,0,113.65760000000002,0.0,1,0,2,0,0,0
-57.295701,243,886.656519,3,0.0,0,0,0,102.18880000000001,0.0,1,0,2,0,0,0
-57.761509,260,887.389608,3,0.0,0,0,0,102.18880000000001,0.0,1,0,0,0,0,0
57.271221,289,888.082722,2,0.0,8,4,1,109.36800000000001,220.0,3,1,0,0,0,1
-97.116959,246,888.761693,3,0.0,0,0,0,119.39200000000001,0.0,1,0,2,0,0,0
-44.458892,101,889.023588,3,0.0,0,0,0,114.59840000000003,0.0,1,0,0,0,0,0
-51.367692,138,889.403896,3,0.0,0,0,0,102.1888,0.0,1,0,2,0,0,0
-49.714273,124,889.729535,3,0.0,1,0,0,114.59840000000003,7.0,1,0,2,0,0,0
-72.006588,246,890.431653,3,0.0,0,0,0,107.92320000000001,0.0,1,0,3,0,0,0
-66.148093,84,890.66362,3,0.0,0,0,0,120.33280000000002,0.0,1,0,2,0,0,0
-60.212914,103,890.947777,3,0.0,0,0,0,102.18880000000001,0.0,1,0,0,0,0,0
-47.991198,181,891.449637,3,0.0,0,0,0,114.59840000000003,0.0,1,0,2,0,0,0
-60.444556,168,891.908599,3,0.0,1,0,0,102.18880000000001,7.0,1,0,0,0,0,0
-45.941363,64,892.082662,3,0.0,0,0,0,114.59840000000003,0.0,1,0,2,0,0,0
-48.018881,114,892.383802,3,0.0,0,0,0,114.59840000000003,0.0,1,0,0,0,0,0
-75.660346,516,893.851813,3,0.0,0,0,0,113.6576,0.0,1,0,2,0,0,0
-54.582544,354,894.844629,3,0.0,0,0,0,120.33280000000002,0.0,1,0,3,0,0,0
53.822607,193,895.299302,2,0.0,2,4,1,100.24000000000001,178.0,2,0,0,0,0,0
-48.304632,104,895.578816,3,0.0,0,0,0,114.59840000000001,0.0,1,0,0,0,0,0
93.915892,402,896.642746,3,0.0,8,5,2,100.03359999999999,282.0,3,0,0,1,1,1
-60.976196,113,896.926729,3,0.0,2,0,0,102.18880000000001,14.0,1,0,0,0,0,0
-70.976698,138,897.285178,3,0.0,0,0,0,107.92320000000001,0.0,1,0,2,0,0,0
-82.393399,246,897.948395,3,0.0,1,0,0,113.65760000000002,7.0,1,0,2,0,0,0
85.467147,393,898.909003,3,0.0,6,5,2,112.4804,268.0,3,0,3,0,1,1
-78.000889,408,900.038317,3,0.0,1,0,0,113.6576,7.0,1,0,2,0,0,0
-54.368103,262,900.749459,3,0.0,1,0,0,102.18880000000001,7.0,1,0,0,0,0,0
-66.239303,84,900.992757,3,0.0,0,0,0,120.33280000000002,0.0,1,0,2,0,0,0
87.042519,581,902.500691,3,0.0,10,5,2,132.8992,296.0,3,1,2,2,3,1
-91.264563,192,903.026027,3,0.0,0,0,0,113.65760000000002,0.0,1,0,2,0,0,0
-64.820886,112,903.318173,3,0.0,0,0,0,102.18880000000001,0.0,1,0,0,0,0,0
-78.932114,163,903.758468,3,0.0,0,0,0,107.92320000000002,0.0,1,0,0,0,0,0
-75.32073,272,904.53242,3,0.0,0,0,0,107.92320000000002,0.0,1,0,0,0,0,0
-73.597245,462,905.872777,3,0.0,0,0,0,113.6576,0.0,1,0,2,0,0,0
-42.115008,276,906.657048,3,0.0,0,0,0,114.59840000000003,0.0,1,0,0,0,0,0
-74.674332,138,907.032044,3,0.0,0,0,0,107.92320000000001,0.0,1,0,2,0,0,0
-43.896812,278,907.834784,3,0.0,0,0,0,114.59840000000001,0.0,1,0,2,0,0,0
69.673658,362,908.71738,3,0.0,11,5,2,201.30880000000002,303.0,3,0,2,0,0,0
-61.60017,138,909.070525,3,0.0,0,0,0,102.18880000000001,0.0,1,0,2,0,0,0
-62.963737,354,910.019652,3,0.0,1,0,0,107.92320000000001,7.0,1,0,2,0,0,0
-54.164081,175,910.457439,3,0.0,2,0,0,102.18880000000001,14.0,1,0,2,0,0,0
335.500926,1146,913.741525,5,0.0,17,14,4,207.58080000000004,852.0,5,0,0,0,0,1
-52.71046,516,915.660608,3,0.0,0,0,0,107.92320000000001,0.0,1,0,2,0,0,0
-73.406485,192,916.338568,3,0.0,0,0,0,107.92320000000001,0.0,1,0,2,0,0,0
-45.834712,256,917.228662,3,0.0,0,0,0,114.59840000000003,0.0,1,0,0,0,0,0
84.627763,461,918.490309,3,0.0,2,5,2,107.43040000000002,240.0,3,0,0,0,0,0
48.762595,160,918.865072,2,0.0,0,4,1,109.36800000000001,164.0,2,1,0,0,0,0
-72.900174,269,919.641356,3,0.0,0,0,0,107.92320000000001,0.0,1,0,0,0,0,0
-51.40043,246,920.320756,3,0.0,0,0,0,102.1888,0.0,1,0,2,0,0,0
-63.171461,192,920.821417,3,0.0,1,0,0,107.92320000000001,7.0,1,0,2,0,0,0
97.318395,505,922.189659,3,0.0,4,5,2,120.31040000000002,254.0,3,0,2,0,0,0
90.134719,482,923.445123,3,0.0,2,5,2,167.55200000000002,240.0,3,0,2,0,0,0
-82.311107,354,924.478085,3,0.0,0,0,0,113.65760000000002,0.0,1,0,2,0,0,0
-81.548546,174,924.959639,3,0.0,0,0,0,107.92320000000002,0.0,1,0,3,0,0,0
-39.692896,138,925.330364,3,0.0,0,0,0,114.59840000000001,0.0,1,0,3,0,0,0
-40.112834,138,925.723598,3,0.0,0,0,0,114.59840000000001,0.0,1,0,2,0,0,0
-65.455616,105,926.042517,3,0.0,0,0,0,102.18880000000001,0.0,1,0,0,0,0,0
45.789854,381,927.023248,3,0.0,3,5,2,124.0736,247.0,3,0,2,0,0,0
-45.749162,155,932.72213,3,0.0,0,0,0,114.59840000000001,0.0,1,0,0,0,0,0
-83.849012,354,933.758376,3,0.0,1,0,0,113.65760000000002,7.0,1,0,2,0,0,0
81.579499,862,936.038968,3,0.0,22,5,2,123.5136,380.0,3,0,3,0,0,2
73.435776,396,937.053778,3,0.0,9,5,2,158.4352,289.0,3,0,2,0,0,2
96.047442,356,937.962453,3,0.0,6,5,2,109.79136000000001,268.0,3,0,2,2,1,1
-76.209911,163,938.480988,3,0.0,0,0,0,107.92320000000002,0.0,1,0,0,0,0,0
-55.598269,354,939.614457,3,0.0,0,0,0,102.18880000000001,0.0,1,0,2,0,0,0
-65.350571,138,939.998832,3,0.0,0,0,0,120.3328,0.0,1,0,2,0,0,0
-43.749004,108,940.304615,3,0.0,0,0,0,114.59840000000003,0.0,1,0,0,0,0,0
-55.195577,300,941.152044,3,0.0,0,0,0,102.18880000000001,0.0,1,0,2,0,0,0
-47.416808,88,941.385092,3,0.0,0,0,0,114.59840000000003,0.0,1,0,2,0,0,0
94.676545,332,942.208542,3,0.0,6,5,2,125.38280000000002,268.0,3,0,0,2,1,0
71.684579,390,943.143027,3,0.0,4,5,2,114.7552,254.0,3,0,2,0,0,0
-61.89367,84,943.372952,3,0.0,0,0,0,102.18880000000001,0.0,1,0,2,0,0,0
-71.728927,255,944.094482,3,0.0,0,0,0,126.06720000000001,0.0,1,0,0,0,0,0
-88.275039,211,944.714105,3,0.0,0,0,0,131.8016,0.0,1,0,0,0,0,0
-42.276411,286,945.530403,3,0.0,0,0,0,114.59840000000003,0.0,1,0,2,0,0,0
-38.989575,300,946.387346,3,0.0,0,0,0,114.59840000000001,0.0,1,0,2,0,0,0
-50.329771,101,946.645197,3,0.0,0,0,0,114.59840000000003,0.0,1,0,0,0,0,0
84.893907,611,948.192447,3,0.0,21,5,2,109.5136,373.0,3,0,2,0,0,1
-93.154157,260,948.936422,3,0.0,0,0,0,113.65760000000002,0.0,1,0,0,0,0,0
-34.328649,97,949.186487,3,0.0,0,0,0,108.86400000000002,0.0,1,0,0,0,0,0
-48.696839,246,949.84596,3,0.0,0,0,0,120.3328,0.0,1,0,3,0,0,0
82.29005,490,951.074049,3,0.0,16,5,2,195.28320000000002,338.0,3,0,3,0,0,2
-48.860694,124,951.408005,3,0.0,1,0,0,114.59840000000003,7.0,1,0,2,0,0,0
-65.024169,246,952.123679,3,0.0,0,0,0,107.92320000000001,0.0,1,0,2,0,0,0
-61.621742,128,952.4553,3,0.0,0,0,0,102.18880000000001,0.0,1,0,2,0,0,0
-63.65796,84,952.668246,3,0.0,0,0,0,120.33280000000002,0.0,1,0,2,0,0,0
-52.142542,354,953.672162,3,0.0,0,0,0,102.1888,0.0,1,0,2,0,0,0
-57.613108,290,954.488999,3,0.0,0,0,0,102.18880000000001,0.0,1,0,2,0,0,0
-61.94836,202,955.044971,3,0.0,0,0,0,102.18880000000001,0.0,1,0,0,0,0,0
58.414588,547,956.400786,3,0.0,13,5,2,199.3376,317.0,3,0,2,0,0,2
-62.623561,300,957.233784,3,0.0,0,0,0,107.92320000000001,0.0,1,0,3,0,0,0
109.78803,383,958.176004,3,0.0,7,5,2,109.70400000000002,275.0,3,0,2,0,0,0
-58.769784,110,958.480162,3,0.0,0,0,0,102.18880000000001,0.0,1,0,0,0,0,0
-58.270362,84,958.708107,3,0.0,0,0,0,120.33280000000002,0.0,1,0,2,0,0,0
-37.817219,273,959.496188,3,0.0,0,0,0,114.59840000000003,0.0,1,0,0,0,0,0
-74.453226,354,960.539165,3,0.0,0,0,0,113.6576,0.0,1,0,2,0,0,0
91.091245,442,961.667679,3,0.0,10,5,2,108.4608,296.0,3,1,3,2,1,2
-41.230831,138,962.049388,3,0.0,0,0,0,114.59840000000001,0.0,1,0,3,0,0,0
-54.274355,95,962.310858,3,0.0,0,0,0,102.18880000000001,0.0,1,0,0,0,0,0
35.309055,122,962.605173,2,0.0,0,3,1,100.24000000000001,130.0,2,1,0,0,0,1
-51.954439,201,963.186302,3,0.0,0,0,0,102.18880000000001,0.0,1,0,0,0,0,0
-54.918073,138,963.579268,3,0.0,0,0,0,102.18880000000001,0.0,1,0,2,0,0,0
74.032223,376,964.555762,3,0.0,7,5,2,173.78920000000002,275.0,3,0,2,1,2,1
-44.155106,153,964.970372,3,0.0,0,0,0,114.59840000000003,0.0,1,0,0,0,0,0
-68.306635,280,965.735497,3,0.0,0,0,0,120.33280000000002,0.0,1,0,2,0,0,0
81.007699,407,966.790124,3,0.0,9,5,2,113.31920000000001,289.0,3,1,0,0,0,1
-55.995277,258,967.52107,3,0.0,0,0,0,102.18880000000001,0.0,1,0,0,0,0,0
55.864375,769,969.434541,3,0.0,26,5,2,262.7744,493.0,4,0,2,0,0,1
91.734452,437,970.521526,3,0.0,10,5,2,165.1328,381.0,3,0,2,0,0,2
-73.245856,141,970.90819,3,0.0,0,0,0,107.92320000000001,0.0,1,0,2,0,0,0
-66.657187,84,971.123295,3,0.0,0,0,0,102.18880000000001,0.0,1,0,2,0,0,0
-61.791545,245,971.797901,3,0.0,0,0,0,102.18880000000001,0.0,1,0,3,0,0,0
67.114822,623,973.416945,3,0.0,14,5,2,124.0736,324.0,3,0,2,0,0,1
-55.336243,234,974.077045,3,0.0,0,0,0,102.18880000000001,0.0,1,0,2,0,0,0
-53.826248,354,975.053563,3,0.0,1,0,0,102.1888,7.0,1,0,2,0,0,0
-73.892381,138,975.443493,3,0.0,0,0,0,107.92320000000001,0.0,1,0,2,0,0,0
-29.63003,124,975.787811,3,0.0,0,0,0,108.86400000000002,0.0,1,0,3,0,0,0
-49.652202,192,976.34848,3,0.0,0,0,0,120.3328,0.0,1,0,2,0,0,0
-90.812324,236,977.028743,3,0.0,0,0,0,113.65760000000002,0.0,1,0,2,0,0,0
-61.77761,138,977.412729,3,0.0,0,0,0,102.18880000000001,0.0,1,0,2,0,0,0
52.628606,189,977.881568,2,0.0,2,4,1,100.80000000000001,178.0,2,0,0,0,0,1
-89.124391,624,979.763814,3,0.0,0,0,0,119.39200000000001,0.0,1,0,2,0,0,0
61.441231,287,980.471611,2,0.0,8,4,1,101.92,220.0,3,1,0,0,0,1
182.163338,402,981.525688,4,0.0,6,7,3,119.87240000000001,509.0,4,1,0,0,0,1
86.886105,438,982.61243,3,0.0,8,5,2,104.0008,282.0,3,1,2,1,2,1
-35.268168,138,982.983057,3,0.0,0,0,0,114.59840000000001,0.0,1,0,2,0,0,0
-49.894598,53,983.112753,3,0.0,0,0,0,114.59840000000003,0.0,1,0,0,0,0,0
-54.636697,246,983.783925,3,0.0,0,0,0,102.18880000000001,0.0,1,0,2,0,0,0
-63.903331,134,984.126258,3,0.0,2,0,0,102.18880000000001,14.0,1,0,2,0,0,0
65.137099,780,986.352619,3,0.0,8,5,2,119.39200000000001,282.0,3,1,2,1,1,0
-34.258124,176,986.824589,3,0.0,0,0,0,108.86400000000002,0.0,1,0,2,0,0,0
-58.826036,461,988.191512,3,0.0,1,0,0,102.18880000000001,7.0,1,0,2,0,0,0
54.044177,253,988.779195,2,0.0,2,4,1,101.36000000000001,178.0,2,1,0,0,0,0
90.18816,360,989.659943,3,0.0,11,5,2,120.5568,303.0,3,0,2,0,0,1
94.925319,359,990.526276,3,0.0,6,5,2,104.76032000000001,268.0,3,0,2,0,0,1
-70.100024,300,991.521762,3,0.0,0,0,0,107.92320000000001,0.0,1,0,2,0,0,0
88.69728,467,992.68282,3,0.0,8,5,2,134.5568,282.0,3,0,3,0,0,1
-63.020402,94,992.943005,3,0.0,0,0,0,102.18880000000001,0.0,1,0,0,0,0,0
-46.768302,156,993.394454,3,0.0,0,0,0,114.59840000000003,0.0,1,0,0,0,0,0
-38.328957,283,994.222162,3,0.0,0,0,0,114.59840000000001,0.0,1,0,2,0,0,0
-69.986604,209,994.823105,3,0.0,1,0,0,107.92320000000001,7.0,1,0,0,0,0,0
-66.954541,218,995.433845,3,0.0,0,0,0,102.18880000000001,0.0,1,0,0,0,0,0
52.161445,226,996.00623,2,0.0,3,4,1,101.92,185.0,2,0,0,0,0,1
-59.788519,246,996.707491,3,0.0,0,0,0,102.18880000000001,0.0,1,0,2,0,0,0
-54.503296,138,997.082881,3,0.0,1,0,0,120.33280000000002,7.0,1,0,2,0,0,0
-59.368998,246,997.754192,3,0.0,0,0,0,120.33280000000002,0.0,1,0,2,0,0,0
-44.094149,221,998.362225,3,0.0,0,0,0,114.59840000000003,0.0,1,0,0,0,0,0
116.234548,673,1005.386218,3,0.0,13,5,2,109.5808,317.0,3,1,3,0,1,2
42.80617,205,1005.867348,2,0.0,6,3,1,101.36000000000001,172.0,2,0,0,0,0,0
66.953389,386,1006.826449,3,0.0,2,5,2,114.7552,240.0,3,0,2,0,0,0
-56.870885,138,1007.214227,3,0.0,0,0,0,120.33280000000002,0.0,1,0,2,0,0,0
-60.543186,84,1007.458747,3,0.0,0,0,0,102.18880000000001,0.0,1,0,2,0,0,0
-78.002237,246,1008.182204,3,0.0,1,0,0,113.6576,7.0,1,0,2,0,0,0
-51.88011,81,1008.395802,3,0.0,0,0,0,114.59840000000003,0.0,1,0,2,0,0,0
66.576052,296,1009.13707,3,0.0,6,5,2,100.1952,268.0,3,0,2,0,0,1
-56.741449,104,1009.40399,3,0.0,0,0,0,102.18880000000001,0.0,1,0,0,0,0,0
-53.837833,239,1010.052977,3,0.0,0,0,0,114.59840000000003,0.0,1,0,2,0,0,0
-58.01042,246,1010.725973,3,0.0,0,0,0,120.3328,0.0,1,0,2,0,0,0
100.446001,359,1011.616666,3,0.0,6,5,2,179.98400000000004,268.0,3,0,2,0,0,0
-66.905827,188,1012.162244,3,0.0,0,0,0,102.18880000000001,0.0,1,0,2,0,0,0
-41.011089,84,1012.384267,3,0.0,0,0,0,114.59840000000001,0.0,1,0,2,0,0,0
-56.848209,138,1012.75586,3,0.0,0,0,0,102.1888,0.0,1,0,2,0,0,0
-61.946468,197,1013.287491,3,0.0,0,0,0,102.18880000000001,0.0,1,0,0,0,0,0
50.342622,198,1013.762472,2,0.0,1,4,1,100.24000000000001,171.0,2,0,0,0,0,0
-61.54704,138,1014.128572,3,0.0,0,0,0,102.18880000000001,0.0,1,0,2,0,0,0
-62.150383,193,1014.667664,3,0.0,0,0,0,102.18880000000001,0.0,1,0,2,0,0,0
-78.450336,246,1015.342502,3,0.0,0,0,0,113.6576,0.0,1,0,2,0,0,0
-70.664182,192,1015.870039,3,0.0,0,0,0,107.92320000000001,0.0,1,0,2,0,0,0
-75.005157,279,1016.636003,3,0.0,0,0,0,107.92320000000002,0.0,1,0,2,0,0,0
-57.15886,217,1017.219531,3,0.0,0,0,0,102.18880000000001,0.0,1,0,0,0,0,0
67.2994,385,1018.235563,3,0.0,12,5,2,169.2084,310.0,3,1,0,2,1,1
-52.527219,113,1018.525974,3,0.0,0,0,0,114.59840000000003,0.0,1,0,0,0,0,0
-34.219689,117,1018.831506,3,0.0,0,0,0,108.86400000000002,0.0,1,0,3,0,0,0
-54.761815,291,1019.702888,3,0.0,0,0,0,102.18880000000001,0.0,1,0,2,0,0,0
-53.082581,192,1020.248627,3,0.0,1,0,0,102.1888,7.0,1,0,2,0,0,0
-39.377819,138,1020.608287,3,0.0,0,0,0,114.59840000000001,0.0,1,0,3,0,0,0
-45.532745,151,1020.999395,3,0.0,0,0,0,114.59840000000001,0.0,1,0,0,0,0,0
-66.284016,207,1021.564691,3,0.0,0,0,0,102.18880000000001,0.0,1,0,0,0,0,0
-47.984529,110,1021.87035,3,0.0,0,0,0,114.59840000000003,0.0,1,0,0,0,0,0
-43.090751,231,1022.484639,3,0.0,0,0,0,114.59840000000003,0.0,1,0,3,0,0,0
-51.128212,246,1023.170491,3,0.0,0,0,0,102.1888,0.0,1,0,2,0,0,0
52.006135,235,1023.753165,2,0.0,1,4,1,100.24000000000001,171.0,2,1,0,0,0,1
-61.115832,189,1024.268533,3,0.0,0,0,0,102.18880000000001,0.0,1,0,3,0,0,0
-55.982333,138,1024.637842,3,0.0,0,0,0,102.1888,0.0,1,0,2,0,0,0
-63.812114,354,1025.649379,3,0.0,0,0,0,107.92320000000001,0.0,1,0,2,0,0,0
-50.089803,246,1026.329042,3,0.0,0,0,0,102.18880000000001,0.0,1,0,2,0,0,0
-30.722176,72,1026.506146,3,0.0,0,0,0,108.86400000000002,0.0,1,0,2,0,0,0
-63.323921,246,1027.156338,3,0.0,0,0,0,107.92320000000001,0.0,1,0,2,0,0,0
-61.316533,138,1027.515827,3,0.0,0,0,0,120.33280000000002,0.0,1,0,2,0,0,0
-34.176174,64,1027.686055,3,0.0,0,0,0,108.86400000000002,0.0,1,0,2,0,0,0
-64.913333,182,1028.169421,3,0.0,0,0,0,102.18880000000001,0.0,1,0,2,0,0,0
-57.073512,169,1028.645136,3,0.0,0,0,0,102.18880000000001,0.0,1,0,0,0,0,0
-34.739964,71,1028.834198,3,0.0,0,0,0,108.86400000000002,0.0,1,0,2,0,0,0
-51.649429,300,1029.671689,3,0.0,0,0,0,102.1888,0.0,1,0,2,0,0,0
-30.096956,306,1030.552954,3,0.0,1,0,0,114.59840000000003,7.0,1,0,0,0,0,0
47.291672,206,1031.018751,2,0.0,1,4,1,157.92000000000002,171.0,2,0,0,0,0,0
67.756555,674,1032.720725,3,0.0,17,5,2,205.632,345.0,3,0,2,0,0,1
-89.394842,300,1033.516834,3,0.0,0,0,0,119.39200000000001,0.0,1,0,2,0,0,0
129.915487,420,1034.578789,3,0.0,11,5,2,103.4632,303.0,3,0,0,1,1,1
-83.396343,570,1036.29935,3,0.0,0,0,0,119.39200000000001,0.0,1,0,2,0,0,0
-47.080225,156,1036.72346,3,0.0,0,0,0,114.59840000000001,0.0,1,0,0,0,0,0
48.382736,449,1037.802719,3,0.0,6,5,2,170.2176,268.0,3,0,2,0,0,0
-46.449284,91,1038.029141,3,0.0,0,0,0,114.59840000000001,0.0,1,0,0,0,0,0
-38.640193,75,1038.218241,3,0.0,0,0,0,108.86400000000002,0.0,1,0,2,0,0,0
-63.815554,107,1038.480115,3,0.0,1,0,0,102.18880000000001,7.0,1,0,0,0,0,0
-54.516856,192,1038.978803,3,0.0,0,0,0,120.33280000000002,0.0,1,0,2,0,0,0
-48.068238,100,1039.236935,3,0.0,0,0,0,114.59840000000001,0.0,1,0,0,0,0,0
-82.78756,300,1040.091722,3,0.0,1,0,0,113.6576,7.0,1,0,2,0,0,0
-68.773949,360,1041.114355,3,0.0,0,0,0,107.92320000000001,0.0,1,0,0,0,0,0
56.851082,216,1041.601742,2,0.0,5,4,1,100.80000000000001,199.0,3,0,0,0,0,1
-58.479649,192,1042.192026,3,0.0,0,0,0,120.33280000000002,0.0,1,0,2,0,0,0
-69.778053,135,1042.587519,3,0.0,0,0,0,102.18880000000001,0.0,1,0,2,0,0,0
-59.754245,351,1043.685691,3,0.0,0,0,0,102.18880000000001,0.0,1,0,2,0,0,0
-72.902652,242,1044.531828,3,0.0,1,0,0,107.92320000000001,7.0,1,0,2,0,0,0
-50.956623,355,1045.541711,3,0.0,0,0,0,102.18880000000001,0.0,1,0,2,0,0,0
93.650092,276,1046.19152,3,0.0,8,5,2,127.70240000000001,282.0,3,0,2,0,0,1
-75.13549,248,1046.898103,3,0.0,0,0,0,107.92320000000002,0.0,1,0,3,0,0,0
-74.179699,266,1047.628431,3,0.0,0,0,0,107.92320000000002,0.0,1,0,0,0,0,0
-77.84139,462,1049.005844,3,0.0,0,0,0,113.6576,0.0,1,0,2,0,0,0
78.621315,742,1051.006443,3,0.0,17,5,2,100.7552,345.0,3,0,3,0,0,1
-89.235217,232,1051.65079,3,0.0,0,0,0,113.65760000000002,0.0,1,0,2,0,0,0
-86.374914,205,1052.204562,3,0.0,1,0,0,113.65760000000002,7.0,1,0,0,0,0,0
59.710215,434,1053.267474,3,0.0,3,5,2,114.7552,247.0,3,0,2,0,0,0
-52.98702,192,1053.784326,3,0.0,0,0,0,102.1888,0.0,1,0,2,0,0,0
-67.730708,227,1054.417488,3,0.0,1,0,0,107.92320000000001,7.0,1,0,2,0,0,0
-49.961958,204,1054.967767,3,0.0,0,0,0,114.59840000000001,0.0,1,0,0,0,0,0
-47.784092,84,1055.186135,3,0.0,0,0,0,114.59840000000001,0.0,1,0,2,0,0,0
-54.252683,138,1055.547614,3,0.0,1,0,0,120.33280000000002,7.0,1,0,2,0,0,0
49.478098,185,1055.979783,2,0.0,1,4,1,114.80000000000001,171.0,2,1,0,0,0,0
20.924341,203,1056.477549,2,0.0,1,2,1,114.24000000000001,103.0,2,1,0,0,0,0
-53.048973,74,1056.667548,3,0.0,0,0,0,114.59840000000003,0.0,1,0,2,0,0,0
-58.669516,150,1057.065401,3,0.0,0,0,0,102.18880000000001,0.0,1,0,0,0,0,0
-59.20614,192,1057.603614,3,0.0,0,0,0,120.33280000000002,0.0,1,0,2,0,0,0
-34.077477,89,1057.847595,3,0.0,0,0,0,108.86400000000002,0.0,1,0,0,0,0,0
-61.632968,253,1058.549173,3,0.0,0,0,0,102.18880000000001,0.0,1,0,0,0,0,0
-66.781603,284,1059.330062,3,0.0,1,0,0,107.92320000000001,7.0,1,0,3,0,0,0
-59.770982,255,1060.071802,3,0.0,0,0,0,102.18880000000001,0.0,1,0,0,0,0,0
51.72586,219,1060.592429,2,0.0,0,4,1,101.36000000000001,164.0,2,1,0,0,0,0
52.252811,204,1061.060945,2,0.0,3,4,1,100.80000000000001,185.0,2,0,0,0,0,0
-68.791489,246,1061.739524,3,0.0,0,0,0,107.92320000000001,0.0,1,0,3,0,0,0
-50.847551,138,1062.156091,3,0.0,1,0,0,102.18880000000001,7.0,1,0,2,0,0,0
-73.884593,138,1062.525992,3,0.0,1,0,0,107.92320000000001,7.0,1,0,2,0,0,0
-51.508716,115,1062.813498,3,0.0,0,0,0,114.59840000000003,0.0,1,0,0,0,0,0
-77.613109,300,1063.616872,3,0.0,1,0,0,113.65760000000002,7.0,1,0,2,0,0,0
-72.129514,138,1063.947753,3,0.0,1,0,0,126.06720000000001,7.0,1,0,2,0,0,0
-57.510394,84,1064.159911,3,0.0,0,0,0,102.18880000000001,0.0,1,0,2,0,0,0
-49.551626,90,1064.378748,3,0.0,0,0,0,114.59840000000001,0.0,1,0,0,0,0,0
-43.920598,283,1065.155828,3,0.0,1,0,0,114.59840000000003,7.0,1,0,2,0,0,0
-91.950566,234,1065.779596,3,0.0,0,0,0,113.65760000000002,0.0,1,0,2,0,0,0
-44.521955,240,1066.462315,3,0.0,0,0,0,114.59840000000001,0.0,1,0,2,0,0,0
-94.14742,248,1067.154779,3,0.0,0,0,0,113.65760000000002,0.0,1,0,3,0,0,0
-73.438696,192,1067.707326,3,0.0,0,0,0,107.92320000000001,0.0,1,0,2,0,0,0
-36.972988,138,1068.073879,3,0.0,0,0,0,114.59840000000001,0.0,1,0,2,0,0,0
-58.773204,246,1068.762811,3,0.0,0,0,0,120.3328,0.0,1,0,2,0,0,0
-72.311881,570,1070.570627,3,0.0,1,0,0,113.6576,7.0,1,0,2,0,0,0
56.421284,421,1071.671848,3,0.0,11,5,2,170.7776,303.0,3,1,2,2,1,1
-94.343077,264,1072.439501,3,0.0,0,0,0,113.65760000000002,0.0,1,0,0,0,0,0
-61.368732,95,1072.696704,3,0.0,1,0,0,102.18880000000001,7.0,1,0,0,0,0,0
-50.820878,192,1079.346232,3,0.0,0,0,0,102.1888,0.0,1,0,2,0,0,0
-60.393935,256,1080.035642,3,0.0,0,0,0,102.18880000000001,0.0,1,0,0,0,0,0
52.110057,205,1080.498147,2,0.0,4,4,1,101.36000000000001,192.0,3,0,0,0,0,0
-30.259047,161,1080.891951,3,0.0,1,0,0,108.86400000000002,7.0,1,0,0,0,0,0
82.370833,356,1081.735195,3,0.0,10,5,2,107.92320000000001,296.0,3,0,0,1,2,2
-44.267612,151,1082.141345,3,0.0,0,0,0,114.59840000000001,0.0,1,0,0,0,0,0
-57.525301,138,1082.503489,3,0.0,0,0,0,120.33280000000002,0.0,1,0,2,0,0,0
-49.157486,246,1083.175117,3,0.0,1,0,0,102.1888,7.0,1,0,2,0,0,0
-63.672542,84,1083.390458,3,0.0,0,0,0,120.33280000000002,0.0,1,0,2,0,0,0
79.931012,612,1084.979671,3,0.0,11,5,2,107.2836,303.0,3,1,2,0,0,1
108.818571,665,1086.749619,3,0.0,16,5,2,159.84640000000002,338.0,3,0,2,0,0,1
-63.56075,119,1087.072634,3,0.0,1,0,0,102.18880000000001,7.0,1,0,2,0,0,0
-50.133158,246,1087.771743,3,0.0,0,0,0,120.3328,0.0,1,0,2,0,0,0
-90.844364,570,1089.424866,3,0.0,1,0,0,119.39200000000001,7.0,1,0,2,0,0,0
114.20815,362,1090.349244,3,0.0,11,5,2,114.83360000000002,303.0,3,1,0,1,1,1
-55.184842,274,1091.099122,3,0.0,0,0,0,102.18880000000001,0.0,1,0,0,0,0,0
-56.574667,102,1091.363209,3,0.0,0,0,0,102.18880000000001,0.0,1,0,0,0,0,0
-61.344878,150,1091.762416,3,0.0,0,0,0,102.18880000000001,0.0,1,0,0,0,0,0
-43.374048,228,1092.412139,3,0.0,0,0,0,114.59840000000003,0.0,1,0,2,0,0,0
112.155918,528,1093.748397,3,0.0,16,5,2,110.47560000000001,338.0,3,1,0,0,0,1
-51.380917,138,1094.108171,3,0.0,1,0,0,102.1888,7.0,1,0,2,0,0,0
-74.453062,246,1094.811073,3,0.0,1,0,0,107.92320000000001,7.0,1,0,2,0,0,0
-58.512022,192,1095.318034,3,0.0,0,0,0,120.3328,0.0,1,0,2,0,0,0
-74.444155,408,1096.458901,3,0.0,1,0,0,113.65760000000002,7.0,1,0,2,0,0,0
-61.750467,294,1097.24614,3,0.0,0,0,0,102.18880000000001,0.0,1,0,2,0,0,0
82.145189,390,1098.179595,3,0.0,9,5,2,119.4368,289.0,3,0,3,0,0,1
-59.478534,286,1099.01591,3,0.0,1,0,0,102.18880000000001,7.0,1,0,2,0,0,0
76.224864,502,1100.322988,3,0.0,15,5,2,120.5568,331.0,3,0,2,0,0,1
113.598072,351,1101.190413,3,0.0,9,5,2,122.78440000000002,374.0,3,1,0,0,1,1
-49.158523,192,1101.693804,3,0.0,0,0,0,102.1888,0.0,1,0,2,0,0,0
-68.607534,255,1102.37061,3,0.0,0,0,0,107.92320000000002,0.0,1,0,0,0,0,0
-47.848549,97,1102.620827,3,0.0,0,0,0,114.59840000000003,0.0,1,0,0,0,0,0
351.767281,880,1104.952775,5,0.0,42,15,4,259.5800000000001,1061.0,6,0,0,0,0,1
-54.205271,138,1105.308768,3,0.0,0,0,0,120.3328,0.0,1,0,2,0,0,0
-52.720272,246,1106.006305,3,0.0,0,0,0,102.1888,0.0,1,0,2,0,0,0
-74.298863,267,1106.762036,3,0.0,0,0,0,107.92320000000002,0.0,1,0,0,0,0,0
-56.878839,138,1107.147453,3,0.0,0,0,0,102.18880000000001,0.0,1,0,2,0,0,0
-47.081115,290,1107.980743,3,0.0,0,0,0,114.59840000000003,0.0,1,0,2,0,0,0
-75.752681,171,1108.427243,3,0.0,0,0,0,107.92320000000002,0.0,1,0,2,0,0,0
-46.491135,104,1108.706474,3,0.0,0,0,0,114.59840000000003,0.0,1,0,0,0,0,0
-61.770762,84,1108.929578,3,0.0,1,0,0,102.18880000000001,7.0,1,0,2,0,0,0
-54.767219,192,1109.465417,3,0.0,0,0,0,102.1888,0.0,1,0,2,0,0,0
-49.731333,261,1110.153998,3,0.0,1,0,0,102.18880000000001,7.0,1,0,0,0,0,0
-61.842773,300,1110.959233,3,0.0,0,0,0,107.92320000000001,0.0,1,0,2,0,0,0
-70.735787,246,1111.603655,3,0.0,1,0,0,107.92320000000001,7.0,1,0,2,0,0,0
63.19105,580,1112.984103,3,0.0,14,5,2,177.072,324.0,3,0,2,0,0,1
-48.544083,128,1113.31458,3,0.0,1,0,0,114.59840000000003,7.0,1,0,3,0,0,0
-60.15731,192,1113.83077,3,0.0,0,0,0,120.33280000000002,0.0,1,0,2,0,0,0
-63.229949,354,1114.817247,3,0.0,0,0,0,107.92320000000001,0.0,1,0,3,0,0,0
-58.667481,246,1115.498045,3,0.0,0,0,0,102.18880000000001,0.0,1,0,2,0,0,0
-44.705643,354,1116.523599,3,0.0,0,0,0,120.33280000000002,0.0,1,0,2,0,0,0
-53.388531,82,1116.739388,3,0.0,0,0,0,114.59840000000003,0.0,1,0,2,0,0,0
-43.448985,214,1117.301627,3,0.0,1,0,0,102.18880000000001,7.0,1,0,0,0,0,0
-60.82079,97,1117.549659,3,0.0,0,0,0,102.18880000000001,0.0,1,0,0,0,0,0
-55.664827,138,1117.914658,3,0.0,0,0,0,102.18880000000001,0.0,1,0,2,0,0,0
-48.897712,177,1118.372682,3,0.0,0,0,0,114.59840000000003,0.0,1,0,3,0,0,0
-56.421829,216,1118.941472,3,0.0,0,0,0,102.18880000000001,0.0,1,0,0,0,0,0
-54.682894,138,1119.307671,3,0.0,1,0,0,102.18880000000001,7.0,1,0,2,0,0,0
82.010148,329,1120.093553,3,0.0,6,5,2,103.4408,268.0,3,0,2,1,1,1
-71.65884,256,1120.783409,3,0.0,0,0,0,107.92320000000002,0.0,1,0,0,0,0,0
-59.779108,84,1121.021206,3,0.0,0,0,0,102.18880000000001,0.0,1,0,2,0,0,0
-55.857857,300,1121.878213,3,0.0,0,0,0,102.18880000000001,0.0,1,0,2,0,0,0
-39.531589,84,1122.137985,3,0.0,0,0,0,114.59840000000001,0.0,1,0,2,0,0,0
-72.782622,138,1122.496117,3,0.0,0,0,0,107.92320000000001,0.0,1,0,2,0,0,0
-43.442084,111,1122.787504,3,0.0,0,0,0,114.59840000000003,0.0,1,0,0,0,0,0
-32.992608,119,1123.101922,3,0.0,0,0,0,108.864,0.0,1,0,3,0,0,0
92.620305,359,1123.968939,3,0.0,4,5,2,161.52640000000002,254.0,3,0,2,0,0,0
-61.62915,135,1124.320458,3,0.0,1,0,0,102.18880000000001,7.0,1,0,2,0,0,0
-59.511401,93,1124.552999,3,0.0,0,0,0,102.18880000000001,0.0,1,0,0,0,0,0
-71.619436,246,1125.237628,3,0.0,0,0,0,107.92320000000002,0.0,1,0,2,0,0,0
-69.774752,358,1126.241043,3,0.0,0,0,0,107.92320000000001,0.0,1,0,2,0,0,0
-67.500514,190,1126.747712,3,0.0,0,0,0,102.18880000000001,0.0,1,0,3,0,0,0
-63.891033,246,1127.43697,3,0.0,0,0,0,107.92320000000001,0.0,1,0,2,0,0,0
-64.948935,201,1127.982041,3,0.0,0,0,0,102.18880000000001,0.0,1,0,0,0,0,0
-53.519352,297,1128.80394,3,0.0,1,0,0,102.18880000000001,7.0,1,0,2,0,0,0
-57.955688,220,1129.376048,3,0.0,1,0,0,102.18880000000001,7.0,1,0,0,0,0,0
93.307825,473,1130.513116,3,0.0,8,5,2,113.16480000000001,282.0,3,1,0,0,0,2
91.452172,529,1131.846275,3,0.0,15,5,2,180.3872,331.0,3,1,0,0,0,1
-72.139222,361,1132.880294,3,0.0,0,0,0,107.92320000000001,0.0,1,0,0,0,0,0
-54.687142,192,1133.426923,3,0.0,1,0,0,120.3328,7.0,1,0,2,0,0,0
90.621823,478,1134.630221,3,0.0,10,5,2,113.12,296.0,3,0,0,2,0,2
-66.63661,192,1135.138882,3,0.0,0,0,0,107.92320000000001,0.0,1,0,2,0,0,0
105.001252,452,1136.256342,3,0.0,7,5,2,102.72640000000001,275.0,3,1,3,2,3,1
70.090275,444,1137.305278,3,0.0,13,5,2,171.8976,317.0,3,0,2,0,0,2
-63.20979,140,1137.668159,3,0.0,0,0,0,102.18880000000001,0.0,1,0,2,0,0,0
82.941289,647,1139.326675,3,0.0,14,5,2,119.0536,324.0,3,1,2,0,0,1
-42.152162,147,1139.733029,3,0.0,0,0,0,114.59840000000001,0.0,1,0,0,0,0,0
-75.293029,171,1140.176435,3,0.0,0,0,0,107.92320000000002,0.0,1,0,3,0,0,0
-62.539761,188,1140.654361,3,0.0,0,0,0,102.18880000000001,0.0,1,0,3,0,0,0
-69.206522,300,1141.448596,3,0.0,0,0,0,107.92320000000001,0.0,1,0,2,0,0,0
-49.340787,246,1142.040055,3,0.0,1,0,0,102.1888,7.0,1,0,2,0,0,0
40.688135,237,1142.558558,2,0.0,5,3,1,101.92,165.0,2,1,0,0,0,1
-55.451975,300,1143.341027,3,0.0,0,0,0,102.18880000000001,0.0,1,0,2,0,0,0
125.636412,505,1144.576814,3,0.0,15,5,2,114.718,331.0,3,0,2,0,0,1
