episode,seed,epsilon,episode_reward,extrinsic_reward,intrinsic_reward,learning_reward,steps,status,victory,death,death_cause,truncated,unique_states,unique_positions,visited_positions,q_table_states
1,1729,1.0,1.0,1.0,0.016332298506431617,1.016332298506429,300,truncated,0,0,,1,50,36,0:0|0:1|0:2|1:0|1:2|2:0|2:2|2:3|2:4|2:5|3:0|3:1|3:2|4:2|4:3|4:4|4:5|5:0|5:1|5:2|5:4|5:5|5:6|6:0|6:1|6:2|6:4|7:0|7:2|7:3|7:4|7:5|8:0|8:4|9:0|9:1,50
2,1730,0.999009009009009,0.0,0.0,0.011966924656885161,0.011966924656885161,300,truncated,0,0,,1,31,31,0:0|0:1|0:6|0:7|1:0|1:7|1:8|2:0|2:7|2:8|2:9|3:0|3:1|3:2|3:7|3:8|3:9|4:2|4:3|4:4|4:6|4:7|4:9|5:4|5:5|5:6|5:7|5:8|5:9|6:7|6:8,71
3,1731,0.998018018018018,1.0,1.0,0.01641005423379743,1.016410054233796,300,truncated,0,0,,1,45,30,0:0|0:1|0:2|1:0|1:2|2:0|2:2|2:3|2:4|3:0|3:1|3:2|3:5|4:2|4:3|4:4|4:5|4:6|5:0|5:1|5:2|5:4|5:5|5:6|6:0|6:1|6:2|7:0|7:2|8:0,81
4,1732,0.9970270270270271,2.0,2.0,0.016117282517844188,2.0161172825178437,300,truncated,0,0,,1,57,49,0:0|0:1|0:8|0:9|1:0|1:7|1:8|1:9|2:0|2:2|2:3|2:4|2:5|2:7|2:8|2:9|3:0|3:1|3:2|3:5|3:7|3:8|3:9|4:2|4:3|4:4|4:5|4:6|4:9|5:4|5:5|5:6|5:7|5:8|5:9|6:8|6:9|7:4|7:5|7:6|7:7|7:8|7:9|8:7|8:8|8:9|9:7|9:8|9:9,116
5,1733,0.9960360360360361,1.0,1.0,0.014699535559092832,1.0146995355590918,300,truncated,0,0,,1,39,23,0:0|0:1|0:2|1:0|1:2|2:0|2:2|2:3|2:4|2:5|3:0|3:1|3:2|3:5|4:2|5:0|5:1|5:2|6:0|6:1|6:2|7:2|7:3,117
6,1734,0.9950450450450451,2.0,2.0,0.017155013327810154,2.0171550133278084,300,truncated,0,0,,1,56,46,0:0|1:0|2:0|2:2|2:5|3:0|3:1|3:2|3:5|4:2|4:3|4:4|4:5|4:6|4:7|4:9|5:1|5:2|5:4|5:5|5:6|5:7|5:8|5:9|6:1|6:2|6:4|6:7|6:8|6:9|7:2|7:3|7:4|7:5|7:6|7:7|7:8|7:9|8:4|8:5|8:7|8:8|8:9|9:7|9:8|9:9,129
7,1735,0.994054054054054,2.0,2.0,0.01901568062790043,2.0190156806278954,300,truncated,0,0,,1,71,54,0:0|0:1|0:7|0:8|0:9|1:0|1:7|1:8|1:9|2:0|2:7|2:8|2:9|3:0|3:1|3:2|3:5|3:7|3:8|3:9|4:2|4:3|4:4|4:5|4:6|4:7|4:9|5:4|5:5|5:6|5:7|5:8|5:9|6:4|6:7|6:8|7:4|7:5|7:6|7:7|7:8|7:9|8:4|8:5|8:7|8:8|8:9|9:2|9:3|9:4|9:5|9:7|9:8|9:9,154
8,1736,0.993063063063063,0.0,0.0,0.013725797691147928,0.013725797691147928,300,truncated,0,0,,1,30,30,0:0|0:1|0:2|0:4|0:5|1:0|1:2|1:4|1:5|2:0|2:2|2:3|2:4|2:5|3:0|3:1|3:2|3:5|3:7|4:2|4:3|4:4|4:5|4:6|4:7|5:4|5:5|5:6|5:7|5:8,158
9,1737,0.992072072072072,0.0,0.0,0.01481122874132666,0.01481122874132666,300,truncated,0,0,,1,38,38,0:0|0:1|0:2|0:4|0:5|0:6|0:7|0:8|0:9|1:0|1:2|1:4|1:5|1:7|1:8|1:9|2:0|2:2|2:3|2:4|2:5|2:7|2:8|2:9|3:0|3:1|3:2|3:5|3:7|3:8|3:9|4:2|4:3|4:4|4:5|4:6|4:7|5:4,161
10,1738,0.9910810810810811,0.0,0.0,0.015418323120769538,0.015418323120769538,300,truncated,0,0,,1,37,37,0:0|0:1|0:2|0:4|0:5|0:6|0:7|0:8|0:9|1:0|1:2|1:4|1:5|1:7|1:8|1:9|2:0|2:2|2:3|2:4|2:5|2:7|2:8|2:9|3:0|3:1|3:2|3:5|3:7|3:8|3:9|4:5|4:6|4:7|5:5|5:6|5:7,161
11,1739,0.9900900900900901,1.0,1.0,0.01439851311855091,1.0143985131185507,300,truncated,0,0,,1,38,34,0:0|0:1|0:2|1:0|1:2|2:0|2:2|2:3|3:0|3:1|3:2|4:2|4:3|5:0|5:1|5:2|6:0|6:1|6:2|7:0|7:2|7:3|7:4|7:5|7:6|8:0|8:4|8:5|9:0|9:1|9:2|9:3|9:4|9:5,165
12,1740,0.9890990990990991,0.0,0.0,0.014678396478388337,0.014678396478388337,300,truncated,0,0,,1,37,37,0:0|0:1|0:2|0:4|0:5|0:6|0:7|0:8|0:9|1:0|1:2|1:4|1:5|1:7|1:8|1:9|2:0|2:2|2:3|2:4|2:5|2:7|2:8|2:9|3:0|3:1|3:2|3:5|3:7|3:8|3:9|4:2|4:4|4:5|4:6|5:4|5:5,165
13,1741,0.9881081081081081,2.0,2.0,0.0171472491978896,2.0171472491978912,300,truncated,0,0,,1,67,53,0:0|0:2|1:0|1:2|1:7|2:0|2:2|2:3|2:7|2:8|3:0|3:1|3:2|3:7|3:8|3:9|4:2|4:3|4:4|4:5|4:6|4:7|4:9|5:1|5:2|5:4|5:5|5:6|5:7|5:8|5:9|6:1|6:2|6:4|6:7|6:8|6:9|7:2|7:3|7:4|7:5|7:6|7:7|7:8|7:9|8:4|8:5|8:7|8:8|8:9|9:4|9:5|9:9,170
14,1742,0.9871171171171171,0.0,0.0,0.01570763630020665,0.01570763630020665,300,truncated,0,0,,1,45,45,0:0|0:1|0:2|0:4|0:5|0:6|0:7|0:8|1:0|1:2|1:4|1:5|1:7|1:8|1:9|2:0|2:2|2:3|2:4|2:5|2:7|2:8|2:9|3:0|3:1|3:2|3:5|3:7|3:8|3:9|4:2|4:3|4:4|4:5|4:7|4:9|5:4|5:5|5:6|5:7|5:8|5:9|6:7|6:8|6:9,170
15,1743,0.9861261261261262,1.0,1.0,0.016382788653285508,1.0163827886532826,300,truncated,0,0,,1,51,41,0:0|0:1|0:2|0:4|0:5|0:6|0:7|1:0|1:2|1:4|1:5|1:7|2:0|2:2|2:4|2:5|3:0|3:1|3:2|3:5|4:2|4:3|4:4|4:5|4:6|4:7|5:0|5:1|5:2|5:4|5:5|5:6|5:7|6:0|6:1|6:2|7:0|8:0|9:0|9:1|9:2,178
16,1744,0.9851351351351352,1.0,1.0,0.013900603301355676,1.0139006033013538,300,truncated,0,0,,1,31,26,0:0|0:1|0:2|1:0|1:2|2:0|2:2|2:3|3:0|3:1|3:2|4:2|4:3|5:0|5:1|5:2|6:0|6:1|6:2|7:0|7:2|8:0|9:0|9:1|9:2|9:3,179
17,1745,0.9841441441441442,1.0,1.0,0.015664009377341675,1.0156640093773395,300,truncated,0,0,,1,46,36,0:0|0:1|0:2|1:0|1:2|2:0|2:2|2:3|3:0|3:1|3:2|4:2|4:3|4:4|5:0|5:1|5:2|5:4|6:0|6:1|6:2|6:4|7:0|7:2|7:3|7:4|7:5|7:6|7:7|7:8|8:4|8:5|8:7|8:8|8:9|9:7,188
18,1746,0.9831531531531531,1.0,1.0,0.015017176284339451,1.0150171762843363,300,truncated,0,0,,1,39,24,0:0|0:1|0:2|1:0|1:2|2:0|2:2|2:3|3:0|3:1|3:2|4:2|4:3|5:0|5:1|5:2|6:0|6:1|6:2|7:0|7:2|7:3|8:0|9:0,188
19,1747,0.9821621621621621,0.0,0.0,0.016195574114940832,0.016195574114940832,300,truncated,0,0,,1,46,46,0:0|0:1|0:2|1:2|1:4|1:5|1:8|2:2|2:3|2:4|2:5|2:7|2:8|2:9|3:2|3:5|3:7|3:8|3:9|4:2|4:3|4:4|4:5|4:6|4:7|4:9|5:4|5:5|5:6|5:7|5:8|5:9|6:4|6:7|6:8|6:9|7:4|7:5|7:6|7:7|8:4|8:5|9:2|9:3|9:4|9:5,188
20,1748,0.9811711711711711,1.0,1.0,0.016792457665830963,1.0167924576658294,300,truncated,0,0,,1,54,49,0:0|0:1|0:2|0:6|0:7|0:8|0:9|1:2|1:7|1:8|1:9|2:2|2:3|2:7|2:8|2:9|3:2|3:7|3:8|3:9|4:2|4:3|4:4|4:5|4:6|4:7|4:9|5:2|5:5|5:6|5:9|6:1|6:2|6:4|6:7|6:8|6:9|7:2|7:3|7:4|7:5|7:6|7:7|7:8|7:9|8:4|8:5|8:8|8:9,199
21,1749,0.9801801801801802,1.0,1.0,0.014225679575513862,1.0142256795755116,300,truncated,0,0,,1,33,30,0:0|0:1|0:2|1:0|1:2|2:2|2:3|3:1|3:2|4:2|5:0|5:1|5:2|6:0|6:1|6:2|7:0|7:2|7:3|7:4|7:5|8:0|8:4|8:5|9:0|9:1|9:2|9:3|9:4|9:5,201
22,1750,0.9791891891891892,2.0,2.0,0.01862400935795192,2.0186240093579517,300,truncated,0,0,,1,74,61,0:0|0:1|0:2|0:4|0:5|0:6|0:7|0:8|0:9|1:0|1:2|1:4|1:5|1:7|1:8|1:9|2:0|2:2|2:3|2:4|2:5|2:7|2:8|2:9|3:0|3:2|3:5|3:7|3:8|3:9|4:2|4:3|4:5|4:6|4:7|4:9|5:4|5:5|5:7|5:8|5:9|6:4|6:7|6:8|6:9|7:4|7:5|7:6|7:7|7:8|7:9|8:4|8:5|8:7|8:8|8:9|9:4|9:5|9:7|9:8|9:9,209
23,1751,0.9781981981981982,1.0,1.0,0.017240367139975496,1.0172403671399735,300,truncated,0,0,,1,56,40,0:0|0:1|0:2|0:4|0:5|1:0|1:2|1:4|1:5|2:2|2:3|2:4|2:5|3:2|3:5|4:2|4:3|4:4|4:5|4:6|5:0|5:1|5:2|5:4|5:5|5:6|5:7|5:8|6:0|6:1|6:2|6:4|7:0|7:4|8:0|8:4|8:5|9:3|9:4|9:5,211
24,1752,0.9772072072072072,1.0,1.0,0.017231011009554986,1.0172310110095526,300,truncated,0,0,,1,56,40,0:0|0:1|0:2|0:4|0:5|0:6|0:7|1:0|1:2|1:4|1:5|2:0|2:2|2:3|2:4|2:5|3:0|3:1|3:2|3:5|4:2|4:3|4:4|4:5|4:6|5:0|5:1|5:2|5:5|5:6|6:0|6:1|6:2|6:4|7:2|7:3|7:4|8:4|8:5|9:4,211
25,1753,0.9762162162162162,0.0,0.0,0.015211831875413917,0.015211831875413917,300,truncated,0,0,,1,44,44,0:0|0:1|0:2|0:4|0:5|0:6|0:7|0:8|0:9|1:0|1:2|1:4|1:5|1:7|1:8|1:9|2:0|2:2|2:3|2:4|2:5|2:7|2:8|2:9|3:0|3:1|3:2|3:7|3:8|3:9|4:2|4:3|4:4|4:5|4:7|4:9|5:7|5:8|5:9|6:7|6:8|7:8|8:8|9:8,211
26,1754,0.9752252252252253,1.0,1.0,0.01504066588896707,1.0150406658889632,300,truncated,0,0,,1,42,34,0:0|0:1|1:0|1:2|2:0|2:2|2:3|3:0|3:1|3:2|4:2|4:3|4:4|4:5|4:6|5:0|5:1|5:2|5:4|6:0|6:1|6:2|6:4|7:0|7:2|7:3|7:4|7:5|8:0|8:4|8:5|9:0|9:1|9:5,211
27,1755,0.9742342342342343,1.0,1.0,0.01798543932867686,1.0179854393286762,300,truncated,0,0,,1,64,58,0:0|0:1|0:2|0:4|0:5|0:6|0:7|0:8|0:9|1:0|1:2|1:4|1:5|1:7|1:8|1:9|2:2|2:3|2:4|2:5|2:7|2:8|2:9|3:2|3:5|3:7|3:8|3:9|4:2|4:3|4:4|4:5|4:6|4:7|4:9|5:2|5:4|5:6|5:7|5:8|5:9|6:2|6:4|6:7|6:8|6:9|7:2|7:3|7:4|7:5|7:6|7:7|7:8|7:9|8:7|8:8|8:9|9:7,216
28,1756,0.9732432432432433,3.0,3.0,0.01298623435614834,3.0129862343561475,229,victory,1,0,,0,42,33,0:0|0:1|0:2|1:0|1:2|2:0|2:2|3:0|3:1|3:2|4:2|5:0|5:1|5:2|6:0|6:1|6:2|6:4|6:9|7:0|7:2|7:3|7:4|7:5|7:6|7:7|7:8|7:9|8:0|8:9|9:0|9:1|9:9,219
29,1757,0.9722522522522522,1.0,1.0,0.016862245908783664,1.0168622459087813,300,truncated,0,0,,1,57,42,0:0|0:1|0:2|1:2|2:2|3:1|3:2|3:5|3:7|3:8|3:9|4:2|4:3|4:4|4:5|4:6|4:7|4:9|5:0|5:1|5:2|5:4|5:5|5:6|5:7|5:8|5:9|6:0|6:1|6:2|6:4|6:7|6:8|7:0|7:2|7:3|7:4|7:5|8:4|9:2|9:3|9:4,227
30,1758,0.9712612612612612,2.0,2.0,0.017956526114642945,2.0179565261146415,300,truncated,0,0,,1,68,48,0:0|0:1|0:2|0:4|0:5|0:6|0:7|0:8|0:9|1:0|1:2|1:4|1:5|1:7|1:8|1:9|2:0|2:2|2:3|2:4|2:5|2:7|2:8|2:9|3:0|3:1|3:2|3:5|3:7|3:8|3:9|4:7|4:9|5:7|5:8|5:9|6:7|6:8|6:9|7:7|7:8|7:9|8:7|8:8|8:9|9:7|9:8|9:9,231
31,1759,0.9702702702702702,0.0,0.0,0.016736839285709192,0.016736839285709192,300,truncated,0,0,,1,49,49,0:0|0:1|0:2|0:4|0:5|0:6|0:7|0:8|0:9|1:0|1:2|1:4|1:5|1:7|1:8|1:9|2:0|2:2|2:3|2:4|2:5|2:7|2:8|2:9|3:0|3:1|3:2|3:5|3:7|3:8|3:9|4:2|4:3|4:5|4:9|5:4|5:5|5:6|5:7|5:8|5:9|6:4|6:8|6:9|7:4|7:5|7:6|7:7|8:7,231
32,1760,0.9692792792792793,1.0,1.0,0.01929364869467708,1.019293648694674,300,truncated,0,0,,1,72,48,0:0|0:1|0:2|0:4|0:5|0:6|0:7|0:8|0:9|1:2|1:4|1:5|1:7|1:8|1:9|2:2|2:3|2:4|2:5|2:7|2:8|2:9|3:2|3:5|3:7|3:8|3:9|4:2|4:3|4:4|4:5|4:6|4:7|4:9|5:4|5:5|5:6|5:7|5:8|5:9|6:7|6:9|7:6|7:7|7:8|7:9|8:7|8:8,255
33,1761,0.9682882882882883,2.0,2.0,0.019098027143978565,2.019098027143977,300,truncated,0,0,,1,71,50,0:0|0:1|0:2|1:0|1:2|2:0|2:2|2:3|3:0|3:1|3:2|4:2|4:3|4:4|4:5|4:6|4:7|5:1|5:2|5:5|5:6|5:7|5:8|5:9|6:0|6:1|6:2|6:7|6:8|6:9|7:0|7:2|7:3|7:4|7:5|7:6|7:7|7:8|7:9|8:0|8:4|8:5|8:7|8:8|8:9|9:0|9:4|9:7|9:8|9:9,269
34,1762,0.9672972972972973,0.0,0.0,0.012349669303569717,0.012349669303569717,300,truncated,0,0,,1,27,27,0:0|0:1|0:2|1:0|1:2|2:0|2:2|3:0|3:1|3:2|4:2|4:3|5:1|5:2|6:0|6:1|6:2|7:0|7:2|7:3|7:4|7:5|8:0|8:5|9:0|9:1|9:2,269
35,1763,0.9663063063063063,1.0,1.0,0.014373530294065632,1.0143735302940624,300,truncated,0,0,,1,39,24,0:0|0:1|0:2|1:0|1:2|2:0|2:2|2:3|2:4|3:0|3:1|3:2|4:2|4:3|4:4|4:5|4:6|4:7|5:0|5:1|5:2|6:0|6:1|6:2,269
36,1764,0.9653153153153153,1.0,1.0,0.01703359496323855,1.017033594963235,300,truncated,0,0,,1,65,48,0:0|0:1|0:2|0:4|0:5|0:6|0:7|0:8|0:9|1:2|1:4|1:5|1:7|1:8|1:9|2:2|2:3|2:4|2:5|2:7|2:8|2:9|3:5|3:7|3:9|4:4|4:5|4:6|4:7|4:9|5:4|5:5|5:6|5:7|5:8|5:9|6:4|6:7|6:8|6:9|7:4|7:5|7:6|7:7|7:8|7:9|8:8|8:9,271
37,1765,0.9643243243243244,1.0,1.0,0.012637599359433866,1.012637599359433,300,truncated,0,0,,1,29,28,0:0|0:1|0:2|0:4|0:5|1:0|1:2|1:4|1:5|2:0|2:2|2:3|2:4|3:0|3:1|3:2|4:2|4:3|5:0|5:1|5:2|6:0|6:1|7:0|8:0|9:0|9:1|9:2,271
38,1766,0.9633333333333334,2.0,2.0,0.018162095130318922,2.018162095130317,300,truncated,0,0,,1,68,50,0:0|0:1|0:2|1:0|1:2|1:4|1:5|1:9|2:0|2:2|2:3|2:4|2:5|2:7|2:8|2:9|3:0|3:2|3:5|3:7|3:8|3:9|4:2|4:9|5:1|5:2|5:7|5:8|5:9|6:1|6:2|6:7|6:8|6:9|7:2|7:3|7:4|7:5|7:6|7:7|7:8|7:9|8:4|8:7|8:8|8:9|9:4|9:7|9:8|9:9,271
39,1767,0.9623423423423423,2.0,2.0,0.01741118072348357,2.0174111807234816,300,truncated,0,0,,1,59,51,0:0|0:1|0:2|0:4|0:5|0:6|0:7|0:8|0:9|1:0|1:2|1:4|1:5|1:7|1:8|1:9|2:0|2:2|2:3|2:4|2:5|2:7|2:8|2:9|3:0|3:1|3:2|3:5|3:7|3:8|3:9|4:2|4:5|4:6|4:7|4:9|5:5|5:8|5:9|6:7|6:8|6:9|7:7|7:8|7:9|8:7|8:8|8:9|9:7|9:8|9:9,271
40,1768,0.9613513513513513,1.0,1.0,0.01203820493386402,1.0120382049338597,300,truncated,0,0,,1,26,23,0:0|0:1|0:2|1:0|1:2|2:0|2:2|3:0|3:1|3:2|4:2|4:3|5:0|5:1|5:2|6:0|6:1|6:2|7:0|7:2|7:3|8:0|9:0,271
41,1769,0.9603603603603603,1.0,1.0,0.014509228814876693,1.0145092288148754,300,truncated,0,0,,1,38,31,0:0|0:1|0:2|1:0|1:2|2:0|2:2|2:3|2:4|2:5|3:0|3:1|3:2|3:5|4:2|4:3|4:4|4:5|5:0|5:1|5:2|5:4|5:5|6:0|6:1|6:2|6:4|7:0|7:2|7:3|7:4,271
42,1770,0.9593693693693693,1.0,1.0,0.016318650022115206,1.0163186500221129,300,truncated,0,0,,1,53,46,0:0|0:1|0:2|1:0|1:2|2:0|2:2|2:3|2:4|2:5|3:0|3:1|3:2|3:5|4:2|4:3|4:4|4:5|4:6|4:7|5:0|5:1|5:2|5:4|5:5|5:6|5:7|5:8|6:0|6:1|6:2|6:4|7:0|7:2|7:3|7:4|7:5|8:0|8:4|8:5|9:0|9:1|9:2|9:3|9:4|9:5,271
43,1771,0.9583783783783784,2.0,2.0,0.01582046058709778,2.0158204605870966,300,truncated,0,0,,1,55,47,0:0|0:1|0:2|1:0|1:2|2:0|2:2|2:9|3:0|3:1|3:2|3:7|3:8|3:9|4:2|4:3|4:4|4:5|4:6|4:7|4:9|5:4|5:5|5:6|5:7|5:8|5:9|6:1|6:2|6:4|6:7|6:8|6:9|7:2|7:3|7:4|7:5|7:7|7:8|7:9|8:4|8:7|8:8|8:9|9:7|9:8|9:9,271
44,1772,0.9573873873873874,1.0,1.0,0.013167098412421184,1.013167098412421,300,truncated,0,0,,1,29,25,0:0|0:1|0:2|0:4|0:5|1:0|1:2|1:4|1:5|2:0|2:2|2:3|2:4|2:5|3:0|3:1|3:2|3:5|4:2|4:3|5:0|5:1|5:2|6:1|6:2,271
45,1773,0.9563963963963964,0.0,0.0,0.014579342778998342,0.014579342778998342,300,truncated,0,0,,1,37,37,0:0|0:1|0:2|0:4|0:5|0:6|0:7|0:8|0:9|1:0|1:2|1:4|1:5|1:7|1:8|1:9|2:0|2:2|2:3|2:4|2:5|2:7|2:8|2:9|3:0|3:1|3:2|3:5|3:8|3:9|4:2|4:3|4:4|4:5|4:9|5:2|5:5,271
46,1774,0.9554054054054054,0.0,0.0,0.012914912031629016,0.012914912031629016,300,truncated,0,0,,1,26,26,0:0|0:1|0:2|1:0|1:2|2:0|2:2|2:3|3:0|3:1|3:2|4:2|4:3|4:4|4:5|4:6|5:1|5:2|5:4|5:5|5:6|6:2|6:4|7:2|7:3|7:4,271
47,1775,0.9544144144144144,1.0,1.0,0.015809263728923828,1.0158092637289207,300,truncated,0,0,,1,49,40,0:0|0:1|0:2|1:0|1:2|1:4|1:5|2:0|2:2|2:3|2:4|2:5|3:0|3:1|3:2|3:5|4:2|4:3|4:4|4:5|4:6|5:0|5:1|5:2|5:4|5:5|5:6|5:7|6:0|6:1|6:2|6:4|6:7|6:8|6:9|7:0|7:2|7:3|7:8|8:0,272
48,1776,0.9534234234234235,0.0,0.0,0.015970433678741795,0.015970433678741795,300,truncated,0,0,,1,47,47,0:0|0:1|0:2|0:7|0:8|0:9|1:0|1:2|1:7|1:8|1:9|2:0|2:2|2:7|2:8|2:9|3:0|3:1|3:2|3:5|3:7|3:8|3:9|4:2|4:3|4:4|4:5|4:6|4:7|4:9|5:4|5:5|5:6|5:7|5:8|5:9|6:4|6:7|6:8|7:5|7:6|7:7|7:8|8:7|8:8|9:7|9:8,272
49,1777,0.9524324324324325,2.0,2.0,0.017341125627888306,2.0173411256278864,300,truncated,0,0,,1,61,50,0:0|0:1|0:2|0:4|0:5|0:6|0:7|0:8|0:9|1:0|1:2|1:4|1:5|1:8|1:9|2:0|2:2|2:3|2:4|2:5|2:8|2:9|3:0|3:1|3:2|3:8|3:9|4:2|4:9|5:0|5:1|5:2|5:7|5:8|5:9|6:0|6:1|6:2|6:7|6:8|6:9|7:0|7:2|7:7|7:8|7:9|8:7|8:8|9:7|9:8,286
50,1778,0.9514414414414415,1.0,1.0,0.01662595082181251,1.01662595082181,300,truncated,0,0,,1,55,46,0:0|0:1|0:4|1:0|1:2|1:4|1:5|2:0|2:2|2:3|2:4|2:5|3:0|3:1|3:2|3:5|4:2|4:3|4:4|4:5|5:0|5:1|5:2|5:4|5:5|5:6|6:0|6:1|6:2|6:4|7:0|7:2|7:3|7:4|7:5|7:6|7:7|8:0|8:4|8:5|9:0|9:1|9:2|9:3|9:4|9:5,286
51,1779,0.9504504504504504,0.0,0.0,0.013414269908690579,0.013414269908690579,300,truncated,0,0,,1,28,28,0:0|0:1|0:2|0:4|0:5|0:6|1:0|1:2|1:4|1:5|2:0|2:2|2:3|2:4|2:5|3:0|3:1|3:2|3:5|4:3|4:4|4:5|4:6|5:4|5:5|5:6|6:4|7:4,286
52,1780,0.9494594594594594,1.0,1.0,0.014472113014324717,1.014472113014323,300,truncated,0,0,,1,33,28,0:0|0:1|0:2|1:0|1:2|1:4|2:0|2:2|2:3|2:4|3:1|3:2|4:2|4:3|4:4|5:0|5:1|5:2|5:4|6:0|6:1|6:2|6:4|7:0|7:2|7:3|7:4|8:0,286
53,1781,0.9484684684684684,2.0,2.0,0.018704784563444,2.018704784563443,300,truncated,0,0,,1,75,61,0:0|0:6|0:7|0:8|0:9|1:0|1:4|1:5|1:7|1:8|1:9|2:0|2:4|2:5|2:7|2:8|2:9|3:0|3:1|3:2|3:5|3:7|3:8|3:9|4:2|4:3|4:4|4:5|4:6|4:7|4:9|5:0|5:1|5:2|5:4|5:5|5:6|5:7|5:8|5:9|6:0|6:1|6:4|6:7|6:8|6:9|7:0|7:4|7:5|7:7|7:8|7:9|8:0|8:4|8:5|9:0|9:1|9:2|9:3|9:4|9:5,310
54,1782,0.9474774774774775,2.0,2.0,0.019587498795919398,2.01958749879592,300,truncated,0,0,,1,78,42,0:0|1:0|1:5|2:0|2:2|2:3|2:4|2:5|3:0|3:1|3:2|3:5|4:2|4:3|4:4|4:5|4:6|5:4|5:5|5:6|5:7|5:8|5:9|6:4|6:7|6:8|6:9|7:4|7:5|7:6|7:7|7:8|7:9|8:4|8:5|8:7|8:8|8:9|9:4|9:7|9:8|9:9,310
55,1783,0.9464864864864865,0.0,0.0,0.016240021612343603,0.016240021612343603,300,truncated,0,0,,1,54,54,0:0|0:1|0:2|0:4|0:5|0:6|0:7|0:8|0:9|1:0|1:2|1:4|1:5|1:7|1:8|1:9|2:0|2:2|2:3|2:4|2:5|2:7|2:8|2:9|3:0|3:1|3:2|3:5|3:7|4:2|4:3|4:4|4:5|4:6|4:7|5:2|5:6|5:7|6:7|7:0|7:4|7:5|7:6|7:7|8:0|8:4|8:5|8:7|9:0|9:1|9:2|9:3|9:4|9:5,310
56,1784,0.9454954954954955,1.0,1.0,0.01501789870125068,1.0150178987012484,300,truncated,0,0,,1,41,38,0:0|0:1|1:0|1:2|1:4|2:0|2:2|2:3|2:4|2:5|3:0|3:1|3:2|3:5|4:2|4:3|4:4|4:5|4:6|5:0|5:1|5:2|5:4|5:5|6:0|6:1|6:2|6:4|7:0|7:2|7:3|7:4|7:5|8:4|8:5|9:3|9:4|9:5,310
57,1785,0.9445045045045045,1.0,1.0,0.014994720318195648,1.014994720318193,300,truncated,0,0,,1,40,29,0:0|0:1|0:2|1:2|2:2|2:3|2:4|2:5|3:1|3:2|3:5|4:2|4:3|4:4|4:5|5:0|5:1|5:2|5:4|5:5|6:0|6:1|6:2|7:0|7:2|8:0|9:0|9:1|9:2,310
58,1786,0.9435135135135135,2.0,2.0,0.017313560319133527,2.0173135603191326,300,truncated,0,0,,1,60,45,0:0|0:1|0:2|1:0|1:2|1:4|2:0|2:2|2:3|2:4|2:5|3:0|3:1|3:2|4:2|4:3|5:0|5:1|5:2|6:0|6:1|6:2|6:4|7:0|7:2|7:3|7:4|7:5|7:6|7:7|8:0|8:4|8:5|8:7|8:8|8:9|9:0|9:1|9:2|9:3|9:4|9:5|9:7|9:8|9:9,325
59,1787,0.9425225225225226,1.0,1.0,0.017401621298514428,1.0174016212985144,300,truncated,0,0,,1,56,54,0:0|0:1|0:2|0:4|0:5|0:6|0:7|0:8|0:9|1:0|1:2|1:4|1:5|1:7|1:8|1:9|2:2|2:3|2:4|2:5|2:7|2:8|2:9|3:5|3:7|3:8|3:9|4:2|4:5|4:6|4:7|4:9|5:0|5:1|5:2|5:4|5:5|5:6|5:7|6:0|6:1|6:2|6:4|7:0|7:2|7:3|7:4|7:5|8:4|8:5|9:2|9:3|9:4|9:5,325
60,1788,0.9415315315315316,1.0,1.0,0.018135875891830463,1.018135875891829,300,truncated,0,0,,1,65,45,0:0|0:1|0:2|0:4|0:5|0:6|0:7|0:8|0:9|1:0|1:2|1:4|1:5|1:7|1:8|1:9|2:0|2:2|2:3|2:4|2:5|2:7|2:8|2:9|3:0|3:1|3:2|3:7|3:8|3:9|4:7|4:9|5:6|5:7|5:8|5:9|6:7|6:8|6:9|7:7|7:8|7:9|8:7|8:8|8:9,325
61,1789,0.9405405405405406,1.0,1.0,0.013330238761375526,1.0133302387613747,300,truncated,0,0,,1,26,23,0:0|0:1|0:2|1:0|1:2|1:4|2:0|2:2|2:3|2:4|3:0|3:1|3:2|4:2|4:3|5:0|5:1|5:2|6:0|6:1|6:2|7:2|7:3,325
62,1790,0.9395495495495495,2.0,2.0,0.018135896760188657,2.018135896760186,300,truncated,0,0,,1,64,53,0:0|0:1|0:2|0:4|0:5|0:6|0:7|0:8|0:9|1:2|1:5|1:7|1:8|1:9|2:2|2:3|2:4|2:5|2:7|2:8|2:9|3:1|3:2|3:5|3:7|3:8|3:9|4:4|4:5|4:9|5:4|5:5|5:8|5:9|6:4|6:7|6:8|7:4|7:5|7:6|7:7|7:8|7:9|8:4|8:5|8:7|8:8|8:9|9:4|9:5|9:7|9:8|9:9,333
63,1791,0.9385585585585585,1.0,1.0,0.015383396433142014,1.0153833964331407,300,truncated,0,0,,1,47,40,0:0|0:1|0:2|0:4|0:5|1:0|1:2|1:4|1:5|2:0|2:2|2:3|2:4|2:5|3:0|3:1|3:2|3:5|4:2|4:3|4:4|4:5|5:0|5:1|5:2|6:0|6:1|6:2|6:4|7:0|7:2|7:3|7:4|8:0|8:4|8:5|9:2|9:3|9:4|9:5,333
64,1792,0.9375675675675675,2.0,2.0,0.017631572819489506,2.017631572819484,300,truncated,0,0,,1,61,50,0:0|0:1|0:6|0:7|0:8|0:9|1:0|1:7|1:8|1:9|2:0|2:7|2:8|2:9|3:0|3:1|3:2|3:7|3:8|3:9|4:2|4:4|4:5|4:6|4:7|4:9|5:0|5:1|5:2|5:4|5:5|5:6|5:7|5:8|5:9|6:0|6:1|6:2|6:4|6:8|6:9|7:0|7:2|7:3|7:4|7:9|8:0|8:4|8:8|8:9,334
65,1793,0.9365765765765766,2.0,2.0,0.019612743661390455,2.0196127436613875,300,truncated,0,0,,1,77,60,0:0|0:1|0:2|0:4|0:5|0:6|0:7|0:8|1:0|1:2|1:4|1:5|1:7|1:8|1:9|2:0|2:2|2:3|2:4|2:5|2:8|2:9|3:0|3:1|3:2|3:5|3:7|3:8|3:9|4:2|4:3|4:4|4:5|4:9|5:4|5:8|5:9|6:4|6:7|6:8|6:9|7:2|7:3|7:4|7:5|7:6|7:7|7:8|7:9|8:4|8:5|8:7|8:8|8:9|9:3|9:4|9:5|9:7|9:8|9:9,337
66,1794,0.9355855855855856,1.0,1.0,0.017642497150902478,1.0176424971509002,300,truncated,0,0,,1,56,52,0:0|0:1|0:2|1:0|1:2|1:5|2:2|2:5|2:7|3:2|3:5|3:7|3:8|3:9|4:2|4:3|4:5|4:6|4:7|4:9|5:0|5:1|5:2|5:5|5:6|5:7|5:8|5:9|6:0|6:1|6:2|6:4|6:7|6:8|6:9|7:0|7:2|7:3|7:4|7:5|7:6|7:7|7:8|8:0|8:4|8:5|9:0|9:1|9:2|9:3|9:4|9:5,338
67,1795,0.9345945945945946,2.0,2.0,0.01858315294092228,2.018583152940919,300,truncated,0,0,,1,70,48,0:0|0:1|0:2|0:6|0:7|0:8|0:9|1:2|1:7|1:8|1:9|2:2|2:3|2:7|2:8|2:9|3:0|3:1|3:2|3:5|3:7|3:8|3:9|4:2|4:3|4:4|4:5|4:6|4:7|4:9|5:2|5:6|5:7|5:8|5:9|6:7|6:8|6:9|7:6|7:7|7:8|7:9|8:7|8:8|8:9|9:7|9:8|9:9,338
68,1796,0.9336036036036036,2.0,2.0,0.016339318935341428,2.0163393189353402,300,truncated,0,0,,1,56,43,0:0|1:0|1:2|1:4|1:5|2:0|2:2|2:3|2:4|2:5|3:0|3:1|3:2|4:2|4:3|4:4|4:5|4:7|5:1|5:2|5:4|5:7|5:8|6:0|6:1|6:2|6:4|6:7|6:8|6:9|7:0|7:4|7:5|7:6|7:7|7:8|7:9|8:7|8:8|8:9|9:7|9:8|9:9,339
69,1797,0.9326126126126126,1.0,1.0,0.015670146993771627,1.0156701469937697,300,truncated,0,0,,1,50,46,0:0|0:1|0:2|0:4|0:5|0:6|1:2|1:5|2:2|2:3|2:4|2:5|3:2|3:5|4:2|4:4|4:5|4:6|4:7|5:0|5:1|5:2|5:4|5:7|6:0|6:1|6:2|6:7|7:0|7:2|7:3|7:4|7:5|7:6|7:7|7:8|8:0|8:4|8:5|8:7|9:0|9:1|9:2|9:3|9:4|9:5,339
70,1798,0.9316216216216217,2.0,2.0,0.01744666670915954,2.017446666709159,300,truncated,0,0,,1,58,44,0:0|0:2|0:6|0:7|0:8|0:9|1:0|1:2|1:7|1:8|1:9|2:0|2:2|2:9|3:0|3:1|3:2|3:7|3:8|3:9|4:2|4:3|4:4|4:5|4:6|4:7|4:9|5:2|5:6|5:7|5:8|5:9|6:7|6:8|6:9|7:7|7:8|7:9|8:7|8:8|8:9|9:7|9:8|9:9,339
71,1799,0.9306306306306307,3.0,3.0,0.013024874239405619,3.0130248742394032,203,victory,1,0,,0,52,45,0:0|1:0|2:0|3:0|3:1|3:2|3:5|3:7|3:9|4:2|4:3|4:4|4:5|4:6|4:7|4:9|5:0|5:1|5:2|5:4|5:5|5:6|5:7|5:8|5:9|6:1|6:2|6:4|6:7|6:8|6:9|7:2|7:3|7:4|7:5|7:7|7:8|7:9|8:4|8:5|8:8|8:9|9:4|9:5|9:9,339
72,1800,0.9296396396396397,1.0,1.0,0.01761349378526638,1.0176134937852654,300,truncated,0,0,,1,63,59,0:0|0:1|0:2|0:4|0:5|0:6|0:7|0:8|0:9|1:0|1:2|1:4|1:5|1:7|1:8|1:9|2:0|2:2|2:3|2:4|2:5|2:8|2:9|3:0|3:1|3:2|3:5|3:7|3:8|3:9|4:2|4:3|4:4|4:5|4:6|4:7|4:9|5:0|5:1|5:2|5:4|5:5|5:6|5:7|5:8|5:9|6:0|6:1|6:2|6:4|7:0|7:2|7:3|7:4|7:5|8:0|9:0|9:1|9:2,339
73,1801,0.9286486486486487,2.0,2.0,0.018114497832319082,2.018114497832316,300,truncated,0,0,,1,62,49,0:0|0:1|0:2|1:0|1:2|2:0|2:2|2:3|2:4|2:5|3:0|3:1|3:2|3:5|4:2|4:3|4:4|4:5|4:6|4:9|5:0|5:1|5:2|5:4|5:5|5:6|5:7|5:8|5:9|6:0|6:1|6:2|6:4|6:7|6:8|6:9|7:0|7:2|7:4|7:5|7:6|7:7|7:8|7:9|8:4|8:5|8:7|8:8|9:4,341
74,1802,0.9276576576576576,1.0,1.0,0.012503796016891252,1.0125037960168906,300,truncated,0,0,,1,27,22,0:0|0:1|0:2|1:0|1:2|2:0|2:2|2:3|2:4|2:5|3:0|3:1|3:2|4:2|5:0|5:1|5:2|6:0|6:1|6:2|7:2|7:3,341
75,1803,0.9266666666666666,1.0,1.0,0.013051894730461613,1.0130518947304599,300,truncated,0,0,,1,27,22,0:0|0:1|0:2|1:0|1:2|2:0|2:2|2:3|3:0|3:1|3:2|4:2|4:3|5:0|5:1|5:2|6:0|6:1|6:2|7:0|7:2|8:0,341
76,1804,0.9256756756756757,3.0,3.0,0.009322654001264924,3.009322654001264,140,victory,1,0,,0,42,37,0:0|0:1|0:2|1:0|1:2|2:0|2:2|2:3|3:0|3:1|3:2|4:2|4:3|4:4|4:5|4:6|4:7|5:0|5:1|5:2|5:4|5:5|5:7|6:0|6:1|6:2|6:4|6:7|6:8|6:9|7:0|7:4|7:9|8:0|8:9|9:0|9:9,341
77,1805,0.9246846846846847,1.0,1.0,0.016558716330417556,1.0165587163304148,300,truncated,0,0,,1,47,36,0:0|0:1|0:2|1:0|1:2|2:0|2:2|2:3|3:0|3:1|3:2|4:2|4:3|4:4|5:0|5:1|5:2|5:4|5:5|6:0|6:1|6:2|7:0|7:2|7:3|7:4|7:5|8:0|8:4|8:5|9:0|9:1|9:2|9:3|9:4|9:5,341
78,1806,0.9236936936936937,3.0,3.0,0.012854219185618167,3.0128542191856162,237,victory,1,0,,0,43,38,0:0|0:1|0:2|1:0|1:2|2:2|3:2|4:2|4:3|5:0|5:1|5:2|5:4|5:5|6:0|6:1|6:2|6:4|7:0|7:2|7:3|7:4|7:5|7:6|7:7|7:8|7:9|8:0|8:4|8:5|8:8|8:9|9:0|9:3|9:4|9:5|9:8|9:9,341
79,1807,0.9227027027027027,1.0,1.0,0.016057224418807678,1.0160572244188044,300,truncated,0,0,,1,46,37,0:0|0:1|0:2|0:4|0:5|1:0|1:2|1:4|1:5|2:0|2:2|2:3|2:4|2:5|3:0|3:1|3:2|4:2|4:3|4:4|4:5|5:0|5:1|5:2|5:4|5:5|5:6|5:7|6:0|6:1|6:2|6:4|7:0|7:2|7:3|7:4|8:0,341
80,1808,0.9217117117117117,1.0,1.0,0.01613961594795014,1.0161396159479488,300,truncated,0,0,,1,52,35,0:0|0:1|0:2|1:0|1:2|2:0|2:2|2:3|2:4|3:0|3:1|3:2|3:5|4:2|4:3|4:4|4:5|4:6|5:0|5:1|5:2|5:4|5:5|5:6|6:0|6:1|6:2|6:4|7:2|7:3|7:4|8:4|9:2|9:3|9:4,341
81,1809,0.9207207207207208,1.0,1.0,0.013829940364684684,1.0138299403646818,300,truncated,0,0,,1,34,22,0:0|0:1|0:2|1:0|1:2|2:0|2:2|2:3|3:0|3:1|3:2|4:2|5:0|5:1|5:2|6:0|6:1|6:2|7:0|7:2|7:3|7:4,341
82,1810,0.9197297297297298,2.0,2.0,0.013876536898328908,2.0138765368983242,300,truncated,0,0,,1,40,32,0:0|1:0|2:0|2:2|2:3|3:0|3:1|3:2|4:2|4:3|4:4|4:5|4:6|4:7|5:0|5:1|5:2|5:7|6:0|6:1|6:2|6:7|6:8|6:9|7:0|7:2|7:3|7:4|7:9|8:0|9:0|9:1,341
83,1811,0.9187387387387388,1.0,1.0,0.014760123383298174,1.0147601233832968,300,truncated,0,0,,1,36,31,0:0|0:1|0:2|0:4|0:5|0:6|1:0|1:2|1:4|1:5|2:0|2:2|2:3|2:4|3:0|3:1|3:2|4:2|4:3|4:4|4:5|5:0|5:1|5:2|5:4|5:5|6:0|6:1|6:2|7:2|7:3,341
84,1812,0.9177477477477477,2.0,2.0,0.015536656420488307,2.015536656420486,300,truncated,0,0,,1,49,38,0:0|0:1|0:2|0:4|0:5|0:6|0:7|0:8|0:9|1:0|1:2|1:4|1:9|2:0|2:2|2:3|2:4|2:9|3:0|3:2|3:8|3:9|4:2|4:9|5:8|5:9|6:7|6:8|6:9|7:7|7:8|7:9|8:7|8:8|8:9|9:7|9:8|9:9,341
85,1813,0.9167567567567567,1.0,1.0,0.014136030610901794,1.0141360306108984,300,truncated,0,0,,1,38,31,0:0|0:1|0:2|1:0|1:2|2:0|2:2|3:2|4:2|4:3|4:4|5:0|5:1|5:2|5:4|6:0|6:1|6:2|6:4|7:0|7:2|7:3|7:4|7:5|7:6|8:0|8:4|8:5|9:0|9:4|9:5,341
86,1814,0.9157657657657657,0.0,0.0,0.01255443039012233,0.01255443039012233,300,truncated,0,0,,1,22,22,0:0|0:1|0:2|0:4|0:5|0:6|1:0|1:2|1:4|1:5|2:0|2:2|2:3|2:4|2:5|3:0|3:1|3:2|3:5|4:2|4:3|4:4,341
87,1815,0.9147747747747748,0.0,0.0,0.014783268755933159,0.014783268755933159,300,truncated,0,0,,1,36,36,0:0|0:1|0:2|0:4|0:5|0:6|0:7|0:8|0:9|1:0|1:2|1:4|1:5|1:7|1:8|1:9|2:0|2:2|2:3|2:4|2:5|2:7|2:8|2:9|3:0|3:1|3:2|3:5|3:7|3:8|3:9|4:2|4:3|4:5|4:7|4:9,341
88,1816,0.9137837837837838,3.0,3.0,0.01827470571490777,3.0182747057149033,295,victory,1,0,,0,68,54,0:0|0:1|0:2|0:4|0:5|0:6|0:7|1:0|1:2|1:4|1:5|1:7|1:8|1:9|2:0|2:2|2:3|2:4|2:5|2:7|2:8|3:0|3:1|3:2|3:7|3:8|4:2|4:3|4:4|4:5|4:6|4:7|5:0|5:1|5:2|5:4|5:5|5:7|6:0|6:1|6:2|6:7|7:0|7:2|7:3|7:4|7:7|7:8|7:9|8:7|8:8|8:9|9:8|9:9,342
89,1817,0.9127927927927928,3.0,3.0,0.013073606702620323,3.013073606702619,215,victory,1,0,,0,50,41,0:0|0:1|0:2|1:0|1:2|2:2|3:2|3:5|4:2|4:3|4:4|4:5|4:6|4:7|5:0|5:1|5:2|5:4|5:5|5:6|5:7|6:0|6:1|6:2|6:4|6:7|6:8|6:9|7:0|7:2|7:3|7:4|7:5|7:9|8:4|8:5|8:9|9:3|9:4|9:5|9:9,342
90,1818,0.9118018018018018,2.0,2.0,0.01846544351489126,2.018465443514885,300,truncated,0,0,,1,68,52,0:0|0:4|0:5|0:6|0:7|0:8|0:9|1:0|1:4|1:5|1:7|1:8|1:9|2:0|2:4|2:5|2:7|2:8|2:9|3:0|3:1|3:2|3:5|3:7|3:8|3:9|4:2|4:3|4:4|4:5|4:6|4:7|4:9|5:4|5:5|5:6|5:7|5:8|5:9|6:4|6:7|6:8|6:9|7:7|7:8|7:9|8:7|8:8|8:9|9:7|9:8|9:9,342
91,1819,0.9108108108108108,1.0,1.0,0.015899995331609754,1.0158999953316075,300,truncated,0,0,,1,44,31,0:0|1:0|2:0|2:2|3:0|3:1|3:2|4:2|4:3|4:4|4:5|5:0|5:1|5:2|5:4|5:5|6:0|6:1|6:2|6:4|7:0|7:2|7:3|7:4|7:5|8:4|8:5|9:2|9:3|9:4|9:5,342
92,1820,0.9098198198198199,2.0,2.0,0.01840524600818678,2.0184052460081836,300,truncated,0,0,,1,70,49,0:0|1:0|2:0|2:2|2:7|2:8|2:9|3:0|3:1|3:2|3:7|3:8|3:9|4:2|4:3|4:4|4:5|4:6|4:7|4:9|5:2|5:4|5:5|5:6|5:7|5:8|5:9|6:2|6:4|6:7|6:8|6:9|7:2|7:3|7:4|7:5|7:6|7:7|7:8|7:9|8:4|8:5|8:7|8:8|8:9|9:3|9:4|9:5|9:9,343
93,1821,0.9088288288288289,2.0,2.0,0.014824258069459209,2.0148242580694564,300,truncated,0,0,,1,47,37,0:0|0:1|1:0|2:0|3:0|3:1|3:2|3:7|4:2|4:3|4:4|4:5|4:6|4:7|5:0|5:1|5:2|5:4|5:5|5:6|5:7|5:8|5:9|6:0|6:1|6:2|6:4|6:7|6:8|6:9|7:0|7:2|7:3|7:4|7:9|8:0|9:0,343
94,1822,0.9078378378378378,1.0,1.0,0.014607059295245747,1.014607059295244,300,truncated,0,0,,1,40,33,0:0|0:1|0:2|0:4|1:0|1:2|1:4|1:5|2:0|2:2|2:3|2:4|2:5|3:0|3:1|3:2|3:5|4:2|4:3|4:4|5:0|5:1|5:2|5:4|6:0|6:1|6:2|6:4|7:0|7:2|7:3|7:4|8:0,343
95,1823,0.9068468468468468,1.0,1.0,0.017988396499640007,1.0179883964996375,300,truncated,0,0,,1,70,52,0:0|0:1|0:2|0:4|0:5|0:6|0:7|0:8|0:9|1:0|1:2|1:4|1:5|1:7|1:8|1:9|2:0|2:2|2:3|2:4|2:5|2:8|2:9|3:0|3:1|3:2|3:5|3:7|3:8|3:9|4:2|4:3|4:4|4:5|4:6|4:7|4:9|5:2|5:4|5:5|5:6|5:7|5:8|5:9|6:7|6:8|6:9|7:5|7:6|7:7|7:8|7:9,356
96,1824,0.9058558558558558,3.0,3.0,0.015189693135013269,3.0151896931350093,226,victory,1,0,,0,65,46,0:0|1:0|2:0|2:2|2:3|2:4|2:5|3:0|3:1|3:2|3:5|4:2|4:3|4:4|4:5|4:6|4:7|5:0|5:1|5:2|5:4|5:5|5:6|5:7|5:8|5:9|6:2|6:7|6:8|6:9|7:2|7:3|7:4|7:5|7:6|7:7|7:8|7:9|8:4|8:5|8:8|8:9|9:4|9:5|9:8|9:9,356
97,1825,0.9048648648648648,2.0,2.0,0.01919532103314665,2.0191953210331457,300,truncated,0,0,,1,75,60,0:0|0:1|0:2|0:4|0:5|0:6|0:7|0:8|0:9|1:0|1:2|1:4|1:5|1:7|1:8|1:9|2:2|2:3|2:4|2:5|2:7|2:8|2:9|3:2|3:5|3:7|3:9|4:2|4:3|4:9|5:0|5:1|5:2|5:4|5:7|5:8|5:9|6:0|6:1|6:2|6:4|6:7|6:8|6:9|7:2|7:3|7:4|7:5|7:6|7:7|7:8|8:4|8:5|8:7|8:8|8:9|9:4|9:5|9:8|9:9,388
98,1826,0.9038738738738739,1.0,1.0,0.01536859083080783,1.015368590830806,300,truncated,0,0,,1,40,34,0:0|0:1|0:2|1:0|1:2|2:0|2:2|2:3|2:4|3:0|3:1|3:2|4:2|5:0|5:1|5:2|6:0|6:1|6:2|6:4|7:0|7:2|7:3|7:4|7:5|8:0|8:4|8:5|9:0|9:1|9:2|9:3|9:4|9:5,388
99,1827,0.9028828828828829,1.0,1.0,0.014018190134266266,1.0140181901342615,300,truncated,0,0,,1,40,35,0:0|1:0|2:0|3:0|3:1|3:2|3:7|3:8|4:2|4:3|4:4|4:5|4:6|4:7|5:0|5:1|5:2|5:7|6:0|6:1|6:2|7:0|7:2|7:3|7:4|7:5|8:0|8:4|8:5|9:0|9:1|9:2|9:3|9:4|9:5,388
100,1828,0.9018918918918919,3.0,3.0,0.015140191222903705,3.0151401912229012,237,victory,1,0,,0,59,40,0:0|0:2|1:0|1:2|2:0|2:2|2:3|3:0|3:1|3:2|4:2|4:3|4:4|4:5|4:6|4:7|5:0|5:1|5:2|5:4|5:5|5:6|5:7|5:8|5:9|6:0|6:1|6:7|6:8|6:9|7:0|7:7|7:8|7:9|8:7|8:8|8:9|9:7|9:8|9:9,389
101,1829,0.9009009009009009,1.0,1.0,0.013112430041645355,1.0131124300416414,300,truncated,0,0,,1,31,28,0:0|0:1|0:2|1:0|1:2|2:0|2:2|2:3|3:0|3:1|3:2|4:2|4:3|4:4|5:0|5:1|5:2|6:0|6:1|6:2|7:0|7:2|7:3|7:4|8:0|9:0|9:1|9:2,389
102,1830,0.8999099099099099,3.0,3.0,0.011854464662760444,3.0118544646627594,210,victory,1,0,,0,41,39,0:0|1:0|2:0|2:2|2:3|3:0|3:1|3:2|4:2|4:3|4:4|5:0|5:1|5:2|6:0|6:1|6:2|6:7|6:8|6:9|7:0|7:2|7:3|7:4|7:5|7:6|7:7|7:8|7:9|8:0|8:4|8:5|8:7|8:8|8:9|9:4|9:7|9:8|9:9,389
103,1831,0.898918918918919,2.0,2.0,0.018812964811462874,2.018812964811462,300,truncated,0,0,,1,74,55,0:0|0:1|0:2|0:4|0:5|0:6|1:0|1:2|1:4|1:5|1:8|1:9|2:0|2:2|2:3|2:4|2:5|2:7|2:8|2:9|3:0|3:1|3:2|3:5|3:7|3:8|3:9|4:2|4:3|4:4|4:5|4:6|4:7|4:9|5:0|5:1|5:2|5:4|5:5|5:6|5:7|5:8|5:9|6:0|6:1|6:2|6:7|6:8|6:9|7:0|7:8|7:9|8:0|9:0|9:1,389
104,1832,0.897927927927928,1.0,1.0,0.014256633223259192,1.014256633223256,300,truncated,0,0,,1,39,28,0:0|0:1|0:2|1:0|1:2|2:2|2:3|3:1|3:2|4:2|4:3|4:4|4:5|4:6|5:0|5:1|5:2|5:5|5:6|6:0|6:1|6:2|7:0|7:2|7:3|7:4|8:0|9:0,389
105,1833,0.8969369369369369,1.0,1.0,0.011379072182046307,1.011379072182043,300,truncated,0,0,,1,24,19,0:0|1:0|2:0|3:0|3:1|3:2|4:2|4:3|5:0|5:1|5:2|6:0|6:1|6:2|7:0|7:2|7:3|8:0|9:0,389
106,1834,0.8959459459459459,2.0,2.0,0.017296598081964976,2.0172965980819635,300,truncated,0,0,,1,57,45,0:0|0:1|0:2|0:5|0:6|0:7|0:8|1:0|1:2|1:5|1:7|2:0|2:2|2:4|2:5|2:7|3:0|3:1|3:2|3:5|3:7|4:2|4:3|4:4|4:5|4:6|4:7|5:4|5:5|5:6|5:7|5:8|5:9|6:7|6:8|6:9|7:7|7:8|7:9|8:7|8:8|8:9|9:7|9:8|9:9,389
107,1835,0.8949549549549549,1.0,1.0,0.015296883734179726,1.0152968837341751,300,truncated,0,0,,1,51,44,0:0|1:0|1:2|2:0|2:2|2:3|3:0|3:1|3:2|3:7|3:8|4:2|4:3|4:4|4:5|4:6|4:7|5:0|5:1|5:2|5:4|5:5|5:6|5:7|5:8|6:0|6:1|6:2|6:4|6:8|7:0|7:2|7:3|7:4|7:5|8:0|8:4|8:5|9:0|9:1|9:2|9:3|9:4|9:5,389
108,1836,0.8939639639639639,2.0,2.0,0.016648071207223784,2.01664807120722,300,truncated,0,0,,1,52,42,0:0|1:0|2:0|2:2|2:3|2:4|2:5|3:0|3:1|3:2|4:2|4:3|5:0|5:1|5:2|5:7|5:8|5:9|6:0|6:1|6:2|6:7|6:8|6:9|7:0|7:2|7:3|7:4|7:5|7:6|7:7|7:8|7:9|8:0|8:4|8:5|9:0|9:1|9:2|9:3|9:4|9:5,401
109,1837,0.892972972972973,1.0,1.0,0.013644564232286015,1.0136445642322822,300,truncated,0,0,,1,38,29,0:0|0:1|0:2|1:0|1:2|2:2|3:1|3:2|4:2|4:3|4:4|5:0|5:1|5:2|6:0|6:1|6:2|6:4|7:0|7:2|7:3|7:4|8:0|8:4|9:0|9:1|9:2|9:3|9:4,401
110,1838,0.891981981981982,1.0,1.0,0.015724514090056655,1.0157245140900542,300,truncated,0,0,,1,46,40,0:0|0:1|0:2|1:0|1:2|2:0|2:2|3:0|3:1|3:2|4:2|4:3|4:4|4:6|4:7|5:0|5:1|5:2|5:4|5:5|5:6|6:0|6:1|6:2|6:4|7:0|7:2|7:3|7:4|7:5|7:6|8:0|8:4|8:5|9:0|9:1|9:2|9:3|9:4|9:5,401
111,1839,0.890990990990991,1.0,1.0,0.015183402799173682,1.0151834027991709,300,truncated,0,0,,1,43,40,0:0|0:1|0:2|1:2|1:4|1:5|2:0|2:2|2:3|2:4|2:5|3:0|3:1|3:2|3:5|4:2|4:3|4:4|4:5|4:6|5:0|5:1|5:2|5:4|5:5|6:0|6:1|6:2|6:4|7:0|7:2|7:3|7:4|8:0|8:4|9:0|9:1|9:2|9:3|9:4,401
112,1840,0.89,1.0,1.0,0.01568119965815838,1.0156811996581565,300,truncated,0,0,,1,42,26,0:0|0:1|0:2|1:0|1:2|2:0|2:2|2:3|2:4|3:0|3:1|3:2|4:2|4:3|5:0|5:1|5:2|6:0|6:1|6:2|7:2|7:3|7:4|8:4|9:3|9:4,401
113,1841,0.889009009009009,3.0,3.0,0.010170901398358986,3.010170901398358,174,victory,1,0,,0,39,34,0:0|0:1|0:2|1:0|2:0|3:0|3:1|3:2|4:2|5:0|5:1|5:2|6:0|6:1|6:2|6:7|6:8|6:9|7:0|7:5|7:6|7:7|7:8|7:9|8:0|8:4|8:5|8:9|9:0|9:1|9:2|9:3|9:4|9:9,401
114,1842,0.888018018018018,1.0,1.0,0.016326057479252514,1.0163260574792508,300,truncated,0,0,,1,44,25,0:0|0:1|0:2|1:0|1:2|2:0|2:2|3:0|3:1|3:2|4:2|4:3|4:4|5:0|5:1|5:2|6:0|6:1|6:2|7:0|7:2|7:3|7:4|8:0|8:4,401
115,1843,0.8870270270270271,3.0,3.0,0.011948820508249757,3.011948820508249,196,victory,1,0,,0,46,38,0:0|0:1|1:0|2:0|2:5|3:0|3:1|3:2|3:5|3:7|4:2|4:3|4:4|4:5|4:6|4:7|5:0|5:1|5:2|5:6|5:7|5:8|5:9|6:0|6:1|6:2|6:7|6:9|7:0|7:6|7:7|7:8|7:9|8:7|8:8|8:9|9:8|9:9,401
116,1844,0.886036036036036,1.0,1.0,0.012290420649089667,1.012290420649087,300,truncated,0,0,,1,24,18,0:0|0:1|0:2|1:2|2:2|3:1|3:2|4:2|4:3|5:0|5:1|5:2|6:0|6:1|6:2|7:0|7:2|8:0,401
117,1845,0.885045045045045,3.0,3.0,0.01271271377295276,3.0127127137729515,196,victory,1,0,,0,51,44,0:0|0:2|1:0|1:2|1:4|1:5|2:0|2:2|2:3|2:4|2:5|3:0|3:1|3:2|3:5|4:2|4:4|4:5|4:6|5:0|5:1|5:2|5:4|5:5|5:6|5:7|5:8|6:0|6:1|6:2|6:4|6:7|6:8|6:9|7:2|7:3|7:4|7:5|7:7|7:8|7:9|8:4|8:9|9:9,401
118,1846,0.884054054054054,1.0,1.0,0.015658155777985214,1.0156581557779827,300,truncated,0,0,,1,50,34,0:0|0:1|0:2|1:2|2:2|2:3|3:0|3:1|3:2|4:2|4:3|4:4|4:5|5:0|5:1|5:2|5:4|5:5|6:0|6:1|6:2|6:4|7:0|7:2|7:3|7:4|7:5|7:6|8:0|8:4|8:5|9:0|9:1|9:4,401
119,1847,0.883063063063063,3.0,3.0,0.012005398881362761,3.012005398881362,216,victory,1,0,,0,42,37,0:0|1:0|2:0|3:0|3:1|3:2|4:2|4:3|5:0|5:1|5:2|6:0|6:1|6:2|6:4|6:7|6:8|6:9|7:0|7:2|7:4|7:5|7:6|7:7|7:8|7:9|8:0|8:4|8:5|8:8|9:0|9:1|9:2|9:3|9:4|9:8|9:9,401
120,1848,0.882072072072072,3.0,3.0,0.015313342844754331,3.0153133428447525,298,victory,1,0,,0,43,39,0:0|0:1|0:2|1:0|1:2|2:0|2:2|3:0|3:1|3:2|4:2|4:3|5:0|5:1|5:2|6:0|6:1|6:2|7:0|7:2|7:3|7:4|7:5|7:6|7:7|7:8|7:9|8:0|8:4|8:5|8:7|8:8|8:9|9:0|9:3|9:4|9:5|9:7|9:9,401
121,1849,0.8810810810810811,2.0,2.0,0.0176508023108377,2.017650802310832,300,truncated,0,0,,1,62,48,0:0|1:0|1:9|2:0|2:2|2:3|2:5|2:7|2:8|2:9|3:0|3:1|3:2|3:5|3:7|3:8|3:9|4:2|4:3|4:4|4:5|4:6|4:7|4:9|5:2|5:4|5:5|5:6|5:7|5:8|5:9|6:7|6:8|6:9|7:5|7:6|7:7|7:8|7:9|8:4|8:5|8:7|8:8|8:9|9:5|9:7|9:8|9:9,401
122,1850,0.8800900900900901,1.0,1.0,0.012156997454457428,1.0121569974544546,300,truncated,0,0,,1,31,21,0:0|0:1|0:2|1:0|1:2|2:0|2:2|2:3|3:0|3:1|3:2|4:2|5:0|5:1|5:2|6:0|6:1|6:2|7:0|8:0|9:0,401
123,1851,0.8790990990990991,2.0,2.0,0.018185160534276025,2.0181851605342733,300,truncated,0,0,,1,63,54,0:0|0:1|0:2|1:2|1:8|1:9|2:2|2:3|2:4|2:7|2:8|2:9|3:2|3:7|3:8|3:9|4:2|4:3|4:4|4:5|4:7|4:9|5:0|5:1|5:2|5:4|5:5|5:6|5:7|5:8|5:9|6:0|6:1|6:2|6:4|6:7|6:8|6:9|7:0|7:2|7:3|7:4|7:5|7:6|7:7|7:8|7:9|8:0|8:4|8:5|9:2|9:3|9:4|9:5,402
124,1852,0.8781081081081081,1.0,1.0,0.018812874826594262,1.0188128748265914,300,truncated,0,0,,1,69,50,0:0|0:4|0:5|1:0|1:4|1:5|2:0|2:2|2:3|2:4|2:5|3:0|3:1|3:2|3:5|4:2|4:3|4:4|4:5|4:6|4:7|5:1|5:2|5:4|5:5|5:6|5:7|5:8|5:9|6:1|6:2|6:4|6:7|6:9|7:2|7:3|7:4|7:5|7:6|7:7|7:8|7:9|8:4|8:5|8:7|8:8|8:9|9:3|9:4|9:5,406
125,1853,0.8771171171171172,2.0,2.0,0.01809264392141238,2.0180926439214093,300,truncated,0,0,,1,71,64,0:0|0:1|0:2|0:5|0:6|0:7|1:0|1:2|1:5|1:7|1:8|1:9|2:0|2:2|2:3|2:5|2:8|2:9|3:0|3:1|3:2|3:5|3:7|3:8|3:9|4:2|4:5|4:6|4:7|4:9|5:0|5:1|5:2|5:4|5:5|5:6|5:7|5:8|5:9|6:0|6:1|6:2|6:4|6:7|6:8|6:9|7:0|7:2|7:3|7:4|7:5|7:6|7:7|7:8|7:9|8:0|8:4|8:5|8:8|8:9|9:0|9:1|9:4|9:5,406
126,1854,0.8761261261261262,2.0,2.0,0.01873322836211766,2.0187332283621173,300,truncated,0,0,,1,72,51,0:0|0:2|1:0|1:2|1:4|1:5|2:0|2:2|2:3|2:4|2:5|3:0|3:1|3:2|3:5|3:7|3:8|3:9|4:2|4:3|4:4|4:5|4:6|4:7|4:9|5:2|5:4|5:5|5:6|5:7|5:8|5:9|6:2|6:4|6:7|6:8|6:9|7:4|7:7|7:8|7:9|8:4|8:5|8:7|8:8|8:9|9:4|9:5|9:7|9:8|9:9,406
127,1855,0.8751351351351352,1.0,1.0,0.012618540106656802,1.0126185401066543,300,truncated,0,0,,1,28,19,0:0|1:0|2:0|2:2|3:0|3:1|3:2|4:2|4:3|5:0|5:1|5:2|6:0|6:1|6:2|7:0|7:2|7:3|7:4,406
128,1856,0.8741441441441442,3.0,3.0,0.011041213612396279,3.011041213612394,170,victory,1,0,,0,45,38,0:0|0:1|0:2|1:2|2:0|2:2|3:0|3:1|3:2|4:2|4:3|4:9|5:0|5:1|5:2|5:9|6:0|6:1|6:2|6:8|6:9|7:0|7:2|7:3|7:4|7:5|7:6|7:7|7:8|7:9|8:4|8:5|8:7|8:8|8:9|9:7|9:8|9:9,406
129,1857,0.8731531531531531,2.0,2.0,0.017952281363952747,2.0179522813639506,300,truncated,0,0,,1,71,53,0:0|0:1|0:2|1:2|1:8|1:9|2:2|2:3|2:4|2:5|2:8|2:9|3:2|3:5|3:8|3:9|4:2|4:3|4:4|4:5|4:6|4:7|4:9|5:1|5:2|5:4|5:5|5:6|5:7|5:8|5:9|6:1|6:2|6:4|6:7|6:8|6:9|7:4|7:5|7:6|7:7|7:8|7:9|8:4|8:5|8:7|8:8|8:9|9:4|9:5|9:7|9:8|9:9,406
130,1858,0.8721621621621621,1.0,1.0,0.012106240601935905,1.0121062406019334,300,truncated,0,0,,1,28,24,0:0|0:1|0:2|1:0|1:2|2:0|2:2|3:2|4:2|4:3|5:0|5:1|5:2|6:0|6:1|6:2|7:0|7:2|7:3|7:4|8:0|9:0|9:1|9:2,406
131,1859,0.8711711711711712,3.0,3.0,0.00848108158765894,3.0084810815876564,120,victory,1,0,,0,41,33,0:0|0:1|0:2|1:0|1:2|2:2|2:3|2:4|2:5|3:1|3:2|4:2|4:3|4:4|5:0|5:1|5:2|5:4|6:1|6:2|6:4|7:4|7:5|7:6|7:7|7:8|7:9|8:7|8:8|8:9|9:7|9:8|9:9,406
132,1860,0.8701801801801802,1.0,1.0,0.013209124582790263,1.0132091245827866,300,truncated,0,0,,1,32,30,0:0|0:1|0:2|1:0|1:2|2:0|2:2|3:0|3:1|3:2|4:2|5:0|5:1|5:2|6:0|6:1|6:2|7:0|7:2|7:5|7:6|8:0|8:4|8:5|9:0|9:1|9:2|9:3|9:4|9:5,406
133,1861,0.8691891891891892,3.0,3.0,0.015272406808217686,3.015272406808215,252,victory,1,0,,0,55,51,0:0|0:2|0:4|0:5|0:6|0:7|0:8|0:9|1:0|1:2|1:4|1:5|1:7|1:8|1:9|2:0|2:2|2:3|2:4|2:5|2:7|2:8|2:9|3:0|3:1|3:2|3:7|3:8|3:9|4:2|4:3|4:6|4:7|4:9|5:0|5:1|5:2|5:6|5:7|5:8|5:9|6:7|6:8|6:9|7:7|7:8|7:9|8:7|8:8|8:9|9:9,406
134,1862,0.8681981981981982,3.0,3.0,0.014468411648732981,3.014468411648731,273,victory,1,0,,0,44,42,0:0|0:1|0:2|1:0|1:2|2:0|2:2|2:3|2:4|2:5|3:0|3:1|3:2|3:5|4:2|4:3|4:4|4:5|5:0|5:1|5:2|6:0|6:1|6:2|6:7|6:9|7:0|7:2|7:3|7:4|7:5|7:6|7:7|7:8|7:9|8:0|8:7|8:8|8:9|9:0|9:1|9:9,406
135,1863,0.8672072072072072,2.0,2.0,0.018875672354211077,2.0188756723542105,300,truncated,0,0,,1,73,53,0:0|0:1|0:2|0:4|1:2|1:4|1:5|2:2|2:3|2:4|2:5|3:0|3:1|3:2|3:5|4:2|4:3|4:4|4:5|4:6|4:7|5:0|5:1|5:2|5:4|5:5|5:6|5:7|5:8|5:9|6:0|6:1|6:2|6:4|6:7|6:8|6:9|7:0|7:2|7:3|7:4|7:5|7:6|7:7|8:0|8:4|8:5|8:7|8:8|8:9|9:7|9:8|9:9,419
136,1864,0.8662162162162163,2.0,2.0,0.01576182430894471,2.0157618243089432,300,truncated,0,0,,1,47,39,0:0|0:1|0:2|0:5|0:6|1:0|1:2|1:5|2:2|2:3|2:4|2:5|3:2|3:5|4:2|4:3|4:4|4:5|4:6|4:7|5:0|5:1|5:2|5:5|5:6|5:7|6:0|6:1|6:2|7:0|7:2|7:3|7:4|7:5|7:6|7:7|7:8|7:9|8:7,419
137,1865,0.8652252252252253,3.0,3.0,0.008324978269240377,3.0083249782692407,109,victory,1,0,,0,48,35,0:0|0:1|0:2|1:2|2:2|2:3|3:2|3:7|4:2|4:3|4:4|4:6|4:7|5:0|5:1|5:2|5:4|5:5|5:6|5:7|6:1|6:2|6:7|6:8|7:5|7:6|7:7|7:8|7:9|8:7|8:8|8:9|9:7|9:8|9:9,420
138,1866,0.8642342342342342,3.0,3.0,0.017773035041041187,3.0177730350410403,281,victory,1,0,,0,73,56,0:0|0:1|0:2|1:2|2:2|2:3|2:4|3:0|3:1|3:2|3:7|3:8|3:9|4:2|4:3|4:4|4:5|4:6|4:7|4:9|5:0|5:1|5:2|5:4|5:5|5:6|5:7|5:8|5:9|6:0|6:1|6:2|6:4|6:7|6:8|6:9|7:0|7:2|7:3|7:4|7:5|7:6|7:7|7:8|7:9|8:0|8:4|8:5|8:7|8:8|8:9|9:2|9:3|9:4|9:5|9:9,420
139,1867,0.8632432432432433,3.0,3.0,0.013677894341459362,3.0136778943414573,221,victory,1,0,,0,52,44,0:0|0:1|0:2|1:0|1:2|2:0|2:2|3:0|3:1|3:2|3:5|4:2|4:3|4:4|4:5|4:6|4:7|5:0|5:1|5:2|5:4|5:5|5:6|5:7|5:8|5:9|6:0|6:1|6:2|6:4|6:7|6:8|6:9|7:2|7:3|7:5|7:6|7:7|7:8|7:9|8:7|8:8|8:9|9:9,420
140,1868,0.8622522522522522,3.0,3.0,0.009001556179581295,3.009001556179581,131,victory,1,0,,0,43,38,0:0|0:1|0:2|1:2|2:2|3:2|4:2|4:3|4:4|5:0|5:1|5:2|5:4|5:5|5:6|5:7|5:8|5:9|6:0|6:1|6:2|6:8|6:9|7:0|7:2|7:3|7:4|7:5|7:6|7:7|7:8|7:9|8:0|8:8|8:9|9:0|9:8|9:9,420
141,1869,0.8612612612612612,2.0,2.0,0.01579037982775836,2.0157903798277585,300,truncated,0,0,,1,56,46,0:0|0:1|0:2|1:0|1:2|1:4|1:5|2:0|2:2|2:3|2:4|2:5|3:0|3:1|3:2|3:5|4:2|4:3|4:4|4:5|4:6|5:0|5:1|5:2|5:4|5:5|5:6|6:0|6:1|6:2|6:4|6:7|6:8|6:9|7:2|7:3|7:4|7:5|7:6|7:7|7:8|7:9|8:4|8:5|9:4|9:5,420
142,1870,0.8602702702702703,3.0,3.0,0.011269081603441906,3.011269081603441,195,victory,1,0,,0,39,31,0:0|0:1|0:2|1:0|1:2|2:0|2:2|3:0|3:1|3:2|4:2|4:3|5:0|5:1|5:2|6:1|6:2|7:2|7:3|7:4|7:5|7:6|7:7|7:9|8:4|8:5|8:7|8:8|8:9|9:4|9:9,420
143,1871,0.8592792792792793,2.0,2.0,0.01755564903880899,2.0175556490388065,300,truncated,0,0,,1,61,45,0:0|0:1|0:2|0:4|1:0|1:2|1:4|2:0|2:2|2:3|2:4|2:5|3:0|3:1|3:2|3:5|4:2|4:5|4:6|4:9|5:5|5:6|5:7|5:8|5:9|6:7|6:8|6:9|7:3|7:4|7:5|7:6|7:7|7:8|7:9|8:4|8:5|8:7|8:8|8:9|9:4|9:5|9:7|9:8|9:9,420
144,1872,0.8582882882882883,3.0,3.0,0.012015967239962082,3.01201596723996,223,victory,1,0,,0,40,36,0:0|1:0|2:0|2:2|3:0|3:1|3:2|4:2|4:3|4:4|5:0|5:1|5:2|5:4|5:5|5:9|6:0|6:1|6:2|6:4|6:8|6:9|7:2|7:3|7:4|7:5|7:6|7:7|7:8|7:9|8:4|8:5|8:9|9:4|9:5|9:9,420
145,1873,0.8572972972972973,2.0,2.0,0.01871504989078322,2.0187150498907807,300,truncated,0,0,,1,71,49,0:0|0:2|1:0|1:2|2:0|2:2|2:3|2:4|2:5|3:0|3:1|3:2|3:5|4:2|4:3|4:4|4:5|4:9|5:0|5:1|5:2|5:4|5:8|5:9|6:0|6:1|6:2|6:4|6:7|6:8|6:9|7:0|7:2|7:3|7:4|7:5|7:6|7:7|7:8|7:9|8:4|8:5|8:7|8:8|8:9|9:2|9:3|9:4|9:5,433
146,1874,0.8563063063063063,3.0,3.0,0.008360287093364827,3.008360287093364,127,victory,1,0,,0,35,29,0:0|0:1|0:2|1:0|1:2|2:0|2:2|2:3|3:1|3:2|4:2|5:0|5:1|5:2|6:0|6:1|6:2|6:4|6:7|7:2|7:3|7:4|7:5|7:6|7:7|7:8|7:9|8:9|9:9,433
147,1875,0.8553153153153152,3.0,3.0,0.00994735678864437,3.0099473567886443,160,victory,1,0,,0,35,32,0:0|0:1|0:2|1:0|1:2|2:0|3:0|3:1|3:2|4:2|5:0|5:1|5:2|6:0|6:1|6:2|6:4|7:2|7:3|7:4|7:5|7:6|7:7|7:8|7:9|8:4|8:5|8:9|9:3|9:4|9:5|9:9,433
148,1876,0.8543243243243244,3.0,3.0,0.015333936632043682,3.0153339366320413,285,victory,1,0,,0,47,43,0:0|0:1|0:2|1:2|2:2|2:3|2:4|3:1|3:2|4:2|5:0|5:1|5:2|6:0|6:1|6:2|6:4|6:7|6:8|7:0|7:2|7:3|7:4|7:5|7:6|7:7|7:8|7:9|8:0|8:4|8:5|8:7|8:8|8:9|9:0|9:1|9:2|9:3|9:4|9:5|9:7|9:8|9:9,433
149,1877,0.8533333333333333,3.0,3.0,0.009387751512527189,3.0093877515125262,148,victory,1,0,,0,41,34,0:0|1:0|2:0|2:2|3:0|3:1|3:2|4:2|5:0|5:1|5:2|6:0|6:1|6:2|7:0|7:2|7:3|7:4|7:5|7:6|7:7|7:8|7:9|8:0|8:4|8:5|8:7|8:8|8:9|9:0|9:1|9:2|9:3|9:9,433
150,1878,0.8523423423423424,3.0,3.0,0.007986814654396397,3.0079868146543953,117,victory,1,0,,0,38,34,0:0|0:1|0:2|0:4|1:2|1:4|2:0|2:2|2:3|2:4|3:0|3:1|3:2|4:2|4:3|5:0|5:1|5:2|6:0|6:1|6:2|6:8|7:0|7:2|7:3|7:4|7:5|7:6|7:7|7:8|7:9|8:8|8:9|9:9,433
151,1879,0.8513513513513513,3.0,3.0,0.008249422675879118,3.0082494226758785,115,victory,1,0,,0,41,34,0:0|0:1|0:2|1:2|2:2|2:3|3:0|3:1|3:2|4:2|4:3|5:0|5:1|5:2|5:7|5:8|5:9|6:1|6:2|6:7|6:8|6:9|7:2|7:3|7:4|7:5|7:6|7:7|7:8|7:9|8:7|8:8|8:9|9:9,433
152,1880,0.8503603603603603,3.0,3.0,0.00771915605822817,3.0077191560582266,111,victory,1,0,,0,36,31,0:0|1:0|2:0|3:0|3:1|3:2|4:2|4:3|5:0|5:1|5:2|6:0|6:1|6:2|6:4|7:0|7:2|7:3|7:4|7:5|7:6|7:7|7:8|7:9|8:5|8:7|8:8|8:9|9:5|9:8|9:9,433
153,1881,0.8493693693693694,3.0,3.0,0.010028175647162532,3.010028175647161,155,victory,1,0,,0,43,33,0:0|0:1|0:2|1:0|1:2|2:0|2:2|2:3|3:0|3:1|3:2|4:2|5:0|5:1|5:2|6:1|6:2|6:4|7:2|7:3|7:4|7:5|7:6|7:7|7:9|8:4|8:5|8:7|8:9|9:5|9:7|9:8|9:9,433
154,1882,0.8483783783783784,2.0,2.0,0.01774333369886151,2.01774333369886,300,truncated,0,0,,1,62,49,0:0|0:1|1:0|1:2|2:0|2:2|2:3|2:4|3:0|3:1|3:2|4:2|5:0|5:1|5:2|5:5|5:6|5:7|5:8|5:9|6:0|6:1|6:2|6:4|6:7|6:8|6:9|7:0|7:2|7:3|7:4|7:5|7:6|7:7|7:8|7:9|8:0|8:4|8:5|8:7|8:8|8:9|9:0|9:1|9:2|9:3|9:4|9:5|9:8,433
155,1883,0.8473873873873874,3.0,3.0,0.012313825548273316,3.0123138255482695,182,victory,1,0,,0,54,53,0:0|0:6|0:7|0:8|0:9|1:0|1:7|1:8|1:9|2:0|2:7|2:8|3:0|3:1|3:2|3:7|3:8|3:9|4:2|4:3|4:5|4:6|4:7|5:0|5:1|5:2|5:6|5:7|5:8|6:0|6:1|6:2|6:7|6:8|6:9|7:0|7:2|7:5|7:6|7:7|7:8|7:9|8:0|8:5|8:8|8:9|9:0|9:1|9:2|9:3|9:4|9:5|9:9,433
156,1884,0.8463963963963964,1.0,1.0,0.013858453698085343,1.0138584536980848,300,truncated,0,0,,1,37,29,0:0|0:1|0:2|0:5|0:6|1:0|1:2|1:4|1:5|2:0|2:2|2:3|2:4|2:5|3:0|3:1|3:2|3:5|4:2|4:3|4:4|4:5|5:0|5:1|5:2|5:4|5:5|6:1|6:2,433
157,1885,0.8454054054054054,3.0,3.0,0.008102844567896715,3.0081028445678966,122,victory,1,0,,0,38,36,0:0|0:1|0:2|1:0|1:2|2:0|2:2|3:0|3:1|3:2|4:2|4:3|5:0|5:1|5:2|5:7|5:8|5:9|6:2|6:4|6:7|6:8|6:9|7:2|7:3|7:4|7:5|7:6|7:7|7:8|7:9|8:4|8:9|9:3|9:4|9:9,433
158,1886,0.8444144144144143,3.0,3.0,0.007043224967373443,3.007043224967374,95,victory,1,0,,0,36,30,0:0|1:0|2:0|3:0|3:1|3:2|4:2|4:3|4:4|4:5|4:6|5:0|5:1|5:2|5:5|5:6|5:7|5:8|5:9|6:0|6:1|6:7|6:8|6:9|7:7|7:8|7:9|8:8|8:9|9:9,433
159,1887,0.8434234234234235,3.0,3.0,0.011177268709469449,3.011177268709467,175,victory,1,0,,0,47,47,0:0|0:1|1:0|1:4|1:5|2:0|2:4|2:5|3:0|3:1|3:2|3:5|4:2|4:3|4:5|4:6|4:7|4:9|5:0|5:1|5:2|5:4|5:5|5:6|5:7|5:8|5:9|6:0|6:1|6:2|6:4|6:7|6:8|6:9|7:2|7:3|7:4|7:5|7:6|7:7|7:8|7:9|8:4|8:5|8:7|8:9|9:9,433
160,1888,0.8424324324324324,3.0,3.0,0.006356190268556921,3.006356190268556,79,victory,1,0,,0,38,34,0:0|0:1|0:2|1:2|2:2|2:3|3:2|4:2|5:0|5:1|5:2|5:7|5:8|5:9|6:0|6:1|6:2|6:7|6:8|6:9|7:2|7:3|7:4|7:5|7:6|7:7|7:8|7:9|8:4|8:5|8:7|8:9|9:7|9:9,433
161,1889,0.8414414414414415,3.0,3.0,0.008175565343352141,3.0081755653433513,135,victory,1,0,,0,34,28,0:0|1:0|2:0|2:2|3:0|3:1|3:2|4:2|4:3|4:4|5:0|5:1|5:2|6:0|6:1|6:2|7:2|7:3|7:4|7:5|7:6|7:7|7:8|7:9|8:7|8:8|8:9|9:9,433
162,1890,0.8404504504504504,2.0,2.0,0.018363762525529802,2.018363762525524,300,truncated,0,0,,1,70,57,0:0|0:1|0:2|0:8|0:9|1:2|1:4|1:7|1:8|1:9|2:2|2:3|2:4|2:5|2:7|2:8|2:9|3:1|3:2|3:5|3:7|3:8|3:9|4:2|4:3|4:4|4:5|4:7|4:9|5:0|5:1|5:2|5:4|5:5|5:6|5:7|5:8|5:9|6:1|6:2|6:4|6:7|6:8|6:9|7:4|7:5|7:6|7:7|7:8|7:9|8:4|8:5|8:7|8:8|8:9|9:4|9:5,433
163,1891,0.8394594594594594,3.0,3.0,0.010276363184432771,3.010276363184431,176,victory,1,0,,0,37,32,0:0|0:1|0:2|1:0|2:0|3:0|3:1|3:2|4:2|5:0|5:1|5:2|6:0|6:1|6:2|7:0|7:2|7:3|7:4|7:5|7:6|7:7|7:8|7:9|8:0|8:7|8:8|8:9|9:0|9:7|9:8|9:9,433
164,1892,0.8384684684684685,2.0,2.0,0.015513544737637901,2.015513544737636,300,truncated,0,0,,1,47,41,0:0|0:1|1:0|1:2|2:0|2:2|2:3|3:0|3:1|3:2|4:2|5:0|5:1|5:2|6:0|6:1|6:2|6:4|6:7|6:8|7:0|7:2|7:3|7:4|7:5|7:6|7:7|8:0|8:4|8:5|8:7|8:8|9:0|9:1|9:2|9:3|9:4|9:5|9:7|9:8|9:9,433
165,1893,0.8374774774774775,3.0,3.0,0.012462581725712291,3.0124625817257122,195,victory,1,0,,0,54,45,0:0|0:4|1:0|1:2|1:4|1:5|2:0|2:2|2:3|2:4|2:5|3:0|3:1|3:2|3:5|4:2|4:3|4:4|4:5|4:6|5:0|5:1|5:2|5:4|5:5|5:6|5:7|5:8|5:9|6:0|6:1|6:2|6:4|6:8|6:9|7:2|7:3|7:4|7:7|7:8|7:9|8:8|8:9|9:8|9:9,433
166,1894,0.8364864864864865,3.0,3.0,0.012852453734975821,3.0128524537349737,208,victory,1,0,,0,48,44,0:0|0:1|0:2|1:0|1:2|2:0|2:2|2:3|3:0|3:1|3:2|3:9|4:2|4:3|4:9|5:0|5:1|5:2|5:9|6:1|6:2|6:8|6:9|7:0|7:2|7:3|7:4|7:5|7:6|7:7|7:8|7:9|8:0|8:4|8:5|8:7|8:9|9:0|9:1|9:2|9:3|9:4|9:5|9:9,433
167,1895,0.8354954954954955,3.0,3.0,0.007183278452074315,3.0071832784520733,106,victory,1,0,,0,34,27,0:0|0:1|0:2|1:2|2:2|2:3|3:1|3:2|4:2|4:3|5:0|5:1|5:2|6:0|6:1|6:2|7:0|7:2|7:3|7:4|7:5|7:6|7:7|7:8|7:9|8:9|9:9,433
168,1896,0.8345045045045045,3.0,3.0,0.012125167366206183,3.0121251673662055,217,victory,1,0,,0,43,31,0:0|1:0|2:0|3:0|3:1|3:2|4:2|5:0|5:1|5:2|6:0|6:2|6:4|6:9|7:2|7:3|7:4|7:5|7:6|7:7|7:8|7:9|8:4|8:5|8:7|8:8|8:9|9:3|9:4|9:5|9:9,433
169,1897,0.8335135135135134,3.0,3.0,0.009324467182749678,3.0093244671827497,129,victory,1,0,,0,48,38,0:0|0:1|0:2|1:0|2:0|3:0|3:1|3:2|4:2|4:3|4:4|5:0|5:1|5:2|5:4|6:1|6:2|6:4|6:7|6:8|7:2|7:3|7:4|7:5|7:6|7:7|7:8|7:9|8:4|8:5|8:7|8:8|8:9|9:3|9:4|9:7|9:8|9:9,433
170,1898,0.8325225225225226,3.0,3.0,0.012353295913528536,3.0123532959135266,177,victory,1,0,,0,57,43,0:0|0:1|0:2|1:0|1:2|2:0|2:2|2:3|3:0|3:1|3:2|4:2|5:0|5:1|5:2|6:0|6:1|6:2|6:4|6:7|6:8|6:9|7:0|7:2|7:3|7:4|7:5|7:6|7:7|7:8|7:9|8:0|8:4|8:5|8:7|8:8|9:0|9:1|9:4|9:5|9:7|9:8|9:9,433
171,1899,0.8315315315315315,3.0,3.0,0.007069052139494141,3.0070690521394923,97,victory,1,0,,0,36,32,0:0|0:1|0:2|1:0|2:0|3:0|3:1|3:2|4:2|5:0|5:1|5:2|6:0|6:1|6:2|6:8|7:0|7:2|7:3|7:4|7:5|7:6|7:7|7:8|7:9|8:4|8:7|8:8|8:9|9:7|9:8|9:9,433
172,1900,0.8305405405405406,3.0,3.0,0.008715068241633601,3.0087150682416324,127,victory,1,0,,0,41,36,0:0|0:1|0:2|1:0|1:2|2:0|2:2|2:3|3:2|4:2|4:3|5:0|5:1|5:2|6:0|6:1|6:2|7:0|7:2|7:3|7:4|7:5|7:6|7:7|7:8|7:9|8:0|8:4|8:5|8:7|8:8|8:9|9:4|9:7|9:8|9:9,433
173,1901,0.8295495495495495,3.0,3.0,0.004322540387131522,3.0043225403871308,53,victory,1,0,,0,27,23,0:0|1:0|2:0|3:0|3:1|3:2|4:2|5:0|5:1|5:2|6:1|6:2|6:8|7:2|7:3|7:4|7:5|7:6|7:7|7:8|7:9|8:9|9:9,433
174,1902,0.8285585585585585,3.0,3.0,0.013304312070636294,3.013304312070635,215,victory,1,0,,0,53,42,0:0|0:1|0:2|1:0|1:2|2:0|2:2|3:0|3:1|3:2|4:2|4:3|4:4|4:5|4:6|5:0|5:1|5:2|5:4|5:5|5:6|5:7|5:8|5:9|6:1|6:2|6:4|6:7|6:8|6:9|7:4|7:5|7:6|7:7|7:8|7:9|8:7|8:8|8:9|9:7|9:8|9:9,433
175,1903,0.8275675675675676,3.0,3.0,0.01143683674186359,3.0114368367418614,168,victory,1,0,,0,49,40,0:0|1:0|2:0|3:0|3:1|3:2|4:2|4:3|4:4|4:5|4:6|5:0|5:1|5:2|5:4|5:6|5:7|6:1|6:2|6:4|6:7|6:8|6:9|7:2|7:3|7:4|7:5|7:6|7:7|7:8|7:9|8:4|8:5|8:7|8:8|8:9|9:3|9:4|9:5|9:9,433
176,1904,0.8265765765765766,3.0,3.0,0.009490012155034568,3.009490012155034,150,victory,1,0,,0,42,41,0:0|0:2|0:4|0:5|0:6|0:7|0:8|1:0|1:2|1:4|1:5|1:8|2:0|2:2|2:3|2:4|2:5|3:0|3:1|3:2|3:5|4:2|5:0|5:1|5:2|6:1|6:2|6:4|6:7|6:8|6:9|7:2|7:3|7:4|7:5|7:6|7:7|7:9|8:8|8:9|9:9,433
177,1905,0.8255855855855856,3.0,3.0,0.009215661823105415,3.009215661823105,134,victory,1,0,,0,41,38,0:0|0:4|1:0|1:4|1:5|2:0|2:2|2:3|2:4|2:5|3:0|3:1|3:2|3:5|4:2|4:3|4:4|5:0|5:1|5:2|6:0|6:1|6:2|7:2|7:3|7:4|7:5|7:6|7:7|7:9|8:4|8:5|8:7|8:8|8:9|9:7|9:8|9:9,433
178,1906,0.8245945945945946,3.0,3.0,0.009112155976529345,3.0091121559765286,129,victory,1,0,,0,44,33,0:0|0:1|0:2|1:0|1:2|2:2|3:2|4:2|4:3|4:4|4:5|5:0|5:1|5:2|5:4|5:5|6:1|6:2|6:4|6:7|6:8|7:2|7:3|7:4|7:5|7:6|7:7|7:8|7:9|8:4|8:5|8:9|9:9,433
179,1907,0.8236036036036036,3.0,3.0,0.009865544918348877,3.009865544918349,170,victory,1,0,,0,36,31,0:0|0:1|1:0|2:0|3:0|3:1|3:2|4:2|4:3|4:4|5:0|5:1|5:2|5:8|6:0|6:1|6:2|6:8|6:9|7:2|7:3|7:4|7:5|7:6|7:7|7:8|7:9|8:5|8:8|9:8|9:9,433
180,1908,0.8226126126126126,3.0,3.0,0.006254674092183721,3.0062546740921823,78,victory,1,0,,0,37,33,0:0|1:0|2:0|2:2|2:3|3:0|3:1|3:2|4:2|5:0|5:1|5:2|5:7|5:8|5:9|6:0|6:1|6:2|6:7|6:8|6:9|7:0|7:2|7:3|7:4|7:5|7:6|7:7|7:8|7:9|8:5|8:9|9:9,433
181,1909,0.8216216216216217,3.0,3.0,0.008369759572015354,3.0083697595720142,125,victory,1,0,,0,38,33,0:0|0:1|1:0|1:2|2:0|2:2|2:3|2:4|3:0|3:1|3:2|4:2|4:3|4:4|5:0|5:1|5:2|5:4|5:5|5:6|5:7|6:0|6:1|6:2|6:7|6:8|7:2|7:3|7:7|7:8|7:9|8:9|9:9,433
182,1910,0.8206306306306306,3.0,3.0,0.005649050468797909,3.005649050468797,79,victory,1,0,,0,29,29,0:0|1:0|2:0|3:0|3:1|3:2|4:2|5:0|5:1|5:2|6:0|6:1|6:2|6:7|6:8|7:0|7:2|7:3|7:4|7:5|7:6|7:7|7:8|7:9|8:4|8:5|8:8|8:9|9:9,433
183,1911,0.8196396396396397,3.0,3.0,0.012385167102487509,3.0123851671024857,205,victory,1,0,,0,47,40,0:0|0:1|0:2|1:0|1:2|2:0|2:2|2:3|3:0|3:1|3:2|3:7|4:2|4:3|4:4|4:5|4:6|4:7|5:0|5:1|5:2|5:4|5:5|5:6|5:7|5:8|5:9|6:0|6:1|6:2|6:4|6:7|6:8|6:9|7:2|7:3|7:4|7:9|8:9|9:9,433
184,1912,0.8186486486486486,3.0,3.0,0.01130785958787294,3.0113078595878715,166,victory,1,0,,0,49,39,0:0|1:0|2:0|2:2|3:0|3:1|3:2|4:2|4:3|4:4|4:5|4:6|4:7|4:9|5:0|5:1|5:2|5:5|5:6|5:7|5:8|5:9|6:1|6:2|6:7|6:8|6:9|7:2|7:3|7:4|7:5|7:6|7:7|7:8|7:9|8:7|8:8|8:9|9:9,433
185,1913,0.8176576576576576,3.0,3.0,0.010066905552378838,3.010066905552378,169,victory,1,0,,0,39,33,0:0|0:1|0:2|1:0|2:0|3:0|3:1|3:2|4:2|4:3|5:0|5:1|5:2|6:1|6:2|6:4|6:8|6:9|7:2|7:3|7:4|7:5|7:6|7:7|7:8|7:9|8:4|8:5|8:7|8:8|8:9|9:5|9:9,433
186,1914,0.8166666666666667,3.0,3.0,0.010256075658809243,3.010256075658808,163,victory,1,0,,0,40,34,0:0|1:0|2:0|2:2|2:3|2:4|3:0|3:1|3:2|4:2|4:3|5:0|5:1|5:2|6:1|6:2|6:4|6:7|6:8|7:2|7:3|7:4|7:5|7:6|7:7|7:8|7:9|8:5|8:7|8:8|8:9|9:7|9:8|9:9,433
187,1915,0.8156756756756757,3.0,3.0,0.011431824553561535,3.0114318245535596,171,victory,1,0,,0,50,44,0:0|0:1|0:4|0:5|0:6|0:7|0:8|0:9|1:0|1:4|1:5|1:7|1:8|1:9|2:0|2:2|2:5|2:9|3:0|3:1|3:2|3:5|3:9|4:2|4:3|4:4|4:5|4:6|4:7|4:9|5:0|5:1|5:2|5:4|5:5|5:6|5:7|5:8|5:9|6:1|6:9|7:9|8:9|9:9,433
188,1916,0.8146846846846847,3.0,3.0,0.006217870554749808,3.0062178705547487,96,victory,1,0,,0,30,30,0:0|1:0|2:0|3:0|3:1|3:2|4:2|5:0|5:1|5:2|6:0|6:1|6:2|6:4|7:2|7:3|7:4|7:5|7:6|7:7|7:8|7:9|8:4|8:5|8:8|8:9|9:3|9:4|9:5|9:9,433
189,1917,0.8136936936936937,3.0,3.0,0.00902879046535618,3.009028790465356,166,victory,1,0,,0,35,34,0:0|1:0|1:2|1:4|2:0|2:2|2:3|2:4|2:5|3:0|3:1|3:2|4:2|4:3|5:0|5:1|5:2|6:0|6:1|6:2|6:9|7:0|7:2|7:3|7:4|7:5|7:6|7:7|7:8|7:9|8:8|8:9|9:8|9:9,433
190,1918,0.8127027027027027,3.0,3.0,0.012520369311286384,3.012520369311284,180,victory,1,0,,0,56,44,0:0|0:1|1:0|2:0|3:0|3:1|3:2|3:7|4:2|4:3|4:4|4:6|4:7|5:0|5:1|5:2|5:4|5:6|5:7|5:8|5:9|6:0|6:1|6:2|6:4|6:7|6:8|6:9|7:2|7:3|7:4|7:5|7:6|7:7|7:8|7:9|8:4|8:5|8:7|8:8|8:9|9:7|9:8|9:9,433
191,1919,0.8117117117117117,3.0,3.0,0.01727479701359785,3.0172747970135942,256,victory,1,0,,0,75,52,0:0|0:7|0:8|0:9|1:0|1:7|1:8|1:9|2:0|2:2|2:7|2:8|2:9|3:0|3:1|3:2|3:7|3:8|3:9|4:2|4:3|4:4|4:5|4:6|4:7|4:9|5:0|5:1|5:2|5:4|5:5|5:6|5:7|5:8|5:9|6:0|6:1|6:2|6:4|6:7|6:8|6:9|7:2|7:3|7:4|7:7|7:8|7:9|8:7|8:8|8:9|9:9,433
192,1920,0.8107207207207208,3.0,3.0,0.008394836612877564,3.008394836612876,118,victory,1,0,,0,40,35,0:0|1:0|2:0|2:2|2:3|3:0|3:1|3:2|4:2|4:3|4:4|4:5|4:6|5:0|5:1|5:2|5:6|5:7|5:8|6:0|6:1|6:2|6:7|6:8|7:0|7:6|7:7|7:9|8:0|8:7|8:8|8:9|9:7|9:8|9:9,433
193,1921,0.8097297297297297,3.0,3.0,0.012248599307050547,3.01224859930705,217,victory,1,0,,0,47,44,0:0|0:1|0:2|1:0|1:2|1:4|1:5|2:0|2:2|2:3|2:4|2:5|3:0|3:1|3:2|3:5|4:2|4:3|4:4|5:0|5:1|5:2|5:8|5:9|6:0|6:1|6:2|6:8|6:9|7:2|7:3|7:4|7:5|7:6|7:7|7:8|7:9|8:4|8:5|8:8|9:4|9:5|9:8|9:9,433
194,1922,0.8087387387387388,3.0,3.0,0.009679575844553244,3.0096795758445536,167,victory,1,0,,0,38,32,0:0|0:1|1:0|1:2|2:0|2:2|3:0|3:1|3:2|4:2|4:3|5:0|5:1|5:2|5:8|5:9|6:0|6:2|6:4|6:7|6:8|6:9|7:2|7:3|7:4|7:5|7:6|7:7|7:8|7:9|8:9|9:9,433
195,1923,0.8077477477477477,3.0,3.0,0.007126301414372416,3.007126301414371,94,victory,1,0,,0,39,33,0:0|1:0|2:0|3:0|3:1|3:2|3:5|4:2|4:3|4:4|4:5|4:6|4:7|5:0|5:1|5:2|5:4|5:5|5:6|5:7|5:8|5:9|6:0|6:7|6:8|6:9|7:0|7:7|7:8|7:9|8:8|8:9|9:9,433
196,1924,0.8067567567567567,3.0,3.0,0.009974233744684445,3.0099742337446838,150,victory,1,0,,0,44,35,0:0|1:0|1:2|2:0|2:2|2:3|3:0|3:1|3:2|4:2|4:3|4:4|4:5|5:0|5:1|5:2|5:4|5:5|6:0|6:1|6:2|6:4|7:0|7:2|7:3|7:4|7:5|7:6|7:7|7:8|7:9|8:4|8:9|9:4|9:9,433
197,1925,0.8057657657657658,3.0,3.0,0.007001013299813257,3.0070010132998126,106,victory,1,0,,0,30,24,0:0|0:1|0:2|1:2|2:2|3:1|3:2|4:2|5:0|5:1|5:2|6:0|6:1|6:2|7:2|7:3|7:4|7:5|7:6|7:7|7:8|7:9|8:9|9:9,433
198,1926,0.8047747747747748,3.0,3.0,0.00911119264248974,3.0091111926424876,135,victory,1,0,,0,40,35,0:0|1:0|2:0|2:2|3:0|3:1|3:2|4:2|4:3|5:0|5:1|5:2|6:0|6:1|6:2|7:0|7:2|7:3|7:4|7:5|7:6|7:7|7:8|7:9|8:0|8:4|8:5|8:8|8:9|9:0|9:1|9:2|9:3|9:4|9:9,433
199,1927,0.8037837837837838,3.0,3.0,0.007491299624632763,3.0074912996246317,102,victory,1,0,,0,39,34,0:0|1:0|2:0|2:2|2:3|2:4|3:0|3:1|3:2|4:2|5:0|5:1|5:2|6:0|6:1|6:2|6:8|6:9|7:0|7:2|7:3|7:4|7:5|7:6|7:7|7:8|7:9|8:0|8:5|8:8|8:9|9:5|9:8|9:9,433
200,1928,0.8027927927927928,3.0,3.0,0.008328933968377566,3.008328933968377,119,victory,1,0,,0,41,33,0:0|0:1|1:0|2:0|2:2|2:7|3:0|3:1|3:2|3:7|4:2|4:3|4:4|4:5|4:6|4:7|5:0|5:1|5:2|5:7|5:8|5:9|6:1|6:2|6:8|6:9|7:7|7:8|7:9|8:7|8:8|8:9|9:9,433
201,1929,0.8018018018018018,3.0,3.0,0.009443059132175639,3.009443059132175,140,victory,1,0,,0,43,40,0:0|1:0|1:2|2:0|2:2|3:0|3:1|3:2|3:7|4:2|4:3|4:4|4:5|4:7|5:0|5:1|5:2|5:7|5:8|6:0|6:1|6:2|6:7|6:8|6:9|7:2|7:3|7:4|7:5|7:6|7:7|7:8|7:9|8:4|8:5|8:7|8:8|8:9|9:4|9:9,433
202,1930,0.8008108108108108,3.0,3.0,0.009166195245198896,3.0091661952451982,155,victory,1,0,,0,34,30,0:0|1:0|2:0|3:0|3:1|3:2|4:2|5:0|5:1|5:2|6:0|6:1|6:2|6:4|7:2|7:3|7:4|7:5|7:6|7:7|7:8|7:9|8:4|8:5|8:8|8:9|9:4|9:7|9:8|9:9,433
203,1931,0.7998198198198199,3.0,3.0,0.008917809086722323,3.0089178090867215,138,victory,1,0,,0,38,35,0:0|0:1|0:2|1:0|1:2|2:0|2:2|2:3|3:2|4:2|4:3|5:0|5:1|5:2|6:0|6:1|6:2|6:4|6:9|7:0|7:2|7:3|7:4|7:5|7:6|7:7|7:8|7:9|8:4|8:5|8:9|9:3|9:4|9:5|9:9,433
204,1932,0.7988288288288288,3.0,3.0,0.007146282052208003,3.007146282052208,100,victory,1,0,,0,36,32,0:0|0:1|0:2|1:0|1:2|2:0|2:2|2:3|3:0|3:1|3:2|4:2|5:0|5:1|5:2|5:8|6:2|6:7|6:8|6:9|7:2|7:3|7:4|7:5|7:6|7:7|7:8|7:9|8:8|9:7|9:8|9:9,433
205,1933,0.7978378378378378,3.0,3.0,0.009710686916177328,3.0097106869161756,172,victory,1,0,,0,38,31,0:0|0:1|0:2|1:0|1:2|2:0|2:2|3:0|3:1|3:2|4:2|5:0|5:1|5:2|6:1|6:2|7:2|7:3|7:4|7:5|7:6|7:7|7:8|7:9|8:4|8:5|8:8|8:9|9:4|9:5|9:9,433
206,1934,0.7968468468468468,3.0,3.0,0.005861609963201114,3.005861609963202,74,victory,1,0,,0,38,32,0:0|0:1|0:2|1:2|2:2|2:3|3:1|3:2|4:2|5:0|5:1|5:2|5:7|5:8|6:0|6:1|6:2|6:7|6:8|6:9|7:2|7:3|7:4|7:5|7:6|7:7|7:8|7:9|8:7|8:8|9:8|9:9,433
207,1935,0.7958558558558558,3.0,3.0,0.008152720244866015,3.0081527202448655,110,victory,1,0,,0,43,36,0:0|1:0|2:0|3:0|3:1|3:2|4:2|4:3|4:7|5:0|5:1|5:2|5:4|5:5|5:6|5:7|5:8|5:9|6:1|6:2|6:4|6:7|6:8|6:9|7:2|7:3|7:4|7:7|7:8|7:9|8:7|8:8|8:9|9:7|9:8|9:9,433
208,1936,0.7948648648648649,3.0,3.0,0.00588733487632774,3.005887334876328,77,victory,1,0,,0,35,31,0:0|1:0|2:0|2:2|2:3|3:0|3:1|3:2|4:2|5:0|5:1|5:2|6:0|6:1|6:2|6:8|6:9|7:2|7:3|7:4|7:5|7:6|7:7|7:8|7:9|8:4|8:5|8:9|9:4|9:5|9:9,433
209,1937,0.7938738738738739,3.0,3.0,0.010834573773566874,3.0108345737735647,169,victory,1,0,,0,47,40,0:0|0:1|1:0|2:0|2:2|3:0|3:1|3:2|4:2|4:3|4:4|4:5|4:6|5:0|5:1|5:2|5:4|5:5|5:8|5:9|6:1|6:2|6:4|6:7|6:8|6:9|7:3|7:4|7:5|7:6|7:7|7:8|7:9|8:4|8:5|8:9|9:3|9:4|9:5|9:9,433
210,1938,0.7928828828828829,3.0,3.0,0.013876061682093366,3.013876061682091,233,victory,1,0,,0,49,38,0:0|0:1|0:2|1:0|1:2|2:2|2:3|3:0|3:1|3:2|4:2|4:3|4:4|4:5|5:0|5:1|5:2|5:9|6:0|6:1|6:2|6:7|6:9|7:2|7:3|7:4|7:5|7:6|7:7|7:8|7:9|8:4|8:5|8:7|8:8|8:9|9:5|9:9,433
211,1939,0.7918918918918919,3.0,3.0,0.009642302119581414,3.0096423021195795,173,victory,1,0,,0,33,28,0:0|0:1|1:0|2:0|3:0|3:1|3:2|4:2|4:3|5:0|5:1|5:2|6:2|6:4|7:2|7:3|7:4|7:5|7:6|7:7|7:9|8:5|8:7|8:8|8:9|9:7|9:8|9:9,433
212,1940,0.7909009009009009,3.0,3.0,0.0060254361519402585,3.0060254361519387,83,victory,1,0,,0,32,28,0:0|0:1|0:2|1:2|2:2|3:2|4:2|4:3|5:0|5:1|5:2|6:1|6:2|6:4|7:2|7:3|7:4|7:5|7:6|7:7|7:9|8:4|8:5|8:7|8:9|9:7|9:8|9:9,433
213,1941,0.78990990990991,3.0,3.0,0.005783635562722251,3.0057836355627217,76,victory,1,0,,0,30,26,0:0|1:0|2:0|3:0|3:1|3:2|4:2|4:3|5:0|5:1|5:2|6:1|6:2|6:9|7:2|7:3|7:4|7:5|7:6|7:7|7:8|7:9|8:8|8:9|9:8|9:9,433
214,1942,0.788918918918919,3.0,3.0,0.007047509532544602,3.0070475095325433,102,victory,1,0,,0,32,29,0:0|0:1|0:2|1:0|1:2|2:2|3:2|4:2|4:3|5:0|5:1|5:2|6:0|6:1|6:2|7:0|7:2|7:3|7:4|7:5|7:6|7:7|7:8|7:9|8:0|8:5|8:9|9:0|9:9,433
215,1943,0.7879279279279279,3.0,3.0,0.006887039654260261,3.0068870396542593,103,victory,1,0,,0,31,27,0:0|1:0|2:0|2:2|3:0|3:1|3:2|4:2|4:3|4:4|5:0|5:1|5:2|5:4|6:4|7:3|7:4|7:5|7:6|7:7|7:8|7:9|8:5|8:7|8:9|9:5|9:9,433
216,1944,0.7869369369369369,3.0,3.0,0.009495535984164841,3.009495535984165,132,victory,1,0,,0,46,39,0:0|1:0|1:2|2:0|2:2|2:3|3:0|3:1|3:2|4:2|4:3|4:9|5:0|5:1|5:2|5:9|6:0|6:1|6:2|6:7|6:8|6:9|7:0|7:2|7:3|7:4|7:5|7:6|7:7|7:8|7:9|8:0|8:5|8:7|8:8|8:9|9:7|9:8|9:9,433
217,1945,0.7859459459459459,3.0,3.0,0.0061027720407196085,3.0061027720407187,85,victory,1,0,,0,30,27,0:0|0:1|1:0|2:0|3:0|3:1|3:2|4:2|5:0|5:1|5:2|5:7|6:0|6:1|6:2|6:4|6:7|7:2|7:3|7:4|7:5|7:6|7:7|7:8|7:9|8:9|9:9,433
218,1946,0.7849549549549549,3.0,3.0,0.013170276711342742,3.0131702767113415,218,victory,1,0,,0,49,45,0:0|0:4|0:5|0:6|0:7|1:0|1:2|1:4|1:5|2:0|2:2|2:3|2:4|2:5|3:0|3:1|3:2|3:5|3:9|4:2|4:3|4:4|4:5|4:9|5:0|5:1|5:2|5:4|5:5|5:8|5:9|6:1|6:2|6:8|6:9|7:2|7:3|7:4|7:5|7:6|7:7|7:8|7:9|8:9|9:9,433
219,1947,0.783963963963964,3.0,3.0,0.00835057939095918,3.0083505793909584,122,victory,1,0,,0,37,32,0:0|1:0|1:2|2:0|2:2|3:0|3:1|3:2|4:2|5:0|5:1|5:2|6:0|6:1|6:2|6:8|7:0|7:2|7:3|7:4|7:5|7:6|7:7|7:8|7:9|8:0|8:4|8:7|8:8|8:9|9:7|9:9,433
220,1948,0.782972972972973,3.0,3.0,0.009765510338842272,3.009765510338841,168,victory,1,0,,0,36,26,0:0|0:1|0:2|1:2|2:2|3:2|4:2|4:3|5:0|5:1|5:2|6:0|6:1|6:2|7:2|7:3|7:4|7:5|7:6|7:7|7:8|7:9|8:5|8:7|8:9|9:9,433
221,1949,0.781981981981982,3.0,3.0,0.005637304932600797,3.005637304932601,74,victory,1,0,,0,34,31,0:0|0:1|0:2|1:2|2:2|3:1|3:2|4:2|5:0|5:1|5:2|5:4|5:5|5:6|5:7|5:8|5:9|6:0|6:1|6:2|6:4|6:8|6:9|7:2|7:3|7:4|7:8|7:9|8:8|8:9|9:9,433
222,1950,0.780990990990991,3.0,3.0,0.007343078099152847,3.0073430780991517,103,victory,1,0,,0,36,30,0:0|1:0|2:0|3:0|3:1|3:2|4:2|4:3|5:0|5:1|5:2|5:4|6:0|6:1|6:2|6:4|6:8|6:9|7:2|7:3|7:4|7:5|7:6|7:7|7:8|7:9|8:7|8:8|8:9|9:9,433
223,1951,0.78,3.0,3.0,0.006274078692694529,3.0062740786926945,80,victory,1,0,,0,35,30,0:0|1:0|2:0|2:2|3:0|3:1|3:2|4:2|5:0|5:1|5:2|6:2|6:8|6:9|7:2|7:3|7:4|7:5|7:6|7:7|7:8|7:9|8:4|8:5|8:7|8:8|8:9|9:4|9:5|9:9,433
224,1952,0.779009009009009,3.0,3.0,0.011708818762354342,3.0117088187623535,191,victory,1,0,,0,45,40,0:0|0:1|0:2|0:4|0:5|1:0|1:2|1:4|1:5|2:2|2:3|2:4|2:5|3:1|3:2|3:5|4:2|4:5|5:0|5:1|5:2|6:1|6:2|6:4|7:2|7:3|7:4|7:5|7:6|7:7|7:8|7:9|8:4|8:5|8:7|8:8|8:9|9:4|9:5|9:9,433
225,1953,0.7780180180180181,3.0,3.0,0.011245196146715132,3.0112451961467146,167,victory,1,0,,0,50,41,0:0|1:0|2:0|2:2|3:0|3:1|3:2|4:2|4:3|4:4|5:0|5:1|5:2|5:4|5:7|5:8|5:9|6:0|6:1|6:2|6:4|6:7|6:8|6:9|7:0|7:2|7:3|7:4|7:5|7:6|7:7|7:8|7:9|8:0|8:5|8:7|8:8|8:9|9:7|9:8|9:9,433
226,1954,0.777027027027027,3.0,3.0,0.005902876093686188,3.0059028760936846,83,victory,1,0,,0,28,26,0:0|1:0|2:0|3:0|3:1|3:2|4:2|5:0|5:1|5:2|6:0|6:1|6:2|6:9|7:0|7:2|7:3|7:4|7:5|7:6|7:7|7:8|7:9|8:8|8:9|9:9,433
227,1955,0.776036036036036,3.0,3.0,0.016595122628078992,3.0165951226280754,287,victory,1,0,,0,63,56,0:0|0:5|0:6|0:7|0:8|0:9|1:0|1:5|1:7|1:8|1:9|2:0|2:2|2:3|2:4|2:5|2:7|2:8|2:9|3:0|3:1|3:2|3:9|4:2|4:3|4:4|4:9|5:0|5:1|5:2|5:4|5:7|5:8|5:9|6:0|6:1|6:2|6:7|7:2|7:3|7:4|7:5|7:6|7:7|7:8|7:9|8:4|8:5|8:7|8:8|8:9|9:4|9:5|9:7|9:8|9:9,433
228,1956,0.775045045045045,2.0,2.0,0.014938809015307038,2.0149388090153053,300,truncated,0,0,,1,47,36,0:0|0:1|0:2|1:2|2:2|2:5|3:0|3:1|3:2|3:5|4:2|4:3|4:4|4:5|4:6|4:7|5:1|5:2|5:4|5:5|5:6|5:7|5:8|5:9|6:7|6:8|6:9|7:7|7:8|7:9|8:7|8:8|8:9|9:7|9:8|9:9,433
229,1957,0.774054054054054,3.0,3.0,0.01121343118480122,3.011213431184798,172,victory,1,0,,0,46,39,0:0|1:0|1:2|2:0|2:2|2:3|3:0|3:1|3:2|4:2|4:3|4:4|4:7|4:9|5:0|5:1|5:2|5:4|5:7|5:8|5:9|6:1|6:2|6:4|6:7|6:8|6:9|7:2|7:3|7:4|7:5|7:6|7:7|7:8|7:9|8:7|8:8|8:9|9:9,433
230,1958,0.773063063063063,3.0,3.0,0.007674609776199423,3.007674609776198,113,victory,1,0,,0,36,29,0:0|0:1|0:2|1:2|2:2|3:2|4:2|5:0|5:1|5:2|5:9|6:0|6:1|6:2|6:4|6:8|6:9|7:2|7:3|7:4|7:5|7:6|7:7|7:8|7:9|8:4|8:8|8:9|9:9,433
231,1959,0.7720720720720721,3.0,3.0,0.005405115470445954,3.005405115470446,82,victory,1,0,,0,26,26,0:0|1:0|2:0|2:2|3:0|3:1|3:2|4:2|4:3|4:4|5:0|5:1|5:2|6:0|6:1|6:2|7:2|7:3|7:4|7:5|7:6|7:7|7:8|7:9|8:9|9:9,433
232,1960,0.7710810810810811,3.0,3.0,0.01035681193250566,3.010356811932505,166,victory,1,0,,0,44,37,0:0|0:1|0:2|1:0|1:2|2:2|2:3|3:1|3:2|4:2|5:0|5:1|5:2|5:7|5:8|6:0|6:1|6:2|6:7|6:8|7:0|7:2|7:3|7:4|7:5|7:6|7:7|7:8|7:9|8:4|8:5|8:9|9:2|9:3|9:4|9:5|9:9,433
233,1961,0.7700900900900901,3.0,3.0,0.007390854440779856,3.0073908544407795,108,victory,1,0,,0,36,32,0:0|0:1|0:2|1:0|1:2|2:2|2:3|3:1|3:2|4:2|5:0|5:1|5:2|6:0|6:1|6:2|6:8|6:9|7:0|7:2|7:3|7:4|7:5|7:6|7:7|7:8|7:9|8:4|8:7|8:8|8:9|9:9,433
234,1962,0.7690990990990991,3.0,3.0,0.007207373907769412,3.007207373907769,101,victory,1,0,,0,38,32,0:0|1:0|2:0|3:0|3:1|3:2|4:2|4:3|4:4|5:0|5:1|5:2|5:4|5:7|5:8|5:9|6:1|6:2|6:7|6:8|6:9|7:2|7:3|7:4|7:5|7:6|7:7|7:9|8:7|8:8|8:9|9:9,433
235,1963,0.7681081081081081,3.0,3.0,0.006232809455008036,3.006232809455007,90,victory,1,0,,0,31,30,0:0|1:0|2:0|3:0|3:1|3:2|4:2|5:0|5:1|5:2|5:4|6:0|6:1|6:2|6:4|7:2|7:3|7:4|7:5|7:6|7:7|7:8|7:9|8:4|8:5|8:7|8:8|8:9|9:5|9:9,433
236,1964,0.7671171171171172,3.0,3.0,0.009654310114478752,3.0096543101144793,149,victory,1,0,,0,41,38,0:0|0:1|0:2|1:0|1:2|2:0|2:2|2:3|3:0|3:1|3:2|4:2|4:3|4:4|5:0|5:1|5:2|5:4|6:0|6:1|6:2|6:4|7:2|7:3|7:4|7:5|7:6|7:7|7:8|7:9|8:4|8:5|8:7|8:8|8:9|9:7|9:8|9:9,433
237,1965,0.7661261261261261,3.0,3.0,0.009657726563247664,3.0096577265632467,147,victory,1,0,,0,38,33,0:0|0:1|0:2|1:2|2:2|2:3|2:4|3:1|3:2|4:2|5:0|5:1|5:2|6:0|6:1|6:2|7:0|7:2|7:3|7:4|7:5|7:6|7:7|7:8|7:9|8:0|8:5|8:7|8:8|8:9|9:0|9:1|9:9,433
238,1966,0.7651351351351351,3.0,3.0,0.009975775465294823,3.0099757754652927,151,victory,1,0,,0,44,34,0:0|1:0|2:0|3:0|3:1|3:2|4:2|4:9|5:0|5:1|5:2|5:9|6:0|6:1|6:2|6:7|6:8|6:9|7:2|7:3|7:4|7:5|7:6|7:7|7:8|7:9|8:4|8:5|8:7|8:8|8:9|9:7|9:8|9:9,433
239,1967,0.7641441441441441,3.0,3.0,0.005640108962635368,3.005640108962635,75,victory,1,0,,0,31,28,0:0|1:0|2:0|3:0|3:1|3:2|4:2|4:3|4:4|5:0|5:1|5:2|5:4|6:1|6:2|6:7|6:9|7:2|7:3|7:4|7:5|7:6|7:7|7:8|7:9|8:4|8:9|9:9,433
240,1968,0.7631531531531531,3.0,3.0,0.00798664941808708,3.0079866494180854,119,victory,1,0,,0,35,28,0:0|0:1|0:2|1:2|2:2|2:3|3:2|4:2|5:0|5:1|5:2|6:0|6:1|6:2|7:0|7:2|7:3|7:4|7:5|7:6|7:7|7:9|8:7|8:8|8:9|9:7|9:8|9:9,433
241,1969,0.7621621621621621,3.0,3.0,0.005197895715674643,3.005197895715675,66,victory,1,0,,0,34,31,0:0|0:1|0:2|1:2|1:4|2:2|2:3|2:4|3:2|4:2|5:0|5:1|5:2|6:1|6:2|6:9|7:2|7:3|7:4|7:5|7:6|7:7|7:8|7:9|8:4|8:5|8:7|8:8|8:9|9:7|9:9,433
242,1970,0.7611711711711712,3.0,3.0,0.009896468075953535,3.0098964680759526,148,victory,1,0,,0,41,33,0:0|0:1|0:2|1:2|2:0|2:2|3:0|3:1|3:2|4:2|4:3|5:0|5:1|5:2|6:0|6:1|6:2|6:8|6:9|7:0|7:2|7:3|7:4|7:5|7:6|7:7|7:8|7:9|8:4|8:5|8:8|8:9|9:9,433
243,1971,0.7601801801801802,3.0,3.0,0.007191873653106351,3.007191873653106,104,victory,1,0,,0,34,27,0:0|1:0|2:0|3:0|3:1|3:2|4:2|5:0|5:1|5:2|6:0|6:1|6:2|6:9|7:0|7:2|7:3|7:4|7:5|7:6|7:7|7:8|7:9|8:4|8:7|8:9|9:9,433
244,1972,0.7591891891891892,3.0,3.0,0.008328266778687506,3.008328266778687,127,victory,1,0,,0,34,28,0:0|0:1|0:2|1:0|1:2|2:2|3:0|3:1|3:2|4:2|5:0|5:1|5:2|6:2|7:2|7:3|7:4|7:5|7:6|7:7|7:8|7:9|8:7|8:8|8:9|9:7|9:8|9:9,433
245,1973,0.7581981981981982,3.0,3.0,0.006229876587359061,3.0062298765873594,82,victory,1,0,,0,34,32,0:0|0:1|0:2|1:0|1:2|2:0|2:2|3:0|3:1|3:2|4:2|5:0|5:1|5:2|6:1|6:2|6:7|6:8|6:9|7:2|7:3|7:4|7:5|7:6|7:7|7:9|8:7|8:8|8:9|9:7|9:8|9:9,433
246,1974,0.7572072072072072,3.0,3.0,0.010819469393538518,3.010819469393537,164,victory,1,0,,0,45,41,0:0|1:0|1:2|2:0|2:2|3:0|3:1|3:2|3:7|3:8|3:9|4:2|4:3|4:6|4:7|4:9|5:0|5:1|5:2|5:6|5:7|5:8|5:9|6:0|6:1|6:2|6:8|6:9|7:2|7:3|7:4|7:5|7:6|7:7|7:8|7:9|8:5|8:7|8:8|8:9|9:9,433
247,1975,0.7562162162162163,3.0,3.0,0.008484060490658068,3.008484060490656,127,victory,1,0,,0,40,35,0:0|1:0|1:2|2:0|2:2|3:0|3:1|3:2|3:9|4:2|4:9|5:0|5:1|5:2|5:4|5:5|5:9|6:0|6:1|6:2|6:4|6:7|6:8|6:9|7:2|7:3|7:4|7:5|7:6|7:7|7:8|7:9|8:4|8:9|9:9,433
248,1976,0.7552252252252252,3.0,3.0,0.006011312114978366,3.0060113121149783,76,victory,1,0,,0,36,27,0:0|0:1|1:0|2:0|3:0|3:1|3:2|4:2|5:0|5:1|5:2|6:2|6:7|6:8|6:9|7:2|7:3|7:4|7:5|7:6|7:7|7:8|7:9|8:7|8:8|8:9|9:9,433
249,1977,0.7542342342342342,3.0,3.0,0.007831830323970576,3.00783183032397,112,victory,1,0,,0,39,35,0:0|0:1|1:0|2:0|2:2|3:0|3:1|3:2|4:2|4:4|4:5|5:0|5:1|5:2|5:4|5:5|5:6|6:2|6:4|6:7|6:8|7:2|7:3|7:4|7:5|7:6|7:7|7:8|7:9|8:4|8:5|8:9|9:4|9:5|9:9,433
250,1978,0.7532432432432432,3.0,3.0,0.00431662720332132,3.0043166272033206,53,victory,1,0,,0,28,25,0:0|0:1|0:2|1:0|1:2|2:2|3:2|4:2|4:3|5:0|5:1|5:2|6:2|6:7|6:8|6:9|7:2|7:3|7:4|7:5|7:6|7:7|7:9|8:9|9:9,433
251,1979,0.7522522522522522,3.0,3.0,0.008465316077982727,3.0084653160779826,110,victory,1,0,,0,48,44,0:0|1:0|1:4|2:0|2:2|2:3|2:4|2:5|3:0|3:1|3:2|3:5|4:2|4:3|4:4|4:5|5:0|5:1|5:2|5:6|5:7|5:8|5:9|6:0|6:1|6:2|6:7|6:9|7:0|7:2|7:3|7:4|7:5|7:6|7:7|7:8|7:9|8:4|8:5|8:7|8:8|8:9|9:4|9:9,433
252,1980,0.7512612612612612,3.0,3.0,0.005744387192213086,3.0057443871922125,78,victory,1,0,,0,31,28,0:0|1:0|1:2|2:0|2:2|2:3|3:0|3:1|3:2|4:2|5:0|5:1|5:2|6:1|6:2|6:7|6:8|7:2|7:3|7:4|7:5|7:6|7:7|7:8|7:9|8:8|8:9|9:9,433
253,1981,0.7502702702702703,3.0,3.0,0.00790782712669363,3.007907827126693,118,victory,1,0,,0,36,32,0:0|1:0|2:0|3:0|3:1|3:2|4:2|5:0|5:1|5:2|5:4|6:0|6:1|6:2|6:4|6:7|6:9|7:2|7:3|7:4|7:5|7:6|7:7|7:9|8:4|8:5|8:7|8:8|8:9|9:7|9:8|9:9,433
254,1982,0.7492792792792793,3.0,3.0,0.005103928230678786,3.005103928230678,68,victory,1,0,,0,29,27,0:0|1:0|2:0|3:0|3:1|3:2|4:2|5:0|5:1|5:2|5:4|6:0|6:1|6:2|6:4|7:2|7:3|7:4|7:5|7:6|7:7|7:8|7:9|8:4|8:9|9:4|9:9,433
255,1983,0.7482882882882883,3.0,3.0,0.010312465615638323,3.0103124656156375,160,victory,1,0,,0,43,37,0:0|0:1|0:2|1:0|1:2|2:2|2:3|2:4|3:1|3:2|3:5|4:2|4:3|4:4|4:5|4:6|5:0|5:1|5:2|5:4|5:5|5:6|6:0|6:1|6:2|7:0|7:2|7:3|7:4|7:5|7:6|7:7|7:8|7:9|8:5|8:9|9:9,433
256,1984,0.7472972972972973,3.0,3.0,0.01042692453240618,3.010426924532405,171,victory,1,0,,0,43,42,0:0|0:2|0:4|1:0|1:2|1:4|2:0|2:2|2:3|2:4|2:5|2:7|3:0|3:1|3:2|3:7|4:2|4:6|4:7|5:0|5:1|5:2|5:7|5:8|5:9|6:1|6:2|6:7|6:8|6:9|7:2|7:3|7:4|7:5|7:6|7:7|7:8|7:9|8:7|8:8|8:9|9:9,433
257,1985,0.7463063063063062,3.0,3.0,0.009039230290576038,3.0090392302905746,136,victory,1,0,,0,39,37,0:0|1:0|1:2|2:0|2:2|2:3|3:0|3:1|3:2|4:2|4:3|4:4|4:5|5:0|5:1|5:2|5:4|5:5|6:0|6:1|6:2|6:7|6:9|7:2|7:3|7:4|7:5|7:6|7:7|7:8|7:9|8:4|8:5|8:9|9:4|9:5|9:9,433
258,1986,0.7453153153153154,3.0,3.0,0.006636427813583232,3.006636427813583,87,victory,1,0,,0,39,35,0:0|0:1|0:2|1:2|2:2|2:3|2:4|3:1|3:2|4:2|4:3|5:0|5:1|5:2|5:7|5:8|6:0|6:1|6:2|6:7|6:8|6:9|7:0|7:2|7:3|7:4|7:5|7:6|7:7|7:8|7:9|8:0|8:5|8:9|9:9,433
259,1987,0.7443243243243243,3.0,3.0,0.0073273274811137806,3.0073273274811125,103,victory,1,0,,0,37,36,0:0|1:0|2:0|2:2|3:0|3:1|3:2|4:2|4:3|4:4|5:0|5:1|5:2|5:4|6:0|6:1|6:2|6:8|6:9|7:0|7:2|7:3|7:4|7:5|7:6|7:7|7:8|7:9|8:0|8:4|8:5|8:9|9:0|9:4|9:5|9:9,433
260,1988,0.7433333333333334,3.0,3.0,0.006636810752706916,3.006636810752706,92,victory,1,0,,0,33,28,0:0|1:0|2:0|3:0|3:1|3:2|4:2|5:0|5:1|5:2|6:0|6:1|6:2|6:9|7:0|7:2|7:3|7:4|7:5|7:6|7:7|7:8|7:9|8:0|8:8|8:9|9:0|9:9,433
261,1989,0.7423423423423423,3.0,3.0,0.00755951589952491,3.0075595158995236,106,victory,1,0,,0,37,31,0:0|1:0|2:0|3:0|3:1|3:2|4:2|4:3|5:0|5:1|5:2|5:8|5:9|6:0|6:1|6:2|6:8|6:9|7:0|7:2|7:3|7:4|7:5|7:6|7:7|7:8|7:9|8:7|8:8|8:9|9:9,433
262,1990,0.7413513513513514,3.0,3.0,0.005660161806117254,3.0056601618061167,70,victory,1,0,,0,35,34,0:0|1:0|2:0|2:2|3:0|3:1|3:2|4:2|4:3|4:4|4:5|5:0|5:1|5:2|5:4|5:5|6:0|6:1|6:2|6:7|7:0|7:2|7:3|7:4|7:5|7:6|7:7|7:8|7:9|8:4|8:7|8:9|9:7|9:9,433
263,1991,0.7403603603603603,3.0,3.0,0.004837090791787172,3.004837090791786,60,victory,1,0,,0,29,27,0:0|0:1|0:2|1:2|2:2|3:2|4:2|5:0|5:1|5:2|6:1|6:2|6:4|7:2|7:3|7:4|7:5|7:6|7:7|7:8|7:9|8:4|8:5|8:7|8:8|8:9|9:9,433
264,1992,0.7393693693693694,3.0,3.0,0.005851569705725207,3.005851569705724,75,victory,1,0,,0,36,33,0:0|0:1|0:2|1:2|2:2|3:0|3:1|3:2|4:2|4:3|4:7|5:0|5:1|5:2|5:7|5:8|5:9|6:2|6:7|6:8|6:9|7:2|7:3|7:4|7:5|7:6|7:7|7:8|7:9|8:7|8:9|9:7|9:9,433
265,1993,0.7383783783783784,3.0,3.0,0.009518291193993987,3.0095182911939933,158,victory,1,0,,0,37,35,0:0|0:1|1:0|2:0|2:2|3:0|3:1|3:2|4:2|4:3|5:0|5:1|5:2|5:8|5:9|6:0|6:1|6:2|6:7|6:8|6:9|7:2|7:3|7:4|7:5|7:6|7:7|7:8|7:9|8:4|8:5|8:7|8:8|8:9|9:9,433
266,1994,0.7373873873873873,3.0,3.0,0.0045682246947191885,3.004568224694718,57,victory,1,0,,0,29,25,0:0|0:1|1:0|2:0|3:0|3:1|3:2|4:2|5:0|5:1|5:2|6:0|6:1|6:2|6:4|7:2|7:3|7:4|7:5|7:6|7:7|7:8|7:9|8:9|9:9,433
267,1995,0.7363963963963964,3.0,3.0,0.004609526719762556,3.0046095267197623,55,victory,1,0,,0,31,29,0:0|1:0|2:0|3:0|3:1|3:2|4:2|4:9|5:0|5:1|5:2|5:9|6:1|6:2|6:7|6:8|6:9|7:2|7:3|7:4|7:5|7:6|7:7|7:8|7:9|8:8|8:9|9:8|9:9,433
268,1996,0.7354054054054053,3.0,3.0,0.009599157302886708,3.009599157302886,137,victory,1,0,,0,44,36,0:0|0:1|0:2|1:2|2:2|2:3|3:2|4:2|4:3|5:0|5:1|5:2|5:9|6:0|6:1|6:2|6:7|6:8|6:9|7:2|7:3|7:4|7:5|7:6|7:7|7:8|7:9|8:4|8:5|8:7|8:8|8:9|9:4|9:5|9:8|9:9,433
269,1997,0.7344144144144145,3.0,3.0,0.007061703550752633,3.007061703550752,104,victory,1,0,,0,32,28,0:0|0:1|1:0|2:0|3:0|3:1|3:2|4:2|4:3|5:0|5:1|5:2|6:2|6:9|7:2|7:3|7:4|7:5|7:6|7:7|7:8|7:9|8:4|8:5|8:7|8:8|8:9|9:9,433
270,1998,0.7334234234234234,3.0,3.0,0.006094676745793867,3.0060946767457937,92,victory,1,0,,0,29,26,0:0|1:0|2:0|3:0|3:1|3:2|4:2|5:0|5:1|5:2|5:9|6:0|6:1|6:2|6:8|6:9|7:2|7:3|7:4|7:5|7:6|7:7|7:8|7:9|8:9|9:9,433
271,1999,0.7324324324324325,3.0,3.0,0.005601011167078059,3.0056010111670775,71,victory,1,0,,0,32,30,0:0|0:1|0:2|1:2|2:2|2:9|3:1|3:2|3:9|4:2|4:9|5:0|5:1|5:2|5:7|5:8|5:9|6:0|6:2|6:7|6:9|7:2|7:3|7:4|7:5|7:6|7:7|7:9|8:9|9:9,433
272,2000,0.7314414414414414,3.0,3.0,0.005238724999323341,3.005238724999322,73,victory,1,0,,0,29,29,0:0|0:1|0:2|1:2|2:2|3:2|4:2|5:0|5:1|5:2|6:0|6:1|6:2|6:4|7:2|7:3|7:4|7:5|7:6|7:7|7:8|7:9|8:4|8:5|8:8|8:9|9:5|9:8|9:9,433
273,2001,0.7304504504504504,3.0,3.0,0.007268036509787619,3.007268036509787,98,victory,1,0,,0,39,32,0:0|0:1|1:0|2:0|3:0|3:1|3:2|4:2|4:3|5:0|5:1|5:2|5:4|6:1|6:2|6:4|6:8|7:2|7:3|7:4|7:5|7:6|7:7|7:8|7:9|8:4|8:7|8:8|8:9|9:7|9:8|9:9,433
274,2002,0.7294594594594594,3.0,3.0,0.0064392467936184175,3.006439246793618,83,victory,1,0,,0,38,33,0:0|1:0|2:0|3:0|3:1|3:2|4:2|5:0|5:1|5:2|6:1|6:2|6:4|6:7|6:8|6:9|7:2|7:3|7:4|7:5|7:6|7:7|7:8|7:9|8:4|8:5|8:7|8:8|8:9|9:3|9:4|9:7|9:9,433
275,2003,0.7284684684684685,3.0,3.0,0.009777894519965349,3.0097778945199654,140,victory,1,0,,0,47,38,0:0|0:1|0:2|1:0|1:2|2:2|2:3|3:1|3:2|3:5|4:2|4:3|4:4|4:5|5:0|5:1|5:2|5:4|5:5|5:8|5:9|6:2|6:4|6:7|6:8|6:9|7:2|7:3|7:4|7:5|7:6|7:7|7:8|7:9|8:7|8:8|8:9|9:9,433
276,2004,0.7274774774774775,3.0,3.0,0.005784982602218485,3.0057849826022176,72,victory,1,0,,0,36,32,0:0|0:1|0:2|1:2|2:2|3:0|3:1|3:2|4:2|4:3|4:4|5:0|5:1|5:2|5:4|6:1|6:2|6:4|6:8|6:9|7:2|7:4|7:5|7:6|7:7|7:8|7:9|8:4|8:5|8:8|8:9|9:9,433
277,2005,0.7264864864864865,3.0,3.0,0.006764464282520083,3.0067644642825186,92,victory,1,0,,0,36,28,0:0|0:1|0:2|1:2|2:2|3:2|4:2|5:0|5:1|5:2|6:1|6:2|6:7|6:8|7:2|7:3|7:4|7:5|7:6|7:7|7:8|7:9|8:4|8:5|8:7|8:8|8:9|9:9,433
278,2006,0.7254954954954955,3.0,3.0,0.005917047804379964,3.0059170478043784,77,victory,1,0,,0,34,32,0:0|1:0|2:0|3:0|3:1|3:2|4:2|5:0|5:1|5:2|5:8|5:9|6:0|6:1|6:2|6:7|6:8|6:9|7:2|7:3|7:4|7:5|7:6|7:7|7:8|7:9|8:4|8:5|8:8|8:9|9:5|9:9,433
279,2007,0.7245045045045044,3.0,3.0,0.004573518613396555,3.0045735186133955,57,victory,1,0,,0,28,26,0:0|0:1|0:2|1:0|1:2|2:2|3:2|4:2|5:0|5:1|5:2|6:0|6:2|7:2|7:3|7:4|7:5|7:6|7:7|7:8|7:9|8:5|8:7|8:9|9:5|9:9,433
280,2008,0.7235135135135136,3.0,3.0,0.005761660311878638,3.0057616603118777,78,victory,1,0,,0,29,24,0:0|1:0|2:0|2:2|3:0|3:1|3:2|4:2|5:0|5:1|5:2|6:1|6:2|7:2|7:3|7:4|7:5|7:6|7:7|7:8|7:9|8:4|8:9|9:9,433
281,2009,0.7225225225225225,3.0,3.0,0.006272448252457483,3.0062724482524557,85,victory,1,0,,0,31,29,0:0|1:0|2:0|3:0|3:1|3:2|4:2|4:3|5:0|5:1|5:2|5:8|6:0|6:1|6:2|6:4|6:8|7:2|7:3|7:4|7:5|7:6|7:7|7:8|7:9|8:7|8:8|8:9|9:9,433
282,2010,0.7215315315315316,3.0,3.0,0.006557962256341418,3.006557962256341,93,victory,1,0,,0,37,29,0:0|0:1|1:0|2:0|3:0|3:1|3:2|4:2|4:3|4:4|4:5|5:0|5:1|5:2|5:4|5:5|6:2|6:8|6:9|7:2|7:3|7:4|7:5|7:6|7:7|7:8|7:9|8:9|9:9,433
283,2011,0.7205405405405405,3.0,3.0,0.0073693003676956175,3.007369300367695,105,victory,1,0,,0,38,36,0:0|1:0|2:0|2:2|3:0|3:1|3:2|4:2|4:3|4:4|4:5|4:6|4:7|5:0|5:1|5:2|5:4|5:5|5:6|5:7|5:9|6:2|6:4|6:9|7:2|7:3|7:4|7:5|7:6|7:7|7:8|7:9|8:4|8:5|8:9|9:9,433
284,2012,0.7195495495495495,3.0,3.0,0.0052150991385950885,3.005215099138594,71,victory,1,0,,0,28,24,0:0|1:0|2:0|3:0|3:1|3:2|4:2|4:3|5:0|5:1|5:2|6:2|6:9|7:2|7:3|7:4|7:5|7:6|7:7|7:8|7:9|8:5|8:9|9:9,433
285,2013,0.7185585585585585,3.0,3.0,0.006429833772105044,3.0064298337721036,89,victory,1,0,,0,33,30,0:0|1:0|2:0|3:0|3:1|3:2|4:2|4:3|5:0|5:1|5:2|5:4|5:9|6:1|6:2|6:4|6:8|6:9|7:2|7:3|7:4|7:5|7:6|7:7|7:8|7:9|8:4|8:5|8:9|9:9,433
286,2014,0.7175675675675676,3.0,3.0,0.005340142464809207,3.0053401424648083,69,victory,1,0,,0,32,28,0:0|1:0|2:0|3:0|3:1|3:2|4:2|5:0|5:1|5:2|6:2|6:4|7:2|7:3|7:4|7:5|7:6|7:7|7:8|7:9|8:4|8:5|8:7|8:9|9:4|9:5|9:7|9:9,433
287,2015,0.7165765765765766,3.0,3.0,0.004829640870690288,3.0048296408706907,58,victory,1,0,,0,33,27,0:0|0:1|0:2|1:0|1:2|2:2|3:2|4:2|5:0|5:1|5:2|6:0|6:1|6:2|7:2|7:3|7:4|7:5|7:6|7:7|7:8|7:9|8:4|8:5|8:8|9:8|9:9,433
288,2016,0.7155855855855855,3.0,3.0,0.006826401012736683,3.006826401012736,86,victory,1,0,,0,40,34,0:0|1:0|2:0|2:2|3:0|3:1|3:2|4:2|4:3|4:4|4:5|5:0|5:1|5:2|5:4|5:5|5:6|5:7|6:2|6:7|7:2|7:3|7:4|7:5|7:6|7:7|7:8|7:9|8:4|8:5|8:7|8:8|8:9|9:9,433
289,2017,0.7145945945945946,3.0,3.0,0.008815368358356425,3.0088153683583547,130,victory,1,0,,0,39,33,0:0|0:1|0:2|1:2|2:2|3:1|3:2|4:2|4:3|5:0|5:1|5:2|5:6|5:7|5:8|5:9|6:1|6:2|6:7|6:8|6:9|7:2|7:3|7:4|7:5|7:6|7:7|7:8|7:9|8:7|8:8|8:9|9:9,433
290,2018,0.7136036036036036,3.0,3.0,0.007317760449544637,3.007317760449544,113,victory,1,0,,0,32,29,0:0|1:0|2:0|3:0|3:1|3:2|4:2|4:3|4:4|5:0|5:1|5:2|6:0|6:1|6:2|7:2|7:3|7:4|7:5|7:6|7:7|7:9|8:5|8:7|8:8|8:9|9:5|9:8|9:9,433
291,2019,0.7126126126126127,3.0,3.0,0.004447761106253337,3.0044477611062534,56,victory,1,0,,0,30,28,0:0|1:0|2:0|3:0|3:1|3:2|4:2|5:0|5:1|5:2|5:7|5:8|5:9|6:0|6:1|6:2|6:7|6:9|7:0|7:2|7:3|7:4|7:5|7:6|7:7|7:9|8:9|9:9,433
292,2020,0.7116216216216216,3.0,3.0,0.009561496105526819,3.0095614961055253,127,victory,1,0,,0,51,46,0:0|0:2|0:5|1:0|1:2|1:4|1:5|2:0|2:2|2:3|2:4|2:5|3:0|3:1|3:2|3:5|4:2|4:5|4:6|4:7|5:0|5:1|5:2|5:5|5:6|5:7|5:8|5:9|6:0|6:1|6:2|6:8|6:9|7:0|7:2|7:3|7:4|7:5|7:7|7:8|7:9|8:0|8:5|8:8|8:9|9:9,433
293,2021,0.7106306306306306,3.0,3.0,0.006585002947775943,3.0065850029477748,88,victory,1,0,,0,36,34,0:0|1:0|2:0|3:0|3:1|3:2|4:2|4:3|4:4|4:5|4:6|5:0|5:1|5:2|5:4|5:5|6:0|6:1|6:2|6:7|7:0|7:2|7:3|7:4|7:5|7:6|7:7|7:8|7:9|8:0|8:4|8:7|8:9|9:9,433
294,2022,0.7096396396396396,2.0,2.0,0.013460028847350518,2.013460028847352,300,truncated,0,0,,1,44,34,0:0|1:0|2:0|2:2|3:0|3:1|3:2|3:7|4:2|4:3|4:4|4:5|4:6|4:7|4:9|5:2|5:4|5:5|5:6|5:7|5:8|5:9|6:7|6:8|6:9|7:7|7:8|7:9|8:7|8:8|8:9|9:7|9:8|9:9,433
295,2023,0.7086486486486487,3.0,3.0,0.006222985177283823,3.006222985177283,80,victory,1,0,,0,37,32,0:0|1:0|2:0|3:0|3:1|3:2|4:2|4:3|5:0|5:1|5:2|5:8|5:9|6:0|6:1|6:2|6:7|6:8|6:9|7:2|7:3|7:4|7:5|7:6|7:7|7:8|7:9|8:7|8:8|8:9|9:7|9:9,433
296,2024,0.7076576576576576,3.0,3.0,0.005558661246650051,3.005558661246649,77,victory,1,0,,0,31,26,0:0|0:1|0:2|1:0|1:2|2:2|2:3|3:2|4:2|5:0|5:1|5:2|6:2|6:8|6:9|7:2|7:3|7:4|7:5|7:6|7:7|7:8|7:9|8:5|8:9|9:9,433
297,2025,0.7066666666666667,3.0,3.0,0.004991272428112862,3.0049912724281125,61,victory,1,0,,0,33,27,0:0|1:0|2:0|3:0|3:1|3:2|4:2|4:3|5:0|5:1|5:2|6:1|6:2|7:2|7:3|7:4|7:5|7:6|7:7|7:8|7:9|8:4|8:5|8:8|8:9|9:8|9:9,433
298,2026,0.7056756756756757,3.0,3.0,0.006054659367291017,3.0060546593672903,81,victory,1,0,,0,32,29,0:0|0:1|0:2|1:0|1:2|2:2|3:0|3:1|3:2|4:2|4:3|5:0|5:1|5:2|5:9|6:1|6:2|6:8|6:9|7:2|7:3|7:4|7:5|7:6|7:7|7:8|7:9|8:9|9:9,433
299,2027,0.7046846846846847,3.0,3.0,0.004981825576198901,3.0049818255761984,65,victory,1,0,,0,30,29,0:0|1:0|2:0|3:0|3:1|3:2|4:2|5:0|5:1|5:2|6:0|6:1|7:0|7:5|7:6|7:7|7:8|7:9|8:0|8:4|8:5|8:8|8:9|9:0|9:1|9:2|9:3|9:4|9:9,433
300,2028,0.7036936936936937,3.0,3.0,0.007340221789663303,3.0073402217896623,100,victory,1,0,,0,36,28,0:0|1:0|2:0|3:0|3:1|3:2|4:2|5:0|5:1|5:2|6:0|6:1|6:2|7:0|7:2|7:3|7:4|7:5|7:6|7:7|7:8|7:9|8:7|8:8|8:9|9:7|9:8|9:9,433
301,2029,0.7027027027027026,3.0,3.0,0.009181336464141529,3.009181336464139,169,victory,1,0,,0,37,31,0:0|0:1|0:2|1:2|2:2|3:2|4:2|5:0|5:1|5:2|6:0|6:1|6:2|6:8|6:9|7:2|7:3|7:4|7:5|7:6|7:7|7:8|7:9|8:4|8:7|8:8|8:9|9:4|9:7|9:8|9:9,433
302,2030,0.7017117117117118,3.0,3.0,0.005962624458446373,3.005962624458445,81,victory,1,0,,0,31,27,0:0|1:0|2:0|3:0|3:1|3:2|4:2|4:3|5:0|5:1|5:2|6:1|6:2|6:7|6:8|7:2|7:3|7:4|7:5|7:6|7:7|7:8|7:9|8:4|8:5|8:9|9:9,433
303,2031,0.7007207207207207,3.0,3.0,0.005505517709027446,3.005505517709026,68,victory,1,0,,0,33,32,0:0|0:1|0:2|1:2|2:2|3:2|4:2|4:4|4:5|4:6|4:7|4:9|5:0|5:1|5:2|5:4|5:5|5:6|5:7|5:8|5:9|6:1|6:2|6:4|6:8|6:9|7:2|7:3|7:4|7:9|8:9|9:9,433
304,2032,0.6997297297297298,3.0,3.0,0.0077649103409357335,3.007764910340934,110,victory,1,0,,0,38,34,0:0|1:0|2:0|3:0|3:1|3:2|3:5|4:2|4:4|4:5|5:0|5:1|5:2|5:4|5:5|5:8|5:9|6:1|6:2|6:4|6:7|6:8|6:9|7:2|7:3|7:4|7:5|7:6|7:7|7:8|7:9|8:4|8:9|9:9,433
305,2033,0.6987387387387387,3.0,3.0,0.006013171914863277,3.006013171914862,82,victory,1,0,,0,33,28,0:0|1:0|2:0|2:2|3:0|3:1|3:2|4:2|5:0|5:1|5:2|5:4|6:1|6:2|6:4|7:2|7:3|7:4|7:5|7:6|7:7|7:9|8:4|8:7|8:9|9:7|9:8|9:9,433
306,2034,0.6977477477477477,3.0,3.0,0.007846925908648378,3.0078469259086473,103,victory,1,0,,0,43,31,0:0|1:0|2:0|2:2|2:3|3:0|3:1|3:2|4:2|4:3|4:4|4:5|5:0|5:1|5:2|5:5|5:6|5:7|5:8|5:9|6:0|6:1|6:2|6:8|6:9|7:8|7:9|8:7|8:8|9:8|9:9,433
307,2035,0.6967567567567567,3.0,3.0,0.008983705532388387,3.008983705532388,123,victory,1,0,,0,46,40,0:0|0:1|0:2|1:2|2:2|2:3|2:4|3:2|4:2|4:3|4:4|4:5|4:9|5:0|5:1|5:2|5:4|5:5|5:7|5:8|5:9|6:0|6:1|6:2|6:4|6:7|6:8|6:9|7:2|7:3|7:4|7:5|7:6|7:7|7:8|7:9|8:7|8:8|8:9|9:9,433
308,2036,0.6957657657657658,3.0,3.0,0.00868565967355794,3.0086856596735565,127,victory,1,0,,0,39,35,0:0|1:0|1:2|2:0|2:2|2:3|3:0|3:1|3:2|4:2|4:3|4:4|4:5|5:0|5:1|5:2|5:4|6:0|6:1|6:2|6:4|7:2|7:3|7:4|7:5|7:6|7:7|7:9|8:4|8:5|8:7|8:9|9:7|9:8|9:9,433
309,2037,0.6947747747747748,3.0,3.0,0.007541420495082254,3.007541420495081,101,victory,1,0,,0,40,33,0:0|0:1|0:2|1:2|2:2|3:0|3:1|3:2|4:2|4:3|4:9|5:0|5:1|5:2|5:7|5:8|5:9|6:1|6:2|6:7|6:8|6:9|7:2|7:3|7:4|7:5|7:6|7:7|7:8|7:9|8:5|8:9|9:9,433
310,2038,0.6937837837837837,3.0,3.0,0.006885564104722459,3.0068855641047216,99,victory,1,0,,0,33,31,0:0|1:0|1:2|2:0|2:2|3:0|3:1|3:2|4:2|4:9|5:0|5:1|5:2|5:9|6:0|6:1|6:2|6:4|6:8|6:9|7:2|7:3|7:4|7:5|7:6|7:7|7:8|7:9|8:4|8:9|9:9,433
311,2039,0.6927927927927928,3.0,3.0,0.0069317616746056064,3.006931761674604,96,victory,1,0,,0,40,39,0:0|0:1|0:2|1:0|1:2|2:0|3:0|3:1|3:2|4:2|4:3|4:4|5:0|5:1|5:2|5:4|5:5|6:0|6:1|6:2|6:4|6:7|7:2|7:3|7:4|7:5|7:6|7:7|7:8|7:9|8:4|8:5|8:7|8:8|8:9|9:4|9:7|9:8|9:9,433
312,2040,0.6918018018018018,3.0,3.0,0.00667624873270356,3.0066762487327026,89,victory,1,0,,0,35,29,0:0|0:1|1:0|2:0|2:2|2:3|3:0|3:1|3:2|4:2|4:3|5:0|5:1|5:2|5:4|5:5|6:1|6:2|6:4|7:2|7:3|7:4|7:5|7:6|7:7|7:8|7:9|8:9|9:9,433
313,2041,0.6908108108108109,3.0,3.0,0.005608012111665679,3.005608012111665,72,victory,1,0,,0,31,27,0:0|1:0|2:0|3:0|3:1|3:2|4:2|4:3|5:0|5:1|5:2|6:1|6:2|7:2|7:3|7:4|7:5|7:6|7:7|7:8|7:9|8:4|8:5|8:8|8:9|9:5|9:9,433
314,2042,0.6898198198198198,3.0,3.0,0.005377625785660019,3.005377625785659,71,victory,1,0,,0,29,25,0:0|0:1|0:2|1:0|1:2|2:2|3:1|3:2|4:2|5:0|5:1|5:2|6:1|6:2|6:7|7:2|7:3|7:4|7:5|7:6|7:7|7:8|7:9|8:9|9:9,433
315,2043,0.6888288288288288,3.0,3.0,0.009827496418542777,3.0098274964185414,145,victory,1,0,,0,44,34,0:0|0:1|0:2|1:0|1:2|2:2|3:1|3:2|4:2|4:3|5:0|5:1|5:2|6:1|6:2|6:4|6:7|6:8|7:2|7:3|7:4|7:5|7:6|7:7|7:8|7:9|8:4|8:7|8:8|8:9|9:4|9:7|9:8|9:9,433
316,2044,0.6878378378378378,3.0,3.0,0.006186293000196093,3.0061862930001952,86,victory,1,0,,0,32,27,0:0|1:0|2:0|3:0|3:1|3:2|4:2|4:3|5:0|5:1|5:2|6:2|6:7|6:9|7:2|7:3|7:4|7:5|7:6|7:7|7:8|7:9|8:4|8:5|8:9|9:5|9:9,433
317,2045,0.6868468468468469,3.0,3.0,0.004294938298937632,3.004294938298937,51,victory,1,0,,0,30,26,0:0|0:1|1:0|2:0|3:0|3:1|3:2|4:2|5:0|5:1|5:2|6:0|6:1|6:2|7:2|7:3|7:4|7:5|7:6|7:7|7:8|7:9|8:8|8:9|9:8|9:9,433
318,2046,0.6858558558558558,3.0,3.0,0.008069049253168155,3.0080690492531694,108,victory,1,0,,0,41,35,0:0|0:1|0:2|1:0|1:2|2:0|2:2|3:0|3:1|3:2|4:2|4:9|5:0|5:1|5:2|5:9|6:2|6:4|6:7|6:8|6:9|7:2|7:3|7:4|7:5|7:6|7:7|7:8|7:9|8:7|8:8|8:9|9:7|9:8|9:9,433
319,2047,0.6848648648648649,3.0,3.0,0.013465195875272186,3.01346519587527,209,victory,1,0,,0,55,45,0:0|0:1|0:2|1:0|1:2|1:4|1:5|2:0|2:2|2:3|2:4|2:5|3:0|3:1|3:2|4:2|4:3|4:6|4:7|4:9|5:0|5:1|5:2|5:6|5:7|5:8|5:9|6:0|6:1|6:2|6:7|6:8|6:9|7:0|7:2|7:3|7:4|7:5|7:6|7:7|7:8|7:9|8:8|8:9|9:9,433
320,2048,0.6838738738738739,3.0,3.0,0.004081042998555663,3.004081042998555,49,victory,1,0,,0,27,24,0:0|1:0|2:0|3:0|3:1|3:2|4:2|5:0|5:1|5:2|6:2|6:7|6:8|6:9|7:2|7:3|7:4|7:5|7:6|7:7|7:9|8:7|8:9|9:9,433
321,2049,0.6828828828828829,3.0,3.0,0.005231044566831988,3.0052310445668313,66,victory,1,0,,0,30,29,0:0|0:1|0:2|1:2|2:2|3:2|4:2|4:3|5:0|5:1|5:2|6:0|6:1|6:2|6:4|6:9|7:0|7:2|7:3|7:4|7:5|7:6|7:7|7:8|7:9|8:4|8:5|8:9|9:9,433
322,2050,0.6818918918918919,3.0,3.0,0.007112256839069562,3.0071122568390694,93,victory,1,0,,0,40,33,0:0|1:0|2:0|3:0|3:1|3:2|4:2|4:7|5:0|5:1|5:2|5:6|5:7|6:0|6:1|6:2|6:4|6:7|6:8|6:9|7:2|7:3|7:4|7:5|7:6|7:7|7:8|7:9|8:4|8:5|8:8|8:9|9:9,433
323,2051,0.6809009009009008,3.0,3.0,0.005480966681127811,3.0054809666811275,71,victory,1,0,,0,34,29,0:0|1:0|2:0|3:0|3:1|3:2|4:2|4:3|5:0|5:1|5:2|6:1|6:2|6:8|6:9|7:2|7:3|7:4|7:5|7:6|7:7|7:8|7:9|8:4|8:5|8:8|8:9|9:8|9:9,433
324,2052,0.67990990990991,3.0,3.0,0.00613726341737775,3.0061372634173775,77,victory,1,0,,0,37,31,0:0|0:1|0:2|1:2|2:2|3:2|4:2|4:9|5:0|5:1|5:2|5:7|5:8|5:9|6:2|6:7|6:8|6:9|7:2|7:3|7:4|7:5|7:6|7:7|7:8|7:9|8:7|8:8|8:9|9:8|9:9,433
325,2053,0.6789189189189189,3.0,3.0,0.007697403657980018,3.0076974036579793,103,victory,1,0,,0,41,36,0:0|1:0|2:0|2:2|3:0|3:1|3:2|4:2|4:3|4:4|4:6|4:7|5:0|5:1|5:2|5:4|5:5|5:6|5:7|5:8|5:9|6:2|6:4|6:7|6:8|6:9|7:2|7:3|7:4|7:7|7:8|7:9|8:7|8:8|8:9|9:9,433
326,2054,0.677927927927928,3.0,3.0,0.004716593701147482,3.004716593701146,59,victory,1,0,,0,29,26,0:0|1:0|2:0|3:0|3:1|3:2|4:2|5:0|5:1|5:2|5:8|5:9|6:2|6:8|6:9|7:2|7:3|7:4|7:5|7:6|7:7|7:8|7:9|8:8|8:9|9:9,433
327,2055,0.6769369369369369,3.0,3.0,0.006308762025559042,3.006308762025559,86,victory,1,0,,0,32,29,0:0|0:1|1:0|1:2|2:0|2:2|3:0|3:1|3:2|4:2|5:0|5:1|5:2|5:8|6:2|6:4|6:8|7:2|7:3|7:4|7:5|7:6|7:7|7:8|7:9|8:7|8:8|8:9|9:9,433
328,2056,0.6759459459459459,3.0,3.0,0.005732064308320067,3.0057320643083196,77,victory,1,0,,0,33,33,0:0|0:1|0:2|1:0|1:2|2:2|2:3|3:2|4:2|4:9|5:0|5:1|5:2|5:8|5:9|6:0|6:1|6:2|6:7|6:8|6:9|7:2|7:3|7:4|7:5|7:6|7:7|7:8|7:9|8:7|8:8|8:9|9:9,433
329,2057,0.6749549549549549,2.0,2.0,0.015175069900096642,2.015175069900096,300,truncated,0,0,,1,54,40,0:0|0:1|1:0|1:7|1:8|2:0|2:7|2:8|2:9|3:0|3:1|3:2|3:7|3:8|3:9|4:2|4:3|4:4|4:5|4:6|4:7|4:9|5:2|5:5|5:6|5:7|5:8|5:9|6:7|6:8|6:9|7:7|7:8|7:9|8:7|8:8|8:9|9:7|9:8|9:9,433
330,2058,0.673963963963964,3.0,3.0,0.004681888183675715,3.0046818881836748,59,victory,1,0,,0,27,25,0:0|1:0|2:0|3:0|3:1|3:2|4:2|5:0|5:1|5:2|5:9|6:0|6:1|6:2|6:9|7:2|7:3|7:4|7:5|7:6|7:7|7:8|7:9|8:9|9:9,433
331,2059,0.672972972972973,3.0,3.0,0.006618081087246516,3.006618081087246,93,victory,1,0,,0,34,32,0:0|0:1|1:0|2:0|3:0|3:1|3:2|4:2|4:3|4:4|5:0|5:1|5:2|5:4|6:0|6:1|6:2|6:4|6:8|7:0|7:2|7:3|7:4|7:5|7:6|7:7|7:8|7:9|8:4|8:8|8:9|9:9,433
332,2060,0.6719819819819819,3.0,3.0,0.0066476869093245565,3.006647686909325,105,victory,1,0,,0,30,28,0:0|1:0|2:0|2:2|3:0|3:1|3:2|4:2|4:3|5:0|5:1|5:2|6:0|6:1|6:2|7:2|7:3|7:4|7:5|7:6|7:7|7:8|7:9|8:5|8:7|8:8|8:9|9:9,433
333,2061,0.670990990990991,3.0,3.0,0.005372078469361905,3.005372078469361,67,victory,1,0,,0,34,32,0:0|0:1|0:2|1:0|2:0|2:2|3:0|3:1|3:2|4:2|5:0|5:1|5:2|6:0|6:1|6:2|7:0|7:2|7:3|7:4|7:5|7:6|7:7|7:8|7:9|8:4|8:5|8:7|8:8|8:9|9:5|9:9,433
334,2062,0.67,3.0,3.0,0.004811487686288057,3.004811487686287,63,victory,1,0,,0,26,24,0:0|1:0|2:0|3:0|3:1|3:2|4:2|5:0|5:1|5:2|6:1|6:2|7:2|7:3|7:4|7:5|7:6|7:7|7:8|7:9|8:7|8:9|9:7|9:9,433
335,2063,0.6690090090090091,3.0,3.0,0.004089659658487628,3.0040896596584874,49,victory,1,0,,0,28,25,0:0|1:0|2:0|2:2|3:0|3:1|3:2|4:2|5:0|5:1|5:2|6:1|6:2|7:2|7:3|7:4|7:5|7:6|7:7|7:8|7:9|8:5|8:8|8:9|9:9,433
336,2064,0.668018018018018,3.0,3.0,0.004886494264596248,3.0048864942645954,60,victory,1,0,,0,31,28,0:0|1:0|2:0|2:2|3:0|3:1|3:2|4:2|5:0|5:1|5:2|5:7|5:8|6:2|6:7|6:8|6:9|7:2|7:3|7:4|7:5|7:6|7:7|7:8|7:9|8:8|8:9|9:9,433
337,2065,0.667027027027027,3.0,3.0,0.0046787972538465585,3.0046787972538453,57,victory,1,0,,0,30,27,0:0|1:0|2:0|3:0|3:1|3:2|4:2|5:0|5:1|5:2|6:1|6:2|6:9|7:2|7:3|7:4|7:5|7:6|7:7|7:8|7:9|8:4|8:5|8:7|8:8|8:9|9:9,433
338,2066,0.666036036036036,3.0,3.0,0.005456399895375108,3.005456399895375,73,victory,1,0,,0,30,27,0:0|1:0|2:0|3:0|3:1|3:2|4:2|4:3|5:0|5:1|5:2|5:4|6:0|6:1|6:2|6:4|7:2|7:3|7:4|7:5|7:6|7:7|7:8|7:9|8:5|8:9|9:9,433
339,2067,0.6650450450450451,3.0,3.0,0.007130625662828456,3.0071306256628265,99,victory,1,0,,0,35,29,0:0|0:1|0:2|1:0|1:2|2:2|3:1|3:2|4:2|5:0|5:1|5:2|5:9|6:0|6:1|6:2|6:7|6:8|6:9|7:2|7:3|7:4|7:5|7:6|7:7|7:8|7:9|8:9|9:9,433
340,2068,0.664054054054054,3.0,3.0,0.0053298850758318524,3.005329885075832,85,victory,1,0,,0,26,24,0:0|1:0|2:0|3:0|3:1|3:2|4:2|5:0|5:1|5:2|6:1|6:2|7:2|7:3|7:4|7:5|7:6|7:7|7:9|8:7|8:9|9:7|9:8|9:9,433
341,2069,0.6630630630630631,3.0,3.0,0.008163274580046908,3.0081632745800446,111,victory,1,0,,0,40,31,0:0|0:2|1:0|1:2|2:0|2:2|3:0|3:1|3:2|4:2|4:3|4:4|5:0|5:1|5:2|5:4|6:0|6:1|6:2|6:4|7:0|7:4|7:5|7:6|7:7|7:8|7:9|8:4|8:8|8:9|9:9,433
342,2070,0.6620720720720721,3.0,3.0,0.004614615064010165,3.0046146150640096,60,victory,1,0,,0,27,23,0:0|1:0|2:0|3:0|3:1|3:2|4:2|5:0|5:1|5:2|6:1|6:2|6:4|7:2|7:3|7:4|7:5|7:6|7:7|7:8|7:9|8:9|9:9,433
343,2071,0.6610810810810811,3.0,3.0,0.004998125822018819,3.004998125822018,62,victory,1,0,,0,31,27,0:0|1:0|2:0|2:2|3:0|3:1|3:2|4:2|5:0|5:1|5:2|6:1|6:2|6:7|6:8|6:9|7:2|7:3|7:4|7:5|7:6|7:7|7:8|7:9|8:4|8:9|9:9,433
344,2072,0.6600900900900901,3.0,3.0,0.0029060097770622316,3.002906009777062,32,victory,1,0,,0,25,23,0:0|0:1|1:0|2:0|3:0|3:1|3:2|4:2|5:0|5:1|5:2|6:2|7:2|7:3|7:4|7:5|7:6|7:7|7:8|7:9|8:4|8:9|9:9,433
345,2073,0.659099099099099,3.0,3.0,0.004138010440969447,3.004138010440969,51,victory,1,0,,0,25,23,0:0|0:1|0:2|1:2|2:2|3:2|4:2|5:0|5:1|5:2|6:1|6:2|7:2|7:3|7:4|7:5|7:6|7:7|7:8|7:9|8:5|8:9|9:9,433
346,2074,0.6581081081081082,3.0,3.0,0.0050907566626119454,3.005090756662611,59,victory,1,0,,0,36,32,0:0|1:0|1:2|2:0|2:2|3:0|3:1|3:2|4:2|4:7|4:9|5:0|5:1|5:2|5:7|5:8|5:9|6:1|6:2|6:8|6:9|7:2|7:3|7:4|7:5|7:6|7:7|7:8|7:9|8:7|8:9|9:9,433
347,2075,0.6571171171171171,3.0,3.0,0.005815948742924187,3.0058159487429235,83,victory,1,0,,0,29,25,0:0|1:0|2:0|2:2|3:0|3:1|3:2|4:2|5:0|5:1|5:2|6:0|6:1|6:2|7:0|7:2|7:3|7:4|7:5|7:6|7:7|7:8|7:9|8:9|9:9,433
348,2076,0.6561261261261262,3.0,3.0,0.005720973037972667,3.005720973037972,78,victory,1,0,,0,30,27,0:0|1:0|2:0|3:0|3:1|3:2|4:2|5:0|5:1|5:2|6:1|6:2|6:4|6:7|6:8|6:9|7:2|7:3|7:4|7:5|7:6|7:7|7:8|7:9|8:5|8:9|9:9,433
349,2077,0.6551351351351351,3.0,3.0,0.0051436543505195935,3.005143654350518,67,victory,1,0,,0,27,27,0:0|1:0|2:0|3:0|3:1|3:2|4:2|5:0|5:1|5:2|5:4|6:0|6:1|6:2|6:4|7:2|7:3|7:4|7:5|7:6|7:7|7:8|7:9|8:7|8:8|8:9|9:9,433
350,2078,0.6541441441441441,3.0,3.0,0.004492885197738088,3.0044928851977373,58,victory,1,0,,0,25,23,0:0|0:1|0:2|1:2|2:2|3:2|4:2|5:0|5:1|5:2|6:2|7:2|7:3|7:4|7:5|7:6|7:7|7:8|7:9|8:7|8:8|8:9|9:9,433
351,2079,0.6531531531531531,3.0,3.0,0.004310370336606283,3.004310370336606,51,victory,1,0,,0,30,28,0:0|1:0|2:0|3:0|3:1|3:2|4:2|5:0|5:1|5:2|6:0|6:1|6:2|6:4|7:2|7:3|7:4|7:5|7:6|7:7|7:8|7:9|8:4|8:5|8:8|8:9|9:5|9:9,433
352,2080,0.6521621621621622,3.0,3.0,0.006751183792668639,3.0067511837926686,86,victory,1,0,,0,39,36,0:0|0:1|0:2|1:2|2:2|3:1|3:2|4:2|4:3|4:4|5:0|5:1|5:2|5:8|6:0|6:1|6:2|6:4|6:7|6:8|6:9|7:2|7:3|7:4|7:5|7:6|7:7|7:8|7:9|8:5|8:7|8:8|8:9|9:7|9:8|9:9,433
353,2081,0.6511711711711712,3.0,3.0,0.00711438886290932,3.0071143888629086,99,victory,1,0,,0,36,30,0:0|1:0|2:0|3:0|3:1|3:2|4:2|4:3|5:0|5:1|5:2|5:7|5:8|6:0|6:1|6:2|6:7|6:8|6:9|7:2|7:3|7:4|7:5|7:6|7:7|7:8|7:9|8:8|8:9|9:9,433
354,2082,0.6501801801801802,3.0,3.0,0.006623794400684696,3.006623794400684,100,victory,1,0,,0,30,27,0:0|1:0|2:0|2:2|2:3|2:4|3:0|3:1|3:2|4:2|4:3|5:0|5:1|5:2|6:0|6:1|6:2|7:2|7:3|7:4|7:5|7:6|7:7|7:8|7:9|8:9|9:9,433
355,2083,0.6491891891891892,3.0,3.0,0.00513787631514952,3.005137876315149,66,victory,1,0,,0,32,28,0:0|1:0|2:0|2:2|3:0|3:1|3:2|4:2|5:0|5:1|5:2|6:2|6:4|6:9|7:2|7:3|7:4|7:5|7:6|7:7|7:8|7:9|8:4|8:5|8:7|8:8|8:9|9:9,433
356,2084,0.6481981981981982,3.0,3.0,0.011256688274434065,3.0112566882744325,167,victory,1,0,,0,48,42,0:0|1:0|2:0|2:2|2:3|3:0|3:1|3:2|4:2|5:0|5:1|5:2|5:4|5:8|5:9|6:0|6:1|6:2|6:4|6:8|6:9|7:0|7:2|7:3|7:4|7:5|7:6|7:7|7:8|7:9|8:0|8:4|8:5|8:7|8:8|8:9|9:0|9:4|9:5|9:7|9:8|9:9,433
357,2085,0.6472072072072073,3.0,3.0,0.008119071830216033,3.0081190718302153,116,victory,1,0,,0,40,32,0:0|1:0|2:0|2:2|2:3|3:0|3:1|3:2|4:2|4:3|5:0|5:1|5:2|6:2|6:8|7:2|7:3|7:4|7:5|7:6|7:7|7:8|7:9|8:4|8:5|8:7|8:8|8:9|9:5|9:7|9:8|9:9,433
358,2086,0.6462162162162162,3.0,3.0,0.005218239972946551,3.0052182399729457,65,victory,1,0,,0,33,27,0:0|0:1|0:2|1:2|2:2|3:2|4:2|5:0|5:1|5:2|6:2|7:2|7:3|7:4|7:5|7:6|7:7|7:8|7:9|8:4|8:5|8:7|8:8|8:9|9:4|9:5|9:9,433
359,2087,0.6452252252252253,3.0,3.0,0.005886339038844016,3.0058863390388435,79,victory,1,0,,0,31,28,0:0|1:0|2:0|3:0|3:1|3:2|4:2|4:3|5:0|5:1|5:2|6:1|6:2|7:2|7:3|7:4|7:5|7:6|7:7|7:8|7:9|8:4|8:5|8:8|8:9|9:4|9:5|9:9,433
360,2088,0.6442342342342342,3.0,3.0,0.005572465923069297,3.005572465923067,69,victory,1,0,,0,33,28,0:0|1:0|2:0|3:0|3:1|3:2|4:2|5:0|5:1|5:2|5:6|5:7|5:8|5:9|6:0|6:1|6:2|6:7|7:2|7:3|7:4|7:5|7:6|7:7|7:8|7:9|8:9|9:9,433
361,2089,0.6432432432432433,3.0,3.0,0.004684553643628204,3.004684553643628,60,victory,1,0,,0,28,23,0:0|1:0|2:0|3:0|3:1|3:2|4:2|5:0|5:1|5:2|6:1|6:2|7:2|7:3|7:4|7:5|7:6|7:7|7:8|7:9|8:4|8:9|9:9,433
362,2090,0.6422522522522522,3.0,3.0,0.007415657949629714,3.007415657949629,101,victory,1,0,,0,37,32,0:0|0:1|0:2|1:2|2:2|2:3|3:2|4:2|4:3|4:9|5:0|5:1|5:2|5:9|6:0|6:1|6:2|6:8|6:9|7:2|7:3|7:4|7:5|7:6|7:7|7:8|7:9|8:4|8:7|8:8|8:9|9:9,433
363,2091,0.6412612612612613,3.0,3.0,0.004565578012047834,3.0045655780120475,60,victory,1,0,,0,27,24,0:0|0:1|0:2|1:0|1:2|2:2|3:2|4:2|5:0|5:1|5:2|6:1|6:2|7:2|7:3|7:4|7:5|7:6|7:7|7:8|7:9|8:8|8:9|9:9,433
364,2092,0.6402702702702703,3.0,3.0,0.006587048589260938,3.0065870485892603,85,victory,1,0,,0,40,35,0:0|1:0|2:0|2:2|3:0|3:1|3:2|4:2|4:3|4:4|4:5|5:0|5:1|5:2|5:4|5:5|6:1|6:2|6:4|6:7|6:8|6:9|7:2|7:3|7:4|7:5|7:6|7:7|7:8|7:9|8:7|8:8|8:9|9:7|9:9,433
365,2093,0.6392792792792793,3.0,3.0,0.004847859792095578,3.004847859792095,65,victory,1,0,,0,29,25,0:0|1:0|1:2|2:0|2:2|3:0|3:1|3:2|4:2|5:0|5:1|5:2|6:0|6:1|6:2|7:2|7:3|7:4|7:5|7:6|7:7|7:8|7:9|8:9|9:9,433
366,2094,0.6382882882882883,3.0,3.0,0.003900814019913218,3.0039008140199126,51,victory,1,0,,0,23,21,0:0|1:0|2:0|3:0|3:1|3:2|4:2|5:0|5:1|5:2|6:2|7:2|7:3|7:4|7:5|7:6|7:7|7:8|7:9|8:9|9:9,433
367,2095,0.6372972972972972,3.0,3.0,0.004824400246409556,3.0048244002464086,59,victory,1,0,,0,32,29,0:0|0:1|0:2|1:0|1:2|2:2|2:3|3:1|3:2|4:2|5:0|5:1|5:2|6:0|6:1|6:2|7:0|7:2|7:3|7:4|7:5|7:6|7:7|7:8|7:9|8:7|8:8|8:9|9:9,433
368,2096,0.6363063063063064,3.0,3.0,0.004203651552121626,3.004203651552121,52,victory,1,0,,0,27,27,0:0|1:0|2:0|3:0|3:1|3:2|4:2|5:0|5:1|5:2|6:0|6:1|6:2|6:7|6:8|6:9|7:2|7:3|7:4|7:5|7:6|7:7|7:8|7:9|8:5|8:9|9:9,433
369,2097,0.6353153153153153,3.0,3.0,0.006763410083309625,3.006763410083309,87,victory,1,0,,0,39,37,0:0|1:0|2:0|3:0|3:1|3:2|4:2|4:3|5:0|5:1|5:2|6:0|6:1|6:2|7:0|7:2|7:3|7:4|7:5|7:6|7:7|7:8|7:9|8:0|8:4|8:5|8:8|8:9|9:0|9:1|9:2|9:3|9:4|9:5|9:7|9:8|9:9,433
370,2098,0.6343243243243244,3.0,3.0,0.007245377498364685,3.0072453774983634,96,victory,1,0,,0,38,33,0:0|1:0|2:0|2:2|3:0|3:1|3:2|4:2|4:3|5:0|5:1|5:2|6:0|6:1|6:2|6:4|6:8|6:9|7:2|7:3|7:4|7:5|7:6|7:7|7:8|7:9|8:4|8:5|8:9|9:3|9:4|9:5|9:9,433
371,2099,0.6333333333333333,3.0,3.0,0.005044863834875408,3.0050448638348746,62,victory,1,0,,0,31,30,0:0|1:0|2:0|3:0|3:1|3:2|4:2|4:6|4:7|5:0|5:1|5:2|5:4|5:5|5:6|5:7|5:8|5:9|6:1|6:2|6:4|6:9|7:2|7:3|7:4|7:9|8:7|8:8|8:9|9:9,433
372,2100,0.6323423423423423,3.0,3.0,0.004163154574418053,3.0041631545744183,48,victory,1,0,,0,30,26,0:0|1:0|2:0|3:0|3:1|3:2|4:2|5:0|5:1|5:2|6:1|6:2|6:9|7:2|7:3|7:4|7:5|7:6|7:7|7:8|7:9|8:7|8:8|8:9|9:8|9:9,433
373,2101,0.6313513513513513,3.0,3.0,0.009057414589132434,3.0090574145891322,128,victory,1,0,,0,44,33,0:0|1:0|2:0|3:0|3:1|3:2|4:2|4:6|4:7|5:0|5:1|5:2|5:4|5:6|5:7|5:8|5:9|6:2|6:4|6:7|6:8|6:9|7:2|7:3|7:4|7:5|7:6|7:7|7:8|7:9|8:4|8:9|9:9,433
374,2102,0.6303603603603604,3.0,3.0,0.007859282294715237,3.0078592822947146,105,victory,1,0,,0,42,39,0:0|1:0|2:0|2:2|3:0|3:1|3:2|4:2|4:3|4:4|4:5|4:6|4:9|5:0|5:1|5:2|5:4|5:5|5:6|5:7|5:8|5:9|6:1|6:2|6:4|6:7|6:8|7:2|7:3|7:4|7:5|7:6|7:7|7:8|7:9|8:4|8:5|8:9|9:9,433
375,2103,0.6293693693693694,3.0,3.0,0.0037474327015758644,3.0037474327015747,46,victory,1,0,,0,24,22,0:0|1:0|2:0|3:0|3:1|3:2|4:2|5:0|5:1|5:2|6:2|7:2|7:3|7:4|7:5|7:6|7:7|7:8|7:9|8:5|8:9|9:9,433
376,2104,0.6283783783783784,3.0,3.0,0.006888685890800587,3.0068886858908,91,victory,1,0,,0,38,31,0:0|0:1|0:2|1:0|1:2|2:0|2:2|3:2|4:2|5:0|5:1|5:2|6:0|6:1|6:2|6:7|6:9|7:0|7:2|7:3|7:4|7:5|7:6|7:7|7:8|7:9|8:7|8:8|8:9|9:7|9:9,433
377,2105,0.6273873873873874,3.0,3.0,0.004323345987805974,3.004323345987806,51,victory,1,0,,0,30,26,0:0|1:0|2:0|3:0|3:1|3:2|4:2|4:3|5:0|5:1|5:2|6:0|6:1|6:2|7:2|7:3|7:4|7:5|7:6|7:7|7:8|7:9|8:7|8:8|8:9|9:9,433
378,2106,0.6263963963963964,3.0,3.0,0.004581888183675716,3.004581888183675,58,victory,1,0,,0,26,23,0:0|0:1|0:2|1:2|2:2|3:2|4:2|5:0|5:1|5:2|6:1|6:2|7:2|7:3|7:4|7:5|7:6|7:7|7:8|7:9|8:8|8:9|9:9,433
379,2107,0.6254054054054055,3.0,3.0,0.0039733594126677065,3.003973359412667,51,victory,1,0,,0,26,23,0:0|1:0|2:0|3:0|3:1|3:2|4:2|5:0|5:1|5:2|6:1|6:2|6:7|7:2|7:3|7:4|7:5|7:6|7:7|7:8|7:9|8:9|9:9,433
380,2108,0.6244144144144144,3.0,3.0,0.006176510487855946,3.0061765104878546,82,victory,1,0,,0,34,31,0:0|1:0|2:0|2:2|3:0|3:1|3:2|4:2|5:0|5:1|5:2|5:4|5:5|5:6|5:7|6:1|6:2|6:4|6:7|7:2|7:3|7:4|7:5|7:6|7:7|7:8|7:9|8:4|8:8|8:9|9:9,433
381,2109,0.6234234234234235,3.0,3.0,0.0047242907118971705,3.0047242907118967,59,victory,1,0,,0,29,26,0:0|0:1|0:2|1:2|2:2|3:2|4:2|5:0|5:1|5:2|5:4|6:1|6:2|6:4|6:7|7:2|7:3|7:4|7:5|7:6|7:7|7:8|7:9|8:5|8:9|9:9,433
382,2110,0.6224324324324324,3.0,3.0,0.0029819990956308903,3.0029819990956312,32,victory,1,0,,0,26,24,0:0|1:0|2:0|3:0|3:1|3:2|4:2|4:3|5:0|5:1|5:2|6:1|6:2|7:2|7:3|7:4|7:5|7:6|7:7|7:8|7:9|8:8|8:9|9:9,433
383,2111,0.6214414414414415,3.0,3.0,0.0035596011838247795,3.0035596011838246,41,victory,1,0,,0,27,26,0:0|0:1|1:0|1:2|2:0|2:2|3:0|3:1|3:2|4:2|5:0|5:1|5:2|6:0|6:1|6:2|7:2|7:3|7:4|7:5|7:6|7:7|7:8|7:9|8:9|9:9,433
384,2112,0.6204504504504504,3.0,3.0,0.004630047101678815,3.004630047101678,60,victory,1,0,,0,27,25,0:0|1:0|2:0|3:0|3:1|3:2|4:2|5:0|5:1|5:2|6:0|6:1|6:2|7:2|7:3|7:4|7:5|7:6|7:7|7:8|7:9|8:5|8:9|9:5|9:9,433
385,2113,0.6194594594594595,3.0,3.0,0.003732806264581667,3.0037328062645807,43,victory,1,0,,0,28,26,0:0|1:0|2:0|3:0|3:1|3:2|4:2|5:0|5:1|5:2|6:1|6:2|6:7|6:8|6:9|7:2|7:3|7:4|7:5|7:6|7:7|7:8|7:9|8:8|8:9|9:9,433
386,2114,0.6184684684684685,3.0,3.0,0.004917571927412513,3.004917571927412,63,victory,1,0,,0,29,27,0:0|0:1|0:2|1:2|2:2|3:2|4:2|5:0|5:1|5:2|5:7|5:8|5:9|6:2|6:7|6:8|6:9|7:2|7:3|7:4|7:5|7:6|7:7|7:8|7:9|8:9|9:9,433
387,2115,0.6174774774774775,3.0,3.0,0.0037535169427003216,3.0037535169427,44,victory,1,0,,0,27,23,0:0|1:0|2:0|3:0|3:1|3:2|4:2|5:0|5:1|5:2|6:1|6:2|7:2|7:3|7:4|7:5|7:6|7:7|7:8|7:9|8:8|8:9|9:9,433
388,2116,0.6164864864864865,3.0,3.0,0.0071348990049075346,3.007134899004906,101,victory,1,0,,0,39,36,0:0|1:0|2:0|3:0|3:1|3:2|4:2|4:5|4:6|5:0|5:1|5:2|5:4|5:5|5:6|5:7|5:8|5:9|6:2|6:4|6:8|6:9|7:2|7:3|7:4|7:5|7:6|7:7|7:8|7:9|8:4|8:5|8:9|9:4|9:5|9:9,433
389,2117,0.6154954954954954,3.0,3.0,0.004577056693994843,3.0045770566939947,64,victory,1,0,,0,26,23,0:0|1:0|2:0|3:0|3:1|3:2|4:2|5:0|5:1|5:2|6:0|6:1|6:2|7:2|7:3|7:4|7:5|7:6|7:7|7:8|7:9|8:9|9:9,433
390,2118,0.6145045045045046,3.0,3.0,0.004850986092169141,3.004850986092169,59,victory,1,0,,0,31,27,0:0|1:0|2:0|3:0|3:1|3:2|4:2|5:0|5:1|5:2|6:1|6:2|6:4|6:8|6:9|7:2|7:3|7:4|7:5|7:6|7:7|7:8|7:9|8:7|8:8|8:9|9:9,433
391,2119,0.6135135135135135,3.0,3.0,0.004453593458640248,3.0044535934586394,59,victory,1,0,,0,27,24,0:0|1:0|2:0|3:0|3:1|3:2|4:2|5:0|5:1|5:2|6:1|6:2|7:2|7:3|7:4|7:5|7:6|7:7|7:8|7:9|8:4|8:5|8:9|9:9,433
392,2120,0.6125225225225226,3.0,3.0,0.005446690417087516,3.005446690417087,73,victory,1,0,,0,31,28,0:0|1:0|2:0|3:0|3:1|3:2|4:2|5:0|5:1|5:2|6:0|6:1|6:2|6:4|6:8|6:9|7:2|7:3|7:4|7:5|7:6|7:7|7:8|7:9|8:5|8:9|9:5|9:9,433
393,2121,0.6115315315315315,3.0,3.0,0.004991758180153548,3.004991758180153,66,victory,1,0,,0,30,29,0:0|0:1|0:2|1:0|1:2|2:2|2:3|3:1|3:2|4:2|4:3|5:0|5:1|5:2|6:0|6:1|6:2|6:7|7:0|7:2|7:3|7:4|7:5|7:6|7:7|7:8|7:9|8:9|9:9,433
394,2122,0.6105405405405405,3.0,3.0,0.004905383099606142,3.0049053830996053,59,victory,1,0,,0,31,27,0:0|1:0|2:0|2:2|2:3|3:0|3:1|3:2|4:2|5:0|5:1|5:2|6:0|6:1|6:2|6:7|7:2|7:3|7:4|7:5|7:6|7:7|7:8|7:9|8:7|8:9|9:9,433
395,2123,0.6095495495495495,3.0,3.0,0.00500925746369856,3.0050092574636977,76,victory,1,0,,0,25,23,0:0|0:1|1:0|2:0|3:0|3:1|3:2|4:2|4:3|5:0|5:1|5:2|6:2|7:2|7:3|7:4|7:5|7:6|7:7|7:8|7:9|8:9|9:9,433
396,2124,0.6085585585585586,3.0,3.0,0.0047444048628249025,3.0047444048628247,60,victory,1,0,,0,29,27,0:0|1:0|2:0|3:0|3:1|3:2|4:2|4:3|5:0|5:1|5:2|6:0|6:1|6:2|7:2|7:3|7:4|7:5|7:6|7:7|7:8|7:9|8:4|8:5|8:8|8:9|9:9,433
397,2125,0.6075675675675676,3.0,3.0,0.004438816041643901,3.0044388160416426,53,victory,1,0,,0,30,28,0:0|1:0|2:0|3:0|3:1|3:2|4:2|5:0|5:1|5:2|6:0|6:2|6:4|6:8|6:9|7:0|7:2|7:3|7:4|7:5|7:6|7:7|7:8|7:9|8:0|8:4|8:9|9:9,433
398,2126,0.6065765765765766,3.0,3.0,0.0056779389121101274,3.0056779389121093,74,victory,1,0,,0,34,29,0:0|1:0|2:0|3:0|3:1|3:2|4:2|5:0|5:1|5:2|5:9|6:0|6:1|6:2|6:8|6:9|7:0|7:2|7:3|7:4|7:5|7:6|7:7|7:8|7:9|8:7|8:8|8:9|9:9,433
399,2127,0.6055855855855856,3.0,3.0,0.0037672981945744673,3.0037672981945738,43,victory,1,0,,0,29,27,0:0|1:0|2:0|3:0|3:1|3:2|4:2|5:0|5:1|5:2|6:1|6:2|6:4|6:7|6:8|6:9|7:2|7:3|7:4|7:5|7:6|7:7|7:8|7:9|8:7|8:9|9:9,433
400,2128,0.6045945945945945,3.0,3.0,0.0051594504023347,3.005159450402334,68,victory,1,0,,0,30,27,0:0|0:2|1:0|1:2|2:0|2:2|3:0|3:1|3:2|4:2|5:0|5:1|5:2|6:1|6:2|6:9|7:2|7:3|7:4|7:5|7:6|7:7|7:8|7:9|8:4|8:9|9:9,433
401,2129,0.6036036036036037,3.0,3.0,0.006283949957435709,3.006283949957435,80,victory,1,0,,0,39,36,0:0|1:0|2:0|3:0|3:1|3:2|4:2|4:3|4:4|4:9|5:0|5:1|5:2|5:9|6:0|6:1|6:2|6:4|6:9|7:2|7:3|7:4|7:5|7:6|7:7|7:8|7:9|8:4|8:5|8:7|8:8|8:9|9:4|9:5|9:8|9:9,433
402,2130,0.6026126126126126,3.0,3.0,0.0037242276208189766,3.0037242276208183,44,victory,1,0,,0,26,25,0:0|0:1|1:0|2:0|3:0|3:1|3:2|4:2|5:0|5:1|5:2|6:0|6:1|6:2|7:2|7:3|7:4|7:5|7:6|7:7|7:8|7:9|8:7|8:9|9:9,433
403,2131,0.6016216216216217,3.0,3.0,0.006891474642607793,3.0068914746426074,92,victory,1,0,,0,37,29,0:0|1:0|2:0|3:0|3:1|3:2|4:2|4:3|5:0|5:1|5:2|6:1|6:2|6:7|6:8|6:9|7:2|7:3|7:4|7:5|7:6|7:7|7:8|7:9|8:4|8:7|8:8|8:9|9:9,433
404,2132,0.6006306306306306,3.0,3.0,0.0038345565893473147,3.0038345565893465,47,victory,1,0,,0,26,26,0:0|1:0|2:0|3:0|3:1|3:2|4:2|4:3|5:0|5:1|5:2|6:0|6:1|6:2|7:2|7:3|7:4|7:5|7:6|7:7|7:8|7:9|8:4|8:5|8:9|9:9,433
405,2133,0.5996396396396397,3.0,3.0,0.004936764645525625,3.0049367646455254,65,victory,1,0,,0,31,26,0:0|0:1|0:2|1:2|2:0|2:2|3:0|3:1|3:2|4:2|5:0|5:1|5:2|6:0|6:1|6:2|7:2|7:3|7:4|7:5|7:6|7:7|7:8|7:9|8:9|9:9,433
406,2134,0.5986486486486486,3.0,3.0,0.004376937394568524,3.004376937394567,53,victory,1,0,,0,27,25,0:0|1:0|2:0|3:0|3:1|3:2|4:2|5:0|5:1|5:2|6:2|7:2|7:3|7:4|7:5|7:6|7:7|7:8|7:9|8:4|8:5|8:8|8:9|9:5|9:9,433
407,2135,0.5976576576576577,3.0,3.0,0.005995120661228373,3.005995120661228,86,victory,1,0,,0,30,26,0:0|1:0|2:0|3:0|3:1|3:2|4:2|5:0|5:1|5:2|6:2|7:2|7:3|7:4|7:5|7:6|7:7|7:8|7:9|8:4|8:5|8:7|8:8|8:9|9:8|9:9,433
408,2136,0.5966666666666667,3.0,3.0,0.004622884070036356,3.004622884070036,58,victory,1,0,,0,29,24,0:0|1:0|2:0|3:0|3:1|3:2|4:2|5:0|5:1|5:2|6:1|6:2|6:8|7:2|7:3|7:4|7:5|7:6|7:7|7:8|7:9|8:8|8:9|9:9,433
409,2137,0.5956756756756756,3.0,3.0,0.004834515627458931,3.0048345156274587,61,victory,1,0,,0,30,28,0:0|0:1|0:2|1:2|2:2|3:0|3:1|3:2|4:2|5:0|5:1|5:2|6:1|6:2|6:8|6:9|7:2|7:3|7:4|7:5|7:6|7:7|7:8|7:9|8:5|8:9|9:5|9:9,433
410,2138,0.5946846846846847,3.0,3.0,0.007540588823237833,3.007540588823236,104,victory,1,0,,0,37,35,0:0|1:0|2:0|2:2|3:0|3:1|3:2|3:7|4:2|4:3|4:6|4:7|5:0|5:1|5:2|5:6|5:7|5:8|5:9|6:1|6:2|6:7|6:8|6:9|7:2|7:3|7:4|7:5|7:6|7:7|7:8|7:9|8:8|8:9|9:9,433
411,2139,0.5936936936936936,3.0,3.0,0.005060083990146356,3.005060083990146,63,victory,1,0,,0,34,30,0:0|1:0|2:0|3:0|3:1|3:2|4:2|4:7|4:9|5:0|5:1|5:2|5:7|5:8|5:9|6:1|6:2|6:7|6:8|6:9|7:2|7:3|7:4|7:5|7:6|7:7|7:8|7:9|8:9|9:9,433
412,2140,0.5927027027027028,3.0,3.0,0.004615610960887013,3.0046156109608866,53,victory,1,0,,0,34,31,0:0|1:0|2:0|3:0|3:1|3:2|4:2|4:3|5:0|5:1|5:2|5:7|5:8|5:9|6:2|6:7|6:8|6:9|7:2|7:3|7:4|7:5|7:6|7:7|7:8|7:9|8:7|8:8|8:9|9:8|9:9,433
413,2141,0.5917117117117117,3.0,3.0,0.004244094682093904,3.004244094682093,50,victory,1,0,,0,29,27,0:0|0:1|1:0|2:0|3:0|3:1|3:2|4:2|5:0|5:1|5:2|6:1|6:2|7:2|7:3|7:4|7:5|7:6|7:7|7:8|7:9|8:4|8:7|8:8|8:9|9:4|9:9,433
414,2142,0.5907207207207208,3.0,3.0,0.004085478022161939,3.0040854780221613,49,victory,1,0,,0,26,23,0:0|1:0|2:0|3:0|3:1|3:2|4:2|5:0|5:1|5:2|5:4|6:2|6:4|7:2|7:3|7:4|7:5|7:6|7:7|7:8|7:9|8:9|9:9,433
415,2143,0.5897297297297297,3.0,3.0,0.004130332207500892,3.0041303322075006,54,victory,1,0,,0,25,23,0:0|0:1|1:0|2:0|3:0|3:1|3:2|4:2|4:3|5:0|5:1|5:2|6:2|7:2|7:3|7:4|7:5|7:6|7:7|7:8|7:9|8:9|9:9,433
416,2144,0.5887387387387387,3.0,3.0,0.0036742276208189765,3.0036742276208184,43,victory,1,0,,0,26,24,0:0|0:1|1:0|2:0|3:0|3:1|3:2|4:2|5:0|5:1|5:2|6:2|6:7|7:2|7:3|7:4|7:5|7:6|7:7|7:8|7:9|8:8|8:9|9:9,433
417,2145,0.5877477477477477,3.0,3.0,0.005842565349104324,3.005842565349103,79,victory,1,0,,0,32,29,0:0|0:1|0:2|1:0|1:2|2:2|2:3|3:2|4:2|5:0|5:1|5:2|5:8|5:9|6:1|6:2|6:8|6:9|7:2|7:3|7:4|7:5|7:6|7:7|7:8|7:9|8:8|8:9|9:9,433
418,2146,0.5867567567567568,3.0,3.0,0.006453339822713652,3.0064533398227136,87,victory,1,0,,0,35,30,0:0|0:1|1:0|2:0|3:0|3:1|3:2|4:2|4:3|4:4|5:0|5:1|5:2|6:1|6:2|6:7|6:8|6:9|7:2|7:3|7:4|7:5|7:6|7:7|7:8|7:9|8:4|8:8|8:9|9:9,433
419,2147,0.5857657657657658,3.0,3.0,0.0054354830894920375,3.0054354830894923,71,victory,1,0,,0,32,28,0:0|1:0|2:0|3:0|3:1|3:2|4:2|5:0|5:1|5:2|5:4|6:1|6:2|6:4|6:7|6:8|6:9|7:2|7:3|7:4|7:5|7:6|7:7|7:8|7:9|8:5|8:9|9:9,433
420,2148,0.5847747747747748,3.0,3.0,0.003409601183824779,3.003409601183825,38,victory,1,0,,0,27,24,0:0|1:0|2:0|3:0|3:1|3:2|4:2|5:0|5:1|5:2|6:1|6:2|6:8|7:2|7:3|7:4|7:5|7:6|7:7|7:8|7:9|8:8|8:9|9:9,433
421,2149,0.5837837837837838,3.0,3.0,0.0040760494639277365,3.0040760494639276,49,victory,1,0,,0,29,26,0:0|0:1|0:2|1:2|2:2|2:3|2:4|3:2|4:2|5:0|5:1|5:2|6:0|6:2|6:7|6:8|7:2|7:3|7:4|7:5|7:6|7:7|7:8|7:9|8:9|9:9,433
422,2150,0.5827927927927927,3.0,3.0,0.00499337039644412,3.004993370396444,63,victory,1,0,,0,30,27,0:0|1:0|2:0|3:0|3:1|3:2|4:2|5:0|5:1|5:2|6:2|6:9|7:2|7:3|7:4|7:5|7:6|7:7|7:8|7:9|8:4|8:5|8:7|8:8|8:9|9:8|9:9,433
423,2151,0.5818018018018019,3.0,3.0,0.004460370336606284,3.0044603703366057,52,victory,1,0,,0,32,28,0:0|1:0|2:0|2:2|3:0|3:1|3:2|4:2|4:3|4:4|5:0|5:1|5:2|6:0|6:1|6:2|6:9|7:0|7:2|7:3|7:4|7:5|7:6|7:7|7:8|7:9|8:9|9:9,433
424,2152,0.5808108108108108,3.0,3.0,0.0045872032720186695,3.004587203272018,52,victory,1,0,,0,35,32,0:0|0:1|0:2|1:2|2:2|3:0|3:1|3:2|4:2|4:9|5:0|5:1|5:2|5:7|5:8|5:9|6:2|6:4|6:7|6:8|6:9|7:2|7:3|7:4|7:5|7:6|7:7|7:8|7:9|8:4|8:9|9:9,433
425,2153,0.5798198198198199,3.0,3.0,0.003682768248412392,3.003682768248412,43,victory,1,0,,0,27,24,0:0|1:0|2:0|3:0|3:1|3:2|4:2|5:0|5:1|5:2|6:2|7:2|7:3|7:4|7:5|7:6|7:7|7:8|7:9|8:7|8:8|8:9|9:8|9:9,433
426,2154,0.5788288288288288,3.0,3.0,0.004717261746681518,3.0047172617466815,57,victory,1,0,,0,31,27,0:0|0:1|1:0|2:0|2:2|3:0|3:1|3:2|4:2|5:0|5:1|5:2|6:2|6:4|6:9|7:2|7:3|7:4|7:5|7:6|7:7|7:8|7:9|8:5|8:8|8:9|9:9,433
427,2155,0.5778378378378379,3.0,3.0,0.006867931844093254,3.006867931844093,91,victory,1,0,,0,38,30,0:0|1:0|2:0|3:0|3:1|3:2|4:2|4:3|4:4|4:5|4:9|5:0|5:1|5:2|5:4|5:5|5:7|5:8|5:9|6:4|6:8|6:9|7:4|7:5|7:6|7:7|7:8|7:9|8:9|9:9,433
428,2156,0.5768468468468468,3.0,3.0,0.0053368424614965194,3.005336842461496,69,victory,1,0,,0,31,30,0:0|1:0|2:0|3:0|3:1|3:2|3:9|4:2|4:3|4:9|5:0|5:1|5:2|5:8|5:9|6:0|6:1|6:2|6:8|6:9|7:2|7:3|7:4|7:5|7:6|7:7|7:8|7:9|8:9|9:9,433
429,2157,0.5758558558558559,3.0,3.0,0.005793692366688869,3.005793692366688,76,victory,1,0,,0,31,28,0:0|0:1|0:2|1:0|1:2|2:2|2:3|2:4|3:2|4:2|5:0|5:1|5:2|6:0|6:1|6:2|6:7|7:2|7:3|7:4|7:5|7:6|7:7|7:8|7:9|8:8|8:9|9:9,433
430,2158,0.5748648648648649,3.0,3.0,0.005943082925863086,3.005943082925863,83,victory,1,0,,0,30,30,0:0|1:0|2:0|3:0|3:1|3:2|4:2|4:9|5:0|5:1|5:2|5:8|5:9|6:0|6:1|6:2|6:7|6:8|6:9|7:2|7:3|7:4|7:5|7:6|7:7|7:8|7:9|8:8|8:9|9:9,433
431,2159,0.5738738738738738,3.0,3.0,0.005648339409497784,3.005648339409497,70,victory,1,0,,0,37,35,0:0|1:0|2:0|2:2|3:0|3:1|3:2|3:9|4:2|4:3|4:7|4:9|5:0|5:1|5:2|5:7|5:8|5:9|6:2|6:7|6:8|6:9|7:2|7:3|7:4|7:5|7:6|7:7|7:8|7:9|8:4|8:5|8:9|9:4|9:9,433
432,2160,0.5728828828828829,3.0,3.0,0.003365685424949237,3.0033656854249493,36,victory,1,0,,0,29,27,0:0|1:0|2:0|3:0|3:1|3:2|4:2|5:0|5:1|5:2|5:7|5:8|5:9|6:2|6:7|6:8|6:9|7:2|7:3|7:4|7:5|7:6|7:7|7:8|7:9|8:9|9:9,433
433,2161,0.5718918918918918,3.0,3.0,0.00442338400397525,3.0044233840039745,52,victory,1,0,,0,31,27,0:0|1:0|2:0|3:0|3:1|3:2|4:2|4:3|5:0|5:1|5:2|6:1|6:2|6:7|7:2|7:3|7:4|7:5|7:6|7:7|7:8|7:9|8:4|8:5|8:8|8:9|9:9,433
434,2162,0.570900900900901,3.0,3.0,0.005002983506587592,3.0050029835065875,62,victory,1,0,,0,33,28,0:0|1:0|2:0|2:2|2:3|3:0|3:1|3:2|4:2|5:0|5:1|5:2|6:1|6:2|6:7|7:2|7:3|7:4|7:5|7:6|7:7|7:8|7:9|8:7|8:8|8:9|9:8|9:9,433
435,2163,0.5699099099099099,3.0,3.0,0.003640503275331355,3.0036405032753306,43,victory,1,0,,0,26,26,0:0|1:0|2:0|2:2|3:0|3:1|3:2|4:2|4:3|5:0|5:1|5:2|6:0|6:1|6:2|6:4|7:2|7:3|7:4|7:5|7:6|7:7|7:8|7:9|8:9|9:9,433
436,2164,0.568918918918919,3.0,3.0,0.004685325742128819,3.0046853257421287,60,victory,1,0,,0,28,26,0:0|0:2|1:0|1:2|2:0|2:2|2:3|3:0|3:1|3:2|4:2|5:0|5:1|5:2|6:1|6:2|7:2|7:3|7:4|7:5|7:6|7:7|7:8|7:9|8:9|9:9,433
437,2165,0.5679279279279279,3.0,3.0,0.003617336210743742,3.003617336210743,41,victory,1,0,,0,28,26,0:0|1:0|2:0|3:0|3:1|3:2|4:2|5:0|5:1|5:2|6:0|6:1|6:2|7:2|7:3|7:4|7:5|7:6|7:7|7:8|7:9|8:4|8:5|8:8|8:9|9:9,433
438,2166,0.5669369369369369,3.0,3.0,0.0043284723482228575,3.004328472348222,54,victory,1,0,,0,28,25,0:0|1:0|2:0|3:0|3:1|3:2|4:2|5:0|5:1|5:2|6:2|6:7|6:8|7:2|7:3|7:4|7:5|7:6|7:7|7:8|7:9|8:4|8:9|9:4|9:9,433
439,2167,0.5659459459459459,3.0,3.0,0.003351866156905817,3.0033518661569056,38,victory,1,0,,0,26,23,0:0|1:0|2:0|2:2|3:0|3:1|3:2|4:2|5:0|5:1|5:2|6:2|7:2|7:3|7:4|7:5|7:6|7:7|7:8|7:9|8:8|8:9|9:9,433
440,2168,0.564954954954955,3.0,3.0,0.004343213049080902,3.00434321304908,53,victory,1,0,,0,27,25,0:0|1:0|2:0|3:0|3:1|3:2|4:2|5:0|5:1|5:2|6:0|6:1|6:2|7:0|7:2|7:3|7:4|7:5|7:6|7:7|7:8|7:9|8:5|8:9|9:9,433
441,2169,0.563963963963964,3.0,3.0,0.004333021635692982,3.0043330216356923,51,victory,1,0,,0,29,24,0:0|1:0|2:0|3:0|3:1|3:2|4:2|5:0|5:1|5:2|6:2|6:4|7:2|7:3|7:4|7:5|7:6|7:7|7:8|7:9|8:4|8:9|9:4|9:9,433
442,2170,0.562972972972973,3.0,3.0,0.004494938298937632,3.0044949382989383,52,victory,1,0,,0,33,27,0:0|1:0|2:0|3:0|3:1|3:2|4:2|5:0|5:1|5:2|5:8|5:9|6:1|6:2|6:8|6:9|7:2|7:3|7:4|7:5|7:6|7:7|7:8|7:9|8:5|8:9|9:9,433
443,2171,0.561981981981982,3.0,3.0,0.0034043225433747757,3.003404322543374,39,victory,1,0,,0,26,24,0:0|1:0|2:0|3:0|3:1|3:2|4:2|5:0|5:1|5:2|6:2|6:8|6:9|7:2|7:3|7:4|7:5|7:6|7:7|7:8|7:9|8:7|8:9|9:9,433
444,2172,0.5609909909909909,3.0,3.0,0.0033123046599465417,3.0033123046599464,38,victory,1,0,,0,27,25,0:0|0:1|1:0|2:0|3:0|3:1|3:2|4:2|5:0|5:1|5:2|6:1|6:2|6:7|6:8|6:9|7:2|7:3|7:4|7:5|7:6|7:7|7:9|8:9|9:9,433
445,2173,0.56,3.0,3.0,0.0036294682450997064,3.0036294682450997,42,victory,1,0,,0,26,25,0:0|0:1|0:2|1:2|2:2|3:2|4:2|5:0|5:1|5:2|6:0|6:1|6:2|7:0|7:2|7:3|7:4|7:5|7:6|7:7|7:8|7:9|8:5|8:9|9:9,433
446,2174,0.559009009009009,3.0,3.0,0.003164761046415501,3.003164761046416,38,victory,1,0,,0,24,22,0:0|0:1|1:0|2:0|3:0|3:1|3:2|4:2|5:0|5:1|5:2|6:2|7:2|7:3|7:4|7:5|7:6|7:7|7:8|7:9|8:9|9:9,433
447,2175,0.5580180180180181,3.0,3.0,0.005490453913803552,3.0054904539138025,72,victory,1,0,,0,33,30,0:0|1:0|2:0|3:0|3:1|3:2|4:2|5:0|5:1|5:2|5:9|6:0|6:1|6:2|6:4|6:8|6:9|7:2|7:3|7:4|7:5|7:6|7:7|7:8|7:9|8:4|8:5|8:9|9:5|9:9,433
448,2176,0.557027027027027,3.0,3.0,0.003950178923218361,3.003950178923218,45,victory,1,0,,0,29,26,0:0|1:0|2:0|2:2|3:0|3:1|3:2|4:2|5:0|5:1|5:2|6:0|6:2|6:7|6:8|7:2|7:3|7:4|7:5|7:6|7:7|7:8|7:9|8:4|8:9|9:9,433
449,2177,0.556036036036036,3.0,3.0,0.003674189604649702,3.0036741896046495,43,victory,1,0,,0,26,24,0:0|1:0|1:2|2:0|2:2|3:0|3:1|3:2|4:2|5:0|5:1|5:2|6:2|7:2|7:3|7:4|7:5|7:6|7:7|7:8|7:9|8:7|8:9|9:9,433
450,2178,0.555045045045045,3.0,3.0,0.0032234204518682,3.003223420451868,35,victory,1,0,,0,27,24,0:0|1:0|2:0|3:0|3:1|3:2|4:2|5:0|5:1|5:2|6:1|6:2|6:7|7:2|7:3|7:4|7:5|7:6|7:7|7:8|7:9|8:8|8:9|9:9,433
451,2179,0.5540540540540541,3.0,3.0,0.003473593077458779,3.003473593077458,42,victory,1,0,,0,24,23,0:0|1:0|2:0|3:0|3:1|3:2|4:2|5:0|5:1|5:2|6:0|6:1|6:2|7:2|7:3|7:4|7:5|7:6|7:7|7:8|7:9|8:9|9:9,433
452,2180,0.5530630630630631,3.0,3.0,0.0052525742704868286,3.005252574270486,69,victory,1,0,,0,31,28,0:0|0:1|0:2|1:2|2:2|3:2|4:2|4:3|4:4|4:5|5:0|5:1|5:2|6:1|6:2|6:7|6:8|6:9|7:2|7:3|7:4|7:5|7:6|7:7|7:9|8:7|8:9|9:9,433
453,2181,0.552072072072072,3.0,3.0,0.004749851614870049,3.0047498516148696,61,victory,1,0,,0,28,24,0:0|0:1|1:0|2:0|3:0|3:1|3:2|4:2|5:0|5:1|5:2|6:2|6:8|6:9|7:2|7:3|7:4|7:5|7:6|7:7|7:8|7:9|8:9|9:9,433
454,2182,0.5510810810810811,3.0,3.0,0.0033932875131431266,3.003393287513142,38,victory,1,0,,0,26,24,0:0|1:0|2:0|3:0|3:1|3:2|4:2|5:0|5:1|5:2|6:0|6:2|7:2|7:3|7:4|7:5|7:6|7:7|7:8|7:9|8:7|8:9|9:7|9:9,433
455,2183,0.55009009009009,3.0,3.0,0.00390597332916928,3.0039059733291698,47,victory,1,0,,0,27,25,0:0|1:0|2:0|2:2|2:3|3:0|3:1|3:2|4:2|5:0|5:1|5:2|6:2|6:9|7:2|7:3|7:4|7:5|7:6|7:7|7:8|7:9|8:8|8:9|9:9,433
456,2184,0.5490990990990992,3.0,3.0,0.003680311861943434,3.0036803118619426,41,victory,1,0,,0,29,27,0:0|1:0|2:0|3:0|3:1|3:2|4:2|5:0|5:1|5:2|6:0|6:2|6:4|6:7|6:9|7:2|7:3|7:4|7:5|7:6|7:7|7:8|7:9|8:4|8:5|8:9|9:9,433
457,2185,0.5481081081081081,3.0,3.0,0.003438046888862397,3.0034380468888626,39,victory,1,0,,0,26,26,0:0|1:0|2:0|2:2|3:0|3:1|3:2|4:2|5:0|5:1|5:2|6:0|6:1|6:2|7:2|7:3|7:4|7:5|7:6|7:7|7:8|7:9|8:4|8:7|8:9|9:9,433
458,2186,0.5471171171171171,3.0,3.0,0.004472749460615052,3.0044727494606143,52,victory,1,0,,0,33,30,0:0|1:0|2:0|3:0|3:1|3:2|4:2|4:3|5:0|5:1|5:2|5:9|6:1|6:2|6:8|6:9|7:2|7:3|7:4|7:5|7:6|7:7|7:8|7:9|8:4|8:7|8:8|8:9|9:8|9:9,433
459,2187,0.5461261261261261,3.0,3.0,0.0047891642385441725,3.0047891642385434,61,victory,1,0,,0,29,26,0:0|1:0|2:0|3:0|3:1|3:2|4:2|5:0|5:1|5:2|6:0|6:1|6:2|7:2|7:3|7:4|7:5|7:6|7:7|7:8|7:9|8:5|8:7|8:8|8:9|9:9,433
460,2188,0.5451351351351351,3.0,3.0,0.005329431797206758,3.0053294317972066,64,victory,1,0,,0,35,28,0:0|1:0|2:0|3:0|3:1|3:2|4:2|4:3|5:0|5:1|5:2|6:1|6:2|6:7|6:8|6:9|7:2|7:3|7:4|7:5|7:6|7:7|7:8|7:9|8:8|8:9|9:8|9:9,433
461,2189,0.5441441441441441,3.0,3.0,0.005365574512994064,3.005365574512994,65,victory,1,0,,0,34,29,0:0|1:0|2:0|2:2|3:0|3:1|3:2|4:2|4:3|4:4|5:0|5:1|5:2|6:2|6:7|6:8|7:2|7:3|7:4|7:5|7:6|7:7|7:8|7:9|8:4|8:5|8:7|8:9|9:9,433
462,2190,0.5431531531531532,3.0,3.0,0.005196055648619407,3.005196055648619,67,victory,1,0,,0,30,27,0:0|1:0|2:0|2:2|3:0|3:1|3:2|4:2|4:3|5:0|5:1|5:2|6:2|6:4|7:2|7:3|7:4|7:5|7:6|7:7|7:8|7:9|8:7|8:8|8:9|9:7|9:9,433
463,2191,0.5421621621621622,3.0,3.0,0.005357242958884178,3.005357242958884,65,victory,1,0,,0,35,28,0:0|1:0|2:0|2:2|3:0|3:1|3:2|4:2|5:0|5:1|5:2|6:1|6:2|6:4|6:7|7:2|7:3|7:4|7:5|7:6|7:7|7:8|7:9|8:7|8:8|9:7|9:8|9:9,433
464,2192,0.5411711711711712,3.0,3.0,0.004453580033778515,3.004453580033778,56,victory,1,0,,0,27,24,0:0|1:0|2:0|3:0|3:1|3:2|4:2|4:3|5:0|5:1|5:2|6:0|6:1|6:2|7:2|7:3|7:4|7:5|7:6|7:7|7:8|7:9|8:9|9:9,433
465,2193,0.5401801801801802,3.0,3.0,0.0051561887002805964,3.00515618870028,60,victory,1,0,,0,36,30,0:0|1:0|2:0|3:0|3:1|3:2|4:2|5:0|5:1|5:2|6:0|6:1|6:2|6:7|6:8|6:9|7:0|7:2|7:3|7:4|7:5|7:6|7:7|7:8|7:9|8:5|8:8|8:9|9:8|9:9,433
466,2194,0.5391891891891891,3.0,3.0,0.004619718133150477,3.0046197181331493,57,victory,1,0,,0,29,25,0:0|0:1|0:2|1:2|2:2|3:2|4:2|5:0|5:1|5:2|6:1|6:2|6:9|7:2|7:3|7:4|7:5|7:6|7:7|7:8|7:9|8:7|8:8|8:9|9:9,433
467,2195,0.5381981981981983,3.0,3.0,0.004369716279784845,3.0043697162797844,57,victory,1,0,,0,28,26,0:0|1:0|2:0|3:0|3:1|3:2|4:2|5:0|5:1|5:2|5:4|5:5|5:6|5:7|5:8|5:9|6:1|6:2|6:4|6:9|7:2|7:3|7:4|7:9|8:9|9:9,433
468,2196,0.5372072072072072,3.0,3.0,0.0033010225400620895,3.003301022540062,38,victory,1,0,,0,24,22,0:0|1:0|2:0|2:2|3:0|3:1|3:2|4:2|5:0|5:1|5:2|6:2|7:2|7:3|7:4|7:5|7:6|7:7|7:8|7:9|8:9|9:9,433
469,2197,0.5362162162162163,3.0,3.0,0.004845248479668628,3.0048452484796675,60,victory,1,0,,0,32,28,0:0|1:0|2:0|3:0|3:1|3:2|4:2|5:0|5:1|5:2|5:4|6:2|6:4|6:8|6:9|7:2|7:3|7:4|7:5|7:6|7:7|7:8|7:9|8:7|8:8|8:9|9:8|9:9,433
470,2198,0.5352252252252252,3.0,3.0,0.0062180873380908415,3.00621808733809,89,victory,1,0,,0,30,25,0:0|1:0|2:0|2:2|3:0|3:1|3:2|4:2|4:3|5:0|5:1|5:2|6:0|6:1|6:2|7:2|7:3|7:4|7:5|7:6|7:7|7:8|7:9|8:9|9:9,433
471,2199,0.5342342342342342,3.0,3.0,0.0029888524895368505,3.002988852489537,34,victory,1,0,,0,23,21,0:0|1:0|2:0|3:0|3:1|3:2|4:2|5:0|5:1|5:2|6:2|7:2|7:3|7:4|7:5|7:6|7:7|7:8|7:9|8:9|9:9,433
472,2200,0.5332432432432432,3.0,3.0,0.0042763274107482435,3.0042763274107482,55,victory,1,0,,0,27,24,0:0|0:1|0:2|1:2|2:2|3:1|3:2|4:2|5:0|5:1|5:2|6:1|6:2|7:2|7:3|7:4|7:5|7:6|7:7|7:8|7:9|8:4|8:9|9:9,433
473,2201,0.5322522522522523,3.0,3.0,0.005097529294827897,3.0050975292948277,63,victory,1,0,,0,33,28,0:0|0:1|0:2|1:0|1:2|2:0|2:2|3:0|3:1|3:2|4:2|4:3|5:0|5:1|5:2|6:2|7:2|7:3|7:4|7:5|7:6|7:7|7:8|7:9|8:7|8:8|8:9|9:9,433
474,2202,0.5312612612612613,3.0,3.0,0.004001022540062089,3.004001022540063,45,victory,1,0,,0,31,26,0:0|0:1|0:2|1:2|2:2|3:1|3:2|4:2|5:0|5:1|5:2|5:9|6:2|6:8|6:9|7:2|7:3|7:4|7:5|7:6|7:7|7:8|7:9|8:7|8:9|9:9,433
475,2203,0.5302702702702702,3.0,3.0,0.0038872032720186685,3.0038872032720185,46,victory,1,0,,0,27,24,0:0|0:1|0:2|1:2|2:2|3:2|4:2|4:3|5:0|5:1|5:2|6:2|6:7|7:2|7:3|7:4|7:5|7:6|7:7|7:8|7:9|8:7|8:9|9:9,433
476,2204,0.5292792792792793,3.0,3.0,0.0039241896046497025,3.00392418960465,46,victory,1,0,,0,28,25,0:0|1:0|2:0|3:0|3:1|3:2|4:2|5:0|5:1|5:2|6:0|6:1|6:2|6:4|7:0|7:2|7:3|7:4|7:5|7:6|7:7|7:8|7:9|8:9|9:9,433
477,2205,0.5282882882882883,3.0,3.0,0.0031018661569058173,3.0031018661569053,35,victory,1,0,,0,24,21,0:0|1:0|2:0|3:0|3:1|3:2|4:2|5:0|5:1|5:2|6:2|7:2|7:3|7:4|7:5|7:6|7:7|7:8|7:9|8:9|9:9,433
478,2206,0.5272972972972974,3.0,3.0,0.004435993787662855,3.004435993787662,56,victory,1,0,,0,27,25,0:0|1:0|2:0|2:2|3:0|3:1|3:2|4:2|5:0|5:1|5:2|6:2|7:2|7:3|7:4|7:5|7:6|7:7|7:8|7:9|8:4|8:5|8:9|9:5|9:9,433
479,2207,0.5263063063063063,3.0,3.0,0.003499043902924771,3.0034990439029245,41,victory,1,0,,0,26,21,0:0|0:1|0:2|1:2|2:2|3:2|4:2|5:0|5:1|5:2|6:2|7:2|7:3|7:4|7:5|7:6|7:7|7:8|7:9|8:9|9:9,433
480,2208,0.5253153153153153,3.0,3.0,0.007765634658353148,3.0077656346583526,98,victory,1,0,,0,45,38,0:0|0:4|1:0|1:4|1:5|2:0|2:2|2:3|2:4|2:5|3:0|3:1|3:2|3:5|4:2|4:3|4:4|4:5|5:0|5:1|5:2|6:0|6:1|6:2|7:0|7:2|7:3|7:4|7:5|7:6|7:7|7:8|7:9|8:7|8:8|8:9|9:8|9:9,433
481,2209,0.5243243243243243,3.0,3.0,0.0045310810147249385,3.0045310810147257,54,victory,1,0,,0,31,27,0:0|1:0|2:0|2:2|3:0|3:1|3:2|4:2|5:0|5:1|5:2|5:8|5:9|6:2|6:8|6:9|7:2|7:3|7:4|7:5|7:6|7:7|7:8|7:9|8:8|8:9|9:9,433
482,2210,0.5233333333333334,3.0,3.0,0.003988046888862397,3.0039880468888622,46,victory,1,0,,0,30,26,0:0|1:0|2:0|3:0|3:1|3:2|4:2|4:3|5:0|5:1|5:2|6:1|6:2|6:7|6:8|6:9|7:2|7:3|7:4|7:5|7:6|7:7|7:8|7:9|8:9|9:9,433
483,2211,0.5223423423423423,3.0,3.0,0.004374362230240281,3.004374362230241,54,victory,1,0,,0,28,26,0:0|1:0|2:0|3:0|3:1|3:2|4:2|5:0|5:1|5:2|6:0|6:1|6:2|7:2|7:3|7:4|7:5|7:6|7:7|7:8|7:9|8:7|8:8|8:9|9:8|9:9,433
484,2212,0.5213513513513514,3.0,3.0,0.0047700459844932895,3.0047700459844924,55,victory,1,0,,0,34,29,0:0|1:0|2:0|3:0|3:1|3:2|4:2|4:3|4:9|5:0|5:1|5:2|5:9|6:2|6:4|6:8|6:9|7:2|7:3|7:4|7:5|7:6|7:7|7:8|7:9|8:4|8:5|8:9|9:9,433
485,2213,0.5203603603603604,3.0,3.0,0.004499813055706276,3.0044998130557063,55,victory,1,0,,0,30,29,0:0|1:0|2:0|2:2|3:0|3:1|3:2|4:2|5:0|5:1|5:2|6:0|6:1|6:2|6:7|6:8|7:0|7:2|7:3|7:4|7:5|7:6|7:7|7:8|7:9|8:4|8:5|8:9|9:9,433
486,2214,0.5193693693693694,3.0,3.0,0.004818415544256244,3.004818415544256,62,victory,1,0,,0,29,27,0:0|1:0|2:0|3:0|3:1|3:2|4:2|4:3|5:0|5:1|5:2|6:1|6:2|6:4|6:9|7:2|7:3|7:4|7:5|7:6|7:7|7:8|7:9|8:5|8:8|8:9|9:9,433
487,2215,0.5183783783783784,3.0,3.0,0.006106752278044068,3.0061067522780434,82,victory,1,0,,0,34,29,0:0|1:0|2:0|2:2|3:0|3:1|3:2|4:2|4:3|4:4|5:0|5:1|5:2|6:1|6:2|6:7|6:8|6:9|7:2|7:3|7:4|7:5|7:6|7:7|7:8|7:9|8:8|8:9|9:9,433
488,2216,0.5173873873873873,3.0,3.0,0.003695147372421161,3.0036951473724214,43,victory,1,0,,0,28,27,0:0|1:0|2:0|3:0|3:1|3:2|4:2|5:0|5:1|5:2|5:7|5:8|5:9|6:0|6:1|6:2|6:7|6:9|7:2|7:3|7:4|7:5|7:6|7:7|7:9|8:9|9:9,433
489,2217,0.5163963963963965,3.0,3.0,0.0046139617433688315,3.0046139617433685,56,victory,1,0,,0,29,26,0:0|1:0|2:0|3:0|3:1|3:2|4:2|5:0|5:1|5:2|6:0|6:1|6:2|6:4|7:2|7:3|7:4|7:5|7:6|7:7|7:8|7:9|8:7|8:8|8:9|9:9,433
490,2218,0.5154054054054054,3.0,3.0,0.0038957819157813592,3.003895781915781,45,victory,1,0,,0,29,27,0:0|0:1|0:2|1:0|1:2|2:2|3:2|4:2|5:0|5:1|5:2|6:0|6:2|6:7|6:8|6:9|7:2|7:3|7:4|7:5|7:6|7:7|7:8|7:9|8:4|8:9|9:9,433
491,2219,0.5144144144144145,3.0,3.0,0.0038699119284066425,3.0038699119284065,49,victory,1,0,,0,25,25,0:0|0:1|0:2|1:0|1:2|2:2|3:2|4:2|5:0|5:1|5:2|6:0|6:1|6:2|7:0|7:2|7:3|7:4|7:5|7:6|7:7|7:8|7:9|8:9|9:9,433
492,2220,0.5134234234234234,3.0,3.0,0.004045781915781359,3.0040457819157815,47,victory,1,0,,0,30,26,0:0|0:1|0:2|1:2|2:2|3:2|4:2|4:3|4:4|4:5|4:6|5:0|5:1|5:2|5:4|5:5|5:6|5:7|6:7|6:8|6:9|7:7|7:8|7:9|8:9|9:9,433
493,2221,0.5124324324324324,3.0,3.0,0.004829393781037483,3.004829393781037,60,victory,1,0,,0,29,26,0:0|1:0|2:0|3:0|3:1|3:2|4:2|4:3|4:4|5:0|5:1|5:2|5:4|6:1|6:2|6:4|7:2|7:3|7:4|7:5|7:6|7:7|7:8|7:9|8:9|9:9,433
494,2222,0.5114414414414414,3.0,3.0,0.0034096011838247796,3.003409601183825,39,victory,1,0,,0,26,24,0:0|1:0|2:0|3:0|3:1|3:2|4:2|4:3|5:0|5:1|5:2|6:1|6:2|7:2|7:3|7:4|7:5|7:6|7:7|7:8|7:9|8:4|8:9|9:9,433
495,2223,0.5104504504504505,3.0,3.0,0.0038597738094153598,3.003859773809415,48,victory,1,0,,0,25,23,0:0|1:0|2:0|3:0|3:1|3:2|4:2|5:0|5:1|5:2|6:2|6:7|6:8|7:2|7:3|7:4|7:5|7:6|7:7|7:8|7:9|8:9|9:9,433
496,2224,0.5094594594594595,3.0,3.0,0.0046001424753254125,3.004600142475325,57,victory,1,0,,0,27,24,0:0|0:1|0:2|1:2|2:2|2:3|3:2|4:2|5:0|5:1|5:2|6:2|6:4|6:9|7:2|7:3|7:4|7:5|7:6|7:7|7:8|7:9|8:9|9:9,433
497,2225,0.5084684684684684,3.0,3.0,0.004445110924528212,3.004445110924528,55,victory,1,0,,0,28,25,0:0|0:1|0:2|1:2|2:2|3:2|4:2|5:0|5:1|5:2|6:0|6:1|6:2|6:4|6:9|7:2|7:3|7:4|7:5|7:6|7:7|7:8|7:9|8:9|9:9,433
498,2226,0.5074774774774775,3.0,3.0,0.0037318866153993905,3.003731886615399,45,victory,1,0,,0,25,23,0:0|1:0|2:0|3:0|3:1|3:2|4:2|5:0|5:1|5:2|6:1|6:2|7:2|7:3|7:4|7:5|7:6|7:7|7:8|7:9|8:8|8:9|9:9,433
499,2227,0.5064864864864865,3.0,3.0,0.004594938298937632,3.004594938298937,53,victory,1,0,,0,34,30,0:0|0:1|1:0|2:0|3:0|3:1|3:2|4:2|4:3|4:4|5:0|5:1|5:2|5:4|6:0|6:2|6:4|6:8|6:9|7:3|7:4|7:5|7:6|7:7|7:8|7:9|8:4|8:8|8:9|9:9,433
500,2228,0.5054954954954956,3.0,3.0,0.004254495168965355,3.004254495168965,52,victory,1,0,,0,29,26,0:0|1:0|2:0|3:0|3:1|3:2|4:2|5:0|5:1|5:2|6:0|6:1|6:2|6:4|7:2|7:3|7:4|7:5|7:6|7:7|7:8|7:9|8:4|8:9|9:4|9:9,433
501,2229,0.5045045045045045,3.0,3.0,0.003071479830900157,3.0030714798308997,35,victory,1,0,,0,25,23,0:0|0:1|0:2|1:2|2:2|3:2|4:2|5:0|5:1|5:2|6:2|6:7|7:2|7:3|7:4|7:5|7:6|7:7|7:8|7:9|8:7|8:9|9:9,433
502,2230,0.5035135135135135,3.0,3.0,0.003498413873560009,3.00349841387356,42,victory,1,0,,0,25,23,0:0|1:0|2:0|3:0|3:1|3:2|4:2|5:0|5:1|5:2|6:2|6:9|7:2|7:3|7:4|7:5|7:6|7:7|7:8|7:9|8:5|8:9|9:9,433
503,2231,0.5025225225225225,3.0,3.0,0.0038087575669810514,3.00380875756698,43,victory,1,0,,0,29,22,0:0|1:0|2:0|3:0|3:1|3:2|4:2|4:3|5:0|5:1|5:2|6:2|7:2|7:3|7:4|7:5|7:6|7:7|7:8|7:9|8:9|9:9,433
504,2232,0.5015315315315316,3.0,3.0,0.004334381018037625,3.0043343810180376,53,victory,1,0,,0,29,24,0:0|1:0|2:0|3:0|3:1|3:2|4:2|5:0|5:1|5:2|6:1|6:2|6:4|7:2|7:3|7:4|7:5|7:6|7:7|7:8|7:9|8:4|8:9|9:9,433
505,2233,0.5005405405405405,3.0,3.0,0.0051149252447411616,3.005114925244741,69,victory,1,0,,0,28,24,0:0|1:0|2:0|3:0|3:1|3:2|4:2|4:3|5:0|5:1|5:2|6:2|7:2|7:3|7:4|7:5|7:6|7:7|7:8|7:9|8:5|8:8|8:9|9:9,433
506,2234,0.49954954954954955,3.0,3.0,0.00397503322149343,3.0039750332214927,45,victory,1,0,,0,31,30,0:0|1:0|2:0|3:0|3:1|3:2|4:2|4:9|5:0|5:1|5:2|5:7|5:8|5:9|6:0|6:1|6:2|6:4|6:8|6:9|7:2|7:3|7:4|7:5|7:6|7:7|7:8|7:9|8:9|9:9,433
507,2235,0.4985585585585586,3.0,3.0,0.004353442478638097,3.004353442478638,55,victory,1,0,,0,25,23,0:0|1:0|2:0|3:0|3:1|3:2|4:2|5:0|5:1|5:2|6:1|6:2|6:9|7:2|7:3|7:4|7:5|7:6|7:7|7:8|7:9|8:9|9:9,433
508,2236,0.4975675675675676,3.0,3.0,0.002997469149468816,3.0029974691494683,33,victory,1,0,,0,25,23,0:0|0:1|0:2|1:2|2:2|3:2|4:2|5:0|5:1|5:2|6:2|7:2|7:3|7:4|7:5|7:6|7:7|7:8|7:9|8:5|8:8|8:9|9:9,433
509,2237,0.4965765765765766,3.0,3.0,0.0041026353096873195,3.004102635309687,49,victory,1,0,,0,28,26,0:0|0:1|0:2|1:0|1:2|2:2|2:3|3:1|3:2|4:2|5:0|5:1|5:2|6:0|6:1|6:2|7:2|7:3|7:4|7:5|7:6|7:7|7:8|7:9|8:9|9:9,433
510,2238,0.49558558558558563,3.0,3.0,0.004115648977056287,3.0041156489770557,49,victory,1,0,,0,28,24,0:0|1:0|2:0|3:0|3:1|3:2|4:2|5:0|5:1|5:2|6:1|6:2|6:9|7:2|7:3|7:4|7:5|7:6|7:7|7:9|8:7|8:8|8:9|9:9,433
511,2239,0.49459459459459454,3.0,3.0,0.004268487062599355,3.004268487062599,54,victory,1,0,,0,27,25,0:0|1:0|2:0|3:0|3:1|3:2|4:2|5:0|5:1|5:2|6:0|6:1|6:2|6:4|7:0|7:2|7:3|7:4|7:5|7:6|7:7|7:8|7:9|8:9|9:9,433
512,2240,0.49360360360360356,3.0,3.0,0.004062230195884318,3.004062230195884,50,victory,1,0,,0,27,26,0:0|1:0|2:0|3:0|3:1|3:2|4:2|5:0|5:1|5:2|6:0|6:1|6:2|6:4|7:2|7:3|7:4|7:5|7:6|7:7|7:8|7:9|8:4|8:8|8:9|9:9,433
513,2241,0.4926126126126126,3.0,3.0,0.003939697674656901,3.0039396976746566,47,victory,1,0,,0,27,24,0:0|0:1|1:0|2:0|3:0|3:1|3:2|4:2|5:0|5:1|5:2|6:2|7:2|7:3|7:4|7:5|7:6|7:7|7:8|7:9|8:5|8:8|8:9|9:9,433
514,2242,0.4916216216216217,3.0,3.0,0.003335552486224164,3.0033355524862237,37,victory,1,0,,0,26,23,0:0|1:0|2:0|3:0|3:1|3:2|4:2|5:0|5:1|5:2|6:1|6:2|7:2|7:3|7:4|7:5|7:6|7:7|7:8|7:9|8:7|8:9|9:9,433
515,2243,0.4906306306306307,3.0,3.0,0.004233537401193896,3.004233537401194,52,victory,1,0,,0,27,23,0:0|1:0|2:0|3:0|3:1|3:2|4:2|5:0|5:1|5:2|6:2|6:7|6:9|7:2|7:3|7:4|7:5|7:6|7:7|7:8|7:9|8:9|9:9,433
516,2244,0.48963963963963963,3.0,3.0,0.0047803947452444255,3.004780394745243,61,victory,1,0,,0,28,24,0:0|1:0|2:0|2:2|3:0|3:1|3:2|4:2|5:0|5:1|5:2|6:2|7:2|7:3|7:4|7:5|7:6|7:7|7:8|7:9|8:4|8:9|9:4|9:9,433
517,2245,0.48864864864864865,3.0,3.0,0.0036909229905747387,3.0036909229905744,46,victory,1,0,,0,25,22,0:0|1:0|2:0|3:0|3:1|3:2|4:2|5:0|5:1|5:2|6:1|6:2|7:2|7:3|7:4|7:5|7:6|7:7|7:8|7:9|8:9|9:9,433
518,2246,0.4876576576576577,3.0,3.0,0.003852038782496396,3.0038520387824965,46,victory,1,0,,0,27,25,0:0|0:1|1:0|2:0|3:0|3:1|3:2|4:2|5:0|5:1|5:2|6:0|6:1|6:2|6:9|7:2|7:3|7:4|7:5|7:6|7:7|7:8|7:9|8:9|9:9,433
519,2247,0.4866666666666667,3.0,3.0,0.0026535533905932738,3.0026535533905934,28,victory,1,0,,0,24,22,0:0|0:1|1:0|2:0|3:0|3:1|3:2|4:2|5:0|5:1|5:2|6:2|7:2|7:3|7:4|7:5|7:6|7:7|7:8|7:9|8:9|9:9,433
520,2248,0.4856756756756757,3.0,3.0,0.0033259148545064323,3.003325914854506,37,victory,1,0,,0,27,24,0:0|1:0|2:0|3:0|3:1|3:2|4:2|5:0|5:1|5:2|6:0|6:1|6:2|7:2|7:3|7:4|7:5|7:6|7:7|7:8|7:9|8:7|8:9|9:9,433
521,2249,0.4846846846846846,3.0,3.0,0.003530311861943434,3.003530311861943,40,victory,1,0,,0,27,24,0:0|1:0|2:0|3:0|3:1|3:2|4:2|5:0|5:1|5:2|5:4|6:2|6:4|7:2|7:3|7:4|7:5|7:6|7:7|7:8|7:9|8:4|8:9|9:9,433
522,2250,0.48369369369369364,3.0,3.0,0.0050776287313791316,3.005077628731378,64,victory,1,0,,0,32,27,0:0|1:0|2:0|3:0|3:1|3:2|4:2|4:3|4:4|5:0|5:1|5:2|5:4|6:1|6:2|6:4|7:2|7:3|7:4|7:5|7:6|7:7|7:8|7:9|8:8|8:9|9:9,433
523,2251,0.48270270270270277,3.0,3.0,0.004121892387141967,3.0041218923871416,53,victory,1,0,,0,27,24,0:0|0:1|0:2|1:2|2:2|3:0|3:1|3:2|4:2|5:0|5:1|5:2|6:1|6:2|7:2|7:3|7:4|7:5|7:6|7:7|7:8|7:9|8:9|9:9,433
524,2252,0.4817117117117118,3.0,3.0,0.003621733218180744,3.0036217332181803,41,victory,1,0,,0,27,25,0:0|1:0|2:0|2:2|2:3|3:0|3:1|3:2|4:2|5:0|5:1|5:2|6:1|6:2|6:9|7:2|7:3|7:4|7:5|7:6|7:7|7:8|7:9|8:9|9:9,433
525,2253,0.4807207207207208,3.0,3.0,0.003088890505706125,3.0030888905057056,35,victory,1,0,,0,24,22,0:0|1:0|2:0|3:0|3:1|3:2|4:2|5:0|5:1|5:2|6:2|6:7|7:2|7:3|7:4|7:5|7:6|7:7|7:8|7:9|8:9|9:9,433
526,2254,0.4797297297297297,3.0,3.0,0.0049343065539754,3.0049343065539746,63,victory,1,0,,0,28,27,0:0|1:0|2:0|3:0|3:1|3:2|4:2|5:0|5:1|5:2|5:9|6:0|6:1|6:2|6:9|7:2|7:3|7:4|7:5|7:6|7:7|7:8|7:9|8:7|8:9|9:7|9:9,433
527,2255,0.47873873873873873,3.0,3.0,0.003084455482099849,3.0030844554821003,35,victory,1,0,,0,25,25,0:0|1:0|2:0|3:0|3:1|3:2|4:2|5:0|5:1|5:2|6:0|6:1|6:2|6:9|7:0|7:2|7:3|7:4|7:5|7:6|7:7|7:8|7:9|8:9|9:9,433
528,2256,0.47774774774774775,3.0,3.0,0.003488046888862397,3.0034880468888616,40,victory,1,0,,0,26,24,0:0|1:0|2:0|3:0|3:1|3:2|4:2|5:0|5:1|5:2|6:2|7:2|7:3|7:4|7:5|7:6|7:7|7:8|7:9|8:7|8:8|8:9|9:7|9:9,433
529,2257,0.47675675675675677,3.0,3.0,0.005331850167506441,3.005331850167506,66,victory,1,0,,0,33,28,0:0|1:0|2:0|2:2|3:0|3:1|3:2|4:2|5:0|5:1|5:2|5:8|6:1|6:2|6:7|6:8|6:9|7:2|7:3|7:4|7:5|7:6|7:7|7:8|7:9|8:8|8:9|9:9,433
530,2258,0.4757657657657658,3.0,3.0,0.005270782188435614,3.0052707821884352,71,victory,1,0,,0,27,23,0:0|1:0|2:0|3:0|3:1|3:2|4:2|5:0|5:1|5:2|6:1|6:2|7:2|7:3|7:4|7:5|7:6|7:7|7:8|7:9|8:5|8:9|9:9,433
531,2259,0.4747747747747747,3.0,3.0,0.004618067347355971,3.004618067347356,55,victory,1,0,,0,32,28,0:0|1:0|1:2|2:0|2:2|3:0|3:1|3:2|4:2|5:0|5:1|5:2|6:0|6:1|6:2|7:2|7:3|7:4|7:5|7:6|7:7|7:8|7:9|8:7|8:8|8:9|9:7|9:9,433
532,2260,0.47378378378378383,3.0,3.0,0.0034181798275874703,3.0034181798275874,38,victory,1,0,,0,28,26,0:0|1:0|2:0|3:0|3:1|3:2|4:2|5:0|5:1|5:2|6:0|6:1|6:2|6:7|6:9|7:2|7:3|7:4|7:5|7:6|7:7|7:8|7:9|8:5|8:9|9:9,433
533,2261,0.47279279279279285,3.0,3.0,0.0033120575702937373,3.0033120575702936,39,victory,1,0,,0,24,22,0:0|1:0|2:0|3:0|3:1|3:2|4:2|5:0|5:1|5:2|6:2|7:2|7:3|7:4|7:5|7:6|7:7|7:8|7:9|8:4|8:9|9:9,433
534,2262,0.47180180180180187,3.0,3.0,0.003456778929843733,3.003456778929844,41,victory,1,0,,0,25,22,0:0|1:0|2:0|3:0|3:1|3:2|4:2|5:0|5:1|5:2|6:1|6:2|7:2|7:3|7:4|7:5|7:6|7:7|7:8|7:9|8:9|9:9,433
535,2263,0.4708108108108108,3.0,3.0,0.003346587516455813,3.0033465875164556,38,victory,1,0,,0,26,24,0:0|0:1|0:2|1:2|2:2|3:2|4:2|5:0|5:1|5:2|6:2|7:2|7:3|7:4|7:5|7:6|7:7|7:8|7:9|8:4|8:5|8:9|9:4|9:9,433
536,2264,0.4698198198198198,3.0,3.0,0.0035697925972127,3.0035697925972125,42,victory,1,0,,0,26,24,0:0|1:0|2:0|2:2|3:0|3:1|3:2|4:2|5:0|5:1|5:2|6:1|6:2|7:2|7:3|7:4|7:5|7:6|7:7|7:8|7:9|8:5|8:9|9:9,433
537,2265,0.4688288288288288,3.0,3.0,0.003929491536376276,3.0039294915363763,49,victory,1,0,,0,27,25,0:0|0:1|0:2|1:2|2:2|2:3|3:2|4:2|5:0|5:1|5:2|6:0|6:1|6:2|7:2|7:3|7:4|7:5|7:6|7:7|7:8|7:9|8:4|8:9|9:9,433
538,2266,0.46783783783783783,3.0,3.0,0.004092116044956587,3.004092116044956,50,victory,1,0,,0,27,25,0:0|1:0|2:0|3:0|3:1|3:2|4:2|5:0|5:1|5:2|6:1|6:2|6:4|7:2|7:3|7:4|7:5|7:6|7:7|7:8|7:9|8:4|8:5|8:9|9:9,433
539,2267,0.46684684684684685,3.0,3.0,0.002499156383156272,3.0024991563831565,26,victory,1,0,,0,24,22,0:0|1:0|2:0|3:0|3:1|3:2|4:2|5:0|5:1|5:2|6:2|7:2|7:3|7:4|7:5|7:6|7:7|7:8|7:9|8:8|8:9|9:9,433
540,2268,0.46585585585585576,3.0,3.0,0.0048397942679089334,3.004839794267909,60,victory,1,0,,0,31,29,0:0|0:1|1:0|2:0|2:2|3:0|3:1|3:2|4:2|4:3|5:0|5:1|5:2|6:2|6:4|6:7|7:2|7:3|7:4|7:5|7:6|7:7|7:8|7:9|8:4|8:5|8:9|9:5|9:9,433
541,2269,0.4648648648648649,3.0,3.0,0.0036225768350244716,3.003622576835024,41,victory,1,0,,0,28,25,0:0|1:0|2:0|3:0|3:1|3:2|4:2|5:0|5:1|5:2|5:8|5:9|6:2|6:8|6:9|7:2|7:3|7:4|7:5|7:6|7:7|7:8|7:9|8:9|9:9,433
542,2270,0.4638738738738739,3.0,3.0,0.0033336498814253946,3.0033336498814256,38,victory,1,0,,0,26,24,0:0|0:1|0:2|1:2|2:2|2:3|3:1|3:2|4:2|5:0|5:1|5:2|6:2|7:2|7:3|7:4|7:5|7:6|7:7|7:8|7:9|8:7|8:9|9:9,433
543,2271,0.46288288288288293,3.0,3.0,0.005929551681735357,3.005929551681735,79,victory,1,0,,0,33,29,0:0|0:1|0:2|1:0|1:2|2:0|2:2|3:0|3:1|3:2|4:2|5:0|5:1|5:2|6:1|6:2|6:7|6:8|6:9|7:2|7:3|7:4|7:5|7:6|7:7|7:8|7:9|8:9|9:9,433
544,2272,0.46189189189189195,3.0,3.0,0.002944131129986855,3.0029441311299863,33,victory,1,0,,0,23,21,0:0|1:0|2:0|3:0|3:1|3:2|4:2|5:0|5:1|5:2|6:2|7:2|7:3|7:4|7:5|7:6|7:7|7:8|7:9|8:9|9:9,433
545,2273,0.46090090090090086,3.0,3.0,0.0029690234444311983,3.0029690234444306,32,victory,1,0,,0,26,24,0:0|1:0|2:0|3:0|3:1|3:2|4:2|5:0|5:1|5:2|6:0|6:2|6:9|7:0|7:2|7:3|7:4|7:5|7:6|7:7|7:8|7:9|8:9|9:9,433
546,2274,0.4599099099099099,3.0,3.0,0.002553553390593274,3.0025535533905936,27,victory,1,0,,0,23,21,0:0|1:0|2:0|3:0|3:1|3:2|4:2|5:0|5:1|5:2|6:2|7:2|7:3|7:4|7:5|7:6|7:7|7:8|7:9|8:9|9:9,433
547,2275,0.4589189189189189,3.0,3.0,0.0033173362107437425,3.0033173362107437,38,victory,1,0,,0,25,23,0:0|1:0|2:0|3:0|3:1|3:2|4:2|4:3|5:0|5:1|5:2|6:2|7:2|7:3|7:4|7:5|7:6|7:7|7:8|7:9|8:7|8:9|9:9,433
548,2276,0.4579279279279279,3.0,3.0,0.0034537260161838523,3.0034537260161835,40,victory,1,0,,0,27,24,0:0|1:0|2:0|3:0|3:1|3:2|4:2|4:3|5:0|5:1|5:2|6:1|6:2|7:2|7:3|7:4|7:5|7:6|7:7|7:8|7:9|8:8|8:9|9:9,433
549,2277,0.45693693693693693,3.0,3.0,0.0036905032753313553,3.0036905032753314,44,victory,1,0,,0,26,24,0:0|1:0|2:0|3:0|3:1|3:2|4:2|5:0|5:1|5:2|6:1|6:2|7:2|7:3|7:4|7:5|7:6|7:7|7:8|7:9|8:7|8:9|9:7|9:9,433
550,2278,0.45594594594594595,3.0,3.0,0.004457070333293596,3.0044570703332933,52,victory,1,0,,0,31,27,0:0|1:0|2:0|2:2|2:3|3:0|3:1|3:2|4:2|5:0|5:1|5:2|6:0|6:1|6:2|6:7|7:0|7:2|7:3|7:4|7:5|7:6|7:7|7:8|7:9|8:9|9:9,433
551,2279,0.45495495495495497,3.0,3.0,0.0034803118619434344,3.003480311861943,39,victory,1,0,,0,27,24,0:0|1:0|2:0|3:0|3:1|3:2|4:2|5:0|5:1|5:2|6:2|7:2|7:3|7:4|7:5|7:6|7:7|7:8|7:9|8:7|8:8|8:9|9:8|9:9,433
552,2280,0.453963963963964,3.0,3.0,0.0024828427124746195,3.0024828427124746,26,victory,1,0,,0,23,21,0:0|1:0|2:0|3:0|3:1|3:2|4:2|5:0|5:1|5:2|6:2|7:2|7:3|7:4|7:5|7:6|7:7|7:8|7:9|8:9|9:9,433
553,2281,0.452972972972973,3.0,3.0,0.003409601183824779,3.003409601183825,38,victory,1,0,,0,27,25,0:0|1:0|2:0|3:0|3:1|3:2|4:2|5:0|5:1|5:2|6:1|6:2|6:8|6:9|7:2|7:3|7:4|7:5|7:6|7:7|7:8|7:9|8:7|8:9|9:9,433
554,2282,0.45198198198198203,3.0,3.0,0.004129468245099707,3.0041294682450994,47,victory,1,0,,0,31,31,0:0|1:0|2:0|3:0|3:1|3:2|4:2|5:0|5:1|5:2|5:8|5:9|6:0|6:1|6:2|6:8|6:9|7:2|7:3|7:4|7:5|7:6|7:7|7:8|7:9|8:4|8:5|8:9|9:4|9:5|9:9,433
555,2283,0.45099099099099094,3.0,3.0,0.0037217332181807435,3.00372173321818,42,victory,1,0,,0,28,25,0:0|1:0|2:0|3:0|3:1|3:2|4:2|5:0|5:1|5:2|6:2|6:7|6:8|6:9|7:2|7:3|7:4|7:5|7:6|7:7|7:8|7:9|8:4|8:9|9:9,433
556,2284,0.44999999999999996,3.0,3.0,0.0031043225433747762,3.0031043225433747,36,victory,1,0,,0,23,21,0:0|1:0|2:0|3:0|3:1|3:2|4:2|5:0|5:1|5:2|6:2|7:2|7:3|7:4|7:5|7:6|7:7|7:8|7:9|8:9|9:9,433
557,2285,0.449009009009009,3.0,3.0,0.002926758471350161,3.00292675847135,32,victory,1,0,,0,25,24,0:0|1:0|2:0|3:0|3:1|3:2|4:2|5:0|5:1|5:2|6:0|6:1|6:2|7:2|7:3|7:4|7:5|7:6|7:7|7:8|7:9|8:5|8:9|9:9,433
558,2286,0.448018018018018,3.0,3.0,0.003762901187137465,3.0037629011871374,42,victory,1,0,,0,31,26,0:0|1:0|2:0|3:0|3:1|3:2|4:2|5:0|5:1|5:2|6:2|6:8|7:2|7:3|7:4|7:5|7:6|7:7|7:8|7:9|8:4|8:7|8:8|8:9|9:7|9:9,433
559,2287,0.4470270270270271,3.0,3.0,0.0041072311797105835,3.0041072311797103,54,victory,1,0,,0,25,23,0:0|1:0|2:0|2:2|3:0|3:1|3:2|4:2|5:0|5:1|5:2|6:2|7:2|7:3|7:4|7:5|7:6|7:7|7:8|7:9|8:5|8:9|9:9,433
560,2288,0.44603603603603603,3.0,3.0,0.004180484487534014,3.0041804844875344,50,victory,1,0,,0,29,25,0:0|1:0|2:0|3:0|3:1|3:2|4:2|5:0|5:1|5:2|5:7|6:2|6:7|6:8|6:9|7:2|7:3|7:4|7:5|7:6|7:7|7:8|7:9|8:9|9:9,433
561,2289,0.44504504504504505,3.0,3.0,0.004079468245099706,3.0040794682450995,47,victory,1,0,,0,30,26,0:0|0:1|0:2|1:2|2:2|3:2|4:2|5:0|5:1|5:2|6:1|6:2|6:8|6:9|7:2|7:3|7:4|7:5|7:6|7:7|7:8|7:9|8:5|8:9|9:5|9:9,433
562,2290,0.44405405405405407,3.0,3.0,0.004074189604649702,3.0040741896046503,48,victory,1,0,,0,29,26,0:0|1:0|2:0|3:0|3:1|3:2|4:2|5:0|5:1|5:2|5:8|5:9|6:2|6:8|6:9|7:2|7:3|7:4|7:5|7:6|7:7|7:8|7:9|8:8|8:9|9:9,433
563,2291,0.4430630630630631,3.0,3.0,0.0033173362107437425,3.0033173362107437,38,victory,1,0,,0,25,23,0:0|1:0|2:0|3:0|3:1|3:2|4:2|5:0|5:1|5:2|6:2|6:7|7:2|7:3|7:4|7:5|7:6|7:7|7:8|7:9|8:4|8:9|9:9,433
564,2292,0.4420720720720721,3.0,3.0,0.004060545907915974,3.0040605459079153,49,victory,1,0,,0,28,26,0:0|0:1|0:2|1:2|2:2|3:2|4:2|4:3|5:0|5:1|5:2|6:1|6:2|7:2|7:3|7:4|7:5|7:6|7:7|7:8|7:9|8:7|8:8|8:9|9:7|9:9,433
565,2293,0.441081081081081,3.0,3.0,0.003629468245099707,3.003629468245099,42,victory,1,0,,0,26,25,0:0|1:0|2:0|3:0|3:1|3:2|4:2|5:0|5:1|5:2|6:0|6:1|6:2|7:2|7:3|7:4|7:5|7:6|7:7|7:8|7:9|8:5|8:8|8:9|9:9,433
566,2294,0.44009009009009004,3.0,3.0,0.003892443896299398,3.003892443896299,44,victory,1,0,,0,29,27,0:0|1:0|2:0|3:0|3:1|3:2|4:2|5:0|5:1|5:2|6:2|6:4|6:7|6:8|6:9|7:2|7:3|7:4|7:5|7:6|7:7|7:8|7:9|8:4|8:5|8:9|9:9,433
567,2295,0.43909909909909906,3.0,3.0,0.003687203272018669,3.003687203272018,43,victory,1,0,,0,26,23,0:0|1:0|2:0|3:0|3:1|3:2|4:2|5:0|5:1|5:2|6:2|6:9|7:2|7:3|7:4|7:5|7:6|7:7|7:8|7:9|8:8|8:9|9:9,433
568,2296,0.4381081081081082,3.0,3.0,0.004482693784350169,3.0044826937843503,56,victory,1,0,,0,27,23,0:0|1:0|2:0|2:2|3:0|3:1|3:2|4:2|5:0|5:1|5:2|6:1|6:2|7:2|7:3|7:4|7:5|7:6|7:7|7:8|7:9|8:9|9:9,433
569,2297,0.4371171171171172,3.0,3.0,0.002612132034355964,3.002612132034356,27,victory,1,0,,0,25,23,0:0|0:1|0:2|1:2|2:2|3:2|4:2|5:0|5:1|5:2|6:1|6:2|7:2|7:3|7:4|7:5|7:6|7:7|7:8|7:9|8:8|8:9|9:9,433
570,2298,0.4361261261261261,3.0,3.0,0.0036197925972127004,3.0036197925972123,42,victory,1,0,,0,27,25,0:0|1:0|2:0|3:0|3:1|3:2|4:2|5:0|5:1|5:2|6:0|6:1|6:2|6:4|7:2|7:3|7:4|7:5|7:6|7:7|7:8|7:9|8:4|8:9|9:9,433
571,2299,0.43513513513513513,3.0,3.0,0.0031200396868655052,3.0031200396868654,36,victory,1,0,,0,25,23,0:0|1:0|2:0|3:0|3:1|3:2|4:2|5:0|5:1|5:2|6:0|6:1|6:2|7:2|7:3|7:4|7:5|7:6|7:7|7:8|7:9|8:9|9:9,433
572,2300,0.43414414414414415,3.0,3.0,0.006040228293829307,3.006040228293828,80,victory,1,0,,0,34,28,0:0|1:0|2:0|3:0|3:1|3:2|4:2|5:0|5:1|5:2|6:0|6:1|6:2|6:7|7:0|7:2|7:3|7:4|7:5|7:6|7:7|7:8|7:9|8:4|8:5|8:8|8:9|9:9,433
573,2301,0.43315315315315317,3.0,3.0,0.002834455482099849,3.002834455482099,32,victory,1,0,,0,23,21,0:0|0:1|0:2|1:2|2:2|3:2|4:2|5:0|5:1|5:2|6:2|7:2|7:3|7:4|7:5|7:6|7:7|7:8|7:9|8:9|9:9,433
574,2302,0.4321621621621622,3.0,3.0,0.003926327410748243,3.003926327410748,51,victory,1,0,,0,24,24,0:0|0:1|0:2|1:0|1:2|2:2|3:2|4:2|5:0|5:1|5:2|6:0|6:1|6:2|7:2|7:3|7:4|7:5|7:6|7:7|7:8|7:9|8:9|9:9,433
575,2303,0.4311711711711711,3.0,3.0,0.0046666652194905945,3.0046666652194904,57,victory,1,0,,0,31,28,0:0|1:0|2:0|3:0|3:1|3:2|4:2|5:0|5:1|5:2|6:0|6:1|6:2|6:8|6:9|7:2|7:3|7:4|7:5|7:6|7:7|7:8|7:9|8:4|8:5|8:9|9:4|9:9,433
576,2304,0.4301801801801801,3.0,3.0,0.0030112884175122357,3.003011288417512,32,victory,1,0,,0,27,25,0:0|1:0|2:0|2:2|3:0|3:1|3:2|4:2|5:0|5:1|5:2|6:2|7:2|7:3|7:4|7:5|7:6|7:7|7:8|7:9|8:4|8:8|8:9|9:8|9:9,433
577,2305,0.42918918918918925,3.0,3.0,0.0041164925939000145,3.0041164925938997,47,victory,1,0,,0,31,28,0:0|1:0|2:0|3:0|3:1|3:2|4:2|5:0|5:1|5:2|5:7|5:8|5:9|6:0|6:1|6:2|6:8|6:9|7:2|7:3|7:4|7:5|7:6|7:7|7:8|7:9|8:9|9:9,433
578,2306,0.42819819819819827,3.0,3.0,0.003976015961753899,3.0039760159617535,49,victory,1,0,,0,26,24,0:0|1:0|2:0|3:0|3:1|3:2|4:2|5:0|5:1|5:2|5:4|6:2|6:4|7:2|7:3|7:4|7:5|7:6|7:7|7:8|7:9|8:8|8:9|9:9,433
579,2307,0.4272072072072073,3.0,3.0,0.0040222489836816595,3.0040222489836816,49,victory,1,0,,0,28,25,0:0|1:0|2:0|3:0|3:1|3:2|4:2|5:0|5:1|5:2|6:1|6:2|7:2|7:3|7:4|7:5|7:6|7:7|7:8|7:9|8:4|8:5|8:8|8:9|9:9,433
580,2308,0.4262162162162162,3.0,3.0,0.003793135233110005,3.003793135233109,46,victory,1,0,,0,27,25,0:0|1:0|2:0|3:0|3:1|3:2|4:2|5:0|5:1|5:2|5:4|6:2|6:4|7:2|7:3|7:4|7:5|7:6|7:7|7:8|7:9|8:4|8:9|9:4|9:9,433
581,2309,0.4252252252252252,3.0,3.0,0.003738890505706124,3.003738890505706,42,victory,1,0,,0,30,27,0:0|1:0|2:0|3:0|3:1|3:2|4:2|5:0|5:1|5:2|5:7|5:8|5:9|6:2|6:7|6:9|7:2|7:3|7:4|7:5|7:6|7:7|7:8|7:9|8:7|8:9|9:9,433
582,2310,0.42423423423423423,3.0,3.0,0.003139734122549853,3.0031397341225494,34,victory,1,0,,0,27,24,0:0|1:0|2:0|3:0|3:1|3:2|4:2|5:0|5:1|5:2|6:1|6:2|6:8|6:9|7:2|7:3|7:4|7:5|7:6|7:7|7:8|7:9|8:9|9:9,433
583,2311,0.42324324324324325,3.0,3.0,0.003882940874002972,3.0038829408740026,48,victory,1,0,,0,25,24,0:0|1:0|2:0|3:0|3:1|3:2|4:2|4:3|5:0|5:1|5:2|6:1|6:2|7:2|7:3|7:4|7:5|7:6|7:7|7:8|7:9|8:5|8:9|9:9,433
584,2312,0.42225225225225227,3.0,3.0,0.002910444800668508,3.0029104448006683,32,victory,1,0,,0,24,22,0:0|1:0|2:0|3:0|3:1|3:2|4:2|5:0|5:1|5:2|6:2|7:2|7:3|7:4|7:5|7:6|7:7|7:8|7:9|8:5|8:9|9:9,433
585,2313,0.4212612612612612,3.0,3.0,0.0026405777393935814,3.0026405777393936,28,victory,1,0,,0,24,22,0:0|1:0|2:0|3:0|3:1|3:2|4:2|5:0|5:1|5:2|6:0|6:2|7:2|7:3|7:4|7:5|7:6|7:7|7:8|7:9|8:9|9:9,433
586,2314,0.4202702702702703,3.0,3.0,0.0033827682484123926,3.0033827682484127,40,victory,1,0,,0,24,22,0:0|1:0|2:0|3:0|3:1|3:2|4:2|5:0|5:1|5:2|6:2|7:2|7:3|7:4|7:5|7:6|7:7|7:8|7:9|8:8|8:9|9:9,433
587,2315,0.4192792792792793,3.0,3.0,0.004136359655174942,3.004136359655175,49,victory,1,0,,0,28,22,0:0|1:0|2:0|3:0|3:1|3:2|4:2|5:0|5:1|5:2|6:2|6:8|7:2|7:3|7:4|7:5|7:6|7:7|7:8|7:9|8:9|9:9,433
588,2316,0.41828828828828835,3.0,3.0,0.004075190568856647,3.004075190568856,50,victory,1,0,,0,28,24,0:0|1:0|2:0|3:0|3:1|3:2|4:2|5:0|5:1|5:2|5:9|6:2|6:8|6:9|7:2|7:3|7:4|7:5|7:6|7:7|7:8|7:9|8:9|9:9,433
589,2317,0.41729729729729736,3.0,3.0,0.00330960118382478,3.0033096011838243,38,victory,1,0,,0,25,22,0:0|1:0|2:0|3:0|3:1|3:2|4:2|5:0|5:1|5:2|6:2|7:2|7:3|7:4|7:5|7:6|7:7|7:8|7:9|8:7|8:9|9:9,433
590,2318,0.4163063063063063,3.0,3.0,0.003659139266055161,3.0036591392660554,45,victory,1,0,,0,25,22,0:0|0:1|0:2|1:0|1:2|2:2|3:2|4:2|5:0|5:1|5:2|6:2|7:2|7:3|7:4|7:5|7:6|7:7|7:8|7:9|8:9|9:9,433
591,2319,0.4153153153153153,3.0,3.0,0.0040791023775876185,3.0040791023775872,50,victory,1,0,,0,27,24,0:0|1:0|2:0|3:0|3:1|3:2|4:2|4:3|5:0|5:1|5:2|6:2|7:2|7:3|7:4|7:5|7:6|7:7|7:8|7:9|8:7|8:8|8:9|9:9,433
592,2320,0.4143243243243243,3.0,3.0,0.0027690234444311987,3.002769023444431,30,victory,1,0,,0,24,24,0:0|1:0|2:0|3:0|3:1|3:2|4:2|5:0|5:1|5:2|6:0|6:1|6:2|7:2|7:3|7:4|7:5|7:6|7:7|7:8|7:9|8:7|8:9|9:9,433
593,2321,0.41333333333333333,3.0,3.0,0.0031181798275874708,3.003118179827587,35,victory,1,0,,0,25,23,0:0|1:0|2:0|3:0|3:1|3:2|4:2|4:3|5:0|5:1|5:2|6:2|6:9|7:2|7:3|7:4|7:5|7:6|7:7|7:8|7:9|8:9|9:9,433
594,2322,0.41234234234234235,3.0,3.0,0.0039440946820939035,3.003944094682093,48,victory,1,0,,0,25,23,0:0|1:0|2:0|2:2|3:0|3:1|3:2|4:2|5:0|5:1|5:2|6:1|6:2|7:2|7:3|7:4|7:5|7:6|7:7|7:8|7:9|8:9|9:9,433
595,2323,0.41135135135135137,3.0,3.0,0.004282081978931882,3.004282081978932,54,victory,1,0,,0,27,22,0:0|1:0|2:0|3:0|3:1|3:2|4:2|5:0|5:1|5:2|6:1|6:2|7:2|7:3|7:4|7:5|7:6|7:7|7:8|7:9|8:9|9:9,433
596,2324,0.4103603603603604,3.0,3.0,0.003601022540062089,3.003601022540062,41,victory,1,0,,0,27,24,0:0|1:0|2:0|3:0|3:1|3:2|4:2|5:0|5:1|5:2|6:1|6:2|7:2|7:3|7:4|7:5|7:6|7:7|7:8|7:9|8:4|8:8|8:9|9:9,433
597,2325,0.4093693693693694,3.0,3.0,0.0034750712376627043,3.0034750712376628,40,victory,1,0,,0,26,23,0:0|1:0|2:0|3:0|3:1|3:2|4:2|4:3|5:0|5:1|5:2|6:1|6:2|7:2|7:3|7:4|7:5|7:6|7:7|7:8|7:9|8:9|9:9,433
598,2326,0.4083783783783784,3.0,3.0,0.002811288417512236,3.0028112884175124,30,victory,1,0,,0,25,23,0:0|1:0|2:0|3:0|3:1|3:2|4:2|5:0|5:1|5:2|6:2|7:2|7:3|7:4|7:5|7:6|7:7|7:8|7:9|8:7|8:8|8:9|9:9,433
599,2327,0.40738738738738733,3.0,3.0,0.003288046888862397,3.003288046888862,39,victory,1,0,,0,23,22,0:0|1:0|2:0|3:0|3:1|3:2|4:2|5:0|5:1|5:2|6:1|6:2|7:2|7:3|7:4|7:5|7:6|7:7|7:8|7:9|8:9|9:9,433
600,2328,0.40639639639639635,3.0,3.0,0.004320045984493289,3.0043200459844925,51,victory,1,0,,0,29,25,0:0|0:1|0:2|1:0|1:2|2:2|3:2|4:2|5:0|5:1|5:2|6:1|6:2|6:8|6:9|7:2|7:3|7:4|7:5|7:6|7:7|7:8|7:9|8:9|9:9,433
601,2329,0.4054054054054054,3.0,3.0,0.004587128807956445,3.0045871288079553,56,victory,1,0,,0,28,26,0:0|0:1|1:0|2:0|3:0|3:1|3:2|4:2|5:0|5:1|5:2|5:4|6:1|6:2|6:4|6:7|7:2|7:3|7:4|7:5|7:6|7:7|7:8|7:9|8:9|9:9,433
602,2330,0.4044144144144144,3.0,3.0,0.004146551068562862,3.004146551068562,51,victory,1,0,,0,26,24,0:0|1:0|2:0|3:0|3:1|3:2|4:2|5:0|5:1|5:2|6:1|6:2|6:7|7:2|7:3|7:4|7:5|7:6|7:7|7:8|7:9|8:5|8:9|9:9,433
603,2331,0.4034234234234234,3.0,3.0,0.0035924438962993987,3.0035924438962986,41,victory,1,0,,0,26,23,0:0|1:0|2:0|3:0|3:1|3:2|4:2|5:0|5:1|5:2|6:0|6:2|6:7|7:2|7:3|7:4|7:5|7:6|7:7|7:8|7:9|8:9|9:9,433
604,2332,0.40243243243243243,3.0,3.0,0.0030104448006685078,3.003010444800669,33,victory,1,0,,0,25,22,0:0|0:1|0:2|1:2|2:2|3:2|4:2|5:0|5:1|5:2|6:1|6:2|7:2|7:3|7:4|7:5|7:6|7:7|7:8|7:9|8:9|9:9,433
605,2333,0.40144144144144145,3.0,3.0,0.004168948980368973,3.004168948980369,50,victory,1,0,,0,29,26,0:0|1:0|2:0|3:0|3:1|3:2|4:2|4:3|5:0|5:1|5:2|6:1|6:2|6:7|7:2|7:3|7:4|7:5|7:6|7:7|7:8|7:9|8:4|8:5|8:9|9:9,433
606,2334,0.40045045045045047,3.0,3.0,0.004010370336606282,3.004010370336606,48,victory,1,0,,0,27,24,0:0|1:0|2:0|3:0|3:1|3:2|4:2|5:0|5:1|5:2|6:2|6:8|6:9|7:2|7:3|7:4|7:5|7:6|7:7|7:8|7:9|8:4|8:9|9:9,433
607,2335,0.3994594594594595,3.0,3.0,0.0035518661569058168,3.003551866156906,39,victory,1,0,,0,29,27,0:0|0:1|0:2|1:0|1:2|2:0|2:2|2:3|3:0|3:2|4:2|5:0|5:1|5:2|6:2|6:4|6:9|7:2|7:3|7:4|7:5|7:6|7:7|7:8|7:9|8:9|9:9,433
608,2336,0.3984684684684685,3.0,3.0,0.0031949747468305824,3.0031949747468305,34,victory,1,0,,0,28,24,0:0|1:0|2:0|3:0|3:1|3:2|4:2|5:0|5:1|5:2|6:1|6:2|7:2|7:3|7:4|7:5|7:6|7:7|7:8|7:9|8:5|8:8|8:9|9:9,433
609,2337,0.3974774774774774,3.0,3.0,0.0031734204518681997,3.0031734204518683,35,victory,1,0,,0,26,23,0:0|1:0|2:0|3:0|3:1|3:2|4:2|5:0|5:1|5:2|6:1|6:2|7:2|7:3|7:4|7:5|7:6|7:7|7:8|7:9|8:8|8:9|9:9,433
610,2338,0.39648648648648643,3.0,3.0,0.004734344570144675,3.004734344570144,60,victory,1,0,,0,27,23,0:0|1:0|2:0|3:0|3:1|3:2|4:2|5:0|5:1|5:2|6:2|6:9|7:2|7:3|7:4|7:5|7:6|7:7|7:8|7:9|8:4|8:9|9:9,433
611,2339,0.39549549549549545,3.0,3.0,0.0038875849710927777,3.0038875849710927,48,victory,1,0,,0,26,23,0:0|1:0|2:0|3:0|3:1|3:2|4:2|4:3|5:0|5:1|5:2|6:2|7:2|7:3|7:4|7:5|7:6|7:7|7:8|7:9|8:5|8:9|9:9,433
612,2340,0.39450450450450447,3.0,3.0,0.0040863216390056665,3.0040863216390052,49,victory,1,0,,0,27,25,0:0|1:0|2:0|2:2|3:0|3:1|3:2|4:2|5:0|5:1|5:2|5:9|6:1|6:2|6:9|7:2|7:3|7:4|7:5|7:6|7:7|7:8|7:9|8:9|9:9,433
613,2341,0.3935135135135136,3.0,3.0,0.0027397341225498533,3.0027397341225504,30,victory,1,0,,0,23,21,0:0|1:0|2:0|3:0|3:1|3:2|4:2|5:0|5:1|5:2|6:2|7:2|7:3|7:4|7:5|7:6|7:7|7:8|7:9|8:9|9:9,433
614,2342,0.3925225225225225,3.0,3.0,0.0032052041763877778,3.003205204176388,37,victory,1,0,,0,25,23,0:0|1:0|2:0|2:2|3:0|3:1|3:2|4:2|4:3|5:0|5:1|5:2|6:2|7:2|7:3|7:4|7:5|7:6|7:7|7:8|7:9|8:9|9:9,433
615,2343,0.39153153153153153,3.0,3.0,0.003421733218180744,3.00342173321818,39,victory,1,0,,0,25,23,0:0|0:1|0:2|1:2|2:2|3:2|4:2|5:0|5:1|5:2|6:2|7:2|7:3|7:4|7:5|7:6|7:7|7:8|7:9|8:5|8:8|8:9|9:9,433
616,2344,0.39054054054054055,3.0,3.0,0.003175914854506433,3.0031759148545065,36,victory,1,0,,0,25,23,0:0|0:1|1:0|2:0|3:0|3:1|3:2|4:2|5:0|5:1|5:2|6:1|6:2|7:2|7:3|7:4|7:5|7:6|7:7|7:8|7:9|8:9|9:9,433
617,2345,0.38954954954954957,3.0,3.0,0.0033388905057061243,3.003338890505706,37,victory,1,0,,0,27,24,0:0|1:0|2:0|2:2|3:0|3:1|3:2|4:2|5:0|5:1|5:2|6:1|6:2|6:4|7:2|7:3|7:4|7:5|7:6|7:7|7:8|7:9|8:9|9:9,433
618,2346,0.3885585585585586,3.0,3.0,0.0031518661569058175,3.003151866156906,35,victory,1,0,,0,25,22,0:0|1:0|2:0|3:0|3:1|3:2|4:2|5:0|5:1|5:2|6:1|6:2|7:2|7:3|7:4|7:5|7:6|7:7|7:8|7:9|8:9|9:9,433
619,2347,0.3875675675675675,3.0,3.0,0.004689817005850843,3.0046898170058496,58,victory,1,0,,0,31,28,0:0|1:0|2:0|2:2|3:0|3:1|3:2|4:2|4:9|5:0|5:1|5:2|5:9|6:1|6:2|6:7|6:9|7:2|7:3|7:4|7:5|7:6|7:7|7:8|7:9|8:5|8:9|9:9,433
620,2348,0.3865765765765765,3.0,3.0,0.00320960118382478,3.0032096011838245,36,victory,1,0,,0,25,22,0:0|1:0|2:0|3:0|3:1|3:2|4:2|5:0|5:1|5:2|6:2|6:8|7:2|7:3|7:4|7:5|7:6|7:7|7:8|7:9|8:9|9:9,433
621,2349,0.38558558558558564,3.0,3.0,0.0035173362107437413,3.003517336210744,40,victory,1,0,,0,27,25,0:0|1:0|2:0|3:0|3:1|3:2|4:2|5:0|5:1|5:2|6:1|6:2|7:2|7:3|7:4|7:5|7:6|7:7|7:8|7:9|8:5|8:8|8:9|9:8|9:9,433
622,2350,0.38459459459459466,3.0,3.0,0.003593287513143127,3.0035932875131426,40,victory,1,0,,0,28,27,0:0|1:0|2:0|3:0|3:1|3:2|4:2|5:0|5:1|5:2|6:1|6:2|6:7|6:8|6:9|7:2|7:3|7:4|7:5|7:6|7:7|7:8|7:9|8:5|8:9|9:5|9:9,433
623,2351,0.3836036036036037,3.0,3.0,0.0038534789265310472,3.0038534789265308,45,victory,1,0,,0,28,25,0:0|1:0|2:0|3:0|3:1|3:2|4:2|4:3|5:0|5:1|5:2|6:0|6:1|6:2|7:2|7:3|7:4|7:5|7:6|7:7|7:8|7:9|8:8|8:9|9:9,433
624,2352,0.3826126126126126,3.0,3.0,0.003288046888862397,3.003288046888862,38,victory,1,0,,0,24,22,0:0|1:0|2:0|3:0|3:1|3:2|4:2|5:0|5:1|5:2|6:1|6:2|7:2|7:3|7:4|7:5|7:6|7:7|7:8|7:9|8:9|9:9,433
625,2353,0.3816216216216216,3.0,3.0,0.003616492593900014,3.003616492593899,42,victory,1,0,,0,26,24,0:0|1:0|2:0|3:0|3:1|3:2|4:2|5:0|5:1|5:2|6:1|6:2|6:7|7:2|7:3|7:4|7:5|7:6|7:7|7:8|7:9|8:8|8:9|9:9,433
626,2354,0.38063063063063063,3.0,3.0,0.003624227620818977,3.0036242276208185,43,victory,1,0,,0,25,23,0:0|1:0|2:0|3:0|3:1|3:2|4:2|4:3|5:0|5:1|5:2|6:2|6:4|7:2|7:3|7:4|7:5|7:6|7:7|7:8|7:9|8:9|9:9,433
627,2355,0.37963963963963965,3.0,3.0,0.0032966255326250878,3.0032966255326246,38,victory,1,0,,0,25,23,0:0|1:0|2:0|3:0|3:1|3:2|4:2|5:0|5:1|5:2|6:2|7:2|7:3|7:4|7:5|7:6|7:7|7:8|7:9|8:7|8:8|8:9|9:9,433
628,2356,0.37864864864864867,3.0,3.0,0.0031974691494688155,3.0031974691494687,36,victory,1,0,,0,26,24,0:0|1:0|2:0|3:0|3:1|3:2|4:2|5:0|5:1|5:2|6:2|7:2|7:3|7:4|7:5|7:6|7:7|7:8|7:9|8:4|8:7|8:8|8:9|9:9,433
629,2357,0.3776576576576576,3.0,3.0,0.003538046888862397,3.0035380468888624,40,victory,1,0,,0,27,26,0:0|0:1|0:2|1:2|2:2|2:3|3:2|4:2|4:3|4:4|5:0|5:1|5:2|6:0|6:1|6:2|7:2|7:3|7:4|7:5|7:6|7:7|7:8|7:9|8:9|9:9,433
630,2358,0.3766666666666667,3.0,3.0,0.0026776020881938887,3.002677602088194,29,victory,1,0,,0,24,22,0:0|1:0|2:0|3:0|3:1|3:2|4:2|5:0|5:1|5:2|6:1|6:2|7:2|7:3|7:4|7:5|7:6|7:7|7:8|7:9|8:9|9:9,433
631,2359,0.3756756756756757,3.0,3.0,0.0036294682450997064,3.003629468245099,42,victory,1,0,,0,26,26,0:0|1:0|2:0|3:0|3:1|3:2|4:2|5:0|5:1|5:2|6:0|6:1|6:2|7:2|7:3|7:4|7:5|7:6|7:7|7:8|7:9|8:4|8:5|8:9|9:5|9:9,433
632,2360,0.37468468468468474,3.0,3.0,0.0030397341225498527,3.0030397341225497,33,victory,1,0,,0,26,24,0:0|1:0|2:0|3:0|3:1|3:2|4:2|5:0|5:1|5:2|6:2|6:7|6:9|7:2|7:3|7:4|7:5|7:6|7:7|7:8|7:9|8:7|8:9|9:9,433
633,2361,0.37369369369369376,3.0,3.0,0.0036250712376627043,3.0036250712376624,42,victory,1,0,,0,27,25,0:0|1:0|2:0|2:2|3:0|3:1|3:2|4:2|4:3|5:0|5:1|5:2|6:2|6:7|6:8|7:2|7:3|7:4|7:5|7:6|7:7|7:8|7:9|8:9|9:9,433
634,2362,0.37270270270270267,3.0,3.0,0.0028121320343559636,3.0028121320343564,29,victory,1,0,,0,27,24,0:0|1:0|2:0|3:0|3:1|3:2|4:2|5:0|5:1|5:2|6:2|6:4|7:2|7:3|7:4|7:5|7:6|7:7|7:8|7:9|8:8|8:9|9:8|9:9,433
635,2363,0.3717117117117117,3.0,3.0,0.00375597332916928,3.003755973329169,45,victory,1,0,,0,26,24,0:0|1:0|2:0|2:2|2:3|3:0|3:1|3:2|4:2|5:0|5:1|5:2|6:2|7:2|7:3|7:4|7:5|7:6|7:7|7:8|7:9|8:7|8:9|9:9,433
636,2364,0.3707207207207207,3.0,3.0,0.0033510225400620896,3.0033510225400617,38,victory,1,0,,0,25,22,0:0|1:0|2:0|3:0|3:1|3:2|4:2|5:0|5:1|5:2|6:2|7:2|7:3|7:4|7:5|7:6|7:7|7:8|7:9|8:8|8:9|9:9,433
637,2365,0.36972972972972973,3.0,3.0,0.0034932875131431264,3.003493287513143,39,victory,1,0,,0,27,27,0:0|1:0|2:0|3:0|3:1|3:2|4:2|5:0|5:1|5:2|6:0|6:1|6:2|7:2|7:3|7:4|7:5|7:6|7:7|7:8|7:9|8:4|8:5|8:9|9:3|9:4|9:9,433
638,2366,0.36873873873873875,3.0,3.0,0.002761288417512236,3.0027612884175126,30,victory,1,0,,0,24,21,0:0|1:0|2:0|3:0|3:1|3:2|4:2|5:0|5:1|5:2|6:2|7:2|7:3|7:4|7:5|7:6|7:7|7:8|7:9|8:9|9:9,433
639,2367,0.36774774774774777,3.0,3.0,0.0030877554854125354,3.0030877554854127,35,victory,1,0,,0,26,24,0:0|1:0|2:0|3:0|3:1|3:2|4:2|5:0|5:1|5:2|6:2|7:2|7:3|7:4|7:5|7:6|7:7|7:8|7:9|8:4|8:5|8:8|8:9|9:9,433
640,2368,0.3667567567567568,3.0,3.0,0.0025535533905932735,3.0025535533905936,27,victory,1,0,,0,23,21,0:0|1:0|2:0|3:0|3:1|3:2|4:2|5:0|5:1|5:2|6:2|7:2|7:3|7:4|7:5|7:6|7:7|7:8|7:9|8:9|9:9,433
641,2369,0.3657657657657658,3.0,3.0,0.004060408352775556,3.0040604083527755,49,victory,1,0,,0,27,23,0:0|1:0|2:0|3:0|3:1|3:2|4:2|4:3|5:0|5:1|5:2|6:1|6:2|7:2|7:3|7:4|7:5|7:6|7:7|7:8|7:9|8:9|9:9,433
642,2370,0.3647747747747748,3.0,3.0,0.002540577739393581,3.002540577739394,27,victory,1,0,,0,23,21,0:0|1:0|2:0|3:0|3:1|3:2|4:2|5:0|5:1|5:2|6:2|7:2|7:3|7:4|7:5|7:6|7:7|7:8|7:9|8:9|9:9,433
643,2371,0.36378378378378384,3.0,3.0,0.0030181798275874705,3.0030181798275875,34,victory,1,0,,0,24,23,0:0|1:0|2:0|3:0|3:1|3:2|4:2|5:0|5:1|5:2|6:1|6:2|7:2|7:3|7:4|7:5|7:6|7:7|7:8|7:9|8:8|8:9|9:9,433
644,2372,0.36279279279279275,3.0,3.0,0.0031027097737495453,3.0031027097737493,34,victory,1,0,,0,26,26,0:0|1:0|2:0|3:0|3:1|3:2|4:2|5:0|5:1|5:2|6:0|6:1|6:2|6:7|7:2|7:3|7:4|7:5|7:6|7:7|7:8|7:9|8:7|8:8|8:9|9:9,433
645,2373,0.36180180180180177,3.0,3.0,0.0034587575669810518,3.003458757566981,40,victory,1,0,,0,25,21,0:0|1:0|2:0|3:0|3:1|3:2|4:2|5:0|5:1|5:2|6:2|7:2|7:3|7:4|7:5|7:6|7:7|7:8|7:9|8:9|9:9,433
646,2374,0.3608108108108108,3.0,3.0,0.00320960118382478,3.0032096011838245,37,victory,1,0,,0,24,22,0:0|1:0|2:0|3:0|3:1|3:2|4:2|5:0|5:1|5:2|6:2|6:7|7:2|7:3|7:4|7:5|7:6|7:7|7:8|7:9|8:9|9:9,433
647,2375,0.3598198198198198,3.0,3.0,0.003914633287956638,3.0039146332879563,50,victory,1,0,,0,25,23,0:0|1:0|2:0|3:0|3:1|3:2|4:2|5:0|5:1|5:2|6:2|7:2|7:3|7:4|7:5|7:6|7:7|7:8|7:9|8:7|8:8|8:9|9:9,433
648,2376,0.35882882882882894,3.0,3.0,0.004144938298937631,3.0041449382989374,48,victory,1,0,,0,30,26,0:0|1:0|2:0|2:2|3:0|3:1|3:2|4:2|5:0|5:1|5:2|5:7|5:8|5:9|6:2|6:7|6:9|7:2|7:3|7:4|7:5|7:6|7:7|7:9|8:9|9:9,433
649,2377,0.35783783783783785,3.0,3.0,0.0024698670612749267,3.002469867061275,26,victory,1,0,,0,23,21,0:0|1:0|2:0|3:0|3:1|3:2|4:2|5:0|5:1|5:2|6:2|7:2|7:3|7:4|7:5|7:6|7:7|7:8|7:9|8:9|9:9,433
650,2378,0.35684684684684687,3.0,3.0,0.0036432875131431263,3.0036432875131434,41,victory,1,0,,0,28,24,0:0|1:0|2:0|3:0|3:1|3:2|4:2|5:0|5:1|5:2|6:1|6:2|6:8|6:9|7:2|7:3|7:4|7:5|7:6|7:7|7:8|7:9|8:9|9:9,433
651,2379,0.3558558558558559,3.0,3.0,0.0033158580505398168,3.0033158580505397,39,victory,1,0,,0,24,21,0:0|1:0|2:0|3:0|3:1|3:2|4:2|5:0|5:1|5:2|6:2|7:2|7:3|7:4|7:5|7:6|7:7|7:8|7:9|8:9|9:9,433
652,2380,0.3548648648648649,3.0,3.0,0.0038510225400620888,3.0038510225400623,44,victory,1,0,,0,29,25,0:0|1:0|2:0|3:0|3:1|3:2|4:2|5:0|5:1|5:2|6:2|6:7|6:9|7:2|7:3|7:4|7:5|7:6|7:7|7:8|7:9|8:4|8:9|9:4|9:9,433
653,2381,0.3538738738738739,3.0,3.0,0.0034413468921750835,3.003441346892175,40,victory,1,0,,0,26,25,0:0|1:0|2:0|2:2|3:0|3:1|3:2|4:2|4:3|5:0|5:1|5:2|6:1|6:2|7:2|7:3|7:4|7:5|7:6|7:7|7:8|7:9|8:7|8:9|9:9,433
654,2382,0.35288288288288283,3.0,3.0,0.0031811554787871624,3.003181155478787,35,victory,1,0,,0,26,22,0:0|1:0|2:0|3:0|3:1|3:2|4:2|5:0|5:1|5:2|6:2|7:2|7:3|7:4|7:5|7:6|7:7|7:8|7:9|8:5|8:9|9:9,433
655,2383,0.35189189189189185,3.0,3.0,0.003288890505706125,3.003288890505706,37,victory,1,0,,0,26,23,0:0|1:0|2:0|3:0|3:1|3:2|4:2|5:0|5:1|5:2|6:2|6:4|6:9|7:2|7:3|7:4|7:5|7:6|7:7|7:8|7:9|8:9|9:9,433
656,2384,0.35090090090090087,3.0,3.0,0.0037225768350244715,3.003722576835024,41,victory,1,0,,0,30,26,0:0|0:1|0:2|1:2|2:2|2:3|3:2|4:2|4:3|4:4|5:0|5:1|5:2|6:2|6:8|6:9|7:2|7:3|7:4|7:5|7:6|7:7|7:8|7:9|8:9|9:9,433
657,2385,0.34990990990991,3.0,3.0,0.0031234204518682,3.0031234204518675,34,victory,1,0,,0,26,24,0:0|1:0|2:0|3:0|3:1|3:2|4:2|5:0|5:1|5:2|6:1|6:2|7:2|7:3|7:4|7:5|7:6|7:7|7:8|7:9|8:4|8:7|8:9|9:9,433
658,2386,0.3489189189189189,3.0,3.0,0.0030811554787871626,3.003081155478787,34,victory,1,0,,0,25,25,0:0|0:1|0:2|1:0|1:2|2:2|3:2|4:2|5:0|5:1|5:2|6:0|6:1|6:2|7:2|7:3|7:4|7:5|7:6|7:7|7:8|7:9|8:4|8:9|9:9,433
659,2387,0.3479279279279279,3.0,3.0,0.002753553390593273,3.002753553390593,29,victory,1,0,,0,25,21,0:0|0:1|0:2|1:2|2:2|3:2|4:2|5:0|5:1|5:2|6:2|7:2|7:3|7:4|7:5|7:6|7:7|7:8|7:9|8:9|9:9,433
660,2388,0.34693693693693695,3.0,3.0,0.003081155478787162,3.003081155478787,34,victory,1,0,,0,25,22,0:0|1:0|2:0|3:0|3:1|3:2|4:2|5:0|5:1|5:2|6:2|7:2|7:3|7:4|7:5|7:6|7:7|7:8|7:9|8:8|8:9|9:9,433
661,2389,0.34594594594594597,3.0,3.0,0.0036612519696192845,3.0036612519696186,43,victory,1,0,,0,26,24,0:0|1:0|2:0|3:0|3:1|3:2|4:2|4:3|4:4|5:0|5:1|5:2|6:2|6:7|7:2|7:3|7:4|7:5|7:6|7:7|7:8|7:9|8:9|9:9,433
662,2390,0.344954954954955,3.0,3.0,0.0032421905090188113,3.0032421905090185,37,victory,1,0,,0,26,24,0:0|1:0|2:0|3:0|3:1|3:2|4:2|5:0|5:1|5:2|6:2|6:7|7:2|7:3|7:4|7:5|7:6|7:7|7:8|7:9|8:4|8:5|8:9|9:9,433
663,2391,0.3439639639639639,3.0,3.0,0.003743287513143126,3.003743287513143,42,victory,1,0,,0,29,26,0:0|1:0|2:0|3:0|3:1|3:2|4:2|5:0|5:1|5:2|6:1|6:2|6:8|6:9|7:2|7:3|7:4|7:5|7:6|7:7|7:8|7:9|8:4|8:8|8:9|9:9,433
664,2392,0.3429729729729729,3.0,3.0,0.0030234204518681997,3.0030234204518678,33,victory,1,0,,0,25,23,0:0|1:0|2:0|3:0|3:1|3:2|4:2|5:0|5:1|5:2|6:2|6:8|7:2|7:3|7:4|7:5|7:6|7:7|7:8|7:9|8:8|8:9|9:9,433
665,2393,0.34198198198198193,3.0,3.0,0.003617336210743742,3.003617336210743,41,victory,1,0,,0,28,23,0:0|1:0|2:0|3:0|3:1|3:2|4:2|5:0|5:1|5:2|6:2|6:8|6:9|7:2|7:3|7:4|7:5|7:6|7:7|7:8|7:9|8:9|9:9,433
666,2394,0.34099099099099106,3.0,3.0,0.0029819990956308907,3.0029819990956303,32,victory,1,0,,0,26,23,0:0|1:0|2:0|3:0|3:1|3:2|4:2|5:0|5:1|5:2|6:2|7:2|7:3|7:4|7:5|7:6|7:7|7:8|7:9|8:8|8:9|9:8|9:9,433
667,2395,0.3400000000000001,3.0,3.0,0.0031596011838247798,3.0031596011838246,36,victory,1,0,,0,24,21,0:0|1:0|2:0|3:0|3:1|3:2|4:2|5:0|5:1|5:2|6:2|7:2|7:3|7:4|7:5|7:6|7:7|7:8|7:9|8:9|9:9,433
668,2396,0.339009009009009,3.0,3.0,0.0032104448006685074,3.0032104448006685,35,victory,1,0,,0,27,25,0:0|1:0|2:0|3:0|3:1|3:2|4:2|5:0|5:1|5:2|6:2|6:8|6:9|7:2|7:3|7:4|7:5|7:6|7:7|7:8|7:9|8:4|8:5|8:9|9:9,433
669,2397,0.338018018018018,3.0,3.0,0.003645781915781359,3.0036457819157807,43,victory,1,0,,0,26,24,0:0|1:0|2:0|3:0|3:1|3:2|4:2|5:0|5:1|5:2|6:0|6:1|6:2|6:7|7:2|7:3|7:4|7:5|7:6|7:7|7:8|7:9|8:9|9:9,433
670,2398,0.337027027027027,3.0,3.0,0.00320960118382478,3.0032096011838236,36,victory,1,0,,0,25,23,0:0|1:0|2:0|3:0|3:1|3:2|4:2|5:0|5:1|5:2|6:0|6:2|6:4|7:2|7:3|7:4|7:5|7:6|7:7|7:8|7:9|8:9|9:9,433
671,2399,0.33603603603603605,3.0,3.0,0.0035087575669810515,3.0035087575669817,40,victory,1,0,,0,26,23,0:0|1:0|2:0|3:0|3:1|3:2|4:2|5:0|5:1|5:2|5:9|6:2|6:9|7:2|7:3|7:4|7:5|7:6|7:7|7:8|7:9|8:9|9:9,433
672,2400,0.33504504504504506,3.0,3.0,0.002894974746830583,3.0028949747468303,31,victory,1,0,,0,25,23,0:0|1:0|2:0|2:2|3:0|3:1|3:2|4:2|4:3|5:0|5:1|5:2|6:2|7:2|7:3|7:4|7:5|7:6|7:7|7:8|7:9|8:9|9:9,433
673,2401,0.334054054054054,3.0,3.0,0.003464841808105509,3.003464841808105,38,victory,1,0,,0,28,25,0:0|1:0|2:0|3:0|3:1|3:2|4:2|5:0|5:1|5:2|6:1|6:2|6:7|6:8|7:2|7:3|7:4|7:5|7:6|7:7|7:8|7:9|8:7|8:9|9:9,433
674,2402,0.333063063063063,3.0,3.0,0.004364805360212559,3.004364805360212,53,victory,1,0,,0,28,27,0:0|1:0|2:0|2:2|3:0|3:1|3:2|4:2|5:0|5:1|5:2|6:0|6:1|6:2|6:9|7:2|7:3|7:4|7:5|7:6|7:7|7:8|7:9|8:4|8:8|8:9|9:9,433
675,2403,0.3320720720720721,3.0,3.0,0.0029267584713501614,3.0029267584713493,32,victory,1,0,,0,25,25,0:0|1:0|2:0|3:0|3:1|3:2|4:2|5:0|5:1|5:2|6:0|6:1|6:2|6:4|6:7|7:2|7:3|7:4|7:5|7:6|7:7|7:8|7:9|8:9|9:9,433
676,2404,0.33108108108108114,3.0,3.0,0.0027690234444311987,3.002769023444431,30,victory,1,0,,0,24,22,0:0|1:0|2:0|2:2|3:0|3:1|3:2|4:2|5:0|5:1|5:2|6:2|7:2|7:3|7:4|7:5|7:6|7:7|7:8|7:9|8:9|9:9,433
677,2405,0.33009009009009016,3.0,3.0,0.003907913950137324,3.003907913950136,45,victory,1,0,,0,28,25,0:0|1:0|2:0|3:0|3:1|3:2|4:2|5:0|5:1|5:2|5:9|6:2|6:8|6:9|7:2|7:3|7:4|7:5|7:6|7:7|7:8|7:9|8:7|8:9|9:9,433
678,2406,0.32909909909909907,3.0,3.0,0.003225914854506433,3.0032259148545055,36,victory,1,0,,0,26,23,0:0|1:0|2:0|3:0|3:1|3:2|4:2|5:0|5:1|5:2|6:2|7:2|7:3|7:4|7:5|7:6|7:7|7:8|7:9|8:4|8:5|8:9|9:9,433
679,2407,0.3281081081081081,3.0,3.0,0.00306817982758747,3.0030681798275864,34,victory,1,0,,0,25,23,0:0|1:0|2:0|3:0|3:1|3:2|4:2|5:0|5:1|5:2|6:2|7:2|7:3|7:4|7:5|7:6|7:7|7:8|7:9|8:4|8:7|8:9|9:9,433
680,2408,0.3271171171171171,3.0,3.0,0.0034957819157813595,3.003495781915781,40,victory,1,0,,0,26,23,0:0|1:0|2:0|3:0|3:1|3:2|4:2|5:0|5:1|5:2|6:1|6:2|7:2|7:3|7:4|7:5|7:6|7:7|7:8|7:9|8:4|8:9|9:9,433
681,2409,0.3261261261261261,3.0,3.0,0.0029181798275874707,3.002918179827587,33,victory,1,0,,0,23,21,0:0|1:0|2:0|3:0|3:1|3:2|4:2|5:0|5:1|5:2|6:2|7:2|7:3|7:4|7:5|7:6|7:7|7:8|7:9|8:9|9:9,433
682,2410,0.32513513513513514,3.0,3.0,0.002627602088193889,3.002627602088194,28,victory,1,0,,0,24,22,0:0|1:0|2:0|3:0|3:1|3:2|4:2|5:0|5:1|5:2|6:2|7:2|7:3|7:4|7:5|7:6|7:7|7:8|7:9|8:7|8:9|9:9,433
683,2411,0.32414414414414405,3.0,3.0,0.0023414213562373094,3.0023414213562374,24,victory,1,0,,0,23,21,0:0|1:0|2:0|3:0|3:1|3:2|4:2|5:0|5:1|5:2|6:2|7:2|7:3|7:4|7:5|7:6|7:7|7:8|7:9|8:9|9:9,433
684,2412,0.3231531531531532,3.0,3.0,0.0024698670612749267,3.002469867061275,26,victory,1,0,,0,23,21,0:0|1:0|2:0|3:0|3:1|3:2|4:2|5:0|5:1|5:2|6:2|7:2|7:3|7:4|7:5|7:6|7:7|7:8|7:9|8:9|9:9,433
685,2413,0.3221621621621622,3.0,3.0,0.0035010225400620896,3.0035010225400613,40,victory,1,0,,0,26,23,0:0|1:0|2:0|3:0|3:1|3:2|4:2|5:0|5:1|5:2|6:2|6:4|7:2|7:3|7:4|7:5|7:6|7:7|7:8|7:9|8:8|8:9|9:9,433
686,2414,0.3211711711711712,3.0,3.0,0.002989734122549853,3.0029897341225498,33,victory,1,0,,0,25,24,0:0|1:0|2:0|3:0|3:1|3:2|4:2|5:0|5:1|5:2|6:1|6:2|7:2|7:3|7:4|7:5|7:6|7:7|7:8|7:9|8:8|8:9|9:8|9:9,433
687,2415,0.32018018018018024,3.0,3.0,0.0031311554787871627,3.003131155478787,35,victory,1,0,,0,25,22,0:0|1:0|2:0|3:0|3:1|3:2|4:2|5:0|5:1|5:2|6:2|7:2|7:3|7:4|7:5|7:6|7:7|7:8|7:9|8:7|8:9|9:9,433
688,2416,0.31918918918918915,3.0,3.0,0.0026405777393935814,3.0026405777393936,28,victory,1,0,,0,24,21,0:0|1:0|2:0|3:0|3:1|3:2|4:2|5:0|5:1|5:2|6:2|7:2|7:3|7:4|7:5|7:6|7:7|7:8|7:9|8:9|9:9,433
689,2417,0.31819819819819817,3.0,3.0,0.0026983127663125434,3.002698312766313,30,victory,1,0,,0,23,21,0:0|1:0|2:0|3:0|3:1|3:2|4:2|5:0|5:1|5:2|6:2|7:2|7:3|7:4|7:5|7:6|7:7|7:8|7:9|8:9|9:9,433
690,2418,0.3172072072072072,3.0,3.0,0.0029819990956308903,3.0029819990956312,32,victory,1,0,,0,26,24,0:0|1:0|1:2|2:0|2:2|3:0|3:1|3:2|4:2|5:0|5:1|5:2|6:2|7:2|7:3|7:4|7:5|7:6|7:7|7:8|7:9|8:4|8:9|9:9,433
691,2419,0.3162162162162162,3.0,3.0,0.002811288417512236,3.0028112884175124,30,victory,1,0,,0,25,22,0:0|0:1|0:2|1:2|2:2|3:2|4:2|5:0|5:1|5:2|6:2|6:4|7:2|7:3|7:4|7:5|7:6|7:7|7:8|7:9|8:9|9:9,433
692,2420,0.3152252252252252,3.0,3.0,0.0033587575669810524,3.0033587575669802,39,victory,1,0,,0,24,22,0:0|1:0|2:0|3:0|3:1|3:2|4:2|5:0|5:1|5:2|6:2|6:7|7:2|7:3|7:4|7:5|7:6|7:7|7:8|7:9|8:9|9:9,433
693,2421,0.31423423423423424,3.0,3.0,0.002981155478787163,3.0029811554787873,33,victory,1,0,,0,24,21,0:0|1:0|2:0|3:0|3:1|3:2|4:2|5:0|5:1|5:2|6:2|7:2|7:3|7:4|7:5|7:6|7:7|7:8|7:9|8:9|9:9,433
694,2422,0.31324324324324326,3.0,3.0,0.0025698670612749265,3.0025698670612746,27,victory,1,0,,0,24,22,0:0|1:0|2:0|3:0|3:1|3:2|4:2|5:0|5:1|5:2|6:1|6:2|7:2|7:3|7:4|7:5|7:6|7:7|7:8|7:9|8:9|9:9,433
695,2423,0.3122522522522523,3.0,3.0,0.003175914854506433,3.0031759148545065,36,victory,1,0,,0,25,23,0:0|1:0|2:0|2:2|3:0|3:1|3:2|4:2|5:0|5:1|5:2|6:1|6:2|7:2|7:3|7:4|7:5|7:6|7:7|7:8|7:9|8:9|9:9,433
696,2424,0.3112612612612613,3.0,3.0,0.0029319990956308906,3.0029319990956305,32,victory,1,0,,0,25,23,0:0|1:0|2:0|3:0|3:1|3:2|4:2|5:0|5:1|5:2|6:0|6:2|7:2|7:3|7:4|7:5|7:6|7:7|7:8|7:9|8:7|8:9|9:9,433
697,2425,0.3102702702702703,3.0,3.0,0.00320960118382478,3.0032096011838245,36,victory,1,0,,0,25,22,0:0|1:0|2:0|3:0|3:1|3:2|4:2|5:0|5:1|5:2|6:2|6:4|7:2|7:3|7:4|7:5|7:6|7:7|7:8|7:9|8:9|9:9,433
698,2426,0.30927927927927923,3.0,3.0,0.002910444800668508,3.0029104448006683,32,victory,1,0,,0,24,22,0:0|1:0|2:0|3:0|3:1|3:2|4:2|5:0|5:1|5:2|6:2|7:2|7:3|7:4|7:5|7:6|7:7|7:8|7:9|8:7|8:9|9:9,433
699,2427,0.30828828828828825,3.0,3.0,0.003732100202878356,3.0037321002028774,45,victory,1,0,,0,26,23,0:0|1:0|2:0|3:0|3:1|3:2|4:2|5:0|5:1|5:2|6:2|7:2|7:3|7:4|7:5|7:6|7:7|7:8|7:9|8:4|8:8|8:9|9:9,433
700,2428,0.30729729729729727,3.0,3.0,0.0027430341258625392,3.0027430341258627,31,victory,1,0,,0,23,21,0:0|1:0|2:0|3:0|3:1|3:2|4:2|5:0|5:1|5:2|6:2|7:2|7:3|7:4|7:5|7:6|7:7|7:8|7:9|8:9|9:9,433
701,2429,0.3063063063063063,3.0,3.0,0.0034250712376627046,3.003425071237662,40,victory,1,0,,0,25,23,0:0|1:0|2:0|3:0|3:1|3:2|4:2|5:0|5:1|5:2|6:2|6:7|7:2|7:3|7:4|7:5|7:6|7:7|7:8|7:9|8:7|8:9|9:9,433
702,2430,0.3053153153153154,3.0,3.0,0.0033259148545064323,3.003325914854506,37,victory,1,0,,0,27,25,0:0|1:0|2:0|3:0|3:1|3:2|4:2|4:3|5:0|5:1|5:2|6:0|6:1|6:2|7:2|7:3|7:4|7:5|7:6|7:7|7:8|7:9|8:5|8:9|9:9,433
703,2431,0.3043243243243243,3.0,3.0,0.003493287513143127,3.003493287513143,39,victory,1,0,,0,27,25,0:0|1:0|2:0|2:2|3:0|3:1|3:2|4:2|5:0|5:1|5:2|6:1|6:2|7:2|7:3|7:4|7:5|7:6|7:7|7:8|7:9|8:8|8:9|9:8|9:9,433
704,2432,0.30333333333333334,3.0,3.0,0.002727602088193889,3.0027276020881937,29,victory,1,0,,0,25,23,0:0|0:1|0:2|1:2|2:2|3:2|4:2|5:0|5:1|5:2|6:2|7:2|7:3|7:4|7:5|7:6|7:7|7:9|8:7|8:9|9:7|9:8|9:9,433
705,2433,0.30234234234234236,3.0,3.0,0.0025535533905932735,3.0025535533905936,27,victory,1,0,,0,23,21,0:0|1:0|2:0|3:0|3:1|3:2|4:2|5:0|5:1|5:2|6:2|7:2|7:3|7:4|7:5|7:6|7:7|7:8|7:9|8:9|9:9,433
706,2434,0.3013513513513514,3.0,3.0,0.003645743899612085,3.003645743899612,42,victory,1,0,,0,27,24,0:0|1:0|2:0|3:0|3:1|3:2|4:2|5:0|5:1|5:2|6:1|6:2|6:4|7:2|7:3|7:4|7:5|7:6|7:7|7:8|7:9|8:4|8:9|9:9,433
707,2435,0.3003603603603604,3.0,3.0,0.003010444800668508,3.003010444800668,33,victory,1,0,,0,25,23,0:0|1:0|2:0|3:0|3:1|3:2|4:2|5:0|5:1|5:2|6:0|6:1|6:2|7:2|7:3|7:4|7:5|7:6|7:7|7:8|7:9|8:9|9:9,433
708,2436,0.2993693693693693,3.0,3.0,0.00318199909563089,3.0031819990956308,34,victory,1,0,,0,28,23,0:0|1:0|2:0|3:0|3:1|3:2|4:2|5:0|5:1|5:2|6:1|6:2|7:2|7:3|7:4|7:5|7:6|7:7|7:8|7:9|8:4|8:9|9:9,433
709,2437,0.29837837837837833,3.0,3.0,0.0031681798275874705,3.003168179827587,35,victory,1,0,,0,26,25,0:0|1:0|2:0|3:0|3:1|3:2|4:2|5:0|5:1|5:2|6:0|6:1|6:2|7:2|7:3|7:4|7:5|7:6|7:7|7:8|7:9|8:4|8:5|8:9|9:9,433
710,2438,0.29738738738738735,3.0,3.0,0.0029190234444311978,3.0029190234444316,32,victory,1,0,,0,25,23,0:0|1:0|2:0|3:0|3:1|3:2|4:2|5:0|5:1|5:2|6:0|6:1|6:2|7:2|7:3|7:4|7:5|7:6|7:7|7:8|7:9|8:9|9:9,433
711,2439,0.2963963963963965,3.0,3.0,0.002839734122549853,3.0028397341225492,31,victory,1,0,,0,24,22,0:0|0:1|0:2|1:2|2:2|3:2|4:2|4:3|5:0|5:1|5:2|6:2|7:2|7:3|7:4|7:5|7:6|7:7|7:8|7:9|8:9|9:9,433
712,2440,0.2954054054054055,3.0,3.0,0.002698312766312544,3.002698312766313,29,victory,1,0,,0,24,22,0:0|0:1|0:2|1:2|2:2|3:2|4:2|5:0|5:1|5:2|6:2|7:2|7:3|7:4|7:5|7:6|7:7|7:8|7:9|8:5|8:9|9:9,433
713,2441,0.2944144144144144,3.0,3.0,0.002969023444431198,3.0029690234444306,32,victory,1,0,,0,26,25,0:0|1:0|2:0|2:2|3:0|3:1|3:2|4:2|5:0|5:1|5:2|6:0|6:1|6:2|6:4|7:2|7:3|7:4|7:5|7:6|7:7|7:8|7:9|8:9|9:9,433
714,2442,0.2934234234234234,3.0,3.0,0.0030585041797004647,3.0030585041797,35,victory,1,0,,0,25,23,0:0|1:0|2:0|3:0|3:1|3:2|4:2|5:0|5:1|5:2|6:2|6:7|7:2|7:3|7:4|7:5|7:6|7:7|7:8|7:9|8:7|8:9|9:9,433
715,2443,0.29243243243243244,3.0,3.0,0.002724264068711928,3.0027242640687124,29,victory,1,0,,0,24,22,0:0|1:0|2:0|3:0|3:1|3:2|4:2|5:0|5:1|5:2|6:1|6:2|7:2|7:3|7:4|7:5|7:6|7:7|7:8|7:9|8:9|9:9,433
716,2444,0.29144144144144146,3.0,3.0,0.003024264068711928,3.0030242640687117,32,victory,1,0,,0,27,25,0:0|1:0|2:0|3:0|3:1|3:2|4:2|5:0|5:1|5:2|6:2|6:4|7:2|7:3|7:4|7:5|7:6|7:7|7:8|7:9|8:5|8:7|8:8|8:9|9:9,433
717,2445,0.2904504504504505,3.0,3.0,0.0032648418081055097,3.0032648418081047,36,victory,1,0,,0,26,24,0:0|1:0|2:0|3:0|3:1|3:2|4:2|4:3|5:0|5:1|5:2|6:2|6:8|6:9|7:2|7:3|7:4|7:5|7:6|7:7|7:8|7:9|8:9|9:9,433
718,2446,0.2894594594594594,3.0,3.0,0.0028045696330275803,3.002804569633028,32,victory,1,0,,0,23,21,0:0|1:0|2:0|3:0|3:1|3:2|4:2|5:0|5:1|5:2|6:2|7:2|7:3|7:4|7:5|7:6|7:7|7:8|7:9|8:9|9:9,433
719,2447,0.2884684684684684,3.0,3.0,0.00293199909563089,3.0029319990956305,32,victory,1,0,,0,25,23,0:0|1:0|2:0|3:0|3:1|3:2|4:2|4:3|5:0|5:1|5:2|6:2|6:4|7:2|7:3|7:4|7:5|7:6|7:7|7:8|7:9|8:9|9:9,433
720,2448,0.28747747747747754,3.0,3.0,0.0031596011838247798,3.0031596011838246,36,victory,1,0,,0,24,23,0:0|1:0|2:0|3:0|3:1|3:2|4:2|5:0|5:1|5:2|6:0|6:1|6:2|7:2|7:3|7:4|7:5|7:6|7:7|7:8|7:9|8:9|9:9,433
721,2449,0.28648648648648656,3.0,3.0,0.0025905777393935812,3.0025905777393938,28,victory,1,0,,0,23,21,0:0|1:0|2:0|3:0|3:1|3:2|4:2|5:0|5:1|5:2|6:2|7:2|7:3|7:4|7:5|7:6|7:7|7:8|7:9|8:9|9:9,433
722,2450,0.28549549549549547,3.0,3.0,0.002640577739393582,3.0026405777393936,28,victory,1,0,,0,24,22,0:0|1:0|2:0|3:0|3:1|3:2|4:2|5:0|5:1|5:2|6:2|6:9|7:2|7:3|7:4|7:5|7:6|7:7|7:8|7:9|8:9|9:9,433
723,2451,0.2845045045045045,3.0,3.0,0.0030555858754618874,3.0030555858754617,37,victory,1,0,,0,23,21,0:0|1:0|2:0|3:0|3:1|3:2|4:2|5:0|5:1|5:2|6:2|7:2|7:3|7:4|7:5|7:6|7:7|7:8|7:9|8:9|9:9,433
724,2452,0.2835135135135135,3.0,3.0,0.002724264068711928,3.0027242640687115,29,victory,1,0,,0,24,22,0:0|0:1|0:2|1:0|1:2|2:2|3:2|4:2|5:0|5:1|5:2|6:2|7:2|7:3|7:4|7:5|7:6|7:7|7:8|7:9|8:9|9:9,433
725,2453,0.2825225225225225,3.0,3.0,0.0035783332248061164,3.003578333224806,42,victory,1,0,,0,27,25,0:0|1:0|2:0|3:0|3:1|3:2|4:2|5:0|5:1|5:2|5:8|5:9|6:2|6:8|6:9|7:2|7:3|7:4|7:5|7:6|7:7|7:8|7:9|8:9|9:9,433
726,2454,0.28153153153153154,3.0,3.0,0.002611288417512236,3.002611288417512,28,victory,1,0,,0,23,23,0:0|1:0|2:0|3:0|3:1|3:2|4:2|5:0|5:1|5:2|6:0|6:1|6:2|7:2|7:3|7:4|7:5|7:6|7:7|7:8|7:9|8:9|9:9,433
727,2455,0.28054054054054045,3.0,3.0,0.002582842712474619,3.002582842712475,27,victory,1,0,,0,24,22,0:0|1:0|2:0|3:0|3:1|3:2|4:2|5:0|5:1|5:2|6:2|7:2|7:3|7:4|7:5|7:6|7:7|7:8|7:9|8:8|8:9|9:9,433
728,2456,0.2795495495495496,3.0,3.0,0.003024264068711928,3.0030242640687126,32,victory,1,0,,0,27,25,0:0|1:0|2:0|3:0|3:1|3:2|4:2|5:0|5:1|5:2|6:0|6:1|6:2|6:8|6:9|7:2|7:3|7:4|7:5|7:6|7:7|7:8|7:9|8:9|9:9,433
729,2457,0.2785585585585586,3.0,3.0,0.0025698670612749265,3.0025698670612746,27,victory,1,0,,0,24,22,0:0|1:0|2:0|3:0|3:1|3:2|4:2|5:0|5:1|5:2|6:2|7:2|7:3|7:4|7:5|7:6|7:7|7:8|7:9|8:5|8:9|9:9,433
730,2458,0.2775675675675676,3.0,3.0,0.002611288417512236,3.002611288417512,28,victory,1,0,,0,23,23,0:0|1:0|2:0|3:0|3:1|3:2|4:2|5:0|5:1|5:2|6:0|6:1|6:2|7:2|7:3|7:4|7:5|7:6|7:7|7:8|7:9|8:9|9:9,433
731,2459,0.27657657657657664,3.0,3.0,0.002669867061274927,3.0026698670612744,28,victory,1,0,,0,25,23,0:0|1:0|2:0|3:0|3:1|3:2|4:2|5:0|5:1|5:2|6:0|6:1|6:2|7:2|7:3|7:4|7:5|7:6|7:7|7:8|7:9|8:9|9:9,433
732,2460,0.27558558558558555,3.0,3.0,0.0027560477932315063,3.0027560477932314,30,victory,1,0,,0,24,22,0:0|1:0|2:0|3:0|3:1|3:2|4:2|5:0|5:1|5:2|6:2|7:2|7:3|7:4|7:5|7:6|7:7|7:8|7:9|8:8|8:9|9:9,433
733,2461,0.27459459459459457,3.0,3.0,0.0028974691494688155,3.0028974691494685,33,victory,1,0,,0,23,21,0:0|1:0|2:0|3:0|3:1|3:2|4:2|5:0|5:1|5:2|6:2|7:2|7:3|7:4|7:5|7:6|7:7|7:8|7:9|8:9|9:9,433
734,2462,0.2736036036036036,3.0,3.0,0.0026112884175122364,3.002611288417512,28,victory,1,0,,0,23,22,0:0|1:0|2:0|3:0|3:1|3:2|4:2|5:0|5:1|5:2|6:1|6:2|7:2|7:3|7:4|7:5|7:6|7:7|7:8|7:9|8:9|9:9,433
735,2463,0.2726126126126126,3.0,3.0,0.003052709773749545,3.0030527097737494,33,victory,1,0,,0,26,23,0:0|1:0|2:0|3:0|3:1|3:2|4:2|4:3|5:0|5:1|5:2|6:2|6:9|7:2|7:3|7:4|7:5|7:6|7:7|7:8|7:9|8:9|9:9,433
736,2464,0.2716216216216216,3.0,3.0,0.003151866156905817,3.003151866156905,35,victory,1,0,,0,25,22,0:0|1:0|2:0|2:2|3:0|3:1|3:2|4:2|5:0|5:1|5:2|6:2|7:2|7:3|7:4|7:5|7:6|7:7|7:8|7:9|8:9|9:9,433
737,2465,0.27063063063063064,3.0,3.0,0.003928624628255979,3.003928624628256,46,victory,1,0,,0,27,26,0:0|1:0|2:0|3:0|3:1|3:2|4:2|5:0|5:1|5:2|5:9|6:0|6:1|6:2|6:9|7:2|7:3|7:4|7:5|7:6|7:7|7:8|7:9|8:8|8:9|9:9,433
738,2466,0.26963963963963966,3.0,3.0,0.0023284457050376174,3.0023284457050377,24,victory,1,0,,0,23,21,0:0|1:0|2:0|3:0|3:1|3:2|4:2|5:0|5:1|5:2|6:2|7:2|7:3|7:4|7:5|7:6|7:7|7:8|7:9|8:9|9:9,433
739,2467,0.2686486486486487,3.0,3.0,0.0030527097737495456,3.0030527097737494,33,victory,1,0,,0,26,23,0:0|1:0|2:0|3:0|3:1|3:2|4:2|5:0|5:1|5:2|6:1|6:2|7:2|7:3|7:4|7:5|7:6|7:7|7:8|7:9|8:8|8:9|9:9,433
740,2468,0.2676576576576577,3.0,3.0,0.0029690234444311983,3.0029690234444315,32,victory,1,0,,0,26,24,0:0|1:0|2:0|3:0|3:1|3:2|4:2|4:3|5:0|5:1|5:2|6:2|6:4|7:2|7:3|7:4|7:5|7:6|7:7|7:8|7:9|8:4|8:9|9:9,433
741,2469,0.2666666666666667,3.0,3.0,0.0034372032720186695,3.003437203272018,40,victory,1,0,,0,24,21,0:0|1:0|2:0|3:0|3:1|3:2|4:2|5:0|5:1|5:2|6:2|7:2|7:3|7:4|7:5|7:6|7:7|7:8|7:9|8:9|9:9,433
742,2470,0.2656756756756756,3.0,3.0,0.0035924438962993987,3.0035924438962986,41,victory,1,0,,0,26,24,0:0|1:0|2:0|3:0|3:1|3:2|4:2|5:0|5:1|5:2|6:2|6:7|7:2|7:3|7:4|7:5|7:6|7:7|7:8|7:9|8:5|8:9|9:5|9:9,433
743,2471,0.26468468468468465,3.0,3.0,0.0029819990956308907,3.0029819990956303,32,victory,1,0,,0,26,24,0:0|1:0|2:0|3:0|3:1|3:2|4:2|5:0|5:1|5:2|6:2|6:8|6:9|7:2|7:3|7:4|7:5|7:6|7:7|7:8|7:9|8:7|8:9|9:9,433
744,2472,0.26369369369369366,3.0,3.0,0.002712132034355964,3.0027121320343557,28,victory,1,0,,0,26,23,0:0|1:0|2:0|3:0|3:1|3:2|4:2|5:0|5:1|5:2|6:2|7:2|7:3|7:4|7:5|7:6|7:7|7:8|7:9|8:5|8:9|9:5|9:9,433
745,2473,0.2627027027027027,3.0,3.0,0.002806009777062232,3.0028060097770624,31,victory,1,0,,0,24,22,0:0|1:0|2:0|3:0|3:1|3:2|4:2|5:0|5:1|5:2|6:2|7:2|7:3|7:4|7:5|7:6|7:7|7:8|7:9|8:5|8:9|9:9,433
746,2474,0.2617117117117118,3.0,3.0,0.0027121320343559637,3.0027121320343557,28,victory,1,0,,0,26,24,0:0|0:1|0:2|1:2|2:2|3:2|4:2|4:3|5:0|5:1|5:2|6:2|7:2|7:3|7:4|7:5|7:6|7:7|7:8|7:9|8:4|8:5|8:9|9:9,433
747,2475,0.2607207207207207,3.0,3.0,0.002840577739393581,3.002840577739394,30,victory,1,0,,0,26,24,0:0|1:0|2:0|3:0|3:1|3:2|4:2|5:0|5:1|5:2|6:2|6:4|7:2|7:3|7:4|7:5|7:6|7:7|7:8|7:9|8:4|8:8|8:9|9:9,433
748,2476,0.25972972972972974,3.0,3.0,0.003104322543374776,3.0031043225433747,36,victory,1,0,,0,23,21,0:0|1:0|2:0|3:0|3:1|3:2|4:2|5:0|5:1|5:2|6:2|7:2|7:3|7:4|7:5|7:6|7:7|7:8|7:9|8:9|9:9,433
749,2477,0.25873873873873876,3.0,3.0,0.0029811554787871624,3.0029811554787873,33,victory,1,0,,0,24,22,0:0|1:0|2:0|3:0|3:1|3:2|4:2|5:0|5:1|5:2|6:2|6:7|7:2|7:3|7:4|7:5|7:6|7:7|7:8|7:9|8:9|9:9,433
750,2478,0.2577477477477478,3.0,3.0,0.002840577739393581,3.002840577739394,30,victory,1,0,,0,26,24,0:0|1:0|2:0|3:0|3:1|3:2|4:2|5:0|5:1|5:2|6:2|6:8|6:9|7:2|7:3|7:4|7:5|7:6|7:7|7:8|7:9|8:4|8:9|9:9,433
751,2479,0.2567567567567568,3.0,3.0,0.0027121320343559637,3.0027121320343557,28,victory,1,0,,0,26,24,0:0|1:0|2:0|3:0|3:1|3:2|4:2|5:0|5:1|5:2|6:2|7:2|7:3|7:4|7:5|7:6|7:7|7:8|7:9|8:4|8:7|8:8|8:9|9:9,433
752,2480,0.2557657657657657,3.0,3.0,0.0028242640687119284,3.002824264068712,30,victory,1,0,,0,25,22,0:0|1:0|2:0|3:0|3:1|3:2|4:2|5:0|5:1|5:2|6:2|7:2|7:3|7:4|7:5|7:6|7:7|7:8|7:9|8:5|8:9|9:9,433
753,2481,0.2547747747747747,3.0,3.0,0.0022,3.0022,22,victory,1,0,,0,23,21,0:0|1:0|2:0|3:0|3:1|3:2|4:2|5:0|5:1|5:2|6:2|7:2|7:3|7:4|7:5|7:6|7:7|7:8|7:9|8:9|9:9,433
754,2482,0.25378378378378375,3.0,3.0,0.002865685424949238,3.0028656854249487,31,victory,1,0,,0,24,21,0:0|1:0|2:0|3:0|3:1|3:2|4:2|5:0|5:1|5:2|6:2|7:2|7:3|7:4|7:5|7:6|7:7|7:8|7:9|8:9|9:9,433
755,2483,0.2527927927927929,3.0,3.0,0.0024121320343559642,3.0024121320343555,25,victory,1,0,,0,23,21,0:0|1:0|2:0|3:0|3:1|3:2|4:2|5:0|5:1|5:2|6:2|7:2|7:3|7:4|7:5|7:6|7:7|7:8|7:9|8:9|9:9,433
756,2484,0.2518018018018019,3.0,3.0,0.003175914854506433,3.0031759148545056,36,victory,1,0,,0,25,23,0:0|1:0|2:0|3:0|3:1|3:2|4:2|5:0|5:1|5:2|6:2|7:2|7:3|7:4|7:5|7:6|7:7|7:8|7:9|8:5|8:7|8:9|9:9,433
757,2485,0.2508108108108108,3.0,3.0,0.0037112139534500096,3.0037112139534496,44,victory,1,0,,0,26,23,0:0|1:0|2:0|2:2|3:0|3:1|3:2|4:2|5:0|5:1|5:2|6:2|7:2|7:3|7:4|7:5|7:6|7:7|7:8|7:9|8:8|8:9|9:9,433
758,2486,0.24981981981981982,3.0,3.0,0.0026112884175122364,3.002611288417512,28,victory,1,0,,0,23,21,0:0|1:0|2:0|3:0|3:1|3:2|4:2|5:0|5:1|5:2|6:2|7:2|7:3|7:4|7:5|7:6|7:7|7:8|7:9|8:9|9:9,433
759,2487,0.24882882882882884,3.0,3.0,0.0031811554787871624,3.003181155478787,35,victory,1,0,,0,26,24,0:0|1:0|2:0|3:0|3:1|3:2|4:2|5:0|5:1|5:2|6:1|6:2|6:9|7:2|7:3|7:4|7:5|7:6|7:7|7:8|7:9|8:5|8:9|9:9,433
760,2488,0.24783783783783786,3.0,3.0,0.003238890505706125,3.003238890505706,36,victory,1,0,,0,26,22,0:0|1:0|2:0|3:0|3:1|3:2|4:2|5:0|5:1|5:2|6:1|6:2|7:2|7:3|7:4|7:5|7:6|7:7|7:8|7:9|8:9|9:9,433
761,2489,0.24684684684684688,3.0,3.0,0.002512132034355964,3.002512132034356,26,victory,1,0,,0,24,22,0:0|1:0|2:0|3:0|3:1|3:2|4:2|5:0|5:1|5:2|6:2|6:4|7:2|7:3|7:4|7:5|7:6|7:7|7:8|7:9|8:9|9:9,433
762,2490,0.2458558558558558,3.0,3.0,0.0032355524862241647,3.003235552486224,36,victory,1,0,,0,25,23,0:0|1:0|2:0|3:0|3:1|3:2|4:2|5:0|5:1|5:2|6:1|6:2|7:2|7:3|7:4|7:5|7:6|7:7|7:8|7:9|8:5|8:9|9:9,433
763,2491,0.2448648648648648,3.0,3.0,0.0030388905057061252,3.0030388905057057,34,victory,1,0,,0,24,22,0:0|1:0|2:0|3:0|3:1|3:2|4:2|5:0|5:1|5:2|6:1|6:2|7:2|7:3|7:4|7:5|7:6|7:7|7:8|7:9|8:9|9:9,433
764,2492,0.24387387387387394,3.0,3.0,0.002270710678118655,3.0022707106781183,23,victory,1,0,,0,23,21,0:0|1:0|2:0|3:0|3:1|3:2|4:2|5:0|5:1|5:2|6:2|7:2|7:3|7:4|7:5|7:6|7:7|7:8|7:9|8:9|9:9,433
765,2493,0.24288288288288296,3.0,3.0,0.0031949747468305824,3.0031949747468305,34,victory,1,0,,0,28,25,0:0|1:0|2:0|3:0|3:1|3:2|4:2|5:0|5:1|5:2|5:8|5:9|6:2|6:8|6:9|7:2|7:3|7:4|7:5|7:6|7:7|7:8|7:9|8:9|9:9,433
766,2494,0.24189189189189197,3.0,3.0,0.002824264068711928,3.002824264068712,30,victory,1,0,,0,25,23,0:0|1:0|2:0|3:0|3:1|3:2|4:2|5:0|5:1|5:2|6:1|6:2|6:4|7:2|7:3|7:4|7:5|7:6|7:7|7:8|7:9|8:9|9:9,433
767,2495,0.24090090090090088,3.0,3.0,0.002881999095630891,3.0028819990956306,31,victory,1,0,,0,25,23,0:0|1:0|2:0|3:0|3:1|3:2|4:2|5:0|5:1|5:2|6:2|7:2|7:3|7:4|7:5|7:6|7:7|7:8|7:9|8:7|8:9|9:7|9:9,433
768,2496,0.2399099099099099,3.0,3.0,0.0032018661569058176,3.003201866156905,36,victory,1,0,,0,25,23,0:0|1:0|2:0|2:2|3:0|3:1|3:2|4:2|5:0|5:1|5:2|6:1|6:2|7:2|7:3|7:4|7:5|7:6|7:7|7:8|7:9|8:9|9:9,433
769,2497,0.23891891891891892,3.0,3.0,0.002512132034355964,3.002512132034356,26,victory,1,0,,0,24,22,0:0|1:0|2:0|3:0|3:1|3:2|4:2|5:0|5:1|5:2|6:1|6:2|7:2|7:3|7:4|7:5|7:6|7:7|7:8|7:9|8:9|9:9,433
770,2498,0.23792792792792794,3.0,3.0,0.002370710678118655,3.002370710678119,24,victory,1,0,,0,24,22,0:0|1:0|2:0|3:0|3:1|3:2|4:2|5:0|5:1|5:2|6:2|7:2|7:3|7:4|7:5|7:6|7:7|7:8|7:9|8:8|8:9|9:9,433
771,2499,0.23693693693693696,3.0,3.0,0.0028656854249492375,3.0028656854249496,31,victory,1,0,,0,24,22,0:0|1:0|2:0|3:0|3:1|3:2|4:2|5:0|5:1|5:2|6:2|6:4|7:2|7:3|7:4|7:5|7:6|7:7|7:8|7:9|8:9|9:9,433
772,2500,0.23594594594594587,3.0,3.0,0.003052709773749545,3.0030527097737494,33,victory,1,0,,0,26,23,0:0|1:0|2:0|3:0|3:1|3:2|4:2|5:0|5:1|5:2|6:1|6:2|7:2|7:3|7:4|7:5|7:6|7:7|7:8|7:9|8:5|8:9|9:9,433
773,2501,0.234954954954955,3.0,3.0,0.002582842712474619,3.0025828427124743,27,victory,1,0,,0,24,22,0:0|1:0|2:0|3:0|3:1|3:2|4:2|4:3|5:0|5:1|5:2|6:2|7:2|7:3|7:4|7:5|7:6|7:7|7:8|7:9|8:9|9:9,433
774,2502,0.23396396396396402,3.0,3.0,0.0028767584713501604,3.0028767584713503,32,victory,1,0,,0,24,22,0:0|1:0|2:0|3:0|3:1|3:2|4:2|4:3|5:0|5:1|5:2|6:2|7:2|7:3|7:4|7:5|7:6|7:7|7:8|7:9|8:9|9:9,433
775,2503,0.23297297297297304,3.0,3.0,0.0024121320343559642,3.0024121320343564,25,victory,1,0,,0,23,21,0:0|1:0|2:0|3:0|3:1|3:2|4:2|5:0|5:1|5:2|6:2|7:2|7:3|7:4|7:5|7:6|7:7|7:8|7:9|8:9|9:9,433
776,2504,0.23198198198198205,3.0,3.0,0.0024414213562373092,3.002441421356237,25,victory,1,0,,0,24,22,0:0|1:0|2:0|3:0|3:1|3:2|4:2|4:3|5:0|5:1|5:2|6:2|7:2|7:3|7:4|7:5|7:6|7:7|7:8|7:9|8:9|9:9,433
777,2505,0.23099099099099096,3.0,3.0,0.003060444800668508,3.003060444800669,34,victory,1,0,,0,25,21,0:0|1:0|2:0|3:0|3:1|3:2|4:2|5:0|5:1|5:2|6:2|7:2|7:3|7:4|7:5|7:6|7:7|7:8|7:9|8:9|9:9,433
778,2506,0.22999999999999998,3.0,3.0,0.0027819990956308906,3.002781999095631,30,victory,1,0,,0,24,22,0:0|1:0|2:0|3:0|3:1|3:2|4:2|5:0|5:1|5:2|6:2|7:2|7:3|7:4|7:5|7:6|7:7|7:8|7:9|8:8|8:9|9:9,433
779,2507,0.229009009009009,3.0,3.0,0.0029863153413778837,3.002986315341378,35,victory,1,0,,0,24,23,0:0|1:0|2:0|3:0|3:1|3:2|4:2|5:0|5:1|5:2|6:0|6:1|6:2|7:2|7:3|7:4|7:5|7:6|7:7|7:8|7:9|8:9|9:9,433
780,2508,0.22801801801801802,3.0,3.0,0.0026112884175122364,3.002611288417512,28,victory,1,0,,0,23,21,0:0|1:0|2:0|3:0|3:1|3:2|4:2|5:0|5:1|5:2|6:2|7:2|7:3|7:4|7:5|7:6|7:7|7:8|7:9|8:9|9:9,433
781,2509,0.22702702702702704,3.0,3.0,0.002512132034355964,3.002512132034356,26,victory,1,0,,0,24,21,0:0|1:0|2:0|3:0|3:1|3:2|4:2|5:0|5:1|5:2|6:2|7:2|7:3|7:4|7:5|7:6|7:7|7:8|7:9|8:9|9:9,433
782,2510,0.22603603603603606,3.0,3.0,0.0029941311299868547,3.002994131129987,33,victory,1,0,,0,24,22,0:0|1:0|2:0|3:0|3:1|3:2|4:2|5:0|5:1|5:2|6:2|7:2|7:3|7:4|7:5|7:6|7:7|7:8|7:9|8:4|8:9|9:9,433
783,2511,0.22504504504504508,3.0,3.0,0.0022707106781186545,3.0022707106781192,23,victory,1,0,,0,23,21,0:0|1:0|2:0|3:0|3:1|3:2|4:2|5:0|5:1|5:2|6:2|7:2|7:3|7:4|7:5|7:6|7:7|7:8|7:9|8:9|9:9,433
784,2512,0.2240540540540541,3.0,3.0,0.0029930341258625395,3.002993034125862,33,victory,1,0,,0,26,24,0:0|1:0|2:0|2:2|3:0|3:1|3:2|4:2|5:0|5:1|5:2|6:2|6:4|7:2|7:3|7:4|7:5|7:6|7:7|7:8|7:9|8:4|8:9|9:9,433
785,2513,0.22306306306306312,3.0,3.0,0.0024121320343559642,3.0024121320343564,25,victory,1,0,,0,23,21,0:0|1:0|2:0|3:0|3:1|3:2|4:2|5:0|5:1|5:2|6:2|7:2|7:3|7:4|7:5|7:6|7:7|7:8|7:9|8:9|9:9,433
786,2514,0.22207207207207202,3.0,3.0,0.0029819990956308903,3.0029819990956303,32,victory,1,0,,0,26,24,0:0|1:0|2:0|3:0|3:1|3:2|4:2|4:3|5:0|5:1|5:2|6:2|6:4|7:2|7:3|7:4|7:5|7:6|7:7|7:8|7:9|8:4|8:9|9:9,433
787,2515,0.22108108108108104,3.0,3.0,0.003288890505706125,3.003288890505706,37,victory,1,0,,0,26,25,0:0|1:0|2:0|3:0|3:1|3:2|4:2|4:3|5:0|5:1|5:2|6:0|6:1|6:2|7:2|7:3|7:4|7:5|7:6|7:7|7:8|7:9|8:4|8:9|9:9,433
788,2516,0.22009009009009006,3.0,3.0,0.002270710678118655,3.0022707106781183,23,victory,1,0,,0,23,21,0:0|1:0|2:0|3:0|3:1|3:2|4:2|5:0|5:1|5:2|6:2|7:2|7:3|7:4|7:5|7:6|7:7|7:8|7:9|8:9|9:9,433
789,2517,0.21909909909909908,3.0,3.0,0.0025405777393935815,3.002540577739394,27,victory,1,0,,0,23,21,0:0|1:0|2:0|3:0|3:1|3:2|4:2|5:0|5:1|5:2|6:2|7:2|7:3|7:4|7:5|7:6|7:7|7:8|7:9|8:9|9:9,433
790,2518,0.2181081081081081,3.0,3.0,0.002939734122549853,3.00293973412255,32,victory,1,0,,0,25,23,0:0|1:0|2:0|3:0|3:1|3:2|4:2|5:0|5:1|5:2|6:2|6:4|7:2|7:3|7:4|7:5|7:6|7:7|7:8|7:9|8:5|8:9|9:9,433
791,2519,0.21711711711711712,3.0,3.0,0.0027319990956308905,3.002731999095631,30,victory,1,0,,0,23,21,0:0|1:0|2:0|3:0|3:1|3:2|4:2|5:0|5:1|5:2|6:2|7:2|7:3|7:4|7:5|7:6|7:7|7:8|7:9|8:9|9:9,433
792,2520,0.21612612612612614,3.0,3.0,0.0029234204518682003,3.002923420451868,32,victory,1,0,,0,24,22,0:0|1:0|2:0|3:0|3:1|3:2|4:2|5:0|5:1|5:2|6:2|7:2|7:3|7:4|7:5|7:6|7:7|7:8|7:9|8:8|8:9|9:9,433
793,2521,0.21513513513513516,3.0,3.0,0.0022,3.0022,22,victory,1,0,,0,23,21,0:0|1:0|2:0|3:0|3:1|3:2|4:2|5:0|5:1|5:2|6:2|7:2|7:3|7:4|7:5|7:6|7:7|7:8|7:9|8:9|9:9,433
794,2522,0.21414414414414418,3.0,3.0,0.0030535533905932727,3.0030535533905933,32,victory,1,0,,0,28,24,0:0|0:1|0:2|1:2|2:2|3:2|4:2|5:0|5:1|5:2|6:2|6:8|6:9|7:2|7:3|7:4|7:5|7:6|7:7|7:8|7:9|8:5|8:9|9:9,433
795,2523,0.2131531531531532,3.0,3.0,0.003110444800668508,3.0031104448006687,35,victory,1,0,,0,25,22,0:0|1:0|2:0|3:0|3:1|3:2|4:2|5:0|5:1|5:2|6:2|7:2|7:3|7:4|7:5|7:6|7:7|7:8|7:9|8:5|8:9|9:9,433
796,2524,0.2121621621621621,3.0,3.0,0.0025698670612749265,3.0025698670612755,27,victory,1,0,,0,24,22,0:0|1:0|2:0|3:0|3:1|3:2|4:2|5:0|5:1|5:2|6:1|6:2|7:2|7:3|7:4|7:5|7:6|7:7|7:8|7:9|8:9|9:9,433
797,2525,0.21117117117117112,3.0,3.0,0.0023991563831562723,3.002399156383156,25,victory,1,0,,0,23,21,0:0|1:0|2:0|3:0|3:1|3:2|4:2|5:0|5:1|5:2|6:2|7:2|7:3|7:4|7:5|7:6|7:7|7:8|7:9|8:9|9:9,433
798,2526,0.21018018018018014,3.0,3.0,0.0022,3.0022,22,victory,1,0,,0,23,21,0:0|1:0|2:0|3:0|3:1|3:2|4:2|5:0|5:1|5:2|6:2|7:2|7:3|7:4|7:5|7:6|7:7|7:8|7:9|8:9|9:9,433
799,2527,0.20918918918918916,3.0,3.0,0.0034880468888623967,3.0034880468888616,40,victory,1,0,,0,26,23,0:0|1:0|2:0|3:0|3:1|3:2|4:2|5:0|5:1|5:2|6:1|6:2|7:2|7:3|7:4|7:5|7:6|7:7|7:8|7:9|8:7|8:9|9:9,433
800,2528,0.2081981981981983,3.0,3.0,0.002611288417512236,3.002611288417512,28,victory,1,0,,0,23,22,0:0|1:0|2:0|3:0|3:1|3:2|4:2|5:0|5:1|5:2|6:1|6:2|7:2|7:3|7:4|7:5|7:6|7:7|7:8|7:9|8:9|9:9,433
801,2529,0.2072072072072072,3.0,3.0,0.0027535533905932736,3.002753553390594,29,victory,1,0,,0,25,22,0:0|1:0|2:0|3:0|3:1|3:2|4:2|5:0|5:1|5:2|6:2|7:2|7:3|7:4|7:5|7:6|7:7|7:8|7:9|8:8|8:9|9:9,433
802,2530,0.20621621621621622,3.0,3.0,0.002612132034355964,3.002612132034356,27,victory,1,0,,0,25,23,0:0|1:0|2:0|3:0|3:1|3:2|4:2|5:0|5:1|5:2|6:2|7:2|7:3|7:4|7:5|7:6|7:7|7:8|7:9|8:8|8:9|9:8|9:9,433
803,2531,0.20522522522522524,3.0,3.0,0.0023991563831562723,3.002399156383156,25,victory,1,0,,0,23,21,0:0|1:0|2:0|3:0|3:1|3:2|4:2|5:0|5:1|5:2|6:2|7:2|7:3|7:4|7:5|7:6|7:7|7:8|7:9|8:9|9:9,433
804,2532,0.20423423423423426,3.0,3.0,0.002627602088193889,3.002627602088194,28,victory,1,0,,0,24,23,0:0|1:0|2:0|3:0|3:1|3:2|4:2|5:0|5:1|5:2|6:1|6:2|7:2|7:3|7:4|7:5|7:6|7:7|7:8|7:9|8:5|8:9|9:9,433
805,2533,0.20324324324324328,3.0,3.0,0.002811288417512236,3.0028112884175115,30,victory,1,0,,0,25,23,0:0|1:0|2:0|3:0|3:1|3:2|4:2|5:0|5:1|5:2|6:2|7:2|7:3|7:4|7:5|7:6|7:7|7:8|7:9|8:4|8:5|8:9|9:9,433
806,2534,0.20225225225225218,3.0,3.0,0.0029690234444311983,3.0029690234444306,32,victory,1,0,,0,26,24,0:0|1:0|2:0|3:0|3:1|3:2|4:2|5:0|5:1|5:2|5:9|6:2|6:8|6:9|7:2|7:3|7:4|7:5|7:6|7:7|7:8|7:9|8:9|9:9,433
807,2535,0.2012612612612612,3.0,3.0,0.002753553390593273,3.002753553390593,29,victory,1,0,,0,25,23,0:0|1:0|2:0|3:0|3:1|3:2|4:2|5:0|5:1|5:2|6:0|6:1|6:2|7:2|7:3|7:4|7:5|7:6|7:7|7:8|7:9|8:9|9:9,433
808,2536,0.20027027027027022,3.0,3.0,0.0025276020881938896,3.0025276020881932,27,victory,1,0,,0,23,21,0:0|1:0|2:0|3:0|3:1|3:2|4:2|5:0|5:1|5:2|6:2|7:2|7:3|7:4|7:5|7:6|7:7|7:8|7:9|8:9|9:9,433
809,2537,0.19927927927927935,3.0,3.0,0.0022707106781186545,3.0022707106781192,23,victory,1,0,,0,23,21,0:0|1:0|2:0|3:0|3:1|3:2|4:2|5:0|5:1|5:2|6:2|7:2|7:3|7:4|7:5|7:6|7:7|7:8|7:9|8:9|9:9,433
810,2538,0.19828828828828837,3.0,3.0,0.0026112884175122364,3.002611288417512,28,victory,1,0,,0,23,21,0:0|1:0|2:0|3:0|3:1|3:2|4:2|5:0|5:1|5:2|6:2|7:2|7:3|7:4|7:5|7:6|7:7|7:8|7:9|8:9|9:9,433
811,2539,0.19729729729729728,3.0,3.0,0.0025414213562373095,3.002541421356237,26,victory,1,0,,0,25,24,0:0|1:0|2:0|3:0|3:1|3:2|4:2|5:0|5:1|5:2|6:1|6:2|6:4|6:7|7:2|7:3|7:4|7:5|7:6|7:7|7:8|7:9|8:9|9:9,433
812,2540,0.1963063063063063,3.0,3.0,0.002512132034355964,3.002512132034356,26,victory,1,0,,0,24,22,0:0|1:0|2:0|3:0|3:1|3:2|4:2|5:0|5:1|5:2|6:2|7:2|7:3|7:4|7:5|7:6|7:7|7:8|7:9|8:8|8:9|9:9,433
813,2541,0.19531531531531532,3.0,3.0,0.0027267584713501613,3.0027267584713497,30,victory,1,0,,0,23,21,0:0|1:0|2:0|3:0|3:1|3:2|4:2|5:0|5:1|5:2|6:2|7:2|7:3|7:4|7:5|7:6|7:7|7:8|7:9|8:9|9:9,433
814,2542,0.19432432432432434,3.0,3.0,0.002512132034355964,3.002512132034356,26,victory,1,0,,0,24,22,0:0|1:0|2:0|3:0|3:1|3:2|4:2|5:0|5:1|5:2|6:2|7:2|7:3|7:4|7:5|7:6|7:7|7:8|7:9|8:7|8:9|9:9,433
815,2543,0.19333333333333336,3.0,3.0,0.0028112884175122365,3.0028112884175124,30,victory,1,0,,0,25,24,0:0|1:0|2:0|3:0|3:1|3:2|4:2|5:0|5:1|5:2|6:0|6:1|6:2|7:2|7:3|7:4|7:5|7:6|7:7|7:8|7:9|8:7|8:9|9:9,433
816,2544,0.19234234234234227,3.0,3.0,0.0025414213562373095,3.002541421356238,26,victory,1,0,,0,25,23,0:0|1:0|2:0|3:0|3:1|3:2|4:2|5:0|5:1|5:2|6:2|7:2|7:3|7:4|7:5|7:6|7:7|7:8|7:9|8:7|8:8|8:9|9:9,433
817,2545,0.19135135135135128,3.0,3.0,0.0029560477932315055,3.0029560477932318,32,victory,1,0,,0,26,24,0:0|0:2|1:0|1:2|2:0|2:2|3:0|3:1|3:2|4:2|5:0|5:1|5:2|6:2|7:2|7:3|7:4|7:5|7:6|7:7|7:8|7:9|8:9|9:9,433
818,2546,0.19036036036036041,3.0,3.0,0.002612132034355964,3.002612132034356,27,victory,1,0,,0,25,22,0:0|1:0|2:0|3:0|3:1|3:2|4:2|5:0|5:1|5:2|6:1|6:2|7:2|7:3|7:4|7:5|7:6|7:7|7:8|7:9|8:9|9:9,433
819,2547,0.18936936936936943,3.0,3.0,0.0024121320343559642,3.0024121320343564,25,victory,1,0,,0,23,21,0:0|1:0|2:0|3:0|3:1|3:2|4:2|5:0|5:1|5:2|6:2|7:2|7:3|7:4|7:5|7:6|7:7|7:8|7:9|8:9|9:9,433
820,2548,0.18837837837837845,3.0,3.0,0.0026535533905932738,3.0026535533905925,28,victory,1,0,,0,24,22,0:0|1:0|2:0|3:0|3:1|3:2|4:2|5:0|5:1|5:2|6:2|7:2|7:3|7:4|7:5|7:6|7:7|7:8|7:9|8:8|8:9|9:9,433
821,2549,0.18738738738738736,3.0,3.0,0.0027527097737495457,3.002752709773749,30,victory,1,0,,0,23,21,0:0|1:0|2:0|3:0|3:1|3:2|4:2|5:0|5:1|5:2|6:2|7:2|7:3|7:4|7:5|7:6|7:7|7:8|7:9|8:9|9:9,433
822,2550,0.18639639639639638,3.0,3.0,0.0024121320343559647,3.0024121320343555,25,victory,1,0,,0,23,21,0:0|1:0|2:0|3:0|3:1|3:2|4:2|5:0|5:1|5:2|6:2|7:2|7:3|7:4|7:5|7:6|7:7|7:8|7:9|8:9|9:9,433
823,2551,0.1854054054054054,3.0,3.0,0.002512132034355964,3.002512132034356,26,victory,1,0,,0,24,22,0:0|1:0|2:0|3:0|3:1|3:2|4:2|5:0|5:1|5:2|6:2|7:2|7:3|7:4|7:5|7:6|7:7|7:8|7:9|8:7|8:9|9:9,433
824,2552,0.18441441441441442,3.0,3.0,0.002370710678118655,3.002370710678119,24,victory,1,0,,0,24,22,0:0|1:0|2:0|3:0|3:1|3:2|4:2|5:0|5:1|5:2|6:2|7:2|7:3|7:4|7:5|7:6|7:7|7:8|7:9|8:4|8:9|9:9,433
825,2553,0.18342342342342344,3.0,3.0,0.00234142135623731,3.0023414213562374,24,victory,1,0,,0,23,21,0:0|1:0|2:0|3:0|3:1|3:2|4:2|5:0|5:1|5:2|6:2|7:2|7:3|7:4|7:5|7:6|7:7|7:8|7:9|8:9|9:9,433
826,2554,0.18243243243243235,3.0,3.0,0.002582842712474619,3.0025828427124743,27,victory,1,0,,0,24,22,0:0|1:0|2:0|3:0|3:1|3:2|4:2|5:0|5:1|5:2|6:2|7:2|7:3|7:4|7:5|7:6|7:7|7:8|7:9|8:8|8:9|9:9,433
827,2555,0.18144144144144148,3.0,3.0,0.0027535533905932736,3.002753553390593,29,victory,1,0,,0,25,22,0:0|1:0|2:0|3:0|3:1|3:2|4:2|5:0|5:1|5:2|6:2|7:2|7:3|7:4|7:5|7:6|7:7|7:8|7:9|8:7|8:9|9:9,433
828,2556,0.1804504504504505,3.0,3.0,0.003143034125862539,3.0031430341258627,35,victory,1,0,,0,27,24,0:0|1:0|2:0|3:0|3:1|3:2|4:2|5:0|5:1|5:2|6:2|6:7|7:2|7:3|7:4|7:5|7:6|7:7|7:8|7:9|8:8|8:9|9:8|9:9,433
829,2557,0.1794594594594595,3.0,3.0,0.0024121320343559642,3.0024121320343555,25,victory,1,0,,0,23,21,0:0|1:0|2:0|3:0|3:1|3:2|4:2|5:0|5:1|5:2|6:2|7:2|7:3|7:4|7:5|7:6|7:7|7:8|7:9|8:9|9:9,433
830,2558,0.17846846846846853,3.0,3.0,0.0022707106781186545,3.0022707106781192,23,victory,1,0,,0,23,21,0:0|1:0|2:0|3:0|3:1|3:2|4:2|5:0|5:1|5:2|6:2|7:2|7:3|7:4|7:5|7:6|7:7|7:8|7:9|8:9|9:9,433
831,2559,0.17747747747747744,3.0,3.0,0.0025698670612749265,3.0025698670612746,27,victory,1,0,,0,24,21,0:0|1:0|2:0|3:0|3:1|3:2|4:2|5:0|5:1|5:2|6:2|7:2|7:3|7:4|7:5|7:6|7:7|7:8|7:9|8:9|9:9,433
832,2560,0.17648648648648646,3.0,3.0,0.0024568914100752343,3.002456891410075,26,victory,1,0,,0,23,21,0:0|1:0|2:0|3:0|3:1|3:2|4:2|5:0|5:1|5:2|6:2|7:2|7:3|7:4|7:5|7:6|7:7|7:8|7:9|8:9|9:9,433
833,2561,0.17549549549549548,3.0,3.0,0.0028535533905932734,3.002853553390594,30,victory,1,0,,0,26,23,0:0|1:0|2:0|3:0|3:1|3:2|4:2|5:0|5:1|5:2|6:2|6:4|6:7|7:2|7:3|7:4|7:5|7:6|7:7|7:8|7:9|8:9|9:9,433
834,2562,0.1745045045045045,3.0,3.0,0.002711288417512236,3.002711288417512,29,victory,1,0,,0,24,22,0:0|1:0|2:0|3:0|3:1|3:2|4:2|5:0|5:1|5:2|6:1|6:2|7:2|7:3|7:4|7:5|7:6|7:7|7:8|7:9|8:9|9:9,433
835,2563,0.17351351351351352,3.0,3.0,0.0028112884175122356,3.0028112884175124,30,victory,1,0,,0,25,22,0:0|1:0|2:0|3:0|3:1|3:2|4:2|5:0|5:1|5:2|6:2|6:9|7:2|7:3|7:4|7:5|7:6|7:7|7:8|7:9|8:9|9:9,433
836,2564,0.17252252252252254,3.0,3.0,0.0027242640687119278,3.0027242640687115,29,victory,1,0,,0,24,22,0:0|1:0|2:0|3:0|3:1|3:2|4:2|5:0|5:1|5:2|6:2|7:2|7:3|7:4|7:5|7:6|7:7|7:8|7:9|8:8|8:9|9:9,433
837,2565,0.17153153153153156,3.0,3.0,0.0026112884175122364,3.002611288417512,28,victory,1,0,,0,23,21,0:0|1:0|2:0|3:0|3:1|3:2|4:2|5:0|5:1|5:2|6:2|7:2|7:3|7:4|7:5|7:6|7:7|7:8|7:9|8:9|9:9,433
838,2566,0.17054054054054057,3.0,3.0,0.0027819990956308915,3.002781999095631,30,victory,1,0,,0,24,22,0:0|1:0|2:0|3:0|3:1|3:2|4:2|5:0|5:1|5:2|6:2|7:2|7:3|7:4|7:5|7:6|7:7|7:8|7:9|8:8|8:9|9:9,433
839,2567,0.1695495495495496,3.0,3.0,0.0024414213562373092,3.002441421356237,25,victory,1,0,,0,24,22,0:0|1:0|2:0|3:0|3:1|3:2|4:2|5:0|5:1|5:2|6:2|7:2|7:3|7:4|7:5|7:6|7:7|7:8|7:9|8:4|8:9|9:9,433
840,2568,0.1685585585585586,3.0,3.0,0.0025828427124746185,3.0025828427124743,27,victory,1,0,,0,24,23,0:0|1:0|2:0|3:0|3:1|3:2|4:2|5:0|5:1|5:2|6:0|6:1|6:2|7:2|7:3|7:4|7:5|7:6|7:7|7:8|7:9|8:9|9:9,433
841,2569,0.16756756756756752,3.0,3.0,0.002270710678118655,3.0022707106781183,23,victory,1,0,,0,23,22,0:0|1:0|2:0|3:0|3:1|3:2|4:2|5:0|5:1|5:2|6:1|6:2|7:2|7:3|7:4|7:5|7:6|7:7|7:8|7:9|8:9|9:9,433
842,2570,0.16657657657657654,3.0,3.0,0.0024698670612749267,3.002469867061275,26,victory,1,0,,0,23,23,0:0|1:0|2:0|3:0|3:1|3:2|4:2|5:0|5:1|5:2|6:0|6:1|6:2|7:2|7:3|7:4|7:5|7:6|7:7|7:8|7:9|8:9|9:9,433
843,2571,0.16558558558558556,3.0,3.0,0.0028397341225498535,3.00283973412255,31,victory,1,0,,0,24,22,0:0|1:0|2:0|3:0|3:1|3:2|4:2|5:0|5:1|5:2|6:2|6:9|7:2|7:3|7:4|7:5|7:6|7:7|7:8|7:9|8:9|9:9,433
844,2572,0.1645945945945947,3.0,3.0,0.0022707106781186545,3.0022707106781192,23,victory,1,0,,0,23,21,0:0|1:0|2:0|3:0|3:1|3:2|4:2|5:0|5:1|5:2|6:2|7:2|7:3|7:4|7:5|7:6|7:7|7:8|7:9|8:9|9:9,433
845,2573,0.1636036036036036,3.0,3.0,0.0024121320343559642,3.0024121320343564,25,victory,1,0,,0,23,23,0:0|1:0|2:0|3:0|3:1|3:2|4:2|5:0|5:1|5:2|6:0|6:1|6:2|7:2|7:3|7:4|7:5|7:6|7:7|7:8|7:9|8:9|9:9,433
846,2574,0.16261261261261262,3.0,3.0,0.0024568914100752347,3.002456891410075,26,victory,1,0,,0,23,21,0:0|1:0|2:0|3:0|3:1|3:2|4:2|5:0|5:1|5:2|6:2|7:2|7:3|7:4|7:5|7:6|7:7|7:8|7:9|8:9|9:9,433
847,2575,0.16162162162162164,3.0,3.0,0.0024414213562373097,3.002441421356237,25,victory,1,0,,0,24,22,0:0|1:0|2:0|3:0|3:1|3:2|4:2|5:0|5:1|5:2|6:2|7:2|7:3|7:4|7:5|7:6|7:7|7:8|7:9|8:8|8:9|9:9,433
848,2576,0.16063063063063066,3.0,3.0,0.0027112884175122362,3.002711288417512,29,victory,1,0,,0,24,22,0:0|1:0|2:0|3:0|3:1|3:2|4:2|5:0|5:1|5:2|6:2|7:2|7:3|7:4|7:5|7:6|7:7|7:8|7:9|8:7|8:9|9:9,433
849,2577,0.15963963963963967,3.0,3.0,0.0024414213562373092,3.002441421356237,25,victory,1,0,,0,24,22,0:0|1:0|2:0|3:0|3:1|3:2|4:2|4:3|5:0|5:1|5:2|6:2|7:2|7:3|7:4|7:5|7:6|7:7|7:8|7:9|8:9|9:9,433
850,2578,0.15864864864864858,3.0,3.0,0.002989734122549853,3.0029897341225498,33,victory,1,0,,0,25,23,0:0|1:0|2:0|3:0|3:1|3:2|4:2|5:0|5:1|5:2|6:2|6:8|6:9|7:2|7:3|7:4|7:5|7:6|7:7|7:8|7:9|8:9|9:9,433
851,2579,0.1576576576576576,3.0,3.0,0.002270710678118655,3.0022707106781183,23,victory,1,0,,0,23,21,0:0|1:0|2:0|3:0|3:1|3:2|4:2|5:0|5:1|5:2|6:2|7:2|7:3|7:4|7:5|7:6|7:7|7:8|7:9|8:9|9:9,433
852,2580,0.15666666666666662,3.0,3.0,0.0024707106781186546,3.0024707106781188,25,victory,1,0,,0,25,23,0:0|1:0|2:0|3:0|3:1|3:2|4:2|5:0|5:1|5:2|6:2|6:8|6:9|7:2|7:3|7:4|7:5|7:6|7:7|7:8|7:9|8:9|9:9,433
853,2581,0.15567567567567575,3.0,3.0,0.002582842712474619,3.0025828427124743,27,victory,1,0,,0,24,23,0:0|1:0|2:0|3:0|3:1|3:2|4:2|5:0|5:1|5:2|6:1|6:2|7:2|7:3|7:4|7:5|7:6|7:7|7:8|7:9|8:7|8:9|9:9,433
854,2582,0.15468468468468477,3.0,3.0,0.0025121320343559645,3.002512132034356,26,victory,1,0,,0,24,22,0:0|1:0|2:0|3:0|3:1|3:2|4:2|5:0|5:1|5:2|6:2|7:2|7:3|7:4|7:5|7:6|7:7|7:8|7:9|8:8|8:9|9:9,433
855,2583,0.15369369369369368,3.0,3.0,0.0022,3.0022,22,victory,1,0,,0,23,21,0:0|1:0|2:0|3:0|3:1|3:2|4:2|5:0|5:1|5:2|6:2|7:2|7:3|7:4|7:5|7:6|7:7|7:8|7:9|8:9|9:9,433
856,2584,0.1527027027027027,3.0,3.0,0.0023414213562373094,3.0023414213562374,24,victory,1,0,,0,23,21,0:0|1:0|2:0|3:0|3:1|3:2|4:2|5:0|5:1|5:2|6:2|7:2|7:3|7:4|7:5|7:6|7:7|7:8|7:9|8:9|9:9,433
857,2585,0.15171171171171172,3.0,3.0,0.0026612884175122365,3.002661288417512,29,victory,1,0,,0,23,21,0:0|1:0|2:0|3:0|3:1|3:2|4:2|5:0|5:1|5:2|6:2|7:2|7:3|7:4|7:5|7:6|7:7|7:8|7:9|8:9|9:9,433
858,2586,0.15072072072072074,3.0,3.0,0.00234142135623731,3.0023414213562374,24,victory,1,0,,0,23,21,0:0|1:0|2:0|3:0|3:1|3:2|4:2|5:0|5:1|5:2|6:2|7:2|7:3|7:4|7:5|7:6|7:7|7:8|7:9|8:9|9:9,433
859,2587,0.14972972972972975,3.0,3.0,0.0024121320343559642,3.0024121320343564,25,victory,1,0,,0,23,21,0:0|1:0|2:0|3:0|3:1|3:2|4:2|5:0|5:1|5:2|6:2|7:2|7:3|7:4|7:5|7:6|7:7|7:8|7:9|8:9|9:9,433
860,2588,0.14873873873873866,3.0,3.0,0.002469867061274927,3.002469867061275,26,victory,1,0,,0,23,21,0:0|1:0|2:0|3:0|3:1|3:2|4:2|5:0|5:1|5:2|6:2|7:2|7:3|7:4|7:5|7:6|7:7|7:8|7:9|8:9|9:9,433
861,2589,0.14774774774774768,3.0,3.0,0.0026535533905932738,3.0026535533905934,28,victory,1,0,,0,24,21,0:0|1:0|2:0|3:0|3:1|3:2|4:2|5:0|5:1|5:2|6:2|7:2|7:3|7:4|7:5|7:6|7:7|7:8|7:9|8:9|9:9,433
862,2590,0.1467567567567568,3.0,3.0,0.0024828427124746187,3.0024828427124746,26,victory,1,0,,0,23,23,0:0|1:0|2:0|3:0|3:1|3:2|4:2|5:0|5:1|5:2|6:0|6:1|6:2|7:2|7:3|7:4|7:5|7:6|7:7|7:8|7:9|8:9|9:9,433
863,2591,0.14576576576576583,3.0,3.0,0.0028656854249492375,3.0028656854249496,31,victory,1,0,,0,24,22,0:0|1:0|2:0|3:0|3:1|3:2|4:2|5:0|5:1|5:2|6:2|7:2|7:3|7:4|7:5|7:6|7:7|7:8|7:9|8:5|8:9|9:9,433
864,2592,0.14477477477477485,3.0,3.0,0.002270710678118655,3.0022707106781183,23,victory,1,0,,0,23,21,0:0|1:0|2:0|3:0|3:1|3:2|4:2|5:0|5:1|5:2|6:2|7:2|7:3|7:4|7:5|7:6|7:7|7:8|7:9|8:9|9:9,433
865,2593,0.14378378378378376,3.0,3.0,0.0022,3.0022,22,victory,1,0,,0,23,21,0:0|1:0|2:0|3:0|3:1|3:2|4:2|5:0|5:1|5:2|6:2|7:2|7:3|7:4|7:5|7:6|7:7|7:8|7:9|8:9|9:9,433
866,2594,0.14279279279279278,3.0,3.0,0.0022707106781186545,3.0022707106781192,23,victory,1,0,,0,23,21,0:0|1:0|2:0|3:0|3:1|3:2|4:2|5:0|5:1|5:2|6:2|7:2|7:3|7:4|7:5|7:6|7:7|7:8|7:9|8:9|9:9,433
867,2595,0.1418018018018018,3.0,3.0,0.00306817982758747,3.0030681798275873,34,victory,1,0,,0,25,22,0:0|1:0|2:0|3:0|3:1|3:2|4:2|5:0|5:1|5:2|6:1|6:2|7:2|7:3|7:4|7:5|7:6|7:7|7:8|7:9|8:9|9:9,433
868,2596,0.14081081081081082,3.0,3.0,0.0022707106781186545,3.0022707106781192,23,victory,1,0,,0,23,21,0:0|1:0|2:0|3:0|3:1|3:2|4:2|5:0|5:1|5:2|6:2|7:2|7:3|7:4|7:5|7:6|7:7|7:8|7:9|8:9|9:9,433
869,2597,0.13981981981981983,3.0,3.0,0.0024,3.0023999999999997,24,victory,1,0,,0,25,25,0:0|1:0|2:0|3:0|3:1|3:2|4:2|5:0|5:1|5:2|6:0|6:1|6:2|6:8|6:9|7:2|7:3|7:4|7:5|7:6|7:7|7:8|7:9|8:9|9:9,433
870,2598,0.13882882882882874,3.0,3.0,0.0022707106781186545,3.0022707106781192,23,victory,1,0,,0,23,21,0:0|1:0|2:0|3:0|3:1|3:2|4:2|5:0|5:1|5:2|6:2|7:2|7:3|7:4|7:5|7:6|7:7|7:8|7:9|8:9|9:9,433
871,2599,0.13783783783783787,3.0,3.0,0.002553553390593274,3.0025535533905927,27,victory,1,0,,0,23,21,0:0|1:0|2:0|3:0|3:1|3:2|4:2|5:0|5:1|5:2|6:2|7:2|7:3|7:4|7:5|7:6|7:7|7:8|7:9|8:9|9:9,433
872,2600,0.1368468468468469,3.0,3.0,0.0024698670612749267,3.002469867061275,26,victory,1,0,,0,23,21,0:0|1:0|2:0|3:0|3:1|3:2|4:2|5:0|5:1|5:2|6:2|7:2|7:3|7:4|7:5|7:6|7:7|7:8|7:9|8:9|9:9,433
873,2601,0.1358558558558559,3.0,3.0,0.0024414213562373092,3.002441421356237,25,victory,1,0,,0,24,22,0:0|1:0|2:0|3:0|3:1|3:2|4:2|5:0|5:1|5:2|6:1|6:2|7:2|7:3|7:4|7:5|7:6|7:7|7:8|7:9|8:9|9:9,433
874,2602,0.13486486486486493,3.0,3.0,0.002370710678118655,3.002370710678119,24,victory,1,0,,0,24,21,0:0|1:0|2:0|3:0|3:1|3:2|4:2|5:0|5:1|5:2|6:2|7:2|7:3|7:4|7:5|7:6|7:7|7:8|7:9|8:9|9:9,433
875,2603,0.13387387387387384,3.0,3.0,0.002553553390593273,3.0025535533905936,27,victory,1,0,,0,23,21,0:0|1:0|2:0|3:0|3:1|3:2|4:2|5:0|5:1|5:2|6:2|7:2|7:3|7:4|7:5|7:6|7:7|7:8|7:9|8:9|9:9,433
876,2604,0.13288288288288286,3.0,3.0,0.002931999095630891,3.0029319990956305,32,victory,1,0,,0,25,23,0:0|1:0|2:0|3:0|3:1|3:2|4:2|5:0|5:1|5:2|6:2|6:4|7:2|7:3|7:4|7:5|7:6|7:7|7:8|7:9|8:8|8:9|9:9,433
877,2605,0.13189189189189188,3.0,3.0,0.002512132034355964,3.002512132034356,26,victory,1,0,,0,24,22,0:0|1:0|2:0|3:0|3:1|3:2|4:2|5:0|5:1|5:2|6:2|7:2|7:3|7:4|7:5|7:6|7:7|7:8|7:9|8:4|8:9|9:9,433
878,2606,0.1309009009009009,3.0,3.0,0.002270710678118655,3.0022707106781183,23,victory,1,0,,0,23,21,0:0|1:0|2:0|3:0|3:1|3:2|4:2|5:0|5:1|5:2|6:2|7:2|7:3|7:4|7:5|7:6|7:7|7:8|7:9|8:9|9:9,433
879,2607,0.12990990990990992,3.0,3.0,0.00234142135623731,3.0023414213562374,24,victory,1,0,,0,23,21,0:0|1:0|2:0|3:0|3:1|3:2|4:2|5:0|5:1|5:2|6:2|7:2|7:3|7:4|7:5|7:6|7:7|7:8|7:9|8:9|9:9,433
880,2608,0.12891891891891893,3.0,3.0,0.002582842712474619,3.0025828427124743,27,victory,1,0,,0,24,21,0:0|1:0|2:0|3:0|3:1|3:2|4:2|5:0|5:1|5:2|6:2|7:2|7:3|7:4|7:5|7:6|7:7|7:8|7:9|8:9|9:9,433
881,2609,0.12792792792792795,3.0,3.0,0.0025698670612749265,3.0025698670612746,27,victory,1,0,,0,24,22,0:0|0:1|0:2|1:2|2:2|3:2|4:2|5:0|5:1|5:2|6:2|6:4|7:2|7:3|7:4|7:5|7:6|7:7|7:8|7:9|8:9|9:9,433
882,2610,0.12693693693693697,3.0,3.0,0.0030112884175122357,3.003011288417512,32,victory,1,0,,0,27,24,0:0|1:0|2:0|3:0|3:1|3:2|4:2|5:0|5:1|5:2|6:1|6:2|7:2|7:3|7:4|7:5|7:6|7:7|7:8|7:9|8:4|8:8|8:9|9:9,433
883,2611,0.125945945945946,3.0,3.0,0.002270710678118655,3.0022707106781183,23,victory,1,0,,0,23,21,0:0|1:0|2:0|3:0|3:1|3:2|4:2|5:0|5:1|5:2|6:2|7:2|7:3|7:4|7:5|7:6|7:7|7:8|7:9|8:9|9:9,433
884,2612,0.12495495495495501,3.0,3.0,0.0025776020881938897,3.002577602088194,28,victory,1,0,,0,23,21,0:0|1:0|2:0|3:0|3:1|3:2|4:2|5:0|5:1|5:2|6:2|7:2|7:3|7:4|7:5|7:6|7:7|7:8|7:9|8:9|9:9,433
885,2613,0.12396396396396392,3.0,3.0,0.002512132034355964,3.002512132034356,26,victory,1,0,,0,24,22,0:0|1:0|2:0|3:0|3:1|3:2|4:2|5:0|5:1|5:2|6:2|6:4|7:2|7:3|7:4|7:5|7:6|7:7|7:8|7:9|8:9|9:9,433
886,2614,0.12297297297297294,3.0,3.0,0.0024414213562373097,3.002441421356237,25,victory,1,0,,0,24,22,0:0|1:0|2:0|3:0|3:1|3:2|4:2|5:0|5:1|5:2|6:2|7:2|7:3|7:4|7:5|7:6|7:7|7:8|7:9|8:8|8:9|9:9,433
887,2615,0.12198198198198196,3.0,3.0,0.0024698670612749267,3.002469867061275,26,victory,1,0,,0,23,21,0:0|1:0|2:0|3:0|3:1|3:2|4:2|5:0|5:1|5:2|6:2|7:2|7:3|7:4|7:5|7:6|7:7|7:8|7:9|8:9|9:9,433
888,2616,0.12099099099099098,3.0,3.0,0.0024121320343559647,3.0024121320343555,25,victory,1,0,,0,23,21,0:0|1:0|2:0|3:0|3:1|3:2|4:2|5:0|5:1|5:2|6:2|7:2|7:3|7:4|7:5|7:6|7:7|7:8|7:9|8:9|9:9,433
889,2617,0.1200000000000001,3.0,3.0,0.0022,3.0022,22,victory,1,0,,0,23,21,0:0|1:0|2:0|3:0|3:1|3:2|4:2|5:0|5:1|5:2|6:2|7:2|7:3|7:4|7:5|7:6|7:7|7:8|7:9|8:9|9:9,433
890,2618,0.11900900900900901,3.0,3.0,0.002399156383156272,3.002399156383156,25,victory,1,0,,0,23,23,0:0|0:1|0:2|1:2|2:2|3:2|4:2|5:0|5:1|5:2|6:0|6:1|6:2|7:2|7:3|7:4|7:5|7:6|7:7|7:8|7:9|8:9|9:9,433
891,2619,0.11801801801801803,3.0,3.0,0.0023414213562373094,3.0023414213562374,24,victory,1,0,,0,23,21,0:0|1:0|2:0|3:0|3:1|3:2|4:2|5:0|5:1|5:2|6:2|7:2|7:3|7:4|7:5|7:6|7:7|7:8|7:9|8:9|9:9,433
892,2620,0.11702702702702705,3.0,3.0,0.002740577739393581,3.0027405777393934,29,victory,1,0,,0,25,23,0:0|1:0|2:0|2:2|3:0|3:1|3:2|4:2|5:0|5:1|5:2|6:2|7:2|7:3|7:4|7:5|7:6|7:7|7:8|7:9|8:5|8:9|9:9,433
893,2621,0.11603603603603607,3.0,3.0,0.0022707106781186545,3.0022707106781192,23,victory,1,0,,0,23,21,0:0|1:0|2:0|3:0|3:1|3:2|4:2|5:0|5:1|5:2|6:2|7:2|7:3|7:4|7:5|7:6|7:7|7:8|7:9|8:9|9:9,433
894,2622,0.11504504504504509,3.0,3.0,0.0022,3.0022,22,victory,1,0,,0,23,21,0:0|1:0|2:0|3:0|3:1|3:2|4:2|5:0|5:1|5:2|6:2|7:2|7:3|7:4|7:5|7:6|7:7|7:8|7:9|8:9|9:9,433
895,2623,0.114054054054054,3.0,3.0,0.002270710678118655,3.0022707106781183,23,victory,1,0,,0,23,21,0:0|1:0|2:0|3:0|3:1|3:2|4:2|5:0|5:1|5:2|6:2|7:2|7:3|7:4|7:5|7:6|7:7|7:8|7:9|8:9|9:9,433
896,2624,0.11306306306306302,3.0,3.0,0.002370710678118655,3.002370710678119,24,victory,1,0,,0,24,23,0:0|1:0|2:0|3:0|3:1|3:2|4:2|5:0|5:1|5:2|6:1|6:2|6:7|7:2|7:3|7:4|7:5|7:6|7:7|7:8|7:9|8:9|9:9,433
897,2625,0.11207207207207204,3.0,3.0,0.0022707106781186545,3.0022707106781192,23,victory,1,0,,0,23,21,0:0|1:0|2:0|3:0|3:1|3:2|4:2|5:0|5:1|5:2|6:2|7:2|7:3|7:4|7:5|7:6|7:7|7:8|7:9|8:9|9:9,433
898,2626,0.11108108108108117,3.0,3.0,0.0026535533905932733,3.0026535533905934,28,victory,1,0,,0,24,22,0:0|1:0|2:0|3:0|3:1|3:2|4:2|5:0|5:1|5:2|6:2|7:2|7:3|7:4|7:5|7:6|7:7|7:8|7:9|8:5|8:9|9:9,433
899,2627,0.11009009009009019,3.0,3.0,0.0022707106781186545,3.0022707106781192,23,victory,1,0,,0,23,21,0:0|1:0|2:0|3:0|3:1|3:2|4:2|5:0|5:1|5:2|6:2|7:2|7:3|7:4|7:5|7:6|7:7|7:8|7:9|8:9|9:9,433
900,2628,0.1090990990990991,3.0,3.0,0.0024121320343559642,3.0024121320343564,25,victory,1,0,,0,23,21,0:0|1:0|2:0|3:0|3:1|3:2|4:2|5:0|5:1|5:2|6:2|7:2|7:3|7:4|7:5|7:6|7:7|7:8|7:9|8:9|9:9,433
901,2629,0.10810810810810811,3.0,3.0,0.0023414213562373094,3.0023414213562374,24,victory,1,0,,0,23,21,0:0|1:0|2:0|3:0|3:1|3:2|4:2|5:0|5:1|5:2|6:2|7:2|7:3|7:4|7:5|7:6|7:7|7:8|7:9|8:9|9:9,433
902,2630,0.10711711711711713,3.0,3.0,0.0022,3.0022,22,victory,1,0,,0,23,21,0:0|1:0|2:0|3:0|3:1|3:2|4:2|5:0|5:1|5:2|6:2|7:2|7:3|7:4|7:5|7:6|7:7|7:8|7:9|8:9|9:9,433
903,2631,0.10612612612612615,3.0,3.0,0.00234142135623731,3.0023414213562374,24,victory,1,0,,0,23,21,0:0|1:0|2:0|3:0|3:1|3:2|4:2|5:0|5:1|5:2|6:2|7:2|7:3|7:4|7:5|7:6|7:7|7:8|7:9|8:9|9:9,433
904,2632,0.10513513513513517,3.0,3.0,0.0022,3.0022,22,victory,1,0,,0,23,21,0:0|1:0|2:0|3:0|3:1|3:2|4:2|5:0|5:1|5:2|6:2|7:2|7:3|7:4|7:5|7:6|7:7|7:8|7:9|8:9|9:9,433
905,2633,0.10414414414414408,3.0,3.0,0.002370710678118655,3.002370710678119,24,victory,1,0,,0,24,22,0:0|1:0|2:0|3:0|3:1|3:2|4:2|5:0|5:1|5:2|6:1|6:2|7:2|7:3|7:4|7:5|7:6|7:7|7:8|7:9|8:9|9:9,433
906,2634,0.1031531531531531,3.0,3.0,0.0024828427124746187,3.0024828427124746,26,victory,1,0,,0,23,21,0:0|1:0|2:0|3:0|3:1|3:2|4:2|5:0|5:1|5:2|6:2|7:2|7:3|7:4|7:5|7:6|7:7|7:8|7:9|8:9|9:9,433
907,2635,0.10216216216216223,3.0,3.0,0.0024698670612749267,3.002469867061275,26,victory,1,0,,0,23,21,0:0|1:0|2:0|3:0|3:1|3:2|4:2|5:0|5:1|5:2|6:2|7:2|7:3|7:4|7:5|7:6|7:7|7:8|7:9|8:9|9:9,433
908,2636,0.10117117117117125,3.0,3.0,0.0024828427124746187,3.0024828427124746,26,victory,1,0,,0,23,21,0:0|1:0|2:0|3:0|3:1|3:2|4:2|5:0|5:1|5:2|6:2|7:2|7:3|7:4|7:5|7:6|7:7|7:8|7:9|8:9|9:9,433
909,2637,0.10018018018018016,3.0,3.0,0.0026121320343559643,3.002612132034356,27,victory,1,0,,0,25,23,0:0|1:0|2:0|3:0|3:1|3:2|4:2|5:0|5:1|5:2|6:2|7:2|7:3|7:4|7:5|7:6|7:7|7:8|7:9|8:7|8:8|8:9|9:9,433
910,2638,0.09918918918918918,3.0,3.0,0.00234142135623731,3.0023414213562374,24,victory,1,0,,0,23,21,0:0|1:0|2:0|3:0|3:1|3:2|4:2|5:0|5:1|5:2|6:2|7:2|7:3|7:4|7:5|7:6|7:7|7:8|7:9|8:9|9:9,433
911,2639,0.0981981981981982,3.0,3.0,0.0022707106781186545,3.0022707106781192,23,victory,1,0,,0,23,21,0:0|1:0|2:0|3:0|3:1|3:2|4:2|5:0|5:1|5:2|6:2|7:2|7:3|7:4|7:5|7:6|7:7|7:8|7:9|8:9|9:9,433
912,2640,0.09720720720720721,3.0,3.0,0.0024698670612749267,3.002469867061275,26,victory,1,0,,0,23,21,0:0|1:0|2:0|3:0|3:1|3:2|4:2|5:0|5:1|5:2|6:2|7:2|7:3|7:4|7:5|7:6|7:7|7:8|7:9|8:9|9:9,433
913,2641,0.09621621621621623,3.0,3.0,0.0022707106781186545,3.0022707106781192,23,victory,1,0,,0,23,21,0:0|1:0|2:0|3:0|3:1|3:2|4:2|5:0|5:1|5:2|6:2|7:2|7:3|7:4|7:5|7:6|7:7|7:8|7:9|8:9|9:9,433
914,2642,0.09522522522522514,3.0,3.0,0.002370710678118655,3.002370710678119,24,victory,1,0,,0,24,21,0:0|1:0|2:0|3:0|3:1|3:2|4:2|5:0|5:1|5:2|6:2|7:2|7:3|7:4|7:5|7:6|7:7|7:8|7:9|8:9|9:9,433
915,2643,0.09423423423423416,3.0,3.0,0.0022,3.0022,22,victory,1,0,,0,23,21,0:0|1:0|2:0|3:0|3:1|3:2|4:2|5:0|5:1|5:2|6:2|7:2|7:3|7:4|7:5|7:6|7:7|7:8|7:9|8:9|9:9,433
916,2644,0.09324324324324329,3.0,3.0,0.0022,3.0022,22,victory,1,0,,0,23,21,0:0|1:0|2:0|3:0|3:1|3:2|4:2|5:0|5:1|5:2|6:2|7:2|7:3|7:4|7:5|7:6|7:7|7:8|7:9|8:9|9:9,433
917,2645,0.09225225225225231,3.0,3.0,0.0026535533905932733,3.0026535533905934,28,victory,1,0,,0,24,22,0:0|1:0|2:0|3:0|3:1|3:2|4:2|5:0|5:1|5:2|6:2|6:7|7:2|7:3|7:4|7:5|7:6|7:7|7:8|7:9|8:9|9:9,433
918,2646,0.09126126126126133,3.0,3.0,0.0022,3.0022,22,victory,1,0,,0,23,21,0:0|1:0|2:0|3:0|3:1|3:2|4:2|5:0|5:1|5:2|6:2|7:2|7:3|7:4|7:5|7:6|7:7|7:8|7:9|8:9|9:9,433
919,2647,0.09027027027027024,3.0,3.0,0.002512132034355964,3.002512132034356,26,victory,1,0,,0,24,23,0:0|1:0|2:0|3:0|3:1|3:2|4:2|5:0|5:1|5:2|6:0|6:1|6:2|7:2|7:3|7:4|7:5|7:6|7:7|7:8|7:9|8:9|9:9,433
920,2648,0.08927927927927926,3.0,3.0,0.0022,3.0022,22,victory,1,0,,0,23,21,0:0|1:0|2:0|3:0|3:1|3:2|4:2|5:0|5:1|5:2|6:2|7:2|7:3|7:4|7:5|7:6|7:7|7:8|7:9|8:9|9:9,433
921,2649,0.08828828828828827,3.0,3.0,0.0026535533905932733,3.0026535533905934,28,victory,1,0,,0,24,22,0:0|1:0|2:0|3:0|3:1|3:2|4:2|4:3|5:0|5:1|5:2|6:2|7:2|7:3|7:4|7:5|7:6|7:7|7:8|7:9|8:9|9:9,433
922,2650,0.0872972972972973,3.0,3.0,0.00234142135623731,3.0023414213562374,24,victory,1,0,,0,23,22,0:0|1:0|2:0|3:0|3:1|3:2|4:2|5:0|5:1|5:2|6:1|6:2|7:2|7:3|7:4|7:5|7:6|7:7|7:8|7:9|8:9|9:9,433
923,2651,0.08630630630630631,3.0,3.0,0.002270710678118655,3.0022707106781183,23,victory,1,0,,0,23,21,0:0|1:0|2:0|3:0|3:1|3:2|4:2|5:0|5:1|5:2|6:2|7:2|7:3|7:4|7:5|7:6|7:7|7:8|7:9|8:9|9:9,433
924,2652,0.08531531531531522,3.0,3.0,0.002469867061274927,3.002469867061275,26,victory,1,0,,0,23,21,0:0|1:0|2:0|3:0|3:1|3:2|4:2|5:0|5:1|5:2|6:2|7:2|7:3|7:4|7:5|7:6|7:7|7:8|7:9|8:9|9:9,433
925,2653,0.08432432432432435,3.0,3.0,0.0023414213562373094,3.0023414213562374,24,victory,1,0,,0,23,21,0:0|1:0|2:0|3:0|3:1|3:2|4:2|5:0|5:1|5:2|6:2|7:2|7:3|7:4|7:5|7:6|7:7|7:8|7:9|8:9|9:9,433
926,2654,0.08333333333333337,3.0,3.0,0.0022,3.0022,22,victory,1,0,,0,23,21,0:0|1:0|2:0|3:0|3:1|3:2|4:2|5:0|5:1|5:2|6:2|7:2|7:3|7:4|7:5|7:6|7:7|7:8|7:9|8:9|9:9,433
927,2655,0.08234234234234239,3.0,3.0,0.002590577739393581,3.0025905777393938,28,victory,1,0,,0,23,21,0:0|1:0|2:0|3:0|3:1|3:2|4:2|5:0|5:1|5:2|6:2|7:2|7:3|7:4|7:5|7:6|7:7|7:8|7:9|8:9|9:9,433
928,2656,0.08135135135135141,3.0,3.0,0.0026828427124746183,3.002682842712475,28,victory,1,0,,0,25,22,0:0|1:0|2:0|3:0|3:1|3:2|4:2|5:0|5:1|5:2|6:1|6:2|7:2|7:3|7:4|7:5|7:6|7:7|7:8|7:9|8:9|9:9,433
929,2657,0.08036036036036032,3.0,3.0,0.002270710678118655,3.0022707106781183,23,victory,1,0,,0,23,21,0:0|1:0|2:0|3:0|3:1|3:2|4:2|5:0|5:1|5:2|6:2|7:2|7:3|7:4|7:5|7:6|7:7|7:8|7:9|8:9|9:9,433
930,2658,0.07936936936936934,3.0,3.0,0.0023284457050376174,3.0023284457050377,24,victory,1,0,,0,23,21,0:0|1:0|2:0|3:0|3:1|3:2|4:2|5:0|5:1|5:2|6:2|7:2|7:3|7:4|7:5|7:6|7:7|7:8|7:9|8:9|9:9,433
931,2659,0.07837837837837835,3.0,3.0,0.0022,3.0022,22,victory,1,0,,0,23,21,0:0|1:0|2:0|3:0|3:1|3:2|4:2|5:0|5:1|5:2|6:2|7:2|7:3|7:4|7:5|7:6|7:7|7:8|7:9|8:9|9:9,433
932,2660,0.07738738738738737,3.0,3.0,0.0023707106781186544,3.002370710678119,24,victory,1,0,,0,24,22,0:0|1:0|2:0|3:0|3:1|3:2|4:2|4:3|5:0|5:1|5:2|6:2|7:2|7:3|7:4|7:5|7:6|7:7|7:8|7:9|8:9|9:9,433
933,2661,0.0763963963963964,3.0,3.0,0.002499156383156272,3.0024991563831565,26,victory,1,0,,0,24,21,0:0|1:0|2:0|3:0|3:1|3:2|4:2|5:0|5:1|5:2|6:2|7:2|7:3|7:4|7:5|7:6|7:7|7:8|7:9|8:9|9:9,433
934,2662,0.07540540540540541,3.0,3.0,0.0023414213562373094,3.0023414213562374,24,victory,1,0,,0,23,21,0:0|1:0|2:0|3:0|3:1|3:2|4:2|5:0|5:1|5:2|6:2|7:2|7:3|7:4|7:5|7:6|7:7|7:8|7:9|8:9|9:9,433
935,2663,0.07441441441441443,3.0,3.0,0.002270710678118655,3.0022707106781183,23,victory,1,0,,0,23,23,0:0|1:0|2:0|3:0|3:1|3:2|4:2|5:0|5:1|5:2|6:0|6:1|6:2|7:2|7:3|7:4|7:5|7:6|7:7|7:8|7:9|8:9|9:9,433
936,2664,0.07342342342342345,3.0,3.0,0.0027405777393935816,3.0027405777393934,29,victory,1,0,,0,25,23,0:0|1:0|2:0|3:0|3:1|3:2|4:2|5:0|5:1|5:2|6:2|6:9|7:2|7:3|7:4|7:5|7:6|7:7|7:8|7:9|8:8|8:9|9:9,433
937,2665,0.07243243243243247,3.0,3.0,0.0022,3.0022,22,victory,1,0,,0,23,21,0:0|1:0|2:0|3:0|3:1|3:2|4:2|5:0|5:1|5:2|6:2|7:2|7:3|7:4|7:5|7:6|7:7|7:8|7:9|8:9|9:9,433
938,2666,0.07144144144144149,3.0,3.0,0.0022707106781186545,3.0022707106781192,23,victory,1,0,,0,23,21,0:0|1:0|2:0|3:0|3:1|3:2|4:2|5:0|5:1|5:2|6:2|7:2|7:3|7:4|7:5|7:6|7:7|7:8|7:9|8:9|9:9,433
939,2667,0.0704504504504504,3.0,3.0,0.0024414213562373097,3.002441421356237,25,victory,1,0,,0,24,22,0:0|1:0|2:0|3:0|3:1|3:2|4:2|5:0|5:1|5:2|6:2|7:2|7:3|7:4|7:5|7:6|7:7|7:8|7:9|8:7|8:9|9:9,433
940,2668,0.06945945945945942,3.0,3.0,0.00234142135623731,3.0023414213562374,24,victory,1,0,,0,23,21,0:0|1:0|2:0|3:0|3:1|3:2|4:2|5:0|5:1|5:2|6:2|7:2|7:3|7:4|7:5|7:6|7:7|7:8|7:9|8:9|9:9,433
941,2669,0.06846846846846844,3.0,3.0,0.0022707106781186545,3.0022707106781192,23,victory,1,0,,0,23,21,0:0|1:0|2:0|3:0|3:1|3:2|4:2|5:0|5:1|5:2|6:2|7:2|7:3|7:4|7:5|7:6|7:7|7:8|7:9|8:9|9:9,433
942,2670,0.06747747747747745,3.0,3.0,0.00234142135623731,3.0023414213562374,24,victory,1,0,,0,23,21,0:0|1:0|2:0|3:0|3:1|3:2|4:2|5:0|5:1|5:2|6:2|7:2|7:3|7:4|7:5|7:6|7:7|7:8|7:9|8:9|9:9,433
943,2671,0.06648648648648658,3.0,3.0,0.0024121320343559642,3.0024121320343555,25,victory,1,0,,0,23,23,0:0|1:0|2:0|3:0|3:1|3:2|4:2|5:0|5:1|5:2|6:0|6:1|6:2|7:2|7:3|7:4|7:5|7:6|7:7|7:8|7:9|8:9|9:9,433
944,2672,0.06549549549549549,3.0,3.0,0.0025698670612749265,3.0025698670612746,27,victory,1,0,,0,24,22,0:0|1:0|2:0|3:0|3:1|3:2|4:2|5:0|5:1|5:2|6:1|6:2|7:2|7:3|7:4|7:5|7:6|7:7|7:8|7:9|8:9|9:9,433
945,2673,0.06450450450450451,3.0,3.0,0.0022,3.0022,22,victory,1,0,,0,23,23,0:0|1:0|2:0|3:0|3:1|3:2|4:2|5:0|5:1|5:2|6:0|6:1|6:2|7:2|7:3|7:4|7:5|7:6|7:7|7:8|7:9|8:9|9:9,433
946,2674,0.06351351351351353,3.0,3.0,0.0022,3.0022,22,victory,1,0,,0,23,21,0:0|1:0|2:0|3:0|3:1|3:2|4:2|5:0|5:1|5:2|6:2|7:2|7:3|7:4|7:5|7:6|7:7|7:8|7:9|8:9|9:9,433
947,2675,0.06252252252252255,3.0,3.0,0.0024121320343559642,3.0024121320343555,25,victory,1,0,,0,23,21,0:0|1:0|2:0|3:0|3:1|3:2|4:2|5:0|5:1|5:2|6:2|7:2|7:3|7:4|7:5|7:6|7:7|7:8|7:9|8:9|9:9,433
948,2676,0.06153153153153157,3.0,3.0,0.0022707106781186545,3.0022707106781192,23,victory,1,0,,0,23,21,0:0|1:0|2:0|3:0|3:1|3:2|4:2|5:0|5:1|5:2|6:2|7:2|7:3|7:4|7:5|7:6|7:7|7:8|7:9|8:9|9:9,433
949,2677,0.06054054054054048,3.0,3.0,0.002270710678118655,3.0022707106781183,23,victory,1,0,,0,23,21,0:0|1:0|2:0|3:0|3:1|3:2|4:2|5:0|5:1|5:2|6:2|7:2|7:3|7:4|7:5|7:6|7:7|7:8|7:9|8:9|9:9,433
950,2678,0.059549549549549496,3.0,3.0,0.0022707106781186545,3.0022707106781192,23,victory,1,0,,0,23,21,0:0|1:0|2:0|3:0|3:1|3:2|4:2|5:0|5:1|5:2|6:2|7:2|7:3|7:4|7:5|7:6|7:7|7:8|7:9|8:9|9:9,433
951,2679,0.05855855855855863,3.0,3.0,0.0022,3.0022,22,victory,1,0,,0,23,21,0:0|1:0|2:0|3:0|3:1|3:2|4:2|5:0|5:1|5:2|6:2|7:2|7:3|7:4|7:5|7:6|7:7|7:8|7:9|8:9|9:9,433
952,2680,0.057567567567567646,3.0,3.0,0.0024121320343559642,3.0024121320343564,25,victory,1,0,,0,23,21,0:0|1:0|2:0|3:0|3:1|3:2|4:2|5:0|5:1|5:2|6:2|7:2|7:3|7:4|7:5|7:6|7:7|7:8|7:9|8:9|9:9,433
953,2681,0.056576576576576665,3.0,3.0,0.0022,3.0022,22,victory,1,0,,0,23,23,0:0|1:0|2:0|3:0|3:1|3:2|4:2|5:0|5:1|5:2|6:0|6:1|6:2|7:2|7:3|7:4|7:5|7:6|7:7|7:8|7:9|8:9|9:9,433
954,2682,0.05558558558558557,3.0,3.0,0.0022,3.0022,22,victory,1,0,,0,23,21,0:0|1:0|2:0|3:0|3:1|3:2|4:2|5:0|5:1|5:2|6:2|7:2|7:3|7:4|7:5|7:6|7:7|7:8|7:9|8:9|9:9,433
955,2683,0.05459459459459459,3.0,3.0,0.0022707106781186545,3.0022707106781192,23,victory,1,0,,0,23,21,0:0|1:0|2:0|3:0|3:1|3:2|4:2|5:0|5:1|5:2|6:2|7:2|7:3|7:4|7:5|7:6|7:7|7:8|7:9|8:9|9:9,433
956,2684,0.05360360360360361,3.0,3.0,0.00234142135623731,3.0023414213562374,24,victory,1,0,,0,23,21,0:0|1:0|2:0|3:0|3:1|3:2|4:2|5:0|5:1|5:2|6:2|7:2|7:3|7:4|7:5|7:6|7:7|7:8|7:9|8:9|9:9,433
957,2685,0.05261261261261263,3.0,3.0,0.0022,3.0022,22,victory,1,0,,0,23,21,0:0|1:0|2:0|3:0|3:1|3:2|4:2|5:0|5:1|5:2|6:2|7:2|7:3|7:4|7:5|7:6|7:7|7:8|7:9|8:9|9:9,433
958,2686,0.05162162162162165,3.0,3.0,0.0024121320343559642,3.0024121320343555,25,victory,1,0,,0,23,21,0:0|1:0|2:0|3:0|3:1|3:2|4:2|5:0|5:1|5:2|6:2|7:2|7:3|7:4|7:5|7:6|7:7|7:8|7:9|8:9|9:9,433
959,2687,0.05063063063063056,3.0,3.0,0.002270710678118655,3.0022707106781183,23,victory,1,0,,0,23,21,0:0|1:0|2:0|3:0|3:1|3:2|4:2|5:0|5:1|5:2|6:2|7:2|7:3|7:4|7:5|7:6|7:7|7:8|7:9|8:9|9:9,433
960,2688,0.04963963963963969,3.0,3.0,0.0022707106781186545,3.0022707106781192,23,victory,1,0,,0,23,21,0:0|1:0|2:0|3:0|3:1|3:2|4:2|5:0|5:1|5:2|6:2|7:2|7:3|7:4|7:5|7:6|7:7|7:8|7:9|8:9|9:9,433
961,2689,0.04864864864864871,3.0,3.0,0.0022707106781186545,3.0022707106781192,23,victory,1,0,,0,23,21,0:0|1:0|2:0|3:0|3:1|3:2|4:2|5:0|5:1|5:2|6:2|7:2|7:3|7:4|7:5|7:6|7:7|7:8|7:9|8:9|9:9,433
962,2690,0.047657657657657726,3.0,3.0,0.0022,3.0022,22,victory,1,0,,0,23,21,0:0|1:0|2:0|3:0|3:1|3:2|4:2|5:0|5:1|5:2|6:2|7:2|7:3|7:4|7:5|7:6|7:7|7:8|7:9|8:9|9:9,433
963,2691,0.046666666666666745,3.0,3.0,0.0022707106781186545,3.0022707106781192,23,victory,1,0,,0,23,21,0:0|1:0|2:0|3:0|3:1|3:2|4:2|5:0|5:1|5:2|6:2|7:2|7:3|7:4|7:5|7:6|7:7|7:8|7:9|8:9|9:9,433
964,2692,0.04567567567567565,3.0,3.0,0.0022,3.0022,22,victory,1,0,,0,23,21,0:0|1:0|2:0|3:0|3:1|3:2|4:2|5:0|5:1|5:2|6:2|7:2|7:3|7:4|7:5|7:6|7:7|7:8|7:9|8:9|9:9,433
965,2693,0.04468468468468467,3.0,3.0,0.0022,3.0022,22,victory,1,0,,0,23,21,0:0|1:0|2:0|3:0|3:1|3:2|4:2|5:0|5:1|5:2|6:2|7:2|7:3|7:4|7:5|7:6|7:7|7:8|7:9|8:9|9:9,433
966,2694,0.04369369369369369,3.0,3.0,0.0022707106781186545,3.0022707106781183,23,victory,1,0,,0,23,21,0:0|1:0|2:0|3:0|3:1|3:2|4:2|5:0|5:1|5:2|6:2|7:2|7:3|7:4|7:5|7:6|7:7|7:8|7:9|8:9|9:9,433
967,2695,0.04270270270270271,3.0,3.0,0.002370710678118655,3.002370710678119,24,victory,1,0,,0,24,21,0:0|1:0|2:0|3:0|3:1|3:2|4:2|5:0|5:1|5:2|6:2|7:2|7:3|7:4|7:5|7:6|7:7|7:8|7:9|8:9|9:9,433
968,2696,0.04171171171171173,3.0,3.0,0.002370710678118655,3.002370710678119,24,victory,1,0,,0,24,22,0:0|1:0|2:0|3:0|3:1|3:2|4:2|5:0|5:1|5:2|6:2|6:4|7:2|7:3|7:4|7:5|7:6|7:7|7:8|7:9|8:9|9:9,433
969,2697,0.04072072072072075,3.0,3.0,0.0022707106781186545,3.0022707106781192,23,victory,1,0,,0,23,21,0:0|1:0|2:0|3:0|3:1|3:2|4:2|5:0|5:1|5:2|6:2|7:2|7:3|7:4|7:5|7:6|7:7|7:8|7:9|8:9|9:9,433
970,2698,0.03972972972972977,3.0,3.0,0.0022707106781186545,3.0022707106781192,23,victory,1,0,,0,23,21,0:0|1:0|2:0|3:0|3:1|3:2|4:2|5:0|5:1|5:2|6:2|7:2|7:3|7:4|7:5|7:6|7:7|7:8|7:9|8:9|9:9,433
971,2699,0.03873873873873879,3.0,3.0,0.0024568914100752343,3.002456891410075,26,victory,1,0,,0,23,21,0:0|1:0|2:0|3:0|3:1|3:2|4:2|5:0|5:1|5:2|6:2|7:2|7:3|7:4|7:5|7:6|7:7|7:8|7:9|8:9|9:9,433
972,2700,0.037747747747747806,3.0,3.0,0.0022,3.0022,22,victory,1,0,,0,23,21,0:0|1:0|2:0|3:0|3:1|3:2|4:2|5:0|5:1|5:2|6:2|7:2|7:3|7:4|7:5|7:6|7:7|7:8|7:9|8:9|9:9,433
973,2701,0.036756756756756714,3.0,3.0,0.0024414213562373092,3.002441421356237,25,victory,1,0,,0,24,22,0:0|1:0|2:0|3:0|3:1|3:2|4:2|5:0|5:1|5:2|6:2|7:2|7:3|7:4|7:5|7:6|7:7|7:8|7:9|8:7|8:9|9:9,433
974,2702,0.035765765765765734,3.0,3.0,0.0024707106781186546,3.0024707106781188,25,victory,1,0,,0,25,23,0:0|1:0|2:0|3:0|3:1|3:2|4:2|5:0|5:1|5:2|6:2|6:8|6:9|7:2|7:3|7:4|7:5|7:6|7:7|7:8|7:9|8:9|9:9,433
975,2703,0.03477477477477475,3.0,3.0,0.0023414213562373094,3.0023414213562374,24,victory,1,0,,0,23,21,0:0|1:0|2:0|3:0|3:1|3:2|4:2|5:0|5:1|5:2|6:2|7:2|7:3|7:4|7:5|7:6|7:7|7:8|7:9|8:9|9:9,433
976,2704,0.03378378378378377,3.0,3.0,0.0022707106781186545,3.0022707106781192,23,victory,1,0,,0,23,21,0:0|1:0|2:0|3:0|3:1|3:2|4:2|5:0|5:1|5:2|6:2|7:2|7:3|7:4|7:5|7:6|7:7|7:8|7:9|8:9|9:9,433
977,2705,0.03279279279279279,3.0,3.0,0.00234142135623731,3.0023414213562374,24,victory,1,0,,0,23,21,0:0|1:0|2:0|3:0|3:1|3:2|4:2|5:0|5:1|5:2|6:2|7:2|7:3|7:4|7:5|7:6|7:7|7:8|7:9|8:9|9:9,433
978,2706,0.03180180180180181,3.0,3.0,0.0022,3.0022,22,victory,1,0,,0,23,21,0:0|1:0|2:0|3:0|3:1|3:2|4:2|5:0|5:1|5:2|6:2|7:2|7:3|7:4|7:5|7:6|7:7|7:8|7:9|8:9|9:9,433
979,2707,0.03081081081081083,3.0,3.0,0.0022,3.0022,22,victory,1,0,,0,23,21,0:0|1:0|2:0|3:0|3:1|3:2|4:2|5:0|5:1|5:2|6:2|7:2|7:3|7:4|7:5|7:6|7:7|7:8|7:9|8:9|9:9,433
980,2708,0.02981981981981985,3.0,3.0,0.0022,3.0022,22,victory,1,0,,0,23,21,0:0|1:0|2:0|3:0|3:1|3:2|4:2|5:0|5:1|5:2|6:2|7:2|7:3|7:4|7:5|7:6|7:7|7:8|7:9|8:9|9:9,433
981,2709,0.028828828828828867,3.0,3.0,0.0022,3.0022,22,victory,1,0,,0,23,21,0:0|1:0|2:0|3:0|3:1|3:2|4:2|5:0|5:1|5:2|6:2|7:2|7:3|7:4|7:5|7:6|7:7|7:8|7:9|8:9|9:9,433
982,2710,0.027837837837837887,3.0,3.0,0.0024828427124746187,3.0024828427124746,26,victory,1,0,,0,23,21,0:0|1:0|2:0|3:0|3:1|3:2|4:2|5:0|5:1|5:2|6:2|7:2|7:3|7:4|7:5|7:6|7:7|7:8|7:9|8:9|9:9,433
983,2711,0.026846846846846795,3.0,3.0,0.0023414213562373094,3.0023414213562374,24,victory,1,0,,0,23,21,0:0|1:0|2:0|3:0|3:1|3:2|4:2|5:0|5:1|5:2|6:2|7:2|7:3|7:4|7:5|7:6|7:7|7:8|7:9|8:9|9:9,433
984,2712,0.025855855855855814,3.0,3.0,0.0022,3.0022,22,victory,1,0,,0,23,21,0:0|1:0|2:0|3:0|3:1|3:2|4:2|5:0|5:1|5:2|6:2|7:2|7:3|7:4|7:5|7:6|7:7|7:8|7:9|8:9|9:9,433
985,2713,0.024864864864864833,3.0,3.0,0.0022,3.0022,22,victory,1,0,,0,23,21,0:0|1:0|2:0|3:0|3:1|3:2|4:2|5:0|5:1|5:2|6:2|7:2|7:3|7:4|7:5|7:6|7:7|7:8|7:9|8:9|9:9,433
986,2714,0.023873873873873852,3.0,3.0,0.0022,3.0022,22,victory,1,0,,0,23,21,0:0|1:0|2:0|3:0|3:1|3:2|4:2|5:0|5:1|5:2|6:2|7:2|7:3|7:4|7:5|7:6|7:7|7:8|7:9|8:9|9:9,433
987,2715,0.022882882882882982,3.0,3.0,0.0022,3.0022,22,victory,1,0,,0,23,21,0:0|1:0|2:0|3:0|3:1|3:2|4:2|5:0|5:1|5:2|6:2|7:2|7:3|7:4|7:5|7:6|7:7|7:8|7:9|8:9|9:9,433
988,2716,0.02189189189189189,3.0,3.0,0.0022,3.0022,22,victory,1,0,,0,23,21,0:0|1:0|2:0|3:0|3:1|3:2|4:2|5:0|5:1|5:2|6:2|7:2|7:3|7:4|7:5|7:6|7:7|7:8|7:9|8:9|9:9,433
989,2717,0.02090090090090091,3.0,3.0,0.0022,3.0022,22,victory,1,0,,0,23,21,0:0|1:0|2:0|3:0|3:1|3:2|4:2|5:0|5:1|5:2|6:2|7:2|7:3|7:4|7:5|7:6|7:7|7:8|7:9|8:9|9:9,433
990,2718,0.01990990990990993,3.0,3.0,0.0022,3.0022,22,victory,1,0,,0,23,21,0:0|1:0|2:0|3:0|3:1|3:2|4:2|5:0|5:1|5:2|6:2|7:2|7:3|7:4|7:5|7:6|7:7|7:8|7:9|8:9|9:9,433
991,2719,0.018918918918918948,3.0,3.0,0.0022,3.0022,22,victory,1,0,,0,23,21,0:0|1:0|2:0|3:0|3:1|3:2|4:2|5:0|5:1|5:2|6:2|7:2|7:3|7:4|7:5|7:6|7:7|7:8|7:9|8:9|9:9,433
992,2720,0.017927927927927967,3.0,3.0,0.0022,3.0022,22,victory,1,0,,0,23,21,0:0|1:0|2:0|3:0|3:1|3:2|4:2|5:0|5:1|5:2|6:2|7:2|7:3|7:4|7:5|7:6|7:7|7:8|7:9|8:9|9:9,433
993,2721,0.016936936936936875,3.0,3.0,0.0022,3.0022,22,victory,1,0,,0,23,21,0:0|1:0|2:0|3:0|3:1|3:2|4:2|5:0|5:1|5:2|6:2|7:2|7:3|7:4|7:5|7:6|7:7|7:8|7:9|8:9|9:9,433
994,2722,0.015945945945945894,3.0,3.0,0.0022,3.0022,22,victory,1,0,,0,23,21,0:0|1:0|2:0|3:0|3:1|3:2|4:2|5:0|5:1|5:2|6:2|7:2|7:3|7:4|7:5|7:6|7:7|7:8|7:9|8:9|9:9,433
995,2723,0.014954954954954913,3.0,3.0,0.0022,3.0022,22,victory,1,0,,0,23,21,0:0|1:0|2:0|3:0|3:1|3:2|4:2|5:0|5:1|5:2|6:2|7:2|7:3|7:4|7:5|7:6|7:7|7:8|7:9|8:9|9:9,433
996,2724,0.013963963963964043,3.0,3.0,0.002270710678118655,3.0022707106781183,23,victory,1,0,,0,23,21,0:0|1:0|2:0|3:0|3:1|3:2|4:2|5:0|5:1|5:2|6:2|7:2|7:3|7:4|7:5|7:6|7:7|7:8|7:9|8:9|9:9,433
997,2725,0.012972972972973063,3.0,3.0,0.00234142135623731,3.0023414213562374,24,victory,1,0,,0,23,21,0:0|1:0|2:0|3:0|3:1|3:2|4:2|5:0|5:1|5:2|6:2|7:2|7:3|7:4|7:5|7:6|7:7|7:8|7:9|8:9|9:9,433
998,2726,0.01198198198198197,3.0,3.0,0.0022,3.0022,22,victory,1,0,,0,23,21,0:0|1:0|2:0|3:0|3:1|3:2|4:2|5:0|5:1|5:2|6:2|7:2|7:3|7:4|7:5|7:6|7:7|7:8|7:9|8:9|9:9,433
999,2727,0.01099099099099099,3.0,3.0,0.0022,3.0022,22,victory,1,0,,0,23,21,0:0|1:0|2:0|3:0|3:1|3:2|4:2|5:0|5:1|5:2|6:2|7:2|7:3|7:4|7:5|7:6|7:7|7:8|7:9|8:9|9:9,433
1000,2728,0.010000000000000009,3.0,3.0,0.0022,3.0022,22,victory,1,0,,0,23,21,0:0|1:0|2:0|3:0|3:1|3:2|4:2|5:0|5:1|5:2|6:2|7:2|7:3|7:4|7:5|7:6|7:7|7:8|7:9|8:9|9:9,433
