episode,seed,epsilon,episode_reward,extrinsic_reward,intrinsic_reward,learning_reward,steps,status,victory,death,death_cause,truncated,unique_states,unique_positions,visited_positions,q_table_states
1,1729,1.0,2.0,2.0,0.0,2.0,250,truncated,0,0,,1,62,48,0:0|0:1|0:2|0:4|0:5|0:6|0:7|1:0|1:1|1:2|1:4|1:5|1:6|1:7|1:8|2:0|2:1|2:2|2:4|2:5|2:6|2:7|3:0|3:1|3:2|3:3|3:4|4:0|4:1|4:2|4:3|4:4|4:5|4:6|5:0|5:1|5:2|5:3|5:5|5:6|5:7|6:3|6:5|6:6|7:4|7:5|7:6|8:4,62
2,1730,0.9993395597064709,1.0,1.0,0.0,1.0,250,truncated,0,0,,1,36,25,0:0|0:1|0:2|1:0|1:1|1:2|2:0|2:1|2:2|2:4|3:0|3:1|3:2|3:3|3:4|4:0|4:1|4:2|4:3|4:4|4:5|5:0|5:1|5:2|5:3,68
3,1731,0.998679119412942,2.0,2.0,0.0,2.0,250,truncated,0,0,,1,93,49,0:0|0:1|0:2|0:4|1:0|1:1|1:2|1:4|1:5|2:0|2:1|2:2|2:4|2:5|2:6|3:0|3:1|3:2|3:3|3:4|4:0|4:1|4:2|4:3|4:4|4:5|4:6|4:7|4:8|4:9|5:0|5:1|5:3|5:5|5:6|5:7|5:8|5:9|6:3|6:5|6:6|6:7|6:8|6:9|7:3|7:4|7:5|7:6|7:7,150
4,1732,0.9980186791194129,3.0,3.0,0.0,3.0,250,truncated,0,0,,1,70,63,0:0|0:1|0:7|0:8|1:0|1:1|1:6|1:7|1:8|1:9|2:0|2:1|2:7|2:8|3:0|3:1|3:3|3:4|3:8|3:9|4:0|4:1|4:2|4:3|4:5|4:6|4:7|4:8|4:9|5:1|5:2|5:3|5:5|5:6|5:8|5:9|6:3|6:5|6:6|6:7|6:9|7:0|7:1|7:2|7:3|7:4|7:5|7:9|8:0|8:1|8:2|8:3|8:4|8:9|9:0|9:1|9:3|9:4|9:5|9:6|9:7|9:8|9:9,198
5,1733,0.9973582388258839,2.0,2.0,0.0,2.0,250,truncated,0,0,,1,93,62,0:0|0:1|0:8|0:9|1:0|1:1|1:2|1:4|1:5|1:7|1:8|1:9|2:0|2:1|2:2|2:5|2:6|2:7|2:8|2:9|3:0|3:1|3:2|3:8|3:9|4:0|4:1|4:2|4:5|4:7|4:8|4:9|5:2|5:3|5:5|5:6|5:7|5:8|5:9|6:3|6:5|6:6|6:7|6:8|6:9|7:2|7:3|7:4|7:6|7:7|7:9|8:2|8:3|8:4|8:9|9:3|9:4|9:5|9:6|9:7|9:8|9:9,247
6,1734,0.9966977985323549,1.0,1.0,0.0,1.0,250,truncated,0,0,,1,37,37,0:0|0:1|0:2|1:0|1:1|1:2|2:0|2:1|2:2|3:0|3:1|3:2|4:0|4:1|4:2|4:3|5:0|5:1|5:2|5:3|6:3|6:5|7:0|7:1|7:2|7:3|7:4|7:5|8:0|8:1|8:2|8:3|8:4|9:0|9:1|9:2|9:3,248
7,1735,0.9960373582388259,1.0,1.0,0.0,1.0,250,truncated,0,0,,1,54,40,0:0|0:1|0:2|1:0|1:1|1:2|2:0|2:1|2:2|3:0|3:1|3:2|3:3|3:4|4:0|4:1|4:2|4:3|4:4|4:5|4:6|4:7|5:0|5:1|5:2|5:3|5:5|5:6|5:7|5:8|6:3|6:5|6:6|6:7|6:8|6:9|7:5|7:6|7:7|7:8,253
8,1736,0.9953769179452968,2.0,2.0,0.0,2.0,250,truncated,0,0,,1,76,56,0:0|0:1|0:2|0:4|0:5|0:6|1:0|1:1|1:2|1:4|1:5|1:6|1:7|1:8|2:0|2:1|2:2|2:4|2:5|2:6|2:7|2:8|2:9|3:0|3:1|3:3|3:4|3:8|3:9|4:1|4:2|4:3|4:4|4:5|4:6|4:7|4:8|4:9|5:1|5:2|5:3|5:5|5:6|5:7|5:8|5:9|6:5|6:6|6:7|6:8|6:9|7:5|7:6|7:7|7:8|7:9,267
9,1737,0.9947164776517678,1.0,1.0,0.0,1.0,250,truncated,0,0,,1,49,40,0:0|0:1|0:2|1:0|1:1|1:2|2:0|2:1|2:2|3:0|3:1|3:2|3:3|4:0|4:1|4:2|4:3|4:4|4:5|5:0|5:1|5:2|5:3|5:5|5:6|6:3|6:5|6:6|7:3|7:4|7:5|7:6|8:2|8:3|8:4|9:2|9:3|9:4|9:5|9:6,268
10,1738,0.9940560373582388,1.0,1.0,0.0,1.0,250,truncated,0,0,,1,31,19,0:0|0:1|0:2|1:0|1:1|1:2|2:0|2:1|2:2|3:0|3:1|3:2|3:3|3:4|4:0|4:1|4:2|4:3|5:1,268
11,1739,0.9933955970647098,1.0,1.0,0.0,1.0,250,truncated,0,0,,1,50,36,0:0|0:1|0:2|1:0|1:1|1:2|2:0|2:1|2:2|3:0|3:1|3:2|3:3|3:4|4:0|4:1|4:2|4:3|4:4|5:0|5:2|5:3|6:3|7:0|7:1|7:2|7:3|7:4|8:0|8:1|8:2|8:3|8:4|9:1|9:2|9:3,268
12,1740,0.9927351567711807,1.0,1.0,0.0,1.0,250,truncated,0,0,,1,47,36,0:0|0:1|0:2|0:4|0:5|0:6|0:7|0:8|0:9|1:0|1:1|1:2|1:4|1:5|1:6|1:7|1:8|1:9|2:1|2:2|2:4|2:5|2:6|2:7|2:8|2:9|3:2|3:3|3:4|3:8|3:9|4:8|4:9|5:8|5:9|6:8,304
13,1741,0.9920747164776518,1.0,1.0,0.0,1.0,250,truncated,0,0,,1,36,25,0:0|0:1|0:2|1:0|1:1|1:2|2:0|2:1|2:2|2:4|3:0|3:1|3:2|3:3|3:4|4:0|4:1|4:2|4:3|4:4|5:0|5:1|5:2|5:3|6:3,304
14,1742,0.9914142761841227,1.0,1.0,0.0,1.0,250,truncated,0,0,,1,36,23,0:0|0:1|0:2|1:0|1:1|1:2|2:0|2:1|2:2|2:4|3:0|3:1|3:2|3:3|3:4|4:0|4:1|4:2|4:3|4:4|5:0|5:1|5:2,304
15,1743,0.9907538358905937,1.0,1.0,0.0,1.0,250,truncated,0,0,,1,34,23,0:0|0:1|0:2|1:0|1:1|1:2|2:0|2:1|2:2|3:0|3:1|3:2|3:3|3:4|4:0|4:1|4:2|4:3|4:4|5:0|5:1|5:2|5:3,304
16,1744,0.9900933955970647,1.0,1.0,0.0,1.0,250,truncated,0,0,,1,27,17,0:0|0:1|0:2|1:0|1:1|1:2|2:0|2:1|2:2|3:0|3:1|3:2|3:3|4:0|4:1|4:2|5:2,304
17,1745,0.9894329553035357,1.0,1.0,0.0,1.0,250,truncated,0,0,,1,48,40,0:0|0:2|0:4|0:5|0:6|0:7|0:8|0:9|1:0|1:1|1:2|1:4|1:5|1:6|1:7|1:8|1:9|2:0|2:1|2:2|2:4|2:5|2:6|2:7|2:8|2:9|3:0|3:1|3:2|3:3|3:4|3:8|3:9|4:0|4:1|4:8|4:9|5:8|5:9|6:8,307
18,1746,0.9887725150100066,1.0,1.0,0.0,1.0,250,truncated,0,0,,1,35,25,0:0|0:1|0:2|1:0|1:1|1:2|2:0|2:1|2:2|2:4|3:0|3:1|3:2|3:3|3:4|4:0|4:1|4:2|4:3|4:4|5:0|5:1|5:2|5:3|6:3,307
19,1747,0.9881120747164777,1.0,1.0,0.0,1.0,250,truncated,0,0,,1,38,23,0:0|0:1|0:2|1:0|1:1|1:2|2:0|2:1|2:2|3:0|3:1|3:2|3:3|3:4|4:0|4:1|4:2|4:3|5:0|5:1|5:2|5:3|6:3,307
20,1748,0.9874516344229486,2.0,2.0,0.0,2.0,250,truncated,0,0,,1,69,44,0:0|0:1|0:4|0:5|0:6|0:7|0:8|0:9|1:1|1:4|1:5|1:6|1:7|1:8|1:9|2:1|2:4|2:5|2:6|2:7|2:8|2:9|3:1|3:2|3:3|3:4|3:8|3:9|4:2|4:3|4:4|4:7|4:8|4:9|5:1|5:2|5:3|5:7|5:8|5:9|6:7|6:8|6:9|7:9,313
21,1749,0.9867911941294196,1.0,1.0,0.0,1.0,250,truncated,0,0,,1,79,51,0:0|0:1|0:2|0:4|0:5|0:6|0:7|0:8|0:9|1:0|1:1|1:2|1:4|1:5|1:6|1:7|1:8|2:0|2:1|2:2|2:4|2:5|2:6|2:8|3:0|3:1|3:2|3:3|3:4|3:8|3:9|4:3|4:4|4:5|4:6|4:7|4:8|4:9|5:5|5:6|5:7|5:8|5:9|6:5|6:6|6:7|6:8|6:9|7:7|7:8|7:9,365
22,1750,0.9861307538358906,1.0,1.0,0.0,1.0,250,truncated,0,0,,1,38,24,0:0|0:1|0:2|1:0|1:1|1:2|2:0|2:1|2:2|3:0|3:1|3:2|3:3|3:4|4:0|4:1|4:2|4:3|4:4|5:0|5:1|5:2|5:3|6:3,365
23,1751,0.9854703135423616,1.0,1.0,0.0,1.0,250,truncated,0,0,,1,68,51,0:0|0:1|0:2|0:4|0:5|1:0|1:1|1:2|1:4|1:5|1:6|1:7|1:8|2:0|2:1|2:2|2:4|2:5|2:8|3:0|3:1|3:2|3:3|3:4|3:8|4:0|4:1|4:2|4:3|4:4|4:5|4:6|4:7|4:8|4:9|5:0|5:1|5:2|5:3|5:5|5:6|5:7|5:8|5:9|6:5|6:6|6:7|6:8|6:9|7:7|7:8,378
24,1752,0.9848098732488325,1.0,1.0,0.0,1.0,250,truncated,0,0,,1,74,59,0:0|1:0|1:1|1:7|1:8|1:9|2:1|2:7|2:8|2:9|3:0|3:1|3:2|3:3|3:4|3:8|3:9|4:0|4:1|4:2|4:3|4:4|4:5|4:6|4:7|4:8|4:9|5:0|5:1|5:2|5:3|5:5|5:6|5:7|5:8|5:9|6:3|6:5|6:6|6:7|6:8|6:9|7:2|7:3|7:4|7:5|7:6|7:7|7:8|7:9|8:1|8:2|8:3|8:4|9:1|9:2|9:3|9:4|9:5,393
25,1753,0.9841494329553035,1.0,1.0,0.0,1.0,250,truncated,0,0,,1,49,48,0:0|0:1|0:2|1:0|1:1|1:2|2:0|2:1|2:2|3:2|3:3|3:4|4:2|4:3|4:4|5:2|5:3|5:7|5:8|6:3|6:6|6:7|6:8|6:9|7:0|7:1|7:2|7:3|7:4|7:6|7:7|7:9|8:0|8:1|8:2|8:3|8:4|8:9|9:0|9:1|9:2|9:3|9:4|9:5|9:6|9:7|9:8|9:9,394
26,1754,0.9834889926617745,1.0,1.0,0.0,1.0,250,truncated,0,0,,1,50,43,0:0|0:1|0:2|1:0|1:1|1:2|2:0|2:1|2:2|3:0|3:2|3:3|4:0|4:1|4:2|4:3|5:0|5:2|5:3|5:8|6:3|6:5|6:6|6:7|6:8|7:0|7:1|7:2|7:3|7:4|7:5|7:6|7:7|8:0|8:1|8:2|8:3|8:4|9:1|9:2|9:3|9:4|9:5,397
27,1755,0.9828285523682455,1.0,1.0,0.0,1.0,250,truncated,0,0,,1,47,33,0:0|0:1|0:2|1:0|1:1|1:2|2:0|2:1|2:2|3:0|3:1|3:2|3:3|4:0|4:1|4:2|4:3|4:4|4:5|4:6|4:7|4:8|5:0|5:1|5:2|5:5|5:6|5:7|6:5|6:6|6:7|7:6|7:7,397
28,1756,0.9821681120747164,1.0,1.0,0.0,1.0,250,truncated,0,0,,1,46,31,0:0|0:1|0:2|0:4|1:0|1:1|1:2|1:4|1:5|2:0|2:1|2:2|2:4|2:5|3:0|3:1|3:2|3:3|3:4|4:0|4:1|4:2|4:3|4:4|4:5|5:0|5:1|5:2|5:3|6:3|7:3,397
29,1757,0.9815076717811875,2.0,2.0,0.0,2.0,250,truncated,0,0,,1,39,32,0:0|0:1|0:2|1:0|1:1|1:2|1:4|1:5|1:6|1:7|2:0|2:1|2:2|2:4|2:5|2:6|2:7|3:0|3:1|3:2|3:3|3:4|4:0|4:1|4:2|4:3|4:4|4:5|5:0|5:1|5:2|5:3,397
30,1758,0.9808472314876584,2.0,2.0,0.0,2.0,250,truncated,0,0,,1,57,43,0:0|0:1|0:2|0:4|0:5|0:6|0:7|0:8|0:9|1:0|1:1|1:2|1:4|1:5|1:6|1:7|1:8|1:9|2:0|2:1|2:2|2:4|2:5|2:6|2:7|2:8|2:9|3:0|3:1|3:2|3:3|3:4|3:9|4:0|4:1|4:2|4:3|4:4|4:5|4:9|5:1|5:2|5:3,397
31,1759,0.9801867911941294,1.0,1.0,0.0,1.0,250,truncated,0,0,,1,65,43,0:0|0:1|0:2|1:0|1:1|1:2|2:0|2:1|2:2|2:4|2:5|3:1|3:2|3:3|3:4|4:1|4:2|4:3|4:4|4:5|4:6|4:7|4:8|5:0|5:1|5:2|5:3|5:5|5:6|5:7|5:8|5:9|6:3|6:5|6:6|6:7|6:8|6:9|7:5|7:6|7:7|7:8|7:9,399
32,1760,0.9795263509006004,2.0,2.0,0.0,2.0,250,truncated,0,0,,1,64,58,0:0|0:1|0:2|0:5|0:6|0:7|0:8|0:9|1:0|1:1|1:2|1:5|1:6|1:7|1:8|1:9|2:0|2:1|2:2|2:4|2:5|2:6|2:7|2:8|2:9|3:0|3:1|3:2|3:3|3:4|3:8|3:9|4:0|4:1|4:2|4:3|4:4|4:5|4:7|4:8|4:9|5:0|5:1|5:2|5:3|5:7|5:9|6:3|6:6|6:7|6:8|6:9|7:3|7:6|7:7|7:8|7:9|8:3,400
33,1761,0.9788659106070714,1.0,1.0,0.0,1.0,250,truncated,0,0,,1,72,56,0:0|0:1|0:4|0:5|0:6|0:7|0:8|0:9|1:1|1:2|1:4|1:5|1:6|1:7|1:8|1:9|2:1|2:2|2:4|2:7|2:8|2:9|3:0|3:1|3:2|3:3|3:4|3:8|3:9|4:0|4:1|4:2|4:3|4:4|4:5|4:6|4:7|4:8|4:9|5:1|5:2|5:5|5:6|5:7|5:8|5:9|6:5|6:6|6:7|6:8|6:9|7:5|7:6|7:7|7:8|7:9,402
34,1762,0.9782054703135423,1.0,1.0,0.0,1.0,250,truncated,0,0,,1,54,40,0:0|0:1|0:2|1:0|1:1|1:2|2:0|2:1|2:2|2:8|3:2|3:3|3:4|3:8|4:2|4:3|4:4|4:5|4:6|4:7|4:8|5:3|5:5|5:6|5:7|5:8|5:9|6:3|6:5|6:6|6:7|6:8|6:9|7:3|7:4|7:5|7:6|7:7|7:8|7:9,402
35,1763,0.9775450300200134,1.0,1.0,0.0,1.0,250,truncated,0,0,,1,34,21,0:0|0:1|0:2|1:0|1:1|1:2|2:0|2:1|2:2|3:0|3:1|3:2|3:3|4:0|4:1|4:2|4:3|5:0|5:1|5:2|5:3,402
36,1764,0.9768845897264843,1.0,1.0,0.0,1.0,250,truncated,0,0,,1,42,42,0:0|0:1|0:2|1:0|1:1|1:2|1:4|2:0|2:1|2:2|2:4|2:5|2:6|3:0|3:1|3:2|3:3|3:4|4:0|4:1|4:3|4:4|5:0|5:1|5:2|5:3|6:3|7:0|7:1|7:3|7:4|7:5|8:0|8:1|8:2|8:3|8:4|9:0|9:1|9:2|9:3|9:4,416
37,1765,0.9762241494329553,2.0,2.0,0.0,2.0,250,truncated,0,0,,1,80,51,0:0|0:4|0:5|0:6|0:7|0:8|0:9|1:0|1:1|1:4|1:5|1:6|1:7|1:8|1:9|2:0|2:1|2:2|2:4|2:5|2:6|2:7|2:8|2:9|3:0|3:1|3:2|3:3|3:4|3:8|3:9|4:0|4:1|4:2|4:3|4:4|4:7|4:8|4:9|5:0|5:1|5:2|5:3|5:7|5:8|5:9|6:6|6:7|6:8|7:5|7:6,418
38,1766,0.9755637091394262,2.0,2.0,0.0,2.0,250,truncated,0,0,,1,59,44,0:0|0:1|0:2|0:4|0:5|1:0|1:1|1:2|1:4|1:5|1:6|2:0|2:1|2:2|2:4|2:5|2:6|2:7|3:0|3:1|3:2|3:3|3:4|4:2|4:4|4:5|4:6|4:7|4:8|5:5|5:6|5:7|5:8|5:9|6:5|6:6|6:7|6:8|6:9|7:5|7:6|7:7|7:8|7:9,418
39,1767,0.9749032688458973,1.0,1.0,0.0,1.0,250,truncated,0,0,,1,65,40,0:0|0:1|1:0|1:1|2:0|2:1|2:2|3:0|3:1|3:2|3:3|3:4|4:0|4:1|4:2|4:3|4:4|4:5|4:6|4:7|4:8|4:9|5:0|5:1|5:2|5:3|5:5|5:6|5:7|5:8|5:9|6:3|6:5|6:6|6:7|6:8|6:9|7:5|7:6|7:7,418
40,1768,0.9742428285523682,2.0,2.0,0.0,2.0,250,truncated,0,0,,1,74,50,0:0|0:1|0:4|0:5|0:6|0:7|0:8|0:9|1:0|1:1|1:2|1:4|1:5|1:6|1:7|1:8|1:9|2:0|2:1|2:2|2:4|2:5|2:6|2:7|2:8|2:9|3:0|3:1|3:2|3:8|3:9|4:0|4:1|4:2|4:3|4:4|4:5|4:7|4:8|4:9|5:1|5:2|5:3|5:5|5:6|5:7|5:9|6:5|6:8|6:9,418
41,1769,0.9735823882588392,2.0,2.0,0.0,2.0,250,truncated,0,0,,1,64,42,0:0|0:1|0:4|0:5|0:6|0:7|0:8|0:9|1:0|1:1|1:4|1:5|1:6|1:7|1:8|1:9|2:0|2:1|2:2|2:4|2:5|2:6|2:7|3:0|3:1|3:2|3:3|3:4|4:0|4:1|4:2|4:3|4:4|5:1|5:2|5:3|6:3|7:3|7:4|8:3|8:4|9:3,418
42,1770,0.9729219479653102,1.0,1.0,0.0,1.0,250,truncated,0,0,,1,53,43,0:0|0:1|0:2|1:0|1:1|1:2|2:0|2:1|2:2|3:0|3:1|3:2|3:3|3:4|4:0|4:1|4:2|4:3|4:4|4:5|5:0|5:1|5:2|5:3|5:5|6:3|6:5|6:6|6:7|7:0|7:1|7:2|7:3|7:4|7:5|7:6|7:7|8:0|8:1|8:2|9:0|9:1|9:2,419
43,1771,0.9722615076717812,2.0,2.0,0.0,2.0,250,truncated,0,0,,1,67,58,0:0|0:2|0:6|0:7|1:0|1:1|1:2|1:6|1:7|2:0|2:1|2:2|2:4|2:5|2:6|2:7|2:8|3:0|3:1|3:2|3:3|3:4|3:8|4:0|4:1|4:2|4:3|4:4|4:5|4:6|4:7|4:8|4:9|5:0|5:1|5:2|5:3|5:5|5:6|5:7|5:8|5:9|6:3|6:6|6:7|6:8|7:1|7:2|7:3|7:4|7:5|7:6|8:1|8:2|8:3|9:2|9:3|9:4,430
44,1772,0.9716010673782521,2.0,2.0,0.0,2.0,250,truncated,0,0,,1,75,53,0:0|0:1|0:2|0:4|0:5|0:6|0:7|0:8|1:0|1:1|1:2|1:4|1:5|1:6|1:7|1:8|1:9|2:0|2:1|2:2|2:4|2:5|2:6|2:9|3:0|3:1|3:2|3:3|3:4|3:9|4:0|4:1|4:2|4:3|4:4|4:5|4:6|4:7|4:8|4:9|5:0|5:1|5:2|5:3|5:5|5:6|5:7|5:8|6:5|6:6|6:7|6:8|7:5,432
45,1773,0.9709406270847232,1.0,1.0,0.0,1.0,250,truncated,0,0,,1,40,33,0:0|0:1|0:2|0:4|0:5|0:6|0:7|0:8|0:9|1:0|1:1|1:2|1:4|1:5|1:6|1:7|1:8|1:9|2:0|2:1|2:2|2:4|2:5|2:6|2:7|2:8|2:9|3:0|3:2|3:3|3:4|3:8|3:9,432
46,1774,0.9702801867911941,2.0,2.0,0.0,2.0,250,truncated,0,0,,1,71,51,0:0|0:1|1:1|1:2|2:1|2:2|3:1|3:2|3:3|4:1|4:3|4:5|4:6|4:7|5:3|5:5|5:6|5:7|5:8|6:3|6:5|6:6|6:7|6:8|6:9|7:0|7:1|7:2|7:3|7:4|7:5|7:6|7:7|7:8|7:9|8:0|8:1|8:2|8:3|8:4|8:9|9:0|9:1|9:2|9:3|9:4|9:5|9:6|9:7|9:8|9:9,460
47,1775,0.9696197464976651,1.0,1.0,0.0,1.0,250,truncated,0,0,,1,48,46,0:0|0:1|1:0|1:1|2:0|2:1|2:2|3:0|3:1|3:2|3:3|4:0|4:1|4:2|4:3|4:4|4:5|4:6|4:7|4:8|5:1|5:2|5:3|5:5|5:6|6:3|6:5|6:6|7:0|7:1|7:2|7:3|7:4|7:5|7:6|8:0|8:1|8:2|8:3|8:4|9:0|9:1|9:2|9:3|9:4|9:5,460
48,1776,0.9689593062041361,2.0,2.0,0.0,2.0,250,truncated,0,0,,1,53,46,0:0|0:1|0:2|0:4|0:5|1:2|1:4|1:5|2:2|2:4|2:5|2:6|3:1|3:2|3:3|3:4|4:1|4:2|4:3|4:4|4:5|4:6|4:7|5:1|5:2|5:3|5:6|5:7|6:3|6:5|7:0|7:1|7:2|7:3|7:4|7:5|8:0|8:1|8:2|8:3|8:4|9:0|9:1|9:2|9:3|9:4,478
49,1777,0.9682988659106071,1.0,1.0,0.0,1.0,250,truncated,0,0,,1,46,39,0:0|0:1|0:2|1:0|1:1|1:2|2:0|2:1|2:2|2:4|3:1|3:2|3:3|3:4|4:0|4:1|4:2|4:3|4:4|5:0|5:1|5:2|5:3|6:3|7:2|7:3|7:4|8:2|8:3|8:4|8:9|9:2|9:3|9:4|9:5|9:6|9:7|9:8|9:9,478
50,1778,0.967638425617078,2.0,2.0,0.0,2.0,250,truncated,0,0,,1,73,56,0:0|0:1|0:4|0:7|0:8|1:0|1:4|1:5|1:6|1:7|1:8|2:0|2:1|2:2|2:4|2:5|2:6|2:7|2:8|3:0|3:1|3:2|3:3|3:4|4:0|4:1|4:2|4:3|4:4|4:5|4:6|5:0|5:1|5:2|5:3|5:5|5:6|5:7|6:3|6:6|6:7|6:8|6:9|7:1|7:2|7:3|7:4|7:5|7:6|7:7|7:8|7:9|8:1|8:2|8:3|8:9,478
51,1779,0.9669779853235491,2.0,2.0,0.0,2.0,250,truncated,0,0,,1,51,31,0:0|0:1|0:2|0:4|0:5|0:6|1:0|1:1|1:2|1:4|1:5|1:6|1:7|2:0|2:1|2:2|2:4|2:5|2:6|2:7|3:0|3:1|3:2|3:3|3:4|4:0|4:1|4:2|4:3|4:4|5:2,478
52,1780,0.96631754503002,1.0,1.0,0.0,1.0,250,truncated,0,0,,1,62,47,0:0|0:1|0:2|1:0|1:1|1:2|2:0|2:1|2:2|3:0|3:1|3:2|3:3|3:8|3:9|4:0|4:1|4:2|4:3|4:4|4:5|4:6|4:7|4:8|5:0|5:1|5:2|5:3|5:5|5:6|5:7|5:8|5:9|6:3|6:5|6:6|6:7|6:8|6:9|7:4|7:5|7:6|7:7|7:8|7:9|8:4|8:9,478
53,1781,0.965657104736491,2.0,2.0,0.0,2.0,250,truncated,0,0,,1,82,59,0:0|0:1|0:5|0:6|0:7|0:8|0:9|1:0|1:1|1:2|1:4|1:5|1:6|1:7|1:8|1:9|2:0|2:1|2:2|2:4|2:5|2:6|2:7|2:8|2:9|3:0|3:1|3:2|3:3|3:4|3:8|3:9|4:0|4:1|4:2|4:3|4:4|4:5|4:6|4:7|4:8|4:9|5:0|5:1|5:2|5:3|5:5|5:6|5:8|6:5|6:6|6:7|6:8|6:9|7:5|7:6|7:7|7:8|7:9,478
54,1782,0.964996664442962,2.0,2.0,0.0,2.0,250,truncated,0,0,,1,71,50,0:0|0:1|0:2|0:4|0:5|0:6|0:7|0:8|1:0|1:1|1:2|1:4|1:5|1:6|1:7|1:8|1:9|2:1|2:2|2:4|2:5|2:6|2:7|2:8|2:9|3:2|3:3|3:4|3:8|4:2|4:3|4:4|4:6|4:7|4:8|4:9|5:3|5:6|5:7|5:8|5:9|6:6|6:7|6:8|6:9|7:5|7:6|7:7|7:8|7:9,479
55,1783,0.964336224149433,1.0,1.0,0.0,1.0,250,truncated,0,0,,1,48,41,0:0|0:2|1:0|1:1|1:2|2:0|2:1|2:2|2:4|3:0|3:1|3:2|3:3|3:4|3:8|3:9|4:0|4:1|4:2|4:3|4:4|4:5|4:6|4:7|4:8|4:9|5:1|5:2|5:3|5:5|5:6|5:7|5:8|5:9|6:5|6:6|6:7|6:8|6:9|7:7|7:8,479
56,1784,0.9636757838559039,1.0,1.0,0.0,1.0,250,truncated,0,0,,1,42,36,0:0|0:1|0:2|1:0|1:1|1:2|2:1|2:2|3:0|3:1|3:2|4:0|4:1|4:2|5:0|5:1|5:2|5:3|6:3|7:0|7:1|7:2|7:3|7:4|8:0|8:1|8:2|8:3|8:4|9:0|9:1|9:2|9:3|9:4|9:5|9:6,479
57,1785,0.963015343562375,1.0,1.0,0.0,1.0,250,truncated,0,0,,1,44,29,0:0|0:1|0:2|1:0|1:1|1:2|2:0|2:1|2:2|3:0|3:1|3:2|3:3|3:4|4:0|4:1|4:2|4:3|5:1|5:2|5:3|6:3|7:1|7:2|7:3|8:1|8:2|9:1|9:2,479
58,1786,0.9623549032688459,3.0,3.0,0.0,3.0,250,truncated,0,0,,1,67,49,0:0|0:1|0:2|0:4|0:5|0:6|0:7|0:8|1:0|1:1|1:4|1:5|1:6|1:7|1:8|2:0|2:1|2:2|2:4|2:5|2:6|2:7|2:8|2:9|3:1|3:2|3:3|3:4|3:8|3:9|4:4|4:5|4:6|4:7|4:8|4:9|5:7|5:8|5:9|6:7|6:8|6:9|7:6|7:7|7:8|7:9|8:9|9:8|9:9,499
59,1787,0.9616944629753169,3.0,3.0,0.0,3.0,250,truncated,0,0,,1,76,56,0:0|0:1|0:2|1:0|1:1|1:2|2:0|2:1|2:2|3:0|3:1|3:2|4:0|4:1|4:2|4:3|4:7|5:1|5:2|5:3|5:5|5:6|5:7|5:8|5:9|6:3|6:5|6:6|6:7|6:8|6:9|7:0|7:1|7:2|7:3|7:4|7:5|7:6|7:7|7:8|7:9|8:0|8:1|8:2|8:3|8:4|8:9|9:0|9:1|9:2|9:3|9:4|9:5|9:7|9:8|9:9,528
60,1788,0.9610340226817878,1.0,1.0,0.0,1.0,250,truncated,0,0,,1,76,47,0:0|0:1|0:2|1:0|1:1|1:2|2:1|2:2|3:1|3:2|3:3|4:2|4:3|4:4|4:5|4:6|4:7|5:3|5:5|5:6|5:7|5:8|5:9|6:3|6:5|6:6|6:7|7:0|7:1|7:2|7:3|7:4|7:5|7:6|7:7|8:0|8:1|8:2|8:3|8:4|9:0|9:1|9:2|9:3|9:4|9:5|9:6,528
61,1789,0.9603735823882589,1.0,1.0,0.0,1.0,250,truncated,0,0,,1,48,40,0:0|0:1|0:2|1:0|1:1|1:2|2:0|2:1|2:2|2:4|3:0|3:1|3:2|3:3|3:4|4:0|4:1|4:2|4:3|4:4|4:5|4:6|4:7|4:8|5:0|5:1|5:2|5:3|5:5|5:6|5:7|5:8|6:5|6:6|6:8|7:5|7:6|7:7|7:8|7:9,528
62,1790,0.9597131420947298,2.0,2.0,0.0,2.0,250,truncated,0,0,,1,69,52,0:0|0:8|0:9|1:0|1:1|1:2|1:4|1:5|1:6|1:7|1:8|1:9|2:0|2:1|2:2|2:4|2:5|2:6|2:8|3:0|3:1|3:2|3:3|3:4|3:8|3:9|4:0|4:1|4:2|4:3|4:4|4:5|4:6|4:7|4:8|4:9|5:0|5:1|5:2|5:5|5:6|5:7|5:8|5:9|6:5|6:8|6:9|7:5|7:6|7:7|7:8|7:9,531
63,1791,0.9590527018012008,2.0,2.0,0.0,2.0,250,truncated,0,0,,1,102,63,0:0|0:1|0:4|0:5|1:0|1:1|1:4|1:5|1:7|2:0|2:1|2:2|2:4|2:5|2:6|2:7|2:8|3:0|3:1|3:2|3:3|3:4|3:8|3:9|4:0|4:1|4:2|4:3|4:4|4:5|4:6|4:7|4:8|4:9|5:1|5:2|5:3|5:5|5:6|5:7|5:8|5:9|6:3|6:5|6:6|6:7|6:8|6:9|7:2|7:3|7:4|7:5|7:6|7:7|7:8|7:9|8:2|8:3|8:4|9:2|9:3|9:4|9:5,532
64,1792,0.9583922615076718,1.0,1.0,0.0,1.0,250,truncated,0,0,,1,74,51,0:0|1:0|1:1|1:2|2:0|2:1|2:2|3:0|3:1|3:2|3:3|3:4|4:0|4:1|4:2|4:3|4:4|4:5|4:6|4:7|4:8|5:0|5:1|5:2|5:3|5:5|5:6|5:7|5:8|6:3|6:5|6:6|6:7|7:0|7:1|7:2|7:3|7:4|7:5|7:6|7:7|8:0|8:1|8:2|8:3|8:4|9:0|9:1|9:2|9:3|9:4,535
65,1793,0.9577318212141428,1.0,1.0,0.0,1.0,250,truncated,0,0,,1,37,23,0:0|0:1|0:2|1:0|1:1|1:2|1:4|2:0|2:1|2:2|2:4|3:0|3:1|3:2|3:3|3:4|4:0|4:1|4:2|4:3|5:0|5:1|5:2,535
66,1794,0.9570713809206137,1.0,1.0,0.0,1.0,250,truncated,0,0,,1,71,44,0:0|0:1|0:2|1:0|1:1|1:2|2:0|2:1|2:2|3:0|3:1|3:2|3:3|3:4|4:0|4:1|4:2|4:3|4:4|4:5|4:6|4:7|5:0|5:1|5:2|5:3|5:5|5:6|5:7|5:8|5:9|6:3|6:5|6:6|6:7|6:8|6:9|7:3|7:4|7:5|7:6|7:7|7:8|7:9,535
67,1795,0.9564109406270848,1.0,1.0,0.0,1.0,250,truncated,0,0,,1,62,51,0:0|0:1|0:2|1:0|1:1|1:2|2:0|2:1|2:2|3:0|3:1|3:2|3:3|3:4|4:0|4:1|4:2|4:3|4:4|4:6|5:0|5:1|5:2|5:3|5:6|5:7|5:8|5:9|6:3|6:5|6:6|6:7|6:8|6:9|7:0|7:1|7:2|7:3|7:4|7:5|7:6|7:7|7:8|8:0|8:1|8:2|8:3|8:4|9:0|9:1|9:2,535
68,1796,0.9557505003335557,1.0,1.0,0.0,1.0,250,truncated,0,0,,1,43,29,0:0|0:1|0:2|1:0|1:1|1:2|2:0|2:1|2:2|3:0|3:1|3:2|3:3|3:4|4:0|4:1|4:2|4:3|4:4|4:5|4:6|4:7|4:8|5:0|5:1|5:2|5:3|5:5|6:5,535
69,1797,0.9550900600400267,1.0,1.0,0.0,1.0,250,truncated,0,0,,1,69,50,0:0|0:1|0:2|1:0|1:1|1:2|2:0|2:1|2:2|3:0|3:1|3:2|3:8|3:9|4:0|4:1|4:2|4:3|4:5|4:6|4:7|4:8|4:9|5:1|5:2|5:3|5:5|5:6|5:7|5:8|5:9|6:3|6:5|6:6|6:7|6:8|6:9|7:2|7:3|7:4|7:5|7:6|7:7|7:8|7:9|8:3|8:4|8:9|9:4|9:5,535
70,1798,0.9544296197464976,3.0,3.0,0.0,3.0,250,truncated,0,0,,1,57,53,0:0|0:1|1:0|1:1|2:0|3:0|3:1|3:2|3:3|3:4|4:1|4:2|4:3|4:4|4:5|4:6|4:7|5:2|5:3|5:5|5:6|5:7|6:3|6:5|6:6|6:7|6:8|6:9|7:0|7:1|7:2|7:3|7:4|7:5|7:7|7:8|7:9|8:0|8:1|8:2|8:3|8:4|8:9|9:0|9:1|9:2|9:3|9:4|9:5|9:6|9:7|9:8|9:9,535
71,1799,0.9537691794529687,1.0,1.0,0.0,1.0,250,truncated,0,0,,1,32,23,0:0|0:1|0:2|1:0|1:1|1:2|2:0|2:1|2:2|3:0|3:1|3:2|3:3|3:4|4:0|4:1|4:2|4:3|4:4|5:0|5:1|5:2|5:3,535
72,1800,0.9531087391594396,1.0,1.0,0.0,1.0,250,truncated,0,0,,1,41,31,0:0|0:1|0:2|0:4|0:5|0:6|0:7|0:8|1:0|1:1|1:2|1:4|1:5|1:6|1:7|1:8|2:2|2:4|2:5|2:6|2:7|2:8|3:1|3:2|3:3|3:4|4:3|4:4|4:5|5:5|6:5,538
73,1801,0.9524482988659106,2.0,2.0,0.0,2.0,250,truncated,0,0,,1,62,52,0:0|0:1|0:2|0:4|0:5|0:6|0:7|0:8|0:9|1:0|1:1|1:2|1:4|1:5|1:6|1:7|1:8|1:9|2:0|2:1|2:2|2:4|2:5|2:6|2:7|2:8|2:9|3:0|3:1|3:2|3:3|3:4|3:8|3:9|4:0|4:1|4:2|4:3|4:4|4:5|4:6|4:7|5:0|5:1|5:2|5:3|5:5|5:6|6:3|6:5|6:6|7:5,538
74,1802,0.9517878585723816,2.0,2.0,0.0,2.0,250,truncated,0,0,,1,53,42,0:0|0:2|0:4|0:5|0:6|1:0|1:1|1:2|1:4|1:5|1:6|2:1|2:2|2:4|2:5|2:6|3:1|3:2|3:3|3:4|4:1|4:2|4:3|4:4|5:1|5:2|5:3|6:3|7:0|7:2|7:3|8:0|8:1|8:2|8:3|8:4|9:0|9:1|9:2|9:3|9:4|9:5,538
75,1803,0.9511274182788526,2.0,2.0,0.0,2.0,250,truncated,0,0,,1,48,36,0:0|0:1|0:2|0:4|0:5|0:6|0:7|0:8|0:9|1:0|1:1|1:2|1:4|1:5|1:6|1:7|1:8|1:9|2:0|2:2|2:4|2:5|2:6|2:7|2:8|2:9|3:1|3:2|3:3|3:4|3:8|3:9|4:2|4:3|4:4|4:8,538
76,1804,0.9504669779853235,2.0,2.0,0.0,2.0,250,truncated,0,0,,1,64,50,0:0|0:1|0:2|0:6|0:7|0:8|0:9|1:0|1:1|1:2|1:4|1:5|1:6|1:7|1:8|1:9|2:0|2:1|2:2|2:4|2:5|2:6|2:7|2:8|2:9|3:0|3:1|3:2|3:3|3:4|3:8|3:9|4:0|4:1|4:2|4:3|4:4|4:5|4:6|4:7|4:8|4:9|5:0|5:1|5:2|5:3|5:5|5:6|5:7|6:3,541
77,1805,0.9498065376917946,2.0,2.0,0.0,2.0,250,truncated,0,0,,1,55,42,0:0|0:2|0:4|0:5|0:6|0:7|0:8|1:0|1:1|1:2|1:4|1:5|1:6|1:7|1:8|1:9|2:0|2:1|2:2|2:4|2:5|2:6|2:7|2:8|2:9|3:2|3:3|3:4|3:8|3:9|4:2|4:3|4:4|4:5|4:6|4:7|4:8|4:9|5:5|5:6|5:7|5:8,541
78,1806,0.9491460973982655,1.0,1.0,0.0,1.0,250,truncated,0,0,,1,42,26,0:0|0:1|0:2|1:0|1:1|1:2|2:0|2:1|2:2|2:4|2:5|3:0|3:1|3:2|3:3|3:4|4:0|4:1|4:2|4:3|4:4|5:0|5:1|5:2|5:3|6:3,541
79,1807,0.9484856571047365,2.0,2.0,0.0,2.0,250,truncated,0,0,,1,65,46,0:0|0:1|0:2|0:4|0:5|0:6|0:7|1:0|1:1|1:2|1:4|1:5|1:6|1:7|2:1|2:2|2:4|2:5|2:6|2:7|3:1|3:2|3:3|3:4|4:0|4:1|4:2|4:3|4:4|5:0|5:1|5:2|5:3|6:3|7:0|7:1|7:2|7:3|8:0|8:1|8:2|8:3|9:0|9:1|9:2|9:3,541
80,1808,0.9478252168112075,2.0,2.0,0.0,2.0,250,truncated,0,0,,1,37,27,0:0|0:1|0:2|1:0|1:1|1:2|2:0|2:1|2:2|2:4|2:5|2:6|2:7|3:0|3:1|3:2|3:3|3:4|4:0|4:1|4:2|4:3|4:4|5:0|5:1|5:2|5:3,541
81,1809,0.9471647765176785,3.0,3.0,0.0,3.0,250,truncated,0,0,,1,68,45,0:0|0:1|1:1|1:2|2:0|2:1|2:2|3:0|3:1|3:2|3:3|3:8|4:2|4:3|4:4|4:5|4:6|4:7|4:8|5:2|5:3|5:5|5:6|5:7|5:8|5:9|6:5|6:6|6:7|6:8|6:9|7:4|7:5|7:6|7:7|7:8|7:9|8:4|8:9|9:4|9:5|9:6|9:7|9:8|9:9,550
82,1810,0.9465043362241494,2.0,2.0,0.0,2.0,250,truncated,0,0,,1,88,51,0:0|0:1|0:2|0:6|0:7|0:8|0:9|1:0|1:1|1:2|1:4|1:5|1:6|1:7|1:8|1:9|2:1|2:2|2:4|2:5|2:6|2:7|2:8|2:9|3:1|3:2|3:3|3:4|3:8|3:9|4:1|4:2|4:3|4:4|4:5|4:6|4:7|4:8|5:1|5:2|5:5|5:6|5:7|5:8|6:5|6:6|6:7|6:8|7:6|7:7|7:8,550
83,1811,0.9458438959306205,2.0,2.0,0.0,2.0,250,truncated,0,0,,1,56,42,0:0|0:1|0:2|0:4|0:5|0:6|0:7|0:8|0:9|1:0|1:1|1:2|1:4|1:5|1:6|1:7|1:8|1:9|2:0|2:1|2:2|2:4|2:5|2:6|2:7|2:8|3:0|3:2|3:4|3:8|3:9|4:0|4:1|4:2|4:3|4:4|4:8|4:9|5:1|5:2|5:3|6:3,550
84,1812,0.9451834556370914,2.0,2.0,0.0,2.0,250,truncated,0,0,,1,68,56,0:0|0:1|0:2|0:4|0:5|0:6|0:7|1:0|1:1|1:2|1:4|1:5|1:6|1:7|1:8|2:0|2:1|2:2|2:4|2:5|2:6|2:7|2:8|2:9|3:0|3:1|3:2|3:3|3:4|3:8|3:9|4:0|4:1|4:2|4:3|4:4|4:7|4:8|5:1|5:2|5:3|5:5|5:7|5:8|6:3|6:5|6:6|6:7|6:8|6:9|7:3|7:4|7:5|7:7|7:8|7:9,550
85,1813,0.9445230153435624,1.0,1.0,0.0,1.0,250,truncated,0,0,,1,64,43,0:0|0:1|0:2|1:0|1:1|1:2|2:0|2:1|2:2|3:0|3:1|3:2|3:3|4:0|4:1|4:2|4:3|4:4|4:5|4:6|5:0|5:1|5:2|5:3|5:5|5:7|5:8|5:9|6:3|6:5|6:6|6:7|6:9|7:3|7:4|7:5|7:6|7:7|7:8|7:9|8:2|8:3|8:4,559
86,1814,0.9438625750500333,1.0,1.0,0.0,1.0,250,truncated,0,0,,1,48,38,0:0|0:1|0:2|0:4|0:5|0:6|0:7|0:8|0:9|1:0|1:1|1:4|1:5|1:6|1:7|1:8|1:9|2:0|2:1|2:2|2:4|2:5|2:6|2:7|2:8|2:9|3:0|3:1|3:2|3:3|3:4|4:0|4:1|4:3|4:4|4:5|4:6|5:5,559
87,1815,0.9432021347565044,2.0,2.0,0.0,2.0,250,truncated,0,0,,1,70,57,0:0|0:1|0:2|0:6|0:7|1:0|1:1|1:2|1:5|1:6|1:7|1:8|2:0|2:1|2:2|2:4|2:5|2:6|2:7|2:8|3:0|3:1|3:2|3:3|3:8|3:9|4:0|4:1|4:2|4:3|4:4|4:6|4:7|4:8|4:9|5:0|5:1|5:2|5:3|5:5|5:6|5:7|5:8|5:9|6:3|6:5|6:6|6:7|6:8|6:9|7:3|7:4|7:5|7:6|7:7|7:8|7:9,559
88,1816,0.9425416944629753,1.0,1.0,0.0,1.0,250,truncated,0,0,,1,47,36,0:0|0:1|0:2|1:0|1:1|1:2|2:0|2:1|2:2|2:8|3:0|3:1|3:2|3:3|3:4|3:8|3:9|4:0|4:1|4:2|4:3|4:4|4:5|4:6|4:7|4:8|4:9|5:0|5:3|5:5|5:6|5:7|6:5|6:6|7:5|7:6,563
89,1817,0.9418812541694463,2.0,2.0,0.0,2.0,250,truncated,0,0,,1,52,34,0:0|0:4|0:5|0:6|0:7|0:8|1:0|1:1|1:4|1:5|1:6|1:7|2:0|2:1|2:2|2:4|2:5|2:6|2:7|2:8|3:0|3:1|3:2|3:3|3:4|4:0|4:1|4:2|4:3|4:4|5:0|5:1|5:2|5:3,567
90,1818,0.9412208138759173,2.0,2.0,0.0,2.0,250,truncated,0,0,,1,58,45,0:0|0:1|0:2|1:0|1:1|1:2|2:1|2:2|2:4|2:5|2:6|2:7|2:8|2:9|3:2|3:3|3:4|3:8|3:9|4:2|4:3|4:5|4:6|4:7|4:8|4:9|5:2|5:5|5:6|5:7|5:8|5:9|6:5|6:6|6:7|6:8|6:9|7:5|7:7|7:8|7:9|8:9|9:7|9:8|9:9,573
91,1819,0.9405603735823882,1.0,1.0,0.0,1.0,250,truncated,0,0,,1,56,50,0:0|0:1|1:0|1:1|1:2|2:0|2:1|2:2|3:0|3:1|3:2|3:3|3:4|4:1|4:2|4:3|4:4|4:7|4:8|5:0|5:1|5:2|5:3|5:7|5:8|6:3|6:8|7:0|7:1|7:2|7:3|7:4|7:8|7:9|8:0|8:1|8:2|8:3|8:4|8:9|9:0|9:1|9:2|9:3|9:4|9:5|9:6|9:7|9:8|9:9,573
92,1820,0.9398999332888592,2.0,2.0,0.0,2.0,250,truncated,0,0,,1,74,56,0:0|0:1|0:2|0:4|0:5|0:6|0:7|0:8|0:9|1:0|1:1|1:2|1:4|1:5|1:6|1:7|1:8|1:9|2:0|2:1|2:2|2:4|2:5|2:6|2:7|2:8|2:9|3:0|3:2|3:3|3:4|3:9|4:0|4:2|4:3|4:4|4:5|4:6|5:0|5:1|5:2|5:3|5:6|6:3|6:6|7:3|7:4|7:5|7:6|8:1|8:2|8:3|8:4|9:1|9:2|9:4,573
93,1821,0.9392394929953303,2.0,2.0,0.0,2.0,250,truncated,0,0,,1,64,42,0:0|0:1|0:2|0:4|0:5|0:6|0:7|0:8|1:1|1:2|1:4|1:5|1:6|1:7|1:8|1:9|2:1|2:2|2:4|2:5|2:6|2:7|2:8|2:9|3:1|3:2|3:3|3:4|3:9|4:0|4:1|4:2|4:4|4:5|4:6|4:7|4:8|4:9|5:1|5:5|5:6|5:7,573
94,1822,0.9385790527018012,2.0,2.0,0.0,2.0,250,truncated,0,0,,1,68,45,0:0|0:1|0:2|1:0|1:1|1:2|2:0|2:1|2:2|2:4|2:5|2:6|2:8|3:0|3:1|3:2|3:3|3:4|3:8|3:9|4:1|4:2|4:3|4:4|4:5|4:6|4:7|4:8|4:9|5:0|5:1|5:2|5:3|5:5|5:6|5:7|5:8|5:9|6:3|6:7|7:2|7:3|8:1|8:2|8:3,577
95,1823,0.9379186124082721,2.0,2.0,0.0,2.0,250,truncated,0,0,,1,70,48,0:0|0:1|0:2|0:7|1:0|1:1|1:2|1:7|1:8|2:0|2:1|2:2|2:4|2:5|2:6|2:7|2:8|3:0|3:1|3:2|3:3|3:4|3:8|4:0|4:1|4:2|4:3|4:4|4:5|4:6|4:7|4:8|5:0|5:1|5:2|5:3|5:5|5:6|5:7|5:8|6:5|6:6|6:7|6:8|6:9|7:5|7:6|7:7,581
96,1824,0.9372581721147432,1.0,1.0,0.0,1.0,250,truncated,0,0,,1,50,44,0:0|0:1|0:2|0:4|0:5|0:6|0:7|1:0|1:1|1:2|1:4|1:5|1:6|2:0|2:1|2:2|2:4|2:5|3:0|3:1|3:2|3:3|3:4|4:0|4:1|4:2|4:3|5:0|5:1|5:2|5:3|6:3|7:2|7:3|7:4|7:5|8:1|8:2|8:3|8:4|9:2|9:3|9:4|9:5,581
97,1825,0.9365977318212142,2.0,2.0,0.0,2.0,250,truncated,0,0,,1,44,38,0:0|0:1|0:7|0:8|0:9|1:1|1:2|1:5|1:6|1:7|1:8|1:9|2:0|2:1|2:2|2:4|2:5|2:6|2:7|3:0|3:1|3:2|3:3|3:4|4:0|4:1|4:2|4:3|4:4|4:5|5:0|5:1|5:2|5:3|5:5|5:6|6:3|7:3,581
98,1826,0.9359372915276851,2.0,2.0,0.0,2.0,250,truncated,0,0,,1,52,43,0:0|0:1|0:2|0:4|0:5|0:6|1:0|1:1|1:2|1:4|1:5|1:6|1:7|1:8|2:0|2:1|2:2|2:4|2:5|2:6|2:7|2:8|3:0|3:1|3:2|3:3|3:4|3:8|4:0|4:1|4:2|4:4|4:8|4:9|5:0|5:1|5:9|6:6|6:7|6:8|6:9|7:8|7:9,581
99,1827,0.935276851234156,1.0,1.0,0.0,1.0,250,truncated,0,0,,1,48,42,0:0|0:1|1:0|1:1|1:2|2:0|2:1|2:2|3:0|3:1|3:2|3:3|3:4|4:0|4:1|4:2|4:3|4:4|4:5|4:6|4:7|5:0|5:1|5:2|5:3|5:5|5:6|5:7|6:3|6:5|6:6|7:2|7:3|7:4|7:5|7:6|7:7|8:1|8:2|8:3|9:1|9:2,581
100,1828,0.9346164109406271,0.0,0.0,0.0,0.0,250,truncated,0,0,,1,35,35,0:0|0:1|0:2|1:0|1:1|1:2|2:0|2:1|2:2|3:0|3:1|4:0|4:1|5:1|5:2|5:3|6:3|7:0|7:1|7:2|7:3|7:4|7:5|8:0|8:1|8:2|8:3|8:4|9:0|9:1|9:2|9:3|9:4|9:5|9:6,581
101,1829,0.9339559706470981,2.0,2.0,0.0,2.0,250,truncated,0,0,,1,55,39,0:0|0:1|0:2|0:4|0:5|0:6|0:7|0:8|0:9|1:0|1:1|1:2|1:4|1:5|1:6|1:7|1:8|1:9|2:0|2:1|2:2|2:4|2:5|2:6|2:7|2:8|2:9|3:0|3:1|3:2|3:3|3:4|4:0|4:1|4:2|4:3|4:4|5:2|5:3,581
102,1830,0.933295530353569,1.0,1.0,0.0,1.0,250,truncated,0,0,,1,53,42,0:0|0:1|0:2|1:0|1:1|1:2|2:0|2:1|2:2|3:0|3:1|3:2|3:3|3:4|4:0|4:1|4:2|4:3|4:4|4:5|5:0|5:1|5:2|5:3|5:5|6:3|6:5|7:1|7:2|7:3|7:4|7:5|7:6|8:1|8:2|8:3|8:4|9:1|9:2|9:3|9:4|9:5,581
103,1831,0.93263509006004,1.0,1.0,0.0,1.0,250,truncated,0,0,,1,42,25,0:0|0:1|0:2|1:0|1:1|1:2|2:0|2:1|2:2|2:4|3:0|3:1|3:2|3:3|3:4|4:0|4:1|4:2|4:3|4:4|5:0|5:1|5:2|5:3|6:3,581
104,1832,0.931974649766511,2.0,2.0,0.0,2.0,250,truncated,0,0,,1,68,55,0:0|0:1|0:4|0:5|0:6|0:7|0:8|0:9|1:0|1:1|1:2|1:4|1:5|1:6|1:7|1:8|2:0|2:1|2:2|2:4|2:5|2:6|2:7|3:0|3:2|3:3|3:4|4:2|4:3|4:4|5:2|5:3|6:3|7:0|7:1|7:2|7:3|7:4|7:9|8:0|8:1|8:2|8:3|8:4|8:9|9:0|9:1|9:2|9:3|9:4|9:5|9:6|9:7|9:8|9:9,583
105,1833,0.931314209472982,1.0,1.0,0.0,1.0,250,truncated,0,0,,1,28,21,0:0|0:1|0:2|1:0|1:1|1:2|2:0|2:1|2:2|3:0|3:1|3:2|3:3|4:0|4:1|4:2|4:3|5:0|5:1|5:2|5:3,583
106,1834,0.930653769179453,2.0,2.0,0.0,2.0,250,truncated,0,0,,1,69,62,0:0|0:1|0:2|0:4|0:5|0:8|0:9|1:0|1:1|1:2|1:4|1:5|1:6|1:7|1:8|2:0|2:1|2:2|2:4|2:5|2:6|2:7|2:8|3:0|3:1|3:2|3:3|3:4|3:8|3:9|4:0|4:1|4:2|4:3|4:4|4:5|4:6|4:7|4:8|4:9|5:0|5:1|5:2|5:3|5:5|5:6|5:7|5:8|5:9|6:3|6:5|6:6|6:7|6:8|6:9|7:3|7:4|7:5|8:3|8:4|9:2|9:3,583
107,1835,0.9299933288859239,3.0,3.0,0.0,3.0,250,truncated,0,0,,1,70,53,0:0|0:1|0:2|1:0|1:1|1:2|2:0|2:1|2:2|3:0|3:1|3:2|3:3|3:4|4:0|4:1|4:2|4:3|4:4|4:5|4:6|4:7|4:8|5:2|5:3|5:5|5:6|5:7|5:8|6:5|6:6|6:7|6:8|6:9|7:0|7:4|7:5|7:6|7:7|7:8|7:9|8:0|8:1|8:2|8:3|8:4|8:9|9:4|9:5|9:6|9:7|9:8|9:9,583
108,1836,0.9293328885923949,1.0,1.0,0.0,1.0,250,truncated,0,0,,1,34,23,0:0|0:1|0:2|1:0|1:1|1:2|2:0|2:1|2:2|3:0|3:1|3:2|3:3|3:4|4:0|4:1|4:2|4:3|4:4|5:1|5:2|5:3|6:3,583
109,1837,0.928672448298866,2.0,2.0,0.0,2.0,250,truncated,0,0,,1,60,48,0:0|0:1|0:4|0:5|0:6|0:7|0:8|0:9|1:0|1:1|1:2|1:4|1:5|1:6|1:7|1:8|1:9|2:0|2:1|2:2|2:4|2:5|2:6|2:7|2:8|2:9|3:0|3:2|3:3|3:4|3:8|3:9|4:0|4:2|4:3|4:4|4:5|4:6|4:7|4:8|4:9|5:5|5:6|5:7|5:8|5:9|6:8|7:8,583
110,1838,0.9280120080053369,1.0,1.0,0.0,1.0,250,truncated,0,0,,1,31,25,0:0|0:1|0:2|1:0|1:1|1:2|2:0|2:1|2:2|3:0|3:1|3:2|3:3|3:4|4:0|4:1|4:2|4:3|4:4|4:5|5:0|5:1|5:2|5:3|5:5,583
111,1839,0.9273515677118078,1.0,1.0,0.0,1.0,250,truncated,0,0,,1,38,25,0:0|0:1|0:2|1:0|1:1|1:2|2:0|2:1|2:2|3:0|3:1|3:2|3:3|3:4|4:0|4:1|4:2|4:3|5:0|5:1|5:2|5:3|6:3|7:3|8:3,583
112,1840,0.9266911274182789,2.0,2.0,0.0,2.0,250,truncated,0,0,,1,57,50,0:0|0:1|0:5|0:6|0:7|0:8|0:9|1:0|1:1|1:5|1:6|1:7|1:8|1:9|2:1|2:4|2:5|2:6|2:7|2:8|2:9|3:1|3:2|3:3|3:4|3:8|3:9|4:0|4:1|4:2|4:3|4:4|4:7|4:8|4:9|5:0|5:1|5:2|5:3|6:3|7:3|7:4|8:3|8:4|9:4|9:5|9:6|9:7|9:8|9:9,583
113,1841,0.9260306871247498,2.0,2.0,0.0,2.0,250,truncated,0,0,,1,77,58,0:0|0:1|0:2|0:4|1:0|1:1|1:2|1:4|1:5|2:1|2:2|2:4|2:5|2:6|3:0|3:1|3:2|3:3|3:4|4:0|4:1|4:2|4:3|4:4|4:5|4:6|4:7|4:8|4:9|5:0|5:2|5:3|5:6|5:7|5:8|5:9|6:5|6:6|6:7|6:8|6:9|7:2|7:3|7:4|7:5|7:6|7:7|7:8|7:9|8:0|8:1|8:2|8:3|9:0|9:1|9:2|9:3|9:4,586
114,1842,0.9253702468312208,1.0,1.0,0.0,1.0,250,truncated,0,0,,1,51,37,0:0|0:1|0:2|1:0|1:1|1:2|2:0|2:1|2:2|3:0|3:1|3:2|3:3|3:4|4:0|4:1|4:2|4:3|4:4|4:5|4:6|4:7|4:8|4:9|5:0|5:1|5:2|5:3|5:7|5:8|5:9|6:7|6:8|6:9|7:7|7:8|7:9,586
115,1843,0.9247098065376917,4.0,4.0,0.0,4.0,139,victory,1,0,,0,59,50,0:0|0:1|0:2|0:4|0:5|0:6|0:7|0:8|0:9|1:1|1:2|1:4|1:5|1:6|1:7|1:8|1:9|2:1|2:2|2:4|2:5|2:6|2:7|2:8|2:9|3:1|3:2|3:3|3:4|3:8|3:9|4:2|4:5|4:6|4:9|5:5|5:6|5:7|5:8|5:9|6:5|6:6|6:7|7:5|7:7|7:8|7:9|8:9|9:8|9:9,586
116,1844,0.9240493662441628,1.0,1.0,0.0,1.0,250,truncated,0,0,,1,47,43,0:0|0:1|0:2|1:0|1:1|1:2|2:0|2:1|2:2|3:0|3:1|3:2|3:3|4:0|4:1|4:2|4:3|4:4|5:0|5:1|5:2|5:3|6:3|7:0|7:2|7:3|7:4|8:0|8:1|8:2|8:3|8:4|8:9|9:0|9:1|9:2|9:3|9:4|9:5|9:6|9:7|9:8|9:9,586
117,1845,0.9233889259506337,2.0,2.0,0.0,2.0,250,truncated,0,0,,1,62,42,0:0|0:1|0:4|0:5|0:6|0:7|0:8|0:9|1:0|1:1|1:4|1:5|1:6|1:7|1:8|1:9|2:0|2:1|2:2|2:4|2:5|2:6|2:7|2:8|2:9|3:0|3:1|3:2|3:3|3:4|3:8|3:9|4:1|4:2|4:3|4:4|4:8|4:9|5:2|5:3|5:8|5:9,587
118,1846,0.9227284856571047,1.0,1.0,0.0,1.0,250,truncated,0,0,,1,58,47,0:0|0:1|0:2|1:0|1:1|1:2|2:0|2:1|2:2|2:4|3:0|3:1|3:2|3:3|3:4|4:0|4:1|4:2|4:3|4:4|4:5|4:6|4:7|5:1|5:2|5:3|5:6|5:7|6:5|6:6|7:0|7:1|7:2|7:3|7:4|7:5|8:0|8:1|8:2|8:3|8:4|9:0|9:1|9:2|9:3|9:4|9:5,587
119,1847,0.9220680453635757,2.0,2.0,0.0,2.0,250,truncated,0,0,,1,58,37,0:0|0:1|0:2|0:4|0:5|0:6|0:7|0:8|0:9|1:0|1:1|1:2|1:4|1:5|1:6|1:7|1:8|1:9|2:0|2:1|2:2|2:4|2:5|2:6|2:7|2:8|3:0|3:1|3:2|3:3|3:4|4:0|4:1|4:2|4:3|5:0|5:1,588
120,1848,0.9214076050700467,2.0,2.0,0.0,2.0,250,truncated,0,0,,1,75,58,0:0|0:1|0:2|0:4|0:5|0:6|0:7|0:8|0:9|1:0|1:1|1:2|1:4|1:5|1:6|1:7|1:9|2:0|2:1|2:2|2:4|2:5|2:6|2:7|2:8|2:9|3:0|3:1|3:2|3:3|3:4|3:8|3:9|4:1|4:2|4:3|4:4|4:5|4:6|4:7|4:8|4:9|5:1|5:2|5:3|5:5|5:6|5:7|5:8|5:9|6:5|6:6|6:7|6:8|6:9|7:7|7:8|7:9,588
121,1849,0.9207471647765176,3.0,3.0,0.0,3.0,250,truncated,0,0,,1,75,61,0:0|0:1|0:2|1:0|1:1|1:2|2:0|2:1|2:2|2:4|2:9|3:0|3:1|3:2|3:3|3:4|3:9|4:0|4:1|4:2|4:3|4:4|4:5|4:6|4:7|4:8|4:9|5:0|5:1|5:3|5:5|5:6|5:7|5:8|5:9|6:5|6:6|6:7|6:8|6:9|7:3|7:4|7:5|7:6|7:7|7:8|7:9|8:1|8:2|8:3|8:4|8:9|9:1|9:2|9:3|9:4|9:5|9:6|9:7|9:8|9:9,607
122,1850,0.9200867244829887,1.0,1.0,0.0,1.0,250,truncated,0,0,,1,29,20,0:0|0:1|0:2|1:0|1:1|1:2|2:0|2:1|2:2|3:0|3:1|3:2|3:3|3:4|4:0|4:1|4:2|4:4|5:0|5:1,607
123,1851,0.9194262841894596,1.0,1.0,0.0,1.0,250,truncated,0,0,,1,47,42,0:0|0:1|0:2|1:0|1:1|1:2|2:0|2:1|2:2|3:0|3:1|4:0|4:1|4:2|5:0|5:1|5:2|5:3|6:3|6:5|6:6|6:7|7:0|7:1|7:2|7:3|7:4|7:5|7:7|7:8|7:9|8:0|8:1|8:2|8:3|8:4|8:9|9:0|9:1|9:2|9:3|9:4,607
124,1852,0.9187658438959306,2.0,2.0,0.0,2.0,250,truncated,0,0,,1,63,48,0:0|0:1|0:4|0:5|0:6|0:7|1:0|1:4|1:5|1:6|1:7|1:8|1:9|2:0|2:4|2:5|2:6|2:7|2:8|2:9|3:0|3:2|3:3|3:4|4:0|4:1|4:2|4:3|4:4|4:5|5:0|5:1|5:2|5:3|6:3|7:1|7:2|7:3|7:4|8:1|8:3|8:4|9:1|9:2|9:3|9:4|9:5|9:6,607
125,1853,0.9181054036024016,3.0,3.0,0.0,3.0,250,truncated,0,0,,1,80,55,0:0|0:1|1:0|1:1|1:2|2:0|2:1|2:2|3:1|3:2|3:3|3:4|4:0|4:1|4:2|4:3|4:4|4:5|4:6|4:7|4:8|4:9|5:0|5:1|5:2|5:3|5:5|5:6|5:7|5:8|5:9|6:3|6:5|6:6|6:7|6:8|6:9|7:2|7:3|7:4|7:5|7:6|7:7|7:8|7:9|8:2|8:4|8:9|9:3|9:4|9:5|9:6|9:7|9:8|9:9,607
126,1854,0.9174449633088726,4.0,4.0,0.0,4.0,217,victory,1,0,,0,82,57,0:0|0:1|0:2|1:0|1:1|1:2|1:4|1:5|1:6|1:7|2:1|2:2|2:4|2:5|2:6|2:7|2:8|2:9|3:1|3:2|3:3|3:4|3:8|3:9|4:0|4:1|4:2|4:3|4:4|4:5|4:7|4:8|4:9|5:0|5:1|5:2|5:3|5:5|5:6|5:7|5:8|5:9|6:3|6:7|6:8|6:9|7:2|7:3|7:4|7:5|7:6|7:7|7:8|7:9|8:9|9:8|9:9,607
127,1855,0.9167845230153435,2.0,2.0,0.0,2.0,250,truncated,0,0,,1,49,40,0:0|0:1|0:2|0:4|0:5|0:6|0:7|0:8|0:9|1:0|1:1|1:2|1:4|1:5|1:6|1:7|1:8|1:9|2:0|2:1|2:2|2:4|2:5|2:6|2:7|2:8|3:0|3:1|3:2|3:3|3:4|3:8|4:0|4:1|4:2|4:3|4:4|5:1|5:2|5:3,607
128,1856,0.9161240827218146,1.0,1.0,0.0,1.0,250,truncated,0,0,,1,40,40,0:0|0:1|0:2|1:0|1:2|2:1|2:2|3:1|3:2|4:2|4:3|4:4|4:5|4:6|5:3|5:5|5:6|5:7|6:3|6:5|6:7|7:0|7:1|7:2|7:3|7:4|7:5|7:6|7:7|8:0|8:1|8:2|8:3|8:4|9:0|9:1|9:2|9:3|9:4|9:5,607
129,1857,0.9154636424282855,2.0,2.0,0.0,2.0,250,truncated,0,0,,1,57,41,0:0|0:1|0:4|0:5|0:6|0:7|0:8|0:9|1:1|1:2|1:4|1:5|1:7|1:8|1:9|2:0|2:1|2:2|2:4|2:5|2:6|2:7|2:8|2:9|3:0|3:1|3:2|3:3|3:4|3:8|3:9|4:0|4:1|4:2|4:3|4:4|5:0|5:1|5:2|5:3|6:3,607
130,1858,0.9148032021347565,3.0,3.0,0.0,3.0,250,truncated,0,0,,1,68,51,0:0|1:0|1:1|2:0|2:1|2:4|3:0|3:1|3:2|3:3|3:4|4:1|4:2|4:4|5:2|5:3|5:5|5:6|5:7|5:8|6:3|6:5|6:6|6:7|6:8|7:0|7:1|7:2|7:3|7:4|7:5|7:6|7:7|7:8|7:9|8:0|8:1|8:2|8:3|8:4|8:9|9:0|9:1|9:2|9:3|9:4|9:5|9:6|9:7|9:8|9:9,607
131,1859,0.9141427618412274,2.0,2.0,0.0,2.0,250,truncated,0,0,,1,67,51,0:0|0:1|0:2|0:4|0:6|0:7|1:0|1:1|1:2|1:4|1:5|1:6|1:7|1:8|1:9|2:1|2:2|2:4|2:5|2:6|2:7|2:8|2:9|3:0|3:1|3:2|3:3|3:4|3:8|3:9|4:1|4:2|4:3|4:4|4:5|4:6|4:7|4:8|5:1|5:2|5:5|5:6|5:7|5:8|5:9|6:5|6:6|6:7|6:8|7:5|7:6,607
132,1860,0.9134823215476985,4.0,4.0,0.0,4.0,244,victory,1,0,,0,78,50,0:0|0:1|0:2|0:7|1:0|1:1|1:2|1:6|1:7|1:8|2:0|2:1|2:2|2:4|2:5|2:6|2:7|2:8|2:9|3:1|3:2|3:3|3:4|3:8|3:9|4:2|4:4|4:5|4:6|4:7|4:8|4:9|5:5|5:6|5:7|5:8|5:9|6:5|6:6|6:7|6:8|6:9|7:5|7:6|7:7|7:8|7:9|8:9|9:8|9:9,607
133,1861,0.9128218812541694,1.0,1.0,0.0,1.0,250,truncated,0,0,,1,37,25,0:0|0:1|0:2|1:0|1:1|1:2|2:0|2:1|2:2|3:0|3:1|3:2|3:3|3:4|4:0|4:1|4:2|4:3|4:4|5:0|5:1|5:2|5:3|6:3|7:3,607
134,1862,0.9121614409606404,1.0,1.0,0.0,1.0,250,truncated,0,0,,1,42,33,0:0|0:1|0:2|1:0|1:1|1:2|2:0|2:1|2:2|3:0|3:1|3:2|3:3|4:0|4:1|4:2|4:3|5:0|5:1|5:2|5:3|6:3|7:0|7:1|7:3|8:0|8:1|8:2|8:3|8:4|9:1|9:2|9:3,607
135,1863,0.9115010006671114,3.0,3.0,0.0,3.0,250,truncated,0,0,,1,79,59,0:0|0:2|1:0|1:1|1:2|2:0|2:1|2:2|2:4|3:1|3:2|3:3|3:4|3:8|3:9|4:2|4:3|4:4|4:5|4:6|4:7|4:8|4:9|5:5|5:6|5:7|5:8|5:9|6:5|6:6|6:7|6:8|6:9|7:0|7:1|7:2|7:3|7:4|7:5|7:6|7:7|7:8|7:9|8:0|8:1|8:2|8:3|8:4|8:9|9:0|9:1|9:2|9:3|9:4|9:5|9:6|9:7|9:8|9:9,607
136,1864,0.9108405603735824,4.0,4.0,0.0,4.0,101,victory,1,0,,0,43,37,0:0|0:6|1:0|1:5|1:6|2:0|2:1|2:4|2:5|2:6|2:7|2:8|3:0|3:1|3:2|3:3|3:4|3:8|4:1|4:2|4:3|4:7|4:8|4:9|5:6|5:7|5:8|5:9|6:6|6:7|6:8|6:9|7:8|7:9|8:9|9:8|9:9,607
137,1865,0.9101801200800533,2.0,2.0,0.0,2.0,250,truncated,0,0,,1,75,63,0:0|0:1|0:2|0:5|0:6|1:0|1:1|1:2|1:5|1:6|1:7|1:8|2:0|2:1|2:2|2:4|2:5|2:6|2:7|2:8|2:9|3:0|3:1|3:2|3:3|3:4|3:8|3:9|4:0|4:1|4:2|4:3|4:4|4:5|4:6|4:7|4:8|4:9|5:0|5:1|5:2|5:3|5:5|5:6|5:7|6:3|6:5|7:1|7:2|7:3|7:4|7:5|8:0|8:1|8:2|8:3|8:4|9:0|9:1|9:2|9:3|9:4|9:5,607
138,1866,0.9095196797865244,1.0,1.0,0.0,1.0,250,truncated,0,0,,1,51,38,0:0|0:1|0:2|1:0|1:1|1:2|1:5|2:0|2:1|2:2|2:4|2:5|3:0|3:1|3:2|3:3|3:4|4:0|4:1|4:2|4:3|4:4|5:0|5:1|5:2|5:3|6:3|7:1|7:2|7:3|7:4|7:5|8:2|8:3|8:4|9:4|9:5|9:6,607
139,1867,0.9088592394929953,2.0,2.0,0.0,2.0,250,truncated,0,0,,1,52,52,0:0|0:1|0:2|1:0|1:2|1:6|1:7|1:8|2:0|2:1|2:2|2:4|2:5|2:6|2:7|2:8|3:1|3:2|3:3|3:4|3:8|4:1|4:2|4:3|4:4|4:8|4:9|5:9|6:3|6:9|7:0|7:1|7:2|7:3|7:4|7:9|8:0|8:1|8:2|8:3|8:4|8:9|9:0|9:1|9:2|9:3|9:4|9:5|9:6|9:7|9:8|9:9,607
140,1868,0.9081987991994663,2.0,2.0,0.0,2.0,250,truncated,0,0,,1,66,52,0:0|0:1|0:4|0:5|0:6|0:7|0:8|0:9|1:0|1:1|1:4|1:5|1:6|1:7|1:8|1:9|2:1|2:2|2:4|2:5|2:6|2:7|2:8|2:9|3:1|3:2|3:3|3:4|3:8|3:9|4:0|4:1|4:2|4:3|4:4|4:5|4:6|4:7|5:0|5:1|5:2|5:3|5:5|5:6|6:5|6:6|7:3|7:4|7:5|7:6|8:3|8:4,607
141,1869,0.9075383589059373,3.0,3.0,0.0,3.0,250,truncated,0,0,,1,77,56,0:0|0:1|0:2|0:4|0:5|0:6|0:7|1:0|1:1|1:2|1:4|1:5|1:6|1:9|2:1|2:4|2:5|2:6|2:7|2:8|2:9|3:0|3:1|3:2|3:3|3:4|3:8|3:9|4:0|4:3|4:5|4:6|4:7|4:8|4:9|5:5|5:6|5:7|5:8|5:9|6:5|6:6|6:7|6:8|6:9|7:5|7:6|7:7|7:8|7:9|8:9|9:5|9:6|9:7|9:8|9:9,624
142,1870,0.9068779186124083,2.0,2.0,0.0,2.0,250,truncated,0,0,,1,63,43,0:0|0:1|0:4|0:5|0:6|0:7|0:8|0:9|1:0|1:1|1:2|1:4|1:5|1:6|1:7|1:8|1:9|2:0|2:1|2:2|2:4|2:5|2:6|2:7|2:8|2:9|3:0|3:1|3:2|3:3|3:4|4:0|4:1|4:2|4:3|4:4|4:5|4:6|5:0|5:1|5:2|5:3|6:3,624
143,1871,0.9062174783188792,2.0,2.0,0.0,2.0,250,truncated,0,0,,1,48,37,0:0|0:2|0:4|0:5|0:6|0:7|1:0|1:1|1:2|1:4|1:5|1:6|1:7|1:8|2:0|2:1|2:2|2:4|2:5|2:6|2:7|2:8|3:0|3:1|3:2|3:3|3:4|4:0|4:1|4:2|4:3|4:4|4:5|4:6|5:1|5:3|5:5,624
144,1872,0.9055570380253503,1.0,1.0,0.0,1.0,250,truncated,0,0,,1,48,43,0:0|0:1|0:2|1:0|1:1|1:2|2:0|2:1|2:2|3:0|3:1|3:2|3:3|3:4|4:2|4:3|4:4|4:5|4:6|4:7|5:1|5:2|5:3|5:5|5:6|6:3|7:0|7:1|7:2|7:3|7:4|7:5|8:0|8:1|8:2|8:3|8:4|9:0|9:1|9:2|9:3|9:4|9:5,624
145,1873,0.9048965977318212,1.0,1.0,0.0,1.0,250,truncated,0,0,,1,71,53,0:0|0:1|0:2|0:4|0:5|0:6|0:7|1:0|1:1|1:2|1:4|1:5|1:6|1:7|2:0|2:1|2:2|2:4|3:0|3:1|3:2|3:3|3:4|4:0|4:1|4:2|4:3|4:4|4:5|4:6|4:7|4:8|4:9|5:1|5:2|5:3|5:5|5:7|5:9|6:3|6:5|6:6|6:7|6:8|6:9|7:3|7:4|7:5|7:6|7:7|7:9|8:3|8:4,624
146,1874,0.9042361574382922,3.0,3.0,0.0,3.0,250,truncated,0,0,,1,77,58,0:0|0:1|0:2|1:0|1:1|1:2|2:0|2:1|2:2|3:0|3:1|3:2|3:3|3:4|3:9|4:0|4:1|4:2|4:3|4:4|4:5|4:7|4:8|4:9|5:1|5:2|5:3|5:5|5:6|5:7|5:8|5:9|6:3|6:5|6:6|6:7|6:8|6:9|7:0|7:1|7:2|7:3|7:4|7:6|7:7|7:8|7:9|8:0|8:1|8:2|8:4|8:9|9:4|9:5|9:6|9:7|9:8|9:9,628
147,1875,0.9035757171447631,2.0,2.0,0.0,2.0,250,truncated,0,0,,1,56,43,0:0|0:1|0:4|0:5|0:6|0:7|0:8|0:9|1:0|1:1|1:4|1:5|1:6|1:7|1:8|1:9|2:0|2:1|2:2|2:4|2:5|2:6|2:7|2:8|2:9|3:0|3:1|3:2|3:3|3:4|3:8|3:9|4:0|4:1|4:2|4:3|4:4|4:8|4:9|5:0|5:3|5:8|5:9,628
148,1876,0.9029152768512342,2.0,2.0,0.0,2.0,250,truncated,0,0,,1,46,38,0:0|0:1|0:2|0:4|0:5|0:6|0:7|0:8|0:9|1:0|1:1|1:2|1:5|1:6|1:7|1:8|1:9|2:0|2:1|2:2|2:4|2:5|2:6|2:7|2:8|3:0|3:1|3:2|3:3|3:4|4:0|4:1|4:2|4:3|5:0|5:1|5:2|5:3,628
149,1877,0.9022548365577051,2.0,2.0,0.0,2.0,250,truncated,0,0,,1,68,52,0:0|0:1|0:2|0:4|0:5|0:6|0:7|0:8|0:9|1:0|1:1|1:2|1:4|1:5|1:6|1:7|1:8|1:9|2:1|2:2|2:4|2:5|2:6|2:7|2:8|2:9|3:1|3:2|3:3|3:4|3:8|4:2|4:3|4:4|4:5|4:6|4:7|4:8|5:2|5:3|5:5|5:6|5:7|5:8|5:9|6:3|6:5|6:6|6:7|6:8|6:9|7:3,628
150,1878,0.9015943962641761,2.0,2.0,0.0,2.0,250,truncated,0,0,,1,65,58,0:0|0:1|0:2|0:4|0:5|0:6|0:8|0:9|1:0|1:1|1:2|1:4|1:5|1:9|2:0|2:1|2:2|2:4|2:5|2:6|2:7|2:8|2:9|3:1|3:2|3:3|3:4|3:9|4:2|4:3|4:9|5:2|5:3|5:9|6:3|6:6|6:7|6:9|7:2|7:3|7:4|7:5|7:6|7:7|7:9|8:2|8:3|8:4|8:9|9:1|9:2|9:3|9:4|9:5|9:6|9:7|9:8|9:9,628
151,1879,0.9009339559706471,4.0,4.0,0.0,4.0,165,victory,1,0,,0,64,54,0:0|0:1|0:2|0:8|0:9|1:0|1:1|1:6|1:7|1:8|1:9|2:0|2:1|2:2|2:4|2:5|2:6|2:7|2:8|2:9|3:0|3:1|3:2|3:3|3:4|3:8|3:9|4:1|4:2|4:3|4:4|4:6|4:7|4:8|4:9|5:3|5:5|5:6|5:7|5:8|5:9|6:5|6:6|6:7|6:8|6:9|7:5|7:6|7:7|7:8|7:9|8:9|9:8|9:9,628
152,1880,0.9002735156771181,2.0,2.0,0.0,2.0,250,truncated,0,0,,1,72,63,0:0|0:1|0:2|0:4|0:5|0:6|0:7|0:8|0:9|1:0|1:1|1:2|1:4|1:5|1:6|1:7|1:8|1:9|2:0|2:1|2:2|2:4|2:5|2:6|2:7|2:8|2:9|3:0|3:1|3:2|3:3|3:4|3:8|3:9|4:0|4:1|4:2|4:3|4:4|4:5|4:6|4:7|4:8|5:2|5:3|5:5|5:6|6:3|6:6|7:0|7:1|7:2|7:3|7:4|7:6|8:0|8:1|8:2|8:3|8:4|9:0|9:1|9:2,628
153,1881,0.899613075383589,2.0,2.0,0.0,2.0,250,truncated,0,0,,1,65,60,0:0|0:1|0:2|0:4|0:5|0:6|0:7|0:8|0:9|1:1|1:2|1:4|1:5|1:6|1:7|1:8|1:9|2:0|2:1|2:2|2:4|2:5|2:6|2:7|2:8|2:9|3:0|3:1|3:2|3:3|3:4|3:8|3:9|4:0|4:1|4:2|4:3|4:4|4:5|5:0|5:1|5:2|5:3|5:5|5:6|6:3|6:5|7:2|7:3|7:4|7:5|7:6|8:2|8:3|8:4|9:2|9:3|9:4|9:5|9:6,628
154,1882,0.8989526350900601,2.0,2.0,0.0,2.0,250,truncated,0,0,,1,59,39,0:0|0:1|0:2|0:4|0:5|0:6|1:0|1:1|1:2|1:4|1:5|1:6|2:0|2:1|2:2|2:4|2:5|2:6|3:1|3:2|3:3|3:4|4:2|4:3|4:4|4:5|5:2|5:3|5:5|6:3|6:5|7:0|7:1|7:2|7:3|8:2|8:3|9:2|9:3,628
155,1883,0.898292194796531,3.0,3.0,0.0,3.0,250,truncated,0,0,,1,68,60,0:0|0:2|1:0|1:1|1:2|2:0|2:1|2:2|2:9|3:0|3:2|3:8|3:9|4:0|4:1|4:2|4:3|4:4|4:5|4:6|4:7|4:8|4:9|5:0|5:1|5:2|5:3|5:6|5:7|5:9|6:3|6:6|6:7|6:8|7:0|7:1|7:2|7:3|7:4|7:5|7:6|7:7|7:8|7:9|8:0|8:1|8:2|8:3|8:4|8:9|9:0|9:1|9:2|9:3|9:4|9:5|9:6|9:7|9:8|9:9,629
156,1884,0.897631754503002,2.0,2.0,0.0,2.0,250,truncated,0,0,,1,69,60,0:0|0:4|0:8|1:0|1:1|1:2|1:4|1:5|1:6|1:7|1:8|1:9|2:0|2:1|2:2|2:4|2:6|2:7|2:8|3:1|3:2|3:3|3:4|3:8|3:9|4:1|4:2|4:3|4:5|4:6|4:7|4:8|4:9|5:1|5:2|5:3|5:5|5:6|5:7|5:8|5:9|6:3|6:5|6:6|6:7|6:8|6:9|7:1|7:2|7:3|7:4|7:5|7:6|7:7|7:8|7:9|8:3|8:4|8:9|9:4,629
157,1885,0.896971314209473,2.0,2.0,0.0,2.0,250,truncated,0,0,,1,71,51,0:0|0:1|0:2|0:6|0:7|0:8|0:9|1:0|1:1|1:2|1:6|1:7|1:8|1:9|2:0|2:1|2:2|2:4|2:5|2:6|2:7|2:8|2:9|3:0|3:1|3:2|3:3|3:4|3:9|4:0|4:1|4:2|4:3|4:4|4:5|4:6|4:9|5:0|5:1|5:2|5:3|5:5|5:6|5:7|5:8|5:9|6:3|6:7|6:8|6:9|7:8,640
158,1886,0.896310873915944,4.0,4.0,0.0,4.0,87,victory,1,0,,0,42,40,0:0|0:1|0:5|0:6|0:7|0:8|1:1|1:4|1:5|1:6|1:7|1:8|2:1|2:2|2:4|2:5|2:6|2:7|2:8|3:2|3:3|3:4|3:8|4:2|4:6|4:7|4:8|4:9|5:6|5:7|5:8|5:9|6:6|6:7|6:8|6:9|7:9|8:9|9:8|9:9,640
159,1887,0.8956504336224149,2.0,2.0,0.0,2.0,250,truncated,0,0,,1,65,41,0:0|0:1|0:2|0:4|0:5|0:6|0:7|0:8|0:9|1:0|1:1|1:2|1:4|1:5|1:6|1:7|1:8|1:9|2:0|2:1|2:2|2:4|2:5|2:6|2:7|2:8|2:9|3:0|3:1|3:2|3:3|3:4|3:8|4:0|4:1|4:2|4:3|4:4|5:0|5:1|5:2,640
160,1888,0.894989993328886,2.0,2.0,0.0,2.0,250,truncated,0,0,,1,50,32,0:0|0:1|0:2|0:4|0:5|0:6|1:0|1:1|1:2|1:4|1:5|1:6|2:0|2:1|2:2|2:4|2:5|2:6|3:0|3:1|3:2|3:3|3:4|4:0|4:1|4:2|4:3|4:4|5:0|5:1|5:2|5:3,640
161,1889,0.8943295530353569,1.0,1.0,0.0,1.0,250,truncated,0,0,,1,51,37,0:0|0:1|0:2|1:0|1:1|1:2|2:0|2:1|2:2|3:0|3:1|3:2|3:3|3:4|4:0|4:1|4:2|4:3|4:4|4:5|4:6|5:0|5:1|5:2|5:3|5:5|5:6|5:7|5:8|6:3|6:5|6:6|6:7|6:8|7:6|7:7|7:8,640
162,1890,0.8936691127418279,2.0,2.0,0.0,2.0,250,truncated,0,0,,1,82,52,0:0|0:1|0:4|0:5|0:6|0:7|0:8|0:9|1:0|1:1|1:2|1:4|1:5|1:6|1:7|1:8|1:9|2:0|2:1|2:2|2:4|2:5|2:6|2:7|2:8|2:9|3:1|3:2|3:3|3:4|3:8|3:9|4:2|4:3|4:4|4:5|4:7|4:8|4:9|5:2|5:3|5:5|5:6|5:7|5:8|5:9|6:5|6:6|6:7|6:9|7:7|7:8,640
163,1891,0.8930086724482988,2.0,2.0,0.0,2.0,250,truncated,0,0,,1,80,53,0:0|0:1|0:2|0:4|0:5|0:6|0:7|0:8|0:9|1:1|1:2|1:4|1:5|1:6|1:7|1:8|1:9|2:1|2:2|2:4|2:5|2:6|2:7|3:1|3:2|3:3|3:4|4:1|4:2|4:3|4:4|4:5|4:6|4:7|4:8|5:3|5:6|5:7|5:8|6:3|6:6|6:7|7:2|7:3|7:4|7:5|7:6|7:7|8:3|8:4|9:3|9:4|9:5,642
164,1892,0.8923482321547699,1.0,1.0,0.0,1.0,250,truncated,0,0,,1,29,23,0:0|0:1|0:2|1:0|1:1|1:2|2:0|2:1|2:2|3:0|3:1|3:2|3:3|4:0|4:1|4:2|4:3|4:4|4:5|5:0|5:1|5:2|5:3,642
165,1893,0.8916877918612408,2.0,2.0,0.0,2.0,250,truncated,0,0,,1,78,56,0:0|0:1|0:2|0:5|1:0|1:1|1:2|1:5|1:6|1:7|1:8|2:0|2:1|2:2|2:4|2:5|2:6|2:7|2:8|2:9|3:0|3:1|3:2|3:3|3:4|4:0|4:1|4:2|4:3|4:4|4:7|4:8|4:9|5:2|5:3|5:7|5:8|5:9|6:3|6:7|6:8|6:9|7:3|7:4|7:7|7:8|7:9|8:3|8:4|8:9|9:4|9:5|9:6|9:7|9:8|9:9,642
166,1894,0.8910273515677118,2.0,2.0,0.0,2.0,250,truncated,0,0,,1,63,52,0:0|0:1|0:2|0:4|0:6|0:7|0:8|0:9|1:0|1:1|1:2|1:4|1:5|1:6|1:7|1:8|1:9|2:1|2:2|2:4|2:5|2:6|2:7|2:8|2:9|3:0|3:1|3:2|3:3|3:4|3:8|3:9|4:1|4:2|4:3|4:4|4:5|5:2|5:3|5:5|5:6|6:3|6:5|6:6|7:0|7:1|7:2|7:3|7:4|7:5|8:3|8:4,642
167,1895,0.8903669112741828,1.0,1.0,0.0,1.0,250,truncated,0,0,,1,71,54,0:0|0:1|0:2|1:0|1:1|1:2|2:0|2:1|2:2|2:9|3:0|3:1|3:2|3:3|3:8|3:9|4:0|4:1|4:2|4:3|4:6|4:7|4:8|4:9|5:1|5:2|5:3|5:5|5:6|5:7|5:8|5:9|6:3|6:5|6:6|6:7|6:8|6:9|7:3|7:4|7:5|7:6|7:7|7:8|7:9|8:1|8:2|8:3|8:4|8:9|9:2|9:3|9:4|9:5,642
168,1896,0.8897064709806538,1.0,1.0,0.0,1.0,250,truncated,0,0,,1,41,28,0:0|0:1|0:2|1:0|1:1|1:2|2:0|2:1|2:2|2:4|3:0|3:1|3:2|3:3|3:4|4:0|4:1|4:2|4:3|4:4|4:5|4:6|5:0|5:1|5:2|5:3|5:5|6:5,642
169,1897,0.8890460306871247,4.0,4.0,0.0,4.0,214,victory,1,0,,0,52,47,0:0|0:1|0:2|0:7|0:8|0:9|1:2|1:7|1:8|1:9|2:2|2:4|2:5|2:6|2:7|2:9|3:2|3:3|3:4|3:9|4:0|4:1|4:2|4:3|4:9|5:0|5:1|5:2|5:3|5:5|5:6|5:8|5:9|6:3|6:5|6:6|6:7|6:8|6:9|7:5|7:6|7:7|7:8|7:9|8:9|9:8|9:9,642
170,1898,0.8883855903935958,4.0,4.0,0.0,4.0,173,victory,1,0,,0,60,45,0:0|0:1|0:2|1:0|1:1|1:5|2:0|2:1|2:2|2:4|2:5|2:6|3:0|3:1|3:2|3:3|3:4|4:0|4:1|4:2|4:3|4:4|4:5|4:6|4:7|4:8|4:9|5:1|5:2|5:3|5:6|5:7|5:8|5:9|6:3|6:6|6:7|6:8|7:6|7:7|7:8|7:9|8:9|9:8|9:9,642
171,1899,0.8877251501000667,4.0,4.0,0.0,4.0,247,victory,1,0,,0,55,44,0:0|0:1|0:2|1:0|1:1|1:2|1:4|1:5|1:6|2:0|2:1|2:2|2:4|2:5|2:6|2:7|2:8|3:0|3:1|3:2|3:3|3:4|3:8|4:0|4:1|4:2|4:3|4:4|4:8|5:0|5:1|5:2|5:3|5:8|5:9|6:3|6:7|6:8|6:9|7:8|7:9|8:9|9:8|9:9,642
172,1900,0.8870647098065377,2.0,2.0,0.0,2.0,250,truncated,0,0,,1,51,34,0:0|0:1|0:2|0:6|0:7|1:0|1:1|1:2|1:5|1:6|1:7|2:0|2:1|2:2|2:4|2:5|2:6|3:0|3:1|3:2|3:3|3:4|4:0|4:1|4:2|4:3|4:4|4:5|5:0|5:1|5:2|5:3|5:5|6:3,642
173,1901,0.8864042695130087,2.0,2.0,0.0,2.0,250,truncated,0,0,,1,70,57,0:0|0:1|0:2|0:4|0:5|0:6|1:0|1:1|1:2|1:4|1:5|1:6|1:7|1:9|2:0|2:1|2:2|2:4|2:5|2:6|2:7|2:8|2:9|3:0|3:1|3:2|3:3|3:4|3:8|3:9|4:1|4:2|4:3|4:4|4:5|4:6|4:7|4:8|4:9|5:0|5:1|5:2|5:3|5:5|5:6|5:7|5:8|5:9|6:3|6:5|6:6|6:7|6:8|7:5|7:6|7:7|7:8,642
174,1902,0.8857438292194797,2.0,2.0,0.0,2.0,250,truncated,0,0,,1,85,66,0:0|0:1|0:2|0:4|0:5|0:6|0:7|0:8|0:9|1:0|1:1|1:2|1:4|1:5|1:8|1:9|2:0|2:1|2:2|2:4|2:5|2:6|2:9|3:0|3:1|3:2|3:3|3:4|3:9|4:0|4:1|4:2|4:3|4:4|4:5|4:6|4:7|4:8|4:9|5:1|5:2|5:3|5:5|5:6|5:7|5:8|6:3|6:5|6:6|6:7|7:0|7:1|7:2|7:3|7:4|7:5|8:0|8:1|8:2|8:3|8:4|9:0|9:1|9:2|9:3|9:4,642
175,1903,0.8850833889259506,2.0,2.0,0.0,2.0,250,truncated,0,0,,1,79,50,0:0|0:1|0:2|0:4|0:5|0:6|0:7|0:8|0:9|1:0|1:1|1:2|1:4|1:5|1:6|1:7|1:8|1:9|2:0|2:1|2:2|2:4|2:5|2:6|2:7|2:8|2:9|3:0|3:1|3:2|3:3|3:4|3:8|3:9|4:0|4:1|4:2|4:3|4:4|4:5|4:6|4:7|4:8|4:9|5:0|5:1|5:7|5:8|6:7|6:8,642
176,1904,0.8844229486324217,4.0,4.0,0.0,4.0,150,victory,1,0,,0,63,45,0:0|1:0|2:0|2:1|2:2|2:4|2:5|2:6|3:0|3:1|3:2|3:3|3:4|3:8|3:9|4:0|4:1|4:2|4:3|4:4|4:5|4:6|4:7|4:8|4:9|5:1|5:2|5:3|5:5|5:6|5:7|5:8|5:9|6:5|6:6|6:7|6:8|6:9|7:6|7:7|7:8|7:9|8:9|9:8|9:9,642
177,1905,0.8837625083388926,4.0,4.0,0.0,4.0,210,victory,1,0,,0,73,61,0:0|0:1|0:2|0:4|0:5|0:6|0:7|1:0|1:1|1:2|1:4|1:5|1:6|1:7|1:8|2:1|2:2|2:4|2:5|2:6|2:7|2:8|3:1|3:2|3:3|3:4|3:8|4:0|4:1|4:2|4:3|4:7|4:8|5:3|5:7|5:8|6:3|6:5|6:6|6:7|6:8|7:1|7:2|7:3|7:4|7:5|7:6|7:7|7:8|7:9|8:1|8:2|8:3|8:4|8:9|9:2|9:3|9:4|9:5|9:8|9:9,642
178,1906,0.8831020680453636,2.0,2.0,0.0,2.0,250,truncated,0,0,,1,60,50,0:0|0:1|0:2|0:6|0:7|0:8|1:0|1:1|1:2|1:5|1:6|1:7|1:8|1:9|2:0|2:1|2:2|2:4|2:5|2:6|2:7|2:8|2:9|3:1|3:2|3:3|3:4|3:8|3:9|4:1|4:2|4:3|4:4|4:5|4:6|4:7|4:8|4:9|5:3|5:5|5:6|5:7|5:8|5:9|6:6|6:7|6:8|6:9|7:8|7:9,642
179,1907,0.8824416277518345,3.0,3.0,0.0,3.0,250,truncated,0,0,,1,69,49,0:0|0:1|1:1|2:0|2:1|2:2|3:0|3:1|3:2|3:3|3:4|3:8|4:0|4:1|4:2|4:3|4:4|4:5|4:6|4:8|5:0|5:1|5:2|5:3|5:5|5:6|5:7|5:8|5:9|6:3|6:5|6:7|6:8|6:9|7:2|7:3|7:4|7:5|7:6|7:7|7:8|7:9|8:2|8:3|8:4|8:9|9:7|9:8|9:9,642
180,1908,0.8817811874583056,2.0,2.0,0.0,2.0,250,truncated,0,0,,1,70,53,0:0|0:1|0:2|0:4|0:5|0:6|1:0|1:1|1:2|1:4|1:5|1:6|1:7|2:0|2:1|2:2|2:4|2:5|2:6|2:7|3:0|3:1|3:2|3:3|3:4|3:8|3:9|4:0|4:1|4:2|4:3|4:4|4:5|4:6|4:8|5:0|5:1|5:2|5:3|5:5|5:6|5:7|5:8|6:3|6:5|6:6|6:7|6:8|6:9|7:4|7:5|7:8|7:9,642
181,1909,0.8811207471647765,2.0,2.0,0.0,2.0,250,truncated,0,0,,1,81,60,0:0|0:1|0:4|0:5|0:6|0:7|0:8|0:9|1:0|1:1|1:2|1:4|1:5|1:6|1:7|1:8|1:9|2:1|2:2|2:4|2:5|2:6|2:7|2:8|2:9|3:1|3:2|3:3|3:4|3:8|3:9|4:1|4:2|4:3|4:4|4:5|4:6|4:7|4:8|4:9|5:1|5:2|5:3|5:5|5:7|5:8|6:3|6:5|6:6|6:7|6:8|7:2|7:3|7:4|7:5|7:6|7:7|7:8|8:2|8:3,642
182,1910,0.8804603068712475,1.0,1.0,0.0,1.0,250,truncated,0,0,,1,58,44,0:0|0:2|1:0|1:1|1:2|2:0|2:1|2:2|3:0|3:1|3:2|3:3|3:4|4:0|4:1|4:2|4:3|4:4|5:0|5:1|5:2|5:3|5:5|5:6|6:3|6:5|6:6|6:7|6:8|6:9|7:0|7:1|7:2|7:3|7:4|7:5|7:6|7:7|8:1|8:2|8:3|8:4|9:1|9:3,642
183,1911,0.8797998665777185,4.0,4.0,0.0,4.0,227,victory,1,0,,0,73,52,0:0|0:1|0:2|1:0|1:1|1:2|1:7|1:8|2:0|2:1|2:2|2:4|2:5|2:6|2:7|2:8|2:9|3:0|3:1|3:2|3:3|3:4|3:8|4:0|4:1|4:2|4:3|4:4|4:5|4:6|4:7|4:8|4:9|5:1|5:2|5:3|5:5|5:6|5:7|5:8|5:9|6:3|6:6|6:7|6:8|6:9|7:7|7:8|7:9|8:9|9:8|9:9,642
184,1912,0.8791394262841895,2.0,2.0,0.0,2.0,250,truncated,0,0,,1,93,64,0:0|0:1|0:2|0:4|0:5|0:6|0:7|0:8|1:0|1:1|1:2|1:4|1:5|1:6|1:7|1:8|2:0|2:1|2:2|2:4|2:5|2:6|2:7|2:8|3:0|3:1|3:2|3:3|3:4|3:8|4:0|4:1|4:2|4:3|4:4|4:6|4:7|4:8|5:0|5:1|5:2|5:3|5:5|5:6|5:7|6:3|6:5|6:6|6:7|7:0|7:1|7:2|7:3|7:4|7:5|7:6|7:7|8:0|8:1|8:3|8:4|9:1|9:2|9:3,645
185,1913,0.8784789859906604,2.0,2.0,0.0,2.0,250,truncated,0,0,,1,63,47,0:0|0:1|0:2|0:5|0:6|0:7|1:0|1:1|1:2|1:5|1:7|2:0|2:1|2:2|2:4|2:5|2:6|2:7|3:0|3:1|3:2|3:3|3:4|4:0|4:1|4:2|4:3|4:4|4:5|4:6|4:7|5:0|5:1|5:2|5:3|5:5|5:6|5:7|6:3|6:5|6:6|7:3|7:4|7:5|8:3|8:4|9:4,645
186,1914,0.8778185456971315,4.0,4.0,0.0,4.0,236,victory,1,0,,0,66,48,0:0|0:1|0:2|0:4|0:5|0:6|0:7|0:8|0:9|1:1|1:2|1:4|1:5|1:6|1:7|1:8|1:9|2:1|2:2|2:4|2:5|2:6|2:7|2:8|2:9|3:1|3:2|3:3|3:4|3:8|3:9|4:2|4:3|4:4|4:6|4:7|4:8|5:7|6:6|6:7|6:8|6:9|7:7|7:8|7:9|8:9|9:8|9:9,645
187,1915,0.8771581054036024,2.0,2.0,0.0,2.0,250,truncated,0,0,,1,62,57,0:0|0:1|0:2|1:0|1:1|1:2|1:4|1:5|1:6|2:2|2:4|2:5|2:6|2:7|2:8|3:1|3:2|3:3|3:4|3:8|3:9|4:1|4:2|4:3|4:6|4:7|4:8|4:9|5:3|5:6|5:7|5:8|5:9|6:3|6:7|6:8|6:9|7:0|7:1|7:2|7:3|7:4|7:5|7:7|7:8|7:9|8:0|8:1|8:2|8:3|8:4|8:9|9:0|9:1|9:2|9:3|9:4,645
188,1916,0.8764976651100734,4.0,4.0,0.0,4.0,144,victory,1,0,,0,65,55,0:0|0:1|0:2|0:6|0:7|0:8|0:9|1:0|1:1|1:2|1:5|1:6|1:7|1:8|1:9|2:0|2:1|2:2|2:4|2:5|2:6|2:7|2:8|2:9|3:1|3:2|3:3|3:4|3:8|3:9|4:2|4:3|4:8|4:9|5:3|5:6|5:7|5:8|5:9|6:5|6:6|6:7|6:8|6:9|7:3|7:4|7:5|7:6|7:7|7:8|7:9|8:4|8:9|9:8|9:9,645
189,1917,0.8758372248165444,2.0,2.0,0.0,2.0,250,truncated,0,0,,1,72,44,0:0|0:8|0:9|1:0|1:1|1:2|1:6|1:7|1:8|1:9|2:0|2:1|2:2|2:4|2:5|2:6|2:7|2:8|2:9|3:0|3:1|3:2|3:3|3:4|3:9|4:0|4:1|4:2|4:3|4:4|4:5|4:6|4:7|4:8|4:9|5:0|5:1|5:2|5:3|5:5|5:6|5:7|5:8|5:9,645
190,1918,0.8751767845230154,4.0,4.0,0.0,4.0,194,victory,1,0,,0,55,45,0:0|0:1|0:2|1:0|1:1|1:2|1:7|2:1|2:2|2:4|2:5|2:6|2:7|2:8|2:9|3:0|3:1|3:2|3:3|3:4|3:8|3:9|4:0|4:1|4:2|4:3|4:8|4:9|5:0|5:1|5:2|5:3|5:7|5:8|5:9|6:6|6:7|6:8|6:9|7:7|7:8|7:9|8:9|9:8|9:9,645
191,1919,0.8745163442294863,3.0,3.0,0.0,3.0,250,truncated,0,0,,1,56,49,0:0|0:1|0:2|1:0|1:1|1:2|2:0|2:1|2:2|3:1|3:2|3:3|3:4|4:1|4:2|4:3|4:4|4:5|5:5|5:8|6:5|6:6|6:7|6:8|6:9|7:0|7:1|7:2|7:3|7:4|7:5|7:6|7:7|7:8|7:9|8:0|8:1|8:2|8:3|8:4|8:9|9:2|9:3|9:4|9:5|9:6|9:7|9:8|9:9,645
192,1920,0.8738559039359572,4.0,4.0,0.0,4.0,224,victory,1,0,,0,70,53,0:0|0:1|0:2|0:6|0:7|0:8|0:9|1:0|1:1|1:2|1:4|1:5|1:6|1:7|1:8|1:9|2:0|2:1|2:2|2:4|2:5|2:6|2:7|2:8|2:9|3:0|3:1|3:2|3:3|3:4|3:8|3:9|4:1|4:2|4:3|4:4|4:5|4:6|4:7|4:8|4:9|5:1|5:2|5:6|5:8|6:7|6:8|7:7|7:8|7:9|8:9|9:8|9:9,645
193,1921,0.8731954636424283,2.0,2.0,0.0,2.0,250,truncated,0,0,,1,57,53,0:0|0:1|0:4|0:5|0:6|0:7|0:8|1:0|1:1|1:4|1:5|1:6|1:7|1:8|1:9|2:0|2:1|2:2|2:4|2:5|2:6|2:7|2:8|2:9|3:0|3:1|3:2|3:3|3:4|3:8|3:9|4:0|4:1|4:2|4:3|4:4|4:5|4:7|4:8|4:9|5:0|5:1|5:2|5:3|5:5|5:6|5:7|5:8|5:9|6:3|6:5|6:6|7:3,645
194,1922,0.8725350233488993,4.0,4.0,0.0,4.0,100,victory,1,0,,0,47,42,0:0|0:2|0:5|0:6|0:8|1:0|1:1|1:2|1:4|1:5|1:6|1:7|1:8|1:9|2:1|2:2|2:4|2:6|2:7|2:8|2:9|3:1|3:2|3:3|3:4|3:8|3:9|4:2|4:6|4:7|4:8|4:9|5:6|5:7|5:8|6:7|7:7|7:8|7:9|8:9|9:8|9:9,645
195,1923,0.8718745830553702,2.0,2.0,0.0,2.0,250,truncated,0,0,,1,69,53,0:0|0:1|0:2|0:5|0:6|0:8|0:9|1:0|1:1|1:2|1:4|1:5|1:6|1:7|1:8|1:9|2:0|2:1|2:2|2:4|2:5|2:6|2:7|2:8|2:9|3:1|3:2|3:3|3:4|3:8|3:9|4:1|4:2|4:3|4:4|4:7|4:8|4:9|5:1|5:2|5:3|5:7|5:8|5:9|6:3|6:6|6:7|6:8|6:9|7:6|7:7|7:8|7:9,645
196,1924,0.8712141427618412,4.0,4.0,0.0,4.0,235,victory,1,0,,0,57,52,0:0|0:1|0:2|0:6|0:7|1:0|1:1|1:2|1:4|1:5|1:6|1:7|1:8|2:0|2:2|2:4|2:5|2:6|2:7|2:8|3:1|3:2|3:3|3:4|3:8|4:0|4:1|4:2|4:3|4:5|4:6|4:7|4:8|5:0|5:1|5:2|5:3|5:5|5:6|5:7|6:3|6:5|6:6|6:7|6:8|6:9|7:7|7:8|7:9|8:9|9:8|9:9,645
197,1925,0.8705537024683122,2.0,2.0,0.0,2.0,250,truncated,0,0,,1,55,45,0:0|0:1|0:2|0:4|0:5|0:6|0:7|0:8|0:9|1:0|1:1|1:2|1:4|1:5|1:6|1:7|1:8|1:9|2:0|2:1|2:2|2:4|2:5|2:6|2:7|2:8|2:9|3:0|3:1|3:2|3:3|3:4|3:8|3:9|4:0|4:1|4:2|4:3|4:4|5:0|5:1|5:2|5:3|6:3|7:3,645
198,1926,0.8698932621747832,2.0,2.0,0.0,2.0,250,truncated,0,0,,1,56,46,0:0|0:1|0:2|0:4|0:5|0:6|0:7|0:8|0:9|1:0|1:1|1:2|1:5|1:6|1:7|1:8|1:9|2:0|2:1|2:2|2:4|2:5|2:6|2:7|2:8|2:9|3:0|3:1|3:2|3:3|3:4|3:8|4:0|4:1|4:2|4:3|4:7|4:8|4:9|5:0|5:1|5:2|5:3|5:7|5:8|5:9,645
199,1927,0.8692328218812542,4.0,4.0,0.0,4.0,166,victory,1,0,,0,61,56,0:0|0:1|0:2|0:4|0:5|0:6|0:7|0:8|0:9|1:0|1:1|1:2|1:4|1:5|1:6|1:7|1:8|1:9|2:1|2:2|2:4|2:5|2:6|2:7|2:9|3:0|3:1|3:2|3:3|3:4|3:9|4:0|4:1|4:2|4:3|4:4|4:5|4:6|4:7|4:8|4:9|5:0|5:1|5:5|5:6|5:7|5:8|6:7|6:8|6:9|7:7|7:8|7:9|8:9|9:8|9:9,645
200,1928,0.8685723815877251,2.0,2.0,0.0,2.0,250,truncated,0,0,,1,64,51,0:0|0:1|0:2|0:5|1:0|1:1|1:2|1:5|1:6|1:7|1:8|2:0|2:1|2:2|2:4|2:5|2:6|2:7|2:8|2:9|3:0|3:1|3:2|3:3|3:4|3:8|3:9|4:0|4:1|4:2|4:3|4:4|4:5|4:6|4:7|4:8|4:9|5:0|5:1|5:2|5:3|5:6|5:7|5:8|5:9|6:3|6:7|6:8|6:9|7:7|7:8,645
201,1929,0.8679119412941961,4.0,4.0,0.0,4.0,179,victory,1,0,,0,60,53,0:0|0:1|0:5|0:6|0:7|0:8|0:9|1:1|1:4|1:5|1:6|1:7|1:8|1:9|2:1|2:2|2:4|2:5|2:6|2:7|2:8|2:9|3:0|3:1|3:2|3:3|3:4|3:9|4:0|4:1|4:2|4:3|4:7|4:8|4:9|5:2|5:3|5:5|5:6|5:7|5:8|5:9|6:3|6:6|6:7|6:8|6:9|7:3|7:8|7:9|8:9|9:8|9:9,645
202,1930,0.8672515010006672,3.0,3.0,0.0,3.0,250,truncated,0,0,,1,84,55,0:0|0:2|1:0|1:1|1:2|2:0|2:1|2:2|3:1|3:2|4:2|4:3|4:5|4:6|4:7|4:8|4:9|5:1|5:2|5:3|5:5|5:6|5:7|5:8|5:9|6:3|6:5|6:6|6:7|6:8|6:9|7:0|7:1|7:2|7:3|7:4|7:5|7:8|7:9|8:0|8:1|8:2|8:3|8:4|8:9|9:0|9:1|9:2|9:3|9:4|9:5|9:6|9:7|9:8|9:9,646
203,1931,0.8665910607071381,4.0,4.0,0.0,4.0,169,victory,1,0,,0,62,55,0:0|0:1|0:2|0:4|0:5|0:6|0:7|0:8|0:9|1:0|1:1|1:2|1:4|1:5|1:6|1:7|1:9|2:0|2:1|2:2|2:4|2:5|2:6|2:7|2:9|3:2|3:3|3:4|3:9|4:0|4:1|4:2|4:3|4:4|4:5|4:9|5:0|5:1|5:2|5:3|5:6|5:7|5:8|5:9|6:3|6:7|6:8|6:9|7:6|7:7|7:8|7:9|8:9|9:8|9:9,646
204,1932,0.865930620413609,4.0,4.0,0.0,4.0,243,victory,1,0,,0,84,58,0:0|0:1|0:2|0:5|0:6|0:7|0:8|0:9|1:0|1:1|1:2|1:6|1:7|1:8|1:9|2:1|2:2|2:4|2:6|2:7|2:8|2:9|3:2|3:4|3:8|3:9|4:0|4:1|4:2|4:3|4:4|4:5|4:6|4:7|4:8|4:9|5:0|5:1|5:2|5:3|5:5|5:6|5:7|5:8|5:9|6:3|6:5|6:6|6:7|6:8|6:9|7:6|7:7|7:8|7:9|8:9|9:8|9:9,646
205,1933,0.8652701801200801,4.0,4.0,0.0,4.0,176,victory,1,0,,0,57,49,0:0|0:1|0:2|0:7|0:8|1:0|1:1|1:2|1:4|1:5|1:6|1:7|2:0|2:1|2:2|2:4|2:5|2:6|2:7|2:8|3:0|3:1|3:2|3:3|3:4|3:8|3:9|4:2|4:4|4:5|4:6|4:7|4:8|4:9|5:6|5:7|5:8|5:9|6:6|6:7|6:8|6:9|7:6|7:7|7:8|7:9|8:9|9:8|9:9,646
206,1934,0.8646097398265511,4.0,4.0,0.0,4.0,135,victory,1,0,,0,54,44,0:0|1:0|1:1|1:4|1:5|2:0|2:1|2:2|2:4|2:5|2:6|2:7|2:8|2:9|3:0|3:1|3:2|3:3|3:4|3:9|4:2|4:3|4:4|4:5|4:6|4:7|4:8|4:9|5:3|5:5|5:6|5:7|5:8|5:9|6:5|6:6|6:7|7:6|7:7|7:8|7:9|8:9|9:8|9:9,646
207,1935,0.863949299533022,4.0,4.0,0.0,4.0,157,victory,1,0,,0,64,51,0:0|0:1|0:8|1:0|1:1|1:6|1:7|1:8|1:9|2:0|2:1|2:2|2:4|2:5|2:6|2:7|2:8|2:9|3:0|3:1|3:2|3:3|3:4|3:8|3:9|4:1|4:2|4:3|4:6|4:7|4:8|4:9|5:2|5:3|5:6|5:7|5:8|5:9|6:3|6:6|6:7|6:8|6:9|7:3|7:4|7:6|7:8|7:9|8:9|9:8|9:9,646
208,1936,0.863288859239493,4.0,4.0,0.0,4.0,233,victory,1,0,,0,70,59,0:0|0:1|1:0|1:1|1:2|2:0|2:1|2:2|2:4|2:5|2:6|2:7|2:8|2:9|3:0|3:1|3:2|3:3|3:4|3:8|3:9|4:2|4:3|4:6|4:7|4:8|4:9|5:2|5:3|5:5|5:6|5:7|5:8|5:9|6:3|6:5|6:6|6:7|6:8|6:9|7:3|7:4|7:5|7:6|7:7|7:8|7:9|8:1|8:2|8:3|8:4|8:9|9:0|9:1|9:2|9:3|9:4|9:8|9:9,646
209,1937,0.862628418945964,4.0,4.0,0.0,4.0,191,victory,1,0,,0,65,53,0:0|0:4|0:5|0:6|0:7|0:8|0:9|1:0|1:1|1:2|1:4|1:5|1:6|1:7|1:8|1:9|2:0|2:1|2:2|2:4|2:5|2:6|2:7|2:8|3:0|3:1|3:2|3:3|3:4|3:8|3:9|4:0|4:1|4:2|4:3|4:7|4:8|5:2|5:6|5:7|5:8|5:9|6:6|6:7|6:8|6:9|7:6|7:7|7:8|7:9|8:9|9:8|9:9,646
210,1938,0.861967978652435,2.0,2.0,0.0,2.0,250,truncated,0,0,,1,72,54,0:0|0:1|0:4|0:5|0:8|0:9|1:0|1:1|1:4|1:5|1:6|1:7|1:8|1:9|2:0|2:1|2:2|2:4|2:5|2:6|2:7|2:8|2:9|3:1|3:2|3:3|3:4|3:8|3:9|4:1|4:2|4:3|4:4|4:5|4:6|4:7|4:8|4:9|5:1|5:5|5:6|5:7|5:8|5:9|6:5|6:6|6:7|6:8|6:9|7:5|7:6|7:7|7:8|7:9,646
211,1939,0.8613075383589059,2.0,2.0,0.0,2.0,250,truncated,0,0,,1,64,52,0:0|0:1|0:2|0:4|0:5|0:6|0:7|1:0|1:1|1:2|1:4|1:6|1:7|1:8|1:9|2:0|2:1|2:2|2:4|2:5|2:6|2:7|2:8|3:0|3:1|3:2|3:3|3:4|3:8|4:0|4:1|4:2|4:3|4:6|4:7|4:8|5:0|5:1|5:2|5:3|5:5|5:6|5:7|5:8|6:3|7:1|7:2|7:3|7:4|8:1|8:2|8:3,646
212,1940,0.8606470980653769,2.0,2.0,0.0,2.0,250,truncated,0,0,,1,79,56,0:0|0:1|0:4|0:5|0:6|0:7|0:8|0:9|1:0|1:1|1:2|1:4|1:5|1:6|1:7|1:8|1:9|2:0|2:1|2:2|2:4|2:5|2:6|2:7|2:8|2:9|3:1|3:2|3:3|3:4|3:8|3:9|4:0|4:1|4:2|4:3|4:4|4:5|4:6|4:7|4:8|4:9|5:3|5:5|5:6|5:7|5:8|5:9|6:6|6:7|6:8|6:9|7:6|7:7|7:8|7:9,646
213,1941,0.8599866577718479,4.0,4.0,0.0,4.0,138,victory,1,0,,0,63,50,0:0|0:5|0:6|0:7|1:0|1:1|1:2|1:5|1:6|1:7|2:0|2:1|2:2|2:4|2:5|2:6|2:7|2:8|2:9|3:0|3:1|3:2|3:3|3:4|3:8|3:9|4:0|4:1|4:2|4:3|4:4|4:6|4:7|4:8|4:9|5:1|5:2|5:6|5:7|5:8|5:9|6:7|6:8|6:9|7:7|7:8|7:9|8:9|9:8|9:9,646
214,1942,0.8593262174783189,4.0,4.0,0.0,4.0,237,victory,1,0,,0,73,57,0:0|0:1|0:2|0:4|0:5|0:9|1:0|1:1|1:2|1:4|1:5|1:6|1:7|1:8|1:9|2:0|2:1|2:2|2:4|2:5|2:6|2:9|3:0|3:1|3:2|3:3|3:4|3:9|4:0|4:1|4:2|4:3|4:4|4:5|4:6|4:7|4:8|4:9|5:1|5:2|5:3|5:5|5:6|5:7|5:8|6:3|6:5|6:6|6:7|6:8|7:6|7:7|7:8|7:9|8:9|9:8|9:9,646
215,1943,0.8586657771847899,2.0,2.0,0.0,2.0,250,truncated,0,0,,1,62,44,0:0|0:1|0:2|1:0|1:1|1:2|1:5|1:6|1:7|2:0|2:1|2:2|2:4|2:5|2:6|2:7|2:8|2:9|3:0|3:1|3:2|3:3|3:4|3:8|3:9|4:0|4:1|4:2|4:3|4:7|4:8|4:9|5:1|5:2|5:3|5:7|5:8|5:9|6:3|6:7|6:8|6:9|7:8|7:9,646
216,1944,0.8580053368912608,2.0,2.0,0.0,2.0,250,truncated,0,0,,1,59,43,0:0|0:1|0:2|0:4|0:5|0:7|0:8|0:9|1:0|1:1|1:2|1:4|1:5|1:6|1:7|1:8|1:9|2:0|2:1|2:2|2:4|2:5|2:6|2:7|2:8|2:9|3:0|3:1|3:2|3:3|3:4|3:8|3:9|4:1|4:2|4:3|4:8|5:0|5:1|5:2|5:3|6:3|7:3,646
217,1945,0.8573448965977318,3.0,3.0,0.0,3.0,250,truncated,0,0,,1,71,48,0:0|0:1|0:2|1:1|1:2|2:2|3:2|3:3|4:1|4:2|4:3|4:4|4:5|4:6|4:7|4:8|4:9|5:1|5:2|5:3|5:5|5:6|5:7|5:8|5:9|6:3|6:5|6:6|6:7|6:8|6:9|7:2|7:3|7:4|7:5|7:6|7:7|7:8|7:9|8:1|8:4|8:9|9:1|9:2|9:3|9:4|9:8|9:9,646
218,1946,0.8566844563042028,3.0,3.0,0.0,3.0,250,truncated,0,0,,1,65,44,0:0|0:1|0:2|1:0|1:1|1:2|2:0|2:1|2:2|3:0|3:1|3:2|3:3|3:4|4:0|4:1|4:2|4:3|4:4|4:5|4:6|4:7|5:0|5:1|5:2|5:3|5:5|5:6|5:7|5:8|6:5|6:6|6:7|6:8|6:9|7:5|7:6|7:7|7:8|7:9|8:9|9:7|9:8|9:9,646
219,1947,0.8560240160106738,4.0,4.0,0.0,4.0,189,victory,1,0,,0,53,47,0:0|0:1|0:2|0:4|0:6|0:7|1:0|1:1|1:2|1:4|1:5|1:6|1:7|2:1|2:2|2:4|2:6|2:7|2:8|2:9|3:2|3:3|3:4|3:8|3:9|4:1|4:2|4:4|4:5|4:6|4:7|4:8|4:9|5:5|5:6|5:7|5:8|6:5|6:7|6:8|7:6|7:7|7:8|7:9|8:9|9:8|9:9,646
220,1948,0.8553635757171447,4.0,4.0,0.0,4.0,208,victory,1,0,,0,53,47,0:0|0:9|1:0|1:1|1:6|1:8|1:9|2:0|2:1|2:2|2:4|2:5|2:6|2:7|2:8|2:9|3:0|3:1|3:2|3:3|3:4|3:8|3:9|4:0|4:1|4:2|4:3|4:7|4:8|4:9|5:0|5:1|5:2|5:3|5:6|5:7|5:8|5:9|6:7|6:8|6:9|7:7|7:8|7:9|8:9|9:8|9:9,646
221,1949,0.8547031354236158,4.0,4.0,0.0,4.0,137,victory,1,0,,0,49,44,0:0|1:0|1:1|1:2|1:4|1:5|1:6|2:1|2:2|2:4|2:5|2:6|2:7|2:8|2:9|3:0|3:1|3:2|3:3|3:4|3:8|3:9|4:0|4:1|4:2|4:3|4:4|4:7|4:8|4:9|5:0|5:1|5:2|5:3|5:7|5:8|6:3|6:7|6:8|6:9|7:9|8:9|9:8|9:9,646
222,1950,0.8540426951300868,4.0,4.0,0.0,4.0,217,victory,1,0,,0,71,54,0:0|0:1|0:5|0:6|0:7|0:8|0:9|1:0|1:1|1:4|1:5|1:6|1:7|1:8|1:9|2:1|2:2|2:4|2:5|2:6|2:7|2:8|2:9|3:1|3:2|3:3|3:4|3:8|3:9|4:1|4:2|4:3|4:5|4:6|4:7|4:8|4:9|5:5|5:7|5:8|5:9|6:5|6:6|6:7|6:8|6:9|7:5|7:6|7:7|7:8|7:9|8:9|9:8|9:9,646
223,1951,0.8533822548365577,4.0,4.0,0.0,4.0,248,victory,1,0,,0,66,53,0:0|0:1|0:2|0:7|0:8|0:9|1:0|1:1|1:2|1:5|1:6|1:7|1:9|2:0|2:1|2:2|2:4|2:5|2:6|2:7|2:9|3:0|3:1|3:2|3:4|3:8|3:9|4:2|4:3|4:4|4:5|4:6|4:7|4:8|4:9|5:6|5:7|5:8|5:9|6:6|6:7|6:8|6:9|7:4|7:5|7:6|7:7|7:8|7:9|8:4|8:9|9:8|9:9,646
224,1952,0.8527218145430286,4.0,4.0,0.0,4.0,130,victory,1,0,,0,58,49,0:0|0:5|1:0|1:1|1:4|1:5|1:7|1:8|1:9|2:0|2:1|2:2|2:4|2:5|2:6|2:7|2:8|2:9|3:0|3:1|3:2|3:3|3:4|3:8|3:9|4:0|4:1|4:2|4:3|4:7|4:8|4:9|5:0|5:1|5:2|5:3|5:6|5:7|5:8|6:6|6:7|6:8|6:9|7:6|7:8|7:9|8:9|9:8|9:9,646
225,1953,0.8520613742494997,4.0,4.0,0.0,4.0,115,victory,1,0,,0,51,42,0:0|0:1|0:6|0:7|0:8|1:0|1:1|1:2|1:6|1:7|1:8|2:0|2:1|2:2|2:4|2:5|2:6|2:7|2:8|3:1|3:2|3:3|3:4|3:8|3:9|4:1|4:2|4:9|5:2|5:7|5:8|5:9|6:6|6:7|6:8|6:9|7:6|7:7|7:9|8:9|9:8|9:9,646
226,1954,0.8514009339559706,2.0,2.0,0.0,2.0,250,truncated,0,0,,1,65,57,0:0|0:1|0:2|0:4|1:1|1:2|1:4|1:5|1:7|1:8|1:9|2:0|2:1|2:2|2:4|2:5|2:6|2:7|2:8|2:9|3:0|3:1|3:2|3:3|3:4|3:8|3:9|4:0|4:1|4:2|4:3|4:4|4:5|4:6|4:7|4:8|4:9|5:1|5:2|5:3|5:5|5:6|5:7|5:8|5:9|6:5|6:6|6:7|6:8|6:9|7:5|7:6|7:7|7:8|7:9|8:9|9:9,646
227,1955,0.8507404936624416,2.0,2.0,0.0,2.0,250,truncated,0,0,,1,67,54,0:0|0:1|0:4|0:5|0:6|0:7|1:0|1:1|1:2|1:4|1:5|1:6|1:7|2:0|2:1|2:2|2:4|2:5|2:6|2:7|2:8|3:0|3:1|3:2|3:3|3:4|3:8|3:9|4:0|4:1|4:2|4:3|4:4|4:8|4:9|5:0|5:1|5:2|5:3|5:5|5:6|5:7|5:8|5:9|6:3|6:5|6:6|6:7|6:8|6:9|7:6|7:7|7:8|7:9,646
228,1956,0.8500800533689126,4.0,4.0,0.0,4.0,128,victory,1,0,,0,46,42,0:0|0:1|0:2|1:0|1:1|1:5|1:6|1:7|1:8|2:1|2:2|2:4|2:5|2:6|2:7|2:8|3:2|3:3|3:4|3:8|3:9|4:2|4:3|4:7|4:8|4:9|5:3|5:7|5:9|6:3|6:5|6:6|6:7|6:8|6:9|7:6|7:7|7:8|7:9|8:9|9:8|9:9,646
229,1957,0.8494196130753836,4.0,4.0,0.0,4.0,185,victory,1,0,,0,55,51,0:0|0:1|0:5|0:6|0:7|0:8|0:9|1:0|1:1|1:4|1:5|1:6|1:7|1:8|1:9|2:0|2:4|2:5|2:6|2:7|2:8|2:9|3:0|3:1|3:2|3:3|3:4|3:8|3:9|4:2|4:3|4:4|4:5|4:9|5:2|5:3|5:7|5:9|6:3|6:6|6:7|6:8|6:9|7:3|7:6|7:7|7:8|7:9|8:9|9:8|9:9,646
230,1958,0.8487591727818545,2.0,2.0,0.0,2.0,250,truncated,0,0,,1,75,54,0:0|0:1|0:2|0:5|0:6|0:7|0:8|0:9|1:0|1:1|1:2|1:4|1:5|1:6|1:7|1:8|1:9|2:0|2:1|2:2|2:4|2:5|2:6|2:7|2:8|2:9|3:0|3:1|3:2|3:3|3:4|3:8|3:9|4:0|4:1|4:2|4:3|4:4|4:5|4:7|4:8|4:9|5:0|5:1|5:2|5:3|5:5|5:6|5:7|5:8|5:9|6:5|6:6|6:7,646
231,1959,0.8480987324883256,3.0,3.0,0.0,3.0,250,truncated,0,0,,1,67,48,0:0|0:1|0:2|1:0|1:1|1:2|2:0|2:1|2:2|3:0|3:1|3:2|3:3|4:0|4:1|4:2|4:3|5:0|5:1|5:2|5:3|6:3|6:6|6:7|7:0|7:1|7:2|7:3|7:4|7:5|7:6|7:7|7:8|7:9|8:1|8:2|8:3|8:4|8:9|9:1|9:2|9:3|9:4|9:5|9:6|9:7|9:8|9:9,646
232,1960,0.8474382921947965,2.0,2.0,0.0,2.0,250,truncated,0,0,,1,60,48,0:0|0:1|0:2|0:4|0:5|1:0|1:1|1:2|1:4|1:5|1:6|1:8|2:0|2:1|2:2|2:4|2:5|2:6|2:7|2:8|3:0|3:1|3:2|3:3|3:4|3:8|4:1|4:2|4:3|4:4|4:5|4:6|4:7|4:8|5:1|5:2|5:3|5:5|5:6|5:7|6:5|6:6|6:7|6:8|7:7|7:8|7:9|8:9,646
233,1961,0.8467778519012675,1.0,1.0,0.0,1.0,250,truncated,0,0,,1,65,46,0:0|0:1|0:2|0:6|0:7|0:8|0:9|1:0|1:1|1:2|1:4|1:5|1:6|1:7|1:8|1:9|2:0|2:1|2:2|2:4|2:5|2:6|2:7|2:8|2:9|3:0|3:1|3:2|3:3|3:4|3:8|3:9|4:5|4:6|4:7|4:8|4:9|5:7|5:8|5:9|6:7|6:8|6:9|7:7|7:8|7:9,649
234,1962,0.8461174116077386,2.0,2.0,0.0,2.0,250,truncated,0,0,,1,58,45,0:0|0:1|0:2|0:5|0:6|1:0|1:1|1:2|1:4|1:5|1:6|1:7|1:8|1:9|2:0|2:1|2:2|2:4|2:5|2:6|2:7|2:8|2:9|3:0|3:1|3:2|3:3|3:4|3:8|3:9|4:0|4:1|4:2|4:3|4:8|4:9|5:0|5:1|5:2|5:3|5:8|5:9|6:3|7:3|8:3,649
235,1963,0.8454569713142095,2.0,2.0,0.0,2.0,250,truncated,0,0,,1,78,62,0:0|0:1|0:2|0:4|0:7|0:8|0:9|1:0|1:1|1:2|1:4|1:7|1:8|1:9|2:0|2:1|2:2|2:4|2:5|2:6|2:7|2:8|2:9|3:0|3:1|3:2|3:3|3:4|3:8|3:9|4:0|4:1|4:2|4:3|4:4|4:5|4:6|4:7|4:8|4:9|5:0|5:1|5:2|5:3|5:5|5:6|5:7|5:8|5:9|6:3|6:5|6:6|6:7|6:8|6:9|7:2|7:3|7:4|7:5|7:6|7:7|7:8,649
236,1964,0.8447965310206804,2.0,2.0,0.0,2.0,250,truncated,0,0,,1,68,59,0:0|0:1|0:2|0:4|0:5|0:6|0:7|0:8|1:0|1:1|1:2|1:4|1:5|1:6|1:7|1:8|1:9|2:1|2:4|2:5|2:6|2:7|2:8|2:9|3:0|3:1|3:2|3:3|3:4|3:8|3:9|4:0|4:1|4:2|4:5|4:6|4:7|4:8|4:9|5:3|5:6|5:7|5:8|6:3|6:5|6:6|6:7|6:8|6:9|7:3|7:4|7:5|7:6|7:7|7:8|8:3|8:4|9:3|9:4,649
237,1965,0.8441360907271515,2.0,2.0,0.0,2.0,250,truncated,0,0,,1,74,41,0:0|0:1|0:2|1:0|1:1|1:2|2:0|2:1|2:2|2:4|2:5|2:6|2:7|2:8|2:9|3:0|3:1|3:2|3:3|3:4|3:8|3:9|4:0|4:1|4:2|4:3|4:4|4:5|4:6|4:7|4:8|4:9|5:0|5:1|5:2|5:3|5:5|5:6|5:7|6:3|6:7,649
238,1966,0.8434756504336224,3.0,3.0,0.0,3.0,250,truncated,0,0,,1,50,44,0:0|0:1|1:0|1:1|1:2|2:0|2:1|2:2|3:0|3:1|3:2|3:3|3:4|4:0|4:1|4:2|4:3|4:4|4:5|4:6|5:0|5:1|5:2|5:3|5:5|5:6|5:7|5:9|6:5|6:6|6:7|6:8|6:9|7:7|7:8|7:9|8:9|9:3|9:4|9:5|9:6|9:7|9:8|9:9,649
239,1967,0.8428152101400934,2.0,2.0,0.0,2.0,250,truncated,0,0,,1,69,52,0:0|0:2|0:4|0:5|0:6|0:7|0:8|0:9|1:0|1:1|1:2|1:4|1:5|1:6|1:7|1:8|1:9|2:1|2:2|2:4|2:5|2:6|2:7|2:8|2:9|3:1|3:2|3:4|3:8|3:9|4:2|4:3|4:4|4:8|4:9|5:3|6:3|7:0|7:1|7:2|7:3|7:4|7:5|8:0|8:1|8:2|8:3|8:4|9:2|9:3|9:4|9:5,649
240,1968,0.8421547698465643,4.0,4.0,0.0,4.0,177,victory,1,0,,0,53,47,0:0|0:1|1:0|1:1|1:2|2:0|2:1|2:2|2:4|2:5|2:6|2:7|2:8|3:0|3:1|3:2|3:3|3:4|3:8|3:9|4:1|4:2|4:3|4:6|4:7|4:8|4:9|5:1|5:3|5:5|5:6|5:7|5:8|5:9|6:5|6:6|6:7|6:8|6:9|7:5|7:6|7:7|7:8|7:9|8:9|9:8|9:9,649
241,1969,0.8414943295530354,4.0,4.0,0.0,4.0,229,victory,1,0,,0,76,64,0:0|0:1|0:4|0:5|0:6|0:7|0:8|1:0|1:4|1:5|1:6|1:7|1:8|1:9|2:0|2:1|2:2|2:4|2:5|2:6|2:9|3:1|3:2|3:4|3:8|3:9|4:1|4:2|4:3|4:4|4:5|4:6|4:7|4:8|4:9|5:1|5:2|5:3|5:5|5:6|5:7|5:8|5:9|6:3|6:5|6:6|6:7|6:8|6:9|7:2|7:3|7:4|7:5|7:6|7:8|7:9|8:2|8:3|8:4|8:9|9:3|9:4|9:8|9:9,649
242,1970,0.8408338892595064,4.0,4.0,0.0,4.0,215,victory,1,0,,0,65,52,0:0|0:1|0:2|1:0|1:1|1:2|1:4|1:6|1:7|1:8|1:9|2:0|2:1|2:2|2:4|2:5|2:6|2:7|2:8|2:9|3:0|3:1|3:2|3:3|3:4|3:8|3:9|4:0|4:1|4:2|4:3|4:4|4:5|4:6|4:7|4:8|4:9|5:0|5:1|5:2|5:5|5:6|5:7|5:8|5:9|6:7|6:8|7:8|7:9|8:9|9:8|9:9,649
243,1971,0.8401734489659773,2.0,2.0,0.0,2.0,250,truncated,0,0,,1,66,58,0:0|0:1|0:5|0:7|0:8|0:9|1:0|1:1|1:5|1:6|1:7|1:8|1:9|2:0|2:1|2:4|2:5|2:6|2:7|2:8|2:9|3:0|3:1|3:2|3:3|3:4|3:8|3:9|4:0|4:1|4:2|4:3|4:4|4:5|4:6|4:7|4:8|4:9|5:0|5:1|5:2|5:3|5:5|5:6|5:7|5:8|5:9|6:3|6:5|6:6|6:7|6:8|6:9|7:5|7:6|7:8|7:9|8:9,649
244,1972,0.8395130086724483,4.0,4.0,0.0,4.0,239,victory,1,0,,0,65,53,0:0|0:1|1:0|1:1|1:6|1:7|1:8|1:9|2:0|2:1|2:2|2:6|2:7|2:8|2:9|3:0|3:1|3:2|3:3|3:4|3:8|3:9|4:0|4:1|4:2|4:3|4:5|4:6|4:8|4:9|5:0|5:1|5:2|5:3|5:5|5:6|5:7|5:9|6:3|6:5|6:6|6:7|6:9|7:3|7:4|7:5|7:7|7:8|7:9|8:4|8:9|9:8|9:9,649
245,1973,0.8388525683789193,4.0,4.0,0.0,4.0,232,victory,1,0,,0,64,52,0:0|0:1|0:2|0:6|0:7|0:8|0:9|1:0|1:1|1:2|1:4|1:5|1:6|1:7|1:8|2:0|2:1|2:2|2:4|2:5|2:6|2:7|2:8|2:9|3:0|3:1|3:2|3:3|3:4|3:8|3:9|4:1|4:2|4:4|4:7|4:8|4:9|5:2|5:7|5:8|5:9|6:7|6:8|6:9|7:5|7:6|7:7|7:8|7:9|8:9|9:8|9:9,649
246,1974,0.8381921280853902,2.0,2.0,0.0,2.0,250,truncated,0,0,,1,50,39,0:0|0:1|0:2|0:4|0:5|0:6|0:7|0:8|0:9|1:0|1:1|1:2|1:4|1:5|1:6|1:7|1:8|1:9|2:0|2:1|2:2|2:4|2:5|2:6|2:7|2:8|2:9|3:0|3:1|3:2|3:3|3:4|3:8|4:1|4:2|4:3|4:4|5:2|5:3,649
247,1975,0.8375316877918613,4.0,4.0,0.0,4.0,134,victory,1,0,,0,62,49,0:0|0:1|0:2|0:4|0:5|0:6|0:7|1:1|1:2|1:4|1:5|1:6|1:7|1:8|1:9|2:0|2:1|2:2|2:4|2:5|2:6|2:7|2:8|2:9|3:2|3:3|3:4|3:9|4:2|4:3|4:4|4:6|4:7|4:8|4:9|5:3|5:6|5:7|5:8|5:9|6:3|6:7|6:8|6:9|7:8|7:9|8:9|9:8|9:9,649
248,1976,0.8368712474983322,2.0,2.0,0.0,2.0,250,truncated,0,0,,1,69,49,0:0|0:4|0:5|0:6|0:7|0:8|1:0|1:1|1:2|1:4|1:5|1:6|1:7|1:8|1:9|2:0|2:1|2:2|2:4|2:5|2:6|2:7|2:8|3:1|3:2|3:3|3:4|3:8|4:1|4:2|4:3|4:4|4:5|4:6|4:7|4:8|5:3|5:5|5:6|5:7|5:8|6:3|6:5|6:6|7:2|7:3|7:4|7:5|7:6,649
249,1977,0.8362108072048032,4.0,4.0,0.0,4.0,234,victory,1,0,,0,79,53,0:0|0:1|0:7|0:8|0:9|1:0|1:1|1:2|1:4|1:6|1:7|1:8|1:9|2:1|2:2|2:4|2:6|2:7|2:8|2:9|3:1|3:2|3:3|3:4|3:8|3:9|4:2|4:3|4:4|4:5|4:6|4:7|4:8|4:9|5:3|5:5|5:6|5:7|5:8|5:9|6:5|6:6|6:7|6:8|6:9|7:5|7:6|7:7|7:8|7:9|8:9|9:8|9:9,650
250,1978,0.8355503669112742,4.0,4.0,0.0,4.0,156,victory,1,0,,0,54,44,0:0|0:1|0:2|1:0|1:1|1:2|2:0|2:1|2:2|2:4|2:5|2:6|2:7|2:8|3:0|3:1|3:2|3:3|3:4|3:8|4:0|4:1|4:2|4:3|4:7|4:8|4:9|5:1|5:2|5:6|5:7|5:8|5:9|6:6|6:7|6:8|6:9|7:6|7:7|7:8|7:9|8:9|9:8|9:9,650
251,1979,0.8348899266177452,4.0,4.0,0.0,4.0,244,victory,1,0,,0,73,51,0:0|0:1|0:2|0:4|0:5|0:6|0:7|0:8|0:9|1:0|1:1|1:2|1:4|1:5|1:6|1:7|1:8|1:9|2:2|2:4|2:5|2:6|2:7|2:8|3:2|3:3|3:4|3:8|3:9|4:2|4:3|4:6|4:7|4:8|4:9|5:2|5:5|5:6|5:7|5:8|5:9|6:5|6:6|6:7|6:8|6:9|7:8|7:9|8:9|9:8|9:9,650
252,1980,0.8342294863242161,4.0,4.0,0.0,4.0,158,victory,1,0,,0,65,51,0:0|0:1|0:4|0:5|0:6|0:7|0:8|1:0|1:1|1:2|1:4|1:5|1:6|1:7|1:8|2:0|2:1|2:2|2:4|2:5|2:6|2:7|2:8|2:9|3:0|3:1|3:2|3:3|3:4|3:8|3:9|4:0|4:1|4:2|4:7|4:8|4:9|5:1|5:2|5:3|5:7|5:8|5:9|6:7|6:8|6:9|7:8|7:9|8:9|9:8|9:9,650
253,1981,0.8335690460306872,4.0,4.0,0.0,4.0,119,victory,1,0,,0,49,45,0:0|0:7|0:8|0:9|1:0|1:1|1:2|1:4|1:6|1:7|1:8|2:0|2:1|2:4|2:5|2:6|2:8|2:9|3:0|3:1|3:2|3:3|3:4|3:8|3:9|4:0|4:1|4:2|4:4|4:8|4:9|5:0|5:1|5:6|5:7|5:8|5:9|6:7|6:8|6:9|7:7|7:9|8:9|9:8|9:9,650
254,1982,0.8329086057371581,2.0,2.0,0.0,2.0,250,truncated,0,0,,1,63,47,0:0|0:1|0:2|0:4|0:5|0:6|0:8|0:9|1:0|1:1|1:2|1:4|1:5|1:6|1:7|1:8|1:9|2:0|2:1|2:2|2:4|2:5|2:6|2:7|2:8|2:9|3:0|3:1|3:2|3:3|3:4|3:8|3:9|4:0|4:1|4:2|4:3|4:4|4:5|4:7|4:8|4:9|5:0|5:1|5:3|5:5|5:6,650
255,1983,0.8322481654436291,4.0,4.0,0.0,4.0,157,victory,1,0,,0,51,49,0:0|0:1|0:2|0:6|0:7|0:8|0:9|1:0|1:1|1:2|1:5|1:6|1:7|1:8|1:9|2:0|2:1|2:2|2:4|2:5|2:6|2:7|2:8|2:9|3:2|3:3|3:4|3:8|3:9|4:2|4:3|4:4|4:5|4:6|4:7|4:8|4:9|5:6|5:7|6:6|6:7|6:8|7:6|7:7|7:8|7:9|8:9|9:8|9:9,650
256,1984,0.8315877251501,4.0,4.0,0.0,4.0,209,victory,1,0,,0,64,48,0:0|0:1|1:0|1:1|1:2|1:4|1:5|1:6|1:7|1:8|2:0|2:1|2:2|2:4|2:5|2:6|2:7|2:8|2:9|3:1|3:2|3:3|3:4|3:8|3:9|4:1|4:2|4:3|4:4|4:5|4:6|4:7|4:8|4:9|5:5|5:6|5:7|5:8|5:9|6:6|6:7|6:8|6:9|7:8|7:9|8:9|9:8|9:9,650
257,1985,0.8309272848565711,4.0,4.0,0.0,4.0,166,victory,1,0,,0,61,53,0:0|0:1|0:2|0:4|0:5|0:6|0:7|0:8|1:0|1:1|1:2|1:4|1:5|1:9|2:2|2:4|2:5|2:6|2:7|2:8|2:9|3:2|3:3|3:4|3:8|3:9|4:1|4:2|4:3|4:4|4:5|4:6|4:7|4:8|4:9|5:3|5:5|5:7|5:8|5:9|6:3|6:6|6:7|6:8|6:9|7:5|7:6|7:7|7:8|7:9|8:9|9:8|9:9,650
258,1986,0.830266844563042,4.0,4.0,0.0,4.0,218,victory,1,0,,0,70,55,0:0|0:1|0:2|0:4|0:5|0:6|0:7|1:0|1:1|1:2|1:4|1:5|1:6|1:7|1:8|1:9|2:0|2:1|2:2|2:4|2:5|2:6|2:7|2:8|2:9|3:0|3:1|3:2|3:3|3:4|3:8|3:9|4:0|4:1|4:2|4:3|4:4|4:7|4:8|4:9|5:0|5:1|5:2|5:3|5:8|5:9|6:3|6:7|6:8|7:7|7:8|7:9|8:9|9:8|9:9,650
259,1987,0.829606404269513,2.0,2.0,0.0,2.0,250,truncated,0,0,,1,73,58,0:0|0:1|0:2|0:6|0:7|0:8|0:9|1:0|1:1|1:2|1:4|1:5|1:6|1:7|1:8|1:9|2:0|2:1|2:2|2:4|2:5|2:6|2:8|2:9|3:0|3:1|3:2|3:3|3:4|3:8|3:9|4:1|4:2|4:3|4:5|4:6|4:7|4:8|4:9|5:3|5:5|5:6|5:7|5:8|5:9|6:5|6:6|6:7|6:8|6:9|7:3|7:4|7:5|7:6|7:7|7:8|7:9|8:4,650
260,1988,0.828945963975984,4.0,4.0,0.0,4.0,211,victory,1,0,,0,72,55,0:0|0:1|0:2|0:4|0:5|0:6|0:8|0:9|1:0|1:1|1:2|1:4|1:5|1:6|1:7|1:8|1:9|2:0|2:1|2:2|2:4|2:5|2:6|2:7|2:8|2:9|3:1|3:2|3:3|3:4|3:8|3:9|4:2|4:6|4:7|4:8|4:9|5:6|5:7|5:8|5:9|6:5|6:6|6:7|6:8|6:9|7:4|7:5|7:6|7:7|7:8|7:9|8:9|9:8|9:9,650
261,1989,0.828285523682455,2.0,2.0,0.0,2.0,250,truncated,0,0,,1,62,48,0:0|0:2|0:4|0:5|0:6|0:7|0:8|1:0|1:1|1:2|1:4|1:5|1:6|1:7|1:8|2:0|2:1|2:2|2:4|2:5|2:6|2:7|2:8|2:9|3:0|3:1|3:2|3:3|3:4|3:8|3:9|4:0|4:1|4:2|4:3|4:4|4:8|4:9|5:0|5:1|5:2|5:3|5:9|6:3|6:9|7:7|7:8|7:9,650
262,1990,0.8276250833889259,4.0,4.0,0.0,4.0,178,victory,1,0,,0,64,51,0:0|0:1|0:2|0:4|0:5|0:7|0:8|0:9|1:1|1:2|1:4|1:5|1:6|1:7|1:8|1:9|2:1|2:2|2:4|2:5|2:6|2:7|2:8|2:9|3:0|3:1|3:2|3:3|3:4|3:8|3:9|4:0|4:1|4:2|4:3|4:4|4:8|4:9|5:0|5:1|5:7|5:8|5:9|6:7|6:8|6:9|7:8|7:9|8:9|9:8|9:9,650
263,1991,0.826964643095397,2.0,2.0,0.0,2.0,250,truncated,0,0,,1,45,33,0:0|0:1|0:2|0:5|0:6|0:7|1:0|1:1|1:2|1:4|1:5|1:6|1:8|1:9|2:0|2:1|2:2|2:4|2:5|2:6|2:7|2:8|2:9|3:0|3:1|3:2|3:3|3:4|3:8|4:0|4:1|4:2|4:3,650
264,1992,0.8263042028018679,4.0,4.0,0.0,4.0,178,victory,1,0,,0,56,51,0:0|0:1|0:2|0:7|1:0|1:1|1:2|1:4|1:5|1:6|1:7|1:8|2:1|2:2|2:4|2:5|2:6|2:7|2:8|3:1|3:2|3:3|3:4|3:8|4:1|4:2|4:3|4:4|4:5|4:8|5:1|5:2|5:3|5:6|5:7|5:8|5:9|6:3|6:6|6:7|6:9|7:3|7:4|7:7|7:8|7:9|8:3|8:4|8:9|9:8|9:9,650
265,1993,0.8256437625083388,2.0,2.0,0.0,2.0,250,truncated,0,0,,1,63,48,0:0|0:1|0:2|0:4|0:5|0:6|0:7|1:0|1:1|1:2|1:4|1:5|1:6|1:7|1:8|2:0|2:1|2:2|2:4|2:5|2:6|2:7|2:8|2:9|3:0|3:1|3:2|3:3|3:4|3:8|3:9|4:2|4:3|4:4|4:5|4:6|4:7|4:8|4:9|5:2|5:3|5:5|5:6|5:7|5:8|6:3|6:5|7:3,650
266,1994,0.8249833222148099,1.0,1.0,0.0,1.0,250,truncated,0,0,,1,38,33,0:0|0:1|0:2|0:4|0:5|1:0|1:1|1:2|1:4|1:5|2:0|2:1|2:2|2:4|3:0|3:1|3:2|3:3|3:4|4:0|4:1|4:2|4:3|4:4|4:5|4:6|4:7|4:8|5:1|5:2|5:3|5:7|5:8,650
267,1995,0.8243228819212809,4.0,4.0,0.0,4.0,143,victory,1,0,,0,47,42,0:0|0:1|0:2|1:0|1:1|1:2|1:4|1:6|1:7|2:0|2:1|2:2|2:4|2:5|2:6|2:7|2:8|3:1|3:2|3:3|3:4|3:8|3:9|4:1|4:2|4:3|4:4|4:6|4:7|4:8|5:1|5:2|5:6|5:7|6:7|6:8|7:7|7:8|7:9|8:9|9:8|9:9,650
268,1996,0.8236624416277518,4.0,4.0,0.0,4.0,165,victory,1,0,,0,56,48,0:0|0:1|0:2|0:8|0:9|1:0|1:1|1:2|1:4|1:5|1:6|1:8|1:9|2:1|2:2|2:4|2:5|2:6|2:7|2:8|3:0|3:1|3:2|3:3|3:4|3:8|4:2|4:3|4:4|4:8|5:2|5:3|5:5|5:6|5:7|5:8|6:5|6:7|6:8|6:9|7:5|7:6|7:7|7:8|7:9|8:9|9:8|9:9,650
269,1997,0.8230020013342229,2.0,2.0,0.0,2.0,250,truncated,0,0,,1,72,57,0:0|0:1|0:2|0:4|0:5|0:6|0:7|0:8|0:9|1:0|1:1|1:2|1:4|1:5|1:6|1:7|1:8|1:9|2:0|2:1|2:2|2:4|2:5|2:6|2:7|2:8|2:9|3:0|3:1|3:2|3:3|3:4|3:8|3:9|4:0|4:1|4:2|4:5|4:6|4:7|4:8|4:9|5:0|5:1|5:2|5:5|5:6|5:7|5:8|5:9|6:5|6:6|6:7|6:8|6:9|7:8|7:9,650
270,1998,0.8223415610406938,3.0,3.0,0.0,3.0,250,truncated,0,0,,1,81,50,0:0|0:1|0:2|1:0|1:1|1:2|2:1|2:2|3:0|3:1|3:2|3:3|3:4|4:0|4:1|4:2|4:3|4:4|4:5|5:0|5:1|5:2|5:3|5:5|5:6|5:7|6:3|6:5|6:6|6:7|7:2|7:3|7:4|7:5|7:6|7:7|7:8|7:9|8:2|8:3|8:4|8:9|9:2|9:3|9:4|9:5|9:6|9:7|9:8|9:9,660
271,1999,0.8216811207471648,4.0,4.0,0.0,4.0,151,victory,1,0,,0,57,44,0:0|0:1|0:2|0:5|0:6|0:7|1:1|1:2|1:5|1:6|1:7|2:1|2:2|2:4|2:5|2:6|2:7|2:8|2:9|3:2|3:3|3:4|3:9|4:2|4:7|4:8|4:9|5:5|5:6|5:7|5:8|5:9|6:5|6:6|6:7|6:8|6:9|7:6|7:7|7:8|7:9|8:9|9:8|9:9,660
272,2000,0.8210206804536357,4.0,4.0,0.0,4.0,85,victory,1,0,,0,45,45,0:0|0:9|1:0|1:1|1:4|1:5|1:6|1:7|1:8|1:9|2:1|2:4|2:5|2:6|2:7|2:8|2:9|3:0|3:1|3:3|3:4|3:8|3:9|4:0|4:1|4:2|4:3|4:4|4:5|4:6|4:7|4:8|4:9|5:3|5:7|5:8|5:9|6:7|6:8|6:9|7:8|7:9|8:9|9:8|9:9,660
273,2001,0.8203602401601068,4.0,4.0,0.0,4.0,183,victory,1,0,,0,59,45,0:0|0:1|0:2|0:7|1:0|1:1|1:2|1:4|1:5|1:6|1:7|2:1|2:2|2:4|2:5|2:6|2:7|2:8|3:0|3:1|3:2|3:3|3:4|3:8|3:9|4:0|4:1|4:2|4:3|4:4|4:8|4:9|5:0|5:1|5:2|5:8|5:9|6:7|6:8|6:9|7:9|8:9|9:7|9:8|9:9,660
274,2002,0.8196997998665777,3.0,3.0,0.0,3.0,250,truncated,0,0,,1,82,57,0:0|0:1|0:2|0:4|1:0|1:1|1:2|1:4|2:0|2:1|2:2|2:4|3:0|3:1|3:2|3:3|3:4|4:1|4:2|4:3|4:4|4:5|4:6|5:1|5:2|5:3|5:5|5:6|5:7|5:8|6:5|6:6|6:7|6:8|7:0|7:1|7:2|7:3|7:4|7:5|7:6|7:7|7:8|7:9|8:0|8:1|8:2|8:4|8:9|9:1|9:2|9:4|9:5|9:6|9:7|9:8|9:9,660
275,2003,0.8190393595730487,4.0,4.0,0.0,4.0,118,victory,1,0,,0,48,44,0:0|0:1|0:2|0:5|0:6|1:0|1:1|1:2|1:5|1:6|1:7|2:1|2:2|2:4|2:5|2:6|2:7|2:8|2:9|3:1|3:2|3:3|3:4|3:8|3:9|4:1|4:2|4:7|4:8|4:9|5:7|6:5|6:6|6:7|6:8|6:9|7:5|7:6|7:7|7:8|7:9|8:9|9:8|9:9,660
276,2004,0.8183789192795197,4.0,4.0,0.0,4.0,165,victory,1,0,,0,52,46,0:0|0:1|0:5|0:6|0:7|1:0|1:1|1:2|1:5|1:6|1:7|1:8|1:9|2:1|2:2|2:4|2:5|2:6|2:7|2:8|2:9|3:0|3:1|3:2|3:3|3:4|3:8|3:9|4:1|4:2|4:3|4:6|4:7|4:8|4:9|5:6|5:7|5:8|6:7|6:8|6:9|7:8|7:9|8:9|9:8|9:9,660
277,2005,0.8177184789859906,4.0,4.0,0.0,4.0,162,victory,1,0,,0,62,54,0:0|0:1|0:5|0:6|1:0|1:1|1:5|1:6|1:7|2:0|2:1|2:2|2:4|2:5|2:6|2:7|2:8|3:1|3:2|3:3|3:4|3:8|3:9|4:1|4:2|4:3|4:5|4:6|4:7|4:8|4:9|5:2|5:3|5:5|5:6|5:7|5:8|5:9|6:3|6:5|6:6|6:7|6:8|6:9|7:3|7:4|7:5|7:6|7:7|7:8|7:9|8:9|9:8|9:9,660
278,2006,0.8170580386924616,4.0,4.0,0.0,4.0,165,victory,1,0,,0,56,47,0:0|0:1|0:4|0:5|0:6|0:7|0:8|0:9|1:1|1:4|1:5|1:6|1:7|1:8|1:9|2:1|2:4|2:5|2:6|2:7|2:8|2:9|3:1|3:2|3:3|3:4|3:8|4:1|4:2|4:3|4:4|4:5|4:6|4:7|4:8|5:5|5:6|5:7|5:8|6:7|6:9|7:7|7:8|7:9|8:9|9:8|9:9,660
279,2007,0.8163975983989327,4.0,4.0,0.0,4.0,198,victory,1,0,,0,63,52,0:0|0:1|0:2|1:0|1:1|1:2|1:4|1:5|1:7|2:0|2:1|2:2|2:4|2:5|2:6|2:7|2:8|2:9|3:0|3:1|3:2|3:3|3:4|3:8|3:9|4:0|4:1|4:2|4:3|4:4|4:7|4:8|4:9|5:2|5:3|5:7|5:8|5:9|6:6|6:7|6:8|6:9|7:3|7:4|7:5|7:6|7:7|7:8|7:9|8:9|9:8|9:9,660
280,2008,0.8157371581054036,4.0,4.0,0.0,4.0,185,victory,1,0,,0,66,53,0:0|0:2|0:4|0:5|0:6|0:7|1:0|1:1|1:2|1:4|1:5|1:6|1:7|1:8|1:9|2:0|2:1|2:2|2:4|2:5|2:6|2:7|2:8|2:9|3:0|3:1|3:2|3:3|3:4|3:8|3:9|4:0|4:1|4:2|4:3|4:4|4:5|4:6|4:7|4:8|4:9|5:5|5:6|5:7|5:8|5:9|6:7|6:8|6:9|7:9|8:9|9:8|9:9,660
281,2009,0.8150767178118746,2.0,2.0,0.0,2.0,250,truncated,0,0,,1,63,56,0:0|0:1|0:2|0:6|0:7|1:0|1:1|1:2|1:5|1:6|1:7|1:8|1:9|2:1|2:2|2:4|2:5|2:6|2:7|2:8|2:9|3:1|3:2|3:3|3:4|3:8|4:0|4:1|4:2|4:3|4:4|4:7|4:8|5:3|5:5|5:6|5:7|5:8|6:3|6:5|6:8|7:2|7:3|7:4|7:5|7:6|7:7|7:8|8:1|8:2|8:3|8:4|9:0|9:1|9:3|9:4,660
282,2010,0.8144162775183456,2.0,2.0,0.0,2.0,250,truncated,0,0,,1,70,60,0:0|0:1|0:4|0:5|0:7|0:8|0:9|1:0|1:1|1:2|1:4|1:5|1:6|1:7|1:8|1:9|2:2|2:4|2:5|2:6|2:7|2:8|2:9|3:0|3:1|3:2|3:3|3:4|3:8|3:9|4:0|4:1|4:2|4:3|4:4|4:7|4:8|4:9|5:0|5:1|5:2|5:3|5:5|5:6|5:7|5:8|5:9|6:3|6:7|6:8|6:9|7:4|7:5|7:6|7:7|7:8|7:9|8:4|8:9|9:4,660
283,2011,0.8137558372248166,4.0,4.0,0.0,4.0,163,victory,1,0,,0,63,49,0:0|0:6|0:7|0:8|1:0|1:1|1:4|1:5|1:6|1:8|2:0|2:1|2:2|2:4|2:6|2:8|3:2|3:3|3:4|3:8|4:2|4:3|4:4|4:5|4:6|4:7|4:8|5:2|5:3|5:5|5:6|5:7|6:3|6:5|6:6|6:7|6:8|7:3|7:4|7:5|7:6|7:7|7:8|7:9|8:3|8:4|8:9|9:8|9:9,660
284,2012,0.8130953969312875,4.0,4.0,0.0,4.0,249,victory,1,0,,0,62,51,0:0|0:1|0:2|0:5|0:6|0:7|1:0|1:1|1:2|1:5|1:6|1:7|2:0|2:1|2:2|2:4|2:5|2:6|2:7|2:8|2:9|3:0|3:1|3:3|3:4|3:8|3:9|4:1|4:2|4:3|4:7|4:8|4:9|5:5|5:6|5:7|5:8|5:9|6:5|6:6|6:7|6:8|6:9|7:5|7:6|7:7|7:8|7:9|8:9|9:8|9:9,660
285,2013,0.8124349566377584,4.0,4.0,0.0,4.0,136,victory,1,0,,0,53,44,0:0|0:4|0:5|1:0|1:1|1:2|1:4|1:5|1:6|1:7|2:2|2:4|2:5|2:6|2:7|2:8|2:9|3:1|3:2|3:3|3:4|3:8|4:1|4:2|4:3|4:7|4:8|4:9|5:1|5:2|5:3|5:7|5:8|5:9|6:3|6:7|6:8|6:9|7:7|7:8|7:9|8:9|9:8|9:9,660
286,2014,0.8117745163442295,3.0,3.0,0.0,3.0,250,truncated,0,0,,1,81,57,0:0|0:1|0:2|1:0|1:1|1:2|2:0|2:1|2:2|3:1|3:2|3:3|3:4|4:0|4:1|4:2|4:3|4:4|4:5|4:6|4:7|4:8|5:0|5:1|5:3|5:5|5:6|5:7|5:8|5:9|6:3|6:5|6:7|6:8|6:9|7:2|7:3|7:4|7:5|7:6|7:7|7:8|7:9|8:1|8:2|8:3|8:4|8:9|9:1|9:2|9:3|9:4|9:5|9:6|9:7|9:8|9:9,661
287,2015,0.8111140760507005,2.0,2.0,0.0,2.0,250,truncated,0,0,,1,72,50,0:0|0:4|0:5|0:6|0:7|0:8|0:9|1:0|1:1|1:2|1:4|1:5|1:6|1:7|1:8|1:9|2:0|2:1|2:2|2:4|2:5|2:6|2:7|2:8|2:9|3:0|3:1|3:2|3:3|3:4|3:8|3:9|4:0|4:1|4:2|4:3|4:4|4:5|4:6|4:7|4:8|4:9|5:0|5:1|5:2|5:3|5:5|5:6|5:7|5:8,661
288,2016,0.8104536357571714,4.0,4.0,0.0,4.0,161,victory,1,0,,0,63,54,0:0|0:1|0:4|0:5|0:6|1:0|1:1|1:2|1:4|1:5|1:6|1:7|2:2|2:4|2:5|2:6|2:7|2:8|2:9|3:0|3:1|3:2|3:3|3:4|3:8|3:9|4:0|4:1|4:2|4:3|4:4|4:5|4:7|4:8|4:9|5:1|5:2|5:5|5:6|5:7|5:9|6:5|6:6|6:7|6:8|6:9|7:5|7:6|7:7|7:8|7:9|8:9|9:8|9:9,661
289,2017,0.8097931954636425,2.0,2.0,0.0,2.0,250,truncated,0,0,,1,72,61,0:0|0:1|0:2|0:5|0:6|0:7|0:8|0:9|1:0|1:1|1:2|1:4|1:5|1:6|1:7|1:8|1:9|2:0|2:1|2:2|2:4|2:5|2:6|2:7|2:8|2:9|3:1|3:2|3:3|3:4|3:8|4:1|4:2|4:3|4:4|4:5|4:6|4:7|4:8|4:9|5:5|5:6|5:7|5:8|6:3|6:6|6:7|6:8|6:9|7:2|7:3|7:4|7:5|7:6|7:7|7:8|7:9|8:2|8:3|8:4|8:9,661
290,2018,0.8091327551701134,4.0,4.0,0.0,4.0,114,victory,1,0,,0,48,41,0:0|0:1|0:2|0:4|0:5|0:6|1:0|1:1|1:2|1:4|1:5|1:6|2:2|2:4|2:5|2:6|2:7|3:2|3:3|3:4|4:2|4:3|4:4|4:5|4:6|4:7|4:8|4:9|5:5|5:6|5:7|5:8|5:9|6:6|6:7|6:8|6:9|7:9|8:9|9:8|9:9,661
291,2019,0.8084723148765844,2.0,2.0,0.0,2.0,250,truncated,0,0,,1,61,50,0:0|0:1|1:0|1:1|1:5|1:6|1:8|1:9|2:0|2:1|2:4|2:5|2:6|2:7|2:8|2:9|3:0|3:1|3:2|3:3|3:4|3:8|3:9|4:0|4:1|4:2|4:3|4:4|4:6|4:7|4:8|4:9|5:5|5:6|5:7|5:8|5:9|6:6|6:7|6:8|6:9|7:4|7:5|7:6|7:7|7:8|7:9|8:4|8:9|9:9,661
292,2020,0.8078118745830554,4.0,4.0,0.0,4.0,97,victory,1,0,,0,36,32,0:0|0:1|0:2|0:7|0:8|1:2|1:6|1:7|1:8|2:2|2:4|2:5|2:6|2:7|2:8|2:9|3:2|3:3|3:4|3:8|4:2|4:8|5:8|6:6|6:7|6:8|6:9|7:8|7:9|8:9|9:8|9:9,661
293,2021,0.8071514342895263,2.0,2.0,0.0,2.0,250,truncated,0,0,,1,68,53,0:0|0:1|0:2|0:5|0:6|0:7|1:0|1:1|1:2|1:5|1:6|1:7|2:0|2:1|2:2|2:4|2:5|2:6|2:7|2:8|3:0|3:1|3:2|3:3|3:4|4:0|4:1|4:2|4:3|4:4|4:5|5:1|5:2|5:3|5:5|6:3|7:0|7:1|7:2|7:3|7:4|7:5|8:0|8:1|8:2|8:3|8:4|9:0|9:1|9:2|9:3|9:4|9:5,661
294,2022,0.8064909939959973,4.0,4.0,0.0,4.0,84,victory,1,0,,0,43,40,0:0|0:5|0:6|1:0|1:1|1:5|1:6|2:1|2:4|2:5|2:6|2:7|2:8|2:9|3:1|3:2|3:3|3:4|3:8|3:9|4:1|4:2|4:4|4:5|4:6|4:8|5:1|5:2|5:3|5:5|5:6|5:7|5:8|6:7|6:8|7:8|7:9|8:9|9:8|9:9,661
295,2023,0.8058305537024684,4.0,4.0,0.0,4.0,110,victory,1,0,,0,48,42,0:0|0:1|0:4|0:5|0:6|0:7|0:8|1:0|1:1|1:2|1:4|1:5|1:6|1:7|1:8|2:2|2:4|2:5|2:6|2:7|2:8|2:9|3:2|3:3|3:4|3:8|4:2|4:3|4:4|4:5|4:8|5:2|5:8|6:7|6:8|6:9|7:7|7:8|7:9|8:9|9:8|9:9,661
296,2024,0.8051701134089393,4.0,4.0,0.0,4.0,135,victory,1,0,,0,50,43,0:0|0:1|0:2|0:4|0:5|1:1|1:2|1:4|1:5|1:7|1:8|2:2|2:4|2:5|2:6|2:7|2:8|3:2|3:3|3:4|3:8|3:9|4:2|4:3|4:7|4:8|4:9|5:5|5:6|5:7|5:8|5:9|6:6|6:7|6:8|6:9|7:6|7:7|7:8|7:9|8:9|9:8|9:9,661
297,2025,0.8045096731154102,4.0,4.0,0.0,4.0,134,victory,1,0,,0,54,47,0:0|0:1|0:2|0:5|0:6|0:7|1:0|1:1|1:2|1:4|1:5|1:6|1:7|1:8|1:9|2:2|2:4|2:5|2:6|2:7|2:8|2:9|3:2|3:3|3:4|3:8|3:9|4:2|4:4|4:5|4:6|4:7|4:8|5:2|5:3|5:6|5:7|6:6|6:7|6:8|6:9|7:6|7:7|7:9|8:9|9:8|9:9,661
298,2026,0.8038492328218813,4.0,4.0,0.0,4.0,100,victory,1,0,,0,48,43,0:0|0:2|0:5|1:0|1:1|1:2|1:4|1:5|1:6|2:2|2:4|2:5|2:6|2:7|2:8|3:1|3:2|3:4|3:8|3:9|4:2|4:3|4:4|4:5|4:6|4:7|4:8|4:9|5:2|5:3|5:7|5:8|5:9|6:6|6:7|6:8|6:9|7:7|7:8|7:9|8:9|9:8|9:9,661
299,2027,0.8031887925283523,4.0,4.0,0.0,4.0,210,victory,1,0,,0,67,52,0:0|0:1|0:4|0:5|0:6|0:7|0:8|0:9|1:0|1:1|1:2|1:4|1:5|1:6|1:7|1:8|1:9|2:1|2:2|2:4|2:5|2:6|2:7|2:8|2:9|3:0|3:1|3:2|3:3|3:4|3:8|3:9|4:2|4:3|4:8|4:9|5:7|5:8|5:9|6:5|6:6|6:7|6:8|6:9|7:5|7:6|7:7|7:8|7:9|8:9|9:8|9:9,661
300,2028,0.8025283522348232,4.0,4.0,0.0,4.0,113,victory,1,0,,0,52,48,0:0|0:4|0:5|0:6|1:0|1:4|1:5|1:6|1:7|1:8|2:0|2:4|2:5|2:6|2:7|2:8|2:9|3:0|3:1|3:2|3:4|3:8|3:9|4:1|4:2|4:3|4:4|4:5|4:6|4:7|4:8|4:9|5:1|5:2|5:5|5:6|5:7|5:8|5:9|6:7|6:8|6:9|7:7|7:8|7:9|8:9|9:8|9:9,661
301,2029,0.8018679119412941,3.0,3.0,0.0,3.0,250,truncated,0,0,,1,72,41,0:0|0:1|0:2|1:0|1:1|1:2|2:0|2:1|2:2|2:4|3:0|3:1|3:2|3:3|3:4|4:0|4:1|4:2|4:3|4:4|4:5|4:6|5:1|5:2|5:3|5:5|5:6|5:7|6:3|6:5|6:6|6:7|6:8|6:9|7:6|7:7|7:8|7:9|8:9|9:8|9:9,661
302,2030,0.8012074716477652,4.0,4.0,0.0,4.0,120,victory,1,0,,0,51,44,0:0|0:7|0:8|1:0|1:1|1:2|1:5|1:6|1:8|1:9|2:1|2:2|2:4|2:5|2:6|2:7|2:8|2:9|3:2|3:3|3:4|3:8|3:9|4:2|4:3|4:7|4:8|4:9|5:2|5:6|5:7|5:8|5:9|6:6|6:7|6:8|6:9|7:6|7:7|7:8|7:9|8:9|9:8|9:9,661
303,2031,0.8005470313542362,4.0,4.0,0.0,4.0,128,victory,1,0,,0,52,50,0:0|0:1|0:2|1:0|1:1|1:2|1:9|2:0|2:1|2:2|2:4|2:5|2:6|2:7|2:8|2:9|3:2|3:3|3:4|3:9|4:1|4:2|4:3|4:4|4:9|5:3|5:7|5:8|5:9|6:3|6:7|6:8|6:9|7:1|7:2|7:3|7:4|7:7|7:9|8:2|8:3|8:4|8:9|9:2|9:3|9:4|9:5|9:6|9:8|9:9,661
304,2032,0.7998865910607071,4.0,4.0,0.0,4.0,127,victory,1,0,,0,51,41,0:0|0:4|0:5|0:6|1:0|1:1|1:2|1:4|1:5|1:6|1:7|2:2|2:4|2:5|2:6|2:7|2:8|3:2|3:3|3:4|3:8|4:2|4:3|4:6|4:7|4:8|5:1|5:2|5:3|5:5|5:6|5:7|5:8|6:3|6:7|6:8|7:8|7:9|8:9|9:8|9:9,661
305,2033,0.7992261507671781,2.0,2.0,0.0,2.0,250,truncated,0,0,,1,66,48,0:0|0:1|0:2|0:4|0:6|0:7|0:8|0:9|1:0|1:1|1:2|1:4|1:5|1:6|1:7|1:8|1:9|2:1|2:2|2:4|2:5|2:6|2:7|2:8|2:9|3:1|3:2|3:3|3:4|3:8|3:9|4:2|4:3|4:4|4:5|4:7|4:8|4:9|5:7|5:8|5:9|6:7|6:8|6:9|7:6|7:7|7:8|7:9,661
306,2034,0.7985657104736491,4.0,4.0,0.0,4.0,66,victory,1,0,,0,34,34,0:0|0:1|1:0|1:1|1:8|2:0|2:4|2:5|2:6|2:7|2:8|2:9|3:0|3:3|3:4|3:8|3:9|4:0|4:1|4:2|4:3|4:4|4:8|4:9|5:7|5:8|5:9|6:7|6:8|7:8|7:9|8:9|9:8|9:9,661
307,2035,0.7979052701801201,2.0,2.0,0.0,2.0,250,truncated,0,0,,1,62,49,0:0|0:1|0:2|0:4|0:5|0:6|0:7|0:8|0:9|1:0|1:1|1:2|1:4|1:5|1:6|1:7|1:8|1:9|2:1|2:2|2:4|2:5|2:6|2:7|2:8|2:9|3:2|3:3|3:4|3:8|3:9|4:2|4:3|4:4|4:5|4:6|4:8|5:7|5:8|5:9|6:6|6:7|6:8|6:9|7:7|7:8|7:9|8:9|9:9,661
308,2036,0.7972448298865911,2.0,2.0,0.0,2.0,250,truncated,0,0,,1,78,62,0:0|0:1|0:4|0:5|0:6|0:7|0:8|1:1|1:2|1:4|1:5|1:6|1:7|1:8|1:9|2:2|2:4|2:5|2:6|2:7|2:8|2:9|3:2|3:3|3:4|3:8|3:9|4:1|4:2|4:3|4:4|4:5|4:7|4:8|4:9|5:5|5:6|5:7|5:8|5:9|6:5|6:6|6:7|6:8|6:9|7:3|7:4|7:5|7:6|7:7|7:8|7:9|8:0|8:1|8:2|8:3|8:4|9:0|9:1|9:2|9:3|9:4,661
309,2037,0.796584389593062,4.0,4.0,0.0,4.0,248,victory,1,0,,0,58,50,0:0|0:1|0:2|1:0|1:1|1:2|2:0|2:1|2:2|2:4|2:5|2:6|2:7|2:8|2:9|3:0|3:1|3:2|3:3|3:4|3:8|3:9|4:0|4:1|4:2|4:3|4:4|4:7|4:8|4:9|5:0|5:1|5:2|5:3|5:6|5:7|5:8|5:9|6:3|6:5|6:6|6:7|6:8|7:6|7:7|7:8|7:9|8:9|9:8|9:9,661
310,2038,0.795923949299533,4.0,4.0,0.0,4.0,226,victory,1,0,,0,67,60,0:0|0:1|0:2|0:4|0:5|0:6|0:8|1:0|1:2|1:4|1:5|1:6|1:7|1:8|2:1|2:2|2:4|2:5|2:6|2:7|2:8|3:2|3:3|3:4|3:8|3:9|4:2|4:3|4:4|4:5|4:6|4:8|4:9|5:2|5:3|5:5|5:6|5:7|5:8|6:3|6:7|7:0|7:1|7:2|7:3|7:4|7:7|7:8|7:9|8:0|8:2|8:3|8:4|8:9|9:0|9:1|9:2|9:3|9:8|9:9,661
311,2039,0.7952635090060041,4.0,4.0,0.0,4.0,166,victory,1,0,,0,60,50,0:0|0:1|0:2|0:6|1:0|1:1|1:2|1:5|1:6|1:7|1:9|2:1|2:2|2:4|2:5|2:6|2:7|2:8|2:9|3:0|3:1|3:2|3:3|3:4|3:8|4:0|4:1|4:2|4:3|4:4|4:6|4:7|4:8|4:9|5:0|5:1|5:2|5:6|5:7|5:8|5:9|6:7|6:8|6:9|7:7|7:8|7:9|8:9|9:8|9:9,661
312,2040,0.794603068712475,4.0,4.0,0.0,4.0,234,victory,1,0,,0,67,55,0:0|0:1|0:2|0:8|0:9|1:0|1:1|1:2|1:6|1:8|1:9|2:0|2:1|2:2|2:4|2:5|2:6|2:7|2:8|2:9|3:0|3:1|3:2|3:3|3:4|3:8|3:9|4:2|4:3|4:4|4:5|4:6|4:7|4:8|4:9|5:0|5:1|5:2|5:3|5:5|5:6|5:7|5:8|5:9|6:3|6:6|6:7|6:8|6:9|7:7|7:8|7:9|8:9|9:8|9:9,661
313,2041,0.7939426284189459,4.0,4.0,0.0,4.0,126,victory,1,0,,0,53,45,0:0|0:4|0:5|0:8|0:9|1:0|1:1|1:2|1:4|1:5|1:6|1:7|1:8|1:9|2:2|2:4|2:5|2:6|2:9|3:1|3:2|3:3|3:4|3:8|3:9|4:1|4:2|4:3|4:4|4:7|4:8|5:2|5:3|5:7|5:8|6:3|6:6|6:7|6:8|7:7|7:8|7:9|8:9|9:8|9:9,661
314,2042,0.793282188125417,4.0,4.0,0.0,4.0,165,victory,1,0,,0,49,46,0:0|0:1|0:2|0:5|0:6|0:7|0:8|0:9|1:0|1:1|1:2|1:5|1:6|1:7|1:8|1:9|2:0|2:1|2:2|2:4|2:5|2:6|2:7|2:8|2:9|3:2|3:4|3:8|3:9|4:2|4:3|4:4|4:9|5:2|5:3|5:8|5:9|6:7|6:8|6:9|7:7|7:8|7:9|8:9|9:8|9:9,661
315,2043,0.792621747831888,4.0,4.0,0.0,4.0,136,victory,1,0,,0,57,53,0:0|0:1|0:2|0:4|1:0|1:1|1:2|1:4|1:7|1:8|1:9|2:0|2:1|2:2|2:4|2:5|2:6|2:7|2:8|2:9|3:0|3:1|3:2|3:3|3:4|3:8|4:0|4:1|4:2|4:3|4:4|4:7|4:8|4:9|5:1|5:3|5:5|5:6|5:7|5:8|5:9|6:3|6:5|6:6|6:7|6:8|7:3|7:7|7:8|7:9|8:9|9:8|9:9,661
316,2044,0.7919613075383589,4.0,4.0,0.0,4.0,186,victory,1,0,,0,49,43,0:0|0:1|0:2|0:4|0:5|0:6|1:0|1:1|1:2|1:4|1:5|1:6|2:0|2:1|2:2|2:4|2:5|2:6|2:7|2:8|3:0|3:1|3:2|3:3|3:4|3:8|3:9|4:2|4:3|4:4|4:7|4:8|5:2|5:3|5:7|5:8|6:7|6:8|7:8|7:9|8:9|9:8|9:9,661
317,2045,0.7913008672448298,4.0,4.0,0.0,4.0,142,victory,1,0,,0,52,47,0:0|0:1|0:4|0:5|0:8|1:0|1:1|1:2|1:4|1:5|1:6|1:7|1:8|2:0|2:1|2:2|2:4|2:5|2:6|2:7|2:8|3:1|3:2|3:3|3:4|3:8|4:1|4:2|4:3|4:4|4:7|4:8|5:2|5:3|5:7|6:3|6:7|7:1|7:2|7:3|7:7|7:8|7:9|8:2|8:9|9:8|9:9,661
318,2046,0.7906404269513009,4.0,4.0,0.0,4.0,150,victory,1,0,,0,53,42,0:0|0:1|0:2|0:4|1:0|1:1|1:2|1:4|1:5|1:6|2:0|2:1|2:2|2:4|2:5|2:6|2:7|2:8|2:9|3:0|3:1|3:2|3:3|3:4|3:8|3:9|4:1|4:2|4:7|4:8|4:9|5:6|5:7|5:8|5:9|6:7|6:8|6:9|7:9|8:9|9:8|9:9,661
319,2047,0.7899799866577718,2.0,2.0,0.0,2.0,250,truncated,0,0,,1,61,52,0:0|0:1|0:2|1:0|1:1|1:2|1:4|1:5|1:8|2:0|2:1|2:2|2:4|2:5|2:6|2:7|2:8|2:9|3:0|3:1|3:2|3:3|3:4|3:8|3:9|4:1|4:2|4:3|4:4|4:6|4:7|4:8|4:9|5:1|5:2|5:3|5:6|5:7|5:8|6:3|6:6|6:7|6:8|6:9|7:3|7:4|7:6|7:7|7:8|7:9|8:3|8:9,661
320,2048,0.7893195463642428,4.0,4.0,0.0,4.0,223,victory,1,0,,0,63,55,0:0|0:1|0:2|0:5|0:6|0:7|0:8|1:0|1:1|1:2|1:4|1:5|1:6|1:7|1:8|2:2|2:4|2:5|2:6|2:7|2:8|2:9|3:1|3:2|3:3|3:4|3:8|3:9|4:0|4:1|4:2|4:3|4:4|4:5|4:6|4:7|4:8|4:9|5:1|5:2|5:3|5:5|5:6|5:7|5:8|5:9|6:3|6:7|6:8|6:9|7:8|7:9|8:9|9:8|9:9,661
321,2049,0.7886591060707138,4.0,4.0,0.0,4.0,158,victory,1,0,,0,57,50,0:0|0:4|0:6|0:7|0:8|0:9|1:0|1:1|1:2|1:4|1:5|1:6|1:7|1:9|2:0|2:1|2:2|2:4|2:5|2:6|2:7|2:8|2:9|3:2|3:3|3:4|3:8|3:9|4:2|4:6|4:7|4:8|4:9|5:5|5:6|5:7|5:8|5:9|6:5|6:6|6:7|6:8|7:5|7:6|7:7|7:8|7:9|8:9|9:8|9:9,661
322,2050,0.7879986657771848,4.0,4.0,0.0,4.0,134,victory,1,0,,0,55,52,0:0|0:4|1:0|1:4|1:5|1:6|1:7|1:8|2:0|2:1|2:2|2:4|2:5|2:6|2:7|2:8|2:9|3:0|3:1|3:2|3:3|3:4|3:8|3:9|4:1|4:2|4:3|4:4|4:7|4:8|4:9|5:0|5:1|5:2|5:3|5:5|5:6|5:7|5:8|5:9|6:3|6:5|6:6|6:7|6:8|6:9|7:7|7:8|7:9|8:9|9:8|9:9,661
323,2051,0.7873382254836558,4.0,4.0,0.0,4.0,74,victory,1,0,,0,37,33,0:0|0:1|0:2|0:6|1:0|1:1|1:2|1:6|2:2|2:4|2:5|2:6|2:7|2:8|3:1|3:2|3:3|3:4|3:8|4:2|4:3|4:7|4:8|4:9|5:7|5:8|6:7|6:8|7:8|7:9|8:9|9:8|9:9,661
324,2052,0.7866777851901268,4.0,4.0,0.0,4.0,131,victory,1,0,,0,48,46,0:0|0:6|0:7|0:8|1:0|1:1|1:6|1:7|1:8|2:0|2:1|2:2|2:4|2:5|2:6|2:7|2:8|2:9|3:2|3:3|3:4|3:8|3:9|4:0|4:2|4:3|4:4|4:5|4:6|4:7|4:8|5:0|5:1|5:2|5:3|5:6|5:7|6:6|6:7|6:8|7:7|7:8|7:9|8:9|9:8|9:9,661
325,2053,0.7860173448965977,4.0,4.0,0.0,4.0,87,victory,1,0,,0,43,35,0:0|1:0|1:1|1:2|1:4|1:7|2:0|2:1|2:2|2:4|2:5|2:6|2:7|2:8|3:0|3:1|3:2|3:3|3:4|3:8|4:2|4:3|4:4|4:7|4:8|5:7|5:8|5:9|6:7|6:8|7:8|7:9|8:9|9:8|9:9,661
326,2054,0.7853569046030687,4.0,4.0,0.0,4.0,143,victory,1,0,,0,54,49,0:0|0:2|0:6|0:7|0:8|0:9|1:0|1:1|1:2|1:4|1:6|1:7|1:8|1:9|2:2|2:4|2:5|2:6|2:7|2:8|2:9|3:2|3:3|3:4|3:8|3:9|4:2|4:3|4:4|4:5|4:6|4:7|4:8|4:9|5:5|5:6|5:7|5:8|5:9|6:6|6:7|6:8|6:9|7:7|7:8|7:9|8:9|9:8|9:9,661
327,2055,0.7846964643095397,4.0,4.0,0.0,4.0,104,victory,1,0,,0,45,41,0:0|0:1|0:2|0:7|0:9|1:0|1:1|1:2|1:6|1:7|1:8|1:9|2:1|2:2|2:4|2:5|2:6|2:7|2:8|3:2|3:3|3:4|3:8|4:2|4:4|4:5|4:7|4:8|5:7|5:8|6:6|6:7|6:8|6:9|7:5|7:6|7:8|7:9|8:9|9:8|9:9,661
328,2056,0.7840360240160107,4.0,4.0,0.0,4.0,128,victory,1,0,,0,52,47,0:0|0:1|0:2|0:7|1:0|1:1|1:2|1:7|1:8|1:9|2:2|2:4|2:5|2:6|2:7|2:8|2:9|3:0|3:2|3:4|3:8|3:9|4:0|4:1|4:2|4:3|4:4|4:6|4:7|4:8|4:9|5:0|5:2|5:3|5:6|5:7|5:8|5:9|6:3|6:6|6:7|6:8|6:9|7:9|8:9|9:8|9:9,661
329,2057,0.7833755837224816,4.0,4.0,0.0,4.0,152,victory,1,0,,0,42,41,0:0|0:2|1:0|1:1|1:2|1:8|1:9|2:2|2:4|2:5|2:6|2:7|2:8|2:9|3:2|3:3|3:4|3:8|4:1|4:2|4:3|4:4|4:6|4:7|4:8|4:9|5:1|5:2|5:3|5:6|5:7|5:9|6:7|6:8|6:9|7:7|7:8|7:9|8:9|9:8|9:9,661
330,2058,0.7827151434289527,4.0,4.0,0.0,4.0,198,victory,1,0,,0,62,56,0:0|0:1|0:4|0:5|0:6|0:7|0:8|1:1|1:4|1:5|1:6|1:7|1:8|1:9|2:1|2:4|2:5|2:6|2:7|2:8|2:9|3:1|3:2|3:4|3:8|3:9|4:2|4:3|4:4|4:6|4:7|4:8|4:9|5:2|5:3|5:5|5:6|5:7|5:8|5:9|6:5|6:6|6:7|6:8|6:9|7:4|7:5|7:6|7:7|7:8|7:9|8:3|8:4|8:9|9:8|9:9,661
331,2059,0.7820547031354237,4.0,4.0,0.0,4.0,136,victory,1,0,,0,56,47,0:0|0:1|0:5|0:6|0:7|1:0|1:1|1:4|1:5|1:6|1:7|1:8|1:9|2:1|2:4|2:5|2:6|2:7|2:8|2:9|3:1|3:2|3:3|3:4|3:8|3:9|4:2|4:3|4:4|4:5|4:6|4:7|5:5|5:6|5:7|5:8|6:6|6:7|6:8|7:5|7:6|7:7|7:8|7:9|8:9|9:8|9:9,661
332,2060,0.7813942628418946,4.0,4.0,0.0,4.0,93,victory,1,0,,0,43,38,0:0|0:1|0:2|1:0|1:1|1:2|2:0|2:1|2:2|2:4|2:5|2:6|2:7|2:8|3:0|3:2|3:3|3:4|3:8|4:0|4:1|4:2|4:4|4:5|4:6|4:7|4:8|5:6|5:7|6:7|6:8|6:9|7:7|7:8|7:9|8:9|9:8|9:9,661
333,2061,0.7807338225483655,3.0,3.0,0.0,3.0,250,truncated,0,0,,1,67,56,0:0|0:1|0:2|1:0|1:1|1:2|1:5|2:0|2:1|2:2|2:4|2:5|3:1|3:2|3:3|3:4|4:0|4:1|4:2|4:3|4:4|4:5|4:6|5:0|5:1|5:2|5:3|5:5|5:6|6:3|6:5|6:6|6:7|7:0|7:1|7:2|7:3|7:7|7:8|7:9|8:0|8:1|8:2|8:3|8:4|8:9|9:0|9:1|9:2|9:3|9:4|9:5|9:6|9:7|9:8|9:9,661
334,2062,0.7800733822548366,4.0,4.0,0.0,4.0,232,victory,1,0,,0,69,52,0:0|0:1|0:2|0:8|0:9|1:0|1:1|1:2|1:4|1:5|1:6|1:8|1:9|2:1|2:2|2:4|2:5|2:6|2:7|2:8|2:9|3:1|3:2|3:3|3:4|3:8|3:9|4:2|4:3|4:4|4:5|4:6|4:7|4:8|4:9|5:2|5:3|5:5|5:6|5:7|5:9|6:5|6:6|6:7|6:9|7:6|7:7|7:8|7:9|8:9|9:8|9:9,661
335,2063,0.7794129419613075,4.0,4.0,0.0,4.0,75,victory,1,0,,0,40,37,0:0|1:0|1:6|2:0|2:4|2:5|2:6|2:7|2:8|3:0|3:1|3:2|3:3|3:4|3:8|4:0|4:1|4:2|4:3|4:4|4:5|4:7|4:8|5:0|5:1|5:2|5:7|5:8|6:6|6:7|6:8|7:7|7:8|7:9|8:9|9:8|9:9,661
336,2064,0.7787525016677785,4.0,4.0,0.0,4.0,153,victory,1,0,,0,49,43,0:0|0:1|0:2|1:2|1:8|2:0|2:1|2:2|2:4|2:5|2:6|2:7|2:8|2:9|3:0|3:1|3:2|3:3|3:4|3:8|4:0|4:1|4:2|4:3|4:4|4:5|4:6|4:7|4:8|4:9|5:0|5:2|5:5|5:7|6:7|6:8|6:9|7:7|7:8|7:9|8:9|9:8|9:9,661
337,2065,0.7780920613742495,4.0,4.0,0.0,4.0,152,victory,1,0,,0,54,50,0:0|0:5|0:6|0:7|0:8|1:0|1:1|1:2|1:5|1:6|1:7|1:8|1:9|2:0|2:1|2:2|2:4|2:5|2:6|2:7|2:8|2:9|3:2|3:4|3:8|3:9|4:1|4:2|4:3|4:4|4:5|4:6|4:7|4:8|4:9|5:1|5:2|5:7|5:9|6:6|6:7|6:8|6:9|7:6|7:7|7:8|7:9|8:9|9:8|9:9,661
338,2066,0.7774316210807205,4.0,4.0,0.0,4.0,179,victory,1,0,,0,61,47,0:0|0:2|0:4|0:5|1:0|1:1|1:2|1:4|1:5|2:0|2:2|2:4|2:5|2:6|2:7|2:8|3:0|3:1|3:2|3:3|3:4|3:8|3:9|4:0|4:1|4:2|4:3|4:4|4:5|4:7|4:8|4:9|5:5|5:6|5:7|5:9|6:5|6:6|6:7|6:8|6:9|7:5|7:8|7:9|8:9|9:8|9:9,661
339,2067,0.7767711807871914,4.0,4.0,0.0,4.0,207,victory,1,0,,0,66,58,0:0|0:1|0:2|0:4|0:5|0:6|1:0|1:1|1:2|1:4|1:5|1:6|1:7|2:1|2:2|2:4|2:5|2:6|2:7|2:8|2:9|3:1|3:2|3:3|3:4|3:8|3:9|4:1|4:2|4:3|4:4|4:5|4:6|4:7|4:8|4:9|5:3|5:5|5:6|5:7|5:8|6:3|6:5|6:6|6:7|6:8|6:9|7:2|7:3|7:4|7:5|7:6|7:7|7:8|7:9|8:9|9:8|9:9,661
340,2068,0.7761107404936625,4.0,4.0,0.0,4.0,169,victory,1,0,,0,61,55,0:0|0:1|0:2|0:5|0:6|0:7|0:8|1:1|1:2|1:5|1:6|1:7|1:8|1:9|2:2|2:4|2:5|2:6|2:7|2:8|2:9|3:0|3:1|3:2|3:4|3:8|3:9|4:0|4:1|4:2|4:3|4:4|4:5|4:6|4:7|4:8|4:9|5:2|5:5|5:6|5:7|5:8|5:9|6:5|6:6|6:7|6:8|6:9|7:6|7:7|7:8|7:9|8:9|9:8|9:9,661
341,2069,0.7754503002001334,4.0,4.0,0.0,4.0,196,victory,1,0,,0,64,60,0:0|0:7|0:8|0:9|1:0|1:1|1:2|1:7|1:8|1:9|2:0|2:1|2:2|2:4|2:5|2:6|2:7|2:8|2:9|3:0|3:1|3:2|3:3|3:4|3:8|4:0|4:1|4:2|4:3|4:4|4:5|4:6|4:7|4:8|5:3|5:5|5:6|5:7|5:8|5:9|6:3|6:5|6:7|6:8|6:9|7:1|7:2|7:3|7:4|7:5|7:8|7:9|8:1|8:2|8:3|8:4|8:9|9:2|9:8|9:9,661
342,2070,0.7747898599066044,4.0,4.0,0.0,4.0,131,victory,1,0,,0,58,49,0:0|0:1|0:4|0:5|0:7|1:0|1:1|1:2|1:4|1:5|1:6|1:7|2:0|2:1|2:2|2:4|2:5|2:6|2:7|2:8|3:1|3:2|3:3|3:4|3:8|4:1|4:2|4:3|4:4|4:5|4:6|4:7|4:8|5:5|5:6|5:7|5:8|6:5|6:6|6:7|6:8|6:9|7:6|7:7|7:8|7:9|8:9|9:8|9:9,661
343,2071,0.7741294196130754,4.0,4.0,0.0,4.0,125,victory,1,0,,0,39,39,0:0|0:1|0:2|1:0|1:1|1:2|1:4|2:1|2:2|2:4|2:5|2:6|2:7|2:8|2:9|3:2|3:4|3:8|3:9|4:2|4:3|4:4|4:7|4:8|5:7|5:8|6:5|6:6|6:7|6:8|6:9|7:5|7:6|7:7|7:8|7:9|8:9|9:8|9:9,661
344,2072,0.7734689793195464,4.0,4.0,0.0,4.0,126,victory,1,0,,0,46,41,0:0|1:0|1:1|1:2|1:6|1:7|1:8|2:0|2:2|2:4|2:5|2:6|2:7|2:8|2:9|3:2|3:3|3:4|3:8|3:9|4:2|4:3|4:4|4:5|4:6|4:7|4:8|4:9|5:2|5:3|5:5|5:6|5:7|6:3|6:7|6:8|6:9|7:9|8:9|9:8|9:9,661
345,2073,0.7728085390260173,4.0,4.0,0.0,4.0,188,victory,1,0,,0,60,57,0:0|0:1|0:5|0:6|0:7|0:8|1:0|1:1|1:2|1:4|1:5|1:6|1:7|1:8|1:9|2:0|2:1|2:2|2:4|2:5|2:6|2:7|2:8|2:9|3:1|3:2|3:3|3:4|3:8|4:2|4:3|4:4|4:5|4:6|4:7|4:8|4:9|5:2|5:3|5:5|5:6|5:7|5:8|6:3|6:5|6:6|6:7|6:8|6:9|7:3|7:6|7:7|7:8|7:9|8:9|9:8|9:9,661
346,2074,0.7721480987324884,4.0,4.0,0.0,4.0,126,victory,1,0,,0,54,41,0:0|0:1|0:2|1:0|1:2|1:6|2:1|2:2|2:4|2:5|2:6|2:7|2:8|3:1|3:2|3:4|3:8|4:1|4:2|4:3|4:4|4:5|4:6|4:7|4:8|5:1|5:2|5:3|5:5|5:6|5:7|5:8|5:9|6:3|6:7|6:8|6:9|7:9|8:9|9:8|9:9,661
347,2075,0.7714876584389593,4.0,4.0,0.0,4.0,132,victory,1,0,,0,56,47,0:0|0:1|0:6|0:7|1:1|1:5|1:6|1:7|1:8|2:1|2:2|2:4|2:5|2:6|2:7|2:8|3:1|3:2|3:4|3:8|3:9|4:2|4:3|4:4|4:5|4:6|4:7|4:8|4:9|5:5|5:6|5:7|5:8|6:5|6:6|6:7|6:8|6:9|7:4|7:5|7:6|7:7|7:8|7:9|8:9|9:8|9:9,661
348,2076,0.7708272181454303,4.0,4.0,0.0,4.0,110,victory,1,0,,0,50,46,0:0|0:1|0:2|0:5|0:6|1:0|1:1|1:2|1:4|1:5|1:6|2:2|2:4|2:5|2:6|2:7|2:8|3:2|3:3|3:4|3:8|4:1|4:2|4:3|4:4|4:5|4:6|4:7|4:8|4:9|5:2|5:3|5:5|5:6|5:7|5:8|6:3|6:5|6:6|6:7|7:7|7:8|7:9|8:9|9:8|9:9,661
349,2077,0.7701667778519012,4.0,4.0,0.0,4.0,150,victory,1,0,,0,64,51,0:0|0:1|0:2|0:4|1:1|1:2|1:4|1:5|1:6|1:7|2:1|2:2|2:4|2:5|2:6|2:7|2:8|3:1|3:2|3:3|3:4|3:8|4:2|4:6|4:7|4:8|4:9|5:5|5:6|5:7|5:8|5:9|6:3|6:5|6:6|6:7|6:8|6:9|7:3|7:4|7:5|7:8|7:9|8:2|8:3|8:4|8:9|9:2|9:3|9:8|9:9,661
350,2078,0.7695063375583723,4.0,4.0,0.0,4.0,169,victory,1,0,,0,53,48,0:0|0:1|0:2|0:4|0:5|0:6|1:0|1:1|1:2|1:4|1:5|1:6|2:0|2:1|2:2|2:4|2:6|2:7|2:8|2:9|3:1|3:2|3:3|3:4|3:8|3:9|4:1|4:2|4:3|4:4|4:5|4:6|4:7|4:8|5:3|5:7|5:8|5:9|6:7|6:8|6:9|7:6|7:7|7:8|7:9|8:9|9:8|9:9,661
351,2079,0.7688458972648432,4.0,4.0,0.0,4.0,202,victory,1,0,,0,64,53,0:0|0:1|0:4|0:5|0:6|1:0|1:1|1:2|1:4|1:5|1:6|1:7|1:8|1:9|2:0|2:1|2:2|2:4|2:5|2:6|2:7|2:8|2:9|3:0|3:1|3:2|3:3|3:4|3:8|3:9|4:0|4:1|4:2|4:3|4:6|4:7|4:8|5:2|5:3|5:6|5:7|5:8|5:9|6:6|6:7|6:8|6:9|7:7|7:8|7:9|8:9|9:8|9:9,661
352,2080,0.7681854569713142,4.0,4.0,0.0,4.0,205,victory,1,0,,0,67,58,0:0|0:1|0:2|0:5|0:6|0:7|1:0|1:1|1:2|1:5|1:6|1:7|1:8|2:0|2:1|2:2|2:4|2:5|2:6|2:7|2:8|2:9|3:0|3:1|3:2|3:3|3:4|3:8|3:9|4:0|4:1|4:2|4:3|4:4|4:5|4:6|4:7|4:8|4:9|5:1|5:2|5:3|5:5|5:6|5:7|5:8|5:9|6:3|6:7|6:8|6:9|7:3|7:7|7:8|7:9|8:9|9:8|9:9,661
353,2081,0.7675250166777852,4.0,4.0,0.0,4.0,165,victory,1,0,,0,57,53,0:0|0:1|0:2|1:0|1:1|1:2|1:7|1:8|1:9|2:0|2:1|2:2|2:4|2:5|2:6|2:7|2:8|2:9|3:1|3:2|3:3|3:4|3:8|3:9|4:1|4:2|4:3|4:4|4:5|4:6|4:7|4:8|4:9|5:0|5:1|5:2|5:3|5:5|5:6|5:7|5:8|5:9|6:3|6:7|6:8|6:9|7:3|7:4|7:8|7:9|8:9|9:8|9:9,661
354,2082,0.7668645763842562,4.0,4.0,0.0,4.0,137,victory,1,0,,0,55,50,0:0|0:2|0:4|0:5|0:6|0:7|0:8|1:0|1:1|1:2|1:4|1:6|1:7|1:8|2:0|2:1|2:2|2:4|2:5|2:6|2:7|2:8|3:0|3:1|3:2|3:4|3:8|4:0|4:1|4:2|4:3|4:4|4:5|4:6|4:7|4:8|5:1|5:5|5:6|5:7|5:8|6:6|6:7|6:8|7:6|7:8|7:9|8:9|9:8|9:9,661
355,2083,0.7662041360907271,4.0,4.0,0.0,4.0,84,victory,1,0,,0,46,39,0:0|0:1|0:2|0:6|1:0|1:1|1:2|1:4|1:6|2:0|2:1|2:2|2:4|2:5|2:6|2:7|2:8|3:2|3:3|3:4|3:8|4:2|4:7|4:8|5:6|5:7|5:8|5:9|6:5|6:6|6:7|6:8|7:6|7:7|7:8|7:9|8:9|9:8|9:9,661
356,2084,0.7655436957971982,4.0,4.0,0.0,4.0,142,victory,1,0,,0,61,55,0:0|0:1|0:2|0:4|0:5|0:6|0:7|0:8|0:9|1:0|1:1|1:2|1:4|1:5|1:6|1:7|1:9|2:2|2:4|2:5|2:6|2:7|2:8|2:9|3:0|3:1|3:2|3:3|3:4|3:8|4:0|4:1|4:2|4:3|4:4|4:5|4:6|4:7|4:8|5:0|5:1|5:2|5:5|5:6|5:7|6:5|6:6|6:7|6:8|7:7|7:8|7:9|8:9|9:8|9:9,661
357,2085,0.7648832555036691,3.0,3.0,0.0,3.0,250,truncated,0,0,,1,53,36,0:0|0:1|0:2|1:0|1:1|1:2|2:0|2:1|2:2|3:2|4:2|4:3|4:4|4:5|4:6|4:7|5:5|5:6|5:7|5:8|5:9|6:5|6:6|6:7|6:8|6:9|7:7|7:8|7:9|8:9|9:4|9:5|9:6|9:7|9:8|9:9,661
358,2086,0.7642228152101401,4.0,4.0,0.0,4.0,99,victory,1,0,,0,37,34,0:0|0:1|0:2|1:2|1:7|1:8|1:9|2:2|2:4|2:5|2:6|2:7|2:8|2:9|3:2|3:3|3:4|3:8|3:9|4:2|4:6|4:7|4:8|4:9|5:7|5:8|6:7|6:8|6:9|7:8|7:9|8:9|9:8|9:9,661
359,2087,0.763562374916611,4.0,4.0,0.0,4.0,128,victory,1,0,,0,58,43,0:0|0:1|0:2|1:0|1:1|1:2|1:4|1:5|2:2|2:5|2:6|2:7|2:8|2:9|3:2|3:8|3:9|4:2|4:3|4:4|4:5|4:6|4:7|4:8|5:3|5:5|5:6|5:7|5:8|6:3|6:5|6:6|6:7|6:8|7:3|7:4|7:5|7:6|7:8|7:9|8:9|9:8|9:9,661
360,2088,0.7629019346230821,2.0,2.0,0.0,2.0,250,truncated,0,0,,1,52,45,0:0|0:1|0:2|0:4|0:5|0:6|0:7|0:8|0:9|1:0|1:1|1:2|1:4|1:5|1:6|1:7|1:8|1:9|2:1|2:2|2:4|2:5|2:6|2:7|2:8|2:9|3:1|3:2|3:3|3:4|3:8|3:9|4:1|4:2|4:3|4:4|4:5|4:8|4:9|5:1|5:2|5:3|6:3|7:3|8:3,661
361,2089,0.762241494329553,4.0,4.0,0.0,4.0,144,victory,1,0,,0,47,47,0:0|0:1|0:2|0:5|0:6|0:7|0:8|0:9|1:0|1:1|1:2|1:5|1:6|1:7|1:8|2:0|2:1|2:2|2:4|2:5|2:6|2:7|2:8|3:1|3:2|3:3|3:4|3:8|3:9|4:2|4:3|4:4|4:7|4:8|4:9|5:7|5:8|6:6|6:7|6:8|6:9|7:7|7:8|7:9|8:9|9:8|9:9,661
362,2090,0.761581054036024,4.0,4.0,0.0,4.0,129,victory,1,0,,0,57,43,0:0|0:1|0:2|1:1|1:2|1:5|2:1|2:2|2:4|2:5|2:6|2:7|2:8|2:9|3:1|3:2|3:3|3:4|3:8|3:9|4:2|4:3|4:4|4:5|4:6|4:7|4:8|4:9|5:2|5:3|5:5|5:6|5:8|6:5|6:7|6:8|7:4|7:5|7:8|7:9|8:9|9:8|9:9,661
363,2091,0.760920613742495,4.0,4.0,0.0,4.0,156,victory,1,0,,0,60,49,0:0|0:1|0:2|0:7|0:8|1:0|1:1|1:2|1:4|1:5|1:6|1:7|1:8|2:0|2:1|2:2|2:4|2:6|2:7|2:8|3:0|3:1|3:2|3:3|3:4|3:8|3:9|4:0|4:1|4:2|4:3|4:4|4:5|4:6|4:7|4:8|4:9|5:3|5:5|5:7|6:7|7:5|7:6|7:7|7:8|7:9|8:9|9:8|9:9,661
364,2092,0.760260173448966,4.0,4.0,0.0,4.0,149,victory,1,0,,0,48,46,0:0|0:4|0:5|0:6|0:7|1:0|1:4|1:5|1:6|1:7|2:0|2:1|2:2|2:4|2:5|2:6|2:7|2:8|3:0|3:1|3:2|3:3|3:4|3:8|4:0|4:1|4:2|4:3|4:7|4:8|5:1|5:2|5:3|5:7|5:8|5:9|6:7|6:8|6:9|7:6|7:7|7:8|7:9|8:9|9:8|9:9,661
365,2093,0.7595997331554369,2.0,2.0,0.0,2.0,250,truncated,0,0,,1,67,47,0:0|0:1|0:2|0:4|0:5|0:6|0:7|0:8|0:9|1:0|1:1|1:2|1:4|1:5|1:6|1:7|1:8|1:9|2:0|2:1|2:2|2:4|2:5|2:6|2:7|3:0|3:1|3:2|3:3|3:4|4:0|4:1|4:2|4:3|4:4|4:5|4:6|4:7|4:8|4:9|5:0|5:1|5:5|5:6|5:8|6:8|6:9,677
366,2094,0.7589392928619079,4.0,4.0,0.0,4.0,58,victory,1,0,,0,35,32,0:0|0:1|0:2|1:2|1:5|1:6|2:2|2:4|2:5|2:6|2:7|2:8|3:2|3:4|3:8|4:2|4:3|4:4|4:7|4:8|4:9|5:7|5:9|6:7|6:8|6:9|7:7|7:8|7:9|8:9|9:8|9:9,677
367,2095,0.7582788525683789,4.0,4.0,0.0,4.0,183,victory,1,0,,0,61,48,0:0|0:1|0:5|0:6|0:7|0:8|1:1|1:2|1:4|1:5|1:6|1:7|1:8|2:2|2:4|2:5|2:6|2:7|2:8|2:9|3:1|3:2|3:3|3:4|3:8|3:9|4:2|4:3|4:4|4:5|4:6|4:7|4:8|5:2|5:3|5:5|5:6|5:7|6:6|6:7|6:8|7:6|7:7|7:8|7:9|8:9|9:8|9:9,677
368,2096,0.7576184122748499,4.0,4.0,0.0,4.0,248,victory,1,0,,0,69,53,0:0|0:1|0:4|1:0|1:1|1:2|1:4|1:5|1:6|1:7|1:8|1:9|2:0|2:1|2:2|2:4|2:5|2:6|2:7|2:8|2:9|3:1|3:2|3:3|3:4|3:8|3:9|4:1|4:2|4:3|4:4|4:5|4:6|4:7|4:8|4:9|5:1|5:2|5:3|5:5|5:6|5:7|6:5|6:6|6:7|6:8|6:9|7:7|7:8|7:9|8:9|9:8|9:9,677
369,2097,0.7569579719813209,4.0,4.0,0.0,4.0,102,victory,1,0,,0,46,40,0:0|0:1|0:2|0:4|0:5|0:6|1:0|1:1|1:2|1:4|1:5|1:6|2:0|2:1|2:2|2:4|2:5|2:6|2:7|2:8|3:1|3:2|3:3|3:4|3:8|4:2|4:3|4:7|4:8|4:9|5:7|5:8|5:9|6:7|6:8|6:9|7:9|8:9|9:8|9:9,677
370,2098,0.7562975316877919,4.0,4.0,0.0,4.0,146,victory,1,0,,0,49,46,0:0|0:1|0:2|0:7|0:8|1:0|1:1|1:2|1:6|1:7|1:8|2:0|2:1|2:2|2:4|2:5|2:6|2:7|2:8|3:0|3:1|3:2|3:3|3:4|3:8|4:0|4:1|4:2|4:3|4:4|4:5|4:6|4:8|5:1|5:2|5:8|6:7|6:8|7:5|7:6|7:7|7:8|7:9|8:9|9:8|9:9,677
371,2099,0.7556370913942628,4.0,4.0,0.0,4.0,93,victory,1,0,,0,44,43,0:0|0:1|0:2|0:7|0:8|1:0|1:1|1:2|1:7|1:8|1:9|2:1|2:2|2:4|2:5|2:6|2:7|2:8|2:9|3:1|3:2|3:3|3:4|3:8|3:9|4:1|4:2|4:3|4:4|4:7|4:8|5:2|5:7|5:8|6:7|6:8|6:9|7:7|7:8|7:9|8:9|9:8|9:9,677
372,2100,0.7549766511007339,4.0,4.0,0.0,4.0,127,victory,1,0,,0,56,52,0:0|0:1|0:2|0:8|0:9|1:0|1:1|1:2|1:5|1:6|1:7|1:8|2:0|2:1|2:2|2:4|2:5|2:6|2:7|2:8|2:9|3:0|3:1|3:2|3:3|3:4|3:9|4:0|4:1|4:2|4:3|4:4|4:7|4:8|4:9|5:0|5:1|5:2|5:3|5:7|6:3|6:6|6:7|6:8|6:9|7:6|7:7|7:8|7:9|8:9|9:8|9:9,677
373,2101,0.7543162108072048,2.0,2.0,0.0,2.0,250,truncated,0,0,,1,75,58,0:0|0:1|0:2|0:4|0:5|0:6|0:7|0:8|0:9|1:0|1:1|1:2|1:4|1:5|1:6|1:7|1:8|1:9|2:0|2:1|2:2|2:4|2:5|2:6|2:7|2:8|2:9|3:0|3:1|3:2|3:3|3:4|3:8|3:9|4:0|4:1|4:2|4:5|4:6|4:7|4:8|4:9|5:0|5:5|5:6|5:7|5:8|5:9|6:5|6:6|6:7|6:8|6:9|7:5|7:6|7:7|7:8|7:9,677
374,2102,0.7536557705136757,4.0,4.0,0.0,4.0,156,victory,1,0,,0,58,51,0:0|0:4|0:5|0:6|0:7|0:8|0:9|1:0|1:4|1:7|1:8|1:9|2:0|2:1|2:2|2:4|2:5|2:6|2:7|2:8|2:9|3:2|3:3|3:4|3:8|3:9|4:2|4:3|4:4|4:5|4:6|4:7|4:8|4:9|5:3|5:5|5:6|5:7|5:8|5:9|6:5|6:6|6:7|6:8|6:9|7:7|7:8|7:9|8:9|9:8|9:9,677
375,2103,0.7529953302201468,4.0,4.0,0.0,4.0,243,victory,1,0,,0,66,56,0:0|0:4|0:5|0:6|0:8|0:9|1:0|1:4|1:5|1:6|1:7|1:8|1:9|2:0|2:1|2:4|2:5|2:6|2:7|2:8|2:9|3:0|3:1|3:2|3:3|3:4|3:8|4:0|4:1|4:2|4:3|4:4|4:5|4:6|4:7|4:8|5:0|5:1|5:2|5:3|5:5|5:6|5:7|5:8|6:5|6:7|6:8|6:9|7:5|7:6|7:7|7:8|7:9|8:9|9:8|9:9,677
376,2104,0.7523348899266178,4.0,4.0,0.0,4.0,110,victory,1,0,,0,47,46,0:0|0:1|0:2|1:0|1:1|1:2|1:4|1:5|1:6|2:2|2:4|2:5|2:6|2:7|2:8|3:1|3:2|3:3|3:4|3:8|3:9|4:1|4:2|4:3|4:5|4:6|4:7|4:8|4:9|5:0|5:1|5:2|5:3|5:5|5:6|5:7|5:8|6:7|6:8|7:6|7:7|7:8|7:9|8:9|9:8|9:9,677
377,2105,0.7516744496330887,4.0,4.0,0.0,4.0,101,victory,1,0,,0,44,40,0:0|0:1|0:2|0:4|0:5|0:6|0:7|0:8|1:2|1:4|1:5|1:6|1:7|2:2|2:4|2:5|2:6|2:7|2:8|3:1|3:2|3:3|3:4|3:8|4:2|4:3|4:4|4:8|5:3|5:8|6:3|6:7|6:8|7:6|7:7|7:8|7:9|8:9|9:8|9:9,677
378,2106,0.7510140093395598,4.0,4.0,0.0,4.0,156,victory,1,0,,0,52,50,0:0|0:1|0:2|0:5|0:6|0:7|1:2|1:4|1:5|1:6|1:7|2:1|2:2|2:4|2:5|2:6|2:7|2:8|3:2|3:4|3:8|3:9|4:2|4:3|4:4|4:7|4:8|4:9|5:1|5:2|5:3|5:6|5:7|5:8|6:3|6:6|6:7|6:8|6:9|7:0|7:1|7:2|7:3|7:8|7:9|8:2|8:3|8:9|9:8|9:9,677
379,2107,0.7503535690460307,4.0,4.0,0.0,4.0,98,victory,1,0,,0,52,43,0:0|0:1|0:2|0:6|1:2|1:6|2:2|2:4|2:5|2:6|2:7|2:8|3:1|3:2|3:3|3:4|3:8|4:1|4:2|4:3|4:4|4:5|4:6|4:7|4:8|5:1|5:2|5:5|5:6|5:7|5:8|5:9|6:6|6:7|6:8|6:9|7:6|7:7|7:8|7:9|8:9|9:8|9:9,677
380,2108,0.7496931287525017,4.0,4.0,0.0,4.0,44,victory,1,0,,0,32,29,0:0|0:1|0:2|1:1|1:2|2:1|2:2|2:4|2:5|2:6|2:7|2:8|3:2|3:3|3:4|3:8|3:9|4:2|4:7|4:8|5:7|5:8|6:7|6:8|7:8|7:9|8:9|9:8|9:9,677
381,2109,0.7490326884589726,4.0,4.0,0.0,4.0,96,victory,1,0,,0,51,44,0:0|1:0|1:1|1:4|1:5|1:6|1:7|1:8|2:1|2:2|2:4|2:6|2:7|2:8|3:2|3:3|3:4|3:8|3:9|4:2|4:3|4:4|4:5|4:6|4:7|4:8|4:9|5:2|5:5|5:6|5:7|5:8|5:9|6:6|6:7|6:8|6:9|7:6|7:7|7:8|7:9|8:9|9:8|9:9,677
382,2110,0.7483722481654436,4.0,4.0,0.0,4.0,129,victory,1,0,,0,50,47,0:0|0:1|0:2|0:6|0:7|0:8|0:9|1:2|1:6|1:7|1:8|1:9|2:2|2:4|2:5|2:6|2:7|2:8|2:9|3:2|3:3|3:4|3:8|3:9|4:1|4:2|4:3|4:4|4:6|4:7|4:8|4:9|5:2|5:3|5:7|5:8|5:9|6:6|6:7|6:8|6:9|7:7|7:8|7:9|8:9|9:8|9:9,677
383,2111,0.7477118078719146,4.0,4.0,0.0,4.0,195,victory,1,0,,0,75,67,0:0|0:1|0:2|0:5|0:6|0:7|0:8|1:0|1:1|1:2|1:5|1:7|1:8|2:1|2:2|2:4|2:5|2:6|2:7|2:8|3:2|3:3|3:4|3:8|3:9|4:2|4:3|4:4|4:5|4:6|4:7|4:8|4:9|5:2|5:3|5:5|5:6|5:7|5:8|5:9|6:3|6:5|6:6|6:7|6:8|6:9|7:2|7:3|7:4|7:5|7:6|7:7|7:8|7:9|8:0|8:1|8:2|8:3|8:4|8:9|9:0|9:1|9:2|9:3|9:4|9:8|9:9,677
384,2112,0.7470513675783856,4.0,4.0,0.0,4.0,146,victory,1,0,,0,53,46,0:0|0:1|0:6|1:1|1:2|1:4|1:5|1:6|1:7|2:2|2:4|2:5|2:6|2:7|2:8|3:2|3:3|3:4|3:8|4:1|4:2|4:3|4:4|4:6|4:7|4:8|4:9|5:5|5:6|5:7|5:8|5:9|6:5|6:6|6:7|6:8|6:9|7:4|7:5|7:6|7:7|7:8|7:9|8:9|9:8|9:9,677
385,2113,0.7463909272848566,4.0,4.0,0.0,4.0,202,victory,1,0,,0,63,53,0:0|0:1|0:2|0:8|1:1|1:2|1:8|1:9|2:0|2:1|2:2|2:4|2:5|2:6|2:7|2:8|2:9|3:0|3:1|3:2|3:3|3:4|3:8|4:0|4:1|4:2|4:3|4:4|4:5|4:6|4:7|4:8|5:0|5:1|5:2|5:3|5:5|5:6|5:7|6:3|6:5|6:6|6:7|6:8|7:4|7:5|7:6|7:7|7:8|7:9|8:9|9:8|9:9,677
386,2114,0.7457304869913275,4.0,4.0,0.0,4.0,152,victory,1,0,,0,49,43,0:0|0:1|0:2|1:2|1:4|1:7|2:2|2:4|2:5|2:6|2:7|2:8|3:2|3:3|3:4|3:8|3:9|4:0|4:1|4:2|4:3|4:4|4:8|4:9|5:0|5:1|5:2|5:3|5:6|5:7|5:8|5:9|6:3|6:6|6:7|6:8|6:9|7:3|7:8|7:9|8:9|9:8|9:9,677
387,2115,0.7450700466977985,4.0,4.0,0.0,4.0,196,victory,1,0,,0,65,48,0:0|0:4|0:5|0:6|0:8|0:9|1:0|1:4|1:5|1:6|1:7|1:8|1:9|2:0|2:4|2:5|2:6|2:7|2:8|2:9|3:0|3:1|3:2|3:3|3:4|3:8|3:9|4:2|4:3|4:4|4:5|4:6|4:7|4:8|4:9|5:2|5:5|5:6|5:7|5:8|5:9|6:7|6:8|6:9|7:9|8:9|9:8|9:9,677
388,2116,0.7444096064042696,4.0,4.0,0.0,4.0,169,victory,1,0,,0,61,58,0:0|0:1|0:2|0:4|0:5|0:6|0:7|0:8|1:0|1:2|1:4|1:5|1:6|1:7|1:8|1:9|2:2|2:4|2:5|2:6|2:7|2:8|2:9|3:2|3:3|3:4|3:8|3:9|4:2|4:3|4:4|4:5|4:6|4:7|4:8|4:9|5:3|5:5|5:7|5:8|5:9|6:3|6:5|6:7|7:2|7:3|7:4|7:5|7:6|7:7|7:8|7:9|8:2|8:3|8:9|9:3|9:8|9:9,677
389,2117,0.7437491661107405,4.0,4.0,0.0,4.0,109,victory,1,0,,0,47,40,0:0|0:1|0:2|1:0|1:1|1:2|1:7|1:8|2:1|2:2|2:4|2:5|2:6|2:7|2:8|2:9|3:0|3:1|3:2|3:3|3:4|3:8|3:9|4:1|4:2|4:3|4:4|4:7|4:8|5:3|5:6|5:7|5:8|6:7|7:7|7:8|7:9|8:9|9:8|9:9,677
390,2118,0.7430887258172114,4.0,4.0,0.0,4.0,147,victory,1,0,,0,58,53,0:0|0:1|0:2|1:2|1:4|1:7|1:8|2:2|2:4|2:5|2:6|2:7|2:8|2:9|3:0|3:1|3:2|3:3|3:4|3:8|4:0|4:1|4:2|4:3|4:4|4:5|4:6|4:7|4:8|4:9|5:2|5:3|5:5|5:6|5:7|5:8|5:9|6:3|6:5|6:7|6:8|6:9|7:2|7:3|7:4|7:5|7:7|7:8|7:9|8:4|8:9|9:8|9:9,677
391,2119,0.7424282855236825,4.0,4.0,0.0,4.0,82,victory,1,0,,0,42,40,0:0|0:1|0:2|0:4|0:5|0:6|0:7|1:2|1:4|1:5|1:6|1:7|1:8|1:9|2:2|2:4|2:5|2:6|2:7|2:8|2:9|3:2|3:3|3:4|3:8|4:2|4:3|4:4|4:8|4:9|5:8|5:9|6:7|6:8|7:7|7:8|7:9|8:9|9:8|9:9,677
392,2120,0.7417678452301535,4.0,4.0,0.0,4.0,131,victory,1,0,,0,49,41,0:0|0:1|0:2|1:0|1:1|1:2|1:5|1:6|2:0|2:1|2:2|2:4|2:5|2:6|3:0|3:1|3:2|3:3|3:4|4:0|4:1|4:2|4:4|4:5|4:6|4:7|5:0|5:1|5:5|5:6|5:7|6:5|6:6|6:7|6:8|6:9|7:8|7:9|8:9|9:8|9:9,677
393,2121,0.7411074049366244,4.0,4.0,0.0,4.0,136,victory,1,0,,0,46,44,0:0|0:1|0:2|0:8|0:9|1:0|1:1|1:2|1:5|1:8|1:9|2:1|2:2|2:4|2:5|2:6|2:7|2:8|2:9|3:2|3:4|3:8|4:2|4:3|4:4|4:7|4:8|5:3|5:7|5:8|6:5|6:6|6:7|6:8|7:3|7:4|7:5|7:6|7:7|7:8|7:9|8:9|9:8|9:9,677
394,2122,0.7404469646430955,4.0,4.0,0.0,4.0,182,victory,1,0,,0,59,50,0:0|0:1|0:2|1:1|1:2|1:5|1:6|1:7|1:8|2:1|2:2|2:4|2:5|2:6|2:7|2:8|3:1|3:2|3:3|3:4|3:8|4:1|4:2|4:3|4:4|4:5|4:6|4:7|4:8|5:0|5:1|5:2|5:3|5:5|5:6|5:7|6:3|6:5|6:6|6:7|6:8|6:9|7:5|7:6|7:7|7:8|7:9|8:9|9:8|9:9,677
395,2123,0.7397865243495664,4.0,4.0,0.0,4.0,109,victory,1,0,,0,50,46,0:0|0:1|0:7|0:8|1:1|1:2|1:4|1:5|1:7|1:8|1:9|2:1|2:2|2:4|2:5|2:6|2:7|2:8|2:9|3:0|3:1|3:2|3:3|3:4|3:8|3:9|4:2|4:6|4:7|4:8|4:9|5:6|5:7|5:8|5:9|6:6|6:7|6:8|6:9|7:6|7:7|7:8|7:9|8:9|9:8|9:9,677
396,2124,0.7391260840560374,1.0,1.0,0.0,1.0,250,truncated,0,0,,1,58,51,0:0|0:1|0:2|0:4|0:5|0:6|0:7|0:8|0:9|1:0|1:1|1:2|1:4|1:5|1:6|1:7|1:8|1:9|2:2|2:4|2:5|2:6|2:7|2:8|2:9|3:2|3:3|3:4|3:8|3:9|4:4|4:5|4:6|4:7|4:8|4:9|5:5|5:6|5:7|5:8|5:9|6:5|6:6|6:7|6:8|6:9|7:5|7:6|7:7|7:9|8:9,678
397,2125,0.7384656437625083,4.0,4.0,0.0,4.0,133,victory,1,0,,0,61,49,0:0|0:9|1:0|1:1|1:7|1:8|1:9|2:1|2:2|2:5|2:6|2:7|2:8|2:9|3:0|3:1|3:2|3:3|3:8|3:9|4:2|4:3|4:4|4:5|4:6|4:7|4:8|4:9|5:2|5:3|5:5|5:6|5:7|5:8|5:9|6:5|6:6|6:7|6:8|6:9|7:4|7:5|7:6|7:7|7:8|7:9|8:9|9:8|9:9,678
398,2126,0.7378052034689793,4.0,4.0,0.0,4.0,112,victory,1,0,,0,48,43,0:0|0:1|0:8|0:9|1:1|1:2|1:6|1:7|1:8|1:9|2:2|2:4|2:5|2:6|2:7|2:8|2:9|3:2|3:4|3:8|4:2|4:3|4:4|4:5|4:6|4:7|4:8|4:9|5:5|5:6|5:7|5:8|6:5|6:6|6:7|6:8|6:9|7:7|7:8|7:9|8:9|9:8|9:9,678
399,2127,0.7371447631754503,4.0,4.0,0.0,4.0,182,victory,1,0,,0,52,47,0:0|0:1|0:2|1:0|1:1|1:2|1:5|2:0|2:1|2:2|2:4|2:5|2:6|2:7|2:8|2:9|3:0|3:1|3:2|3:4|3:8|3:9|4:1|4:2|4:3|4:4|4:6|4:7|4:8|4:9|5:1|5:2|5:3|5:6|5:7|5:9|6:6|6:7|6:8|6:9|7:6|7:7|7:8|7:9|8:9|9:8|9:9,678
400,2128,0.7364843228819213,4.0,4.0,0.0,4.0,100,victory,1,0,,0,39,36,0:0|0:1|0:2|1:2|1:5|1:8|1:9|2:1|2:2|2:4|2:5|2:6|2:7|2:8|2:9|3:1|3:2|3:3|3:4|3:8|3:9|4:2|4:3|4:7|4:8|5:3|5:7|6:7|6:8|6:9|7:7|7:8|7:9|8:9|9:8|9:9,678
401,2129,0.7358238825883923,4.0,4.0,0.0,4.0,133,victory,1,0,,0,39,37,0:0|0:1|0:2|1:0|1:1|1:2|2:1|2:2|2:4|2:5|2:6|2:7|2:8|2:9|3:2|3:3|3:4|3:8|3:9|4:2|4:3|4:4|4:5|4:7|4:8|4:9|5:6|5:7|5:8|5:9|6:7|6:8|7:8|7:9|8:9|9:8|9:9,678
402,2130,0.7351634422948632,4.0,4.0,0.0,4.0,141,victory,1,0,,0,57,45,0:0|0:4|0:5|1:0|1:1|1:2|1:4|1:5|1:7|2:2|2:4|2:5|2:6|2:7|2:8|3:1|3:2|3:3|3:4|3:8|3:9|4:2|4:3|4:4|4:7|4:8|4:9|5:2|5:5|5:6|5:7|5:8|6:5|6:6|6:7|6:8|6:9|7:5|7:6|7:7|7:8|7:9|8:9|9:8|9:9,678
403,2131,0.7345030020013342,4.0,4.0,0.0,4.0,145,victory,1,0,,0,53,47,0:0|0:1|0:2|0:5|0:6|0:7|1:1|1:2|1:4|1:5|1:6|1:7|2:2|2:4|2:5|2:6|2:7|2:8|2:9|3:2|3:3|3:4|3:8|3:9|4:2|4:3|4:4|4:5|4:6|4:7|4:8|4:9|5:3|5:6|5:7|5:8|5:9|6:6|6:7|6:8|7:6|7:7|7:8|7:9|8:9|9:8|9:9,678
404,2132,0.7338425617078053,4.0,4.0,0.0,4.0,77,victory,1,0,,0,41,35,0:0|0:1|0:2|1:1|1:2|1:4|1:5|2:1|2:2|2:4|2:5|2:6|2:7|2:8|2:9|3:2|3:3|3:4|3:8|3:9|4:2|4:3|4:4|4:9|5:8|5:9|6:7|6:8|6:9|7:7|7:8|7:9|8:9|9:8|9:9,678
405,2133,0.7331821214142762,4.0,4.0,0.0,4.0,85,victory,1,0,,0,41,35,0:0|0:1|0:2|0:4|1:2|1:4|2:2|2:4|2:5|2:6|2:7|2:8|3:2|3:3|3:4|3:8|4:2|4:3|4:6|4:7|4:8|5:6|5:7|5:8|5:9|6:6|6:7|6:8|6:9|7:7|7:8|7:9|8:9|9:8|9:9,678
406,2134,0.7325216811207471,4.0,4.0,0.0,4.0,68,victory,1,0,,0,35,35,0:0|0:1|0:4|0:5|1:1|1:2|1:4|1:5|1:6|2:2|2:4|2:6|2:7|2:8|3:1|3:2|3:3|3:4|3:8|4:2|4:3|4:4|4:5|4:7|4:8|5:7|6:7|7:5|7:6|7:7|7:8|7:9|8:9|9:8|9:9,678
407,2135,0.7318612408272182,4.0,4.0,0.0,4.0,124,victory,1,0,,0,45,43,0:0|0:1|0:2|1:1|1:2|1:5|1:6|1:7|1:8|2:0|2:1|2:2|2:4|2:5|2:6|2:7|2:8|2:9|3:0|3:1|3:2|3:4|3:8|3:9|4:2|4:3|4:4|4:7|4:8|5:7|5:8|6:5|6:6|6:7|6:8|6:9|7:6|7:7|7:8|7:9|8:9|9:8|9:9,678
408,2136,0.7312008005336892,4.0,4.0,0.0,4.0,128,victory,1,0,,0,54,43,0:0|0:1|0:7|0:8|0:9|1:1|1:2|1:6|1:7|1:8|2:2|2:4|2:5|2:6|2:7|2:8|3:1|3:2|3:3|3:4|3:8|4:1|4:2|4:3|4:4|4:5|4:6|4:7|4:8|5:6|5:7|5:8|5:9|6:6|6:7|6:8|6:9|7:7|7:8|7:9|8:9|9:8|9:9,678
409,2137,0.7305403602401601,4.0,4.0,0.0,4.0,123,victory,1,0,,0,43,39,0:0|0:1|0:2|1:0|1:1|1:2|1:6|1:7|1:8|2:1|2:2|2:4|2:5|2:6|2:7|2:8|2:9|3:1|3:2|3:3|3:4|3:8|3:9|4:2|4:3|4:7|4:8|5:2|5:3|5:7|5:8|6:7|6:8|7:7|7:8|7:9|8:9|9:8|9:9,678
410,2138,0.729879919946631,4.0,4.0,0.0,4.0,69,victory,1,0,,0,37,36,0:0|0:1|0:2|0:7|1:0|1:1|1:2|1:4|1:5|1:7|1:8|2:2|2:4|2:5|2:6|2:7|2:8|3:2|3:4|3:8|4:1|4:2|4:3|4:4|4:7|4:8|5:7|5:8|6:6|6:7|6:8|7:8|7:9|8:9|9:8|9:9,678
411,2139,0.7292194796531021,4.0,4.0,0.0,4.0,132,victory,1,0,,0,45,41,0:0|0:1|0:2|0:4|0:5|0:6|1:1|1:2|1:4|1:6|2:1|2:2|2:4|2:6|2:7|2:8|3:2|3:3|3:4|3:8|4:2|4:3|4:4|4:5|4:6|4:7|4:8|4:9|5:6|5:7|5:8|5:9|6:7|6:8|6:9|7:7|7:8|7:9|8:9|9:8|9:9,678
412,2140,0.7285590393595731,4.0,4.0,0.0,4.0,67,victory,1,0,,0,31,31,0:0|0:1|0:2|1:2|1:6|2:2|2:4|2:5|2:6|2:7|2:8|3:2|3:3|3:4|3:8|4:2|4:3|4:4|4:7|4:8|5:2|5:3|5:7|5:9|6:7|6:8|6:9|7:9|8:9|9:8|9:9,678
413,2141,0.727898599066044,4.0,4.0,0.0,4.0,85,victory,1,0,,0,47,42,0:0|0:4|0:5|1:0|1:1|1:2|1:4|1:5|1:6|1:7|2:0|2:1|2:2|2:4|2:5|2:6|2:7|2:8|3:2|3:4|3:8|4:1|4:2|4:3|4:4|4:6|4:7|4:8|5:3|5:6|5:7|5:8|6:6|6:7|6:8|6:9|7:7|7:8|7:9|8:9|9:8|9:9,678
414,2142,0.727238158772515,4.0,4.0,0.0,4.0,110,victory,1,0,,0,48,40,0:0|0:1|0:2|1:0|1:1|1:2|1:5|2:0|2:1|2:2|2:4|2:5|2:6|2:7|2:8|3:0|3:1|3:2|3:3|3:4|3:8|4:0|4:1|4:2|4:3|4:4|4:7|4:8|4:9|5:1|5:2|5:3|5:7|6:7|6:8|7:8|7:9|8:9|9:8|9:9,678
415,2143,0.726577718478986,4.0,4.0,0.0,4.0,89,victory,1,0,,0,40,38,0:0|0:1|0:2|0:8|0:9|1:2|1:6|1:7|1:8|1:9|2:2|2:4|2:5|2:6|2:7|2:8|2:9|3:2|3:3|3:4|3:8|3:9|4:2|4:3|4:4|4:7|4:8|4:9|5:7|5:8|5:9|6:7|6:8|7:8|7:9|8:9|9:8|9:9,678
416,2144,0.725917278185457,4.0,4.0,0.0,4.0,136,victory,1,0,,0,53,46,0:0|0:1|0:2|1:0|1:1|1:2|1:6|1:8|1:9|2:0|2:1|2:2|2:4|2:5|2:6|2:7|2:8|2:9|3:1|3:2|3:3|3:4|3:8|3:9|4:2|4:6|4:7|4:8|4:9|5:5|5:6|5:7|5:8|5:9|6:5|6:6|6:7|6:8|6:9|7:6|7:7|7:8|7:9|8:9|9:8|9:9,678
417,2145,0.725256837891928,3.0,3.0,0.0,3.0,250,truncated,0,0,,1,75,57,0:0|0:1|0:2|0:8|0:9|1:1|1:2|1:4|1:5|1:6|1:7|1:8|1:9|2:1|2:2|2:4|2:5|2:6|2:7|2:8|2:9|3:1|3:2|3:3|3:8|3:9|4:1|4:3|4:4|4:5|4:6|4:7|4:8|4:9|5:5|5:6|5:7|5:8|6:5|6:6|6:7|6:8|6:9|7:4|7:5|7:6|7:7|7:8|7:9|8:4|8:9|9:4|9:5|9:6|9:7|9:8|9:9,701
418,2146,0.7245963975983989,4.0,4.0,0.0,4.0,71,victory,1,0,,0,33,31,0:0|0:1|1:1|1:2|1:8|2:2|2:4|2:5|2:6|2:7|2:8|2:9|3:2|3:3|3:4|3:8|3:9|4:2|4:3|4:7|4:8|4:9|5:7|5:9|6:7|6:8|7:8|7:9|8:9|9:8|9:9,701
419,2147,0.7239359573048699,4.0,4.0,0.0,4.0,67,victory,1,0,,0,38,36,0:0|0:1|0:2|1:0|1:1|1:2|1:5|1:7|2:1|2:2|2:4|2:5|2:6|2:7|2:8|2:9|3:1|3:2|3:3|3:4|3:8|3:9|4:1|4:2|4:7|4:8|5:1|5:2|5:7|6:7|6:8|7:8|7:9|8:9|9:8|9:9,701
420,2148,0.723275517011341,4.0,4.0,0.0,4.0,164,victory,1,0,,0,66,53,0:0|1:0|1:1|1:2|1:6|1:7|2:0|2:1|2:2|2:4|2:5|2:6|2:7|2:8|2:9|3:0|3:1|3:2|3:3|3:4|3:8|3:9|4:2|4:3|4:4|4:5|4:6|4:7|4:8|4:9|5:2|5:3|5:5|5:6|5:7|5:8|6:3|6:5|6:6|6:7|6:8|6:9|7:2|7:3|7:4|7:5|7:6|7:7|7:8|7:9|8:9|9:8|9:9,701
421,2149,0.7226150767178119,4.0,4.0,0.0,4.0,84,victory,1,0,,0,42,41,0:0|0:1|0:4|1:0|1:1|1:4|2:1|2:2|2:4|2:5|2:6|2:7|2:8|3:2|3:4|3:8|3:9|4:2|4:3|4:4|4:5|4:6|4:7|4:8|4:9|5:3|5:7|5:8|6:3|6:7|6:8|6:9|7:3|7:4|7:7|7:8|7:9|8:3|8:9|9:8|9:9,701
422,2150,0.7219546364242828,4.0,4.0,0.0,4.0,118,victory,1,0,,0,51,48,0:0|0:1|0:2|0:4|0:5|1:0|1:1|1:2|1:4|1:5|1:8|2:1|2:2|2:4|2:5|2:6|2:7|2:8|2:9|3:2|3:4|3:8|3:9|4:1|4:2|4:3|4:4|4:5|4:6|4:7|4:8|4:9|5:5|5:6|5:7|5:8|6:5|6:6|6:7|6:8|6:9|7:6|7:7|7:8|7:9|8:9|9:8|9:9,701
423,2151,0.7212941961307539,4.0,4.0,0.0,4.0,129,victory,1,0,,0,45,41,0:0|0:1|0:2|0:6|1:2|1:4|1:5|1:6|1:7|1:8|2:2|2:4|2:5|2:6|2:7|2:8|2:9|3:1|3:2|3:3|3:4|3:8|3:9|4:2|4:3|4:4|4:6|4:7|4:8|4:9|5:2|5:6|5:7|6:6|6:7|6:8|6:9|7:9|8:9|9:8|9:9,701
424,2152,0.7206337558372248,4.0,4.0,0.0,4.0,161,victory,1,0,,0,63,52,0:0|1:0|1:1|1:2|1:4|1:5|1:6|1:7|1:8|2:1|2:2|2:4|2:5|2:6|2:7|2:8|2:9|3:1|3:2|3:3|3:4|3:8|3:9|4:1|4:2|4:3|4:4|4:5|4:6|4:7|4:8|5:1|5:2|5:3|5:5|5:6|5:7|5:8|5:9|6:3|6:6|6:7|6:8|6:9|7:5|7:6|7:7|7:8|7:9|8:9|9:8|9:9,701
425,2153,0.7199733155436958,4.0,4.0,0.0,4.0,175,victory,1,0,,0,65,53,0:0|0:1|0:2|0:4|0:5|0:6|0:7|1:1|1:2|1:4|1:5|1:6|1:7|2:2|2:4|2:5|2:6|2:7|2:8|2:9|3:0|3:1|3:2|3:3|3:4|3:8|3:9|4:1|4:2|4:3|4:4|4:6|4:7|4:8|4:9|5:2|5:6|5:7|5:8|5:9|6:5|6:6|6:7|6:8|6:9|7:5|7:6|7:7|7:8|7:9|8:9|9:8|9:9,701
426,2154,0.7193128752501667,4.0,4.0,0.0,4.0,124,victory,1,0,,0,44,39,0:0|0:7|0:8|0:9|1:0|1:7|1:8|1:9|2:0|2:1|2:2|2:4|2:5|2:6|2:7|2:8|2:9|3:2|3:3|3:4|3:8|3:9|4:2|4:4|4:7|4:8|4:9|5:7|5:8|5:9|6:7|6:8|6:9|7:7|7:8|7:9|8:9|9:8|9:9,701
427,2155,0.7186524349566378,4.0,4.0,0.0,4.0,56,victory,1,0,,0,38,36,0:0|1:0|1:1|1:2|1:5|1:6|2:2|2:4|2:5|2:6|2:7|2:8|3:1|3:2|3:3|3:4|3:8|4:0|4:1|4:2|4:3|4:4|4:6|4:7|4:8|4:9|5:7|5:8|5:9|6:7|6:8|6:9|7:9|8:9|9:8|9:9,701
428,2156,0.7179919946631088,3.0,3.0,0.0,3.0,250,truncated,0,0,,1,53,41,0:0|0:1|0:2|1:2|1:9|2:2|2:9|3:2|3:3|3:4|3:8|3:9|4:2|4:3|4:4|4:5|4:6|4:8|4:9|5:5|5:6|5:7|5:8|5:9|6:5|6:6|6:7|6:8|6:9|7:5|7:6|7:7|7:8|7:9|8:9|9:4|9:5|9:6|9:7|9:8|9:9,704
429,2157,0.7173315543695797,4.0,4.0,0.0,4.0,95,victory,1,0,,0,44,37,0:0|0:1|0:2|1:2|1:4|1:5|1:6|2:1|2:2|2:4|2:5|2:6|2:7|3:0|3:1|3:2|3:3|3:4|4:0|4:1|4:2|4:4|4:5|4:6|4:7|5:2|5:7|5:8|6:7|6:8|6:9|7:7|7:8|7:9|8:9|9:8|9:9,704
430,2158,0.7166711140760507,4.0,4.0,0.0,4.0,124,victory,1,0,,0,47,44,0:0|0:1|0:2|0:8|0:9|1:2|1:4|1:5|1:6|1:7|1:8|1:9|2:2|2:4|2:5|2:6|2:7|2:8|2:9|3:1|3:2|3:3|3:4|3:8|4:0|4:1|4:2|4:3|4:4|4:7|4:8|5:0|5:1|5:2|5:7|5:8|6:7|6:8|6:9|7:8|7:9|8:9|9:8|9:9,704
431,2159,0.7160106737825217,4.0,4.0,0.0,4.0,68,victory,1,0,,0,40,39,0:0|0:1|0:2|0:7|0:8|1:2|1:6|1:7|1:8|1:9|2:2|2:4|2:5|2:6|2:7|2:8|2:9|3:2|3:4|3:8|3:9|4:2|4:3|4:4|4:5|4:7|4:8|5:2|5:3|5:5|5:6|5:7|6:7|7:7|7:8|7:9|8:9|9:8|9:9,704
432,2160,0.7153502334889927,4.0,4.0,0.0,4.0,138,victory,1,0,,0,49,39,0:0|0:1|0:2|1:0|1:1|1:2|1:4|1:5|2:0|2:1|2:2|2:4|2:5|2:6|2:7|2:8|2:9|3:1|3:2|3:3|3:4|3:8|3:9|4:2|4:3|4:4|4:7|4:8|5:7|5:8|5:9|6:7|6:8|6:9|7:8|7:9|8:9|9:8|9:9,704
433,2161,0.7146897931954637,4.0,4.0,0.0,4.0,115,victory,1,0,,0,48,40,0:0|0:1|0:2|1:0|1:1|1:2|2:0|2:1|2:2|2:4|2:5|2:6|2:7|2:8|3:1|3:2|3:3|3:4|3:8|4:2|4:3|4:4|4:8|5:5|5:6|5:7|5:8|6:5|6:6|6:7|6:8|6:9|7:5|7:6|7:7|7:8|7:9|8:9|9:8|9:9,704
434,2162,0.7140293529019346,4.0,4.0,0.0,4.0,98,victory,1,0,,0,39,36,0:0|0:4|1:0|1:4|1:5|1:6|1:7|2:0|2:4|2:5|2:6|2:7|2:8|3:0|3:1|3:2|3:3|3:4|3:8|4:2|4:3|4:8|4:9|5:1|5:2|5:8|5:9|6:6|6:7|6:8|6:9|7:8|7:9|8:9|9:8|9:9,704
435,2163,0.7133689126084055,4.0,4.0,0.0,4.0,100,victory,1,0,,0,43,41,0:0|1:0|1:1|1:2|2:1|2:2|2:4|2:5|2:6|2:7|2:8|2:9|3:2|3:4|3:8|3:9|4:1|4:2|4:3|4:4|4:5|4:7|4:8|4:9|5:1|5:2|5:3|5:7|5:8|5:9|6:3|6:7|6:8|6:9|7:3|7:7|7:8|7:9|8:9|9:8|9:9,704
436,2164,0.7127084723148767,3.0,3.0,0.0,3.0,250,truncated,0,0,,1,50,50,0:0|0:1|0:2|1:0|1:1|1:2|2:2|3:2|3:4|4:1|4:2|4:3|4:4|4:5|4:6|5:1|5:2|5:3|5:6|5:7|5:8|6:3|6:6|6:7|6:8|6:9|7:0|7:1|7:2|7:3|7:4|7:7|7:8|7:9|8:0|8:1|8:2|8:3|8:4|8:9|9:0|9:1|9:2|9:3|9:4|9:5|9:6|9:7|9:8|9:9,704
437,2165,0.7120480320213476,4.0,4.0,0.0,4.0,113,victory,1,0,,0,48,44,0:0|0:1|0:4|0:5|0:6|0:7|0:8|0:9|1:0|1:1|1:2|1:4|1:5|1:7|1:8|1:9|2:1|2:2|2:4|2:5|2:6|2:7|2:8|2:9|3:2|3:3|3:4|3:8|4:2|4:3|4:4|4:5|4:7|4:8|5:6|5:7|6:6|6:7|6:8|7:8|7:9|8:9|9:8|9:9,704
438,2166,0.7113875917278185,4.0,4.0,0.0,4.0,88,victory,1,0,,0,41,37,0:0|0:1|0:2|1:2|1:4|1:5|2:2|2:4|2:5|2:6|2:7|2:8|3:2|3:3|3:4|3:8|3:9|4:1|4:2|4:3|4:4|4:6|4:7|4:8|5:1|5:2|5:3|5:7|5:8|6:7|6:8|6:9|7:8|7:9|8:9|9:8|9:9,704
439,2167,0.7107271514342894,4.0,4.0,0.0,4.0,160,victory,1,0,,0,52,46,0:0|0:1|0:2|1:0|1:1|1:2|1:6|1:7|2:0|2:1|2:2|2:4|2:5|2:6|2:7|2:8|3:0|3:1|3:2|3:3|3:4|3:8|4:2|4:3|4:4|4:5|4:6|4:7|4:8|4:9|5:5|5:6|5:7|5:8|5:9|6:5|6:6|6:7|6:8|6:9|7:7|7:8|7:9|8:9|9:8|9:9,704
440,2168,0.7100667111407605,4.0,4.0,0.0,4.0,96,victory,1,0,,0,42,39,0:0|0:1|0:2|1:0|1:1|1:2|2:1|2:2|2:4|2:5|2:6|2:7|2:8|2:9|3:1|3:2|3:3|3:4|3:8|3:9|4:1|4:2|4:4|4:5|4:6|4:7|4:8|4:9|5:5|5:6|5:7|6:7|6:8|6:9|7:8|7:9|8:9|9:8|9:9,704
441,2169,0.7094062708472315,4.0,4.0,0.0,4.0,187,victory,1,0,,0,58,53,0:0|0:1|0:4|0:5|0:6|0:7|0:8|0:9|1:0|1:1|1:2|1:4|1:5|1:6|1:7|1:8|2:0|2:1|2:2|2:4|2:5|2:6|2:7|2:8|2:9|3:1|3:3|3:4|3:8|4:0|4:1|4:2|4:3|4:7|4:8|4:9|5:0|5:1|5:2|5:3|5:7|5:8|5:9|6:6|6:7|6:8|6:9|7:7|7:8|7:9|8:9|9:8|9:9,704
442,2170,0.7087458305537024,4.0,4.0,0.0,4.0,52,victory,1,0,,0,33,32,0:0|0:1|0:2|1:2|1:4|2:2|2:4|2:5|2:6|2:7|2:8|2:9|3:1|3:2|3:3|3:4|3:8|4:1|4:2|4:3|4:7|4:8|5:1|5:2|5:7|6:7|6:8|7:8|7:9|8:9|9:8|9:9,704
443,2171,0.7080853902601735,4.0,4.0,0.0,4.0,148,victory,1,0,,0,57,48,0:0|0:4|0:5|1:0|1:1|1:2|1:4|1:5|1:6|2:0|2:1|2:2|2:4|2:5|2:6|2:7|2:8|3:1|3:2|3:3|3:4|3:8|4:1|4:2|4:3|4:4|4:5|4:6|4:7|4:8|5:1|5:2|5:3|5:7|5:8|6:3|6:7|6:8|6:9|7:3|7:7|7:8|7:9|8:2|8:3|8:9|9:8|9:9,704
444,2172,0.7074249499666444,4.0,4.0,0.0,4.0,91,victory,1,0,,0,40,38,0:0|0:1|0:2|0:7|1:2|1:7|1:8|1:9|2:2|2:4|2:5|2:6|2:7|2:8|2:9|3:2|3:4|3:8|3:9|4:2|4:3|4:4|4:8|4:9|5:2|5:3|5:6|5:7|5:8|5:9|6:7|6:8|6:9|7:7|7:9|8:9|9:8|9:9,704
445,2173,0.7067645096731154,4.0,4.0,0.0,4.0,112,victory,1,0,,0,47,42,0:0|1:0|1:1|1:2|1:4|1:5|2:1|2:2|2:4|2:5|2:6|2:7|2:8|3:1|3:2|3:3|3:4|3:8|4:1|4:2|4:3|4:4|4:5|4:6|4:7|4:8|5:2|5:5|5:6|5:7|5:8|6:6|6:7|6:8|6:9|7:6|7:7|7:8|7:9|8:9|9:8|9:9,704
446,2174,0.7061040693795864,4.0,4.0,0.0,4.0,197,victory,1,0,,0,69,53,0:0|0:1|0:2|0:5|0:7|0:8|1:0|1:1|1:2|1:4|1:5|1:7|1:8|2:0|2:1|2:2|2:4|2:5|2:6|2:7|2:8|2:9|3:0|3:1|3:2|3:3|3:4|3:8|3:9|4:0|4:2|4:3|4:4|4:5|4:6|4:7|4:8|4:9|5:3|5:6|5:7|5:8|5:9|6:6|6:7|6:8|6:9|7:7|7:8|7:9|8:9|9:8|9:9,704
447,2175,0.7054436290860574,4.0,4.0,0.0,4.0,92,victory,1,0,,0,42,37,0:0|0:1|0:2|1:1|1:2|2:1|2:2|2:4|2:5|2:6|2:7|2:8|3:1|3:2|3:3|3:4|3:8|4:2|4:3|4:4|4:5|4:6|4:7|4:8|4:9|5:5|5:6|5:7|5:8|6:6|6:7|6:8|6:9|7:9|8:9|9:8|9:9,704
448,2176,0.7047831887925284,4.0,4.0,0.0,4.0,104,victory,1,0,,0,44,43,0:0|0:1|0:2|0:5|0:6|1:0|1:1|1:2|1:4|1:5|1:7|1:8|1:9|2:2|2:4|2:5|2:6|2:7|2:8|2:9|3:2|3:3|3:4|3:8|3:9|4:2|4:3|4:4|4:8|4:9|5:8|5:9|6:6|6:7|6:8|6:9|7:6|7:7|7:8|7:9|8:9|9:8|9:9,704
449,2177,0.7041227484989994,4.0,4.0,0.0,4.0,211,victory,1,0,,0,58,51,0:0|0:1|0:2|0:6|0:8|0:9|1:1|1:2|1:4|1:5|1:6|1:7|1:8|1:9|2:0|2:1|2:2|2:4|2:5|2:6|2:7|2:8|2:9|3:1|3:2|3:3|3:4|3:8|4:1|4:2|4:3|4:4|4:5|4:6|4:7|4:8|5:2|5:3|5:5|5:6|5:7|6:3|6:7|6:8|6:9|7:7|7:8|7:9|8:9|9:8|9:9,704
450,2178,0.7034623082054703,4.0,4.0,0.0,4.0,101,victory,1,0,,0,42,39,0:0|0:1|0:2|1:0|1:1|1:2|1:6|1:8|1:9|2:1|2:2|2:4|2:5|2:6|2:7|2:8|3:2|3:4|3:8|4:1|4:2|4:3|4:4|4:8|5:1|5:2|5:3|5:7|5:8|5:9|6:7|6:8|6:9|7:7|7:8|7:9|8:9|9:8|9:9,704
451,2179,0.7028018679119412,4.0,4.0,0.0,4.0,91,victory,1,0,,0,41,37,0:0|0:1|1:0|1:1|1:2|1:5|1:6|1:7|1:8|2:0|2:1|2:2|2:4|2:5|2:6|2:7|2:8|3:2|3:3|3:4|3:8|4:2|4:7|4:8|5:6|5:7|5:8|6:6|6:7|6:8|7:6|7:7|7:8|7:9|8:9|9:8|9:9,704
452,2180,0.7021414276184124,4.0,4.0,0.0,4.0,61,victory,1,0,,0,34,33,0:0|0:2|1:0|1:1|1:2|2:2|2:4|2:5|2:6|2:7|2:8|3:2|3:4|3:8|4:2|4:3|4:4|4:5|4:6|4:7|4:8|5:5|5:6|5:7|5:8|5:9|6:7|6:8|6:9|7:9|8:9|9:8|9:9,704
453,2181,0.7014809873248833,4.0,4.0,0.0,4.0,69,victory,1,0,,0,37,36,0:0|0:1|0:2|1:2|2:1|2:2|2:4|2:5|2:6|2:7|2:8|3:0|3:1|3:2|3:4|3:8|4:0|4:1|4:2|4:3|4:4|4:5|4:8|5:1|5:2|5:7|5:8|6:6|6:7|6:8|7:7|7:8|7:9|8:9|9:8|9:9,704
454,2182,0.7008205470313542,4.0,4.0,0.0,4.0,85,victory,1,0,,0,39,38,0:0|0:1|1:0|1:1|1:2|1:5|1:6|1:8|2:0|2:1|2:2|2:4|2:5|2:6|2:7|2:8|3:2|3:3|3:4|3:8|4:2|4:3|4:4|4:7|4:8|4:9|5:6|5:7|6:6|6:7|6:8|7:6|7:7|7:8|7:9|8:9|9:8|9:9,704
455,2183,0.7001601067378251,4.0,4.0,0.0,4.0,160,victory,1,0,,0,49,46,0:0|0:1|0:2|0:5|0:6|0:7|1:0|1:1|1:2|1:5|1:6|1:7|2:1|2:2|2:4|2:5|2:6|2:7|2:8|3:2|3:3|3:4|3:8|4:2|4:3|4:4|4:5|4:6|4:7|4:8|5:2|5:3|5:5|5:6|5:7|5:8|6:3|6:7|6:8|6:9|7:7|7:8|7:9|8:9|9:8|9:9,704
456,2184,0.6994996664442962,4.0,4.0,0.0,4.0,241,victory,1,0,,0,65,51,0:0|0:1|0:2|0:4|0:5|0:6|0:7|0:8|1:2|1:4|1:5|1:6|1:7|1:8|1:9|2:0|2:1|2:2|2:4|2:5|2:6|2:7|2:8|3:2|3:3|3:4|3:8|3:9|4:2|4:3|4:4|4:5|4:6|4:7|4:8|4:9|5:2|5:3|5:5|5:6|5:7|6:3|6:6|6:7|7:6|7:7|7:8|7:9|8:9|9:8|9:9,704
457,2185,0.6988392261507672,4.0,4.0,0.0,4.0,193,victory,1,0,,0,60,51,0:0|0:1|0:2|0:7|0:8|0:9|1:0|1:1|1:2|1:6|1:7|1:8|1:9|2:0|2:1|2:2|2:4|2:5|2:6|2:7|2:8|2:9|3:0|3:1|3:2|3:3|3:4|3:8|4:0|4:1|4:2|4:3|4:4|4:8|5:1|5:2|5:5|5:6|5:7|5:8|6:5|6:6|6:7|6:8|7:6|7:7|7:8|7:9|8:9|9:8|9:9,704
458,2186,0.6981787858572381,4.0,4.0,0.0,4.0,148,victory,1,0,,0,57,45,0:0|0:1|0:5|1:1|1:2|1:5|2:0|2:1|2:2|2:4|2:5|2:6|2:7|2:8|3:1|3:2|3:3|3:4|3:8|4:0|4:1|4:2|4:3|4:4|4:5|4:6|4:7|4:8|5:1|5:2|5:3|5:5|5:6|5:7|5:8|6:5|6:6|6:7|6:8|7:7|7:8|7:9|8:9|9:8|9:9,704
459,2187,0.6975183455637091,4.0,4.0,0.0,4.0,173,victory,1,0,,0,58,45,0:0|0:1|1:1|1:4|1:5|1:8|2:0|2:1|2:2|2:4|2:5|2:6|2:7|2:8|2:9|3:2|3:3|3:4|3:8|3:9|4:1|4:2|4:3|4:4|4:5|4:6|4:7|4:8|5:5|5:6|5:7|5:8|5:9|6:5|6:6|6:7|6:9|7:5|7:6|7:7|7:8|7:9|8:9|9:8|9:9,704
460,2188,0.6968579052701801,4.0,4.0,0.0,4.0,71,victory,1,0,,0,38,36,0:0|0:1|0:2|1:1|1:2|1:4|1:5|1:6|2:0|2:1|2:2|2:4|2:6|2:7|2:8|3:1|3:2|3:3|3:4|3:8|4:1|4:2|4:3|4:4|4:7|4:8|5:1|5:7|6:6|6:7|7:7|7:8|7:9|8:9|9:8|9:9,704
461,2189,0.6961974649766511,4.0,4.0,0.0,4.0,154,victory,1,0,,0,62,52,0:0|0:1|0:2|1:2|2:0|2:1|2:2|2:4|2:5|2:6|2:7|2:8|3:0|3:1|3:2|3:3|3:4|3:8|4:1|4:2|4:4|4:5|4:6|4:7|4:8|4:9|5:5|5:6|5:7|5:8|6:3|6:5|6:6|6:7|6:8|6:9|7:2|7:3|7:4|7:5|7:6|7:7|7:8|7:9|8:2|8:3|8:4|8:9|9:2|9:3|9:8|9:9,704
462,2190,0.6955370246831221,4.0,4.0,0.0,4.0,74,victory,1,0,,0,30,30,0:0|0:1|1:1|1:2|2:2|2:4|2:5|2:6|2:7|2:8|3:2|3:3|3:4|3:8|4:2|4:3|4:4|4:7|4:8|5:7|6:6|6:7|6:8|6:9|7:7|7:8|7:9|8:9|9:8|9:9,704
463,2191,0.6948765843895931,4.0,4.0,0.0,4.0,170,victory,1,0,,0,50,45,0:0|0:1|0:2|0:4|0:5|0:6|0:9|1:2|1:5|1:6|1:7|1:8|1:9|2:2|2:4|2:5|2:6|2:7|2:8|2:9|3:1|3:2|3:4|3:8|3:9|4:2|4:3|4:4|4:5|4:6|4:7|4:8|5:5|5:6|5:7|5:8|6:5|6:6|6:7|6:8|6:9|7:9|8:9|9:8|9:9,704
464,2192,0.694216144096064,4.0,4.0,0.0,4.0,82,victory,1,0,,0,41,38,0:0|0:1|0:2|1:2|1:7|2:2|2:4|2:5|2:6|2:7|2:8|3:1|3:2|3:3|3:4|3:8|3:9|4:1|4:2|4:3|4:4|4:7|4:8|4:9|5:1|5:2|5:3|5:8|6:6|6:7|6:8|7:6|7:7|7:8|7:9|8:9|9:8|9:9,704
465,2193,0.6935557038025351,4.0,4.0,0.0,4.0,90,victory,1,0,,0,42,41,0:0|0:1|0:2|0:4|1:2|1:4|1:5|1:6|2:1|2:2|2:4|2:5|2:6|2:7|2:8|2:9|3:0|3:1|3:2|3:3|3:4|3:8|3:9|4:0|4:1|4:2|4:3|4:4|4:5|4:8|5:2|5:3|5:7|5:8|6:7|7:7|7:8|7:9|8:9|9:8|9:9,704
466,2194,0.692895263509006,4.0,4.0,0.0,4.0,119,victory,1,0,,0,54,46,0:0|0:1|0:2|0:5|0:6|0:7|1:0|1:1|1:4|1:5|1:7|2:1|2:2|2:4|2:5|2:6|2:7|2:8|2:9|3:1|3:2|3:4|3:8|3:9|4:2|4:3|4:4|4:5|4:6|4:7|4:8|5:3|5:5|5:6|5:7|5:8|5:9|6:5|6:6|6:7|6:9|7:5|7:9|8:9|9:8|9:9,704
467,2195,0.692234823215477,4.0,4.0,0.0,4.0,64,victory,1,0,,0,39,36,0:0|0:1|0:2|1:2|1:5|2:2|2:4|2:5|2:6|2:7|2:8|3:0|3:1|3:2|3:3|3:4|3:8|4:0|4:1|4:2|4:3|4:4|4:7|4:8|5:1|5:6|5:7|6:6|6:7|6:8|6:9|7:8|7:9|8:9|9:8|9:9,704
468,2196,0.6915743829219481,4.0,4.0,0.0,4.0,69,victory,1,0,,0,38,34,0:0|0:1|0:2|0:7|1:0|1:1|1:2|1:6|1:7|1:8|2:1|2:2|2:4|2:5|2:6|2:7|2:8|3:1|3:2|3:3|3:4|3:8|4:2|4:7|4:8|5:7|6:7|6:8|6:9|7:8|7:9|8:9|9:8|9:9,704
469,2197,0.690913942628419,4.0,4.0,0.0,4.0,44,victory,1,0,,0,31,31,0:0|0:1|0:2|1:0|1:1|1:2|2:1|2:4|2:5|2:6|2:7|2:8|3:1|3:4|3:8|4:1|4:2|4:3|4:4|4:6|4:7|4:8|5:7|5:8|6:7|6:8|7:8|7:9|8:9|9:8|9:9,704
470,2198,0.6902535023348899,4.0,4.0,0.0,4.0,157,victory,1,0,,0,43,40,0:0|0:1|0:2|0:5|0:6|0:7|1:2|1:4|1:5|1:6|1:7|1:8|2:1|2:2|2:4|2:5|2:6|2:7|2:8|3:1|3:2|3:3|3:4|3:8|4:0|4:1|4:2|4:3|4:4|4:7|4:8|5:3|5:7|6:7|6:8|7:8|7:9|8:9|9:8|9:9,704
471,2199,0.6895930620413608,4.0,4.0,0.0,4.0,132,victory,1,0,,0,48,45,0:0|0:1|0:2|1:0|1:1|1:2|1:5|1:6|1:7|1:8|2:1|2:2|2:4|2:5|2:6|2:7|2:8|2:9|3:2|3:3|3:4|3:8|4:1|4:2|4:3|4:4|4:5|4:6|4:7|4:8|5:3|5:5|5:6|5:7|5:8|6:6|6:7|6:8|6:9|7:7|7:8|7:9|8:9|9:8|9:9,704
472,2200,0.6889326217478319,4.0,4.0,0.0,4.0,104,victory,1,0,,0,44,42,0:0|0:1|0:2|0:7|1:2|1:7|1:8|1:9|2:2|2:4|2:5|2:6|2:7|2:8|3:2|3:4|3:8|4:2|4:3|4:4|4:5|4:7|4:8|4:9|5:5|5:6|5:7|5:8|5:9|6:5|6:6|6:7|6:8|6:9|7:5|7:6|7:7|7:8|7:9|8:9|9:8|9:9,704
473,2201,0.6882721814543029,4.0,4.0,0.0,4.0,96,victory,1,0,,0,43,42,0:0|0:1|0:2|0:6|0:7|1:0|1:1|1:2|1:6|1:7|1:8|2:2|2:4|2:5|2:6|2:7|2:8|2:9|3:2|3:3|3:4|3:8|3:9|4:2|4:3|4:4|4:7|4:8|4:9|5:5|5:6|5:7|6:5|6:6|6:7|6:8|6:9|7:8|7:9|8:9|9:8|9:9,704
474,2202,0.6876117411607738,4.0,4.0,0.0,4.0,83,victory,1,0,,0,44,41,0:0|0:1|0:2|1:0|1:1|1:2|1:6|1:8|2:2|2:4|2:5|2:6|2:7|2:8|3:2|3:3|3:4|3:8|3:9|4:2|4:3|4:7|4:8|4:9|5:5|5:6|5:7|5:9|6:5|6:6|6:7|6:8|6:9|7:5|7:6|7:7|7:8|7:9|8:9|9:8|9:9,704
475,2203,0.6869513008672448,4.0,4.0,0.0,4.0,142,victory,1,0,,0,52,47,0:0|0:1|0:2|0:4|0:5|0:6|1:2|1:4|1:5|1:6|1:8|1:9|2:2|2:4|2:5|2:6|2:7|2:8|2:9|3:2|3:3|3:4|3:8|3:9|4:2|4:3|4:4|4:5|4:6|4:7|4:8|4:9|5:6|5:7|5:8|5:9|6:6|6:7|6:8|6:9|7:6|7:7|7:8|7:9|8:9|9:8|9:9,704
476,2204,0.6862908605737158,4.0,4.0,0.0,4.0,96,victory,1,0,,0,47,44,0:0|0:1|0:2|0:4|0:5|1:1|1:2|1:4|1:5|2:1|2:2|2:4|2:5|2:6|2:7|2:8|3:1|3:2|3:3|3:4|3:8|4:2|4:3|4:4|4:5|4:6|4:7|4:8|5:5|5:6|5:7|5:8|6:5|6:6|6:7|6:8|7:4|7:5|7:6|7:8|7:9|8:9|9:8|9:9,704
477,2205,0.6856304202801868,4.0,4.0,0.0,4.0,95,victory,1,0,,0,42,39,0:0|0:1|0:2|1:2|1:4|1:5|2:2|2:4|2:5|2:6|2:7|2:8|3:2|3:3|3:4|3:8|3:9|4:0|4:1|4:2|4:3|4:6|4:7|4:8|5:1|5:2|5:3|5:6|5:7|5:8|6:3|6:6|6:7|6:8|7:8|7:9|8:9|9:8|9:9,704
478,2206,0.6849699799866578,4.0,4.0,0.0,4.0,117,victory,1,0,,0,47,43,0:0|0:1|0:8|1:0|1:1|1:2|1:4|1:6|1:8|2:0|2:2|2:4|2:5|2:6|2:7|2:8|3:2|3:3|3:4|3:8|3:9|4:2|4:3|4:4|4:5|4:6|4:7|4:8|5:3|5:5|5:6|5:7|5:8|5:9|6:5|6:7|6:8|6:9|7:8|7:9|8:9|9:8|9:9,704
479,2207,0.6843095396931287,4.0,4.0,0.0,4.0,80,victory,1,0,,0,35,34,0:0|0:1|0:2|0:8|0:9|1:2|1:5|1:7|1:8|2:1|2:2|2:4|2:5|2:6|2:7|2:8|3:2|3:3|3:4|3:8|4:2|4:3|4:4|4:5|4:7|4:8|5:7|6:7|6:8|7:8|7:9|8:9|9:8|9:9,704
480,2208,0.6836490993995997,4.0,4.0,0.0,4.0,119,victory,1,0,,0,46,39,0:0|0:1|0:2|0:6|0:7|0:8|1:2|1:4|1:5|1:6|1:7|1:8|2:2|2:4|2:5|2:6|2:7|2:8|2:9|3:2|3:3|3:4|3:8|3:9|4:2|4:3|4:7|4:8|5:6|5:7|5:8|6:6|6:7|6:8|6:9|7:9|8:9|9:8|9:9,704
481,2209,0.6829886591060708,4.0,4.0,0.0,4.0,86,victory,1,0,,0,39,37,0:0|0:1|0:2|0:4|0:5|0:7|0:8|1:2|1:4|1:5|1:7|1:8|2:2|2:4|2:5|2:6|2:7|2:8|3:2|3:3|3:4|3:8|4:2|4:3|4:4|4:8|5:2|5:6|5:7|5:8|6:7|6:8|6:9|7:9|8:9|9:8|9:9,704
482,2210,0.6823282188125417,4.0,4.0,0.0,4.0,90,victory,1,0,,0,40,34,0:0|0:1|0:8|0:9|1:1|1:2|1:8|1:9|2:2|2:4|2:5|2:6|2:7|2:8|2:9|3:2|3:3|3:4|3:8|4:2|4:7|4:8|4:9|5:7|5:8|5:9|6:7|6:8|7:7|7:8|7:9|8:9|9:8|9:9,704
483,2211,0.6816677785190127,4.0,4.0,0.0,4.0,104,victory,1,0,,0,38,36,0:0|0:1|0:6|1:1|1:4|1:6|1:7|2:1|2:4|2:5|2:6|2:7|2:8|3:1|3:2|3:3|3:4|3:8|3:9|4:2|4:3|4:4|4:7|4:8|4:9|5:3|5:7|6:6|6:7|6:8|7:7|7:8|7:9|8:9|9:8|9:9,704
484,2212,0.6810073382254836,4.0,4.0,0.0,4.0,76,victory,1,0,,0,34,33,0:0|0:1|0:2|0:4|1:1|1:2|1:4|1:5|2:1|2:2|2:4|2:5|2:6|2:7|2:8|3:2|3:3|3:4|3:8|4:2|4:3|4:4|4:7|4:8|5:7|5:8|6:7|6:8|7:8|7:9|8:9|9:8|9:9,704
485,2213,0.6803468979319547,4.0,4.0,0.0,4.0,105,victory,1,0,,0,51,40,0:0|0:1|0:4|0:9|1:0|1:1|1:2|1:4|1:8|1:9|2:2|2:4|2:5|2:6|2:7|2:8|2:9|3:2|3:3|3:4|3:8|3:9|4:2|4:3|4:4|4:7|4:8|4:9|5:6|5:7|5:8|5:9|6:7|6:8|6:9|7:8|7:9|8:9|9:8|9:9,704
486,2214,0.6796864576384256,4.0,4.0,0.0,4.0,77,victory,1,0,,0,41,37,0:0|0:1|0:2|0:5|1:1|1:2|1:4|1:5|1:6|1:7|2:2|2:4|2:5|2:6|2:7|2:8|3:2|3:3|3:4|3:8|4:2|4:3|4:4|4:7|4:8|5:7|5:8|5:9|6:7|6:8|6:9|7:7|7:8|7:9|8:9|9:8|9:9,704
487,2215,0.6790260173448965,4.0,4.0,0.0,4.0,94,victory,1,0,,0,47,43,0:0|0:1|0:2|1:0|1:1|1:2|1:7|1:8|1:9|2:1|2:2|2:4|2:5|2:6|2:7|2:8|2:9|3:1|3:2|3:3|3:4|3:8|3:9|4:2|4:6|4:7|4:8|4:9|5:2|5:6|5:7|5:8|5:9|6:5|6:6|6:7|6:8|6:9|7:8|7:9|8:9|9:8|9:9,704
488,2216,0.6783655770513677,4.0,4.0,0.0,4.0,136,victory,1,0,,0,45,42,0:0|0:1|1:0|1:1|1:2|1:5|1:6|1:7|2:0|2:1|2:2|2:4|2:5|2:6|2:7|2:8|3:2|3:3|3:4|3:8|3:9|4:2|4:3|4:4|4:6|4:7|4:8|5:3|5:6|5:7|6:5|6:6|6:7|6:8|6:9|7:6|7:7|7:8|7:9|8:9|9:8|9:9,704
489,2217,0.6777051367578386,4.0,4.0,0.0,4.0,89,victory,1,0,,0,41,41,0:0|0:1|0:2|0:4|0:9|1:2|1:4|1:5|1:8|1:9|2:2|2:4|2:5|2:6|2:7|2:8|2:9|3:2|3:4|3:8|3:9|4:2|4:3|4:4|4:7|4:8|5:2|5:3|5:7|5:8|5:9|6:7|6:8|6:9|7:6|7:7|7:8|7:9|8:9|9:8|9:9,704
490,2218,0.6770446964643095,4.0,4.0,0.0,4.0,123,victory,1,0,,0,51,49,0:0|0:1|0:2|0:5|0:6|0:7|0:8|1:2|1:4|1:5|1:6|1:7|1:8|1:9|2:2|2:4|2:5|2:6|2:7|2:8|2:9|3:2|3:4|3:8|3:9|4:2|4:3|4:4|4:5|4:6|4:7|4:8|5:1|5:2|5:3|5:5|5:6|5:7|6:3|6:6|6:7|6:8|6:9|7:6|7:8|7:9|8:9|9:8|9:9,704
491,2219,0.6763842561707805,4.0,4.0,0.0,4.0,77,victory,1,0,,0,38,36,0:0|0:1|0:2|1:2|1:6|1:7|1:8|2:2|2:4|2:5|2:6|2:7|2:8|3:2|3:3|3:4|3:8|4:0|4:1|4:2|4:3|4:4|4:8|5:2|5:7|5:8|6:5|6:6|6:7|6:8|6:9|7:5|7:9|8:9|9:8|9:9,704
492,2220,0.6757238158772515,4.0,4.0,0.0,4.0,146,victory,1,0,,0,53,42,0:0|0:1|0:2|1:1|1:2|1:6|2:1|2:2|2:4|2:5|2:6|2:7|2:8|3:2|3:3|3:4|3:8|3:9|4:2|4:3|4:4|4:5|4:6|4:7|4:8|4:9|5:5|5:6|5:7|5:8|5:9|6:6|6:7|6:8|6:9|7:6|7:7|7:8|7:9|8:9|9:8|9:9,704
493,2221,0.6750633755837225,4.0,4.0,0.0,4.0,117,victory,1,0,,0,49,41,0:0|0:1|0:2|0:6|0:7|0:8|0:9|1:2|1:5|1:6|1:7|1:8|1:9|2:2|2:4|2:5|2:6|2:7|2:8|2:9|3:2|3:3|3:4|3:8|4:2|4:4|4:7|4:8|4:9|5:2|5:7|5:8|5:9|6:7|6:8|6:9|7:8|7:9|8:9|9:8|9:9,704
494,2222,0.6744029352901935,4.0,4.0,0.0,4.0,111,victory,1,0,,0,50,39,0:0|0:2|1:0|1:1|1:2|1:5|1:7|2:2|2:4|2:5|2:6|2:7|2:8|2:9|3:2|3:3|3:4|3:8|3:9|4:2|4:3|4:4|4:7|4:8|4:9|5:7|5:8|5:9|6:6|6:7|6:8|6:9|7:6|7:7|7:8|7:9|8:9|9:8|9:9,704
495,2223,0.6737424949966644,4.0,4.0,0.0,4.0,73,victory,1,0,,0,44,39,0:0|0:1|0:2|0:6|0:7|0:8|1:1|1:2|1:4|1:5|1:6|1:7|1:8|2:1|2:2|2:4|2:5|2:6|2:7|2:8|3:1|3:2|3:4|3:8|4:1|4:2|4:3|4:4|4:8|5:8|6:7|6:8|6:9|7:7|7:8|7:9|8:9|9:8|9:9,704
496,2224,0.6730820547031354,4.0,4.0,0.0,4.0,53,victory,1,0,,0,33,29,0:0|0:1|0:2|1:0|1:1|1:2|2:2|2:4|2:5|2:6|2:7|2:8|3:2|3:3|3:4|3:8|4:2|4:3|4:4|4:8|5:7|5:8|6:7|6:8|6:9|7:9|8:9|9:8|9:9,704
497,2225,0.6724216144096065,4.0,4.0,0.0,4.0,137,victory,1,0,,0,51,46,0:0|0:1|0:5|0:6|0:7|0:8|0:9|1:1|1:2|1:4|1:5|1:6|1:7|1:8|1:9|2:1|2:2|2:4|2:5|2:6|2:7|2:8|2:9|3:0|3:1|3:2|3:3|3:4|3:8|3:9|4:2|4:3|4:4|4:7|4:8|4:9|5:7|5:8|6:7|6:8|7:7|7:8|7:9|8:9|9:8|9:9,704
498,2226,0.6717611741160774,4.0,4.0,0.0,4.0,70,victory,1,0,,0,34,34,0:0|1:0|1:4|2:0|2:4|2:5|2:6|2:7|2:8|3:0|3:1|3:2|3:3|3:4|3:8|4:0|4:1|4:2|4:3|4:4|4:5|4:7|4:8|5:3|5:7|6:6|6:7|7:6|7:7|7:8|7:9|8:9|9:8|9:9,704
499,2227,0.6711007338225483,4.0,4.0,0.0,4.0,89,victory,1,0,,0,45,41,0:0|0:1|0:2|1:2|2:2|2:4|2:5|2:6|2:7|2:8|3:0|3:1|3:2|3:3|3:4|3:8|3:9|4:0|4:1|4:2|4:3|4:5|4:6|4:7|4:8|4:9|5:0|5:1|5:2|5:3|5:6|5:7|5:8|6:7|6:8|7:7|7:8|7:9|8:9|9:8|9:9,704
500,2228,0.6704402935290193,4.0,4.0,0.0,4.0,75,victory,1,0,,0,39,36,0:0|0:1|0:2|1:1|1:2|1:4|1:5|1:6|2:2|2:4|2:5|2:6|2:7|2:8|3:2|3:3|3:4|3:8|3:9|4:2|4:3|4:7|4:8|5:6|5:7|6:6|6:7|6:8|6:9|7:6|7:7|7:8|7:9|8:9|9:8|9:9,704
501,2229,0.6697798532354904,4.0,4.0,0.0,4.0,130,victory,1,0,,0,46,42,0:0|0:1|0:2|1:0|1:1|1:2|2:0|2:1|2:2|2:4|2:5|2:6|2:7|2:8|2:9|3:2|3:3|3:4|3:8|4:2|4:3|4:4|4:5|4:6|4:7|4:8|4:9|5:6|5:7|5:8|5:9|6:6|6:7|6:8|6:9|7:6|7:7|7:8|7:9|8:9|9:8|9:9,704
502,2230,0.6691194129419613,4.0,4.0,0.0,4.0,121,victory,1,0,,0,50,45,0:0|0:1|0:2|0:4|0:7|1:0|1:1|1:2|1:4|1:7|1:8|2:2|2:4|2:5|2:6|2:7|2:8|3:1|3:2|3:3|3:4|3:8|4:1|4:2|4:3|4:4|4:5|4:6|4:8|4:9|5:1|5:2|5:5|5:6|5:7|5:8|6:7|6:8|6:9|7:7|7:8|7:9|8:9|9:8|9:9,704
503,2231,0.6684589726484322,4.0,4.0,0.0,4.0,79,victory,1,0,,0,38,36,0:0|0:1|0:2|0:8|1:0|1:1|1:2|1:7|1:8|1:9|2:2|2:4|2:5|2:6|2:7|2:8|2:9|3:2|3:4|3:8|3:9|4:2|4:3|4:4|4:8|5:7|5:8|5:9|6:7|6:8|6:9|7:8|7:9|8:9|9:8|9:9,704
504,2232,0.6677985323549033,4.0,4.0,0.0,4.0,111,victory,1,0,,0,45,43,0:0|0:8|1:0|1:1|1:2|1:8|1:9|2:0|2:1|2:2|2:4|2:5|2:6|2:7|2:8|2:9|3:0|3:1|3:2|3:3|3:4|3:8|3:9|4:2|4:3|4:4|4:6|4:7|4:8|5:3|5:5|5:6|5:7|5:8|6:6|6:7|6:8|7:7|7:8|7:9|8:9|9:8|9:9,704
505,2233,0.6671380920613743,4.0,4.0,0.0,4.0,173,victory,1,0,,0,64,54,0:0|0:7|0:8|0:9|1:0|1:1|1:2|1:6|1:7|1:8|1:9|2:1|2:2|2:4|2:5|2:6|2:7|2:8|2:9|3:0|3:1|3:2|3:3|3:4|3:8|4:0|4:1|4:2|4:3|4:4|4:5|4:6|4:7|4:8|5:0|5:1|5:3|5:5|5:6|5:7|5:8|6:5|6:6|6:7|6:8|6:9|7:4|7:5|7:6|7:7|7:9|8:9|9:8|9:9,704
506,2234,0.6664776517678452,4.0,4.0,0.0,4.0,104,victory,1,0,,0,42,41,0:0|0:1|0:2|1:1|1:2|1:7|1:8|1:9|2:2|2:4|2:5|2:6|2:7|2:8|2:9|3:1|3:2|3:4|3:8|4:2|4:3|4:4|4:6|4:7|4:8|5:1|5:2|5:3|5:6|5:7|5:8|6:6|6:7|6:8|7:6|7:7|7:8|7:9|8:9|9:8|9:9,704
507,2235,0.6658172114743162,4.0,4.0,0.0,4.0,89,victory,1,0,,0,47,44,0:0|0:1|0:2|0:4|0:5|0:6|1:2|1:4|1:5|1:6|1:8|1:9|2:2|2:4|2:5|2:6|2:7|2:8|2:9|3:2|3:3|3:4|3:8|4:1|4:2|4:3|4:5|4:6|4:7|4:8|5:2|5:5|5:6|5:7|6:5|6:6|6:7|6:8|7:7|7:8|7:9|8:9|9:8|9:9,704
508,2236,0.6651567711807872,4.0,4.0,0.0,4.0,159,victory,1,0,,0,63,49,0:0|0:1|0:2|0:4|0:5|0:6|0:7|0:8|1:1|1:2|1:4|1:5|1:6|1:7|1:8|2:1|2:2|2:4|2:5|2:6|2:7|2:8|3:1|3:2|3:3|3:4|3:8|3:9|4:2|4:3|4:4|4:6|4:7|4:8|5:5|5:6|5:7|6:5|6:6|6:7|6:8|7:5|7:6|7:7|7:8|7:9|8:9|9:8|9:9,704
509,2237,0.6644963308872582,4.0,4.0,0.0,4.0,146,victory,1,0,,0,47,42,0:0|0:1|0:2|0:6|1:2|1:6|2:2|2:4|2:5|2:6|2:7|2:8|2:9|3:2|3:4|3:8|3:9|4:2|4:3|4:4|4:5|4:6|4:7|4:8|4:9|5:5|5:6|5:7|5:8|5:9|6:6|6:7|6:8|6:9|7:5|7:6|7:7|7:8|7:9|8:9|9:8|9:9,704
510,2238,0.6638358905937292,4.0,4.0,0.0,4.0,59,victory,1,0,,0,39,37,0:0|0:1|0:2|1:1|1:2|1:5|2:1|2:2|2:4|2:5|2:6|2:7|2:8|2:9|3:0|3:1|3:2|3:4|3:9|4:2|4:3|4:4|4:5|4:8|4:9|5:2|5:7|5:8|5:9|6:7|6:8|6:9|7:8|7:9|8:9|9:8|9:9,704
511,2239,0.6631754503002001,4.0,4.0,0.0,4.0,105,victory,1,0,,0,47,41,0:0|0:1|0:2|1:0|1:1|1:2|1:8|1:9|2:2|2:4|2:5|2:6|2:7|2:8|3:1|3:2|3:3|3:4|3:8|3:9|4:0|4:1|4:2|4:3|4:4|4:5|4:6|4:7|4:8|5:0|5:1|5:2|5:3|5:7|6:7|7:7|7:8|7:9|8:9|9:8|9:9,704
512,2240,0.6625150100066711,4.0,4.0,0.0,4.0,90,victory,1,0,,0,42,37,0:0|0:1|0:2|1:2|2:2|2:4|2:5|2:6|2:7|2:8|3:1|3:2|3:4|3:8|4:2|4:3|4:4|4:5|4:6|4:7|4:8|4:9|5:5|5:6|5:7|5:8|5:9|6:5|6:6|6:7|6:8|6:9|7:8|7:9|8:9|9:8|9:9,704
513,2241,0.6618545697131422,4.0,4.0,0.0,4.0,83,victory,1,0,,0,41,40,0:0|0:1|0:7|1:0|1:2|1:7|1:8|2:0|2:1|2:2|2:4|2:5|2:6|2:7|2:8|3:0|3:2|3:4|3:8|3:9|4:1|4:2|4:3|4:4|4:6|4:7|4:8|5:2|5:3|5:6|5:7|5:8|5:9|6:7|6:8|7:8|7:9|8:9|9:8|9:9,704
514,2242,0.6611941294196131,4.0,4.0,0.0,4.0,78,victory,1,0,,0,38,37,0:0|0:1|0:2|1:0|1:1|1:2|1:4|1:5|2:2|2:4|2:5|2:6|2:7|2:8|2:9|3:2|3:3|3:4|3:8|3:9|4:2|4:3|4:4|4:6|4:7|4:8|4:9|5:3|5:6|5:7|6:7|6:8|7:8|7:9|8:9|9:8|9:9,704
515,2243,0.660533689126084,4.0,4.0,0.0,4.0,48,victory,1,0,,0,34,34,0:0|0:1|0:2|1:1|1:2|1:7|1:8|2:2|2:4|2:5|2:6|2:7|2:8|3:2|3:3|3:4|3:8|4:2|4:3|4:4|4:7|4:8|5:2|5:6|5:7|6:6|6:7|7:6|7:7|7:8|7:9|8:9|9:8|9:9,704
516,2244,0.659873248832555,4.0,4.0,0.0,4.0,79,victory,1,0,,0,41,39,0:0|0:1|0:2|0:8|0:9|1:2|1:8|1:9|2:1|2:2|2:4|2:5|2:6|2:7|2:8|2:9|3:1|3:2|3:3|3:4|3:8|4:0|4:1|4:2|4:8|4:9|5:0|5:1|5:2|5:7|5:8|5:9|6:7|6:8|7:8|7:9|8:9|9:8|9:9,704
517,2245,0.6592128085390261,4.0,4.0,0.0,4.0,93,victory,1,0,,0,41,39,0:0|0:1|0:2|1:0|1:1|1:2|1:6|1:7|2:2|2:4|2:5|2:6|2:7|2:8|3:2|3:3|3:4|3:8|3:9|4:2|4:3|4:4|4:8|4:9|5:1|5:2|5:6|5:7|5:8|5:9|6:7|6:8|6:9|7:7|7:8|7:9|8:9|9:8|9:9,704
518,2246,0.658552368245497,4.0,4.0,0.0,4.0,84,victory,1,0,,0,40,38,0:0|0:1|0:2|0:7|0:8|1:2|1:4|1:5|1:6|1:7|1:8|2:2|2:4|2:5|2:6|2:7|2:8|3:2|3:4|3:8|3:9|4:1|4:2|4:3|4:4|4:5|4:8|5:7|5:8|6:7|6:8|6:9|7:7|7:8|7:9|8:9|9:8|9:9,704
519,2247,0.6578919279519679,4.0,4.0,0.0,4.0,65,victory,1,0,,0,33,32,0:0|0:1|0:2|1:0|1:1|1:2|2:2|2:4|2:5|2:6|2:7|2:8|2:9|3:2|3:4|3:8|4:2|4:3|4:4|4:7|4:8|5:2|5:7|5:8|6:7|6:8|7:7|7:8|7:9|8:9|9:8|9:9,704
520,2248,0.657231487658439,4.0,4.0,0.0,4.0,105,victory,1,0,,0,46,44,0:0|0:1|0:2|1:0|1:1|1:2|1:4|1:5|1:6|2:0|2:1|2:2|2:4|2:5|2:6|2:7|2:8|2:9|3:1|3:2|3:3|3:4|3:8|4:2|4:3|4:4|4:7|4:8|4:9|5:3|5:7|5:8|5:9|6:6|6:7|6:8|6:9|7:6|7:7|7:8|7:9|8:9|9:8|9:9,704
521,2249,0.65657104736491,4.0,4.0,0.0,4.0,135,victory,1,0,,0,51,42,0:0|0:1|0:2|1:1|1:2|1:4|1:5|1:7|2:2|2:4|2:5|2:6|2:7|2:8|3:2|3:3|3:4|3:8|4:0|4:1|4:2|4:3|4:4|4:5|4:6|4:7|4:8|4:9|5:2|5:3|5:7|5:8|5:9|6:7|6:8|6:9|7:7|7:8|7:9|8:9|9:8|9:9,704
522,2250,0.6559106070713809,4.0,4.0,0.0,4.0,70,victory,1,0,,0,38,37,0:0|0:1|0:2|0:8|1:1|1:2|1:8|2:2|2:4|2:5|2:6|2:7|2:8|3:1|3:2|3:4|3:8|4:1|4:2|4:3|4:4|4:5|4:6|4:7|4:8|5:3|5:5|5:6|5:7|5:8|6:7|6:8|6:9|7:9|8:9|9:8|9:9,704
523,2251,0.6552501667778519,4.0,4.0,0.0,4.0,89,victory,1,0,,0,36,35,0:0|0:1|0:2|1:1|1:2|2:2|2:4|2:5|2:6|2:7|2:8|3:2|3:4|3:8|4:1|4:2|4:3|4:4|4:6|4:7|4:8|5:1|5:2|5:3|5:7|5:8|5:9|6:7|6:8|6:9|7:8|7:9|8:9|9:8|9:9,704
524,2252,0.6545897264843228,4.0,4.0,0.0,4.0,76,victory,1,0,,0,43,40,0:0|1:0|1:1|1:2|2:1|2:2|2:4|2:5|2:6|2:7|2:8|3:2|3:3|3:4|3:8|4:2|4:3|4:4|4:6|4:7|4:8|5:2|5:5|5:6|5:7|5:8|5:9|6:5|6:6|6:7|6:8|6:9|7:5|7:6|7:7|7:8|7:9|8:9|9:8|9:9,704
525,2253,0.6539292861907939,4.0,4.0,0.0,4.0,85,victory,1,0,,0,40,39,0:0|0:1|0:2|0:5|0:6|1:2|1:5|1:6|2:0|2:1|2:2|2:4|2:5|2:6|2:7|2:8|3:1|3:2|3:3|3:4|3:8|4:2|4:3|4:4|4:6|4:7|4:8|5:6|5:7|5:8|5:9|6:7|6:8|6:9|7:8|7:9|8:9|9:8|9:9,704
526,2254,0.6532688458972649,4.0,4.0,0.0,4.0,61,victory,1,0,,0,35,34,0:0|0:1|0:7|1:0|1:1|1:2|1:4|1:6|1:7|2:2|2:4|2:5|2:6|2:7|2:8|3:2|3:4|3:8|4:2|4:3|4:4|4:6|4:7|4:8|5:6|5:7|5:8|6:7|6:8|7:8|7:9|8:9|9:8|9:9,704
527,2255,0.6526084056037358,4.0,4.0,0.0,4.0,54,victory,1,0,,0,34,31,0:0|0:1|0:2|1:2|1:4|2:2|2:4|2:5|2:6|2:7|2:8|3:2|3:3|3:4|3:8|4:2|4:3|4:8|4:9|5:3|5:7|5:8|5:9|6:3|6:7|6:8|6:9|7:9|8:9|9:8|9:9,704
528,2256,0.6519479653102067,4.0,4.0,0.0,4.0,70,victory,1,0,,0,37,37,0:0|0:1|1:1|1:2|1:4|1:5|2:1|2:2|2:4|2:5|2:6|2:7|2:8|3:1|3:2|3:3|3:4|3:8|4:1|4:2|4:3|4:4|4:8|5:2|5:3|5:6|5:7|5:8|6:5|6:6|6:7|6:8|7:8|7:9|8:9|9:8|9:9,704
529,2257,0.6512875250166777,4.0,4.0,0.0,4.0,106,victory,1,0,,0,42,39,0:0|0:1|0:2|0:4|0:7|1:0|1:1|1:2|1:4|1:5|1:6|1:7|2:0|2:1|2:2|2:4|2:5|2:6|2:7|2:8|3:2|3:3|3:4|3:8|4:2|4:8|5:7|5:8|6:6|6:7|6:8|6:9|7:6|7:7|7:8|7:9|8:9|9:8|9:9,704
530,2258,0.6506270847231488,4.0,4.0,0.0,4.0,58,victory,1,0,,0,31,30,0:0|0:1|1:1|1:2|2:2|2:4|2:5|2:6|2:7|2:8|2:9|3:2|3:3|3:4|3:8|4:2|4:3|4:4|4:5|4:7|4:8|5:7|5:8|6:7|6:8|7:8|7:9|8:9|9:8|9:9,704
531,2259,0.6499666444296197,4.0,4.0,0.0,4.0,93,victory,1,0,,0,38,37,0:0|0:1|0:2|1:1|1:2|2:2|2:4|2:5|2:6|2:7|2:8|3:2|3:3|3:4|3:8|4:1|4:2|4:3|4:4|4:6|4:7|4:8|5:2|5:3|5:6|5:7|5:9|6:7|6:8|6:9|7:6|7:7|7:8|7:9|8:9|9:8|9:9,704
532,2260,0.6493062041360907,4.0,4.0,0.0,4.0,132,victory,1,0,,0,43,43,0:0|0:1|0:2|0:7|1:1|1:2|1:7|1:8|2:2|2:4|2:5|2:6|2:7|2:8|2:9|3:1|3:2|3:4|3:8|3:9|4:2|4:3|4:4|4:5|4:7|4:8|5:3|5:5|5:6|5:7|5:8|6:5|6:6|6:7|6:8|6:9|7:6|7:7|7:8|7:9|8:9|9:8|9:9,704
533,2261,0.6486457638425617,4.0,4.0,0.0,4.0,94,victory,1,0,,0,36,34,0:0|0:1|0:2|0:4|0:5|0:6|0:7|1:2|1:4|1:5|1:6|2:2|2:4|2:5|2:6|2:7|2:8|3:2|3:3|3:4|3:8|4:2|4:3|4:4|4:7|4:8|5:7|6:7|6:8|7:8|7:9|8:9|9:8|9:9,704
534,2262,0.6479853235490327,4.0,4.0,0.0,4.0,89,victory,1,0,,0,37,34,0:0|0:1|0:2|1:0|1:1|1:2|1:4|1:6|2:2|2:4|2:5|2:6|2:7|2:8|3:2|3:3|3:4|3:8|4:2|4:4|4:7|4:8|5:6|5:7|5:8|6:7|6:8|6:9|7:7|7:8|7:9|8:9|9:8|9:9,704
535,2263,0.6473248832555036,4.0,4.0,0.0,4.0,62,victory,1,0,,0,40,39,0:0|0:1|0:4|1:0|1:1|1:4|2:1|2:2|2:4|2:5|2:6|2:7|2:8|3:1|3:2|3:3|3:4|3:8|3:9|4:1|4:2|4:3|4:5|4:6|4:7|4:8|4:9|5:1|5:2|5:7|5:9|6:7|6:8|6:9|7:8|7:9|8:9|9:8|9:9,704
536,2264,0.6466644429619747,4.0,4.0,0.0,4.0,100,victory,1,0,,0,42,37,0:0|0:1|0:2|0:6|1:2|1:4|1:5|1:6|1:8|2:0|2:1|2:2|2:4|2:5|2:6|2:7|2:8|3:0|3:2|3:3|3:4|3:8|4:2|4:3|4:6|4:7|4:8|5:6|5:7|6:7|6:8|6:9|7:8|7:9|8:9|9:8|9:9,704
537,2265,0.6460040026684457,4.0,4.0,0.0,4.0,119,victory,1,0,,0,56,39,0:0|0:1|0:2|1:1|1:2|1:5|1:6|2:1|2:2|2:4|2:5|2:6|2:7|2:8|3:1|3:2|3:3|3:4|3:8|4:1|4:2|4:3|4:4|4:7|4:8|5:1|5:2|5:3|5:7|5:8|6:6|6:7|6:8|6:9|7:8|7:9|8:9|9:8|9:9,704
538,2266,0.6453435623749166,4.0,4.0,0.0,4.0,89,victory,1,0,,0,42,41,0:0|0:8|0:9|1:0|1:1|1:2|1:8|1:9|2:2|2:4|2:5|2:6|2:7|2:8|2:9|3:1|3:2|3:3|3:4|3:8|3:9|4:1|4:2|4:3|4:4|4:7|4:8|4:9|5:2|5:3|5:7|5:8|6:7|6:8|6:9|7:7|7:8|7:9|8:9|9:8|9:9,704
539,2267,0.6446831220813876,4.0,4.0,0.0,4.0,104,victory,1,0,,0,43,38,0:0|0:1|0:2|0:5|1:2|1:4|1:5|1:6|2:1|2:2|2:4|2:5|2:6|2:7|2:8|3:0|3:1|3:2|3:3|3:4|3:8|3:9|4:2|4:3|4:7|4:8|4:9|5:3|5:7|5:8|5:9|6:7|6:8|7:8|7:9|8:9|9:8|9:9,704
540,2268,0.6440226817878586,4.0,4.0,0.0,4.0,59,victory,1,0,,0,38,35,0:0|0:1|0:2|0:6|1:2|1:5|1:6|1:7|1:8|2:1|2:2|2:4|2:5|2:6|2:7|2:8|3:1|3:2|3:3|3:4|3:8|4:2|4:7|4:8|4:9|5:7|5:8|5:9|6:7|6:8|7:8|7:9|8:9|9:8|9:9,704
541,2269,0.6433622414943296,4.0,4.0,0.0,4.0,52,victory,1,0,,0,31,30,0:0|0:1|0:2|1:2|1:5|2:2|2:4|2:5|2:6|2:7|2:8|3:2|3:3|3:4|3:8|4:2|4:3|4:4|4:5|4:7|4:8|5:2|5:7|6:7|6:8|7:8|7:9|8:9|9:8|9:9,704
542,2270,0.6427018012008006,4.0,4.0,0.0,4.0,89,victory,1,0,,0,40,40,0:0|0:1|0:2|0:6|0:7|1:0|1:1|1:2|1:4|1:6|1:7|1:8|2:2|2:4|2:5|2:6|2:7|2:8|2:9|3:2|3:3|3:4|3:8|3:9|4:2|4:3|4:4|4:6|4:7|4:8|5:3|5:7|6:7|6:8|7:7|7:8|7:9|8:9|9:8|9:9,704
543,2271,0.6420413609072715,4.0,4.0,0.0,4.0,80,victory,1,0,,0,38,36,0:0|0:1|0:2|0:5|0:6|0:7|1:2|1:5|1:6|1:7|1:8|2:2|2:4|2:5|2:6|2:8|3:2|3:3|3:4|3:8|4:2|4:3|4:4|4:7|4:8|5:3|5:7|5:8|6:7|6:8|6:9|7:8|7:9|8:9|9:8|9:9,704
544,2272,0.6413809206137424,4.0,4.0,0.0,4.0,88,victory,1,0,,0,48,43,0:0|0:1|0:2|0:8|0:9|1:1|1:2|1:5|1:6|1:7|1:8|1:9|2:1|2:2|2:4|2:5|2:6|2:7|2:8|2:9|3:1|3:2|3:3|3:4|3:8|3:9|4:2|4:3|4:4|4:7|4:8|4:9|5:2|5:3|5:7|5:8|6:7|6:8|7:8|7:9|8:9|9:8|9:9,704
545,2273,0.6407204803202136,3.0,3.0,0.0,3.0,250,truncated,0,0,,1,46,46,0:0|0:1|0:2|1:1|1:2|2:1|2:2|3:0|3:1|3:2|4:2|4:3|4:4|4:5|4:6|5:5|5:6|5:7|6:3|6:6|6:7|6:8|7:0|7:1|7:2|7:3|7:4|7:7|7:8|7:9|8:0|8:1|8:2|8:3|8:4|8:9|9:0|9:1|9:2|9:3|9:4|9:5|9:6|9:7|9:8|9:9,704
546,2274,0.6400600400266845,4.0,4.0,0.0,4.0,78,victory,1,0,,0,41,38,0:0|0:1|0:2|1:0|1:1|1:2|1:5|1:6|2:1|2:2|2:4|2:5|2:6|2:7|2:8|3:1|3:2|3:3|3:4|3:8|4:2|4:3|4:6|4:7|4:8|5:7|5:8|6:6|6:7|6:8|6:9|7:6|7:7|7:8|7:9|8:9|9:8|9:9,704
547,2275,0.6393995997331554,4.0,4.0,0.0,4.0,95,victory,1,0,,0,44,43,0:0|0:1|1:1|1:4|2:1|2:2|2:4|2:5|2:6|2:7|2:8|3:2|3:3|3:4|3:8|3:9|4:2|4:3|4:4|4:5|4:8|4:9|5:7|5:8|6:7|6:8|7:2|7:3|7:4|7:5|7:6|7:7|7:8|7:9|8:2|8:3|8:4|8:9|9:2|9:3|9:4|9:8|9:9,704
548,2276,0.6387391594396263,4.0,4.0,0.0,4.0,88,victory,1,0,,0,44,40,0:0|0:1|0:2|0:5|1:2|1:5|1:6|1:7|1:8|2:2|2:4|2:5|2:6|2:7|2:8|3:1|3:2|3:3|3:4|3:8|4:2|4:3|4:5|4:6|4:7|4:8|5:2|5:3|5:5|5:6|5:7|5:8|6:6|6:7|6:8|7:8|7:9|8:9|9:8|9:9,704
549,2277,0.6380787191460974,4.0,4.0,0.0,4.0,91,victory,1,0,,0,39,36,0:0|0:1|1:1|1:4|1:5|1:6|2:0|2:1|2:2|2:4|2:6|2:7|2:8|3:2|3:3|3:4|3:8|4:0|4:1|4:2|4:3|4:4|4:7|4:8|5:2|5:3|5:7|6:7|6:8|6:9|7:7|7:8|7:9|8:9|9:8|9:9,704
550,2278,0.6374182788525684,4.0,4.0,0.0,4.0,120,victory,1,0,,0,45,43,0:0|0:1|0:2|0:7|0:8|0:9|1:0|1:2|1:4|1:7|1:8|1:9|2:2|2:4|2:5|2:6|2:7|2:8|2:9|3:1|3:2|3:3|3:4|3:8|3:9|4:2|4:3|4:7|4:8|4:9|5:2|5:3|5:5|5:6|5:7|5:8|6:7|6:8|7:8|7:9|8:9|9:8|9:9,704
551,2279,0.6367578385590393,4.0,4.0,0.0,4.0,140,victory,1,0,,0,53,50,0:0|0:2|0:4|0:5|0:6|0:7|0:8|1:0|1:1|1:2|1:4|1:5|1:8|2:0|2:1|2:2|2:4|2:5|2:6|2:7|2:8|2:9|3:0|3:1|3:2|3:3|3:4|3:8|3:9|4:1|4:2|4:3|4:6|4:7|4:8|4:9|5:1|5:2|5:6|5:7|5:8|5:9|6:7|6:8|6:9|7:8|7:9|8:9|9:8|9:9,704
552,2280,0.6360973982655104,4.0,4.0,0.0,4.0,67,victory,1,0,,0,37,36,0:0|0:1|0:2|1:2|1:5|2:2|2:4|2:5|2:6|2:7|2:8|3:0|3:1|3:2|3:3|3:4|3:8|3:9|4:0|4:1|4:2|4:3|4:7|4:8|4:9|5:2|5:3|5:6|5:7|6:7|7:7|7:8|7:9|8:9|9:8|9:9,704
553,2281,0.6354369579719813,4.0,4.0,0.0,4.0,110,victory,1,0,,0,43,42,0:0|0:1|0:2|0:4|0:5|0:6|0:7|1:1|1:2|1:4|1:5|1:6|1:7|1:8|2:0|2:1|2:2|2:4|2:5|2:6|2:7|2:8|3:0|3:1|3:2|3:4|3:8|4:2|4:3|4:4|4:5|4:7|4:8|5:7|6:7|6:8|6:9|7:8|7:9|8:9|9:8|9:9,704
554,2282,0.6347765176784523,4.0,4.0,0.0,4.0,86,victory,1,0,,0,51,49,0:0|0:1|0:2|1:1|1:2|1:7|2:0|2:1|2:2|2:4|2:5|2:6|2:7|2:8|2:9|3:0|3:1|3:2|3:3|3:4|3:8|3:9|4:2|4:3|4:4|4:5|4:6|4:7|4:8|4:9|5:2|5:3|5:5|5:6|5:7|5:8|5:9|6:3|6:5|6:6|6:7|6:8|6:9|7:5|7:8|7:9|8:9|9:8|9:9,704
555,2283,0.6341160773849233,4.0,4.0,0.0,4.0,94,victory,1,0,,0,44,39,0:0|0:1|0:2|0:8|1:2|1:5|1:6|1:8|2:1|2:2|2:4|2:5|2:6|2:7|2:8|3:1|3:2|3:4|3:8|4:1|4:2|4:3|4:4|4:7|4:8|4:9|5:2|5:7|5:8|5:9|6:7|6:8|6:9|7:7|7:8|7:9|8:9|9:8|9:9,704
556,2284,0.6334556370913943,4.0,4.0,0.0,4.0,65,victory,1,0,,0,33,30,0:0|1:0|1:1|1:2|1:4|2:2|2:4|2:5|2:6|2:7|2:8|3:2|3:3|3:4|3:8|4:1|4:2|4:3|4:4|4:7|4:8|5:7|6:7|6:8|6:9|7:8|7:9|8:9|9:8|9:9,704
557,2285,0.6327951967978653,4.0,4.0,0.0,4.0,130,victory,1,0,,0,46,42,0:0|0:1|0:2|1:1|1:2|1:4|1:5|1:6|1:8|2:1|2:2|2:4|2:5|2:6|2:7|2:8|3:1|3:2|3:3|3:4|3:8|4:2|4:3|4:4|4:5|4:6|4:7|4:8|4:9|5:5|5:6|5:7|5:8|5:9|6:7|6:8|6:9|7:8|7:9|8:9|9:8|9:9,704
558,2286,0.6321347565043363,4.0,4.0,0.0,4.0,94,victory,1,0,,0,43,41,0:0|0:1|0:2|1:1|1:2|1:6|1:7|1:8|2:1|2:2|2:4|2:5|2:6|2:7|2:8|2:9|3:0|3:1|3:2|3:3|3:4|3:8|3:9|4:1|4:2|4:3|4:4|4:7|4:8|5:3|5:7|6:3|6:6|6:7|6:8|7:7|7:8|7:9|8:9|9:8|9:9,704
559,2287,0.6314743162108072,4.0,4.0,0.0,4.0,55,victory,1,0,,0,37,34,0:0|0:1|0:2|1:1|1:2|1:4|1:5|1:6|1:7|2:2|2:4|2:5|2:6|2:7|2:8|3:2|3:4|3:8|4:2|4:3|4:4|4:7|4:8|5:6|5:7|5:8|5:9|6:7|6:9|7:8|7:9|8:9|9:8|9:9,704
560,2288,0.6308138759172781,4.0,4.0,0.0,4.0,70,victory,1,0,,0,37,33,0:0|0:1|0:2|1:1|1:2|1:4|2:1|2:4|2:5|2:6|2:7|2:8|3:1|3:2|3:3|3:4|3:8|4:2|4:3|4:4|4:5|4:8|5:5|5:7|5:8|5:9|6:7|6:8|6:9|7:9|8:9|9:8|9:9,704
561,2289,0.6301534356237493,4.0,4.0,0.0,4.0,105,victory,1,0,,0,50,43,0:0|0:1|0:2|1:0|1:1|1:2|2:0|2:1|2:2|2:4|2:5|2:6|2:7|2:8|2:9|3:0|3:1|3:2|3:3|3:4|3:8|3:9|4:1|4:2|4:4|4:6|4:7|4:8|4:9|5:1|5:7|5:8|5:9|6:7|6:8|6:9|7:6|7:7|7:8|7:9|8:9|9:8|9:9,704
562,2290,0.6294929953302202,4.0,4.0,0.0,4.0,83,victory,1,0,,0,37,36,0:0|0:1|0:2|1:0|1:1|1:2|1:8|2:1|2:2|2:4|2:5|2:6|2:7|2:8|3:2|3:3|3:4|3:8|3:9|4:2|4:3|4:7|4:8|5:2|5:3|5:6|5:7|5:8|6:7|6:8|6:9|7:8|7:9|8:9|9:8|9:9,704
563,2291,0.6288325550366911,4.0,4.0,0.0,4.0,98,victory,1,0,,0,42,38,0:0|0:1|0:2|1:0|1:1|1:2|1:6|2:1|2:2|2:4|2:5|2:6|2:7|2:8|2:9|3:2|3:3|3:4|3:8|3:9|4:2|4:3|4:4|4:6|4:7|4:8|5:7|6:6|6:7|6:8|6:9|7:6|7:7|7:8|7:9|8:9|9:8|9:9,704
564,2292,0.628172114743162,4.0,4.0,0.0,4.0,109,victory,1,0,,0,38,35,0:0|0:1|0:2|0:7|1:1|1:2|1:7|2:2|2:4|2:5|2:6|2:7|2:8|3:2|3:3|3:4|3:8|3:9|4:2|4:3|4:4|4:8|4:9|5:6|5:7|5:8|5:9|6:7|6:8|6:9|7:8|7:9|8:9|9:8|9:9,704
565,2293,0.6275116744496331,4.0,4.0,0.0,4.0,49,victory,1,0,,0,33,32,0:0|0:1|0:2|1:1|1:2|1:5|1:6|2:2|2:4|2:5|2:6|2:7|2:8|3:2|3:4|3:8|4:2|4:3|4:4|4:7|4:8|5:5|5:6|5:7|6:6|6:7|6:8|7:8|7:9|8:9|9:8|9:9,704
566,2294,0.6268512341561041,4.0,4.0,0.0,4.0,95,victory,1,0,,0,44,41,0:0|0:1|1:0|1:1|1:2|1:4|1:5|2:2|2:4|2:5|2:6|2:7|2:8|3:1|3:2|3:3|3:4|3:8|4:0|4:1|4:2|4:3|4:7|4:8|5:2|5:3|5:5|5:6|5:7|5:8|6:5|6:6|6:7|6:8|6:9|7:7|7:8|7:9|8:9|9:8|9:9,704
567,2295,0.626190793862575,4.0,4.0,0.0,4.0,40,victory,1,0,,0,29,28,0:0|0:1|1:1|2:1|2:2|2:4|2:5|2:6|2:7|2:8|3:2|3:4|3:8|4:2|4:3|4:4|4:7|4:8|5:2|5:7|5:8|6:7|6:8|7:8|7:9|8:9|9:8|9:9,704
568,2296,0.625530353569046,4.0,4.0,0.0,4.0,85,victory,1,0,,0,41,36,0:0|0:1|0:2|1:0|1:1|1:2|1:4|1:8|2:2|2:4|2:5|2:6|2:7|2:8|2:9|3:2|3:4|3:8|3:9|4:2|4:3|4:4|4:5|4:6|4:7|4:8|4:9|5:7|5:9|6:7|6:8|7:8|7:9|8:9|9:8|9:9,704
569,2297,0.624869913275517,4.0,4.0,0.0,4.0,74,victory,1,0,,0,35,34,0:0|0:1|0:2|1:2|1:8|1:9|2:2|2:4|2:5|2:6|2:7|2:8|2:9|3:2|3:3|3:4|3:8|3:9|4:2|4:3|4:4|4:5|4:8|5:6|5:7|5:8|5:9|6:7|6:8|7:8|7:9|8:9|9:8|9:9,704
570,2298,0.624209472981988,4.0,4.0,0.0,4.0,86,victory,1,0,,0,47,43,0:0|0:1|0:2|1:1|1:2|1:5|2:1|2:2|2:4|2:5|2:6|2:7|2:8|3:1|3:2|3:3|3:4|3:8|4:0|4:1|4:2|4:3|4:7|4:8|4:9|5:1|5:2|5:3|5:6|5:7|5:8|5:9|6:6|6:7|6:8|6:9|7:6|7:7|7:8|7:9|8:9|9:8|9:9,704
571,2299,0.623549032688459,4.0,4.0,0.0,4.0,113,victory,1,0,,0,42,40,0:0|0:8|1:0|1:1|1:2|1:4|1:5|1:8|2:2|2:4|2:5|2:6|2:7|2:8|3:1|3:2|3:4|3:8|4:1|4:2|4:3|4:4|4:7|4:8|5:0|5:1|5:2|5:3|5:6|5:7|5:8|6:6|6:7|6:8|7:7|7:8|7:9|8:9|9:8|9:9,704
572,2300,0.62288859239493,4.0,4.0,0.0,4.0,65,victory,1,0,,0,34,32,0:0|0:1|1:1|1:2|1:8|1:9|2:2|2:4|2:5|2:6|2:7|2:8|3:1|3:2|3:3|3:4|3:8|4:2|4:3|4:4|4:7|4:8|5:3|5:7|6:7|6:9|7:7|7:8|7:9|8:9|9:8|9:9,704
573,2301,0.6222281521014009,4.0,4.0,0.0,4.0,58,victory,1,0,,0,37,34,0:0|0:1|0:2|1:1|1:2|1:5|2:1|2:2|2:4|2:5|2:6|2:7|2:8|3:2|3:4|3:8|4:2|4:3|4:4|4:7|4:8|4:9|5:3|5:6|5:7|5:8|6:6|6:7|6:8|7:8|7:9|8:9|9:8|9:9,704
574,2302,0.621567711807872,4.0,4.0,0.0,4.0,83,victory,1,0,,0,44,41,0:0|0:1|0:2|0:4|0:5|0:6|1:1|1:2|1:4|1:5|1:6|2:1|2:2|2:4|2:5|2:6|2:7|2:8|3:2|3:3|3:4|3:8|4:2|4:3|4:4|4:6|4:7|4:8|5:3|5:6|5:7|6:5|6:6|6:7|6:8|7:7|7:8|7:9|8:9|9:8|9:9,704
575,2303,0.6209072715143429,4.0,4.0,0.0,4.0,70,victory,1,0,,0,35,34,0:0|0:1|0:2|1:2|1:4|1:5|1:6|2:2|2:4|2:6|2:7|2:8|3:2|3:4|3:8|3:9|4:2|4:3|4:4|4:5|4:7|4:8|5:5|5:7|5:9|6:7|6:8|6:9|7:7|7:8|7:9|8:9|9:8|9:9,704
576,2304,0.6202468312208138,4.0,4.0,0.0,4.0,85,victory,1,0,,0,40,36,0:0|0:1|0:2|1:1|1:2|1:6|1:7|2:2|2:4|2:5|2:6|2:7|2:8|3:2|3:4|3:8|4:1|4:2|4:3|4:4|4:7|4:8|5:6|5:7|5:8|5:9|6:6|6:7|6:8|6:9|7:7|7:8|7:9|8:9|9:8|9:9,704
577,2305,0.619586390927285,4.0,4.0,0.0,4.0,87,victory,1,0,,0,41,39,0:0|0:1|0:2|0:6|1:1|1:2|1:4|1:5|1:6|1:7|1:8|1:9|2:1|2:2|2:4|2:5|2:6|2:7|2:8|3:1|3:2|3:3|3:4|3:8|4:2|4:3|4:4|4:6|4:7|4:8|5:7|6:7|6:8|7:7|7:8|7:9|8:9|9:8|9:9,704
578,2306,0.6189259506337559,4.0,4.0,0.0,4.0,117,victory,1,0,,0,52,48,0:0|0:1|0:2|0:4|0:5|0:6|0:7|0:8|1:1|1:2|1:4|1:5|1:6|1:8|2:2|2:4|2:5|2:6|2:8|3:2|3:3|3:4|3:8|3:9|4:0|4:1|4:2|4:3|4:4|4:6|4:7|4:8|4:9|5:0|5:1|5:2|5:3|5:5|5:6|5:7|5:8|5:9|6:7|6:9|7:9|8:9|9:8|9:9,704
579,2307,0.6182655103402268,4.0,4.0,0.0,4.0,106,victory,1,0,,0,50,46,0:0|0:1|0:2|0:8|0:9|1:1|1:2|1:4|1:5|1:6|1:8|1:9|2:1|2:2|2:4|2:5|2:6|2:7|2:8|2:9|3:2|3:3|3:4|3:8|4:1|4:2|4:3|4:4|4:7|4:8|4:9|5:1|5:2|5:7|5:8|5:9|6:6|6:7|6:8|6:9|7:7|7:8|7:9|8:9|9:8|9:9,704
580,2308,0.6176050700466977,4.0,4.0,0.0,4.0,141,victory,1,0,,0,58,55,0:0|0:1|0:2|0:4|0:5|0:6|0:7|0:8|0:9|1:0|1:1|1:2|1:5|1:6|1:7|1:8|1:9|2:1|2:2|2:4|2:5|2:6|2:7|2:8|2:9|3:0|3:1|3:2|3:3|3:4|3:8|4:0|4:1|4:2|4:3|4:4|4:7|4:8|5:0|5:1|5:7|5:8|5:9|6:5|6:7|6:8|6:9|7:5|7:6|7:7|7:8|7:9|8:9|9:8|9:9,704
581,2309,0.6169446297531688,4.0,4.0,0.0,4.0,76,victory,1,0,,0,35,34,0:0|0:1|0:2|0:6|0:7|1:2|1:6|1:7|2:2|2:4|2:5|2:6|2:7|2:8|2:9|3:2|3:4|3:8|3:9|4:2|4:3|4:4|4:7|4:8|4:9|5:7|5:9|6:7|6:8|6:9|7:9|8:9|9:8|9:9,704
582,2310,0.6162841894596398,4.0,4.0,0.0,4.0,121,victory,1,0,,0,47,43,0:0|0:1|0:2|0:4|1:2|1:4|1:9|2:2|2:4|2:5|2:6|2:7|2:8|2:9|3:1|3:2|3:3|3:4|3:8|3:9|4:1|4:2|4:3|4:4|4:5|4:6|4:7|4:8|5:0|5:1|5:2|5:5|5:6|5:7|5:8|6:7|6:8|6:9|7:8|7:9|8:9|9:8|9:9,704
583,2311,0.6156237491661107,4.0,4.0,0.0,4.0,107,victory,1,0,,0,40,40,0:0|0:1|0:2|0:4|0:5|1:2|1:4|1:5|1:6|2:1|2:2|2:4|2:5|2:6|2:7|2:8|3:1|3:2|3:3|3:4|3:8|4:2|4:3|4:4|4:5|4:7|4:8|5:0|5:1|5:2|5:3|5:7|5:8|6:7|6:8|7:8|7:9|8:9|9:8|9:9,704
584,2312,0.6149633088725817,4.0,4.0,0.0,4.0,82,victory,1,0,,0,39,37,0:0|0:1|0:2|1:2|1:4|2:1|2:2|2:4|2:5|2:6|2:7|2:8|3:1|3:2|3:3|3:4|3:8|4:2|4:3|4:4|4:5|4:6|4:7|4:8|5:5|5:6|5:7|6:6|6:7|6:8|7:6|7:7|7:8|7:9|8:9|9:8|9:9,704
585,2313,0.6143028685790527,4.0,4.0,0.0,4.0,74,victory,1,0,,0,38,37,0:0|0:1|0:8|1:1|1:2|1:5|1:6|1:7|1:8|2:2|2:4|2:5|2:6|2:7|2:8|3:1|3:2|3:3|3:4|3:8|4:1|4:2|4:3|4:7|4:8|4:9|5:1|5:2|5:7|6:7|6:8|6:9|7:8|7:9|8:9|9:8|9:9,704
586,2314,0.6136424282855237,4.0,4.0,0.0,4.0,70,victory,1,0,,0,40,38,0:0|0:1|0:7|1:0|1:1|1:2|1:7|2:2|2:4|2:5|2:6|2:7|2:8|3:2|3:3|3:4|3:8|4:2|4:3|4:4|4:5|4:6|4:7|4:8|5:6|5:7|5:8|6:5|6:6|6:7|6:8|7:5|7:6|7:8|7:9|8:9|9:8|9:9,704
587,2315,0.6129819879919947,4.0,4.0,0.0,4.0,85,victory,1,0,,0,44,41,0:0|0:1|0:5|0:6|1:0|1:1|1:2|1:4|1:5|1:6|1:7|2:0|2:1|2:2|2:4|2:5|2:6|2:7|2:8|3:1|3:2|3:4|3:8|4:2|4:3|4:4|4:5|4:6|4:7|4:8|5:6|5:7|5:8|6:6|6:7|6:8|6:9|7:9|8:9|9:8|9:9,704
588,2316,0.6123215476984656,4.0,4.0,0.0,4.0,114,victory,1,0,,0,47,40,0:0|0:1|0:2|0:6|1:0|1:1|1:2|1:6|1:7|2:1|2:2|2:4|2:5|2:6|2:7|2:8|3:1|3:2|3:3|3:4|3:8|4:2|4:3|4:4|4:5|4:7|4:8|5:6|5:7|5:8|6:6|6:7|6:8|7:6|7:7|7:8|7:9|8:9|9:8|9:9,704
589,2317,0.6116611074049366,4.0,4.0,0.0,4.0,48,victory,1,0,,0,30,30,0:0|1:0|1:1|1:2|1:8|2:2|2:4|2:5|2:6|2:7|2:8|2:9|3:2|3:4|3:8|3:9|4:2|4:3|4:4|4:7|4:8|5:6|5:7|6:7|6:8|7:8|7:9|8:9|9:8|9:9,704
590,2318,0.6110006671114077,4.0,4.0,0.0,4.0,89,victory,1,0,,0,35,33,0:0|0:1|0:2|1:1|1:2|1:6|1:7|2:1|2:2|2:4|2:5|2:6|2:7|2:8|3:1|3:2|3:3|3:4|3:8|4:2|4:3|4:4|4:7|4:8|5:7|6:7|6:8|7:7|7:8|7:9|8:9|9:8|9:9,704
591,2319,0.6103402268178786,4.0,4.0,0.0,4.0,66,victory,1,0,,0,37,35,0:0|0:2|1:0|1:1|1:2|1:4|1:5|1:6|2:2|2:4|2:5|2:6|2:7|2:8|3:2|3:3|3:4|3:8|3:9|4:2|4:4|4:7|4:8|4:9|5:6|5:7|5:8|6:7|6:8|7:7|7:8|7:9|8:9|9:8|9:9,704
592,2320,0.6096797865243496,4.0,4.0,0.0,4.0,54,victory,1,0,,0,32,32,0:0|0:2|1:0|1:1|1:2|1:5|2:1|2:2|2:4|2:5|2:6|2:7|2:8|3:2|3:4|3:8|4:1|4:2|4:3|4:4|4:8|5:7|5:8|5:9|6:7|6:8|6:9|7:8|7:9|8:9|9:8|9:9,704
593,2321,0.6090193462308205,4.0,4.0,0.0,4.0,57,victory,1,0,,0,34,33,0:0|1:0|1:1|1:2|2:0|2:1|2:2|2:4|2:5|2:6|2:7|2:8|3:1|3:2|3:4|3:8|4:1|4:2|4:3|4:4|4:7|4:8|5:6|5:7|6:7|6:8|6:9|7:7|7:8|7:9|8:9|9:8|9:9,704
594,2322,0.6083589059372916,4.0,4.0,0.0,4.0,91,victory,1,0,,0,38,38,0:0|0:4|0:5|0:6|0:7|1:0|1:1|1:4|1:5|1:6|2:1|2:2|2:4|2:6|2:7|2:8|3:2|3:4|3:8|3:9|4:2|4:3|4:4|4:7|4:8|4:9|5:7|5:8|5:9|6:7|6:8|6:9|7:7|7:8|7:9|8:9|9:8|9:9,704
595,2323,0.6076984656437625,4.0,4.0,0.0,4.0,71,victory,1,0,,0,36,33,0:0|0:1|0:2|1:2|1:5|1:6|2:2|2:4|2:5|2:6|2:7|2:8|3:2|3:3|3:4|3:8|4:2|4:3|4:4|4:7|4:8|4:9|5:2|5:7|5:8|6:7|6:8|7:7|7:8|7:9|8:9|9:8|9:9,704
596,2324,0.6070380253502334,4.0,4.0,0.0,4.0,60,victory,1,0,,0,36,36,0:0|0:1|0:2|1:2|1:4|2:0|2:1|2:2|2:4|2:5|2:6|2:7|2:8|2:9|3:1|3:2|3:3|3:4|3:8|4:2|4:3|4:4|4:5|4:7|4:8|5:5|5:7|5:8|5:9|6:7|6:8|7:8|7:9|8:9|9:8|9:9,704
597,2325,0.6063775850567046,4.0,4.0,0.0,4.0,124,victory,1,0,,0,47,42,0:0|0:1|0:2|0:4|1:2|1:4|1:5|1:6|1:7|1:8|2:2|2:4|2:5|2:6|2:7|2:8|2:9|3:2|3:3|3:4|3:8|3:9|4:1|4:2|4:4|4:5|4:7|4:8|4:9|5:7|5:8|5:9|6:7|6:8|6:9|7:6|7:7|7:8|7:9|8:9|9:8|9:9,704
598,2326,0.6057171447631755,4.0,4.0,0.0,4.0,131,victory,1,0,,0,49,44,0:0|0:1|0:2|1:0|1:1|1:2|1:8|2:1|2:2|2:4|2:5|2:6|2:7|2:8|3:2|3:3|3:4|3:8|4:0|4:1|4:2|4:3|4:4|4:5|4:6|4:7|4:8|5:0|5:1|5:2|5:3|5:5|5:7|5:8|6:5|6:6|6:7|6:8|7:7|7:8|7:9|8:9|9:8|9:9,704
599,2327,0.6050567044696464,4.0,4.0,0.0,4.0,97,victory,1,0,,0,46,42,0:0|0:2|0:5|0:6|1:0|1:1|1:2|1:5|1:6|2:2|2:4|2:5|2:6|2:7|2:8|3:2|3:4|3:8|4:2|4:3|4:4|4:5|4:6|4:7|4:8|4:9|5:5|5:6|5:7|5:8|5:9|6:6|6:7|6:8|6:9|7:6|7:7|7:8|7:9|8:9|9:8|9:9,704
600,2328,0.6043962641761174,4.0,4.0,0.0,4.0,61,victory,1,0,,0,37,35,0:0|0:1|0:2|0:7|1:2|1:5|1:7|2:2|2:4|2:5|2:6|2:7|2:8|3:2|3:3|3:4|3:8|4:1|4:2|4:3|4:4|4:7|4:8|5:7|5:8|5:9|6:7|6:8|6:9|7:7|7:8|7:9|8:9|9:8|9:9,704
601,2329,0.6037358238825884,4.0,4.0,0.0,4.0,50,victory,1,0,,0,34,33,0:0|0:1|0:2|1:0|1:1|1:2|1:5|1:6|1:7|2:1|2:2|2:4|2:5|2:6|2:7|2:8|3:2|3:4|3:8|4:1|4:2|4:3|4:4|4:7|4:8|5:7|6:7|6:8|7:8|7:9|8:9|9:8|9:9,704
602,2330,0.6030753835890594,4.0,4.0,0.0,4.0,103,victory,1,0,,0,41,40,0:0|0:2|0:7|0:8|0:9|1:0|1:1|1:2|1:7|1:8|1:9|2:2|2:4|2:5|2:6|2:7|2:8|2:9|3:2|3:3|3:4|3:8|4:2|4:3|4:6|4:7|4:8|5:2|5:3|5:7|5:8|5:9|6:7|6:8|7:7|7:8|7:9|8:9|9:8|9:9,704
603,2331,0.6024149432955304,4.0,4.0,0.0,4.0,95,victory,1,0,,0,50,49,0:0|0:1|0:2|0:5|1:2|1:5|2:0|2:1|2:2|2:4|2:5|2:6|2:7|2:8|3:0|3:1|3:2|3:3|3:4|3:8|4:2|4:3|4:4|4:5|4:7|4:8|5:3|5:5|5:7|5:8|5:9|6:3|6:5|6:7|6:8|6:9|7:2|7:3|7:4|7:5|7:7|7:8|7:9|8:3|8:4|8:9|9:4|9:8|9:9,704
604,2332,0.6017545030020013,4.0,4.0,0.0,4.0,38,victory,1,0,,0,29,29,0:0|0:1|0:2|1:2|1:6|1:7|2:2|2:4|2:5|2:6|2:7|2:8|3:2|3:4|3:8|4:2|4:3|4:4|4:7|4:8|5:7|6:7|6:8|6:9|7:8|7:9|8:9|9:8|9:9,704
605,2333,0.6010940627084723,4.0,4.0,0.0,4.0,47,victory,1,0,,0,33,33,0:0|0:1|0:2|0:5|1:2|1:5|1:7|2:2|2:4|2:5|2:6|2:7|2:8|3:2|3:4|3:8|4:2|4:3|4:4|4:5|4:8|5:2|5:3|5:6|5:7|5:8|6:7|7:7|7:8|7:9|8:9|9:8|9:9,704
606,2334,0.6004336224149434,4.0,4.0,0.0,4.0,57,victory,1,0,,0,37,36,0:0|0:1|1:1|1:2|2:2|2:4|2:5|2:6|2:7|2:8|3:0|3:1|3:2|3:4|3:8|4:0|4:1|4:2|4:3|4:4|4:7|4:8|4:9|5:1|5:2|5:3|5:7|6:7|6:8|6:9|7:7|7:8|7:9|8:9|9:8|9:9,704
607,2335,0.5997731821214143,4.0,4.0,0.0,4.0,67,victory,1,0,,0,41,39,0:0|0:1|0:2|0:4|0:5|0:6|1:1|1:2|1:4|1:5|1:6|2:1|2:2|2:4|2:5|2:6|2:7|2:8|2:9|3:1|3:2|3:3|3:4|3:8|4:2|4:3|4:4|4:7|4:8|4:9|5:7|5:8|6:7|6:8|7:8|7:9|8:9|9:8|9:9,704
608,2336,0.5991127418278852,4.0,4.0,0.0,4.0,41,victory,1,0,,0,30,29,0:0|0:1|0:2|1:2|2:2|2:4|2:5|2:6|2:7|2:8|3:2|3:3|3:4|3:8|4:2|4:3|4:4|4:6|4:7|4:8|5:8|6:7|6:8|7:7|7:8|7:9|8:9|9:8|9:9,704
609,2337,0.5984523015343562,4.0,4.0,0.0,4.0,55,victory,1,0,,0,41,34,0:0|0:1|1:0|1:1|1:2|2:2|2:4|2:5|2:6|2:7|2:8|2:9|3:1|3:2|3:3|3:4|3:8|4:1|4:2|4:3|4:4|4:5|4:8|5:1|5:8|6:7|6:8|6:9|7:7|7:8|7:9|8:9|9:8|9:9,704
610,2338,0.5977918612408273,4.0,4.0,0.0,4.0,80,victory,1,0,,0,46,41,0:0|0:1|0:2|0:4|0:5|1:0|1:1|1:2|1:4|1:5|1:8|2:2|2:4|2:5|2:6|2:7|2:8|3:1|3:2|3:3|3:4|3:8|4:0|4:1|4:2|4:3|4:4|4:5|4:6|4:7|4:8|5:5|5:6|5:7|6:7|7:7|7:8|7:9|8:9|9:8|9:9,704
611,2339,0.5971314209472982,4.0,4.0,0.0,4.0,72,victory,1,0,,0,36,34,0:0|0:1|0:2|1:2|1:5|1:6|1:8|2:2|2:4|2:5|2:6|2:7|2:8|2:9|3:2|3:3|3:4|3:8|3:9|4:1|4:2|4:3|4:7|4:8|5:2|5:6|5:7|6:7|7:7|7:8|7:9|8:9|9:8|9:9,704
612,2340,0.5964709806537691,4.0,4.0,0.0,4.0,42,victory,1,0,,0,31,31,0:0|1:0|1:1|1:5|1:6|2:1|2:2|2:4|2:5|2:6|2:7|2:8|2:9|3:2|3:3|3:4|3:8|3:9|4:2|4:3|4:4|4:8|5:7|5:8|6:7|6:8|7:8|7:9|8:9|9:8|9:9,704
613,2341,0.5958105403602402,4.0,4.0,0.0,4.0,60,victory,1,0,,0,33,33,0:0|0:1|0:2|1:2|1:6|1:7|2:1|2:2|2:4|2:5|2:6|2:7|2:8|2:9|3:2|3:3|3:4|3:8|3:9|4:2|4:3|4:4|4:7|4:8|4:9|5:7|6:7|7:7|7:8|7:9|8:9|9:8|9:9,704
614,2342,0.5951501000667112,4.0,4.0,0.0,4.0,85,victory,1,0,,0,41,39,0:0|0:1|0:2|0:7|1:2|1:6|1:7|1:8|1:9|2:2|2:4|2:5|2:6|2:7|2:8|2:9|3:2|3:3|3:4|3:8|3:9|4:2|4:6|4:7|4:8|4:9|5:6|5:7|6:6|6:7|6:8|7:5|7:6|7:7|7:8|7:9|8:9|9:8|9:9,704
615,2343,0.5944896597731821,4.0,4.0,0.0,4.0,63,victory,1,0,,0,39,36,0:0|0:1|0:2|1:0|1:1|1:2|1:4|1:5|2:0|2:1|2:2|2:4|2:5|2:6|2:7|2:8|3:1|3:2|3:3|3:4|3:8|3:9|4:2|4:3|4:4|4:7|4:8|5:7|6:7|6:8|7:7|7:8|7:9|8:9|9:8|9:9,704
616,2344,0.5938292194796531,4.0,4.0,0.0,4.0,72,victory,1,0,,0,34,34,0:0|0:1|0:2|1:2|1:4|2:2|2:4|2:5|2:6|2:7|2:8|3:2|3:3|3:4|3:8|3:9|4:2|4:3|4:4|4:8|4:9|5:1|5:2|5:3|5:7|5:8|6:3|6:7|6:8|7:8|7:9|8:9|9:8|9:9,704
617,2345,0.593168779186124,4.0,4.0,0.0,4.0,95,victory,1,0,,0,41,38,0:0|0:1|0:2|1:2|1:5|1:6|1:7|2:2|2:4|2:5|2:6|2:7|2:8|3:0|3:1|3:2|3:3|3:4|3:8|3:9|4:0|4:1|4:2|4:3|4:4|4:5|4:7|4:8|4:9|5:3|5:7|6:7|7:7|7:8|7:9|8:9|9:8|9:9,704
618,2346,0.5925083388925951,4.0,4.0,0.0,4.0,72,victory,1,0,,0,31,31,0:0|0:1|0:2|1:2|2:2|2:4|2:5|2:6|2:7|2:8|2:9|3:2|3:3|3:4|3:8|3:9|4:2|4:3|4:4|4:7|4:8|5:7|5:8|6:7|6:8|6:9|7:8|7:9|8:9|9:8|9:9,704
619,2347,0.5918478985990661,4.0,4.0,0.0,4.0,68,victory,1,0,,0,33,30,0:0|0:1|0:2|1:2|1:7|1:8|2:1|2:2|2:4|2:5|2:6|2:7|2:8|3:2|3:3|3:4|3:8|4:2|4:3|4:4|4:7|4:8|5:7|6:7|6:8|7:8|7:9|8:9|9:8|9:9,704
620,2348,0.591187458305537,4.0,4.0,0.0,4.0,89,victory,1,0,,0,45,40,0:0|0:6|0:7|1:0|1:6|1:7|2:0|2:1|2:2|2:4|2:5|2:6|2:7|2:8|3:2|3:3|3:4|3:8|4:2|4:3|4:4|4:7|4:8|5:0|5:1|5:2|5:3|5:8|5:9|6:3|6:7|6:8|6:9|7:3|7:8|7:9|8:3|8:9|9:8|9:9,704
621,2349,0.590527018012008,4.0,4.0,0.0,4.0,51,victory,1,0,,0,34,31,0:0|0:1|0:2|1:2|1:5|1:7|2:2|2:4|2:5|2:6|2:7|2:8|2:9|3:2|3:3|3:4|3:8|4:2|4:6|4:7|4:8|5:6|5:7|6:6|6:7|6:8|7:8|7:9|8:9|9:8|9:9,704
622,2350,0.589866577718479,4.0,4.0,0.0,4.0,76,victory,1,0,,0,43,41,0:0|0:1|0:4|0:5|0:6|1:1|1:2|1:4|1:5|1:6|1:7|2:2|2:4|2:5|2:6|2:7|2:8|3:1|3:2|3:3|3:4|3:8|4:1|4:2|4:3|4:4|4:6|4:7|4:8|5:5|5:6|5:7|5:8|5:9|6:7|6:8|6:9|7:9|8:9|9:8|9:9,704
623,2351,0.58920613742495,4.0,4.0,0.0,4.0,47,victory,1,0,,0,33,31,0:0|1:0|1:1|1:2|1:5|1:6|1:7|1:8|2:2|2:4|2:5|2:6|2:7|2:8|3:1|3:2|3:3|3:4|3:8|4:2|4:7|4:8|5:7|6:7|6:8|7:7|7:8|7:9|8:9|9:8|9:9,704
624,2352,0.5885456971314209,4.0,4.0,0.0,4.0,61,victory,1,0,,0,37,35,0:0|0:1|0:2|1:2|2:0|2:1|2:2|2:4|2:5|2:6|2:7|2:8|3:0|3:3|3:4|3:8|4:0|4:1|4:2|4:3|4:4|4:5|4:8|4:9|5:1|5:7|5:8|5:9|6:7|6:8|6:9|7:9|8:9|9:8|9:9,704
625,2353,0.587885256837892,4.0,4.0,0.0,4.0,78,victory,1,0,,0,46,41,0:0|0:1|0:2|0:7|0:8|0:9|1:0|1:1|1:2|1:4|1:5|1:6|1:7|1:8|1:9|2:1|2:2|2:4|2:5|2:6|2:7|2:8|3:1|3:2|3:3|3:4|3:8|4:2|4:8|4:9|5:7|5:8|5:9|6:7|6:8|7:7|7:8|7:9|8:9|9:8|9:9,704
626,2354,0.587224816544363,4.0,4.0,0.0,4.0,70,victory,1,0,,0,35,35,0:0|0:1|0:2|1:0|1:1|1:2|1:6|2:2|2:4|2:5|2:6|2:7|2:8|3:1|3:2|3:3|3:4|3:8|4:2|4:3|4:6|4:7|4:8|4:9|5:7|5:8|5:9|6:7|6:8|6:9|7:8|7:9|8:9|9:8|9:9,704
627,2355,0.5865643762508339,4.0,4.0,0.0,4.0,54,victory,1,0,,0,33,28,0:0|0:1|0:2|1:1|1:2|1:7|2:2|2:4|2:5|2:6|2:7|2:8|3:2|3:3|3:4|3:8|4:2|4:7|4:8|5:7|5:8|6:7|6:8|7:8|7:9|8:9|9:8|9:9,704
628,2356,0.5859039359573048,4.0,4.0,0.0,4.0,60,victory,1,0,,0,32,31,0:0|0:1|0:2|1:2|2:2|2:4|2:5|2:6|2:7|2:8|3:2|3:4|3:8|4:2|4:3|4:4|4:5|4:8|5:3|5:7|5:8|5:9|6:5|6:6|6:7|6:8|6:9|7:9|8:9|9:8|9:9,704
629,2357,0.5852434956637759,4.0,4.0,0.0,4.0,77,victory,1,0,,0,42,39,0:0|0:1|0:2|1:0|1:1|1:2|1:4|2:2|2:4|2:5|2:6|2:7|2:8|2:9|3:1|3:2|3:3|3:4|3:8|3:9|4:1|4:2|4:3|4:4|4:7|4:8|5:0|5:1|5:2|5:7|6:6|6:7|6:8|7:7|7:8|7:9|8:9|9:8|9:9,704
630,2358,0.5845830553702469,4.0,4.0,0.0,4.0,75,victory,1,0,,0,38,35,0:0|0:1|0:2|1:2|1:8|1:9|2:2|2:4|2:5|2:6|2:7|2:8|2:9|3:2|3:4|3:8|4:2|4:3|4:4|4:8|5:7|5:8|6:6|6:7|6:8|7:4|7:5|7:6|7:7|7:8|7:9|8:4|8:9|9:8|9:9,704
631,2359,0.5839226150767178,4.0,4.0,0.0,4.0,105,victory,1,0,,0,39,35,0:0|0:1|0:2|1:2|1:4|2:2|2:4|2:5|2:6|2:7|2:8|2:9|3:2|3:4|3:8|4:2|4:3|4:4|4:7|4:8|4:9|5:5|5:6|5:7|5:8|5:9|6:7|6:8|6:9|7:7|7:8|7:9|8:9|9:8|9:9,704
632,2360,0.5832621747831888,4.0,4.0,0.0,4.0,81,victory,1,0,,0,44,39,0:0|0:1|0:2|1:0|1:1|1:2|1:4|1:5|2:0|2:1|2:2|2:4|2:5|2:6|2:7|2:8|3:0|3:1|3:2|3:3|3:4|3:8|4:1|4:2|4:3|4:4|4:5|4:8|5:7|5:8|6:7|6:8|6:9|7:7|7:8|7:9|8:9|9:8|9:9,704
633,2361,0.5826017344896597,4.0,4.0,0.0,4.0,58,victory,1,0,,0,31,30,0:0|0:1|0:2|1:2|2:2|2:4|2:5|2:6|2:7|2:8|3:2|3:3|3:4|3:8|4:2|4:3|4:4|4:5|4:8|4:9|5:8|5:9|6:7|6:8|6:9|7:8|7:9|8:9|9:8|9:9,704
634,2362,0.5819412941961308,4.0,4.0,0.0,4.0,77,victory,1,0,,0,40,37,0:0|0:1|0:2|1:2|1:8|1:9|2:2|2:4|2:5|2:6|2:7|2:8|2:9|3:1|3:2|3:3|3:4|3:8|4:2|4:3|4:4|4:5|4:6|4:7|4:8|5:5|5:7|6:5|6:6|6:7|6:8|7:6|7:8|7:9|8:9|9:8|9:9,704
635,2363,0.5812808539026018,4.0,4.0,0.0,4.0,71,victory,1,0,,0,39,38,0:0|0:1|0:2|1:2|1:7|1:8|2:2|2:4|2:5|2:6|2:7|2:8|3:2|3:4|3:8|4:2|4:3|4:4|4:5|4:6|4:7|4:8|5:2|5:3|5:6|5:7|6:3|6:6|6:7|6:8|7:5|7:6|7:7|7:8|7:9|8:9|9:8|9:9,704
636,2364,0.5806204136090727,4.0,4.0,0.0,4.0,73,victory,1,0,,0,34,31,0:0|0:1|0:2|1:1|1:2|1:8|2:1|2:2|2:4|2:5|2:6|2:7|2:8|3:2|3:3|3:4|3:8|4:2|4:3|4:7|4:8|5:6|5:7|6:7|6:8|6:9|7:8|7:9|8:9|9:8|9:9,704
637,2365,0.5799599733155436,4.0,4.0,0.0,4.0,94,victory,1,0,,0,39,39,0:0|1:0|1:4|1:5|1:7|1:8|1:9|2:0|2:1|2:2|2:4|2:5|2:6|2:7|2:8|2:9|3:2|3:3|3:4|3:8|4:2|4:3|4:4|4:5|4:6|4:7|4:8|5:2|5:3|5:6|5:7|5:8|6:7|6:8|6:9|7:9|8:9|9:8|9:9,704
638,2366,0.5792995330220146,4.0,4.0,0.0,4.0,83,victory,1,0,,0,40,38,0:0|0:1|0:2|0:7|1:2|1:6|1:7|1:8|2:1|2:2|2:4|2:5|2:6|2:8|3:2|3:4|3:8|3:9|4:2|4:3|4:4|4:5|4:6|4:7|4:8|5:2|5:3|5:5|5:6|5:7|6:7|6:8|6:9|7:8|7:9|8:9|9:8|9:9,704
639,2367,0.5786390927284857,4.0,4.0,0.0,4.0,60,victory,1,0,,0,39,37,0:0|0:1|0:2|0:5|0:6|1:1|1:2|1:5|1:6|2:1|2:2|2:4|2:5|2:6|2:7|2:8|3:2|3:4|3:8|4:2|4:3|4:4|4:6|4:7|4:8|5:6|5:7|5:8|6:6|6:7|6:8|7:7|7:8|7:9|8:9|9:8|9:9,704
640,2368,0.5779786524349566,4.0,4.0,0.0,4.0,67,victory,1,0,,0,39,38,0:0|0:1|0:2|0:7|1:2|1:4|1:7|1:8|2:1|2:2|2:4|2:5|2:6|2:7|2:8|3:2|3:3|3:4|3:8|3:9|4:2|4:3|4:4|4:6|4:7|4:8|4:9|5:2|5:3|5:7|6:6|6:7|6:8|7:8|7:9|8:9|9:8|9:9,704
641,2369,0.5773182121414276,4.0,4.0,0.0,4.0,39,victory,1,0,,0,29,28,0:0|0:1|0:2|0:5|1:2|1:5|2:2|2:4|2:5|2:6|2:7|2:8|3:2|3:4|3:8|4:2|4:3|4:4|4:7|4:8|5:7|6:7|6:8|7:8|7:9|8:9|9:8|9:9,704
642,2370,0.5766577718478986,4.0,4.0,0.0,4.0,118,victory,1,0,,0,45,44,0:0|0:1|0:2|0:6|0:8|0:9|1:1|1:2|1:6|1:8|1:9|2:1|2:2|2:4|2:5|2:6|2:7|2:8|2:9|3:2|3:4|3:8|3:9|4:0|4:1|4:2|4:3|4:4|4:5|4:7|4:8|5:1|5:3|5:6|5:7|6:3|6:6|6:7|6:8|7:8|7:9|8:9|9:8|9:9,704
643,2371,0.5759973315543696,4.0,4.0,0.0,4.0,109,victory,1,0,,0,40,36,0:0|0:1|0:2|0:6|0:8|1:1|1:2|1:5|1:6|1:7|1:8|2:2|2:4|2:5|2:6|2:7|2:8|3:2|3:3|3:4|3:8|4:2|4:8|4:9|5:5|5:6|5:7|5:8|6:7|6:8|6:9|7:8|7:9|8:9|9:8|9:9,704
644,2372,0.5753368912608405,4.0,4.0,0.0,4.0,103,victory,1,0,,0,49,44,0:0|0:1|0:2|0:5|0:6|1:1|1:2|1:4|1:5|1:6|1:7|1:8|1:9|2:2|2:4|2:5|2:6|2:7|2:8|2:9|3:2|3:3|3:4|3:8|3:9|4:2|4:3|4:4|4:7|4:8|4:9|5:6|5:7|5:8|6:6|6:7|6:8|7:6|7:7|7:8|7:9|8:9|9:8|9:9,704
645,2373,0.5746764509673116,4.0,4.0,0.0,4.0,91,victory,1,0,,0,48,43,0:0|0:1|0:2|0:8|0:9|1:1|1:2|1:4|1:5|1:6|1:7|1:8|1:9|2:2|2:4|2:5|2:6|2:7|2:8|2:9|3:2|3:3|3:4|3:8|3:9|4:2|4:3|4:4|4:5|4:6|4:7|4:8|5:3|5:6|5:7|5:8|6:7|6:8|7:8|7:9|8:9|9:8|9:9,704
646,2374,0.5740160106737826,4.0,4.0,0.0,4.0,95,victory,1,0,,0,43,37,0:0|0:1|0:2|1:2|1:5|1:6|2:2|2:4|2:5|2:6|2:7|2:8|2:9|3:2|3:3|3:4|3:8|3:9|4:2|4:3|4:4|4:7|4:8|5:7|5:8|5:9|6:6|6:7|6:8|6:9|7:6|7:7|7:8|7:9|8:9|9:8|9:9,704
647,2375,0.5733555703802535,4.0,4.0,0.0,4.0,67,victory,1,0,,0,39,37,0:0|0:1|0:2|0:5|1:0|1:1|1:2|1:5|1:6|2:2|2:4|2:5|2:6|2:7|2:8|3:2|3:3|3:4|3:8|3:9|4:2|4:3|4:4|4:6|4:7|4:8|4:9|5:7|5:8|5:9|6:7|6:8|7:8|7:9|8:9|9:8|9:9,704
648,2376,0.5726951300867245,4.0,4.0,0.0,4.0,38,victory,1,0,,0,29,29,0:0|0:1|1:1|2:1|2:2|2:4|2:5|2:6|2:7|2:8|2:9|3:2|3:3|3:4|3:8|3:9|4:2|4:3|4:7|4:8|5:7|5:8|6:7|7:7|7:8|7:9|8:9|9:8|9:9,704
649,2377,0.5720346897931954,4.0,4.0,0.0,4.0,113,victory,1,0,,0,47,41,0:0|0:1|0:6|1:0|1:1|1:2|1:4|1:6|1:7|1:8|1:9|2:2|2:4|2:5|2:6|2:7|2:8|3:1|3:2|3:3|3:4|3:8|3:9|4:2|4:3|4:4|4:5|4:6|4:7|4:8|4:9|5:7|5:8|5:9|6:7|7:7|7:8|7:9|8:9|9:8|9:9,704
650,2378,0.5713742494996665,4.0,4.0,0.0,4.0,85,victory,1,0,,0,41,39,0:0|0:1|0:2|1:0|1:1|1:2|2:1|2:2|2:4|2:5|2:6|2:7|2:8|2:9|3:2|3:4|3:8|3:9|4:2|4:3|4:4|4:6|4:7|4:8|4:9|5:2|5:7|5:8|5:9|6:6|6:7|6:8|7:6|7:7|7:8|7:9|8:9|9:8|9:9,704
651,2379,0.5707138092061375,4.0,4.0,0.0,4.0,58,victory,1,0,,0,33,30,0:0|0:1|0:2|1:2|1:6|1:7|2:1|2:2|2:4|2:5|2:6|2:7|2:8|3:2|3:3|3:4|3:8|4:2|4:3|4:4|4:8|5:7|5:8|6:7|6:8|7:8|7:9|8:9|9:8|9:9,704
652,2380,0.5700533689126084,4.0,4.0,0.0,4.0,116,victory,1,0,,0,38,35,0:0|0:1|1:1|1:2|1:8|2:2|2:4|2:5|2:6|2:7|2:8|2:9|3:2|3:4|3:8|4:2|4:3|4:4|4:7|4:8|5:1|5:2|5:3|5:7|6:6|6:7|6:8|6:9|7:6|7:7|7:8|7:9|8:9|9:8|9:9,704
653,2381,0.5693929286190793,4.0,4.0,0.0,4.0,73,victory,1,0,,0,38,37,0:0|0:1|0:2|0:4|1:0|1:1|1:2|1:4|1:5|1:6|2:0|2:1|2:2|2:4|2:5|2:6|2:7|2:8|3:2|3:3|3:4|3:8|4:1|4:2|4:3|4:4|4:8|5:7|5:8|6:7|6:8|6:9|7:8|7:9|8:9|9:8|9:9,704
654,2382,0.5687324883255503,4.0,4.0,0.0,4.0,53,victory,1,0,,0,38,33,0:0|0:1|0:2|1:2|1:7|2:2|2:4|2:5|2:6|2:7|2:8|2:9|3:2|3:4|3:8|3:9|4:2|4:3|4:4|4:8|4:9|5:2|5:7|5:8|5:9|6:7|6:8|6:9|7:8|7:9|8:9|9:8|9:9,704
655,2383,0.5680720480320214,4.0,4.0,0.0,4.0,97,victory,1,0,,0,37,36,0:0|0:1|1:1|1:2|1:7|1:8|1:9|2:0|2:1|2:2|2:4|2:5|2:6|2:7|2:8|2:9|3:2|3:3|3:4|3:8|4:2|4:3|4:4|4:5|4:7|4:8|5:7|6:7|6:8|6:9|7:7|7:8|7:9|8:9|9:8|9:9,704
656,2384,0.5674116077384923,4.0,4.0,0.0,4.0,60,victory,1,0,,0,32,30,0:0|0:1|0:2|1:2|1:6|1:7|2:2|2:4|2:5|2:6|2:7|2:8|3:2|3:4|3:8|4:2|4:3|4:4|4:8|5:2|5:3|5:7|5:8|6:7|7:7|7:8|7:9|8:9|9:8|9:9,704
657,2385,0.5667511674449632,4.0,4.0,0.0,4.0,36,victory,1,0,,0,27,27,0:0|0:1|0:2|1:2|2:2|2:4|2:5|2:6|2:7|2:8|3:2|3:3|3:4|3:8|4:1|4:2|4:3|4:7|4:8|5:7|6:7|6:8|7:8|7:9|8:9|9:8|9:9,704
658,2386,0.5660907271514343,4.0,4.0,0.0,4.0,42,victory,1,0,,0,32,30,0:0|0:1|0:2|1:1|1:2|1:7|1:8|2:2|2:4|2:5|2:6|2:7|2:8|3:2|3:3|3:4|3:8|4:2|4:3|4:4|4:8|5:8|6:7|6:8|7:7|7:8|7:9|8:9|9:8|9:9,704
659,2387,0.5654302868579053,4.0,4.0,0.0,4.0,59,victory,1,0,,0,35,34,0:0|0:1|0:2|0:7|0:8|1:2|1:7|1:8|2:2|2:4|2:5|2:6|2:7|2:8|3:2|3:3|3:4|3:8|4:2|4:3|4:4|4:7|4:8|5:6|5:7|5:8|6:7|6:8|7:7|7:8|7:9|8:9|9:8|9:9,704
660,2388,0.5647698465643762,4.0,4.0,0.0,4.0,53,victory,1,0,,0,34,32,0:0|0:1|0:2|0:5|1:2|1:4|1:5|1:7|2:2|2:4|2:5|2:6|2:7|2:8|3:2|3:3|3:4|3:8|4:2|4:3|4:4|4:7|4:8|5:7|5:8|6:7|6:8|7:8|7:9|8:9|9:8|9:9,704
661,2389,0.5641094062708473,4.0,4.0,0.0,4.0,49,victory,1,0,,0,32,26,0:0|1:0|1:1|1:2|2:2|2:4|2:5|2:6|2:7|3:2|3:4|4:2|4:3|4:4|4:5|4:6|5:6|5:7|6:6|6:7|6:8|7:8|7:9|8:9|9:8|9:9,704
662,2390,0.5634489659773182,4.0,4.0,0.0,4.0,72,victory,1,0,,0,43,40,0:0|0:1|0:2|1:2|1:4|1:8|2:1|2:2|2:4|2:5|2:6|2:7|2:8|3:1|3:2|3:3|3:4|3:8|4:2|4:3|4:4|4:5|4:6|4:7|4:8|5:3|5:5|5:6|5:7|5:8|6:5|6:6|6:7|6:8|6:9|7:8|7:9|8:9|9:8|9:9,704
663,2391,0.5627885256837892,4.0,4.0,0.0,4.0,66,victory,1,0,,0,36,32,0:0|1:0|1:4|1:5|1:6|2:0|2:1|2:4|2:5|2:6|2:7|2:8|3:1|3:2|3:3|3:4|3:8|3:9|4:2|4:7|4:8|4:9|5:7|6:6|6:7|6:8|6:9|7:8|7:9|8:9|9:8|9:9,704
664,2392,0.5621280853902602,4.0,4.0,0.0,4.0,163,victory,1,0,,0,59,52,0:0|0:1|0:2|0:6|0:7|0:8|1:2|1:6|1:7|1:8|2:2|2:4|2:5|2:6|2:7|2:8|3:2|3:3|3:4|3:8|4:1|4:2|4:3|4:4|4:5|4:6|4:7|4:8|5:1|5:2|5:3|5:5|5:6|5:7|6:3|6:5|6:6|6:7|7:3|7:4|7:5|7:6|7:7|7:8|7:9|8:3|8:4|8:9|9:2|9:3|9:8|9:9,704
665,2393,0.5614676450967312,4.0,4.0,0.0,4.0,90,victory,1,0,,0,41,39,0:0|0:1|0:2|0:7|1:2|1:5|1:6|1:7|1:8|1:9|2:2|2:4|2:5|2:6|2:7|2:8|2:9|3:2|3:3|3:4|3:8|4:1|4:2|4:3|4:4|4:6|4:7|4:8|4:9|5:7|6:6|6:7|7:6|7:7|7:8|7:9|8:9|9:8|9:9,704
666,2394,0.5608072048032022,4.0,4.0,0.0,4.0,46,victory,1,0,,0,28,28,0:0|0:1|0:2|1:2|1:4|2:2|2:4|2:5|2:6|2:7|2:8|3:2|3:4|3:8|4:2|4:3|4:4|4:5|4:7|4:8|5:7|6:7|6:8|7:8|7:9|8:9|9:8|9:9,704
667,2395,0.5601467645096732,4.0,4.0,0.0,4.0,90,victory,1,0,,0,38,36,0:0|0:1|0:2|1:2|1:7|1:8|2:1|2:2|2:4|2:5|2:6|2:7|2:8|3:2|3:4|3:8|4:2|4:3|4:4|4:5|4:7|4:8|5:6|5:7|5:8|6:6|6:7|6:8|6:9|7:6|7:7|7:8|7:9|8:9|9:8|9:9,704
668,2396,0.5594863242161441,4.0,4.0,0.0,4.0,83,victory,1,0,,0,35,35,0:0|0:1|0:2|0:4|0:5|0:6|1:0|1:1|1:2|1:4|1:6|2:1|2:2|2:4|2:6|2:7|2:8|3:2|3:3|3:4|3:8|4:2|4:3|4:4|4:7|4:8|5:2|5:7|6:7|6:8|7:8|7:9|8:9|9:8|9:9,704
669,2397,0.558825883922615,4.0,4.0,0.0,4.0,81,victory,1,0,,0,40,35,0:0|0:1|0:2|0:7|1:1|1:2|1:7|1:8|2:2|2:4|2:5|2:6|2:7|2:8|3:1|3:2|3:3|3:4|3:8|4:1|4:2|4:3|4:7|4:8|5:7|5:8|6:6|6:7|6:8|6:9|7:8|7:9|8:9|9:8|9:9,704
670,2398,0.5581654436290862,4.0,4.0,0.0,4.0,76,victory,1,0,,0,46,44,0:0|0:1|0:2|0:7|0:8|1:2|1:4|1:7|1:8|1:9|2:1|2:2|2:4|2:5|2:6|2:7|2:8|2:9|3:1|3:2|3:3|3:4|3:8|4:2|4:3|4:4|4:7|4:8|5:2|5:3|5:7|5:8|5:9|6:3|6:6|6:7|6:8|7:6|7:7|7:8|7:9|8:9|9:8|9:9,704
671,2399,0.5575050033355571,4.0,4.0,0.0,4.0,79,victory,1,0,,0,42,41,0:0|0:1|0:5|0:6|0:7|0:8|1:0|1:1|1:2|1:5|1:6|1:7|1:8|2:1|2:2|2:4|2:5|2:6|2:7|2:8|3:2|3:3|3:4|3:8|3:9|4:2|4:3|4:4|4:7|4:8|5:2|5:7|5:8|6:7|6:8|6:9|7:8|7:9|8:9|9:8|9:9,704
672,2400,0.556844563042028,4.0,4.0,0.0,4.0,47,victory,1,0,,0,34,33,0:0|0:1|0:2|0:4|0:5|1:1|1:2|1:4|1:5|1:6|2:1|2:2|2:4|2:5|2:6|2:7|2:8|3:2|3:4|3:8|4:2|4:3|4:4|4:8|5:3|5:8|6:7|6:8|6:9|7:9|8:9|9:8|9:9,704
673,2401,0.5561841227484989,4.0,4.0,0.0,4.0,48,victory,1,0,,0,31,30,0:0|0:1|0:2|1:2|1:8|2:2|2:4|2:5|2:6|2:7|2:8|2:9|3:2|3:3|3:4|3:9|4:2|4:3|4:4|4:7|4:8|4:9|5:7|6:7|7:7|7:8|7:9|8:9|9:8|9:9,704
674,2402,0.55552368245497,4.0,4.0,0.0,4.0,61,victory,1,0,,0,36,36,0:0|0:1|0:2|1:1|1:2|1:6|1:7|1:8|2:1|2:2|2:4|2:5|2:6|2:7|2:8|2:9|3:2|3:3|3:4|3:8|4:1|4:2|4:3|4:4|4:5|4:7|4:8|5:2|5:7|6:7|6:8|7:8|7:9|8:9|9:8|9:9,704
675,2403,0.554863242161441,4.0,4.0,0.0,4.0,47,victory,1,0,,0,29,28,0:0|0:1|0:2|1:2|1:5|1:8|2:2|2:4|2:5|2:6|2:7|2:8|3:2|3:3|3:4|3:8|4:2|4:3|4:7|4:8|5:7|6:7|6:8|7:8|7:9|8:9|9:8|9:9,704
676,2404,0.5542028018679119,4.0,4.0,0.0,4.0,114,victory,1,0,,0,41,37,0:0|0:1|0:2|0:6|0:7|0:8|1:1|1:2|1:6|1:7|1:8|1:9|2:2|2:4|2:5|2:6|2:7|2:8|2:9|3:2|3:3|3:4|3:8|4:2|4:3|4:4|4:7|4:8|5:2|5:7|6:7|6:8|7:8|7:9|8:9|9:8|9:9,704
677,2405,0.5535423615743829,4.0,4.0,0.0,4.0,67,victory,1,0,,0,38,37,0:0|0:1|1:1|1:4|1:6|1:7|1:8|2:1|2:2|2:4|2:5|2:6|2:7|2:8|3:1|3:2|3:3|3:4|3:8|3:9|4:2|4:7|4:8|4:9|5:0|5:1|5:2|5:7|5:8|5:9|6:7|6:8|7:8|7:9|8:9|9:8|9:9,704
678,2406,0.5528819212808539,4.0,4.0,0.0,4.0,49,victory,1,0,,0,35,32,0:0|1:0|1:6|2:0|2:4|2:5|2:6|2:7|2:8|3:0|3:1|3:2|3:3|3:4|3:8|4:1|4:2|4:3|4:4|4:7|4:8|5:3|5:7|6:3|6:7|6:8|7:3|7:8|7:9|8:9|9:8|9:9,704
679,2407,0.5522214809873249,4.0,4.0,0.0,4.0,70,victory,1,0,,0,40,39,0:0|0:1|0:2|0:6|0:7|0:8|1:2|1:6|1:7|1:8|2:2|2:4|2:5|2:6|2:7|2:8|2:9|3:1|3:2|3:4|3:8|3:9|4:1|4:2|4:3|4:4|4:6|4:7|4:8|4:9|5:6|5:7|6:7|6:8|7:8|7:9|8:9|9:8|9:9,704
680,2408,0.5515610406937959,4.0,4.0,0.0,4.0,64,victory,1,0,,0,36,36,0:0|0:1|0:2|1:1|1:2|2:2|2:4|2:5|2:6|2:7|2:8|3:2|3:4|3:8|4:1|4:2|4:3|4:4|4:5|4:6|4:7|4:8|5:1|5:2|5:3|5:6|5:7|5:8|6:7|6:8|7:7|7:8|7:9|8:9|9:8|9:9,704
681,2409,0.5509006004002669,4.0,4.0,0.0,4.0,55,victory,1,0,,0,30,30,0:0|1:0|1:1|1:2|1:6|2:2|2:4|2:5|2:6|2:7|2:8|3:2|3:4|3:8|3:9|4:2|4:3|4:4|4:8|4:9|5:7|5:8|6:6|6:7|6:8|7:8|7:9|8:9|9:8|9:9,704
682,2410,0.5502401601067378,4.0,4.0,0.0,4.0,34,victory,1,0,,0,28,28,0:0|1:0|1:1|1:2|2:2|2:4|2:5|2:6|2:7|2:8|3:2|3:4|3:8|4:2|4:3|4:4|4:7|4:8|5:7|5:8|6:7|6:8|7:7|7:8|7:9|8:9|9:8|9:9,704
683,2411,0.5495797198132089,4.0,4.0,0.0,4.0,57,victory,1,0,,0,33,33,0:0|0:1|0:2|1:2|1:5|2:2|2:4|2:5|2:6|2:7|2:8|3:2|3:4|3:8|3:9|4:2|4:3|4:4|4:6|4:7|4:8|4:9|5:6|5:7|5:8|5:9|6:7|6:8|7:8|7:9|8:9|9:8|9:9,704
684,2412,0.5489192795196798,4.0,4.0,0.0,4.0,61,victory,1,0,,0,39,36,0:0|0:1|0:2|1:1|1:2|2:0|2:1|2:2|2:4|2:5|2:6|2:7|2:8|3:0|3:1|3:2|3:3|3:4|3:8|4:2|4:4|4:5|4:6|4:7|4:8|5:5|5:6|5:7|5:8|6:7|6:8|6:9|7:9|8:9|9:8|9:9,704
685,2413,0.5482588392261507,4.0,4.0,0.0,4.0,48,victory,1,0,,0,28,28,0:0|0:1|0:2|1:2|1:6|2:2|2:4|2:5|2:6|2:7|2:8|3:2|3:3|3:4|3:8|4:2|4:3|4:4|4:7|4:8|5:7|6:7|6:8|7:8|7:9|8:9|9:8|9:9,704
686,2414,0.5475983989326219,4.0,4.0,0.0,4.0,88,victory,1,0,,0,38,37,0:0|0:1|0:2|0:6|0:7|1:0|1:2|1:5|1:6|1:7|2:2|2:4|2:5|2:6|2:7|2:8|2:9|3:2|3:3|3:4|3:8|4:2|4:3|4:4|4:7|4:8|5:7|5:8|6:7|6:8|6:9|7:7|7:8|7:9|8:9|9:8|9:9,704
687,2415,0.5469379586390928,4.0,4.0,0.0,4.0,55,victory,1,0,,0,34,32,0:0|0:1|0:2|1:2|2:2|2:4|2:5|2:6|2:7|2:8|3:2|3:3|3:4|3:8|4:2|4:3|4:4|4:7|4:8|5:6|5:7|5:8|5:9|6:7|6:8|6:9|7:7|7:8|7:9|8:9|9:8|9:9,704
688,2416,0.5462775183455637,4.0,4.0,0.0,4.0,71,victory,1,0,,0,39,37,0:0|0:1|0:2|1:2|1:4|2:1|2:2|2:4|2:5|2:6|2:7|2:8|2:9|3:1|3:2|3:3|3:4|3:8|3:9|4:2|4:3|4:4|4:7|4:8|5:2|5:3|5:7|5:8|5:9|6:6|6:7|6:8|6:9|7:9|8:9|9:8|9:9,704
689,2417,0.5456170780520346,4.0,4.0,0.0,4.0,81,victory,1,0,,0,38,35,0:0|0:1|0:2|1:2|2:2|2:4|2:5|2:6|2:7|2:8|3:2|3:3|3:4|3:8|3:9|4:2|4:3|4:4|4:5|4:6|4:7|4:8|5:5|5:6|5:7|5:8|6:5|6:6|6:7|6:8|7:8|7:9|8:9|9:8|9:9,704
690,2418,0.5449566377585057,4.0,4.0,0.0,4.0,49,victory,1,0,,0,34,33,0:0|1:0|1:1|1:2|1:5|2:1|2:2|2:4|2:5|2:6|2:7|2:8|3:0|3:1|3:2|3:3|3:4|3:8|4:1|4:2|4:3|4:4|4:7|4:8|4:9|5:7|6:7|6:8|7:8|7:9|8:9|9:8|9:9,704
691,2419,0.5442961974649767,4.0,4.0,0.0,4.0,43,victory,1,0,,0,29,28,0:0|0:2|1:0|1:1|1:2|1:8|2:2|2:4|2:5|2:6|2:7|2:8|3:2|3:3|3:4|3:8|4:2|4:3|4:8|5:7|5:8|6:7|6:8|7:8|7:9|8:9|9:8|9:9,704
692,2420,0.5436357571714476,4.0,4.0,0.0,4.0,45,victory,1,0,,0,31,30,0:0|0:1|0:2|1:2|2:1|2:2|2:4|2:5|2:6|2:7|2:8|3:1|3:2|3:4|3:8|4:1|4:2|4:3|4:4|4:8|5:2|5:7|5:8|6:7|7:7|7:8|7:9|8:9|9:8|9:9,704
693,2421,0.5429753168779186,4.0,4.0,0.0,4.0,43,victory,1,0,,0,30,27,0:0|0:1|0:2|1:2|1:8|2:2|2:4|2:5|2:6|2:7|2:8|3:2|3:3|3:4|3:8|4:2|4:7|4:8|5:2|5:7|6:7|6:8|7:8|7:9|8:9|9:8|9:9,704
694,2422,0.5423148765843896,4.0,4.0,0.0,4.0,64,victory,1,0,,0,35,33,0:0|0:1|0:2|0:7|1:2|1:7|2:2|2:4|2:5|2:6|2:7|2:8|3:2|3:3|3:4|3:8|4:2|4:3|4:4|4:5|4:6|4:7|4:8|5:7|6:6|6:7|6:8|7:7|7:8|7:9|8:9|9:8|9:9,704
695,2423,0.5416544362908606,4.0,4.0,0.0,4.0,76,victory,1,0,,0,41,39,0:0|1:0|1:1|1:2|1:4|1:5|2:1|2:2|2:4|2:5|2:6|2:7|2:8|3:1|3:2|3:3|3:4|3:8|4:2|4:3|4:4|4:5|4:6|4:8|5:5|5:6|5:7|5:8|6:5|6:6|6:7|6:8|6:9|7:5|7:8|7:9|8:9|9:8|9:9,704
696,2424,0.5409939959973316,4.0,4.0,0.0,4.0,71,victory,1,0,,0,36,36,0:0|0:1|0:2|1:0|1:1|1:2|1:6|1:7|1:8|2:0|2:1|2:2|2:4|2:5|2:6|2:7|2:8|3:1|3:2|3:4|3:8|4:2|4:3|4:4|4:7|4:8|5:7|5:8|6:6|6:7|6:8|7:8|7:9|8:9|9:8|9:9,704
697,2425,0.5403335557038025,4.0,4.0,0.0,4.0,66,victory,1,0,,0,36,34,0:0|0:1|0:2|1:2|1:5|2:2|2:4|2:5|2:6|2:7|2:8|3:2|3:3|3:4|3:8|4:2|4:3|4:6|4:7|4:8|5:5|5:6|5:7|5:8|5:9|6:6|6:7|6:8|6:9|7:8|7:9|8:9|9:8|9:9,704
698,2426,0.5396731154102735,4.0,4.0,0.0,4.0,76,victory,1,0,,0,34,32,0:0|0:1|0:2|1:2|1:6|2:2|2:4|2:5|2:6|2:7|2:8|3:2|3:3|3:4|3:8|4:2|4:3|4:4|4:5|4:6|4:7|4:8|5:6|5:7|6:7|6:8|6:9|7:8|7:9|8:9|9:8|9:9,704
699,2427,0.5390126751167446,4.0,4.0,0.0,4.0,44,victory,1,0,,0,33,30,0:0|0:1|1:1|1:2|1:4|2:2|2:4|2:5|2:6|2:7|2:8|2:9|3:2|3:3|3:4|3:8|4:2|4:6|4:7|4:8|5:6|5:7|6:6|6:7|6:8|7:8|7:9|8:9|9:8|9:9,704
700,2428,0.5383522348232155,4.0,4.0,0.0,4.0,38,victory,1,0,,0,28,27,0:0|0:1|1:1|1:2|1:7|2:2|2:4|2:5|2:6|2:7|2:8|3:2|3:4|3:8|4:2|4:3|4:4|4:7|4:8|5:7|6:7|6:8|7:8|7:9|8:9|9:8|9:9,704
701,2429,0.5376917945296864,4.0,4.0,0.0,4.0,52,victory,1,0,,0,35,33,0:0|0:1|0:2|1:2|1:7|1:8|2:2|2:4|2:5|2:6|2:7|2:8|3:2|3:3|3:4|3:8|4:2|4:3|4:4|4:7|4:8|5:6|5:7|5:8|5:9|6:7|6:8|6:9|7:8|7:9|8:9|9:8|9:9,704
702,2430,0.5370313542361574,4.0,4.0,0.0,4.0,71,victory,1,0,,0,39,37,0:0|0:1|0:2|0:6|1:2|1:5|1:6|1:7|2:2|2:4|2:5|2:6|2:7|2:8|3:2|3:4|3:8|4:2|4:3|4:4|4:5|4:6|4:7|4:8|5:5|5:6|5:7|5:8|5:9|6:7|6:8|6:9|7:8|7:9|8:9|9:8|9:9,704
703,2431,0.5363709139426285,4.0,4.0,0.0,4.0,45,victory,1,0,,0,30,29,0:0|0:1|0:2|1:2|1:7|2:2|2:4|2:5|2:6|2:7|2:8|3:2|3:3|3:4|3:8|4:2|4:3|4:4|4:7|4:8|5:7|6:6|6:7|6:8|6:9|7:9|8:9|9:8|9:9,704
704,2432,0.5357104736490994,4.0,4.0,0.0,4.0,46,victory,1,0,,0,29,28,0:0|1:0|1:1|1:2|2:2|2:4|2:5|2:6|2:7|2:8|3:2|3:3|3:4|3:8|4:2|4:3|4:4|4:7|4:8|5:7|5:8|6:7|6:8|7:8|7:9|8:9|9:8|9:9,704
705,2433,0.5350500333555703,4.0,4.0,0.0,4.0,65,victory,1,0,,0,34,34,0:0|0:1|0:2|1:0|1:1|1:2|1:4|2:2|2:4|2:5|2:6|2:7|2:8|2:9|3:2|3:3|3:4|3:8|3:9|4:2|4:3|4:4|4:7|4:8|4:9|5:6|5:7|6:7|6:8|6:9|7:9|8:9|9:8|9:9,704
706,2434,0.5343895930620413,4.0,4.0,0.0,4.0,64,victory,1,0,,0,35,31,0:0|0:1|0:2|1:2|1:4|2:2|2:4|2:5|2:6|2:7|2:8|3:1|3:2|3:3|3:4|3:8|4:1|4:2|4:3|4:4|4:7|4:8|5:6|5:7|6:7|6:8|7:8|7:9|8:9|9:8|9:9,704
707,2435,0.5337291527685124,4.0,4.0,0.0,4.0,50,victory,1,0,,0,33,31,0:0|0:1|0:2|1:2|1:4|1:5|2:2|2:4|2:5|2:6|2:7|2:8|3:2|3:3|3:4|3:8|4:1|4:2|4:7|4:8|5:1|5:2|5:7|5:8|6:7|6:8|6:9|7:9|8:9|9:8|9:9,704
708,2436,0.5330687124749833,4.0,4.0,0.0,4.0,63,victory,1,0,,0,37,37,0:0|0:1|0:2|1:0|1:4|1:8|2:0|2:4|2:5|2:6|2:7|2:8|2:9|3:0|3:1|3:2|3:4|3:8|3:9|4:0|4:1|4:2|4:3|4:4|4:7|4:8|5:0|5:1|5:7|6:7|6:8|6:9|7:8|7:9|8:9|9:8|9:9,704
709,2437,0.5324082721814543,4.0,4.0,0.0,4.0,84,victory,1,0,,0,38,32,0:0|0:1|0:2|1:2|1:8|2:2|2:4|2:5|2:6|2:7|2:8|2:9|3:2|3:3|3:4|3:8|4:1|4:2|4:3|4:7|4:8|5:1|5:2|5:3|5:7|6:7|7:7|7:8|7:9|8:9|9:8|9:9,704
710,2438,0.5317478318879253,4.0,4.0,0.0,4.0,64,victory,1,0,,0,39,35,0:0|0:1|0:2|1:2|1:5|1:6|1:7|2:2|2:4|2:5|2:6|2:7|2:8|3:2|3:3|3:4|3:8|4:2|4:3|4:4|4:5|4:6|4:7|4:8|4:9|5:7|5:8|6:7|6:8|6:9|7:8|7:9|8:9|9:8|9:9,704
711,2439,0.5310873915943962,4.0,4.0,0.0,4.0,60,victory,1,0,,0,36,36,0:0|0:1|0:2|1:0|1:1|1:2|1:4|1:5|2:2|2:4|2:5|2:6|2:7|2:8|3:2|3:4|3:8|4:2|4:3|4:4|4:6|4:7|4:8|5:2|5:5|5:6|5:7|5:8|5:9|6:7|7:7|7:8|7:9|8:9|9:8|9:9,704
712,2440,0.5304269513008673,4.0,4.0,0.0,4.0,70,victory,1,0,,0,35,34,0:0|0:1|0:5|1:1|1:2|1:5|2:2|2:4|2:5|2:6|2:7|2:8|2:9|3:2|3:4|3:8|4:2|4:3|4:4|4:6|4:7|4:8|5:6|5:7|5:8|6:6|6:7|6:8|6:9|7:8|7:9|8:9|9:8|9:9,704
713,2441,0.5297665110073382,4.0,4.0,0.0,4.0,73,victory,1,0,,0,41,36,0:0|0:1|0:2|1:2|1:4|1:5|1:6|2:2|2:4|2:5|2:6|2:7|2:8|3:2|3:3|3:4|3:8|3:9|4:2|4:3|4:4|4:5|4:7|4:8|4:9|5:7|5:8|5:9|6:7|6:8|6:9|7:8|7:9|8:9|9:8|9:9,704
714,2442,0.5291060707138092,4.0,4.0,0.0,4.0,49,victory,1,0,,0,30,30,0:0|0:1|0:2|1:2|2:2|2:4|2:5|2:6|2:7|2:8|3:1|3:2|3:4|3:8|4:1|4:2|4:3|4:4|4:7|4:8|4:9|5:7|6:7|6:8|6:9|7:8|7:9|8:9|9:8|9:9,704
715,2443,0.5284456304202803,4.0,4.0,0.0,4.0,67,victory,1,0,,0,39,38,0:0|0:1|0:2|0:4|0:5|1:0|1:1|1:2|1:4|1:5|2:0|2:1|2:2|2:4|2:5|2:6|2:7|2:8|2:9|3:2|3:3|3:4|3:8|3:9|4:2|4:3|4:4|4:7|4:8|5:6|5:7|6:7|6:8|7:8|7:9|8:9|9:8|9:9,704
716,2444,0.5277851901267512,4.0,4.0,0.0,4.0,72,victory,1,0,,0,35,34,0:0|0:1|0:2|0:7|1:2|1:6|1:7|2:2|2:4|2:5|2:6|2:7|2:8|3:2|3:4|3:8|4:2|4:3|4:4|4:7|4:8|5:1|5:2|5:3|5:7|6:7|6:8|6:9|7:7|7:8|7:9|8:9|9:8|9:9,704
717,2445,0.5271247498332221,4.0,4.0,0.0,4.0,65,victory,1,0,,0,35,33,0:0|0:1|0:2|1:2|1:6|2:2|2:4|2:5|2:6|2:7|2:8|3:2|3:3|3:4|3:8|4:2|4:3|4:4|4:7|4:8|5:2|5:3|5:6|5:7|5:8|6:6|6:7|6:8|7:8|7:9|8:9|9:8|9:9,704
718,2446,0.5264643095396931,4.0,4.0,0.0,4.0,66,victory,1,0,,0,38,37,0:0|0:1|0:2|1:0|1:2|1:8|1:9|2:0|2:2|2:4|2:5|2:6|2:7|2:8|2:9|3:2|3:4|3:8|3:9|4:2|4:3|4:4|4:7|4:8|4:9|5:2|5:3|5:6|5:7|6:6|6:7|6:8|6:9|7:9|8:9|9:8|9:9,704
719,2447,0.5258038692461642,4.0,4.0,0.0,4.0,57,victory,1,0,,0,34,33,0:0|0:1|0:2|1:2|1:8|2:2|2:4|2:5|2:6|2:7|2:8|3:2|3:3|3:4|3:8|4:2|4:3|4:4|4:5|4:6|4:7|4:8|5:3|5:6|5:7|5:8|6:7|6:8|7:8|7:9|8:9|9:8|9:9,704
720,2448,0.5251434289526351,4.0,4.0,0.0,4.0,39,victory,1,0,,0,30,30,0:0|0:1|0:2|1:2|2:2|2:4|2:5|2:6|2:7|2:8|3:1|3:2|3:4|3:8|3:9|4:2|4:3|4:4|4:7|4:8|4:9|5:7|6:7|6:9|7:7|7:8|7:9|8:9|9:8|9:9,704
721,2449,0.524482988659106,4.0,4.0,0.0,4.0,66,victory,1,0,,0,37,36,0:0|0:1|0:7|1:1|1:2|1:6|1:7|1:8|1:9|2:2|2:4|2:5|2:6|2:7|2:8|3:2|3:4|3:8|4:2|4:3|4:4|4:7|4:8|5:3|5:6|5:7|5:8|5:9|6:5|6:6|6:7|6:9|7:9|8:9|9:8|9:9,704
722,2450,0.5238225483655771,4.0,4.0,0.0,4.0,77,victory,1,0,,0,36,33,0:0|0:1|1:1|1:2|1:4|2:2|2:4|2:5|2:6|2:7|2:8|2:9|3:2|3:4|3:8|3:9|4:1|4:2|4:3|4:4|4:5|4:7|4:8|4:9|5:7|6:7|6:8|6:9|7:8|7:9|8:9|9:8|9:9,704
723,2451,0.5231621080720481,4.0,4.0,0.0,4.0,51,victory,1,0,,0,30,29,0:0|0:1|0:2|1:2|1:6|2:2|2:4|2:5|2:6|2:7|2:8|3:2|3:3|3:4|3:8|4:2|4:3|4:4|4:5|4:7|4:8|5:7|6:7|6:8|7:8|7:9|8:9|9:8|9:9,704
724,2452,0.522501667778519,4.0,4.0,0.0,4.0,40,victory,1,0,,0,28,28,0:0|1:0|1:1|1:2|2:2|2:4|2:5|2:6|2:7|2:8|3:2|3:3|3:4|3:8|4:2|4:3|4:4|4:7|4:8|5:3|5:7|6:7|6:8|7:8|7:9|8:9|9:8|9:9,704
725,2453,0.52184122748499,4.0,4.0,0.0,4.0,89,victory,1,0,,0,42,38,0:0|1:0|1:1|1:2|2:2|2:4|2:5|2:6|2:7|2:8|3:1|3:2|3:3|3:4|3:8|3:9|4:1|4:2|4:3|4:4|4:5|4:6|4:7|4:8|4:9|5:1|5:3|5:5|5:6|5:7|5:8|6:7|6:8|7:8|7:9|8:9|9:8|9:9,704
726,2454,0.5211807871914609,4.0,4.0,0.0,4.0,55,victory,1,0,,0,36,33,0:0|0:1|0:2|0:8|1:2|1:7|1:8|1:9|2:2|2:4|2:5|2:6|2:7|2:8|3:2|3:3|3:4|3:8|4:2|4:3|4:4|4:7|4:8|5:2|5:7|5:8|6:7|6:8|7:8|7:9|8:9|9:8|9:9,704
727,2455,0.5205203468979319,4.0,4.0,0.0,4.0,60,victory,1,0,,0,41,36,0:0|0:1|0:2|1:2|2:1|2:2|2:4|2:5|2:6|2:7|2:8|3:1|3:2|3:3|3:4|3:8|3:9|4:2|4:7|4:8|4:9|5:5|5:6|5:7|6:5|6:6|6:7|6:8|6:9|7:6|7:7|7:8|7:9|8:9|9:8|9:9,704
728,2456,0.519859906604403,4.0,4.0,0.0,4.0,41,victory,1,0,,0,28,28,0:0|0:1|1:1|1:2|2:2|2:4|2:5|2:6|2:7|2:8|3:2|3:4|3:8|3:9|4:2|4:3|4:4|4:7|4:8|5:7|5:8|6:7|6:8|7:8|7:9|8:9|9:8|9:9,704
729,2457,0.5191994663108739,4.0,4.0,0.0,4.0,48,victory,1,0,,0,32,32,0:0|0:1|0:2|1:2|1:4|1:5|1:7|2:2|2:4|2:5|2:6|2:7|2:8|3:2|3:3|3:4|3:8|4:2|4:3|4:4|4:7|4:8|5:2|5:3|5:7|6:7|6:8|7:8|7:9|8:9|9:8|9:9,704
730,2458,0.5185390260173449,4.0,4.0,0.0,4.0,51,victory,1,0,,0,35,35,0:0|0:1|0:2|1:2|1:5|2:2|2:4|2:5|2:6|2:7|2:8|3:2|3:4|3:8|4:2|4:3|4:4|4:5|4:6|4:8|4:9|5:7|5:8|5:9|6:7|6:8|7:4|7:5|7:6|7:7|7:8|7:9|8:9|9:8|9:9,704
731,2459,0.5178785857238158,4.0,4.0,0.0,4.0,43,victory,1,0,,0,31,31,0:0|0:1|0:2|0:8|0:9|1:2|1:8|1:9|2:2|2:4|2:5|2:6|2:7|2:8|3:2|3:3|3:4|3:8|4:2|4:3|4:4|4:7|4:8|5:7|6:7|7:7|7:8|7:9|8:9|9:8|9:9,704
732,2460,0.5172181454302869,4.0,4.0,0.0,4.0,71,victory,1,0,,0,37,37,0:0|0:1|0:2|0:7|1:1|1:2|1:7|1:8|2:1|2:2|2:4|2:5|2:6|2:7|2:8|3:1|3:2|3:3|3:4|3:8|4:2|4:3|4:4|4:7|4:8|5:7|5:8|6:7|6:8|6:9|7:6|7:7|7:8|7:9|8:9|9:8|9:9,704
733,2461,0.5165577051367578,4.0,4.0,0.0,4.0,59,victory,1,0,,0,34,33,0:0|0:1|0:2|0:8|1:1|1:2|1:8|2:2|2:4|2:5|2:6|2:7|2:8|3:2|3:4|3:8|4:2|4:3|4:4|4:7|4:8|5:2|5:3|5:7|5:8|6:7|6:8|7:7|7:8|7:9|8:9|9:8|9:9,704
734,2462,0.5158972648432288,4.0,4.0,0.0,4.0,48,victory,1,0,,0,31,31,0:0|0:1|0:2|1:0|1:1|1:2|1:5|2:2|2:4|2:5|2:6|2:7|2:8|2:9|3:2|3:4|3:8|4:2|4:3|4:4|4:7|4:8|5:2|5:7|6:7|6:8|7:8|7:9|8:9|9:8|9:9,704
735,2463,0.5152368245496999,4.0,4.0,0.0,4.0,67,victory,1,0,,0,37,36,0:0|0:1|0:5|1:0|1:4|1:5|1:7|2:0|2:4|2:5|2:6|2:7|2:8|3:0|3:1|3:2|3:4|3:8|4:1|4:2|4:3|4:4|4:6|4:7|4:8|5:6|5:7|5:8|6:6|6:7|6:8|7:8|7:9|8:9|9:8|9:9,704
736,2464,0.5145763842561708,4.0,4.0,0.0,4.0,57,victory,1,0,,0,35,35,0:0|0:1|0:2|1:1|1:2|1:4|1:5|1:6|1:7|1:8|1:9|2:2|2:4|2:5|2:6|2:7|2:8|3:2|3:3|3:4|3:8|3:9|4:2|4:3|4:7|4:8|5:2|5:7|6:7|6:8|7:8|7:9|8:9|9:8|9:9,704
737,2465,0.5139159439626417,4.0,4.0,0.0,4.0,61,victory,1,0,,0,39,34,0:0|0:1|1:1|1:2|1:8|2:2|2:4|2:5|2:6|2:7|2:8|3:1|3:2|3:3|3:4|3:8|4:2|4:3|4:4|4:7|4:8|4:9|5:6|5:7|5:8|6:6|6:7|6:8|6:9|7:8|7:9|8:9|9:8|9:9,704
738,2466,0.5132555036691128,4.0,4.0,0.0,4.0,58,victory,1,0,,0,33,31,0:0|0:1|0:2|0:7|0:8|1:2|1:4|1:7|1:8|2:2|2:4|2:5|2:6|2:7|2:8|3:2|3:3|3:4|3:8|4:2|4:3|4:7|4:8|5:7|6:7|6:8|7:8|7:9|8:9|9:8|9:9,704
739,2467,0.5125950633755838,4.0,4.0,0.0,4.0,43,victory,1,0,,0,29,28,0:0|0:1|0:2|1:2|1:5|2:2|2:4|2:5|2:6|2:7|2:8|3:1|3:2|3:3|3:4|3:8|3:9|4:2|4:7|4:8|5:7|6:7|6:8|7:8|7:9|8:9|9:8|9:9,704
740,2468,0.5119346230820547,4.0,4.0,0.0,4.0,53,victory,1,0,,0,33,32,0:0|0:1|0:2|1:2|1:4|2:2|2:4|2:5|2:6|2:7|2:8|3:2|3:4|3:8|4:2|4:3|4:4|4:7|4:8|5:1|5:2|5:3|5:6|5:7|6:7|6:8|6:9|7:8|7:9|8:9|9:8|9:9,704
741,2469,0.5112741827885257,4.0,4.0,0.0,4.0,46,victory,1,0,,0,33,31,0:0|0:1|0:2|1:2|1:7|2:2|2:4|2:5|2:6|2:7|2:8|3:2|3:4|3:8|4:2|4:3|4:4|4:8|4:9|5:6|5:7|5:8|5:9|6:7|6:8|6:9|7:8|7:9|8:9|9:8|9:9,704
742,2470,0.5106137424949966,4.0,4.0,0.0,4.0,82,victory,1,0,,0,42,39,0:0|0:1|0:2|0:4|1:2|1:4|1:5|1:6|2:0|2:1|2:2|2:4|2:5|2:6|2:7|2:8|2:9|3:1|3:2|3:3|3:4|3:8|3:9|4:1|4:2|4:3|4:4|4:6|4:7|4:8|5:7|5:8|6:7|7:7|7:8|7:9|8:9|9:8|9:9,704
743,2471,0.5099533022014677,4.0,4.0,0.0,4.0,111,victory,1,0,,0,44,44,0:0|0:1|0:2|0:4|1:0|1:1|1:2|1:4|1:7|2:2|2:4|2:5|2:6|2:7|2:8|3:2|3:4|3:8|4:0|4:1|4:2|4:3|4:4|4:7|4:8|5:0|5:1|5:2|5:3|5:6|5:7|5:8|5:9|6:3|6:7|6:8|6:9|7:6|7:7|7:8|7:9|8:9|9:8|9:9,704
744,2472,0.5092928619079387,4.0,4.0,0.0,4.0,54,victory,1,0,,0,35,34,0:0|0:1|0:2|0:7|1:0|1:2|1:6|1:7|2:1|2:2|2:4|2:5|2:6|2:7|2:8|3:2|3:3|3:4|3:8|4:2|4:6|4:7|4:8|5:6|5:7|6:7|6:8|6:9|7:7|7:8|7:9|8:9|9:8|9:9,704
745,2473,0.5086324216144096,4.0,4.0,0.0,4.0,43,victory,1,0,,0,33,32,0:0|0:1|0:2|1:2|2:2|2:4|2:5|2:6|2:7|2:8|3:1|3:2|3:4|3:8|3:9|4:0|4:1|4:2|4:3|4:4|4:7|4:8|4:9|5:6|5:7|6:7|7:7|7:8|7:9|8:9|9:8|9:9,704
746,2474,0.5079719813208805,4.0,4.0,0.0,4.0,38,victory,1,0,,0,30,29,0:0|0:1|1:1|1:2|1:6|2:2|2:4|2:5|2:6|2:7|2:8|3:2|3:3|3:4|3:8|4:2|4:3|4:8|5:7|5:8|6:5|6:6|6:7|6:8|7:8|7:9|8:9|9:8|9:9,704
747,2475,0.5073115410273515,4.0,4.0,0.0,4.0,59,victory,1,0,,0,37,35,0:0|0:1|0:2|1:1|1:2|2:2|2:4|2:5|2:6|2:7|2:8|3:2|3:4|3:8|3:9|4:2|4:3|4:4|4:6|4:7|4:8|5:1|5:2|5:3|5:7|5:8|6:6|6:7|6:8|6:9|7:8|7:9|8:9|9:8|9:9,704
748,2476,0.5066511007338226,4.0,4.0,0.0,4.0,80,victory,1,0,,0,40,35,0:0|0:1|0:2|1:1|1:2|1:8|2:2|2:4|2:5|2:6|2:7|2:8|3:1|3:2|3:3|3:4|3:8|3:9|4:2|4:3|4:4|4:5|4:6|4:7|4:8|4:9|5:7|5:8|6:7|6:8|6:9|7:9|8:9|9:8|9:9,704
749,2477,0.5059906604402935,4.0,4.0,0.0,4.0,43,victory,1,0,,0,30,29,0:0|0:1|0:2|1:2|2:2|2:4|2:5|2:6|2:7|2:8|3:2|3:3|3:4|3:8|4:0|4:1|4:2|4:3|4:7|4:8|5:6|5:7|6:7|6:8|7:8|7:9|8:9|9:8|9:9,704
750,2478,0.5053302201467645,4.0,4.0,0.0,4.0,67,victory,1,0,,0,36,33,0:0|0:1|0:2|1:1|1:2|1:6|1:7|1:8|1:9|2:1|2:2|2:4|2:5|2:6|2:7|2:8|2:9|3:2|3:3|3:4|3:8|3:9|4:2|4:7|4:8|5:7|6:7|7:7|7:8|7:9|8:9|9:8|9:9,704
751,2479,0.5046697798532355,4.0,4.0,0.0,4.0,75,victory,1,0,,0,38,34,0:0|0:1|0:2|1:0|1:1|1:2|1:4|1:7|2:0|2:1|2:2|2:4|2:5|2:6|2:7|2:8|3:2|3:3|3:4|3:8|3:9|4:2|4:7|4:8|5:7|5:8|6:7|6:8|7:7|7:8|7:9|8:9|9:8|9:9,704
752,2480,0.5040093395597065,4.0,4.0,0.0,4.0,71,victory,1,0,,0,38,32,0:0|0:1|0:2|1:2|1:6|2:2|2:4|2:5|2:6|2:7|2:8|3:2|3:3|3:4|3:8|4:1|4:2|4:4|4:7|4:8|5:6|5:7|5:8|6:7|6:8|7:6|7:7|7:8|7:9|8:9|9:8|9:9,704
753,2481,0.5033488992661774,4.0,4.0,0.0,4.0,50,victory,1,0,,0,34,33,0:0|0:1|0:2|1:2|1:4|1:8|2:2|2:4|2:5|2:6|2:7|2:8|3:2|3:4|3:8|3:9|4:2|4:3|4:4|4:5|4:8|4:9|5:2|5:9|6:6|6:7|6:8|6:9|7:8|7:9|8:9|9:8|9:9,704
754,2482,0.5026884589726484,4.0,4.0,0.0,4.0,57,victory,1,0,,0,31,30,0:0|0:1|0:2|1:0|1:2|1:4|1:6|2:1|2:2|2:4|2:5|2:6|2:7|2:8|3:2|3:3|3:4|3:8|4:2|4:8|4:9|5:7|5:8|6:7|7:7|7:8|7:9|8:9|9:8|9:9,704
755,2483,0.5020280186791195,4.0,4.0,0.0,4.0,62,victory,1,0,,0,32,31,0:0|0:1|0:2|1:2|1:6|2:2|2:4|2:5|2:6|2:7|2:8|3:2|3:3|3:4|3:8|4:2|4:3|4:4|4:5|4:8|5:3|5:5|5:7|5:8|6:7|6:8|7:8|7:9|8:9|9:8|9:9,704
756,2484,0.5013675783855904,4.0,4.0,0.0,4.0,85,victory,1,0,,0,42,39,0:0|0:7|1:0|1:1|1:4|1:5|1:7|1:8|2:1|2:2|2:4|2:5|2:6|2:7|2:8|2:9|3:1|3:2|3:3|3:4|3:8|4:1|4:2|4:3|4:4|4:6|4:7|4:8|5:3|5:6|5:7|5:8|6:7|6:8|7:8|7:9|8:9|9:8|9:9,704
757,2485,0.5007071380920614,4.0,4.0,0.0,4.0,55,victory,1,0,,0,34,32,0:0|0:1|0:2|1:1|1:2|1:5|1:6|2:1|2:2|2:4|2:5|2:6|2:7|2:8|3:2|3:4|3:8|4:2|4:3|4:4|4:6|4:7|4:8|5:7|5:8|6:7|6:8|6:9|7:9|8:9|9:8|9:9,704
758,2486,0.5000466977985323,4.0,4.0,0.0,4.0,53,victory,1,0,,0,32,30,0:0|0:1|0:2|1:2|2:1|2:2|2:4|2:5|2:6|2:7|2:8|2:9|3:2|3:4|3:8|4:2|4:3|4:4|4:7|4:8|5:7|5:8|6:7|6:8|7:7|7:8|7:9|8:9|9:8|9:9,704
759,2487,0.4993862575050033,4.0,4.0,0.0,4.0,44,victory,1,0,,0,30,29,0:0|0:1|0:2|1:2|1:4|2:1|2:2|2:4|2:5|2:6|2:7|2:8|3:2|3:3|3:4|3:8|4:2|4:3|4:6|4:7|4:8|5:7|6:7|6:8|7:8|7:9|8:9|9:8|9:9,704
760,2488,0.49872581721147435,4.0,4.0,0.0,4.0,49,victory,1,0,,0,30,29,0:0|0:1|0:2|1:2|2:2|2:4|2:5|2:6|2:7|2:8|3:2|3:3|3:4|3:8|4:2|4:5|4:6|4:7|4:8|5:6|5:7|6:7|6:8|6:9|7:8|7:9|8:9|9:8|9:9,704
761,2489,0.4980653769179453,4.0,4.0,0.0,4.0,59,victory,1,0,,0,37,37,0:0|0:1|0:2|1:1|1:2|1:8|2:1|2:2|2:4|2:5|2:6|2:7|2:8|3:2|3:3|3:4|3:8|4:2|4:3|4:4|4:7|4:8|5:3|5:7|5:8|6:3|6:6|6:7|6:8|6:9|7:6|7:7|7:8|7:9|8:9|9:8|9:9,704
762,2490,0.4974049366244163,4.0,4.0,0.0,4.0,54,victory,1,0,,0,36,35,0:0|0:1|0:2|1:0|1:1|1:2|1:8|1:9|2:0|2:4|2:5|2:6|2:7|2:8|2:9|3:0|3:1|3:2|3:3|3:4|3:8|3:9|4:1|4:2|4:7|4:8|5:7|6:6|6:7|6:8|7:8|7:9|8:9|9:8|9:9,704
763,2491,0.49674449633088724,4.0,4.0,0.0,4.0,54,victory,1,0,,0,34,32,0:0|0:1|0:2|1:2|2:2|2:4|2:5|2:6|2:7|2:8|3:2|3:3|3:4|3:8|4:2|4:7|4:8|4:9|5:5|5:7|5:8|6:5|6:6|6:7|6:8|6:9|7:7|7:8|7:9|8:9|9:8|9:9,704
764,2492,0.49608405603735817,4.0,4.0,0.0,4.0,41,victory,1,0,,0,27,27,0:0|0:1|0:2|1:2|2:2|2:4|2:5|2:6|2:7|2:8|3:2|3:4|3:8|4:2|4:3|4:4|4:7|4:8|5:3|5:7|6:7|6:8|6:9|7:9|8:9|9:8|9:9,704
765,2493,0.4954236157438292,4.0,4.0,0.0,4.0,79,victory,1,0,,0,37,37,0:0|0:1|0:2|1:1|1:2|1:8|1:9|2:2|2:4|2:5|2:6|2:7|2:8|2:9|3:2|3:3|3:4|3:8|3:9|4:2|4:3|4:4|4:6|4:7|4:8|4:9|5:5|5:6|5:7|6:6|6:7|6:8|7:8|7:9|8:9|9:8|9:9,704
766,2494,0.49476317545030013,4.0,4.0,0.0,4.0,62,victory,1,0,,0,34,31,0:0|0:1|0:2|1:2|1:8|2:1|2:2|2:4|2:5|2:6|2:7|2:8|3:1|3:2|3:3|3:4|3:8|4:1|4:2|4:7|4:8|5:7|6:6|6:7|7:6|7:7|7:8|7:9|8:9|9:8|9:9,704
767,2495,0.4941027351567713,4.0,4.0,0.0,4.0,59,victory,1,0,,0,36,35,0:0|0:1|0:2|1:2|1:4|1:5|1:6|2:2|2:4|2:5|2:6|2:7|2:8|3:1|3:2|3:3|3:4|3:8|4:1|4:2|4:3|4:4|4:7|4:8|4:9|5:2|5:6|5:7|6:7|6:8|7:8|7:9|8:9|9:8|9:9,704
768,2496,0.4934422948632422,4.0,4.0,0.0,4.0,54,victory,1,0,,0,30,28,0:0|0:1|0:2|1:2|1:7|2:1|2:2|2:4|2:5|2:6|2:7|2:8|3:2|3:3|3:4|3:8|4:2|4:7|4:8|5:2|5:7|6:7|6:8|7:8|7:9|8:9|9:8|9:9,704
769,2497,0.49278185456971313,4.0,4.0,0.0,4.0,65,victory,1,0,,0,33,32,0:0|0:1|0:2|0:6|0:7|0:8|1:2|1:5|1:6|1:7|1:8|2:2|2:4|2:5|2:6|2:7|2:8|3:2|3:3|3:4|3:8|4:2|4:7|4:8|5:7|6:7|6:8|7:8|7:9|8:9|9:8|9:9,704
770,2498,0.49212141427618417,4.0,4.0,0.0,4.0,49,victory,1,0,,0,32,32,0:0|0:1|0:8|1:1|1:2|1:7|1:8|2:1|2:2|2:4|2:5|2:6|2:7|2:8|2:9|3:2|3:4|3:8|3:9|4:2|4:3|4:4|4:7|4:8|5:7|6:7|6:8|7:8|7:9|8:9|9:8|9:9,704
771,2499,0.4914609739826551,4.0,4.0,0.0,4.0,64,victory,1,0,,0,40,40,0:0|0:1|0:2|0:5|0:6|0:7|1:1|1:2|1:5|1:6|1:7|2:0|2:2|2:4|2:5|2:6|2:7|2:8|3:0|3:1|3:2|3:3|3:4|3:8|4:0|4:1|4:2|4:3|4:7|4:8|5:7|6:7|6:8|7:6|7:7|7:8|7:9|8:9|9:8|9:9,704
772,2500,0.49080053368912613,4.0,4.0,0.0,4.0,52,victory,1,0,,0,33,31,0:0|0:1|0:2|1:2|1:5|1:7|2:2|2:4|2:5|2:6|2:7|2:8|3:2|3:3|3:4|3:8|4:2|4:3|4:4|4:7|4:8|4:9|5:6|5:7|6:7|6:8|7:8|7:9|8:9|9:8|9:9,704
773,2501,0.49014009339559705,4.0,4.0,0.0,4.0,94,victory,1,0,,0,39,37,0:0|0:1|0:7|1:0|1:1|1:2|1:5|1:6|1:7|2:1|2:4|2:5|2:6|2:7|2:8|3:1|3:2|3:4|3:8|3:9|4:2|4:3|4:4|4:7|4:8|5:2|5:3|5:7|6:6|6:7|6:8|6:9|7:8|7:9|8:9|9:8|9:9,704
774,2502,0.489479653102068,4.0,4.0,0.0,4.0,63,victory,1,0,,0,34,32,0:0|0:1|1:1|1:2|1:4|2:2|2:4|2:5|2:6|2:7|2:8|3:1|3:2|3:3|3:4|3:8|4:2|4:3|4:4|4:7|4:8|5:7|5:8|6:7|6:8|6:9|7:7|7:8|7:9|8:9|9:8|9:9,704
775,2503,0.488819212808539,4.0,4.0,0.0,4.0,55,victory,1,0,,0,35,35,0:0|0:1|0:2|1:2|1:6|1:7|2:1|2:2|2:4|2:5|2:6|2:7|2:8|2:9|3:2|3:4|3:8|3:9|4:2|4:3|4:4|4:6|4:7|4:8|5:6|5:7|6:5|6:6|6:7|6:8|7:8|7:9|8:9|9:8|9:9,704
776,2504,0.48815877251500994,4.0,4.0,0.0,4.0,76,victory,1,0,,0,38,38,0:0|0:1|0:2|0:4|1:1|1:2|1:4|2:2|2:4|2:5|2:6|2:7|2:8|3:2|3:3|3:4|3:8|4:0|4:1|4:2|4:3|4:4|4:7|4:8|5:1|5:2|5:3|5:6|5:7|5:8|6:7|6:8|6:9|7:8|7:9|8:9|9:8|9:9,704
777,2505,0.4874983322214811,4.0,4.0,0.0,4.0,63,victory,1,0,,0,33,32,0:0|0:1|0:2|1:2|1:4|1:6|2:2|2:4|2:5|2:6|2:7|2:8|3:2|3:3|3:4|3:8|3:9|4:1|4:2|4:3|4:4|4:7|4:8|5:3|5:7|6:7|6:8|6:9|7:9|8:9|9:8|9:9,704
778,2506,0.486837891927952,4.0,4.0,0.0,4.0,45,victory,1,0,,0,30,30,0:0|0:1|0:2|1:2|1:4|2:2|2:4|2:5|2:6|2:7|2:8|3:2|3:4|3:8|4:1|4:2|4:3|4:4|4:7|4:8|5:7|6:7|6:8|7:6|7:7|7:8|7:9|8:9|9:8|9:9,704
779,2507,0.48617745163442294,4.0,4.0,0.0,4.0,74,victory,1,0,,0,36,34,0:0|0:1|0:2|1:2|1:5|2:2|2:4|2:5|2:6|2:7|2:8|2:9|3:1|3:2|3:3|3:4|3:8|3:9|4:2|4:3|4:4|4:7|4:8|4:9|5:7|6:7|6:8|6:9|7:7|7:8|7:9|8:9|9:8|9:9,704
780,2508,0.485517011340894,4.0,4.0,0.0,4.0,63,victory,1,0,,0,37,37,0:0|0:1|0:2|1:2|1:4|1:6|2:0|2:1|2:2|2:4|2:5|2:6|2:7|2:8|3:0|3:1|3:2|3:3|3:4|3:8|3:9|4:2|4:3|4:7|4:8|5:6|5:7|5:8|6:5|6:6|6:7|6:8|7:8|7:9|8:9|9:8|9:9,704
781,2509,0.4848565710473649,4.0,4.0,0.0,4.0,47,victory,1,0,,0,33,33,0:0|1:0|1:1|1:2|2:2|2:4|2:5|2:6|2:7|2:8|3:2|3:3|3:4|3:8|4:2|4:3|4:4|4:7|4:8|4:9|5:2|5:3|5:5|5:6|5:7|6:5|6:7|6:8|7:8|7:9|8:9|9:8|9:9,704
782,2510,0.48419613075383594,4.0,4.0,0.0,4.0,51,victory,1,0,,0,32,32,0:0|0:1|0:2|1:2|2:2|2:4|2:5|2:6|2:7|2:8|2:9|3:2|3:4|3:8|3:9|4:2|4:3|4:4|4:5|4:7|4:8|5:2|5:3|5:7|6:3|6:7|6:8|7:8|7:9|8:9|9:8|9:9,704
783,2511,0.48353569046030687,4.0,4.0,0.0,4.0,49,victory,1,0,,0,30,30,0:0|0:1|1:1|1:2|2:1|2:2|2:4|2:5|2:6|2:7|2:8|3:2|3:4|3:8|4:2|4:3|4:4|4:7|4:8|5:2|5:7|6:6|6:7|7:6|7:7|7:8|7:9|8:9|9:8|9:9,704
784,2512,0.4828752501667778,4.0,4.0,0.0,4.0,44,victory,1,0,,0,31,31,0:0|0:1|1:1|1:2|1:8|2:2|2:4|2:5|2:6|2:7|2:8|2:9|3:2|3:4|3:8|4:2|4:3|4:4|4:7|4:8|5:3|5:7|6:3|6:7|6:8|6:9|7:8|7:9|8:9|9:8|9:9,704
785,2513,0.48221480987324883,4.0,4.0,0.0,4.0,32,victory,1,0,,0,28,27,0:0|0:1|0:2|1:2|2:2|2:4|2:5|2:6|2:7|2:8|3:2|3:4|3:8|4:2|4:3|4:4|4:8|5:8|6:7|6:8|7:6|7:7|7:8|7:9|8:9|9:8|9:9,704
786,2514,0.48155436957971975,4.0,4.0,0.0,4.0,58,victory,1,0,,0,35,35,0:0|0:1|0:2|1:1|1:2|1:8|1:9|2:1|2:2|2:4|2:5|2:6|2:7|2:8|2:9|3:2|3:3|3:4|3:8|3:9|4:2|4:3|4:7|4:8|4:9|5:2|5:7|6:7|6:8|7:7|7:8|7:9|8:9|9:8|9:9,704
787,2515,0.4808939292861909,4.0,4.0,0.0,4.0,32,victory,1,0,,0,28,28,0:0|0:1|0:2|1:0|1:2|1:4|2:2|2:4|2:5|2:6|2:7|2:8|3:2|3:3|3:4|3:8|4:2|4:3|4:7|4:8|5:7|6:7|6:8|7:8|7:9|8:9|9:8|9:9,704
788,2516,0.48023348899266183,4.0,4.0,0.0,4.0,48,victory,1,0,,0,34,33,0:0|0:1|0:2|1:2|1:4|1:5|2:2|2:4|2:5|2:6|2:7|2:8|3:2|3:3|3:4|3:8|4:2|4:3|4:4|4:6|4:7|4:8|5:5|5:6|5:7|6:6|6:7|6:8|7:8|7:9|8:9|9:8|9:9,704
789,2517,0.47957304869913275,4.0,4.0,0.0,4.0,51,victory,1,0,,0,32,32,0:0|0:1|0:2|1:1|1:2|2:2|2:4|2:5|2:6|2:7|2:8|3:2|3:4|3:8|4:2|4:3|4:4|4:6|4:7|4:8|4:9|5:3|5:7|6:7|6:8|6:9|7:7|7:8|7:9|8:9|9:8|9:9,704
790,2518,0.4789126084056038,4.0,4.0,0.0,4.0,46,victory,1,0,,0,31,28,0:0|0:1|0:2|1:2|2:2|2:4|2:5|2:6|2:7|2:8|3:2|3:3|3:4|3:8|4:2|4:6|4:7|4:8|4:9|5:6|5:7|6:7|7:7|7:8|7:9|8:9|9:8|9:9,704
791,2519,0.4782521681120747,4.0,4.0,0.0,4.0,61,victory,1,0,,0,35,34,0:0|0:1|0:2|1:2|2:2|2:4|2:5|2:6|2:7|2:8|3:1|3:2|3:3|3:4|3:8|4:1|4:2|4:3|4:4|4:6|4:7|4:8|5:2|5:3|5:5|5:6|5:7|6:7|7:7|7:8|7:9|8:9|9:8|9:9,704
792,2520,0.47759172781854575,4.0,4.0,0.0,4.0,38,victory,1,0,,0,28,28,0:0|0:1|0:2|1:0|1:1|1:2|2:2|2:4|2:5|2:6|2:7|2:8|3:2|3:3|3:4|3:8|4:2|4:3|4:7|4:8|5:7|6:7|6:8|7:8|7:9|8:9|9:8|9:9,704
793,2521,0.4769312875250167,4.0,4.0,0.0,4.0,57,victory,1,0,,0,34,32,0:0|0:1|0:2|0:7|1:2|1:4|1:7|1:8|2:1|2:2|2:4|2:5|2:6|2:7|2:8|3:1|3:2|3:4|3:8|4:2|4:3|4:4|4:7|4:8|5:7|6:7|6:8|7:8|7:9|8:9|9:8|9:9,704
794,2522,0.4762708472314876,4.0,4.0,0.0,4.0,42,victory,1,0,,0,31,30,0:0|0:1|0:2|1:2|2:2|2:4|2:5|2:6|2:7|2:8|3:2|3:3|3:4|3:8|4:1|4:2|4:3|4:7|4:8|5:5|5:6|5:7|6:5|6:7|6:8|7:8|7:9|8:9|9:8|9:9,704
795,2523,0.47561040693795864,4.0,4.0,0.0,4.0,66,victory,1,0,,0,34,31,0:0|0:1|0:2|1:2|1:4|2:2|2:4|2:5|2:6|2:7|2:8|3:1|3:2|3:3|3:4|3:8|4:2|4:4|4:7|4:8|4:9|5:2|5:7|6:7|6:8|6:9|7:8|7:9|8:9|9:8|9:9,704
796,2524,0.47494996664442957,4.0,4.0,0.0,4.0,52,victory,1,0,,0,32,30,0:0|0:1|0:2|1:2|1:7|2:1|2:2|2:4|2:5|2:6|2:7|2:8|3:2|3:3|3:4|3:8|4:2|4:3|4:4|4:7|4:8|5:7|6:7|6:8|7:7|7:8|7:9|8:9|9:8|9:9,704
797,2525,0.4742895263509006,4.0,4.0,0.0,4.0,50,victory,1,0,,0,32,31,0:0|0:1|0:2|1:2|2:2|2:4|2:5|2:6|2:7|2:8|3:0|3:1|3:2|3:4|3:8|3:9|4:1|4:2|4:3|4:4|4:8|4:9|5:7|5:8|6:7|6:8|6:9|7:9|8:9|9:8|9:9,704
798,2526,0.47362908605737164,4.0,4.0,0.0,4.0,53,victory,1,0,,0,30,30,0:0|0:1|0:2|1:2|1:4|2:2|2:4|2:5|2:6|2:7|2:8|3:1|3:2|3:3|3:4|3:8|4:2|4:3|4:4|4:7|4:8|5:7|6:6|6:7|6:8|7:8|7:9|8:9|9:8|9:9,704
799,2527,0.47296864576384257,4.0,4.0,0.0,4.0,50,victory,1,0,,0,33,32,0:0|0:1|0:2|1:1|1:2|1:8|1:9|2:2|2:4|2:5|2:6|2:7|2:8|2:9|3:2|3:3|3:4|3:8|3:9|4:2|4:7|4:8|5:6|5:7|6:6|6:7|6:8|7:8|7:9|8:9|9:8|9:9,704
800,2528,0.4723082054703136,4.0,4.0,0.0,4.0,34,victory,1,0,,0,28,27,0:0|0:1|1:1|1:2|2:2|2:4|2:5|2:6|2:7|2:8|3:2|3:4|3:8|4:2|4:3|4:4|4:7|4:8|5:7|5:8|6:7|7:7|7:8|7:9|8:9|9:8|9:9,704
801,2529,0.47164776517678453,4.0,4.0,0.0,4.0,41,victory,1,0,,0,31,29,0:0|0:1|0:2|1:2|2:1|2:2|2:4|2:5|2:6|2:7|2:8|3:1|3:2|3:4|3:8|4:2|4:3|4:4|4:7|4:8|5:7|6:7|6:8|6:9|7:8|7:9|8:9|9:8|9:9,704
802,2530,0.47098732488325556,4.0,4.0,0.0,4.0,56,victory,1,0,,0,35,33,0:0|1:0|1:1|1:2|1:9|2:2|2:4|2:5|2:6|2:7|2:8|2:9|3:2|3:3|3:4|3:8|4:2|4:3|4:4|4:6|4:7|4:8|5:6|5:7|6:6|6:7|6:8|6:9|7:8|7:9|8:9|9:8|9:9,704
803,2531,0.4703268845897265,4.0,4.0,0.0,4.0,61,victory,1,0,,0,34,33,0:0|0:1|0:2|1:2|1:4|2:2|2:4|2:5|2:6|2:7|2:8|3:2|3:4|3:8|4:2|4:3|4:4|4:6|4:7|4:8|5:2|5:3|5:7|6:3|6:5|6:6|6:7|6:8|7:8|7:9|8:9|9:8|9:9,704
804,2532,0.4696664442961974,4.0,4.0,0.0,4.0,45,victory,1,0,,0,29,28,0:0|0:1|0:2|1:2|1:4|2:2|2:4|2:5|2:6|2:7|2:8|3:2|3:4|3:8|4:2|4:3|4:4|4:7|4:8|5:7|5:8|6:7|6:8|7:8|7:9|8:9|9:8|9:9,704
805,2533,0.46900600400266845,4.0,4.0,0.0,4.0,70,victory,1,0,,0,36,33,0:0|0:1|0:2|1:2|1:8|2:2|2:4|2:5|2:6|2:7|2:8|3:2|3:3|3:4|3:8|4:2|4:3|4:4|4:5|4:7|4:8|4:9|5:7|5:8|5:9|6:7|6:8|6:9|7:8|7:9|8:9|9:8|9:9,704
806,2534,0.4683455637091394,4.0,4.0,0.0,4.0,38,victory,1,0,,0,32,32,0:0|0:1|1:1|1:2|1:6|1:8|2:2|2:4|2:5|2:6|2:7|2:8|2:9|3:1|3:2|3:3|3:4|3:8|3:9|4:2|4:3|4:7|4:8|5:6|5:7|6:7|7:7|7:8|7:9|8:9|9:8|9:9,704
807,2535,0.4676851234156104,4.0,4.0,0.0,4.0,45,victory,1,0,,0,30,30,0:0|0:1|0:2|1:1|1:2|2:2|2:4|2:5|2:6|2:7|2:8|3:2|3:4|3:8|4:1|4:2|4:3|4:4|4:8|5:2|5:7|5:8|5:9|6:7|6:8|7:8|7:9|8:9|9:8|9:9,704
808,2536,0.46702468312208145,4.0,4.0,0.0,4.0,45,victory,1,0,,0,31,30,0:0|0:1|0:2|0:4|1:2|1:4|1:5|1:6|2:2|2:4|2:5|2:6|2:7|2:8|3:2|3:3|3:4|3:8|4:2|4:3|4:7|4:8|5:7|6:7|6:8|7:8|7:9|8:9|9:8|9:9,704
809,2537,0.4663642428285524,4.0,4.0,0.0,4.0,40,victory,1,0,,0,30,30,0:0|0:1|0:2|1:2|2:2|2:4|2:5|2:6|2:7|2:8|2:9|3:2|3:4|3:8|4:2|4:3|4:4|4:7|4:8|4:9|5:6|5:7|5:8|6:7|6:8|7:8|7:9|8:9|9:8|9:9,704
810,2538,0.4657038025350234,4.0,4.0,0.0,4.0,52,victory,1,0,,0,31,30,0:0|0:1|0:2|1:0|1:1|1:2|2:2|2:4|2:5|2:6|2:7|2:8|3:0|3:1|3:2|3:3|3:4|3:8|4:1|4:2|4:8|5:7|5:8|6:7|6:8|7:8|7:9|8:9|9:8|9:9,704
811,2539,0.46504336224149434,4.0,4.0,0.0,4.0,57,victory,1,0,,0,32,31,0:0|0:1|0:2|1:2|2:1|2:2|2:4|2:5|2:6|2:7|2:8|2:9|3:2|3:3|3:4|3:8|3:9|4:2|4:3|4:7|4:8|5:7|5:8|6:7|6:8|7:7|7:8|7:9|8:9|9:8|9:9,704
812,2540,0.4643829219479654,4.0,4.0,0.0,4.0,50,victory,1,0,,0,35,29,0:0|0:1|1:1|2:1|2:2|2:4|2:5|2:6|2:7|2:8|3:2|3:3|3:4|3:8|4:2|4:3|4:4|4:8|5:2|5:3|5:7|5:8|6:7|6:8|7:8|7:9|8:9|9:8|9:9,704
813,2541,0.4637224816544363,4.0,4.0,0.0,4.0,76,victory,1,0,,0,35,34,0:0|0:1|0:2|1:1|1:2|1:6|2:1|2:2|2:4|2:5|2:6|2:7|2:8|3:2|3:4|3:8|4:2|4:3|4:4|4:7|4:8|4:9|5:5|5:6|5:7|5:8|6:6|6:7|6:8|7:8|7:9|8:9|9:8|9:9,704
814,2542,0.46306204136090723,4.0,4.0,0.0,4.0,35,victory,1,0,,0,27,26,0:0|1:0|1:1|1:2|2:2|2:4|2:5|2:6|2:7|2:8|3:2|3:3|3:4|3:8|4:2|4:3|4:7|4:8|5:7|6:7|6:8|7:8|7:9|8:9|9:8|9:9,704
815,2543,0.46240160106737827,4.0,4.0,0.0,4.0,61,victory,1,0,,0,37,35,0:0|0:8|0:9|1:0|1:1|1:2|1:8|1:9|2:2|2:4|2:5|2:6|2:7|2:8|2:9|3:1|3:2|3:4|3:8|4:1|4:2|4:3|4:4|4:5|4:7|4:8|5:6|5:7|6:7|6:8|7:8|7:9|8:9|9:8|9:9,704
816,2544,0.4617411607738492,4.0,4.0,0.0,4.0,45,victory,1,0,,0,33,32,0:0|0:1|0:2|1:2|1:4|2:2|2:4|2:5|2:6|2:7|2:8|3:2|3:3|3:4|3:8|4:2|4:3|4:4|4:7|4:8|4:9|5:7|5:8|6:7|6:8|6:9|7:7|7:8|7:9|8:9|9:8|9:9,704
817,2545,0.4610807204803202,4.0,4.0,0.0,4.0,32,victory,1,0,,0,27,26,0:0|0:1|0:2|1:2|2:2|2:4|2:5|2:6|2:7|2:8|3:2|3:3|3:4|3:8|4:2|4:7|4:8|5:7|6:6|6:7|7:7|7:8|7:9|8:9|9:8|9:9,704
818,2546,0.46042028018679115,4.0,4.0,0.0,4.0,56,victory,1,0,,0,39,37,0:0|0:1|1:1|1:2|2:2|2:4|2:5|2:6|2:7|2:8|2:9|3:2|3:3|3:4|3:8|3:9|4:1|4:2|4:3|4:4|4:7|4:8|4:9|5:1|5:2|5:6|5:7|6:5|6:6|6:7|6:8|6:9|7:8|7:9|8:9|9:8|9:9,704
819,2547,0.4597598398932622,4.0,4.0,0.0,4.0,48,victory,1,0,,0,31,31,0:0|0:1|0:2|1:0|1:1|1:2|1:5|1:6|2:2|2:4|2:5|2:6|2:7|2:8|3:2|3:4|3:8|4:2|4:3|4:4|4:7|4:8|5:7|6:7|6:8|6:9|7:7|7:9|8:9|9:8|9:9,704
820,2548,0.4590993995997332,4.0,4.0,0.0,4.0,38,victory,1,0,,0,32,32,0:0|1:0|1:1|1:2|1:6|2:2|2:4|2:5|2:6|2:7|2:8|3:2|3:4|3:8|4:2|4:3|4:4|4:5|4:7|4:8|4:9|5:6|5:7|5:8|6:6|6:7|6:8|7:8|7:9|8:9|9:8|9:9,704
821,2549,0.45843895930620415,4.0,4.0,0.0,4.0,38,victory,1,0,,0,28,27,0:0|0:1|0:2|1:1|1:2|2:2|2:4|2:5|2:6|2:7|2:8|3:2|3:3|3:4|3:8|4:2|4:7|4:8|5:7|6:7|6:8|7:7|7:8|7:9|8:9|9:8|9:9,704
822,2550,0.4577785190126752,4.0,4.0,0.0,4.0,47,victory,1,0,,0,31,29,0:0|0:1|0:2|1:2|2:2|2:4|2:5|2:6|2:7|2:8|3:2|3:4|3:8|4:2|4:3|4:4|4:5|4:6|4:7|4:8|5:5|5:7|6:7|7:7|7:8|7:9|8:9|9:8|9:9,704
823,2551,0.4571180787191461,4.0,4.0,0.0,4.0,57,victory,1,0,,0,35,33,0:0|0:1|0:2|1:2|1:7|1:8|2:2|2:4|2:5|2:6|2:7|2:8|2:9|3:2|3:3|3:4|3:8|4:2|4:7|4:8|5:6|5:7|5:8|6:6|6:7|6:8|6:9|7:7|7:8|7:9|8:9|9:8|9:9,704
824,2552,0.45645763842561704,4.0,4.0,0.0,4.0,53,victory,1,0,,0,37,36,0:0|0:1|0:5|1:1|1:2|1:4|1:5|2:2|2:4|2:5|2:6|2:7|2:8|3:2|3:3|3:4|3:8|3:9|4:2|4:3|4:4|4:5|4:7|4:8|5:3|5:7|5:8|6:7|6:8|7:6|7:7|7:8|7:9|8:9|9:8|9:9,704
825,2553,0.4557971981320881,4.0,4.0,0.0,4.0,67,victory,1,0,,0,32,31,0:0|0:1|0:2|1:2|2:2|2:4|2:5|2:6|2:7|2:8|2:9|3:2|3:3|3:4|3:8|4:2|4:7|4:8|4:9|5:7|6:6|6:7|6:8|6:9|7:6|7:7|7:8|7:9|8:9|9:8|9:9,704
826,2554,0.455136757838559,4.0,4.0,0.0,4.0,39,victory,1,0,,0,28,28,0:0|0:1|1:1|1:2|2:2|2:4|2:5|2:6|2:7|2:8|3:2|3:4|3:8|3:9|4:2|4:3|4:4|4:7|4:8|5:7|6:6|6:7|6:8|7:8|7:9|8:9|9:8|9:9,704
827,2555,0.45447631754503004,4.0,4.0,0.0,4.0,53,victory,1,0,,0,33,32,0:0|0:1|0:4|1:0|1:1|1:2|1:4|1:5|2:2|2:4|2:5|2:6|2:7|2:8|3:2|3:3|3:4|3:8|4:2|4:3|4:4|4:7|4:8|5:7|6:7|6:8|6:9|7:8|7:9|8:9|9:8|9:9,704
828,2556,0.45381587725150097,4.0,4.0,0.0,4.0,51,victory,1,0,,0,31,31,0:0|0:1|0:2|1:0|1:2|2:2|2:4|2:5|2:6|2:7|2:8|3:1|3:2|3:4|3:8|4:2|4:3|4:4|4:6|4:7|4:8|5:6|5:7|5:8|6:7|6:8|7:8|7:9|8:9|9:8|9:9,704
829,2557,0.453155436957972,4.0,4.0,0.0,4.0,46,victory,1,0,,0,30,28,0:0|0:1|0:2|1:1|1:2|2:1|2:2|2:4|2:5|2:6|2:7|2:8|3:2|3:3|3:4|3:8|4:2|4:7|4:8|4:9|5:7|6:7|6:8|6:9|7:9|8:9|9:8|9:9,704
830,2558,0.45249499666444304,4.0,4.0,0.0,4.0,42,victory,1,0,,0,30,30,0:0|0:1|1:1|1:2|1:4|2:2|2:4|2:5|2:6|2:7|2:8|3:2|3:3|3:4|3:8|4:1|4:2|4:3|4:4|4:7|4:8|5:7|6:7|6:8|6:9|7:8|7:9|8:9|9:8|9:9,704
831,2559,0.45183455637091396,4.0,4.0,0.0,4.0,50,victory,1,0,,0,35,34,0:0|0:1|0:2|1:1|1:2|2:2|2:4|2:5|2:6|2:7|2:8|3:2|3:3|3:4|3:8|3:9|4:2|4:3|4:5|4:6|4:7|4:8|5:5|5:6|5:7|6:5|6:6|6:7|6:8|6:9|7:9|8:9|9:8|9:9,704
832,2560,0.451174116077385,4.0,4.0,0.0,4.0,44,victory,1,0,,0,27,27,0:0|0:1|0:2|1:2|2:2|2:4|2:5|2:6|2:7|2:8|3:2|3:4|3:8|4:1|4:2|4:3|4:4|4:7|4:8|5:7|6:7|7:7|7:8|7:9|8:9|9:8|9:9,704
833,2561,0.4505136757838559,4.0,4.0,0.0,4.0,52,victory,1,0,,0,34,33,0:0|0:1|0:5|1:1|1:4|1:5|2:0|2:1|2:2|2:4|2:5|2:6|2:7|2:8|3:2|3:3|3:4|3:8|4:2|4:3|4:4|4:7|4:8|5:3|5:7|5:8|6:7|6:8|7:8|7:9|8:9|9:8|9:9,704
834,2562,0.44985323549032685,4.0,4.0,0.0,4.0,51,victory,1,0,,0,30,30,0:0|0:1|0:2|1:0|1:1|1:2|1:6|1:8|2:2|2:4|2:5|2:6|2:7|2:8|3:2|3:4|3:8|4:2|4:3|4:4|4:7|4:8|5:7|6:7|6:8|6:9|7:9|8:9|9:8|9:9,704
835,2563,0.4491927951967979,4.0,4.0,0.0,4.0,52,victory,1,0,,0,30,30,0:0|0:1|0:2|1:2|1:4|1:7|1:8|2:2|2:4|2:5|2:6|2:7|2:8|3:2|3:3|3:4|3:8|4:2|4:3|4:4|4:7|4:8|5:7|6:7|6:8|7:8|7:9|8:9|9:8|9:9,704
836,2564,0.4485323549032688,4.0,4.0,0.0,4.0,58,victory,1,0,,0,30,30,0:0|0:1|0:2|1:2|1:8|2:2|2:4|2:5|2:6|2:7|2:8|2:9|3:2|3:4|3:8|3:9|4:2|4:3|4:4|4:7|4:8|4:9|5:7|6:7|7:7|7:8|7:9|8:9|9:8|9:9,704
837,2565,0.44787191460973985,4.0,4.0,0.0,4.0,63,victory,1,0,,0,36,33,0:0|0:1|0:2|1:1|1:2|1:8|2:2|2:4|2:5|2:6|2:7|2:8|2:9|3:1|3:2|3:3|3:4|3:8|3:9|4:2|4:3|4:4|4:7|4:8|4:9|5:7|6:7|6:8|7:8|7:9|8:9|9:8|9:9,704
838,2566,0.4472114743162108,4.0,4.0,0.0,4.0,48,victory,1,0,,0,30,29,0:0|0:1|0:2|1:2|1:6|2:2|2:4|2:5|2:6|2:7|2:8|3:2|3:4|3:8|4:2|4:3|4:4|4:7|4:8|5:7|6:6|6:7|6:8|7:7|7:8|7:9|8:9|9:8|9:9,704
839,2567,0.4465510340226818,4.0,4.0,0.0,4.0,62,victory,1,0,,0,32,31,0:0|0:1|0:2|1:2|1:5|2:2|2:4|2:5|2:6|2:7|2:8|3:2|3:3|3:4|3:8|3:9|4:2|4:6|4:7|4:8|5:7|5:8|6:6|6:7|6:8|7:7|7:8|7:9|8:9|9:8|9:9,704
840,2568,0.44589059372915285,4.0,4.0,0.0,4.0,60,victory,1,0,,0,37,35,0:0|0:1|0:2|1:2|2:1|2:2|2:4|2:5|2:6|2:7|2:8|3:1|3:2|3:3|3:4|3:8|3:9|4:2|4:3|4:4|4:5|4:6|4:7|4:8|4:9|5:2|5:7|6:7|6:8|7:7|7:8|7:9|8:9|9:8|9:9,704
841,2569,0.4452301534356238,4.0,4.0,0.0,4.0,48,victory,1,0,,0,35,33,0:0|0:1|0:2|1:2|1:5|2:2|2:4|2:5|2:6|2:7|2:8|3:0|3:1|3:2|3:4|3:8|3:9|4:2|4:3|4:4|4:5|4:7|4:8|4:9|5:7|5:8|6:7|6:8|7:8|7:9|8:9|9:8|9:9,704
842,2570,0.4445697131420948,4.0,4.0,0.0,4.0,45,victory,1,0,,0,32,31,0:0|0:1|0:2|1:2|2:0|2:1|2:2|2:4|2:5|2:6|2:7|2:8|3:1|3:2|3:4|3:8|4:2|4:3|4:4|4:7|4:8|5:6|5:7|6:6|6:7|6:8|7:8|7:9|8:9|9:8|9:9,704
843,2571,0.44390927284856574,4.0,4.0,0.0,4.0,59,victory,1,0,,0,34,32,0:0|0:1|0:2|0:7|0:8|1:2|1:6|1:7|1:8|2:2|2:4|2:5|2:6|2:7|2:8|3:2|3:3|3:4|3:8|4:2|4:3|4:4|4:7|4:8|5:7|6:7|6:8|7:8|7:9|8:9|9:8|9:9,704
844,2572,0.44324883255503666,4.0,4.0,0.0,4.0,56,victory,1,0,,0,38,36,0:0|0:1|0:2|0:6|1:2|1:4|1:5|1:6|1:7|1:8|2:2|2:4|2:5|2:6|2:7|2:8|3:2|3:3|3:4|3:8|4:2|4:3|4:6|4:7|4:8|4:9|5:7|5:8|6:7|6:8|7:7|7:8|7:9|8:9|9:8|9:9,704
845,2573,0.4425883922615077,4.0,4.0,0.0,4.0,37,victory,1,0,,0,30,28,0:0|0:1|0:2|1:2|1:7|2:2|2:4|2:5|2:6|2:7|2:8|3:2|3:3|3:4|3:8|4:2|4:3|4:6|4:7|4:8|5:7|6:7|6:8|7:8|7:9|8:9|9:8|9:9,704
846,2574,0.4419279519679786,4.0,4.0,0.0,4.0,44,victory,1,0,,0,29,29,0:0|0:1|0:2|1:0|1:2|1:4|2:2|2:4|2:5|2:6|2:7|2:8|3:2|3:3|3:4|3:8|4:2|4:3|4:4|4:7|4:8|5:7|6:7|6:8|6:9|7:9|8:9|9:8|9:9,704
847,2575,0.44126751167444955,4.0,4.0,0.0,4.0,45,victory,1,0,,0,31,31,0:0|0:1|0:2|1:2|1:7|2:2|2:4|2:5|2:6|2:7|2:8|3:1|3:2|3:3|3:4|3:8|4:2|4:3|4:4|4:7|4:8|5:7|5:8|5:9|6:7|7:7|7:8|7:9|8:9|9:8|9:9,704
848,2576,0.4406070713809206,4.0,4.0,0.0,4.0,55,victory,1,0,,0,35,35,0:0|0:1|0:2|1:2|2:2|2:4|2:5|2:6|2:7|2:8|3:2|3:4|3:8|4:0|4:1|4:2|4:3|4:4|4:5|4:6|4:7|4:8|5:0|5:2|5:6|5:7|6:7|6:9|7:6|7:7|7:8|7:9|8:9|9:8|9:9,704
849,2577,0.4399466310873915,4.0,4.0,0.0,4.0,43,victory,1,0,,0,29,28,0:0|0:1|0:2|1:2|1:7|2:2|2:4|2:5|2:6|2:7|2:8|3:2|3:3|3:4|3:8|4:2|4:7|4:8|5:7|6:7|6:8|7:6|7:7|7:8|7:9|8:9|9:8|9:9,704
850,2578,0.43928619079386266,4.0,4.0,0.0,4.0,41,victory,1,0,,0,30,30,0:0|0:1|0:2|1:2|1:4|1:5|2:2|2:4|2:5|2:6|2:7|2:8|3:2|3:4|3:8|4:2|4:3|4:4|4:7|4:8|5:7|6:7|6:8|6:9|7:7|7:8|7:9|8:9|9:8|9:9,704
851,2579,0.4386257505003336,4.0,4.0,0.0,4.0,42,victory,1,0,,0,30,29,0:0|0:1|0:2|1:2|1:5|2:1|2:2|2:4|2:5|2:6|2:7|2:8|3:2|3:4|3:8|4:2|4:3|4:4|4:7|4:8|5:3|5:7|6:7|6:8|7:8|7:9|8:9|9:8|9:9,704
852,2580,0.4379653102068045,4.0,4.0,0.0,4.0,41,victory,1,0,,0,33,31,0:0|0:1|0:2|1:1|1:2|2:2|2:4|2:5|2:6|2:7|2:8|3:2|3:3|3:4|3:8|4:2|4:3|4:7|4:8|5:2|5:3|5:7|5:8|6:7|6:8|7:7|7:8|7:9|8:9|9:8|9:9,704
853,2581,0.43730486991327555,4.0,4.0,0.0,4.0,50,victory,1,0,,0,33,33,0:0|0:1|0:2|1:2|1:4|2:2|2:4|2:5|2:6|2:7|2:8|3:1|3:2|3:4|3:8|3:9|4:2|4:3|4:4|4:6|4:7|4:8|5:6|5:7|5:8|6:6|6:7|6:8|7:8|7:9|8:9|9:8|9:9,704
854,2582,0.4366444296197465,4.0,4.0,0.0,4.0,36,victory,1,0,,0,29,29,0:0|0:1|0:2|1:2|1:8|2:2|2:4|2:5|2:6|2:7|2:8|3:2|3:3|3:4|3:8|4:2|4:3|4:4|4:7|4:8|5:7|6:7|7:6|7:7|7:8|7:9|8:9|9:8|9:9,704
855,2583,0.4359839893262175,4.0,4.0,0.0,4.0,40,victory,1,0,,0,31,30,0:0|0:1|0:2|1:0|1:1|1:2|1:5|2:2|2:4|2:5|2:6|2:7|2:8|3:2|3:4|3:8|4:2|4:3|4:4|4:5|4:8|5:8|6:7|6:8|7:7|7:8|7:9|8:9|9:8|9:9,704
856,2584,0.43532354903268844,4.0,4.0,0.0,4.0,59,victory,1,0,,0,36,35,0:0|0:1|0:2|1:2|2:2|2:4|2:5|2:6|2:7|2:8|3:1|3:2|3:4|3:8|4:2|4:3|4:4|4:5|4:6|4:7|4:8|5:3|5:7|6:3|6:7|6:8|7:2|7:3|7:8|7:9|8:3|8:4|8:9|9:8|9:9,704
857,2585,0.43466310873915937,4.0,4.0,0.0,4.0,41,victory,1,0,,0,29,29,0:0|0:1|0:2|1:2|2:2|2:4|2:5|2:6|2:7|2:8|3:1|3:2|3:4|3:8|4:2|4:3|4:4|4:7|4:8|5:7|5:9|6:7|6:8|6:9|7:8|7:9|8:9|9:8|9:9,704
858,2586,0.4340026684456304,4.0,4.0,0.0,4.0,52,victory,1,0,,0,31,30,0:0|0:1|0:2|0:8|1:2|1:5|1:8|2:2|2:4|2:5|2:6|2:7|2:8|3:2|3:4|3:8|4:2|4:3|4:4|4:7|4:8|5:7|6:6|6:7|6:8|7:8|7:9|8:9|9:8|9:9,704
859,2587,0.4333422281521013,4.0,4.0,0.0,4.0,59,victory,1,0,,0,34,32,0:0|0:1|0:2|1:2|2:0|2:1|2:2|2:4|2:5|2:6|2:7|2:8|3:0|3:1|3:2|3:4|3:8|4:2|4:3|4:4|4:7|4:8|4:9|5:7|5:8|6:7|6:8|6:9|7:9|8:9|9:8|9:9,704
860,2588,0.4326817878585725,4.0,4.0,0.0,4.0,37,victory,1,0,,0,31,29,0:0|0:1|0:2|1:2|1:4|2:1|2:2|2:4|2:5|2:6|2:7|2:8|3:1|3:2|3:3|3:4|3:8|3:9|4:2|4:7|4:8|5:7|6:7|6:8|7:8|7:9|8:9|9:8|9:9,704
861,2589,0.4320213475650434,4.0,4.0,0.0,4.0,42,victory,1,0,,0,30,30,0:0|0:1|0:2|0:8|1:2|1:8|1:9|2:2|2:4|2:5|2:6|2:7|2:8|3:2|3:4|3:8|4:2|4:3|4:4|4:7|4:8|5:7|6:6|6:7|6:8|7:8|7:9|8:9|9:8|9:9,704
862,2590,0.4313609072715143,4.0,4.0,0.0,4.0,42,victory,1,0,,0,27,27,0:0|0:1|0:2|1:2|2:2|2:4|2:5|2:6|2:7|2:8|3:2|3:4|3:8|4:2|4:3|4:4|4:5|4:7|4:8|5:7|6:7|6:8|7:8|7:9|8:9|9:8|9:9,704
863,2591,0.43070046697798536,4.0,4.0,0.0,4.0,39,victory,1,0,,0,31,31,0:0|0:1|0:2|1:2|2:2|2:4|2:5|2:6|2:7|2:8|3:2|3:4|3:8|3:9|4:2|4:3|4:4|4:7|4:8|4:9|5:2|5:3|5:7|5:8|6:7|6:8|7:8|7:9|8:9|9:8|9:9,704
864,2592,0.4300400266844563,4.0,4.0,0.0,4.0,56,victory,1,0,,0,31,31,0:0|0:1|0:2|1:2|2:2|2:4|2:5|2:6|2:7|2:8|2:9|3:2|3:4|3:8|4:2|4:3|4:4|4:5|4:6|4:7|4:8|5:2|5:3|5:7|6:7|6:8|7:8|7:9|8:9|9:8|9:9,704
865,2593,0.4293795863909273,4.0,4.0,0.0,4.0,36,victory,1,0,,0,30,29,0:0|0:1|0:2|1:2|2:2|2:4|2:5|2:6|2:7|2:8|3:2|3:4|3:8|4:2|4:3|4:4|4:6|4:7|4:8|5:6|5:7|6:6|6:7|6:8|7:8|7:9|8:9|9:8|9:9,704
866,2594,0.42871914609739825,4.0,4.0,0.0,4.0,42,victory,1,0,,0,31,31,0:0|0:1|0:2|1:2|2:2|2:4|2:5|2:6|2:7|2:8|3:2|3:3|3:4|3:8|3:9|4:2|4:3|4:7|4:8|4:9|5:3|5:5|5:6|5:7|6:7|6:8|7:8|7:9|8:9|9:8|9:9,704
867,2595,0.4280587058038692,4.0,4.0,0.0,4.0,50,victory,1,0,,0,32,32,0:0|0:1|0:2|1:0|1:1|1:2|2:1|2:2|2:4|2:5|2:6|2:7|2:8|3:1|3:2|3:4|3:8|4:2|4:3|4:4|4:5|4:7|4:8|5:5|5:7|6:7|6:8|6:9|7:9|8:9|9:8|9:9,704
868,2596,0.4273982655103402,4.0,4.0,0.0,4.0,43,victory,1,0,,0,33,32,0:0|0:1|0:2|1:1|1:2|1:7|2:1|2:2|2:4|2:5|2:6|2:7|2:8|2:9|3:2|3:3|3:4|3:8|4:2|4:3|4:7|4:8|5:7|6:6|6:7|7:6|7:7|7:8|7:9|8:9|9:8|9:9,704
869,2597,0.42673782521681114,4.0,4.0,0.0,4.0,62,victory,1,0,,0,34,32,0:0|0:1|0:2|1:2|1:8|2:2|2:4|2:5|2:6|2:7|2:8|2:9|3:2|3:3|3:4|3:8|3:9|4:2|4:7|4:8|4:9|5:2|5:7|5:8|6:7|6:8|7:7|7:8|7:9|8:9|9:8|9:9,704
870,2598,0.4260773849232822,4.0,4.0,0.0,4.0,40,victory,1,0,,0,31,31,0:0|0:1|0:2|0:4|1:2|1:4|1:6|1:7|2:2|2:4|2:5|2:6|2:7|2:8|3:2|3:4|3:8|4:2|4:3|4:4|4:7|4:8|5:7|5:8|6:7|6:8|7:8|7:9|8:9|9:8|9:9,704
871,2599,0.4254169446297532,4.0,4.0,0.0,4.0,31,victory,1,0,,0,28,28,0:0|0:1|0:2|1:2|2:2|2:4|2:5|2:6|2:7|2:8|3:2|3:3|3:4|3:8|4:2|4:3|4:4|4:7|4:8|5:7|5:8|6:7|6:8|7:8|7:9|8:9|9:8|9:9,704
872,2600,0.42475650433622414,4.0,4.0,0.0,4.0,41,victory,1,0,,0,33,32,0:0|0:1|0:2|1:2|1:8|1:9|2:2|2:4|2:5|2:6|2:7|2:8|2:9|3:1|3:2|3:3|3:4|3:8|4:1|4:2|4:3|4:4|4:7|4:8|5:7|6:7|6:8|7:8|7:9|8:9|9:8|9:9,704
873,2601,0.4240960640426952,4.0,4.0,0.0,4.0,46,victory,1,0,,0,28,28,0:0|0:1|0:2|1:2|1:4|2:1|2:2|2:4|2:5|2:6|2:7|2:8|3:2|3:4|3:8|4:2|4:3|4:4|4:7|4:8|5:7|6:7|6:8|7:8|7:9|8:9|9:8|9:9,704
874,2602,0.4234356237491661,4.0,4.0,0.0,4.0,68,victory,1,0,,0,34,32,0:0|0:1|0:2|1:0|1:1|1:2|1:6|1:7|2:2|2:4|2:5|2:6|2:7|2:8|3:2|3:3|3:4|3:8|4:2|4:3|4:4|4:7|4:8|5:7|5:8|6:7|7:7|7:8|7:9|8:9|9:8|9:9,704
875,2603,0.42277518345563714,4.0,4.0,0.0,4.0,71,victory,1,0,,0,37,37,0:0|0:1|0:2|1:0|1:1|1:2|1:4|1:6|1:7|2:1|2:2|2:4|2:5|2:6|2:7|2:8|2:9|3:1|3:2|3:4|3:8|4:1|4:2|4:3|4:4|4:7|4:8|5:1|5:7|6:7|6:8|7:7|7:8|7:9|8:9|9:8|9:9,704
876,2604,0.42211474316210806,4.0,4.0,0.0,4.0,47,victory,1,0,,0,30,30,0:0|0:1|0:2|1:1|1:2|1:6|2:2|2:4|2:5|2:6|2:7|2:8|3:2|3:4|3:8|3:9|4:2|4:3|4:4|4:7|4:8|5:7|5:8|6:7|6:8|7:8|7:9|8:9|9:8|9:9,704
877,2605,0.421454302868579,4.0,4.0,0.0,4.0,53,victory,1,0,,0,35,34,0:0|0:1|0:2|0:4|1:2|1:4|1:5|1:6|1:7|2:2|2:4|2:6|2:7|2:8|3:1|3:2|3:4|3:8|3:9|4:1|4:2|4:3|4:4|4:5|4:7|4:8|5:7|6:7|6:8|7:8|7:9|8:9|9:8|9:9,704
878,2606,0.42079386257505,4.0,4.0,0.0,4.0,75,victory,1,0,,0,38,36,0:0|0:1|0:2|0:8|1:2|1:7|1:8|2:2|2:4|2:5|2:6|2:7|2:8|2:9|3:0|3:1|3:2|3:3|3:4|3:8|4:2|4:3|4:4|4:7|4:8|5:3|5:7|5:8|6:6|6:7|6:8|7:8|7:9|8:9|9:8|9:9,704
879,2607,0.42013342228152095,4.0,4.0,0.0,4.0,52,victory,1,0,,0,35,34,0:0|0:1|0:2|0:4|0:6|1:2|1:4|1:5|1:6|2:2|2:4|2:6|2:7|2:8|3:2|3:4|3:8|4:2|4:3|4:4|4:7|4:8|5:6|5:7|6:6|6:7|6:8|6:9|7:7|7:8|7:9|8:9|9:8|9:9,704
880,2608,0.419472981987992,4.0,4.0,0.0,4.0,47,victory,1,0,,0,29,28,0:0|0:1|0:2|1:1|1:2|2:2|2:4|2:5|2:6|2:7|2:8|3:2|3:3|3:4|3:8|4:2|4:7|4:8|5:7|6:6|6:7|7:6|7:7|7:8|7:9|8:9|9:8|9:9,704
881,2609,0.418812541694463,4.0,4.0,0.0,4.0,46,victory,1,0,,0,31,28,0:0|0:1|0:2|1:2|1:8|2:2|2:4|2:5|2:6|2:7|2:8|3:2|3:3|3:4|3:8|4:2|4:8|5:7|5:8|5:9|6:7|6:8|6:9|7:8|7:9|8:9|9:8|9:9,704
882,2610,0.41815210140093395,4.0,4.0,0.0,4.0,58,victory,1,0,,0,32,30,0:0|1:0|1:1|1:2|1:8|2:2|2:4|2:5|2:6|2:7|2:8|3:2|3:3|3:4|3:8|4:2|4:3|4:4|4:7|4:8|5:1|5:2|5:7|6:7|6:8|7:8|7:9|8:9|9:8|9:9,704
883,2611,0.417491661107405,4.0,4.0,0.0,4.0,50,victory,1,0,,0,31,30,0:0|0:1|0:2|1:2|2:2|2:4|2:5|2:6|2:7|2:8|3:2|3:4|3:8|3:9|4:2|4:3|4:4|4:5|4:7|4:8|5:6|5:7|6:6|6:7|6:8|6:9|7:9|8:9|9:8|9:9,704
884,2612,0.4168312208138759,4.0,4.0,0.0,4.0,54,victory,1,0,,0,35,35,0:0|0:1|0:2|1:2|2:2|2:4|2:5|2:6|2:7|2:8|2:9|3:2|3:4|3:8|3:9|4:1|4:2|4:3|4:4|4:7|4:8|4:9|5:1|5:2|5:3|5:7|5:8|6:3|6:7|6:8|7:8|7:9|8:9|9:8|9:9,704
885,2613,0.41617078052034695,4.0,4.0,0.0,4.0,33,victory,1,0,,0,28,28,0:0|0:1|0:2|1:2|1:4|1:6|2:2|2:4|2:5|2:6|2:7|2:8|3:2|3:4|3:8|4:2|4:3|4:4|4:7|4:8|5:7|6:7|6:8|7:8|7:9|8:9|9:8|9:9,704
886,2614,0.4155103402268179,4.0,4.0,0.0,4.0,52,victory,1,0,,0,32,32,0:0|0:1|0:2|0:5|1:1|1:2|1:5|1:6|1:7|2:2|2:4|2:5|2:6|2:7|2:8|3:2|3:4|3:8|4:2|4:3|4:4|4:7|4:8|5:6|5:7|6:7|6:8|7:8|7:9|8:9|9:8|9:9,704
887,2615,0.4148498999332888,4.0,4.0,0.0,4.0,35,victory,1,0,,0,29,28,0:0|0:1|1:1|1:2|2:2|2:4|2:5|2:6|2:7|2:8|2:9|3:1|3:2|3:3|3:4|3:8|4:2|4:3|4:7|4:8|5:7|6:7|6:8|7:8|7:9|8:9|9:8|9:9,704
888,2616,0.41418945963975984,4.0,4.0,0.0,4.0,45,victory,1,0,,0,30,30,0:0|0:1|0:2|1:2|2:2|2:4|2:5|2:6|2:7|2:8|3:2|3:3|3:4|3:8|4:2|4:3|4:4|4:5|4:7|4:8|5:6|5:7|6:7|6:8|6:9|7:8|7:9|8:9|9:8|9:9,704
889,2617,0.41352901934623076,4.0,4.0,0.0,4.0,51,victory,1,0,,0,33,31,0:0|0:1|0:2|1:2|1:4|1:5|1:6|2:2|2:4|2:5|2:6|2:7|2:8|3:2|3:4|3:8|4:2|4:3|4:4|4:7|4:8|5:7|5:8|5:9|6:7|6:8|7:8|7:9|8:9|9:8|9:9,704
890,2618,0.4128685790527018,4.0,4.0,0.0,4.0,34,victory,1,0,,0,27,26,0:0|0:1|0:2|1:2|2:2|2:4|2:5|2:6|2:7|2:8|2:9|3:2|3:3|3:4|3:8|4:2|4:8|5:7|5:8|6:7|6:8|7:8|7:9|8:9|9:8|9:9,704
891,2619,0.4122081387591727,4.0,4.0,0.0,4.0,39,victory,1,0,,0,30,29,0:0|0:1|0:2|1:2|1:6|2:2|2:4|2:5|2:6|2:7|2:8|3:2|3:4|3:8|4:2|4:3|4:4|4:7|4:8|5:3|5:7|6:3|6:7|6:8|7:8|7:9|8:9|9:8|9:9,704
892,2620,0.41154769846564376,4.0,4.0,0.0,4.0,68,victory,1,0,,0,34,33,0:0|0:7|1:0|1:1|1:2|1:6|1:7|1:8|1:9|2:2|2:4|2:5|2:6|2:7|2:8|2:9|3:2|3:3|3:4|3:8|4:2|4:3|4:4|4:8|5:7|5:8|6:7|6:8|7:8|7:9|8:9|9:8|9:9,704
893,2621,0.4108872581721148,4.0,4.0,0.0,4.0,38,victory,1,0,,0,30,30,0:0|0:1|1:1|1:2|2:2|2:4|2:5|2:6|2:7|2:8|2:9|3:2|3:4|3:8|3:9|4:2|4:3|4:4|4:7|4:8|4:9|5:6|5:7|6:7|6:8|7:8|7:9|8:9|9:8|9:9,704
894,2622,0.4102268178785857,4.0,4.0,0.0,4.0,53,victory,1,0,,0,37,35,0:0|0:1|0:2|1:1|1:2|1:4|1:6|2:2|2:4|2:5|2:6|2:7|2:8|3:1|3:2|3:4|3:8|4:2|4:3|4:4|4:5|4:7|4:8|5:5|5:7|5:8|5:9|6:7|6:8|6:9|7:8|7:9|8:9|9:8|9:9,704
895,2623,0.40956637758505676,4.0,4.0,0.0,4.0,44,victory,1,0,,0,32,32,0:0|0:1|0:2|0:7|0:8|1:1|1:2|1:7|1:8|2:2|2:4|2:5|2:6|2:7|2:8|3:2|3:3|3:4|3:8|4:2|4:3|4:7|4:8|5:7|6:7|6:8|6:9|7:8|7:9|8:9|9:8|9:9,704
896,2624,0.4089059372915277,4.0,4.0,0.0,4.0,59,victory,1,0,,0,39,38,0:0|0:1|0:2|0:4|0:5|0:6|0:7|1:1|1:2|1:4|1:5|1:6|1:7|2:1|2:2|2:4|2:5|2:6|2:7|2:8|3:2|3:3|3:4|3:8|4:2|4:4|4:8|4:9|5:7|5:8|5:9|6:7|6:8|7:8|7:9|8:9|9:8|9:9,704
897,2625,0.4082454969979986,4.0,4.0,0.0,4.0,54,victory,1,0,,0,30,30,0:0|0:1|0:2|0:4|0:5|1:2|1:4|2:2|2:4|2:5|2:6|2:7|2:8|3:2|3:4|3:8|4:2|4:3|4:4|4:7|4:8|5:7|6:6|6:7|6:8|7:8|7:9|8:9|9:8|9:9,704
898,2626,0.40758505670446965,4.0,4.0,0.0,4.0,49,victory,1,0,,0,32,32,0:0|0:1|0:2|0:5|1:2|1:5|2:2|2:4|2:5|2:6|2:7|2:8|3:2|3:4|3:8|3:9|4:2|4:3|4:4|4:6|4:7|4:8|5:6|5:7|5:8|6:7|6:8|7:8|7:9|8:9|9:8|9:9,704
899,2627,0.4069246164109406,4.0,4.0,0.0,4.0,28,victory,1,0,,0,27,26,0:0|0:1|0:2|1:2|2:2|2:4|2:5|2:6|2:7|2:8|3:2|3:3|3:4|3:8|4:2|4:7|4:8|5:7|5:8|6:7|6:8|7:8|7:9|8:9|9:8|9:9,704
900,2628,0.4062641761174116,4.0,4.0,0.0,4.0,58,victory,1,0,,0,31,31,0:0|0:1|1:1|1:2|1:6|1:7|2:2|2:4|2:5|2:6|2:7|2:8|3:2|3:4|3:8|3:9|4:2|4:3|4:4|4:7|4:8|4:9|5:7|6:6|6:7|7:7|7:8|7:9|8:9|9:8|9:9,704
901,2629,0.40560373582388254,4.0,4.0,0.0,4.0,52,victory,1,0,,0,31,30,0:0|0:1|1:1|1:2|1:4|1:8|2:2|2:4|2:5|2:6|2:7|2:8|3:1|3:2|3:3|3:4|3:8|4:2|4:3|4:4|4:7|4:8|5:7|6:7|6:8|7:8|7:9|8:9|9:8|9:9,704
902,2630,0.4049432955303536,4.0,4.0,0.0,4.0,40,victory,1,0,,0,29,28,0:0|0:1|0:2|1:2|1:8|2:2|2:4|2:5|2:6|2:7|2:8|3:2|3:4|3:8|4:1|4:2|4:3|4:4|4:7|4:8|5:7|6:7|6:8|7:8|7:9|8:9|9:8|9:9,704
903,2631,0.4042828552368246,4.0,4.0,0.0,4.0,46,victory,1,0,,0,30,30,0:0|0:1|0:2|1:2|1:4|2:2|2:4|2:5|2:6|2:7|2:8|3:0|3:1|3:2|3:3|3:4|3:8|4:2|4:3|4:4|4:7|4:8|5:7|6:7|6:8|7:8|7:9|8:9|9:8|9:9,704
904,2632,0.40362241494329554,4.0,4.0,0.0,4.0,47,victory,1,0,,0,34,33,0:0|0:1|0:2|1:2|1:8|1:9|2:2|2:4|2:5|2:6|2:7|2:8|2:9|3:2|3:4|3:8|3:9|4:2|4:3|4:4|4:8|5:2|5:8|5:9|6:7|6:8|6:9|7:7|7:8|7:9|8:9|9:8|9:9,704
905,2633,0.4029619746497666,4.0,4.0,0.0,4.0,61,victory,1,0,,0,32,32,0:0|0:1|0:2|1:2|1:5|2:2|2:4|2:5|2:6|2:7|2:8|2:9|3:2|3:4|3:8|3:9|4:2|4:3|4:4|4:7|4:8|5:2|5:3|5:7|5:8|6:7|6:8|7:8|7:9|8:9|9:8|9:9,704
906,2634,0.4023015343562375,4.0,4.0,0.0,4.0,41,victory,1,0,,0,28,28,0:0|0:1|0:2|1:2|1:4|2:2|2:4|2:5|2:6|2:7|2:8|3:2|3:4|3:8|4:2|4:3|4:4|4:8|5:7|5:8|6:7|6:8|7:7|7:8|7:9|8:9|9:8|9:9,704
907,2635,0.4016410940627084,4.0,4.0,0.0,4.0,44,victory,1,0,,0,31,31,0:0|0:1|0:2|1:2|2:2|2:4|2:5|2:6|2:7|2:8|3:1|3:2|3:3|3:4|3:8|3:9|4:2|4:3|4:4|4:7|4:8|5:2|5:7|6:6|6:7|6:8|7:8|7:9|8:9|9:8|9:9,704
908,2636,0.40098065376917946,4.0,4.0,0.0,4.0,49,victory,1,0,,0,31,30,0:0|0:1|0:2|1:1|1:2|2:2|2:4|2:5|2:6|2:7|2:8|3:1|3:2|3:3|3:4|3:8|4:2|4:3|4:4|4:7|4:8|4:9|5:7|6:7|7:7|7:8|7:9|8:9|9:8|9:9,704
909,2637,0.4003202134756504,4.0,4.0,0.0,4.0,58,victory,1,0,,0,34,34,0:0|1:0|1:1|1:2|1:5|2:0|2:1|2:2|2:4|2:5|2:6|2:7|2:8|3:2|3:3|3:4|3:8|3:9|4:2|4:3|4:6|4:7|4:8|5:0|5:1|5:2|5:7|6:7|6:8|7:8|7:9|8:9|9:8|9:9,704
910,2638,0.3996597731821214,4.0,4.0,0.0,4.0,50,victory,1,0,,0,33,33,0:0|0:1|0:2|1:0|1:1|1:2|1:5|1:6|1:8|2:2|2:4|2:5|2:6|2:7|2:8|3:2|3:4|3:8|4:2|4:3|4:4|4:7|4:8|5:6|5:7|5:8|6:7|6:8|7:8|7:9|8:9|9:8|9:9,704
911,2639,0.39899933288859235,4.0,4.0,0.0,4.0,51,victory,1,0,,0,29,29,0:0|0:1|0:2|1:2|2:2|2:4|2:5|2:6|2:7|2:8|3:2|3:3|3:4|3:8|4:2|4:3|4:4|4:8|5:7|5:8|6:7|6:8|7:6|7:7|7:8|7:9|8:9|9:8|9:9,704
912,2640,0.3983388925950634,4.0,4.0,0.0,4.0,45,victory,1,0,,0,34,30,0:0|0:1|1:1|1:4|1:8|2:1|2:2|2:4|2:5|2:6|2:7|2:8|3:2|3:3|3:4|3:8|4:2|4:3|4:4|4:7|4:8|5:7|6:6|6:7|6:8|7:8|7:9|8:9|9:8|9:9,704
913,2641,0.3976784523015344,4.0,4.0,0.0,4.0,51,victory,1,0,,0,35,33,0:0|0:1|0:2|1:2|1:5|1:6|2:2|2:4|2:5|2:6|2:7|2:8|3:2|3:3|3:4|3:8|4:2|4:3|4:4|4:8|5:3|5:7|5:8|5:9|6:6|6:7|6:8|6:9|7:8|7:9|8:9|9:8|9:9,704
914,2642,0.39701801200800535,4.0,4.0,0.0,4.0,34,victory,1,0,,0,27,26,0:0|0:1|0:2|1:2|2:1|2:2|2:4|2:5|2:6|2:7|2:8|3:2|3:3|3:4|3:8|4:2|4:7|4:8|5:7|6:7|7:7|7:8|7:9|8:9|9:8|9:9,704
915,2643,0.3963575717144764,4.0,4.0,0.0,4.0,45,victory,1,0,,0,30,29,0:0|0:1|0:2|1:2|2:1|2:2|2:4|2:5|2:6|2:7|2:8|3:2|3:3|3:4|3:8|4:2|4:3|4:4|4:7|4:8|5:7|6:7|6:8|6:9|7:8|7:9|8:9|9:8|9:9,704
916,2644,0.3956971314209473,4.0,4.0,0.0,4.0,55,victory,1,0,,0,31,30,0:0|0:1|0:2|1:2|1:7|2:2|2:4|2:5|2:6|2:7|2:8|3:2|3:3|3:4|3:8|4:2|4:3|4:4|4:5|4:7|4:8|5:7|6:7|6:8|7:7|7:8|7:9|8:9|9:8|9:9,704
917,2645,0.39503669112741824,4.0,4.0,0.0,4.0,52,victory,1,0,,0,38,33,0:0|0:1|0:2|0:5|1:2|1:4|1:5|1:6|1:7|2:2|2:4|2:5|2:6|2:7|2:8|3:2|3:4|3:8|4:2|4:3|4:4|4:7|4:8|5:7|5:8|6:7|6:8|6:9|7:8|7:9|8:9|9:8|9:9,704
918,2646,0.3943762508338893,4.0,4.0,0.0,4.0,50,victory,1,0,,0,34,33,0:0|0:1|0:2|1:2|2:2|2:4|2:5|2:6|2:7|2:8|3:1|3:2|3:4|3:8|4:1|4:2|4:3|4:4|4:7|4:8|5:0|5:1|5:2|5:7|5:9|6:7|6:8|6:9|7:8|7:9|8:9|9:8|9:9,704
919,2647,0.3937158105403602,4.0,4.0,0.0,4.0,45,victory,1,0,,0,33,32,0:0|0:1|0:2|1:1|1:2|1:6|2:1|2:2|2:4|2:5|2:6|2:7|2:8|3:2|3:4|3:8|4:2|4:3|4:4|4:7|4:8|5:6|5:7|6:7|6:8|6:9|7:7|7:8|7:9|8:9|9:8|9:9,704
920,2648,0.39305537024683124,4.0,4.0,0.0,4.0,41,victory,1,0,,0,27,27,0:0|1:0|1:1|1:2|1:8|2:2|2:4|2:5|2:6|2:7|2:8|3:2|3:3|3:4|3:8|4:2|4:3|4:7|4:8|5:7|6:7|7:7|7:8|7:9|8:9|9:8|9:9,704
921,2649,0.39239492995330216,4.0,4.0,0.0,4.0,40,victory,1,0,,0,28,28,0:0|0:1|0:2|1:2|1:6|2:2|2:4|2:5|2:6|2:7|2:8|3:2|3:4|3:8|4:2|4:3|4:4|4:7|4:8|5:3|5:7|6:7|6:8|7:8|7:9|8:9|9:8|9:9,704
922,2650,0.3917344896597731,4.0,4.0,0.0,4.0,46,victory,1,0,,0,31,30,0:0|0:1|0:2|1:2|2:2|2:4|2:5|2:6|2:7|2:8|3:1|3:2|3:3|3:4|3:8|3:9|4:1|4:2|4:7|4:8|4:9|5:7|5:9|6:7|6:8|6:9|7:9|8:9|9:8|9:9,704
923,2651,0.39107404936624424,4.0,4.0,0.0,4.0,52,victory,1,0,,0,32,30,0:0|0:1|1:1|1:2|1:6|2:2|2:4|2:5|2:6|2:7|2:8|3:2|3:3|3:4|3:8|4:2|4:3|4:4|4:7|4:8|5:7|6:7|6:8|6:9|7:7|7:8|7:9|8:9|9:8|9:9,704
924,2652,0.39041360907271516,4.0,4.0,0.0,4.0,43,victory,1,0,,0,33,29,0:0|0:1|0:2|1:2|2:2|2:4|2:5|2:6|2:7|2:8|3:1|3:2|3:3|3:4|3:8|4:1|4:2|4:7|4:8|4:9|5:2|5:7|6:7|6:8|7:8|7:9|8:9|9:8|9:9,704
925,2653,0.3897531687791862,4.0,4.0,0.0,4.0,46,victory,1,0,,0,32,31,0:0|0:1|0:2|1:0|1:1|1:2|1:5|2:2|2:4|2:5|2:6|2:7|2:8|3:2|3:4|3:8|4:2|4:3|4:4|4:7|4:8|5:7|5:9|6:7|6:8|6:9|7:8|7:9|8:9|9:8|9:9,704
926,2654,0.3890927284856571,4.0,4.0,0.0,4.0,42,victory,1,0,,0,30,30,0:0|1:0|1:1|1:2|2:2|2:4|2:5|2:6|2:7|2:8|3:1|3:2|3:4|3:8|4:1|4:2|4:3|4:4|4:7|4:8|5:7|6:6|6:7|6:8|7:7|7:8|7:9|8:9|9:8|9:9,704
927,2655,0.38843228819212805,4.0,4.0,0.0,4.0,45,victory,1,0,,0,30,29,0:0|0:1|0:2|1:2|2:2|2:4|2:5|2:6|2:7|2:8|3:2|3:4|3:8|4:2|4:3|4:4|4:7|4:8|4:9|5:7|5:8|6:7|6:8|7:7|7:8|7:9|8:9|9:8|9:9,704
928,2656,0.3877718478985991,4.0,4.0,0.0,4.0,37,victory,1,0,,0,31,30,0:0|0:1|0:2|1:2|2:2|2:4|2:5|2:6|2:7|2:8|3:1|3:2|3:3|3:4|3:8|4:2|4:3|4:7|4:8|4:9|5:3|5:7|6:6|6:7|6:8|7:8|7:9|8:9|9:8|9:9,704
929,2657,0.38711140760507,4.0,4.0,0.0,4.0,65,victory,1,0,,0,33,33,0:0|0:1|0:2|1:2|1:4|2:1|2:2|2:4|2:5|2:6|2:7|2:8|3:2|3:4|3:8|4:0|4:1|4:2|4:3|4:4|4:7|4:8|5:3|5:6|5:7|6:3|6:7|7:7|7:8|7:9|8:9|9:8|9:9,704
930,2658,0.38645096731154105,4.0,4.0,0.0,4.0,38,victory,1,0,,0,29,29,0:0|0:1|0:2|1:2|1:4|2:2|2:4|2:5|2:6|2:7|2:8|3:2|3:4|3:8|4:2|4:3|4:4|4:7|4:8|5:2|5:3|5:7|6:7|6:8|7:8|7:9|8:9|9:8|9:9,704
931,2659,0.385790527018012,4.0,4.0,0.0,4.0,56,victory,1,0,,0,32,32,0:0|0:2|0:4|1:0|1:1|1:2|1:4|2:1|2:2|2:4|2:5|2:6|2:7|2:8|3:2|3:4|3:8|3:9|4:2|4:3|4:4|4:7|4:8|5:7|6:7|6:8|6:9|7:8|7:9|8:9|9:8|9:9,704
932,2660,0.3851300867244829,4.0,4.0,0.0,4.0,41,victory,1,0,,0,31,30,0:0|0:1|0:2|1:1|1:2|1:6|2:2|2:4|2:5|2:6|2:7|2:8|3:2|3:4|3:8|4:2|4:3|4:4|4:5|4:7|4:8|5:2|5:7|6:7|6:8|7:8|7:9|8:9|9:8|9:9,704
933,2661,0.38446964643095405,4.0,4.0,0.0,4.0,42,victory,1,0,,0,29,28,0:0|0:1|1:1|1:2|2:2|2:4|2:5|2:6|2:7|2:8|3:2|3:3|3:4|3:8|4:2|4:3|4:4|4:7|4:8|5:7|6:7|6:8|7:7|7:8|7:9|8:9|9:8|9:9,704
934,2662,0.383809206137425,4.0,4.0,0.0,4.0,56,victory,1,0,,0,33,30,0:0|0:1|1:1|1:2|2:2|2:4|2:5|2:6|2:7|2:8|3:2|3:4|3:8|4:2|4:3|4:4|4:6|4:7|4:8|5:6|5:7|5:8|6:7|7:6|7:7|7:8|7:9|8:9|9:8|9:9,704
935,2663,0.383148765843896,4.0,4.0,0.0,4.0,51,victory,1,0,,0,34,33,0:0|0:1|0:2|1:1|1:2|2:0|2:1|2:2|2:4|2:5|2:6|2:7|2:8|3:2|3:3|3:4|3:8|4:2|4:3|4:4|4:7|4:8|4:9|5:6|5:7|6:7|6:8|7:7|7:8|7:9|8:9|9:8|9:9,704
936,2664,0.38248832555036694,4.0,4.0,0.0,4.0,50,victory,1,0,,0,35,35,0:0|0:1|0:2|1:2|1:6|1:7|1:8|2:2|2:4|2:5|2:6|2:7|2:8|2:9|3:2|3:4|3:8|3:9|4:2|4:3|4:4|4:7|4:8|5:5|5:6|5:7|6:5|6:6|6:7|6:8|7:8|7:9|8:9|9:8|9:9,704
937,2665,0.38182788525683786,4.0,4.0,0.0,4.0,44,victory,1,0,,0,30,30,0:0|0:1|0:2|1:2|1:5|2:2|2:4|2:5|2:6|2:7|2:8|3:2|3:3|3:4|3:8|4:1|4:2|4:3|4:4|4:7|4:8|5:7|6:7|6:8|6:9|7:8|7:9|8:9|9:8|9:9,704
938,2666,0.3811674449633089,4.0,4.0,0.0,4.0,43,victory,1,0,,0,30,30,0:0|1:0|1:1|1:2|2:1|2:2|2:4|2:5|2:6|2:7|2:8|3:2|3:3|3:4|3:8|3:9|4:1|4:2|4:3|4:7|4:8|5:3|5:7|6:7|6:8|7:8|7:9|8:9|9:8|9:9,704
939,2667,0.3805070046697798,4.0,4.0,0.0,4.0,42,victory,1,0,,0,32,31,0:0|0:1|0:2|1:2|1:5|1:6|1:7|2:2|2:4|2:5|2:6|2:7|2:8|3:0|3:1|3:2|3:3|3:4|3:8|4:2|4:3|4:7|4:8|5:7|6:7|6:8|7:8|7:9|8:9|9:8|9:9,704
940,2668,0.37984656437625086,4.0,4.0,0.0,4.0,48,victory,1,0,,0,35,35,0:0|0:1|0:2|1:2|1:8|1:9|2:2|2:4|2:5|2:6|2:7|2:8|2:9|3:2|3:4|3:8|3:9|4:2|4:3|4:4|4:5|4:6|4:7|4:8|5:5|5:6|5:7|6:6|6:7|6:8|7:8|7:9|8:9|9:8|9:9,704
941,2669,0.3791861240827218,4.0,4.0,0.0,4.0,39,victory,1,0,,0,32,32,0:0|0:1|0:2|1:2|1:8|2:1|2:2|2:4|2:5|2:6|2:7|2:8|3:2|3:3|3:4|3:8|4:2|4:3|4:7|4:8|5:2|5:3|5:6|5:7|6:7|6:8|7:7|7:8|7:9|8:9|9:8|9:9,704
942,2670,0.3785256837891927,4.0,4.0,0.0,4.0,54,victory,1,0,,0,36,34,0:0|0:1|0:2|1:1|1:2|2:1|2:2|2:4|2:5|2:6|2:7|2:8|2:9|3:2|3:3|3:4|3:8|4:2|4:3|4:7|4:8|5:3|5:6|5:7|5:8|6:3|6:6|6:7|6:8|7:8|7:9|8:9|9:8|9:9,704
943,2671,0.37786524349566375,4.0,4.0,0.0,4.0,38,victory,1,0,,0,28,28,0:0|0:1|0:2|1:2|1:7|1:8|2:2|2:4|2:5|2:6|2:7|2:8|3:2|3:4|3:8|4:2|4:3|4:4|4:7|4:8|5:7|6:7|6:8|7:8|7:9|8:9|9:8|9:9,704
944,2672,0.3772048032021348,4.0,4.0,0.0,4.0,42,victory,1,0,,0,30,30,0:0|0:1|0:2|1:2|2:0|2:1|2:2|2:4|2:5|2:6|2:7|2:8|3:0|3:1|3:2|3:4|3:8|4:2|4:3|4:4|4:7|4:8|5:7|6:7|6:8|7:8|7:9|8:9|9:8|9:9,704
945,2673,0.3765443629086058,4.0,4.0,0.0,4.0,53,victory,1,0,,0,32,32,0:0|1:0|1:7|2:0|2:1|2:2|2:4|2:5|2:6|2:7|2:8|2:9|3:2|3:3|3:4|3:8|3:9|4:2|4:3|4:4|4:5|4:8|5:7|5:8|6:6|6:7|6:8|7:8|7:9|8:9|9:8|9:9,704
946,2674,0.37588392261507675,4.0,4.0,0.0,4.0,44,victory,1,0,,0,29,28,0:0|0:1|0:2|1:2|2:1|2:2|2:4|2:5|2:6|2:7|2:8|3:2|3:4|3:8|4:2|4:3|4:4|4:7|4:8|5:7|6:6|6:7|7:7|7:8|7:9|8:9|9:8|9:9,704
947,2675,0.3752234823215477,4.0,4.0,0.0,4.0,39,victory,1,0,,0,29,29,0:0|0:1|0:2|1:2|1:8|2:2|2:4|2:5|2:6|2:7|2:8|3:2|3:3|3:4|3:8|4:2|4:3|4:4|4:6|4:7|4:8|5:7|6:7|6:8|7:8|7:9|8:9|9:8|9:9,704
948,2676,0.3745630420280187,4.0,4.0,0.0,4.0,43,victory,1,0,,0,28,26,0:0|0:1|0:2|1:2|2:2|2:4|2:5|2:6|2:7|2:8|3:2|3:3|3:4|3:8|4:2|4:3|4:7|4:8|5:7|6:7|7:7|7:8|7:9|8:9|9:8|9:9,704
949,2677,0.37390260173448964,4.0,4.0,0.0,4.0,51,victory,1,0,,0,31,30,0:0|0:1|0:2|1:2|1:8|1:9|2:2|2:4|2:5|2:6|2:7|2:8|2:9|3:2|3:3|3:4|3:8|4:2|4:7|4:8|5:7|5:8|5:9|6:7|6:8|7:8|7:9|8:9|9:8|9:9,704
950,2678,0.3732421614409607,4.0,4.0,0.0,4.0,32,victory,1,0,,0,28,28,0:0|0:1|0:2|1:2|2:2|2:4|2:5|2:6|2:7|2:8|3:2|3:4|3:8|4:2|4:3|4:4|4:7|4:8|5:6|5:7|5:8|6:7|6:8|7:8|7:9|8:9|9:8|9:9,704
951,2679,0.3725817211474316,4.0,4.0,0.0,4.0,67,victory,1,0,,0,34,33,0:0|0:1|0:2|1:0|1:1|1:2|1:7|1:8|1:9|2:0|2:1|2:2|2:4|2:5|2:6|2:7|2:8|3:2|3:4|3:8|4:2|4:3|4:4|4:7|4:8|5:7|6:7|6:8|7:8|7:9|8:9|9:8|9:9,704
952,2680,0.3719212808539025,4.0,4.0,0.0,4.0,35,victory,1,0,,0,28,28,0:0|0:1|0:2|1:2|1:6|2:2|2:4|2:5|2:6|2:7|2:8|3:2|3:3|3:4|3:8|4:2|4:3|4:4|4:7|4:8|5:7|6:7|6:8|7:8|7:9|8:9|9:8|9:9,704
953,2681,0.37126084056037356,4.0,4.0,0.0,4.0,38,victory,1,0,,0,31,31,0:0|0:1|0:2|1:2|1:5|1:8|1:9|2:2|2:4|2:5|2:6|2:7|2:8|2:9|3:2|3:4|3:8|4:2|4:3|4:4|4:7|4:8|5:7|5:8|6:7|6:8|7:8|7:9|8:9|9:8|9:9,704
954,2682,0.3706004002668446,4.0,4.0,0.0,4.0,40,victory,1,0,,0,31,30,0:0|0:1|0:2|1:2|1:6|2:2|2:4|2:5|2:6|2:7|2:8|3:2|3:4|3:8|4:1|4:2|4:3|4:4|4:7|4:8|5:7|5:8|6:7|6:8|6:9|7:8|7:9|8:9|9:8|9:9,704
955,2683,0.36993995997331564,4.0,4.0,0.0,4.0,50,victory,1,0,,0,32,30,0:0|0:1|0:2|1:2|1:4|2:2|2:4|2:5|2:6|2:7|2:8|2:9|3:2|3:3|3:4|3:8|4:2|4:3|4:6|4:7|4:8|5:7|5:8|6:7|6:8|7:8|7:9|8:9|9:8|9:9,704
956,2684,0.36927951967978656,4.0,4.0,0.0,4.0,49,victory,1,0,,0,32,32,0:0|0:1|0:4|1:1|1:4|1:5|1:7|2:1|2:2|2:4|2:5|2:6|2:7|2:8|3:2|3:3|3:4|3:8|4:2|4:3|4:4|4:7|4:8|5:7|6:7|6:8|6:9|7:8|7:9|8:9|9:8|9:9,704
957,2685,0.3686190793862575,4.0,4.0,0.0,4.0,44,victory,1,0,,0,30,30,0:0|0:1|0:2|1:2|1:5|2:2|2:4|2:5|2:6|2:7|2:8|2:9|3:2|3:3|3:4|3:8|3:9|4:2|4:3|4:7|4:8|4:9|5:7|6:7|6:8|7:8|7:9|8:9|9:8|9:9,704
958,2686,0.3679586390927285,4.0,4.0,0.0,4.0,54,victory,1,0,,0,34,33,0:0|0:1|0:2|1:2|2:2|2:4|2:5|2:6|2:7|2:8|3:2|3:4|3:8|4:0|4:1|4:2|4:3|4:4|4:7|4:8|5:0|5:1|5:2|5:7|6:5|6:6|6:7|6:8|7:8|7:9|8:9|9:8|9:9,704
959,2687,0.36729819879919945,4.0,4.0,0.0,4.0,38,victory,1,0,,0,31,29,0:0|0:1|1:0|1:1|1:2|2:2|2:4|2:5|2:6|2:7|2:8|3:2|3:3|3:4|3:8|4:2|4:3|4:4|4:7|4:8|5:7|6:7|6:8|7:7|7:8|7:9|8:9|9:8|9:9,704
960,2688,0.3666377585056705,4.0,4.0,0.0,4.0,35,victory,1,0,,0,30,30,0:0|0:1|0:2|1:2|1:8|2:2|2:4|2:5|2:6|2:7|2:8|3:2|3:3|3:4|3:8|4:2|4:3|4:4|4:8|5:2|5:7|5:8|6:7|6:8|7:7|7:8|7:9|8:9|9:8|9:9,704
961,2689,0.3659773182121414,4.0,4.0,0.0,4.0,57,victory,1,0,,0,33,30,0:0|1:0|1:1|1:2|1:4|1:7|2:2|2:4|2:5|2:6|2:7|2:8|3:1|3:2|3:3|3:4|3:8|4:2|4:3|4:4|4:8|5:7|5:8|6:7|6:8|7:8|7:9|8:9|9:8|9:9,704
962,2690,0.36531687791861234,4.0,4.0,0.0,4.0,49,victory,1,0,,0,31,31,0:0|0:1|0:2|1:1|1:2|2:2|2:4|2:5|2:6|2:7|2:8|2:9|3:1|3:2|3:3|3:4|3:8|4:2|4:3|4:4|4:7|4:8|5:2|5:7|6:7|6:8|6:9|7:9|8:9|9:8|9:9,704
963,2691,0.3646564376250834,4.0,4.0,0.0,4.0,34,victory,1,0,,0,29,28,0:0|0:1|0:2|1:2|2:2|2:4|2:5|2:6|2:7|2:8|3:1|3:2|3:4|3:8|4:2|4:3|4:4|4:8|5:8|5:9|6:7|6:8|6:9|7:8|7:9|8:9|9:8|9:9,704
964,2692,0.3639959973315544,4.0,4.0,0.0,4.0,47,victory,1,0,,0,34,33,0:0|0:1|0:2|1:0|1:2|2:2|2:4|2:5|2:6|2:7|2:8|3:1|3:2|3:3|3:4|3:8|4:2|4:3|4:6|4:7|4:8|4:9|5:7|5:8|5:9|6:7|6:8|7:7|7:8|7:9|8:9|9:8|9:9,704
965,2693,0.36333555703802545,4.0,4.0,0.0,4.0,47,victory,1,0,,0,27,27,0:0|0:1|0:2|1:2|2:2|2:4|2:5|2:6|2:7|2:8|3:2|3:4|3:8|4:2|4:3|4:4|4:7|4:8|4:9|5:7|6:7|6:8|7:8|7:9|8:9|9:8|9:9,704
966,2694,0.3626751167444964,4.0,4.0,0.0,4.0,39,victory,1,0,,0,29,29,0:0|0:1|0:2|1:2|1:4|2:2|2:4|2:5|2:6|2:7|2:8|3:2|3:4|3:8|4:2|4:3|4:4|4:7|4:8|5:2|5:3|5:7|6:7|7:7|7:8|7:9|8:9|9:8|9:9,704
967,2695,0.3620146764509673,4.0,4.0,0.0,4.0,32,victory,1,0,,0,27,26,0:0|0:1|0:2|1:2|2:2|2:4|2:5|2:6|2:7|2:8|3:2|3:4|3:8|4:2|4:3|4:4|4:7|4:8|5:7|6:7|6:8|7:8|7:9|8:9|9:8|9:9,704
968,2696,0.36135423615743834,4.0,4.0,0.0,4.0,41,victory,1,0,,0,28,28,0:0|0:1|0:2|1:2|2:2|2:4|2:5|2:6|2:7|2:8|3:2|3:4|3:8|3:9|4:2|4:3|4:4|4:5|4:7|4:8|5:7|6:7|6:8|6:9|7:9|8:9|9:8|9:9,704
969,2697,0.36069379586390926,4.0,4.0,0.0,4.0,31,victory,1,0,,0,28,26,0:0|0:1|0:2|1:2|1:8|2:2|2:4|2:5|2:6|2:7|2:8|3:2|3:3|3:4|3:8|4:2|4:7|4:8|5:7|6:7|7:7|7:8|7:9|8:9|9:8|9:9,704
970,2698,0.3600333555703803,4.0,4.0,0.0,4.0,62,victory,1,0,,0,35,34,0:0|0:1|0:2|0:7|1:2|1:5|1:7|2:2|2:4|2:5|2:6|2:7|2:8|2:9|3:2|3:3|3:4|3:8|3:9|4:2|4:3|4:4|4:8|5:7|5:8|5:9|6:7|6:8|6:9|7:8|7:9|8:9|9:8|9:9,704
971,2699,0.3593729152768512,4.0,4.0,0.0,4.0,41,victory,1,0,,0,28,28,0:0|0:1|0:2|1:2|2:2|2:4|2:5|2:6|2:7|2:8|3:2|3:3|3:4|3:8|4:2|4:3|4:4|4:7|4:8|5:3|5:7|6:7|6:8|7:8|7:9|8:9|9:8|9:9,704
972,2700,0.35871247498332215,4.0,4.0,0.0,4.0,37,victory,1,0,,0,28,28,0:0|0:1|0:2|1:2|2:2|2:4|2:5|2:6|2:7|2:8|3:2|3:4|3:8|3:9|4:1|4:2|4:3|4:4|4:7|4:8|5:7|6:7|6:8|7:8|7:9|8:9|9:8|9:9,704
973,2701,0.3580520346897932,4.0,4.0,0.0,4.0,55,victory,1,0,,0,34,33,0:0|0:1|0:2|1:2|1:8|2:2|2:4|2:5|2:6|2:7|2:8|2:9|3:2|3:3|3:4|3:8|4:2|4:3|4:4|4:7|4:8|4:9|5:3|5:7|6:3|6:7|6:8|7:7|7:8|7:9|8:9|9:8|9:9,704
974,2702,0.3573915943962641,4.0,4.0,0.0,4.0,39,victory,1,0,,0,29,29,0:0|0:1|0:2|1:2|1:7|2:2|2:4|2:5|2:6|2:7|2:8|3:2|3:4|3:8|4:2|4:3|4:4|4:7|4:8|5:7|6:6|6:7|7:6|7:7|7:8|7:9|8:9|9:8|9:9,704
975,2703,0.35673115410273526,4.0,4.0,0.0,4.0,40,victory,1,0,,0,29,29,0:0|0:1|0:2|1:2|1:4|2:2|2:4|2:5|2:6|2:7|2:8|3:2|3:3|3:4|3:8|4:1|4:2|4:3|4:4|4:7|4:8|5:7|6:7|6:8|7:8|7:9|8:9|9:8|9:9,704
976,2704,0.3560707138092062,4.0,4.0,0.0,4.0,38,victory,1,0,,0,27,26,0:0|0:1|0:2|1:2|2:2|2:4|2:5|2:6|2:7|2:8|3:2|3:3|3:4|3:8|4:2|4:4|4:7|4:8|5:7|6:7|6:8|7:8|7:9|8:9|9:8|9:9,704
977,2705,0.3554102735156771,4.0,4.0,0.0,4.0,63,victory,1,0,,0,34,32,0:0|0:1|0:2|0:4|1:2|1:4|1:5|2:2|2:4|2:5|2:6|2:7|2:8|3:2|3:4|3:8|4:2|4:3|4:4|4:7|4:8|4:9|5:3|5:7|6:3|6:7|6:8|7:8|7:9|8:9|9:8|9:9,704
978,2706,0.35474983322214815,4.0,4.0,0.0,4.0,50,victory,1,0,,0,33,29,0:0|0:1|1:1|1:2|1:5|2:2|2:4|2:5|2:6|2:7|2:8|3:2|3:3|3:4|3:8|4:2|4:3|4:4|4:8|5:3|5:7|5:8|6:7|6:8|7:8|7:9|8:9|9:8|9:9,704
979,2707,0.3540893929286191,4.0,4.0,0.0,4.0,47,victory,1,0,,0,33,33,0:0|0:1|0:2|1:0|1:1|1:2|1:5|2:0|2:1|2:2|2:4|2:5|2:6|2:7|2:8|3:2|3:4|3:8|4:2|4:3|4:4|4:7|4:8|5:7|6:5|6:6|6:7|6:8|7:8|7:9|8:9|9:8|9:9,704
980,2708,0.3534289526350901,4.0,4.0,0.0,4.0,48,victory,1,0,,0,31,31,0:0|0:1|0:2|1:2|1:8|1:9|2:2|2:4|2:5|2:6|2:7|2:8|3:2|3:4|3:8|4:2|4:3|4:4|4:5|4:6|4:7|4:8|5:6|5:7|6:7|6:8|7:8|7:9|8:9|9:8|9:9,704
981,2709,0.35276851234156104,4.0,4.0,0.0,4.0,56,victory,1,0,,0,29,29,0:0|0:1|0:2|1:2|2:2|2:4|2:5|2:6|2:7|2:8|3:2|3:3|3:4|3:8|4:1|4:2|4:3|4:4|4:7|4:8|5:7|6:7|6:8|6:9|7:8|7:9|8:9|9:8|9:9,704
982,2710,0.35210807204803196,4.0,4.0,0.0,4.0,37,victory,1,0,,0,29,29,0:0|0:1|0:2|1:2|1:8|1:9|2:2|2:4|2:5|2:6|2:7|2:8|2:9|3:2|3:4|3:8|4:2|4:3|4:4|4:7|4:8|5:7|6:7|7:7|7:8|7:9|8:9|9:8|9:9,704
983,2711,0.351447631754503,4.0,4.0,0.0,4.0,34,victory,1,0,,0,29,29,0:0|0:1|0:2|1:2|1:7|1:8|2:2|2:4|2:5|2:6|2:7|2:8|3:2|3:4|3:8|4:2|4:3|4:4|4:7|4:8|5:6|5:7|6:7|6:8|7:8|7:9|8:9|9:8|9:9,704
984,2712,0.3507871914609739,4.0,4.0,0.0,4.0,45,victory,1,0,,0,30,29,0:0|0:1|0:2|1:2|2:2|2:4|2:5|2:6|2:7|2:8|3:2|3:3|3:4|3:8|3:9|4:1|4:2|4:3|4:4|4:7|4:8|5:7|6:7|7:7|7:8|7:9|8:9|9:8|9:9,704
985,2713,0.35012675116744507,4.0,4.0,0.0,4.0,36,victory,1,0,,0,28,27,0:0|0:1|0:2|1:2|2:2|2:4|2:5|2:6|2:7|2:8|3:2|3:4|3:8|4:2|4:3|4:4|4:7|4:8|5:7|6:6|6:7|6:8|7:8|7:9|8:9|9:8|9:9,704
986,2714,0.349466310873916,4.0,4.0,0.0,4.0,45,victory,1,0,,0,32,29,0:0|0:1|0:2|1:2|1:5|2:2|2:4|2:5|2:6|2:7|2:8|3:2|3:3|3:4|3:8|4:1|4:2|4:7|4:8|5:2|5:7|5:8|6:7|6:8|7:8|7:9|8:9|9:8|9:9,704
987,2715,0.3488058705803869,4.0,4.0,0.0,4.0,36,victory,1,0,,0,29,28,0:0|0:1|0:2|1:2|1:6|2:2|2:4|2:5|2:6|2:7|2:8|3:2|3:3|3:4|3:8|4:2|4:6|4:7|4:8|5:6|5:7|6:7|6:8|7:8|7:9|8:9|9:8|9:9,704
988,2716,0.34814543028685796,4.0,4.0,0.0,4.0,48,victory,1,0,,0,28,28,0:0|0:1|0:2|1:2|2:2|2:4|2:5|2:6|2:7|2:8|3:2|3:4|3:8|4:2|4:3|4:4|4:7|4:8|5:7|5:9|6:6|6:7|6:8|6:9|7:9|8:9|9:8|9:9,704
989,2717,0.3474849899933289,4.0,4.0,0.0,4.0,52,victory,1,0,,0,35,34,0:0|0:1|0:2|1:2|1:4|1:5|1:7|2:0|2:1|2:2|2:4|2:5|2:6|2:7|2:8|3:0|3:1|3:2|3:4|3:8|4:2|4:3|4:4|4:7|4:8|5:7|5:8|6:7|6:8|7:8|7:9|8:9|9:8|9:9,704
990,2718,0.3468245496997999,4.0,4.0,0.0,4.0,49,victory,1,0,,0,36,36,0:0|0:1|0:2|0:4|0:5|0:6|1:0|1:2|1:4|1:6|1:7|2:2|2:4|2:5|2:6|2:7|2:8|3:2|3:4|3:8|4:2|4:3|4:4|4:7|4:8|5:3|5:7|5:8|6:6|6:7|6:8|7:8|7:9|8:9|9:8|9:9,704
991,2719,0.34616410940627085,4.0,4.0,0.0,4.0,32,victory,1,0,,0,28,28,0:0|0:1|0:2|1:0|1:2|2:2|2:4|2:5|2:6|2:7|2:8|3:2|3:4|3:8|4:2|4:3|4:4|4:5|4:7|4:8|5:7|6:7|7:7|7:8|7:9|8:9|9:8|9:9,704
992,2720,0.3455036691127418,4.0,4.0,0.0,4.0,42,victory,1,0,,0,30,30,0:0|0:1|0:2|1:2|1:6|1:8|2:2|2:4|2:5|2:6|2:7|2:8|3:2|3:4|3:8|4:2|4:3|4:4|4:5|4:7|4:8|5:3|5:7|6:7|6:8|7:8|7:9|8:9|9:8|9:9,704
993,2721,0.3448432288192128,4.0,4.0,0.0,4.0,42,victory,1,0,,0,30,30,0:0|0:1|0:2|1:2|2:2|2:4|2:5|2:6|2:7|2:8|3:2|3:4|3:8|4:2|4:3|4:4|4:6|4:7|4:8|5:5|5:6|5:7|5:8|6:7|6:8|7:8|7:9|8:9|9:8|9:9,704
994,2722,0.34418278852568374,4.0,4.0,0.0,4.0,36,victory,1,0,,0,28,28,0:0|0:1|0:2|1:2|1:7|2:2|2:4|2:5|2:6|2:7|2:8|3:2|3:4|3:8|4:2|4:3|4:4|4:7|4:8|5:7|6:7|6:8|7:7|7:8|7:9|8:9|9:8|9:9,704
995,2723,0.3435223482321548,4.0,4.0,0.0,4.0,39,victory,1,0,,0,27,26,0:0|0:1|0:2|1:2|2:2|2:4|2:5|2:6|2:7|2:8|3:2|3:4|3:8|4:2|4:3|4:4|4:7|4:8|5:7|6:7|7:7|7:8|7:9|8:9|9:8|9:9,704
996,2724,0.3428619079386258,4.0,4.0,0.0,4.0,25,victory,1,0,,0,26,26,0:0|0:1|0:2|1:2|2:2|2:4|2:5|2:6|2:7|2:8|3:2|3:4|3:8|4:2|4:3|4:4|4:7|4:8|5:7|6:7|6:8|7:8|7:9|8:9|9:8|9:9,704
997,2725,0.34220146764509674,4.0,4.0,0.0,4.0,41,victory,1,0,,0,28,28,0:0|0:1|0:2|1:2|2:2|2:4|2:5|2:6|2:7|2:8|2:9|3:2|3:4|3:8|4:2|4:3|4:4|4:5|4:7|4:8|5:7|6:7|6:8|7:8|7:9|8:9|9:8|9:9,704
998,2726,0.34154102735156777,4.0,4.0,0.0,4.0,59,victory,1,0,,0,35,34,0:0|0:1|0:2|1:2|1:5|2:2|2:4|2:5|2:6|2:7|2:8|3:2|3:3|3:4|3:8|4:1|4:2|4:3|4:4|4:5|4:7|4:8|5:5|5:7|5:8|6:7|6:8|6:9|7:7|7:8|7:9|8:9|9:8|9:9,704
999,2727,0.3408805870580387,4.0,4.0,0.0,4.0,49,victory,1,0,,0,34,31,0:0|0:1|0:2|1:2|2:1|2:2|2:4|2:5|2:6|2:7|2:8|3:2|3:4|3:8|4:2|4:3|4:4|4:5|4:7|4:8|4:9|5:7|5:8|5:9|6:7|6:8|6:9|7:9|8:9|9:8|9:9,704
1000,2728,0.34022014676450973,4.0,4.0,0.0,4.0,33,victory,1,0,,0,27,27,0:0|0:1|1:1|1:2|2:2|2:4|2:5|2:6|2:7|2:8|3:2|3:4|3:8|4:2|4:3|4:4|4:7|4:8|5:2|5:7|6:7|6:8|7:8|7:9|8:9|9:8|9:9,704
1001,2729,0.33955970647098066,4.0,4.0,0.0,4.0,32,victory,1,0,,0,29,28,0:0|0:1|0:2|1:2|2:2|2:4|2:5|2:6|2:7|2:8|3:2|3:3|3:4|3:8|3:9|4:2|4:7|4:8|4:9|5:6|5:7|6:7|6:8|7:8|7:9|8:9|9:8|9:9,704
1002,2730,0.3388992661774516,4.0,4.0,0.0,4.0,50,victory,1,0,,0,33,33,0:0|0:1|0:2|1:2|1:6|2:2|2:4|2:5|2:6|2:7|2:8|3:2|3:3|3:4|3:8|3:9|4:1|4:2|4:3|4:4|4:6|4:7|4:8|5:6|5:7|6:6|6:7|6:8|7:8|7:9|8:9|9:8|9:9,704
1003,2731,0.3382388258839226,4.0,4.0,0.0,4.0,26,victory,1,0,,0,26,26,0:0|1:0|1:1|1:2|2:2|2:4|2:5|2:6|2:7|2:8|3:2|3:4|3:8|4:2|4:3|4:4|4:8|5:7|5:8|6:7|6:8|7:8|7:9|8:9|9:8|9:9,704
1004,2732,0.33757838559039355,4.0,4.0,0.0,4.0,39,victory,1,0,,0,32,31,0:0|0:1|0:2|1:2|2:2|2:4|2:5|2:6|2:7|2:8|3:1|3:2|3:3|3:4|3:8|4:1|4:2|4:3|4:4|4:7|4:8|5:7|6:6|6:7|6:8|7:7|7:8|7:9|8:9|9:8|9:9,704
1005,2733,0.3369179452968646,4.0,4.0,0.0,4.0,47,victory,1,0,,0,34,32,0:0|0:1|0:2|1:1|1:2|2:2|2:4|2:5|2:6|2:7|2:8|2:9|3:2|3:4|3:8|4:1|4:2|4:3|4:4|4:7|4:8|5:1|5:2|5:7|5:8|6:7|6:8|7:8|7:9|8:9|9:8|9:9,704
1006,2734,0.3362575050033356,4.0,4.0,0.0,4.0,51,victory,1,0,,0,32,32,0:0|0:1|0:2|1:1|1:2|2:2|2:4|2:5|2:6|2:7|2:8|2:9|3:2|3:4|3:8|4:2|4:3|4:4|4:5|4:6|4:7|4:8|5:7|5:8|6:6|6:7|6:8|7:8|7:9|8:9|9:8|9:9,704
1007,2735,0.33559706470980655,4.0,4.0,0.0,4.0,46,victory,1,0,,0,32,31,0:0|0:1|0:2|1:1|1:2|2:2|2:4|2:5|2:6|2:7|2:8|3:2|3:4|3:8|3:9|4:2|4:3|4:4|4:5|4:7|4:8|5:5|5:6|5:7|6:7|6:8|7:8|7:9|8:9|9:8|9:9,704
1008,2736,0.3349366244162776,4.0,4.0,0.0,4.0,32,victory,1,0,,0,27,27,0:0|0:1|0:2|1:2|2:2|2:4|2:5|2:6|2:7|2:8|3:2|3:4|3:8|4:2|4:3|4:4|4:7|4:8|5:7|6:6|6:7|6:8|7:8|7:9|8:9|9:8|9:9,704
1009,2737,0.3342761841227485,4.0,4.0,0.0,4.0,44,victory,1,0,,0,31,31,0:0|0:1|0:2|1:2|1:6|2:2|2:4|2:5|2:6|2:7|2:8|2:9|3:2|3:3|3:4|3:8|4:2|4:3|4:4|4:7|4:8|5:2|5:3|5:7|6:7|6:8|7:8|7:9|8:9|9:8|9:9,704
1010,2738,0.33361574382921955,4.0,4.0,0.0,4.0,49,victory,1,0,,0,34,34,0:0|0:1|0:2|1:2|1:4|2:2|2:4|2:5|2:6|2:7|2:8|3:2|3:3|3:4|3:8|3:9|4:2|4:3|4:4|4:5|4:6|4:7|4:8|4:9|5:3|5:7|5:8|6:7|6:8|7:8|7:9|8:9|9:8|9:9,704
1011,2739,0.33295530353569047,4.0,4.0,0.0,4.0,35,victory,1,0,,0,28,27,0:0|0:1|0:2|1:2|1:4|2:2|2:4|2:5|2:6|2:7|2:8|3:2|3:4|3:8|4:2|4:3|4:4|4:7|4:8|5:7|6:7|6:8|7:8|7:9|8:9|9:8|9:9,704
1012,2740,0.3322948632421614,4.0,4.0,0.0,4.0,28,victory,1,0,,0,26,26,0:0|0:1|0:2|1:2|2:2|2:4|2:5|2:6|2:7|2:8|3:2|3:4|3:8|4:2|4:3|4:4|4:7|4:8|5:7|6:7|6:8|7:8|7:9|8:9|9:8|9:9,704
1013,2741,0.33163442294863243,4.0,4.0,0.0,4.0,33,victory,1,0,,0,27,26,0:0|0:1|1:0|1:1|1:2|2:2|2:4|2:5|2:6|2:7|2:8|3:2|3:4|3:8|4:2|4:3|4:4|4:8|5:8|6:7|6:8|7:8|7:9|8:9|9:8|9:9,704
1014,2742,0.33097398265510336,4.0,4.0,0.0,4.0,54,victory,1,0,,0,34,32,0:0|0:1|0:2|1:2|1:4|2:1|2:2|2:4|2:5|2:6|2:7|2:8|3:2|3:4|3:8|4:2|4:3|4:4|4:6|4:7|4:8|5:6|5:7|5:8|6:6|6:7|6:8|7:8|7:9|8:9|9:8|9:9,704
1015,2743,0.3303135423615744,4.0,4.0,0.0,4.0,41,victory,1,0,,0,30,30,0:0|0:1|0:2|1:2|2:0|2:1|2:2|2:4|2:5|2:6|2:7|2:8|3:1|3:2|3:4|3:8|4:2|4:3|4:4|4:7|4:8|5:7|6:7|6:8|6:9|7:8|7:9|8:9|9:8|9:9,704
1016,2744,0.32965310206804543,4.0,4.0,0.0,4.0,41,victory,1,0,,0,29,29,0:0|0:1|0:2|1:1|1:2|1:5|2:1|2:2|2:4|2:5|2:6|2:7|2:8|3:2|3:4|3:8|4:2|4:3|4:4|4:7|4:8|5:7|6:7|6:8|7:8|7:9|8:9|9:8|9:9,704
1017,2745,0.32899266177451636,4.0,4.0,0.0,4.0,33,victory,1,0,,0,27,27,0:0|0:1|0:2|1:2|2:2|2:4|2:5|2:6|2:7|2:8|3:2|3:4|3:8|4:2|4:3|4:4|4:6|4:7|4:8|5:7|6:7|6:8|7:8|7:9|8:9|9:8|9:9,704
1018,2746,0.3283322214809874,4.0,4.0,0.0,4.0,29,victory,1,0,,0,28,28,0:0|0:1|0:2|1:2|2:1|2:2|2:4|2:5|2:6|2:7|2:8|3:2|3:3|3:4|3:8|4:2|4:3|4:4|4:7|4:8|5:7|6:7|6:8|7:8|7:9|8:9|9:8|9:9,704
1019,2747,0.3276717811874583,4.0,4.0,0.0,4.0,30,victory,1,0,,0,26,26,0:0|0:1|0:2|1:2|2:2|2:4|2:5|2:6|2:7|2:8|3:2|3:4|3:8|4:2|4:3|4:4|4:7|4:8|5:7|6:7|6:8|7:8|7:9|8:9|9:8|9:9,704
1020,2748,0.32701134089392936,4.0,4.0,0.0,4.0,54,victory,1,0,,0,34,32,0:0|0:1|0:2|1:1|1:2|2:2|2:4|2:5|2:6|2:7|2:8|3:2|3:3|3:4|3:8|4:1|4:2|4:3|4:4|4:5|4:7|4:8|5:7|5:8|5:9|6:7|6:8|6:9|7:9|8:9|9:8|9:9,704
1021,2749,0.3263509006004003,4.0,4.0,0.0,4.0,47,victory,1,0,,0,32,29,0:0|0:1|0:2|1:2|2:2|2:4|2:5|2:6|2:7|2:8|3:2|3:3|3:4|3:8|4:2|4:3|4:4|4:7|4:8|4:9|5:7|5:8|6:7|6:8|7:8|7:9|8:9|9:8|9:9,704
1022,2750,0.3256904603068712,4.0,4.0,0.0,4.0,28,victory,1,0,,0,26,26,0:0|1:0|1:1|1:2|2:2|2:4|2:5|2:6|2:7|2:8|3:2|3:4|3:8|4:2|4:3|4:4|4:7|4:8|5:7|6:7|7:7|7:8|7:9|8:9|9:8|9:9,704
1023,2751,0.32503002001334225,4.0,4.0,0.0,4.0,38,victory,1,0,,0,30,30,0:0|0:1|0:2|1:2|2:2|2:4|2:5|2:6|2:7|2:8|2:9|3:2|3:3|3:4|3:8|4:2|4:3|4:4|4:8|5:3|5:7|5:8|6:7|6:8|7:7|7:8|7:9|8:9|9:8|9:9,704
1024,2752,0.3243695797198132,4.0,4.0,0.0,4.0,44,victory,1,0,,0,29,28,0:0|0:1|0:2|1:2|2:2|2:4|2:5|2:6|2:7|2:8|3:2|3:3|3:4|3:8|4:2|4:7|4:8|5:2|5:6|5:7|5:8|6:7|6:8|7:8|7:9|8:9|9:8|9:9,704
1025,2753,0.3237091394262842,4.0,4.0,0.0,4.0,33,victory,1,0,,0,28,27,0:0|0:1|0:2|1:2|2:2|2:4|2:5|2:6|2:7|2:8|2:9|3:2|3:3|3:4|3:8|4:2|4:7|4:8|5:7|5:8|6:7|6:8|7:8|7:9|8:9|9:8|9:9,704
1026,2754,0.32304869913275513,4.0,4.0,0.0,4.0,50,victory,1,0,,0,33,29,0:0|0:1|0:2|1:2|2:2|2:4|2:5|2:6|2:7|2:8|3:1|3:2|3:3|3:4|3:8|3:9|4:2|4:3|4:7|4:8|5:7|6:7|6:8|7:7|7:8|7:9|8:9|9:8|9:9,704
1027,2755,0.32238825883922617,4.0,4.0,0.0,4.0,51,victory,1,0,,0,32,32,0:0|0:1|1:0|1:1|1:2|2:1|2:2|2:4|2:5|2:6|2:7|2:8|2:9|3:2|3:4|3:8|4:1|4:2|4:3|4:4|4:5|4:8|5:5|5:7|5:8|6:7|6:8|7:8|7:9|8:9|9:8|9:9,704
1028,2756,0.3217278185456972,4.0,4.0,0.0,4.0,33,victory,1,0,,0,29,28,0:0|0:1|0:2|1:2|2:2|2:4|2:5|2:6|2:7|2:8|3:2|3:3|3:4|3:8|4:2|4:3|4:4|4:8|5:3|5:7|5:8|6:7|6:8|7:8|7:9|8:9|9:8|9:9,704
1029,2757,0.32106737825216813,4.0,4.0,0.0,4.0,44,victory,1,0,,0,32,32,0:0|0:1|0:2|1:2|1:4|1:6|1:7|1:8|2:2|2:4|2:5|2:6|2:8|3:2|3:4|3:8|3:9|4:2|4:3|4:4|4:6|4:7|4:8|5:7|6:7|6:8|6:9|7:8|7:9|8:9|9:8|9:9,704
1030,2758,0.32040693795863917,4.0,4.0,0.0,4.0,39,victory,1,0,,0,30,29,0:0|0:1|1:1|1:2|1:4|1:7|1:8|2:2|2:4|2:5|2:6|2:7|2:8|3:2|3:4|3:8|4:2|4:3|4:4|4:8|5:7|5:8|6:7|6:8|7:8|7:9|8:9|9:8|9:9,704
1031,2759,0.3197464976651101,4.0,4.0,0.0,4.0,54,victory,1,0,,0,32,30,0:0|0:1|0:2|1:2|1:5|1:6|1:7|2:2|2:4|2:5|2:6|2:7|2:8|3:2|3:4|3:8|4:2|4:3|4:4|4:7|4:8|5:3|5:7|6:7|6:8|7:8|7:9|8:9|9:8|9:9,704
1032,2760,0.319086057371581,4.0,4.0,0.0,4.0,40,victory,1,0,,0,28,28,0:0|0:1|0:2|1:2|2:2|2:4|2:5|2:6|2:7|2:8|3:2|3:4|3:8|4:2|4:3|4:4|4:5|4:7|4:8|5:7|6:6|6:7|6:8|7:8|7:9|8:9|9:8|9:9,704
1033,2761,0.31842561707805206,4.0,4.0,0.0,4.0,44,victory,1,0,,0,32,31,0:0|0:1|0:2|1:1|1:2|1:4|2:1|2:2|2:4|2:5|2:6|2:7|2:8|3:2|3:3|3:4|3:8|4:2|4:4|4:5|4:6|4:7|4:8|5:7|6:7|6:8|7:8|7:9|8:9|9:8|9:9,704
1034,2762,0.317765176784523,4.0,4.0,0.0,4.0,63,victory,1,0,,0,36,32,0:0|0:1|0:2|1:2|1:5|1:6|1:7|2:2|2:4|2:5|2:6|2:7|2:8|3:2|3:4|3:8|4:2|4:3|4:4|4:5|4:6|4:7|4:8|5:6|5:7|6:7|6:8|7:8|7:9|8:9|9:8|9:9,704
1035,2763,0.3171047364909939,4.0,4.0,0.0,4.0,47,victory,1,0,,0,31,28,0:0|0:1|0:2|1:2|1:7|2:2|2:4|2:5|2:6|2:7|2:8|3:2|3:3|3:4|3:8|4:2|4:4|4:5|4:7|4:8|5:7|6:7|6:8|7:8|7:9|8:9|9:8|9:9,704
1036,2764,0.31644429619746495,4.0,4.0,0.0,4.0,39,victory,1,0,,0,28,28,0:0|0:1|0:2|1:2|2:2|2:4|2:5|2:6|2:7|2:8|3:1|3:2|3:3|3:4|3:8|4:2|4:3|4:4|4:7|4:8|5:7|6:7|6:8|7:8|7:9|8:9|9:8|9:9,704
1037,2765,0.315783855903936,4.0,4.0,0.0,4.0,30,victory,1,0,,0,28,28,0:0|1:0|2:0|2:1|2:2|2:4|2:5|2:6|2:7|2:8|3:1|3:2|3:4|3:8|4:2|4:3|4:4|4:7|4:8|5:7|6:7|6:8|6:9|7:8|7:9|8:9|9:8|9:9,704
1038,2766,0.315123415610407,4.0,4.0,0.0,4.0,40,victory,1,0,,0,30,30,0:0|0:1|0:2|0:8|1:2|1:8|2:2|2:4|2:5|2:6|2:7|2:8|2:9|3:2|3:4|3:8|4:1|4:2|4:3|4:4|4:7|4:8|5:7|6:7|6:8|7:8|7:9|8:9|9:8|9:9,704
1039,2767,0.31446297531687795,4.0,4.0,0.0,4.0,46,victory,1,0,,0,32,32,0:0|0:1|1:0|1:1|1:2|1:8|2:2|2:4|2:5|2:6|2:7|2:8|2:9|3:2|3:3|3:4|3:8|3:9|4:2|4:3|4:4|4:7|4:8|5:2|5:7|6:7|6:8|7:8|7:9|8:9|9:8|9:9,704
1040,2768,0.31380253502334887,4.0,4.0,0.0,4.0,35,victory,1,0,,0,28,28,0:0|0:1|0:2|1:2|2:2|2:4|2:5|2:6|2:7|2:8|3:2|3:4|3:8|4:2|4:3|4:4|4:5|4:7|4:8|5:7|5:8|6:7|6:8|7:8|7:9|8:9|9:8|9:9,704
1041,2769,0.3131420947298199,4.0,4.0,0.0,4.0,35,victory,1,0,,0,29,28,0:0|0:1|0:2|1:2|1:8|2:2|2:4|2:5|2:6|2:7|2:8|3:2|3:4|3:8|4:2|4:3|4:4|4:7|4:8|5:7|5:8|6:7|6:8|7:8|7:9|8:9|9:8|9:9,704
1042,2770,0.31248165443629083,4.0,4.0,0.0,4.0,42,victory,1,0,,0,30,30,0:0|0:1|0:2|0:5|1:2|1:5|2:2|2:4|2:5|2:6|2:7|2:8|3:2|3:4|3:8|4:2|4:3|4:4|4:7|4:8|5:5|5:6|5:7|6:7|6:8|7:8|7:9|8:9|9:8|9:9,704
1043,2771,0.31182121414276187,4.0,4.0,0.0,4.0,36,victory,1,0,,0,31,29,0:0|0:1|1:1|1:2|2:2|2:4|2:5|2:6|2:7|2:8|3:2|3:3|3:4|3:8|4:2|4:3|4:4|4:7|4:8|5:6|5:7|5:8|6:7|6:8|6:9|7:9|8:9|9:8|9:9,704
1044,2772,0.3111607738492328,4.0,4.0,0.0,4.0,35,victory,1,0,,0,27,27,0:0|0:1|0:2|1:2|2:2|2:4|2:5|2:6|2:7|2:8|2:9|3:2|3:4|3:8|4:2|4:3|4:4|4:7|4:8|5:7|6:7|6:8|7:8|7:9|8:9|9:8|9:9,704
1045,2773,0.3105003335557037,4.0,4.0,0.0,4.0,53,victory,1,0,,0,34,34,0:0|0:1|0:2|1:2|1:8|2:2|2:4|2:5|2:6|2:7|2:8|2:9|3:2|3:4|3:8|3:9|4:0|4:1|4:2|4:3|4:4|4:7|4:8|5:6|5:7|6:6|6:7|6:8|7:7|7:8|7:9|8:9|9:8|9:9,704
1046,2774,0.30983989326217476,4.0,4.0,0.0,4.0,34,victory,1,0,,0,29,29,0:0|0:1|0:2|1:2|2:2|2:4|2:5|2:6|2:7|2:8|3:2|3:4|3:8|4:2|4:3|4:4|4:7|4:8|5:6|5:7|5:8|6:6|6:7|7:7|7:8|7:9|8:9|9:8|9:9,704
1047,2775,0.3091794529686457,4.0,4.0,0.0,4.0,49,victory,1,0,,0,29,29,0:0|0:1|0:2|1:2|1:4|2:2|2:4|2:5|2:6|2:7|2:8|3:2|3:4|3:8|4:2|4:3|4:4|4:5|4:7|4:8|5:7|6:7|6:8|7:7|7:8|7:9|8:9|9:8|9:9,704
1048,2776,0.30851901267511683,4.0,4.0,0.0,4.0,40,victory,1,0,,0,30,29,0:0|0:1|0:2|1:2|2:0|2:1|2:2|2:4|2:5|2:6|2:7|2:8|3:2|3:4|3:8|4:2|4:3|4:4|4:7|4:8|5:7|6:7|6:8|7:7|7:8|7:9|8:9|9:8|9:9,704
1049,2777,0.30785857238158776,4.0,4.0,0.0,4.0,38,victory,1,0,,0,29,28,0:0|0:1|0:2|1:2|1:4|2:2|2:4|2:5|2:6|2:7|2:8|2:9|3:2|3:4|3:8|4:2|4:3|4:4|4:8|5:7|5:8|6:7|6:8|7:8|7:9|8:9|9:8|9:9,704
1050,2778,0.3071981320880587,4.0,4.0,0.0,4.0,51,victory,1,0,,0,35,34,0:0|0:1|0:2|1:2|1:4|1:8|2:2|2:4|2:5|2:6|2:7|2:8|3:0|3:1|3:2|3:3|3:4|3:8|4:0|4:1|4:2|4:3|4:7|4:8|5:6|5:7|6:6|6:7|6:8|7:8|7:9|8:9|9:8|9:9,704
1051,2779,0.3065376917945297,4.0,4.0,0.0,4.0,43,victory,1,0,,0,32,31,0:0|0:1|0:2|1:1|1:2|1:4|1:5|2:2|2:4|2:5|2:6|2:7|2:8|3:2|3:4|3:8|3:9|4:2|4:3|4:4|4:7|4:8|4:9|5:7|6:7|7:7|7:8|7:9|8:9|9:8|9:9,704
1052,2780,0.30587725150100065,4.0,4.0,0.0,4.0,33,victory,1,0,,0,26,26,0:0|0:1|0:2|1:2|2:2|2:4|2:5|2:6|2:7|2:8|3:2|3:4|3:8|4:2|4:3|4:4|4:7|4:8|5:7|6:7|6:8|7:8|7:9|8:9|9:8|9:9,704
1053,2781,0.3052168112074717,4.0,4.0,0.0,4.0,32,victory,1,0,,0,26,26,0:0|1:0|1:1|1:2|2:2|2:4|2:5|2:6|2:7|2:8|3:2|3:4|3:8|4:2|4:3|4:4|4:7|4:8|5:7|6:7|6:8|7:8|7:9|8:9|9:8|9:9,704
1054,2782,0.3045563709139426,4.0,4.0,0.0,4.0,41,victory,1,0,,0,31,30,0:0|0:1|0:2|1:2|2:2|2:4|2:5|2:6|2:7|2:8|3:2|3:4|3:8|4:2|4:3|4:4|4:6|4:7|4:8|5:5|5:6|5:7|5:8|6:7|6:8|7:8|7:9|8:9|9:8|9:9,704
1055,2783,0.30389593062041353,4.0,4.0,0.0,4.0,49,victory,1,0,,0,32,31,0:0|0:1|0:2|1:2|2:1|2:2|2:4|2:5|2:6|2:7|2:8|3:1|3:2|3:3|3:4|3:8|4:2|4:3|4:4|4:6|4:7|4:8|5:6|5:7|6:7|6:8|7:8|7:9|8:9|9:8|9:9,704
1056,2784,0.30323549032688457,4.0,4.0,0.0,4.0,39,victory,1,0,,0,32,31,0:0|0:1|0:2|1:2|2:2|2:4|2:5|2:6|2:7|2:8|3:2|3:4|3:8|4:2|4:3|4:4|4:7|4:8|5:6|5:7|6:5|6:6|6:7|6:8|7:6|7:7|7:8|7:9|8:9|9:8|9:9,704
1057,2785,0.3025750500333555,4.0,4.0,0.0,4.0,39,victory,1,0,,0,27,26,0:0|0:1|0:2|1:2|2:2|2:4|2:5|2:6|2:7|2:8|3:2|3:4|3:8|4:2|4:3|4:4|4:7|4:8|5:7|6:7|6:8|7:8|7:9|8:9|9:8|9:9,704
1058,2786,0.30191460973982664,4.0,4.0,0.0,4.0,34,victory,1,0,,0,30,29,0:0|0:1|0:2|0:6|1:2|1:6|2:2|2:4|2:5|2:6|2:7|2:8|3:2|3:4|3:8|4:2|4:3|4:4|4:7|4:8|5:7|5:8|6:7|6:8|7:8|7:9|8:9|9:8|9:9,704
1059,2787,0.30125416944629757,4.0,4.0,0.0,4.0,44,victory,1,0,,0,29,29,0:0|0:1|0:2|1:2|2:2|2:4|2:5|2:6|2:7|2:8|3:2|3:4|3:8|4:2|4:3|4:4|4:7|4:8|5:1|5:2|5:6|5:7|6:7|6:8|7:8|7:9|8:9|9:8|9:9,704
1060,2788,0.3005937291527685,4.0,4.0,0.0,4.0,33,victory,1,0,,0,28,28,0:0|0:1|0:2|1:2|2:2|2:4|2:5|2:6|2:7|2:8|3:2|3:4|3:8|4:1|4:2|4:3|4:4|4:7|4:8|5:7|6:6|6:7|6:8|7:8|7:9|8:9|9:8|9:9,704
1061,2789,0.29993328885923953,4.0,4.0,0.0,4.0,39,victory,1,0,,0,26,26,0:0|0:1|0:2|1:2|2:2|2:4|2:5|2:6|2:7|2:8|3:2|3:4|3:8|4:2|4:3|4:4|4:7|4:8|5:7|6:7|6:8|7:8|7:9|8:9|9:8|9:9,704
1062,2790,0.29927284856571046,4.0,4.0,0.0,4.0,33,victory,1,0,,0,27,27,0:0|0:1|0:2|1:2|2:2|2:4|2:5|2:6|2:7|2:8|3:2|3:4|3:8|3:9|4:2|4:3|4:4|4:7|4:8|5:7|6:7|6:8|7:8|7:9|8:9|9:8|9:9,704
1063,2791,0.2986124082721815,4.0,4.0,0.0,4.0,30,victory,1,0,,0,27,27,0:0|0:1|0:2|1:2|2:2|2:4|2:5|2:6|2:7|2:8|2:9|3:2|3:4|3:8|4:2|4:3|4:4|4:8|5:7|5:8|6:7|6:8|7:8|7:9|8:9|9:8|9:9,704
1064,2792,0.2979519679786524,4.0,4.0,0.0,4.0,31,victory,1,0,,0,29,29,0:0|0:1|0:2|1:2|2:2|2:4|2:5|2:6|2:7|2:8|2:9|3:2|3:4|3:8|4:2|4:3|4:4|4:5|4:8|5:7|5:8|6:7|6:8|6:9|7:8|7:9|8:9|9:8|9:9,704
1065,2793,0.29729152768512335,4.0,4.0,0.0,4.0,38,victory,1,0,,0,29,29,0:0|0:1|0:2|1:2|1:4|1:6|1:7|2:2|2:4|2:5|2:6|2:7|2:8|3:2|3:4|3:8|4:2|4:3|4:4|4:7|4:8|5:7|6:7|6:8|7:8|7:9|8:9|9:8|9:9,704
1066,2794,0.2966310873915944,4.0,4.0,0.0,4.0,38,victory,1,0,,0,29,29,0:0|0:1|0:2|1:1|1:2|2:1|2:2|2:4|2:5|2:6|2:7|2:8|2:9|3:2|3:4|3:8|4:2|4:3|4:4|4:8|5:7|5:8|6:7|6:8|7:8|7:9|8:9|9:8|9:9,704
1067,2795,0.2959706470980653,4.0,4.0,0.0,4.0,36,victory,1,0,,0,28,28,0:0|1:0|1:1|1:2|1:4|1:6|2:2|2:4|2:5|2:6|2:7|2:8|3:2|3:4|3:8|4:2|4:3|4:4|4:7|4:8|5:7|6:7|6:8|7:8|7:9|8:9|9:8|9:9,704
1068,2796,0.29531020680453635,4.0,4.0,0.0,4.0,40,victory,1,0,,0,29,28,0:0|0:1|0:2|1:2|1:6|2:2|2:4|2:5|2:6|2:7|2:8|3:2|3:4|3:8|4:2|4:3|4:4|4:7|4:8|5:2|5:7|6:7|6:8|6:9|7:9|8:9|9:8|9:9,704
1069,2797,0.2946497665110074,4.0,4.0,0.0,4.0,45,victory,1,0,,0,30,29,0:0|0:1|0:2|1:2|1:4|2:2|2:4|2:5|2:6|2:7|2:8|3:2|3:4|3:8|4:2|4:3|4:4|4:7|4:8|5:6|5:7|5:8|6:7|6:8|7:8|7:9|8:9|9:8|9:9,704
1070,2798,0.2939893262174783,4.0,4.0,0.0,4.0,40,victory,1,0,,0,29,28,0:0|0:1|0:2|1:2|2:2|2:4|2:5|2:6|2:7|2:8|3:2|3:4|3:8|4:2|4:3|4:4|4:7|4:8|5:7|5:8|6:7|6:8|6:9|7:8|7:9|8:9|9:8|9:9,704
1071,2799,0.29332888592394935,4.0,4.0,0.0,4.0,38,victory,1,0,,0,30,29,0:0|0:1|0:2|1:2|2:2|2:4|2:5|2:6|2:7|2:8|3:2|3:3|3:4|3:8|4:2|4:3|4:4|4:7|4:8|5:7|5:8|6:7|6:8|7:7|7:8|7:9|8:9|9:8|9:9,704
1072,2800,0.29266844563042027,4.0,4.0,0.0,4.0,37,victory,1,0,,0,28,28,0:0|0:1|0:2|1:2|2:2|2:4|2:5|2:6|2:7|2:8|3:1|3:2|3:3|3:4|3:8|4:2|4:3|4:4|4:7|4:8|5:7|6:7|6:8|7:8|7:9|8:9|9:8|9:9,704
1073,2801,0.2920080053368913,4.0,4.0,0.0,4.0,39,victory,1,0,,0,30,30,0:0|1:0|1:1|1:2|2:2|2:4|2:5|2:6|2:7|2:8|2:9|3:2|3:4|3:8|4:2|4:3|4:4|4:5|4:7|4:8|5:7|5:8|6:7|7:6|7:7|7:8|7:9|8:9|9:8|9:9,704
1074,2802,0.29134756504336223,4.0,4.0,0.0,4.0,31,victory,1,0,,0,26,26,0:0|0:1|0:2|1:2|2:2|2:4|2:5|2:6|2:7|2:8|3:2|3:4|3:8|4:2|4:3|4:4|4:7|4:8|5:7|6:7|6:8|7:8|7:9|8:9|9:8|9:9,704
1075,2803,0.29068712474983316,4.0,4.0,0.0,4.0,42,victory,1,0,,0,31,31,0:0|0:1|0:2|1:2|2:2|2:4|2:5|2:6|2:7|2:8|3:2|3:4|3:8|4:1|4:2|4:3|4:4|4:5|4:6|4:7|4:8|5:7|5:8|6:7|6:8|6:9|7:8|7:9|8:9|9:8|9:9,704
1076,2804,0.2900266844563042,4.0,4.0,0.0,4.0,25,victory,1,0,,0,26,26,0:0|0:1|0:2|1:2|2:2|2:4|2:5|2:6|2:7|2:8|3:2|3:4|3:8|4:2|4:3|4:4|4:7|4:8|5:7|6:7|6:8|7:8|7:9|8:9|9:8|9:9,704
1077,2805,0.2893662441627751,4.0,4.0,0.0,4.0,44,victory,1,0,,0,34,33,0:0|0:1|0:2|1:2|1:4|1:7|2:0|2:1|2:2|2:4|2:5|2:6|2:7|2:8|3:2|3:3|3:4|3:8|4:2|4:3|4:4|4:7|4:8|5:2|5:6|5:7|6:7|6:8|7:8|7:9|8:9|9:8|9:9,704
1078,2806,0.28870580386924616,4.0,4.0,0.0,4.0,36,victory,1,0,,0,31,31,0:0|0:1|0:2|1:2|2:2|2:4|2:5|2:6|2:7|2:8|3:2|3:4|3:8|3:9|4:2|4:3|4:4|4:5|4:7|4:8|4:9|5:5|5:7|5:8|6:7|6:8|7:8|7:9|8:9|9:8|9:9,704
1079,2807,0.2880453635757172,4.0,4.0,0.0,4.0,34,victory,1,0,,0,29,29,0:0|0:1|0:2|1:2|2:1|2:2|2:4|2:5|2:6|2:7|2:8|3:2|3:4|3:8|3:9|4:2|4:3|4:4|4:7|4:8|5:7|6:7|6:8|7:7|7:8|7:9|8:9|9:8|9:9,704
1080,2808,0.2873849232821881,4.0,4.0,0.0,4.0,38,victory,1,0,,0,30,30,0:0|0:1|0:2|0:6|1:1|1:2|1:6|2:2|2:4|2:5|2:6|2:7|2:8|3:2|3:4|3:8|4:2|4:3|4:4|4:7|4:8|5:7|6:6|6:7|6:8|7:8|7:9|8:9|9:8|9:9,704
1081,2809,0.28672448298865916,4.0,4.0,0.0,4.0,44,victory,1,0,,0,31,31,0:0|0:1|0:2|1:2|2:1|2:2|2:4|2:5|2:6|2:7|2:8|3:0|3:1|3:2|3:4|3:8|3:9|4:2|4:3|4:4|4:7|4:8|4:9|5:7|6:7|6:8|7:8|7:9|8:9|9:8|9:9,704
1082,2810,0.2860640426951301,4.0,4.0,0.0,4.0,33,victory,1,0,,0,28,28,0:0|0:1|0:2|1:2|1:5|1:6|2:2|2:4|2:5|2:6|2:7|2:8|3:2|3:4|3:8|4:2|4:3|4:4|4:8|5:7|5:8|6:7|6:8|7:8|7:9|8:9|9:8|9:9,704
1083,2811,0.2854036024016011,4.0,4.0,0.0,4.0,38,victory,1,0,,0,29,27,0:0|0:1|0:2|1:2|2:2|2:4|2:5|2:6|2:7|2:8|3:2|3:4|3:8|4:2|4:3|4:4|4:7|4:8|5:7|5:8|6:7|6:8|7:8|7:9|8:9|9:8|9:9,704
1084,2812,0.28474316210807205,4.0,4.0,0.0,4.0,42,victory,1,0,,0,31,31,0:0|0:1|1:1|1:2|1:9|2:2|2:4|2:5|2:6|2:7|2:8|2:9|3:2|3:4|3:8|4:2|4:3|4:4|4:5|4:7|4:8|4:9|5:3|5:7|6:7|6:8|7:8|7:9|8:9|9:8|9:9,704
1085,2813,0.28408272181454297,4.0,4.0,0.0,4.0,46,victory,1,0,,0,31,30,0:0|0:1|0:2|1:0|1:1|1:2|2:2|2:4|2:5|2:6|2:7|2:8|3:2|3:4|3:8|3:9|4:2|4:3|4:4|4:7|4:8|4:9|5:7|6:7|6:8|7:8|7:9|8:9|9:8|9:9,704
1086,2814,0.283422281521014,4.0,4.0,0.0,4.0,31,victory,1,0,,0,26,26,0:0|0:1|0:2|1:2|2:2|2:4|2:5|2:6|2:7|2:8|3:2|3:4|3:8|4:2|4:3|4:4|4:7|4:8|5:7|6:7|6:8|6:9|7:9|8:9|9:8|9:9,704
1087,2815,0.28276184122748493,4.0,4.0,0.0,4.0,43,victory,1,0,,0,27,27,0:0|0:1|0:2|1:1|1:2|2:2|2:4|2:5|2:6|2:7|2:8|3:2|3:4|3:8|4:2|4:3|4:4|4:7|4:8|5:7|6:7|6:8|7:8|7:9|8:9|9:8|9:9,704
1088,2816,0.28210140093395597,4.0,4.0,0.0,4.0,31,victory,1,0,,0,29,28,0:0|0:1|0:2|1:2|2:2|2:4|2:5|2:6|2:7|2:8|3:2|3:4|3:8|4:2|4:3|4:4|4:7|4:8|5:6|5:7|6:6|6:7|6:8|7:8|7:9|8:9|9:8|9:9,704
1089,2817,0.281440960640427,4.0,4.0,0.0,4.0,42,victory,1,0,,0,31,30,0:0|0:1|0:2|1:2|1:4|2:1|2:2|2:4|2:5|2:6|2:7|2:8|3:1|3:2|3:4|3:8|4:2|4:3|4:4|4:7|4:8|5:6|5:7|6:7|7:7|7:8|7:9|8:9|9:8|9:9,704
1090,2818,0.28078052034689793,4.0,4.0,0.0,4.0,30,victory,1,0,,0,27,27,0:0|1:0|2:0|2:1|2:2|2:4|2:5|2:6|2:7|2:8|3:2|3:4|3:8|4:1|4:2|4:3|4:4|4:7|4:8|5:7|6:7|6:8|7:8|7:9|8:9|9:8|9:9,704
1091,2819,0.28012008005336897,4.0,4.0,0.0,4.0,42,victory,1,0,,0,38,33,0:0|0:1|0:2|1:1|1:2|1:4|1:5|2:2|2:4|2:5|2:6|2:7|2:8|3:2|3:4|3:8|4:2|4:3|4:4|4:6|4:7|4:8|4:9|5:6|5:7|5:8|5:9|6:7|6:9|7:9|8:9|9:8|9:9,704
1092,2820,0.2794596397598399,4.0,4.0,0.0,4.0,25,victory,1,0,,0,26,26,0:0|0:1|0:2|1:2|2:2|2:4|2:5|2:6|2:7|2:8|3:2|3:4|3:8|4:2|4:3|4:4|4:7|4:8|5:7|6:7|7:7|7:8|7:9|8:9|9:8|9:9,704
1093,2821,0.27879919946631093,4.0,4.0,0.0,4.0,36,victory,1,0,,0,29,29,0:0|0:1|0:2|1:2|1:5|2:2|2:4|2:5|2:6|2:7|2:8|2:9|3:2|3:4|3:8|3:9|4:2|4:3|4:4|4:7|4:8|5:7|6:7|6:8|7:8|7:9|8:9|9:8|9:9,704
1094,2822,0.27813875917278186,4.0,4.0,0.0,4.0,34,victory,1,0,,0,29,28,0:0|0:1|0:2|1:2|2:2|2:4|2:5|2:6|2:7|2:8|3:2|3:3|3:4|3:8|4:1|4:2|4:3|4:4|4:7|4:8|5:7|6:7|6:8|7:8|7:9|8:9|9:8|9:9,704
1095,2823,0.2774783188792528,4.0,4.0,0.0,4.0,35,victory,1,0,,0,29,28,0:0|0:1|0:2|1:2|2:2|2:4|2:5|2:6|2:7|2:8|3:1|3:2|3:4|3:8|4:2|4:3|4:4|4:7|4:8|5:7|5:8|6:7|6:8|7:8|7:9|8:9|9:8|9:9,704
1096,2824,0.2768178785857238,4.0,4.0,0.0,4.0,27,victory,1,0,,0,27,27,0:0|0:1|0:2|1:2|1:8|2:2|2:4|2:5|2:6|2:7|2:8|3:2|3:4|3:8|4:2|4:3|4:4|4:8|5:7|5:8|6:7|6:8|7:8|7:9|8:9|9:8|9:9,704
1097,2825,0.27615743829219475,4.0,4.0,0.0,4.0,34,victory,1,0,,0,26,26,0:0|0:1|0:2|1:2|2:2|2:4|2:5|2:6|2:7|2:8|3:2|3:4|3:8|4:2|4:3|4:4|4:7|4:8|5:7|6:7|6:8|7:8|7:9|8:9|9:8|9:9,704
1098,2826,0.2754969979986658,4.0,4.0,0.0,4.0,28,victory,1,0,,0,27,27,0:0|0:1|0:2|1:2|2:2|2:4|2:5|2:6|2:7|2:8|3:1|3:2|3:4|3:8|4:2|4:3|4:4|4:8|5:7|5:8|6:7|6:8|7:8|7:9|8:9|9:8|9:9,704
1099,2827,0.2748365577051367,4.0,4.0,0.0,4.0,38,victory,1,0,,0,30,30,0:0|0:1|0:2|1:2|2:2|2:4|2:5|2:6|2:7|2:8|3:2|3:4|3:8|4:2|4:3|4:4|4:6|4:7|4:8|5:6|5:7|5:8|5:9|6:7|6:8|7:8|7:9|8:9|9:8|9:9,704
1100,2828,0.27417611741160774,4.0,4.0,0.0,4.0,28,victory,1,0,,0,26,26,0:0|0:1|0:2|1:2|2:2|2:4|2:5|2:6|2:7|2:8|3:2|3:4|3:8|4:2|4:3|4:4|4:7|4:8|5:7|6:7|6:8|7:8|7:9|8:9|9:8|9:9,704
1101,2829,0.2735156771180788,4.0,4.0,0.0,4.0,30,victory,1,0,,0,26,26,0:0|0:1|0:2|1:2|2:2|2:4|2:5|2:6|2:7|2:8|3:2|3:4|3:8|4:2|4:3|4:4|4:8|5:7|5:8|6:7|6:8|7:8|7:9|8:9|9:8|9:9,704
1102,2830,0.2728552368245497,4.0,4.0,0.0,4.0,49,victory,1,0,,0,29,28,0:0|0:1|0:2|1:2|2:2|2:4|2:5|2:6|2:7|2:8|3:2|3:4|3:8|4:2|4:3|4:4|4:7|4:8|5:7|5:8|6:7|6:8|6:9|7:8|7:9|8:9|9:8|9:9,704
1103,2831,0.27219479653102074,4.0,4.0,0.0,4.0,27,victory,1,0,,0,26,26,0:0|0:1|0:2|1:2|2:2|2:4|2:5|2:6|2:7|2:8|3:2|3:4|3:8|4:2|4:3|4:4|4:7|4:8|5:7|6:7|6:8|7:8|7:9|8:9|9:8|9:9,704
1104,2832,0.27153435623749167,4.0,4.0,0.0,4.0,39,victory,1,0,,0,30,30,0:0|0:1|0:2|1:2|1:4|2:2|2:4|2:5|2:6|2:7|2:8|3:2|3:4|3:8|4:2|4:3|4:4|4:6|4:7|4:8|4:9|5:2|5:7|6:7|6:8|7:8|7:9|8:9|9:8|9:9,704
1105,2833,0.2708739159439626,4.0,4.0,0.0,4.0,33,victory,1,0,,0,30,29,0:0|0:1|0:2|1:2|2:2|2:4|2:5|2:6|2:7|2:8|3:2|3:4|3:8|4:2|4:3|4:4|4:6|4:7|4:8|5:2|5:7|6:7|6:8|6:9|7:8|7:9|8:9|9:8|9:9,704
1106,2834,0.27021347565043363,4.0,4.0,0.0,4.0,32,victory,1,0,,0,28,28,0:0|0:1|0:2|1:2|2:2|2:4|2:5|2:6|2:7|2:8|3:2|3:4|3:8|4:0|4:1|4:2|4:3|4:4|4:7|4:8|5:7|6:7|7:7|7:8|7:9|8:9|9:8|9:9,704
1107,2835,0.26955303535690456,4.0,4.0,0.0,4.0,40,victory,1,0,,0,31,31,0:0|0:1|0:2|1:1|1:2|1:7|2:1|2:2|2:4|2:5|2:6|2:7|2:8|3:2|3:3|3:4|3:8|4:2|4:3|4:4|4:7|4:8|5:7|5:8|6:7|6:8|6:9|7:9|8:9|9:8|9:9,704
1108,2836,0.2688925950633756,4.0,4.0,0.0,4.0,31,victory,1,0,,0,28,28,0:0|0:1|0:2|1:2|2:2|2:4|2:5|2:6|2:7|2:8|2:9|3:2|3:3|3:4|3:8|4:2|4:3|4:7|4:8|5:7|5:8|6:7|6:8|6:9|7:9|8:9|9:8|9:9,704
1109,2837,0.2682321547698465,4.0,4.0,0.0,4.0,38,victory,1,0,,0,29,28,0:0|0:1|0:2|1:0|1:1|1:2|2:2|2:4|2:5|2:6|2:7|2:8|3:2|3:4|3:8|4:2|4:3|4:4|4:8|5:7|5:8|6:7|6:8|7:8|7:9|8:9|9:8|9:9,704
1110,2838,0.26757171447631756,4.0,4.0,0.0,4.0,35,victory,1,0,,0,27,27,0:0|1:0|1:1|1:2|2:2|2:4|2:5|2:6|2:7|2:8|3:2|3:4|3:8|4:2|4:3|4:4|4:6|4:7|4:8|5:7|6:7|6:8|7:8|7:9|8:9|9:8|9:9,704
1111,2839,0.2669112741827886,4.0,4.0,0.0,4.0,28,victory,1,0,,0,26,26,0:0|0:1|0:2|1:2|2:2|2:4|2:5|2:6|2:7|2:8|3:2|3:4|3:8|4:2|4:3|4:4|4:7|4:8|5:7|6:7|6:8|7:8|7:9|8:9|9:8|9:9,704
1112,2840,0.2662508338892595,4.0,4.0,0.0,4.0,34,victory,1,0,,0,27,26,0:0|0:1|0:2|1:2|2:2|2:4|2:5|2:6|2:7|2:8|3:2|3:4|3:8|4:2|4:3|4:4|4:7|4:8|5:7|6:7|6:8|7:8|7:9|8:9|9:8|9:9,704
1113,2841,0.26559039359573056,4.0,4.0,0.0,4.0,39,victory,1,0,,0,28,28,0:0|0:1|0:2|1:2|2:2|2:4|2:5|2:6|2:7|2:8|3:2|3:4|3:8|3:9|4:2|4:3|4:4|4:7|4:8|5:7|6:7|6:8|7:7|7:8|7:9|8:9|9:8|9:9,704
1114,2842,0.2649299533022015,4.0,4.0,0.0,4.0,31,victory,1,0,,0,27,27,0:0|0:1|1:1|2:1|2:2|2:4|2:5|2:6|2:7|2:8|3:2|3:4|3:8|4:2|4:3|4:4|4:5|4:7|4:8|5:7|6:7|6:8|7:8|7:9|8:9|9:8|9:9,704
1115,2843,0.2642695130086724,4.0,4.0,0.0,4.0,35,victory,1,0,,0,28,28,0:0|0:1|0:2|1:2|1:6|2:2|2:4|2:5|2:6|2:7|2:8|3:2|3:4|3:8|4:2|4:3|4:4|4:7|4:8|5:6|5:7|6:7|6:8|7:8|7:9|8:9|9:8|9:9,704
1116,2844,0.26360907271514344,4.0,4.0,0.0,4.0,34,victory,1,0,,0,28,28,0:0|0:1|0:2|1:2|1:6|2:2|2:4|2:5|2:6|2:7|2:8|3:2|3:4|3:8|4:2|4:3|4:4|4:7|4:8|5:7|6:7|6:8|6:9|7:8|7:9|8:9|9:8|9:9,704
1117,2845,0.26294863242161437,4.0,4.0,0.0,4.0,33,victory,1,0,,0,26,26,0:0|0:1|0:2|1:2|2:2|2:4|2:5|2:6|2:7|2:8|3:2|3:4|3:8|4:2|4:3|4:4|4:7|4:8|5:7|6:7|6:8|7:8|7:9|8:9|9:8|9:9,704
1118,2846,0.2622881921280854,4.0,4.0,0.0,4.0,37,victory,1,0,,0,28,28,0:0|0:1|0:2|1:2|1:7|2:2|2:4|2:5|2:6|2:7|2:8|3:2|3:4|3:8|3:9|4:2|4:3|4:4|4:7|4:8|5:7|6:7|6:8|7:8|7:9|8:9|9:8|9:9,704
1119,2847,0.26162775183455633,4.0,4.0,0.0,4.0,30,victory,1,0,,0,27,26,0:0|1:0|1:1|1:2|2:2|2:4|2:5|2:6|2:7|2:8|3:2|3:3|3:4|3:8|4:2|4:3|4:7|4:8|5:7|6:7|6:8|7:8|7:9|8:9|9:8|9:9,704
1120,2848,0.26096731154102726,4.0,4.0,0.0,4.0,35,victory,1,0,,0,30,30,0:0|0:2|1:0|1:1|1:2|1:6|2:2|2:4|2:5|2:6|2:7|2:8|2:9|3:2|3:4|3:8|4:1|4:2|4:3|4:4|4:7|4:8|5:7|6:7|6:8|7:8|7:9|8:9|9:8|9:9,704
1121,2849,0.2603068712474984,4.0,4.0,0.0,4.0,42,victory,1,0,,0,29,29,0:0|0:1|0:2|1:2|2:2|2:4|2:5|2:6|2:7|2:8|3:2|3:3|3:4|3:8|4:2|4:3|4:4|4:6|4:7|4:8|5:3|5:7|6:7|6:8|7:8|7:9|8:9|9:8|9:9,704
1122,2850,0.25964643095396933,4.0,4.0,0.0,4.0,29,victory,1,0,,0,27,27,0:0|0:1|0:2|1:2|2:2|2:4|2:5|2:6|2:7|2:8|3:2|3:4|3:8|4:2|4:3|4:4|4:7|4:8|5:6|5:7|6:7|6:8|7:8|7:9|8:9|9:8|9:9,704
1123,2851,0.25898599066044037,4.0,4.0,0.0,4.0,28,victory,1,0,,0,27,27,0:0|0:1|0:2|1:2|2:2|2:4|2:5|2:6|2:7|2:8|3:2|3:4|3:8|4:2|4:3|4:4|4:7|4:8|4:9|5:7|6:7|6:8|6:9|7:9|8:9|9:8|9:9,704
1124,2852,0.2583255503669113,4.0,4.0,0.0,4.0,37,victory,1,0,,0,29,29,0:0|0:1|0:2|1:2|1:7|2:2|2:4|2:5|2:6|2:7|2:8|3:2|3:4|3:8|3:9|4:2|4:3|4:4|4:7|4:8|4:9|5:7|6:7|6:8|7:8|7:9|8:9|9:8|9:9,704
1125,2853,0.2576651100733822,4.0,4.0,0.0,4.0,37,victory,1,0,,0,29,29,0:0|0:1|0:2|1:2|1:6|2:2|2:4|2:5|2:6|2:7|2:8|3:1|3:2|3:3|3:4|3:8|4:2|4:3|4:8|5:7|5:8|6:6|6:7|6:8|7:8|7:9|8:9|9:8|9:9,704
1126,2854,0.25700466977985326,4.0,4.0,0.0,4.0,41,victory,1,0,,0,31,30,0:0|0:1|1:1|1:2|2:2|2:4|2:5|2:6|2:7|2:8|3:2|3:3|3:4|3:8|3:9|4:2|4:3|4:4|4:7|4:8|4:9|5:2|5:7|6:7|6:8|7:8|7:9|8:9|9:8|9:9,704
1127,2855,0.2563442294863242,4.0,4.0,0.0,4.0,37,victory,1,0,,0,29,29,0:0|0:1|0:2|1:0|1:2|2:2|2:4|2:5|2:6|2:7|2:8|3:2|3:4|3:8|4:2|4:3|4:4|4:6|4:7|4:8|5:3|5:7|6:7|6:8|7:8|7:9|8:9|9:8|9:9,704
1128,2856,0.2556837891927952,4.0,4.0,0.0,4.0,44,victory,1,0,,0,29,29,0:0|0:1|0:2|1:2|2:2|2:4|2:5|2:6|2:7|2:8|3:2|3:4|3:8|4:2|4:3|4:4|4:6|4:7|4:8|5:6|5:7|5:8|6:7|6:8|7:8|7:9|8:9|9:8|9:9,704
1129,2857,0.25502334889926614,4.0,4.0,0.0,4.0,36,victory,1,0,,0,28,28,0:0|0:1|0:2|1:2|2:2|2:4|2:5|2:6|2:7|2:8|3:2|3:3|3:4|3:8|4:1|4:2|4:3|4:4|4:7|4:8|5:7|6:7|6:8|7:8|7:9|8:9|9:8|9:9,704
1130,2858,0.25436290860573707,4.0,4.0,0.0,4.0,30,victory,1,0,,0,27,26,0:0|0:1|0:2|1:2|2:2|2:4|2:5|2:6|2:7|2:8|3:2|3:4|3:8|4:2|4:3|4:4|4:7|4:8|5:7|6:7|6:8|7:8|7:9|8:9|9:8|9:9,704
1131,2859,0.2537024683122082,4.0,4.0,0.0,4.0,40,victory,1,0,,0,31,31,0:0|0:1|0:2|1:2|2:2|2:4|2:5|2:6|2:7|2:8|3:2|3:4|3:8|4:2|4:3|4:4|4:7|4:8|5:2|5:7|5:8|5:9|6:7|6:8|6:9|7:7|7:8|7:9|8:9|9:8|9:9,704
1132,2860,0.25304202801867914,4.0,4.0,0.0,4.0,41,victory,1,0,,0,27,26,0:0|0:1|0:2|1:2|1:6|2:2|2:4|2:5|2:6|2:7|2:8|3:2|3:3|3:4|3:8|4:2|4:7|4:8|5:7|6:7|6:8|7:8|7:9|8:9|9:8|9:9,704
1133,2861,0.2523815877251502,4.0,4.0,0.0,4.0,35,victory,1,0,,0,32,32,0:0|0:1|0:2|0:7|0:8|1:2|1:7|1:8|2:2|2:4|2:5|2:6|2:7|2:8|3:1|3:2|3:4|3:8|3:9|4:2|4:3|4:4|4:7|4:8|5:7|6:7|6:8|7:8|7:9|8:9|9:8|9:9,704
1134,2862,0.2517211474316211,4.0,4.0,0.0,4.0,40,victory,1,0,,0,29,29,0:0|0:1|0:2|0:4|1:2|1:4|1:7|2:2|2:4|2:5|2:6|2:7|2:8|3:2|3:4|3:8|4:2|4:3|4:4|4:7|4:8|5:7|6:7|6:8|7:8|7:9|8:9|9:8|9:9,704
1135,2863,0.25106070713809203,4.0,4.0,0.0,4.0,34,victory,1,0,,0,29,28,0:0|0:1|0:2|1:2|1:4|1:5|2:2|2:4|2:5|2:6|2:7|2:8|3:2|3:3|3:4|3:8|4:2|4:7|4:8|5:7|6:7|6:8|7:7|7:8|7:9|8:9|9:8|9:9,704
1136,2864,0.25040026684456307,4.0,4.0,0.0,4.0,35,victory,1,0,,0,27,27,0:0|0:1|0:2|1:2|2:2|2:4|2:5|2:6|2:7|2:8|3:2|3:3|3:4|3:8|3:9|4:2|4:3|4:7|4:8|5:7|6:7|6:8|7:8|7:9|8:9|9:8|9:9,704
1137,2865,0.249739826551034,4.0,4.0,0.0,4.0,34,victory,1,0,,0,28,28,0:0|1:0|1:1|1:2|2:2|2:4|2:5|2:6|2:7|2:8|3:2|3:4|3:8|4:2|4:3|4:4|4:7|4:8|4:9|5:7|5:8|6:7|6:8|7:8|7:9|8:9|9:8|9:9,704
1138,2866,0.24907938625750503,4.0,4.0,0.0,4.0,30,victory,1,0,,0,27,25,0:0|0:1|0:2|1:2|2:2|2:4|2:5|2:6|2:7|2:8|3:2|3:3|3:4|3:8|4:2|4:7|4:8|5:7|6:7|6:8|7:8|7:9|8:9|9:8|9:9,704
1139,2867,0.24841894596397596,4.0,4.0,0.0,4.0,29,victory,1,0,,0,28,28,0:0|0:1|0:2|1:2|2:2|2:4|2:5|2:6|2:7|2:8|3:2|3:4|3:8|4:2|4:3|4:4|4:8|4:9|5:7|5:8|5:9|6:7|6:8|7:8|7:9|8:9|9:8|9:9,704
1140,2868,0.24775850567044688,4.0,4.0,0.0,4.0,34,victory,1,0,,0,30,29,0:0|0:1|0:2|1:2|2:2|2:4|2:5|2:6|2:7|2:8|3:1|3:2|3:4|3:8|3:9|4:2|4:3|4:4|4:7|4:8|5:7|5:8|6:7|6:8|7:8|7:9|8:9|9:8|9:9,704
1141,2869,0.24709806537691803,4.0,4.0,0.0,4.0,34,victory,1,0,,0,29,28,0:0|0:1|0:2|1:2|2:2|2:4|2:5|2:6|2:7|2:8|3:2|3:4|3:8|4:1|4:2|4:3|4:4|4:7|4:8|5:7|5:8|6:7|6:8|7:8|7:9|8:9|9:8|9:9,704
1142,2870,0.24643762508338896,4.0,4.0,0.0,4.0,34,victory,1,0,,0,29,28,0:0|0:1|0:2|1:2|2:2|2:4|2:5|2:6|2:7|2:8|3:2|3:3|3:4|3:8|4:2|4:3|4:4|4:7|4:8|5:7|5:8|6:7|6:8|7:8|7:9|8:9|9:8|9:9,704
1143,2871,0.24577718478986,4.0,4.0,0.0,4.0,33,victory,1,0,,0,28,26,0:0|1:0|1:1|1:2|2:2|2:4|2:5|2:6|2:7|2:8|3:2|3:3|3:4|3:8|4:2|4:3|4:7|4:8|5:7|6:7|6:8|7:8|7:9|8:9|9:8|9:9,704
1144,2872,0.24511674449633092,4.0,4.0,0.0,4.0,46,victory,1,0,,0,30,30,0:0|0:1|1:0|1:1|1:2|1:8|1:9|2:2|2:4|2:5|2:6|2:7|2:8|3:2|3:4|3:8|4:2|4:3|4:4|4:5|4:7|4:8|5:7|6:7|6:8|7:8|7:9|8:9|9:8|9:9,704
1145,2873,0.24445630420280184,4.0,4.0,0.0,4.0,32,victory,1,0,,0,28,28,0:0|0:1|0:2|1:2|1:6|2:2|2:4|2:5|2:6|2:7|2:8|3:2|3:3|3:4|3:8|3:9|4:2|4:3|4:8|5:8|6:7|6:8|7:7|7:8|7:9|8:9|9:8|9:9,704
1146,2874,0.24379586390927288,4.0,4.0,0.0,4.0,46,victory,1,0,,0,33,33,0:0|0:1|0:2|1:2|2:1|2:2|2:4|2:5|2:6|2:7|2:8|2:9|3:2|3:3|3:4|3:8|3:9|4:2|4:3|4:4|4:8|5:7|5:8|6:5|6:6|6:7|6:8|7:6|7:8|7:9|8:9|9:8|9:9,704
1147,2875,0.2431354236157438,4.0,4.0,0.0,4.0,45,victory,1,0,,0,29,29,0:0|0:1|0:2|1:1|1:2|2:1|2:2|2:4|2:5|2:6|2:7|2:8|3:2|3:4|3:8|4:2|4:3|4:4|4:7|4:8|5:3|5:7|6:7|6:8|7:8|7:9|8:9|9:8|9:9,704
1148,2876,0.24247498332221484,4.0,4.0,0.0,4.0,39,victory,1,0,,0,29,29,0:0|0:1|0:2|1:1|1:2|1:6|2:2|2:4|2:5|2:6|2:7|2:8|3:2|3:4|3:8|4:2|4:3|4:4|4:7|4:8|5:7|6:6|6:7|6:8|7:8|7:9|8:9|9:8|9:9,704
1149,2877,0.24181454302868577,4.0,4.0,0.0,4.0,43,victory,1,0,,0,28,28,0:0|0:1|0:2|1:2|2:2|2:4|2:5|2:6|2:7|2:8|3:1|3:2|3:3|3:4|3:8|4:2|4:3|4:4|4:7|4:8|5:7|6:7|6:8|7:8|7:9|8:9|9:8|9:9,704
1150,2878,0.2411541027351567,4.0,4.0,0.0,4.0,29,victory,1,0,,0,26,26,0:0|1:0|1:1|1:2|2:2|2:4|2:5|2:6|2:7|2:8|3:2|3:4|3:8|4:2|4:3|4:4|4:7|4:8|5:7|6:7|7:7|7:8|7:9|8:9|9:8|9:9,704
1151,2879,0.24049366244162773,4.0,4.0,0.0,4.0,39,victory,1,0,,0,29,28,0:0|0:1|0:2|1:2|1:8|2:2|2:4|2:5|2:6|2:7|2:8|3:2|3:4|3:8|4:2|4:3|4:4|4:7|4:8|5:7|6:7|6:8|7:7|7:8|7:9|8:9|9:8|9:9,704
1152,2880,0.23983322214809877,4.0,4.0,0.0,4.0,36,victory,1,0,,0,26,26,0:0|0:1|0:2|1:2|2:2|2:4|2:5|2:6|2:7|2:8|3:2|3:4|3:8|4:2|4:3|4:4|4:7|4:8|5:7|6:7|6:8|7:8|7:9|8:9|9:8|9:9,704
1153,2881,0.2391727818545698,4.0,4.0,0.0,4.0,37,victory,1,0,,0,30,30,0:0|0:1|0:2|1:2|1:5|1:8|2:2|2:4|2:5|2:6|2:7|2:8|3:2|3:4|3:8|4:2|4:3|4:4|4:7|4:8|5:7|6:6|6:7|7:6|7:7|7:8|7:9|8:9|9:8|9:9,704
1154,2882,0.23851234156104073,4.0,4.0,0.0,4.0,42,victory,1,0,,0,30,30,0:0|0:1|0:2|1:2|2:2|2:4|2:5|2:6|2:7|2:8|3:2|3:4|3:8|4:1|4:2|4:3|4:4|4:7|4:8|5:2|5:5|5:6|5:7|6:7|6:8|6:9|7:9|8:9|9:8|9:9,704
1155,2883,0.23785190126751166,4.0,4.0,0.0,4.0,28,victory,1,0,,0,26,26,0:0|0:1|0:2|1:2|2:2|2:4|2:5|2:6|2:7|2:8|3:2|3:4|3:8|4:2|4:3|4:4|4:7|4:8|5:7|6:7|6:8|7:8|7:9|8:9|9:8|9:9,704
1156,2884,0.2371914609739827,4.0,4.0,0.0,4.0,50,victory,1,0,,0,34,32,0:0|0:1|0:2|1:2|1:5|1:6|2:1|2:2|2:4|2:5|2:6|2:7|2:8|3:2|3:4|3:8|4:2|4:3|4:4|4:7|4:8|4:9|5:6|5:7|5:8|6:7|6:8|7:8|7:9|8:9|9:8|9:9,704
1157,2885,0.23653102068045362,4.0,4.0,0.0,4.0,31,victory,1,0,,0,28,27,0:0|0:1|0:2|1:2|1:5|2:2|2:4|2:5|2:6|2:7|2:8|3:2|3:3|3:4|3:8|4:2|4:7|4:8|5:7|5:8|6:7|6:8|6:9|7:9|8:9|9:8|9:9,704
1158,2886,0.23587058038692466,4.0,4.0,0.0,4.0,33,victory,1,0,,0,27,27,0:0|0:1|0:2|1:2|2:2|2:4|2:5|2:6|2:7|2:8|3:2|3:4|3:8|4:2|4:3|4:4|4:7|4:8|5:2|5:7|6:7|6:8|7:8|7:9|8:9|9:8|9:9,704
1159,2887,0.23521014009339558,4.0,4.0,0.0,4.0,27,victory,1,0,,0,27,26,0:0|0:1|0:2|1:2|2:2|2:4|2:5|2:6|2:7|2:8|3:2|3:4|3:8|4:2|4:3|4:4|4:7|4:8|5:7|6:7|6:8|7:8|7:9|8:9|9:8|9:9,704
1160,2888,0.2345496997998665,4.0,4.0,0.0,4.0,35,victory,1,0,,0,28,28,0:0|0:1|0:2|1:2|1:6|2:2|2:4|2:5|2:6|2:7|2:8|3:2|3:3|3:4|3:8|4:2|4:3|4:4|4:7|4:8|5:7|6:7|6:8|7:8|7:9|8:9|9:8|9:9,704
1161,2889,0.23388925950633754,4.0,4.0,0.0,4.0,36,victory,1,0,,0,28,27,0:0|0:1|0:2|1:2|2:2|2:4|2:5|2:6|2:7|2:8|3:2|3:4|3:8|4:2|4:3|4:4|4:7|4:8|5:7|5:8|6:7|6:8|7:8|7:9|8:9|9:8|9:9,704
1162,2890,0.23322881921280858,4.0,4.0,0.0,4.0,31,victory,1,0,,0,27,27,0:0|0:1|0:2|1:2|2:2|2:4|2:5|2:6|2:7|2:8|3:2|3:4|3:8|4:2|4:3|4:4|4:7|4:8|5:7|6:6|6:7|6:8|7:8|7:9|8:9|9:8|9:9,704
1163,2891,0.23256837891927962,4.0,4.0,0.0,4.0,35,victory,1,0,,0,28,28,0:0|0:1|1:1|1:2|2:2|2:4|2:5|2:6|2:7|2:8|3:2|3:4|3:8|4:2|4:3|4:4|4:7|4:8|5:3|5:7|6:3|6:7|6:8|7:8|7:9|8:9|9:8|9:9,704
1164,2892,0.23190793862575054,4.0,4.0,0.0,4.0,37,victory,1,0,,0,28,28,0:0|0:1|0:2|1:2|2:2|2:4|2:5|2:6|2:7|2:8|3:2|3:4|3:8|4:2|4:3|4:4|4:7|4:8|5:7|5:9|6:7|6:8|6:9|7:8|7:9|8:9|9:8|9:9,704
1165,2893,0.23124749833222147,4.0,4.0,0.0,4.0,26,victory,1,0,,0,26,26,0:0|0:1|0:2|1:2|2:2|2:4|2:5|2:6|2:7|2:8|3:2|3:4|3:8|4:2|4:3|4:4|4:7|4:8|5:7|6:7|6:8|7:8|7:9|8:9|9:8|9:9,704
1166,2894,0.2305870580386925,4.0,4.0,0.0,4.0,32,victory,1,0,,0,29,29,0:0|0:1|0:2|1:1|1:2|1:4|2:2|2:4|2:5|2:6|2:7|2:8|3:2|3:3|3:4|3:8|4:2|4:3|4:4|4:7|4:8|5:7|6:7|6:8|7:8|7:9|8:9|9:8|9:9,704
1167,2895,0.22992661774516343,4.0,4.0,0.0,4.0,30,victory,1,0,,0,27,27,0:0|0:1|0:2|1:2|2:2|2:4|2:5|2:6|2:7|2:8|3:2|3:4|3:8|4:2|4:3|4:4|4:6|4:7|4:8|5:7|6:7|6:8|6:9|7:9|8:9|9:8|9:9,704
1168,2896,0.22926617745163447,4.0,4.0,0.0,4.0,37,victory,1,0,,0,29,29,0:0|0:1|0:2|1:2|2:2|2:4|2:5|2:6|2:7|2:8|3:2|3:4|3:8|4:2|4:3|4:4|4:7|4:8|5:2|5:7|5:8|6:7|6:8|6:9|7:7|7:9|8:9|9:8|9:9,704
1169,2897,0.2286057371581054,4.0,4.0,0.0,4.0,37,victory,1,0,,0,28,28,0:0|0:1|0:2|1:2|2:1|2:2|2:4|2:5|2:6|2:7|2:8|3:2|3:4|3:8|4:2|4:3|4:4|4:7|4:8|5:7|5:8|6:7|6:8|7:8|7:9|8:9|9:8|9:9,704
1170,2898,0.22794529686457632,4.0,4.0,0.0,4.0,27,victory,1,0,,0,27,27,0:0|0:1|0:2|1:2|2:2|2:4|2:5|2:6|2:7|2:8|3:2|3:4|3:8|4:2|4:3|4:4|4:7|4:8|5:7|5:8|6:7|6:8|7:8|7:9|8:9|9:8|9:9,704
1171,2899,0.22728485657104736,4.0,4.0,0.0,4.0,30,victory,1,0,,0,27,27,0:0|0:1|0:2|1:2|2:2|2:4|2:5|2:6|2:7|2:8|3:2|3:4|3:8|4:2|4:3|4:4|4:7|4:8|5:7|6:7|6:8|7:7|7:8|7:9|8:9|9:8|9:9,704
1172,2900,0.22662441627751828,4.0,4.0,0.0,4.0,30,victory,1,0,,0,26,26,0:0|0:1|0:2|1:2|2:2|2:4|2:5|2:6|2:7|2:8|3:2|3:4|3:8|4:2|4:3|4:4|4:7|4:8|5:7|6:7|6:8|7:8|7:9|8:9|9:8|9:9,704
1173,2901,0.22596397598398943,4.0,4.0,0.0,4.0,25,victory,1,0,,0,26,26,0:0|0:1|0:2|1:2|2:2|2:4|2:5|2:6|2:7|2:8|3:2|3:4|3:8|4:2|4:3|4:4|4:7|4:8|5:7|6:7|6:8|7:8|7:9|8:9|9:8|9:9,704
1174,2902,0.22530353569046035,4.0,4.0,0.0,4.0,36,victory,1,0,,0,30,30,0:0|0:1|1:0|2:0|2:1|2:4|2:5|2:6|2:7|2:8|2:9|3:1|3:2|3:4|3:8|4:2|4:3|4:4|4:6|4:7|4:8|5:7|6:7|6:8|6:9|7:8|7:9|8:9|9:8|9:9,704
1175,2903,0.22464309539693128,4.0,4.0,0.0,4.0,31,victory,1,0,,0,27,27,0:0|0:1|0:2|1:2|1:8|2:2|2:4|2:5|2:6|2:7|2:8|3:2|3:4|3:8|4:2|4:3|4:4|4:7|4:8|5:7|6:7|6:8|7:8|7:9|8:9|9:8|9:9,704
1176,2904,0.22398265510340232,4.0,4.0,0.0,4.0,33,victory,1,0,,0,29,29,0:0|0:1|0:2|1:2|2:2|2:4|2:5|2:6|2:7|2:8|3:2|3:4|3:8|3:9|4:1|4:2|4:3|4:4|4:5|4:7|4:8|5:7|6:7|6:8|6:9|7:9|8:9|9:8|9:9,704
1177,2905,0.22332221480987324,4.0,4.0,0.0,4.0,25,victory,1,0,,0,26,26,0:0|0:1|0:2|1:2|2:2|2:4|2:5|2:6|2:7|2:8|3:2|3:4|3:8|4:2|4:3|4:4|4:7|4:8|5:7|6:7|6:8|7:8|7:9|8:9|9:8|9:9,704
1178,2906,0.22266177451634428,4.0,4.0,0.0,4.0,31,victory,1,0,,0,27,27,0:0|0:1|0:2|1:2|2:2|2:4|2:5|2:6|2:7|2:8|2:9|3:2|3:4|3:8|4:2|4:3|4:4|4:7|4:8|5:7|6:7|6:8|7:8|7:9|8:9|9:8|9:9,704
1179,2907,0.2220013342228152,4.0,4.0,0.0,4.0,38,victory,1,0,,0,29,29,0:0|0:1|0:2|1:2|2:2|2:4|2:5|2:6|2:7|2:8|3:2|3:4|3:8|4:2|4:3|4:4|4:7|4:8|5:7|5:8|6:7|6:8|6:9|7:7|7:8|7:9|8:9|9:8|9:9,704
1180,2908,0.22134089392928613,4.0,4.0,0.0,4.0,33,victory,1,0,,0,28,28,0:0|0:1|0:2|1:2|2:2|2:4|2:5|2:6|2:7|2:8|2:9|3:2|3:4|3:8|4:2|4:3|4:4|4:7|4:8|5:6|5:7|6:7|6:8|7:8|7:9|8:9|9:8|9:9,704
1181,2909,0.22068045363575717,4.0,4.0,0.0,4.0,38,victory,1,0,,0,32,32,0:0|0:1|0:2|1:2|2:2|2:4|2:5|2:6|2:7|2:8|3:2|3:4|3:8|3:9|4:2|4:3|4:4|4:6|4:7|4:8|5:3|5:6|5:7|5:8|6:7|6:8|7:7|7:8|7:9|8:9|9:8|9:9,704
1182,2910,0.2200200133422281,4.0,4.0,0.0,4.0,46,victory,1,0,,0,31,31,0:0|0:1|0:2|1:2|1:4|2:1|2:2|2:4|2:5|2:6|2:7|2:8|3:2|3:4|3:8|4:2|4:3|4:4|4:5|4:7|4:8|5:7|5:8|6:7|6:8|6:9|7:8|7:9|8:9|9:8|9:9,704
1183,2911,0.21935957304869924,4.0,4.0,0.0,4.0,32,victory,1,0,,0,27,27,0:0|0:1|0:2|1:2|2:2|2:4|2:5|2:6|2:7|2:8|3:2|3:4|3:8|4:2|4:3|4:4|4:7|4:8|5:7|5:8|6:7|6:8|7:8|7:9|8:9|9:8|9:9,704
1184,2912,0.21869913275517017,4.0,4.0,0.0,4.0,37,victory,1,0,,0,27,27,0:0|0:1|0:2|1:2|2:2|2:4|2:5|2:6|2:7|2:8|3:2|3:4|3:8|4:2|4:3|4:4|4:7|4:8|5:7|5:8|6:7|6:8|7:8|7:9|8:9|9:8|9:9,704
1185,2913,0.2180386924616411,4.0,4.0,0.0,4.0,34,victory,1,0,,0,29,29,0:0|0:1|0:2|1:2|1:7|2:2|2:4|2:5|2:6|2:7|2:8|3:2|3:4|3:8|4:2|4:3|4:4|4:5|4:6|4:7|4:8|5:7|6:7|6:8|6:9|7:9|8:9|9:8|9:9,704
1186,2914,0.21737825216811213,4.0,4.0,0.0,4.0,31,victory,1,0,,0,28,28,0:0|0:1|0:2|1:2|1:8|2:2|2:4|2:5|2:6|2:7|2:8|3:2|3:3|3:4|3:8|4:2|4:3|4:4|4:7|4:8|5:7|6:7|6:8|7:8|7:9|8:9|9:8|9:9,704
1187,2915,0.21671781187458306,4.0,4.0,0.0,4.0,39,victory,1,0,,0,30,29,0:0|0:1|0:2|1:2|1:4|1:5|1:6|2:2|2:4|2:5|2:6|2:7|2:8|3:2|3:4|3:8|4:2|4:3|4:4|4:7|4:8|5:7|6:7|6:8|7:8|7:9|8:9|9:8|9:9,704
1188,2916,0.2160573715810541,4.0,4.0,0.0,4.0,32,victory,1,0,,0,27,27,0:0|0:1|0:2|1:2|2:2|2:4|2:5|2:6|2:7|2:8|3:2|3:4|3:8|4:2|4:3|4:4|4:7|4:8|5:7|6:7|6:8|6:9|7:8|7:9|8:9|9:8|9:9,704
1189,2917,0.21539693128752502,4.0,4.0,0.0,4.0,26,victory,1,0,,0,26,26,0:0|0:1|0:2|1:2|2:2|2:4|2:5|2:6|2:7|2:8|3:2|3:4|3:8|4:2|4:3|4:4|4:7|4:8|5:7|6:7|6:8|7:8|7:9|8:9|9:8|9:9,704
1190,2918,0.21473649099399594,4.0,4.0,0.0,4.0,37,victory,1,0,,0,27,27,0:0|0:1|0:2|1:2|2:2|2:4|2:5|2:6|2:7|2:8|3:2|3:4|3:8|4:2|4:3|4:4|4:7|4:8|5:7|6:7|6:8|6:9|7:8|7:9|8:9|9:8|9:9,704
1191,2919,0.21407605070046698,4.0,4.0,0.0,4.0,33,victory,1,0,,0,26,26,0:0|0:1|0:2|1:2|2:2|2:4|2:5|2:6|2:7|2:8|3:2|3:4|3:8|4:2|4:3|4:4|4:7|4:8|5:7|6:7|6:8|7:8|7:9|8:9|9:8|9:9,704
1192,2920,0.2134156104069379,4.0,4.0,0.0,4.0,31,victory,1,0,,0,27,27,0:0|0:1|0:2|1:2|2:2|2:4|2:5|2:6|2:7|2:8|3:2|3:4|3:8|4:1|4:2|4:3|4:4|4:7|4:8|5:7|6:7|6:8|7:8|7:9|8:9|9:8|9:9,704
1193,2921,0.21275517011340905,4.0,4.0,0.0,4.0,41,victory,1,0,,0,30,30,0:0|0:1|0:2|1:2|1:4|2:2|2:4|2:5|2:6|2:7|2:8|2:9|3:2|3:4|3:8|4:2|4:3|4:4|4:5|4:6|4:7|4:8|5:7|6:7|6:8|7:8|7:9|8:9|9:8|9:9,704
1194,2922,0.21209472981987998,4.0,4.0,0.0,4.0,33,victory,1,0,,0,29,29,0:0|0:1|0:2|1:2|2:2|2:4|2:5|2:6|2:7|2:8|3:1|3:2|3:4|3:8|4:1|4:2|4:3|4:4|4:7|4:8|4:9|5:7|6:7|6:8|7:8|7:9|8:9|9:8|9:9,704
1195,2923,0.2114342895263509,4.0,4.0,0.0,4.0,31,victory,1,0,,0,27,27,0:0|0:1|0:2|1:2|2:2|2:4|2:5|2:6|2:7|2:8|3:2|3:4|3:8|4:2|4:3|4:4|4:7|4:8|5:7|5:8|6:7|6:8|7:8|7:9|8:9|9:8|9:9,704
1196,2924,0.21077384923282194,4.0,4.0,0.0,4.0,28,victory,1,0,,0,27,27,0:0|0:1|0:2|1:2|2:2|2:4|2:5|2:6|2:7|2:8|3:2|3:3|3:4|3:8|4:2|4:3|4:7|4:8|4:9|5:7|6:7|6:8|7:8|7:9|8:9|9:8|9:9,704
1197,2925,0.21011340893929287,4.0,4.0,0.0,4.0,33,victory,1,0,,0,28,28,0:0|0:1|0:2|1:2|1:6|2:2|2:4|2:5|2:6|2:7|2:8|3:2|3:3|3:4|3:8|4:2|4:3|4:4|4:7|4:8|5:7|6:7|6:8|7:8|7:9|8:9|9:8|9:9,704
1198,2926,0.2094529686457639,4.0,4.0,0.0,4.0,31,victory,1,0,,0,28,27,0:0|0:1|0:2|1:1|1:2|1:4|2:2|2:4|2:5|2:6|2:7|2:8|3:2|3:3|3:4|3:8|4:2|4:7|4:8|5:7|6:7|6:8|7:8|7:9|8:9|9:8|9:9,704
1199,2927,0.20879252835223483,4.0,4.0,0.0,4.0,30,victory,1,0,,0,26,26,0:0|0:1|0:2|1:2|2:2|2:4|2:5|2:6|2:7|2:8|3:2|3:4|3:8|4:2|4:3|4:4|4:7|4:8|5:7|6:7|6:8|7:8|7:9|8:9|9:8|9:9,704
1200,2928,0.20813208805870576,4.0,4.0,0.0,4.0,32,victory,1,0,,0,29,29,0:0|0:1|0:2|1:2|1:7|2:2|2:4|2:5|2:6|2:7|2:8|3:2|3:4|3:8|4:2|4:3|4:4|4:7|4:8|5:2|5:7|6:6|6:7|6:8|7:8|7:9|8:9|9:8|9:9,704
1201,2929,0.2074716477651768,4.0,4.0,0.0,4.0,35,victory,1,0,,0,29,28,0:0|0:1|0:2|1:2|1:6|2:2|2:4|2:5|2:6|2:7|2:8|3:2|3:4|3:8|4:2|4:3|4:4|4:7|4:8|5:2|5:7|6:7|6:8|7:8|7:9|8:9|9:8|9:9,704
1202,2930,0.20681120747164772,4.0,4.0,0.0,4.0,37,victory,1,0,,0,28,28,0:0|0:1|0:2|1:2|2:2|2:4|2:5|2:6|2:7|2:8|3:2|3:3|3:4|3:8|3:9|4:2|4:3|4:4|4:7|4:8|5:7|6:7|6:8|7:8|7:9|8:9|9:8|9:9,704
1203,2931,0.20615076717811875,4.0,4.0,0.0,4.0,32,victory,1,0,,0,27,26,0:0|0:1|0:2|1:2|2:2|2:4|2:5|2:6|2:7|2:8|3:2|3:3|3:4|3:8|4:2|4:7|4:8|5:7|5:8|6:7|6:8|7:8|7:9|8:9|9:8|9:9,704
1204,2932,0.2054903268845898,4.0,4.0,0.0,4.0,33,victory,1,0,,0,28,27,0:0|0:1|0:2|1:2|2:2|2:4|2:5|2:6|2:7|2:8|3:2|3:3|3:4|3:8|3:9|4:2|4:6|4:7|4:8|5:7|6:7|6:8|7:8|7:9|8:9|9:8|9:9,704
1205,2933,0.20482988659106072,4.0,4.0,0.0,4.0,40,victory,1,0,,0,30,29,0:0|0:1|0:2|1:2|2:2|2:4|2:5|2:6|2:7|2:8|3:2|3:4|3:8|3:9|4:2|4:3|4:4|4:7|4:8|4:9|5:7|5:8|6:7|6:8|7:8|7:9|8:9|9:8|9:9,704
1206,2934,0.20416944629753175,4.0,4.0,0.0,4.0,30,victory,1,0,,0,28,28,0:0|0:1|0:2|1:2|1:6|1:7|2:2|2:4|2:5|2:6|2:7|2:8|3:2|3:4|3:8|4:2|4:3|4:4|4:7|4:8|5:7|6:7|6:8|7:8|7:9|8:9|9:8|9:9,704
1207,2935,0.20350900600400268,4.0,4.0,0.0,4.0,33,victory,1,0,,0,30,29,0:0|0:1|0:2|1:2|1:5|1:8|2:2|2:4|2:5|2:6|2:7|2:8|3:2|3:4|3:8|4:2|4:3|4:4|4:7|4:8|5:7|5:8|6:7|6:8|7:8|7:9|8:9|9:8|9:9,704
1208,2936,0.20284856571047372,4.0,4.0,0.0,4.0,29,victory,1,0,,0,27,27,0:0|0:1|0:2|1:2|2:2|2:4|2:5|2:6|2:7|2:8|3:2|3:4|3:8|4:1|4:2|4:3|4:4|4:8|5:7|5:8|6:7|6:8|7:8|7:9|8:9|9:8|9:9,704
1209,2937,0.20218812541694464,4.0,4.0,0.0,4.0,30,victory,1,0,,0,28,27,0:0|0:1|0:2|1:2|2:1|2:2|2:4|2:5|2:6|2:7|2:8|3:2|3:4|3:8|4:2|4:3|4:4|4:7|4:8|5:7|6:7|6:8|7:8|7:9|8:9|9:8|9:9,704
1210,2938,0.20152768512341557,4.0,4.0,0.0,4.0,41,victory,1,0,,0,30,28,0:0|1:0|1:1|1:2|1:4|2:2|2:4|2:5|2:6|2:7|2:8|3:2|3:3|3:4|3:8|4:2|4:4|4:8|5:7|5:8|6:7|6:8|7:7|7:8|7:9|8:9|9:8|9:9,704
1211,2939,0.2008672448298866,4.0,4.0,0.0,4.0,33,victory,1,0,,0,30,30,0:0|0:1|0:2|1:2|1:8|2:2|2:4|2:5|2:6|2:7|2:8|3:2|3:3|3:4|3:8|4:2|4:3|4:4|4:7|4:8|5:6|5:7|5:8|6:7|6:8|7:8|7:9|8:9|9:8|9:9,704
1212,2940,0.20020680453635753,4.0,4.0,0.0,4.0,31,victory,1,0,,0,28,28,0:0|0:1|0:2|1:2|2:2|2:4|2:5|2:6|2:7|2:8|3:2|3:4|3:8|4:2|4:3|4:4|4:7|4:8|5:7|5:8|6:7|6:8|6:9|7:8|7:9|8:9|9:8|9:9,704
1213,2941,0.19954636424282857,4.0,4.0,0.0,4.0,29,victory,1,0,,0,27,27,0:0|0:1|0:2|1:2|2:2|2:4|2:5|2:6|2:7|2:8|3:2|3:4|3:8|4:2|4:3|4:4|4:5|4:7|4:8|5:7|6:7|6:8|7:8|7:9|8:9|9:8|9:9,704
1214,2942,0.1988859239492996,4.0,4.0,0.0,4.0,31,victory,1,0,,0,29,27,0:0|0:1|0:2|1:2|2:2|2:4|2:5|2:6|2:7|2:8|3:2|3:3|3:4|3:8|4:2|4:3|4:4|4:7|4:8|5:7|6:7|6:8|7:8|7:9|8:9|9:8|9:9,704
1215,2943,0.19822548365577053,4.0,4.0,0.0,4.0,37,victory,1,0,,0,28,28,0:0|0:1|0:2|1:2|2:2|2:4|2:5|2:6|2:7|2:8|3:2|3:4|3:8|3:9|4:2|4:3|4:4|4:7|4:8|4:9|5:7|6:7|6:8|7:8|7:9|8:9|9:8|9:9,704
1216,2944,0.19756504336224157,4.0,4.0,0.0,4.0,31,victory,1,0,,0,26,26,0:0|0:1|0:2|1:2|2:2|2:4|2:5|2:6|2:7|2:8|3:2|3:4|3:8|4:2|4:3|4:4|4:7|4:8|5:7|6:7|6:8|7:8|7:9|8:9|9:8|9:9,704
1217,2945,0.1969046030687125,4.0,4.0,0.0,4.0,32,victory,1,0,,0,28,28,0:0|0:1|0:2|1:2|2:2|2:4|2:5|2:6|2:7|2:8|3:2|3:4|3:8|4:2|4:3|4:4|4:7|4:8|4:9|5:2|5:7|6:7|6:8|7:8|7:9|8:9|9:8|9:9,704
1218,2946,0.19624416277518353,4.0,4.0,0.0,4.0,27,victory,1,0,,0,27,27,0:0|0:1|0:2|1:2|2:2|2:4|2:5|2:6|2:7|2:8|3:2|3:4|3:8|4:2|4:3|4:4|4:7|4:8|5:7|6:7|6:8|6:9|7:8|7:9|8:9|9:8|9:9,704
1219,2947,0.19558372248165445,4.0,4.0,0.0,4.0,29,victory,1,0,,0,27,27,0:0|1:0|1:1|1:2|2:2|2:4|2:5|2:6|2:7|2:8|3:2|3:4|3:8|4:2|4:3|4:4|4:7|4:8|5:2|5:7|6:7|6:8|7:8|7:9|8:9|9:8|9:9,704
1220,2948,0.19492328218812538,4.0,4.0,0.0,4.0,32,victory,1,0,,0,28,27,0:0|0:1|0:2|1:2|2:2|2:4|2:5|2:6|2:7|2:8|3:2|3:4|3:8|4:2|4:3|4:4|4:5|4:7|4:8|5:7|6:7|6:8|7:8|7:9|8:9|9:8|9:9,704
1221,2949,0.19426284189459642,4.0,4.0,0.0,4.0,42,victory,1,0,,0,30,30,0:0|0:1|0:2|1:2|1:6|1:7|2:2|2:4|2:5|2:6|2:7|2:8|3:2|3:4|3:8|4:2|4:3|4:4|4:5|4:6|4:7|4:8|5:7|6:7|6:8|7:8|7:9|8:9|9:8|9:9,704
1222,2950,0.19360240160106734,4.0,4.0,0.0,4.0,40,victory,1,0,,0,28,28,0:0|0:1|0:2|1:2|2:2|2:4|2:5|2:6|2:7|2:8|3:2|3:3|3:4|3:8|4:2|4:3|4:4|4:7|4:8|4:9|5:7|6:7|6:8|7:8|7:9|8:9|9:8|9:9,704
1223,2951,0.19294196130753827,4.0,4.0,0.0,4.0,35,victory,1,0,,0,30,29,0:0|0:1|0:2|1:2|2:2|2:4|2:5|2:6|2:7|2:8|3:2|3:3|3:4|3:8|4:2|4:3|4:4|4:7|4:8|5:7|5:8|6:6|6:7|6:8|7:8|7:9|8:9|9:8|9:9,704
1224,2952,0.1922815210140093,4.0,4.0,0.0,4.0,35,victory,1,0,,0,27,27,0:0|0:1|0:2|1:2|2:2|2:4|2:5|2:6|2:7|2:8|3:2|3:3|3:4|3:8|4:2|4:3|4:4|4:7|4:8|5:7|6:7|6:8|7:8|7:9|8:9|9:8|9:9,704
1225,2953,0.19162108072048034,4.0,4.0,0.0,4.0,39,victory,1,0,,0,29,28,0:0|1:0|1:1|1:2|1:8|2:2|2:4|2:5|2:6|2:7|2:8|3:2|3:3|3:4|3:8|4:2|4:7|4:8|5:6|5:7|6:7|6:8|6:9|7:8|7:9|8:9|9:8|9:9,704
1226,2954,0.19096064042695138,4.0,4.0,0.0,4.0,31,victory,1,0,,0,28,28,0:0|0:1|0:2|1:2|1:6|2:2|2:4|2:5|2:6|2:7|2:8|3:2|3:4|3:8|4:2|4:3|4:4|4:8|5:7|5:8|5:9|6:7|6:8|7:8|7:9|8:9|9:8|9:9,704
1227,2955,0.1903002001334223,4.0,4.0,0.0,4.0,31,victory,1,0,,0,27,25,0:0|0:1|0:2|1:2|2:2|2:4|2:5|2:6|2:7|2:8|3:2|3:3|3:4|3:8|4:2|4:7|4:8|5:7|6:7|6:8|7:8|7:9|8:9|9:8|9:9,704
1228,2956,0.18963975983989323,4.0,4.0,0.0,4.0,27,victory,1,0,,0,27,27,0:0|0:1|0:2|1:1|1:2|2:2|2:4|2:5|2:6|2:7|2:8|3:2|3:4|3:8|4:2|4:3|4:4|4:7|4:8|5:7|6:7|6:8|7:8|7:9|8:9|9:8|9:9,704
1229,2957,0.18897931954636427,4.0,4.0,0.0,4.0,33,victory,1,0,,0,27,27,0:0|0:1|0:2|1:2|2:2|2:4|2:5|2:6|2:7|2:8|3:1|3:2|3:4|3:8|4:2|4:3|4:4|4:7|4:8|5:7|6:7|6:8|7:8|7:9|8:9|9:8|9:9,704
1230,2958,0.1883188792528352,4.0,4.0,0.0,4.0,32,victory,1,0,,0,29,29,0:0|0:1|0:2|1:2|1:8|2:2|2:4|2:5|2:6|2:7|2:8|3:2|3:3|3:4|3:8|4:2|4:3|4:4|4:7|4:8|5:7|6:7|6:8|6:9|7:8|7:9|8:9|9:8|9:9,704
1231,2959,0.18765843895930623,4.0,4.0,0.0,4.0,35,victory,1,0,,0,27,27,0:0|0:1|0:2|1:2|2:2|2:4|2:5|2:6|2:7|2:8|3:2|3:4|3:8|4:2|4:3|4:4|4:7|4:8|4:9|5:7|6:7|6:8|7:8|7:9|8:9|9:8|9:9,704
1232,2960,0.18699799866577715,4.0,4.0,0.0,4.0,31,victory,1,0,,0,28,26,0:0|0:1|0:2|1:2|1:4|2:2|2:4|2:5|2:6|2:7|2:8|3:2|3:3|3:4|3:8|4:2|4:3|4:8|5:8|6:7|6:8|7:8|7:9|8:9|9:8|9:9,704
1233,2961,0.18633755837224808,4.0,4.0,0.0,4.0,35,victory,1,0,,0,27,27,0:0|0:1|0:2|1:2|2:2|2:4|2:5|2:6|2:7|2:8|3:2|3:4|3:8|4:2|4:3|4:4|4:7|4:8|5:7|6:7|6:8|6:9|7:8|7:9|8:9|9:8|9:9,704
1234,2962,0.18567711807871912,4.0,4.0,0.0,4.0,29,victory,1,0,,0,27,27,0:0|0:1|0:2|1:2|2:2|2:4|2:5|2:6|2:7|2:8|3:2|3:4|3:8|4:1|4:2|4:3|4:4|4:7|4:8|5:7|6:7|6:8|6:9|7:9|8:9|9:8|9:9,704
1235,2963,0.18501667778519015,4.0,4.0,0.0,4.0,37,victory,1,0,,0,29,29,0:0|0:1|0:2|1:2|2:2|2:4|2:5|2:6|2:7|2:8|3:2|3:4|3:8|4:1|4:2|4:3|4:4|4:7|4:8|5:7|5:8|6:7|6:8|6:9|7:8|7:9|8:9|9:8|9:9,704
1236,2964,0.1843562374916612,4.0,4.0,0.0,4.0,33,victory,1,0,,0,29,29,0:0|0:1|0:2|1:2|1:4|2:2|2:4|2:5|2:6|2:7|2:8|3:2|3:3|3:4|3:8|3:9|4:2|4:3|4:4|4:7|4:8|5:7|6:7|6:8|7:8|7:9|8:9|9:8|9:9,704
1237,2965,0.18369579719813212,4.0,4.0,0.0,4.0,28,victory,1,0,,0,26,26,0:0|0:1|0:2|1:2|2:2|2:4|2:5|2:6|2:7|2:8|3:2|3:4|3:8|4:2|4:3|4:4|4:7|4:8|5:7|6:7|6:8|7:8|7:9|8:9|9:8|9:9,704
1238,2966,0.18303535690460304,4.0,4.0,0.0,4.0,28,victory,1,0,,0,26,26,0:0|0:1|0:2|1:2|2:2|2:4|2:5|2:6|2:7|2:8|3:2|3:4|3:8|4:2|4:3|4:4|4:7|4:8|5:7|6:7|6:8|7:8|7:9|8:9|9:8|9:9,704
1239,2967,0.18237491661107408,4.0,4.0,0.0,4.0,29,victory,1,0,,0,28,28,0:0|0:1|0:2|1:2|2:2|2:4|2:5|2:6|2:7|2:8|3:1|3:2|3:4|3:8|4:1|4:2|4:3|4:4|4:7|4:8|5:7|6:7|6:8|7:8|7:9|8:9|9:8|9:9,704
1240,2968,0.181714476317545,4.0,4.0,0.0,4.0,34,victory,1,0,,0,29,29,0:0|0:1|0:2|1:1|1:2|2:2|2:4|2:5|2:6|2:7|2:8|3:1|3:2|3:4|3:8|4:2|4:3|4:4|4:7|4:8|5:7|6:7|6:8|6:9|7:8|7:9|8:9|9:8|9:9,704
1241,2969,0.18105403602401604,4.0,4.0,0.0,4.0,31,victory,1,0,,0,26,26,0:0|0:1|0:2|1:2|2:2|2:4|2:5|2:6|2:7|2:8|3:2|3:4|3:8|4:2|4:3|4:4|4:7|4:8|5:7|6:7|6:8|7:8|7:9|8:9|9:8|9:9,704
1242,2970,0.18039359573048697,4.0,4.0,0.0,4.0,25,victory,1,0,,0,26,26,0:0|0:1|0:2|1:2|2:2|2:4|2:5|2:6|2:7|2:8|3:2|3:4|3:8|4:2|4:3|4:4|4:7|4:8|5:7|6:7|6:8|7:8|7:9|8:9|9:8|9:9,704
1243,2971,0.1797331554369579,4.0,4.0,0.0,4.0,30,victory,1,0,,0,28,28,0:0|0:1|0:2|1:2|1:8|2:2|2:4|2:5|2:6|2:7|2:8|3:2|3:4|3:8|4:2|4:3|4:4|4:7|4:8|5:7|5:8|6:7|6:8|7:8|7:9|8:9|9:8|9:9,704
1244,2972,0.17907271514342893,4.0,4.0,0.0,4.0,27,victory,1,0,,0,26,26,0:0|0:1|0:2|1:2|2:2|2:4|2:5|2:6|2:7|2:8|3:2|3:3|3:4|3:8|4:2|4:3|4:7|4:8|5:7|6:7|6:8|7:8|7:9|8:9|9:8|9:9,704
1245,2973,0.17841227484989997,4.0,4.0,0.0,4.0,40,victory,1,0,,0,31,28,0:0|0:1|0:2|1:2|2:2|2:4|2:5|2:6|2:7|2:8|3:2|3:4|3:8|4:2|4:3|4:4|4:6|4:7|4:8|5:7|5:8|6:7|6:8|7:8|7:9|8:9|9:8|9:9,704
1246,2974,0.177751834556371,4.0,4.0,0.0,4.0,29,victory,1,0,,0,27,27,0:0|0:1|0:2|1:2|2:2|2:4|2:5|2:6|2:7|2:8|3:2|3:4|3:8|4:2|4:3|4:4|4:7|4:8|5:7|6:7|6:8|7:7|7:8|7:9|8:9|9:8|9:9,704
1247,2975,0.17709139426284193,4.0,4.0,0.0,4.0,31,victory,1,0,,0,29,29,0:0|0:1|0:2|1:2|1:8|2:2|2:4|2:5|2:6|2:7|2:8|2:9|3:2|3:3|3:4|3:8|4:2|4:3|4:7|4:8|5:7|6:6|6:7|6:8|7:8|7:9|8:9|9:8|9:9,704
1248,2976,0.17643095396931285,4.0,4.0,0.0,4.0,35,victory,1,0,,0,29,29,0:0|1:0|1:1|1:2|1:8|2:2|2:4|2:5|2:6|2:7|2:8|3:2|3:4|3:8|4:2|4:3|4:4|4:7|4:8|5:2|5:6|5:7|6:7|6:8|7:8|7:9|8:9|9:8|9:9,704
1249,2977,0.1757705136757839,4.0,4.0,0.0,4.0,34,victory,1,0,,0,26,26,0:0|0:1|0:2|1:2|2:2|2:4|2:5|2:6|2:7|2:8|3:2|3:4|3:8|4:2|4:3|4:4|4:7|4:8|5:7|6:7|6:8|7:8|7:9|8:9|9:8|9:9,704
1250,2978,0.17511007338225482,4.0,4.0,0.0,4.0,27,victory,1,0,,0,26,26,0:0|0:1|0:2|1:2|2:2|2:4|2:5|2:6|2:7|2:8|3:2|3:4|3:8|4:2|4:3|4:4|4:7|4:8|5:7|6:7|6:8|7:8|7:9|8:9|9:8|9:9,704
1251,2979,0.17444963308872585,4.0,4.0,0.0,4.0,28,victory,1,0,,0,26,26,0:0|0:1|0:2|1:2|2:2|2:4|2:5|2:6|2:7|2:8|3:2|3:4|3:8|4:2|4:3|4:4|4:7|4:8|5:7|6:7|6:8|7:8|7:9|8:9|9:8|9:9,704
1252,2980,0.17378919279519678,4.0,4.0,0.0,4.0,39,victory,1,0,,0,28,28,0:0|0:1|0:2|1:2|1:8|2:2|2:4|2:5|2:6|2:7|2:8|3:2|3:4|3:8|4:2|4:3|4:4|4:6|4:7|4:8|5:7|6:7|6:8|7:8|7:9|8:9|9:8|9:9,704
1253,2981,0.1731287525016677,4.0,4.0,0.0,4.0,25,victory,1,0,,0,26,26,0:0|0:1|0:2|1:2|2:2|2:4|2:5|2:6|2:7|2:8|3:2|3:4|3:8|4:2|4:3|4:4|4:7|4:8|5:7|6:7|6:8|7:8|7:9|8:9|9:8|9:9,704
1254,2982,0.17246831220813874,4.0,4.0,0.0,4.0,36,victory,1,0,,0,27,27,0:0|0:1|0:2|1:2|2:2|2:4|2:5|2:6|2:7|2:8|3:2|3:4|3:8|4:2|4:3|4:4|4:7|4:8|4:9|5:7|6:7|6:8|7:8|7:9|8:9|9:8|9:9,704
1255,2983,0.17180787191460967,4.0,4.0,0.0,4.0,37,victory,1,0,,0,27,27,0:0|0:1|0:2|1:2|2:2|2:4|2:5|2:6|2:7|2:8|3:2|3:4|3:8|4:2|4:3|4:4|4:7|4:8|5:7|6:6|6:7|6:8|7:8|7:9|8:9|9:8|9:9,704
1256,2984,0.17114743162108081,4.0,4.0,0.0,4.0,29,victory,1,0,,0,26,25,0:0|0:1|0:2|1:2|2:2|2:4|2:5|2:6|2:7|2:8|3:2|3:3|3:4|3:8|4:2|4:7|4:8|5:7|6:7|7:7|7:8|7:9|8:9|9:8|9:9,704
1257,2985,0.17048699132755174,4.0,4.0,0.0,4.0,33,victory,1,0,,0,29,28,0:0|0:1|0:2|1:2|1:5|2:2|2:4|2:5|2:6|2:7|2:8|3:2|3:4|3:8|4:2|4:3|4:4|4:7|4:8|5:3|5:7|6:7|6:8|7:8|7:9|8:9|9:8|9:9,704
1258,2986,0.16982655103402267,4.0,4.0,0.0,4.0,30,victory,1,0,,0,27,27,0:0|0:1|0:2|1:2|2:2|2:4|2:5|2:6|2:7|2:8|3:2|3:4|3:8|4:2|4:3|4:4|4:5|4:7|4:8|5:7|6:7|6:8|7:8|7:9|8:9|9:8|9:9,704
1259,2987,0.1691661107404937,4.0,4.0,0.0,4.0,32,victory,1,0,,0,29,28,0:0|0:1|0:2|1:2|1:5|2:1|2:2|2:4|2:5|2:6|2:7|2:8|3:1|3:2|3:3|3:4|3:8|4:2|4:7|4:8|5:7|6:7|6:8|7:8|7:9|8:9|9:8|9:9,704
1260,2988,0.16850567044696463,4.0,4.0,0.0,4.0,31,victory,1,0,,0,28,28,0:0|0:1|0:2|1:2|1:4|2:2|2:4|2:5|2:6|2:7|2:8|3:2|3:3|3:4|3:8|4:2|4:3|4:4|4:7|4:8|5:7|6:7|6:8|7:8|7:9|8:9|9:8|9:9,704
1261,2989,0.16784523015343566,4.0,4.0,0.0,4.0,36,victory,1,0,,0,28,28,0:0|0:1|0:2|1:2|2:2|2:4|2:5|2:6|2:7|2:8|3:2|3:4|3:8|4:2|4:3|4:4|4:7|4:8|5:7|5:9|6:7|6:8|6:9|7:8|7:9|8:9|9:8|9:9,704
1262,2990,0.1671847898599066,4.0,4.0,0.0,4.0,33,victory,1,0,,0,28,28,0:0|0:1|0:2|1:2|2:2|2:4|2:5|2:6|2:7|2:8|3:2|3:4|3:8|4:2|4:3|4:4|4:7|4:8|4:9|5:7|6:7|6:8|6:9|7:8|7:9|8:9|9:8|9:9,704
1263,2991,0.16652434956637752,4.0,4.0,0.0,4.0,33,victory,1,0,,0,28,26,0:0|0:1|0:2|1:2|2:2|2:4|2:5|2:6|2:7|2:8|3:2|3:3|3:4|3:8|3:9|4:2|4:8|5:7|5:8|6:7|6:8|7:8|7:9|8:9|9:8|9:9,704
1264,2992,0.16586390927284855,4.0,4.0,0.0,4.0,27,victory,1,0,,0,27,27,0:0|0:1|0:2|1:2|1:7|2:2|2:4|2:5|2:6|2:7|2:8|3:2|3:4|3:8|4:2|4:3|4:4|4:7|4:8|5:7|6:7|7:7|7:8|7:9|8:9|9:8|9:9,704
1265,2993,0.16520346897931948,4.0,4.0,0.0,4.0,30,victory,1,0,,0,28,28,0:0|0:1|0:2|1:1|1:2|2:2|2:4|2:5|2:6|2:7|2:8|3:2|3:3|3:4|3:8|4:2|4:3|4:4|4:7|4:8|5:7|6:7|6:8|7:8|7:9|8:9|9:8|9:9,704
1266,2994,0.16454302868579063,4.0,4.0,0.0,4.0,27,victory,1,0,,0,27,27,0:0|0:1|0:2|1:2|2:2|2:4|2:5|2:6|2:7|2:8|3:2|3:4|3:8|4:2|4:3|4:4|4:7|4:8|4:9|5:7|6:7|6:8|7:8|7:9|8:9|9:8|9:9,704
1267,2995,0.16388258839226155,4.0,4.0,0.0,4.0,32,victory,1,0,,0,27,27,0:0|0:1|0:2|1:2|2:2|2:4|2:5|2:6|2:7|2:8|3:2|3:4|3:8|4:2|4:3|4:4|4:7|4:8|5:3|5:7|6:7|6:8|7:8|7:9|8:9|9:8|9:9,704
1268,2996,0.16322214809873248,4.0,4.0,0.0,4.0,33,victory,1,0,,0,27,26,0:0|0:1|0:2|1:2|2:2|2:4|2:5|2:6|2:7|2:8|3:2|3:4|3:8|4:2|4:3|4:4|4:7|4:8|5:7|6:7|6:8|7:8|7:9|8:9|9:8|9:9,704
1269,2997,0.16256170780520351,4.0,4.0,0.0,4.0,35,victory,1,0,,0,28,27,0:0|0:1|0:2|1:2|2:2|2:4|2:5|2:6|2:7|2:8|3:2|3:3|3:4|3:8|4:2|4:3|4:4|4:7|4:8|5:7|6:7|6:8|7:8|7:9|8:9|9:8|9:9,704
1270,2998,0.16190126751167444,4.0,4.0,0.0,4.0,40,victory,1,0,,0,30,27,0:0|0:1|0:2|1:2|2:1|2:2|2:4|2:5|2:6|2:7|2:8|3:2|3:3|3:4|3:8|4:2|4:7|4:8|5:7|6:7|6:8|6:9|7:8|7:9|8:9|9:8|9:9,704
1271,2999,0.16124082721814548,4.0,4.0,0.0,4.0,32,victory,1,0,,0,28,28,0:0|0:1|0:2|1:2|2:2|2:4|2:5|2:6|2:7|2:8|3:2|3:4|3:8|3:9|4:2|4:3|4:4|4:7|4:8|5:7|6:7|6:8|7:7|7:8|7:9|8:9|9:8|9:9,704
1272,3000,0.1605803869246164,4.0,4.0,0.0,4.0,27,victory,1,0,,0,26,26,0:0|0:1|0:2|1:2|2:2|2:4|2:5|2:6|2:7|2:8|3:2|3:4|3:8|4:2|4:3|4:4|4:7|4:8|5:7|6:7|6:8|7:8|7:9|8:9|9:8|9:9,704
1273,3001,0.15991994663108733,4.0,4.0,0.0,4.0,26,victory,1,0,,0,26,25,0:0|0:1|0:2|1:2|2:2|2:4|2:5|2:6|2:7|2:8|3:2|3:3|3:4|3:8|4:2|4:7|4:8|5:7|6:7|6:8|7:8|7:9|8:9|9:8|9:9,704
1274,3002,0.15925950633755837,4.0,4.0,0.0,4.0,31,victory,1,0,,0,28,28,0:0|0:1|0:2|1:2|1:4|2:2|2:4|2:5|2:6|2:7|2:8|2:9|3:2|3:4|3:8|4:2|4:3|4:4|4:7|4:8|5:7|6:7|6:8|7:8|7:9|8:9|9:8|9:9,704
1275,3003,0.1585990660440293,4.0,4.0,0.0,4.0,34,victory,1,0,,0,28,28,0:0|0:1|0:2|1:2|1:4|2:2|2:4|2:5|2:6|2:7|2:8|3:2|3:4|3:8|4:2|4:3|4:4|4:7|4:8|4:9|5:7|6:7|6:8|7:8|7:9|8:9|9:8|9:9,704
1276,3004,0.15793862575050033,4.0,4.0,0.0,4.0,34,victory,1,0,,0,28,27,0:0|0:1|0:2|1:2|2:2|2:4|2:5|2:6|2:7|2:8|3:2|3:3|3:4|3:8|4:2|4:3|4:4|4:7|4:8|5:7|6:7|6:8|7:8|7:9|8:9|9:8|9:9,704
1277,3005,0.15727818545697136,4.0,4.0,0.0,4.0,27,victory,1,0,,0,26,26,0:0|0:1|0:2|1:2|2:2|2:4|2:5|2:6|2:7|2:8|3:2|3:3|3:4|3:8|4:2|4:3|4:7|4:8|5:7|6:7|6:8|7:8|7:9|8:9|9:8|9:9,704
1278,3006,0.1566177451634423,4.0,4.0,0.0,4.0,29,victory,1,0,,0,27,27,0:0|0:1|0:2|1:2|2:2|2:4|2:5|2:6|2:7|2:8|3:2|3:4|3:8|4:2|4:3|4:4|4:7|4:8|5:7|5:9|6:7|6:8|6:9|7:9|8:9|9:8|9:9,704
1279,3007,0.15595730486991333,4.0,4.0,0.0,4.0,39,victory,1,0,,0,28,28,0:0|0:1|0:2|1:2|2:2|2:4|2:5|2:6|2:7|2:8|3:2|3:3|3:4|3:8|4:1|4:2|4:3|4:4|4:7|4:8|5:7|6:7|6:8|7:8|7:9|8:9|9:8|9:9,704
1280,3008,0.15529686457638425,4.0,4.0,0.0,4.0,34,victory,1,0,,0,27,27,0:0|0:1|0:2|1:2|2:2|2:4|2:5|2:6|2:7|2:8|3:2|3:4|3:8|4:2|4:3|4:4|4:7|4:8|5:7|5:8|6:7|6:8|7:8|7:9|8:9|9:8|9:9,704
1281,3009,0.1546364242828553,4.0,4.0,0.0,4.0,35,victory,1,0,,0,31,30,0:0|0:1|0:2|1:2|2:2|2:4|2:5|2:6|2:7|2:8|2:9|3:2|3:4|3:8|4:2|4:3|4:4|4:7|4:8|5:6|5:7|5:8|6:6|6:7|6:8|7:8|7:9|8:9|9:8|9:9,704
1282,3010,0.15397598398932621,4.0,4.0,0.0,4.0,27,victory,1,0,,0,26,26,0:0|0:1|0:2|1:2|2:2|2:4|2:5|2:6|2:7|2:8|3:2|3:4|3:8|4:2|4:3|4:4|4:7|4:8|5:7|6:7|6:8|7:8|7:9|8:9|9:8|9:9,704
1283,3011,0.15331554369579714,4.0,4.0,0.0,4.0,27,victory,1,0,,0,26,26,0:0|0:1|0:2|1:2|2:2|2:4|2:5|2:6|2:7|2:8|3:2|3:4|3:8|4:2|4:3|4:4|4:7|4:8|5:7|6:7|6:8|7:8|7:9|8:9|9:8|9:9,704
1284,3012,0.15265510340226818,4.0,4.0,0.0,4.0,42,victory,1,0,,0,33,29,0:0|0:1|0:2|1:2|1:8|2:2|2:4|2:5|2:6|2:7|2:8|3:2|3:4|3:8|4:2|4:3|4:4|4:7|4:8|5:3|5:7|5:8|6:7|6:8|7:8|7:9|8:9|9:8|9:9,704
1285,3013,0.1519946631087391,4.0,4.0,0.0,4.0,28,victory,1,0,,0,27,27,0:0|0:1|0:2|1:2|2:2|2:4|2:5|2:6|2:7|2:8|3:2|3:4|3:8|4:2|4:3|4:4|4:7|4:8|5:3|5:7|6:7|6:8|7:8|7:9|8:9|9:8|9:9,704
1286,3014,0.15133422281521014,4.0,4.0,0.0,4.0,32,victory,1,0,,0,28,28,0:0|0:1|0:2|1:2|2:1|2:2|2:4|2:5|2:6|2:7|2:8|3:2|3:4|3:8|4:2|4:3|4:4|4:7|4:8|5:7|6:6|6:7|6:8|7:8|7:9|8:9|9:8|9:9,704
1287,3015,0.15067378252168118,4.0,4.0,0.0,4.0,30,victory,1,0,,0,26,26,0:0|0:1|0:2|1:2|2:2|2:4|2:5|2:6|2:7|2:8|3:2|3:4|3:8|4:2|4:3|4:4|4:7|4:8|5:7|6:7|6:8|7:8|7:9|8:9|9:8|9:9,704
1288,3016,0.1500133422281521,4.0,4.0,0.0,4.0,28,victory,1,0,,0,27,27,0:0|0:1|0:2|1:2|1:6|2:2|2:4|2:5|2:6|2:7|2:8|3:2|3:4|3:8|4:2|4:3|4:4|4:7|4:8|5:7|6:7|6:8|7:8|7:9|8:9|9:8|9:9,704
1289,3017,0.14935290193462314,4.0,4.0,0.0,4.0,32,victory,1,0,,0,28,28,0:0|0:1|0:2|1:2|1:4|2:2|2:4|2:5|2:6|2:7|2:8|3:2|3:3|3:4|3:8|4:2|4:3|4:4|4:7|4:8|5:7|6:7|6:8|7:8|7:9|8:9|9:8|9:9,704
1290,3018,0.14869246164109406,4.0,4.0,0.0,4.0,31,victory,1,0,,0,29,29,0:0|0:1|0:2|1:2|2:2|2:4|2:5|2:6|2:7|2:8|3:2|3:4|3:8|4:1|4:2|4:3|4:4|4:7|4:8|4:9|5:6|5:7|6:7|6:8|7:8|7:9|8:9|9:8|9:9,704
1291,3019,0.1480320213475651,4.0,4.0,0.0,4.0,37,victory,1,0,,0,28,28,0:0|0:1|0:2|1:2|2:1|2:2|2:4|2:5|2:6|2:7|2:8|3:2|3:3|3:4|3:8|4:2|4:3|4:4|4:7|4:8|5:7|6:7|6:8|7:8|7:9|8:9|9:8|9:9,704
1292,3020,0.14737158105403603,4.0,4.0,0.0,4.0,31,victory,1,0,,0,27,27,0:0|1:0|1:1|1:2|2:2|2:4|2:5|2:6|2:7|2:8|3:2|3:4|3:8|4:2|4:3|4:4|4:7|4:8|4:9|5:7|6:7|6:8|7:8|7:9|8:9|9:8|9:9,704
1293,3021,0.14671114076050695,4.0,4.0,0.0,4.0,33,victory,1,0,,0,28,27,0:0|0:1|0:2|1:2|2:2|2:4|2:5|2:6|2:7|2:8|3:2|3:4|3:8|4:2|4:3|4:4|4:6|4:7|4:8|5:7|6:7|6:8|7:8|7:9|8:9|9:8|9:9,704
1294,3022,0.146050700466978,4.0,4.0,0.0,4.0,31,victory,1,0,,0,27,27,0:0|0:1|0:2|1:2|2:2|2:4|2:5|2:6|2:7|2:8|3:2|3:4|3:8|4:2|4:3|4:4|4:5|4:7|4:8|5:7|6:7|6:8|7:8|7:9|8:9|9:8|9:9,704
1295,3023,0.14539026017344892,4.0,4.0,0.0,4.0,34,victory,1,0,,0,29,29,0:0|0:1|0:2|1:1|1:2|2:2|2:4|2:5|2:6|2:7|2:8|3:2|3:4|3:8|3:9|4:2|4:3|4:4|4:7|4:8|5:7|5:8|6:7|6:8|7:8|7:9|8:9|9:8|9:9,704
1296,3024,0.14472981987991995,4.0,4.0,0.0,4.0,28,victory,1,0,,0,27,26,0:0|0:1|0:2|1:2|1:4|2:2|2:4|2:5|2:6|2:7|2:8|3:2|3:3|3:4|3:8|4:2|4:7|4:8|5:7|6:7|6:8|7:8|7:9|8:9|9:8|9:9,704
1297,3025,0.14406937958639088,4.0,4.0,0.0,4.0,33,victory,1,0,,0,28,28,0:0|0:1|0:2|1:2|2:2|2:4|2:5|2:6|2:7|2:8|3:2|3:3|3:4|3:8|3:9|4:2|4:3|4:4|4:7|4:8|5:7|6:7|6:8|7:8|7:9|8:9|9:8|9:9,704
1298,3026,0.14340893929286191,4.0,4.0,0.0,4.0,28,victory,1,0,,0,26,26,0:0|0:1|0:2|1:2|2:2|2:4|2:5|2:6|2:7|2:8|3:2|3:4|3:8|4:2|4:3|4:4|4:7|4:8|5:7|6:7|6:8|7:8|7:9|8:9|9:8|9:9,704
1299,3027,0.14274849899933295,4.0,4.0,0.0,4.0,30,victory,1,0,,0,26,26,0:0|0:1|0:2|1:2|2:2|2:4|2:5|2:6|2:7|2:8|3:2|3:4|3:8|4:2|4:3|4:4|4:7|4:8|5:7|6:7|6:8|7:8|7:9|8:9|9:8|9:9,704
1300,3028,0.14208805870580388,4.0,4.0,0.0,4.0,38,victory,1,0,,0,29,27,0:0|0:1|0:2|1:2|2:2|2:4|2:5|2:6|2:7|2:8|3:1|3:2|3:4|3:8|4:2|4:3|4:4|4:8|5:7|5:8|6:7|6:8|7:8|7:9|8:9|9:8|9:9,704
1301,3029,0.1414276184122749,4.0,4.0,0.0,4.0,27,victory,1,0,,0,27,27,0:0|0:1|0:2|1:2|2:2|2:4|2:5|2:6|2:7|2:8|3:2|3:4|3:8|4:2|4:3|4:4|4:7|4:8|5:7|5:8|6:7|6:8|7:8|7:9|8:9|9:8|9:9,704
1302,3030,0.14076717811874584,4.0,4.0,0.0,4.0,33,victory,1,0,,0,28,28,0:0|0:1|0:2|1:2|2:1|2:2|2:4|2:5|2:6|2:7|2:8|3:1|3:2|3:4|3:8|4:2|4:3|4:4|4:7|4:8|5:7|6:7|6:8|7:8|7:9|8:9|9:8|9:9,704
1303,3031,0.14010673782521677,4.0,4.0,0.0,4.0,31,victory,1,0,,0,27,27,0:0|0:1|0:2|1:2|2:2|2:4|2:5|2:6|2:7|2:8|3:2|3:4|3:8|4:2|4:3|4:4|4:7|4:8|5:6|5:7|6:7|6:8|7:8|7:9|8:9|9:8|9:9,704
1304,3032,0.1394462975316878,4.0,4.0,0.0,4.0,29,victory,1,0,,0,27,27,0:0|0:1|0:2|1:2|2:2|2:4|2:5|2:6|2:7|2:8|2:9|3:2|3:4|3:8|4:2|4:3|4:4|4:7|4:8|5:7|6:7|6:8|7:8|7:9|8:9|9:8|9:9,704
1305,3033,0.13878585723815873,4.0,4.0,0.0,4.0,31,victory,1,0,,0,26,26,0:0|0:1|0:2|1:2|2:2|2:4|2:5|2:6|2:7|2:8|3:2|3:4|3:8|4:2|4:3|4:4|4:7|4:8|5:7|6:7|6:8|7:8|7:9|8:9|9:8|9:9,704
1306,3034,0.13812541694462976,4.0,4.0,0.0,4.0,25,victory,1,0,,0,26,26,0:0|0:1|0:2|1:2|2:2|2:4|2:5|2:6|2:7|2:8|3:2|3:4|3:8|4:2|4:3|4:4|4:7|4:8|5:7|6:7|6:8|7:8|7:9|8:9|9:8|9:9,704
1307,3035,0.1374649766511007,4.0,4.0,0.0,4.0,25,victory,1,0,,0,26,26,0:0|0:1|0:2|1:2|2:2|2:4|2:5|2:6|2:7|2:8|3:2|3:4|3:8|4:2|4:3|4:4|4:7|4:8|5:7|6:7|6:8|7:8|7:9|8:9|9:8|9:9,704
1308,3036,0.13680453635757173,4.0,4.0,0.0,4.0,27,victory,1,0,,0,26,26,0:0|0:1|0:2|1:2|2:2|2:4|2:5|2:6|2:7|2:8|3:2|3:4|3:8|4:2|4:3|4:4|4:7|4:8|5:7|6:7|6:8|7:8|7:9|8:9|9:8|9:9,704
1309,3037,0.13614409606404276,4.0,4.0,0.0,4.0,33,victory,1,0,,0,28,28,0:0|0:1|0:2|1:2|2:2|2:4|2:5|2:6|2:7|2:8|3:2|3:4|3:8|4:2|4:3|4:4|4:6|4:7|4:8|5:7|6:7|6:8|7:7|7:8|7:9|8:9|9:8|9:9,704
1310,3038,0.1354836557705137,4.0,4.0,0.0,4.0,27,victory,1,0,,0,26,25,0:0|0:1|0:2|1:2|2:2|2:4|2:5|2:6|2:7|2:8|3:2|3:3|3:4|3:8|4:2|4:7|4:8|5:7|6:7|6:8|7:8|7:9|8:9|9:8|9:9,704
1311,3039,0.13482321547698473,4.0,4.0,0.0,4.0,29,victory,1,0,,0,26,26,0:0|0:1|0:2|1:2|2:2|2:4|2:5|2:6|2:7|2:8|3:2|3:4|3:8|4:2|4:3|4:4|4:7|4:8|5:7|6:7|6:8|6:9|7:9|8:9|9:8|9:9,704
1312,3040,0.13416277518345565,4.0,4.0,0.0,4.0,32,victory,1,0,,0,27,27,0:0|0:1|0:2|1:1|1:2|2:2|2:4|2:5|2:6|2:7|2:8|3:2|3:4|3:8|4:2|4:3|4:4|4:7|4:8|5:7|6:7|6:8|7:8|7:9|8:9|9:8|9:9,704
1313,3041,0.13350233488992658,4.0,4.0,0.0,4.0,32,victory,1,0,,0,28,28,0:0|0:1|0:2|1:2|1:6|2:2|2:4|2:5|2:6|2:7|2:8|3:2|3:4|3:8|4:2|4:3|4:4|4:7|4:8|5:3|5:7|6:7|6:8|7:8|7:9|8:9|9:8|9:9,704
1314,3042,0.13284189459639761,4.0,4.0,0.0,4.0,35,victory,1,0,,0,28,27,0:0|0:1|0:2|1:2|2:2|2:4|2:5|2:6|2:7|2:8|3:2|3:4|3:8|4:2|4:3|4:4|4:7|4:8|5:7|5:8|6:7|6:8|7:8|7:9|8:9|9:8|9:9,704
1315,3043,0.13218145430286854,4.0,4.0,0.0,4.0,26,victory,1,0,,0,26,26,0:0|0:1|0:2|1:2|2:2|2:4|2:5|2:6|2:7|2:8|3:2|3:4|3:8|4:2|4:3|4:4|4:7|4:8|5:7|6:7|6:8|7:8|7:9|8:9|9:8|9:9,704
1316,3044,0.13152101400933958,4.0,4.0,0.0,4.0,28,victory,1,0,,0,27,27,0:0|0:1|0:2|1:2|2:2|2:4|2:5|2:6|2:7|2:8|3:2|3:4|3:8|4:2|4:3|4:4|4:7|4:8|5:7|5:8|6:7|6:8|7:8|7:9|8:9|9:8|9:9,704
1317,3045,0.1308605737158105,4.0,4.0,0.0,4.0,32,victory,1,0,,0,27,27,0:0|0:1|0:2|1:2|2:1|2:2|2:4|2:5|2:6|2:7|2:8|3:2|3:4|3:8|4:2|4:3|4:4|4:7|4:8|5:7|6:7|7:7|7:8|7:9|8:9|9:8|9:9,704
1318,3046,0.13020013342228154,4.0,4.0,0.0,4.0,31,victory,1,0,,0,27,27,0:0|0:1|0:2|1:2|2:2|2:4|2:5|2:6|2:7|2:8|3:2|3:3|3:4|3:8|4:2|4:3|4:4|4:7|4:8|5:7|6:7|6:8|7:8|7:9|8:9|9:8|9:9,704
1319,3047,0.12953969312875258,4.0,4.0,0.0,4.0,25,victory,1,0,,0,26,26,0:0|0:1|0:2|1:2|2:2|2:4|2:5|2:6|2:7|2:8|3:2|3:4|3:8|4:2|4:3|4:4|4:7|4:8|5:7|6:7|6:8|7:8|7:9|8:9|9:8|9:9,704
1320,3048,0.1288792528352235,4.0,4.0,0.0,4.0,29,victory,1,0,,0,28,27,0:0|0:1|0:2|1:2|2:2|2:4|2:5|2:6|2:7|2:8|3:2|3:4|3:8|4:2|4:3|4:4|4:7|4:8|5:7|6:7|6:8|6:9|7:8|7:9|8:9|9:8|9:9,704
1321,3049,0.12821881254169454,4.0,4.0,0.0,4.0,31,victory,1,0,,0,27,27,0:0|0:1|0:2|1:2|2:2|2:4|2:5|2:6|2:7|2:8|3:2|3:4|3:8|4:2|4:3|4:4|4:7|4:8|5:7|6:7|6:8|6:9|7:8|7:9|8:9|9:8|9:9,704
1322,3050,0.12755837224816546,4.0,4.0,0.0,4.0,29,victory,1,0,,0,26,26,0:0|0:1|0:2|1:2|2:2|2:4|2:5|2:6|2:7|2:8|3:2|3:4|3:8|4:2|4:3|4:4|4:7|4:8|5:7|6:7|6:8|7:8|7:9|8:9|9:8|9:9,704
1323,3051,0.1268979319546364,4.0,4.0,0.0,4.0,35,victory,1,0,,0,30,30,0:0|0:1|0:2|1:1|1:2|2:2|2:4|2:5|2:6|2:7|2:8|3:2|3:4|3:8|3:9|4:2|4:3|4:4|4:6|4:7|4:8|5:7|6:7|6:8|7:7|7:8|7:9|8:9|9:8|9:9,704
1324,3052,0.12623749166110743,4.0,4.0,0.0,4.0,25,victory,1,0,,0,26,26,0:0|0:1|0:2|1:2|2:2|2:4|2:5|2:6|2:7|2:8|3:2|3:4|3:8|4:2|4:3|4:4|4:7|4:8|5:7|6:7|7:7|7:8|7:9|8:9|9:8|9:9,704
1325,3053,0.12557705136757835,4.0,4.0,0.0,4.0,34,victory,1,0,,0,27,27,0:0|0:1|1:1|1:2|2:2|2:4|2:5|2:6|2:7|2:8|3:2|3:4|3:8|4:2|4:3|4:4|4:5|4:7|4:8|5:7|6:7|6:8|7:8|7:9|8:9|9:8|9:9,704
1326,3054,0.12491661107404939,4.0,4.0,0.0,4.0,30,victory,1,0,,0,28,28,0:0|0:1|0:2|1:2|2:2|2:4|2:5|2:6|2:7|2:8|3:2|3:4|3:8|4:2|4:3|4:4|4:7|4:8|5:7|5:8|6:7|6:8|7:7|7:8|7:9|8:9|9:8|9:9,704
1327,3055,0.12425617078052031,4.0,4.0,0.0,4.0,30,victory,1,0,,0,28,28,0:0|0:1|0:2|1:2|2:2|2:4|2:5|2:6|2:7|2:8|3:2|3:3|3:4|3:8|4:2|4:3|4:4|4:7|4:8|4:9|5:7|6:7|6:8|7:8|7:9|8:9|9:8|9:9,704
1328,3056,0.12359573048699124,4.0,4.0,0.0,4.0,26,victory,1,0,,0,26,26,0:0|0:1|1:1|1:2|2:2|2:4|2:5|2:6|2:7|2:8|3:2|3:4|3:8|4:2|4:3|4:4|4:7|4:8|5:7|6:7|6:8|7:8|7:9|8:9|9:8|9:9,704
1329,3057,0.12293529019346239,4.0,4.0,0.0,4.0,31,victory,1,0,,0,28,27,0:0|0:1|0:2|1:2|2:2|2:4|2:5|2:6|2:7|2:8|3:2|3:4|3:8|4:2|4:3|4:4|4:7|4:8|5:7|6:7|6:8|6:9|7:8|7:9|8:9|9:8|9:9,704
1330,3058,0.12227484989993331,4.0,4.0,0.0,4.0,29,victory,1,0,,0,27,27,0:0|0:1|0:2|1:2|2:2|2:4|2:5|2:6|2:7|2:8|3:2|3:3|3:4|3:8|4:2|4:3|4:4|4:7|4:8|5:7|6:7|7:7|7:8|7:9|8:9|9:8|9:9,704
1331,3059,0.12161440960640435,4.0,4.0,0.0,4.0,27,victory,1,0,,0,26,26,0:0|0:1|0:2|1:2|2:2|2:4|2:5|2:6|2:7|2:8|3:2|3:4|3:8|4:2|4:3|4:4|4:7|4:8|5:7|6:7|7:7|7:8|7:9|8:9|9:8|9:9,704
1332,3060,0.12095396931287528,4.0,4.0,0.0,4.0,29,victory,1,0,,0,27,26,0:0|0:1|0:2|1:2|2:2|2:4|2:5|2:6|2:7|2:8|3:2|3:4|3:8|4:2|4:3|4:4|4:7|4:8|5:7|6:7|6:8|7:8|7:9|8:9|9:8|9:9,704
1333,3061,0.1202935290193462,4.0,4.0,0.0,4.0,27,victory,1,0,,0,26,26,0:0|0:1|0:2|1:2|2:2|2:4|2:5|2:6|2:7|2:8|3:2|3:4|3:8|4:2|4:3|4:4|4:7|4:8|5:7|6:7|6:8|7:8|7:9|8:9|9:8|9:9,704
1334,3062,0.11963308872581724,4.0,4.0,0.0,4.0,25,victory,1,0,,0,26,26,0:0|0:1|0:2|1:2|2:2|2:4|2:5|2:6|2:7|2:8|3:2|3:4|3:8|4:2|4:3|4:4|4:7|4:8|5:7|6:7|6:8|7:8|7:9|8:9|9:8|9:9,704
1335,3063,0.11897264843228816,4.0,4.0,0.0,4.0,25,victory,1,0,,0,26,26,0:0|1:0|1:1|1:2|2:2|2:4|2:5|2:6|2:7|2:8|3:2|3:4|3:8|4:2|4:3|4:4|4:7|4:8|5:7|6:7|6:8|7:8|7:9|8:9|9:8|9:9,704
1336,3064,0.1183122081387592,4.0,4.0,0.0,4.0,32,victory,1,0,,0,26,26,0:0|0:1|0:2|1:2|2:2|2:4|2:5|2:6|2:7|2:8|3:2|3:3|3:4|3:8|4:2|4:3|4:8|5:7|5:8|6:7|6:8|7:8|7:9|8:9|9:8|9:9,704
1337,3065,0.11765176784523013,4.0,4.0,0.0,4.0,27,victory,1,0,,0,26,26,0:0|0:1|0:2|1:2|2:2|2:4|2:5|2:6|2:7|2:8|3:2|3:4|3:8|4:2|4:3|4:4|4:7|4:8|5:7|6:7|6:8|7:8|7:9|8:9|9:8|9:9,704
1338,3066,0.11699132755170105,4.0,4.0,0.0,4.0,31,victory,1,0,,0,26,26,0:0|1:0|1:1|1:2|2:2|2:4|2:5|2:6|2:7|2:8|3:2|3:4|3:8|4:2|4:3|4:4|4:7|4:8|5:7|6:7|6:8|7:8|7:9|8:9|9:8|9:9,704
1339,3067,0.1163308872581722,4.0,4.0,0.0,4.0,26,victory,1,0,,0,26,26,0:0|0:1|0:2|1:2|2:2|2:4|2:5|2:6|2:7|2:8|3:2|3:4|3:8|4:2|4:3|4:4|4:7|4:8|5:7|6:7|6:8|7:8|7:9|8:9|9:8|9:9,704
1340,3068,0.11567044696464313,4.0,4.0,0.0,4.0,30,victory,1,0,,0,28,28,0:0|0:1|0:2|1:2|1:4|2:2|2:4|2:5|2:6|2:7|2:8|3:2|3:3|3:4|3:8|4:2|4:3|4:4|4:7|4:8|5:7|6:7|6:8|7:8|7:9|8:9|9:8|9:9,704
1341,3069,0.11501000667111416,4.0,4.0,0.0,4.0,28,victory,1,0,,0,27,27,0:0|0:1|0:2|1:2|1:5|2:2|2:4|2:5|2:6|2:7|2:8|3:2|3:4|3:8|4:2|4:3|4:4|4:7|4:8|5:7|6:7|6:8|7:8|7:9|8:9|9:8|9:9,704
1342,3070,0.11434956637758509,4.0,4.0,0.0,4.0,29,victory,1,0,,0,28,28,0:0|0:1|0:2|1:2|1:7|2:2|2:4|2:5|2:6|2:7|2:8|3:2|3:4|3:8|3:9|4:2|4:3|4:4|4:7|4:8|5:7|6:7|6:8|7:8|7:9|8:9|9:8|9:9,704
1343,3071,0.11368912608405601,4.0,4.0,0.0,4.0,31,victory,1,0,,0,28,27,0:0|0:1|0:2|1:2|2:2|2:4|2:5|2:6|2:7|2:8|3:2|3:4|3:8|4:2|4:3|4:4|4:7|4:8|5:7|5:8|6:7|6:8|7:8|7:9|8:9|9:8|9:9,704
1344,3072,0.11302868579052705,4.0,4.0,0.0,4.0,35,victory,1,0,,0,28,28,0:0|0:1|0:2|1:2|2:2|2:4|2:5|2:6|2:7|2:8|3:2|3:3|3:4|3:8|4:2|4:3|4:4|4:7|4:8|5:7|6:7|6:8|6:9|7:8|7:9|8:9|9:8|9:9,704
1345,3073,0.11236824549699798,4.0,4.0,0.0,4.0,29,victory,1,0,,0,27,27,0:0|0:1|0:2|1:2|2:2|2:4|2:5|2:6|2:7|2:8|3:2|3:4|3:8|4:2|4:3|4:4|4:7|4:8|5:3|5:7|6:7|6:8|7:8|7:9|8:9|9:8|9:9,704
1346,3074,0.11170780520346901,4.0,4.0,0.0,4.0,28,victory,1,0,,0,27,27,0:0|0:1|0:2|1:2|2:2|2:4|2:5|2:6|2:7|2:8|3:1|3:2|3:4|3:8|4:2|4:3|4:4|4:7|4:8|5:7|6:7|6:8|7:8|7:9|8:9|9:8|9:9,704
1347,3075,0.11104736490993994,4.0,4.0,0.0,4.0,25,victory,1,0,,0,26,26,0:0|0:1|0:2|1:2|2:2|2:4|2:5|2:6|2:7|2:8|3:2|3:4|3:8|4:2|4:3|4:4|4:7|4:8|5:7|6:7|6:8|7:8|7:9|8:9|9:8|9:9,704
1348,3076,0.11038692461641086,4.0,4.0,0.0,4.0,31,victory,1,0,,0,28,28,0:0|0:1|0:2|1:2|2:1|2:2|2:4|2:5|2:6|2:7|2:8|3:2|3:4|3:8|4:2|4:3|4:4|4:7|4:8|5:7|6:7|6:8|6:9|7:8|7:9|8:9|9:8|9:9,704
1349,3077,0.1097264843228819,4.0,4.0,0.0,4.0,30,victory,1,0,,0,27,27,0:0|0:1|0:2|1:2|2:2|2:4|2:5|2:6|2:7|2:8|3:2|3:3|3:4|3:8|4:2|4:3|4:4|4:7|4:8|5:7|6:7|6:8|7:8|7:9|8:9|9:8|9:9,704
1350,3078,0.10906604402935294,4.0,4.0,0.0,4.0,30,victory,1,0,,0,27,27,0:0|0:1|0:2|1:2|1:4|2:2|2:4|2:5|2:6|2:7|2:8|3:2|3:4|3:8|4:2|4:3|4:4|4:7|4:8|5:7|6:7|6:8|7:8|7:9|8:9|9:8|9:9,704
1351,3079,0.10840560373582397,4.0,4.0,0.0,4.0,25,victory,1,0,,0,26,26,0:0|0:1|0:2|1:2|2:2|2:4|2:5|2:6|2:7|2:8|3:2|3:4|3:8|4:2|4:3|4:4|4:7|4:8|5:7|6:7|6:8|7:8|7:9|8:9|9:8|9:9,704
1352,3080,0.1077451634422949,4.0,4.0,0.0,4.0,26,victory,1,0,,0,26,26,0:0|0:1|0:2|1:2|2:2|2:4|2:5|2:6|2:7|2:8|3:2|3:4|3:8|4:2|4:3|4:4|4:7|4:8|5:7|6:7|6:8|7:8|7:9|8:9|9:8|9:9,704
1353,3081,0.10708472314876583,4.0,4.0,0.0,4.0,33,victory,1,0,,0,28,28,0:0|0:1|0:2|1:2|1:6|2:2|2:4|2:5|2:6|2:7|2:8|3:2|3:4|3:8|4:2|4:3|4:4|4:6|4:7|4:8|5:7|6:7|6:8|7:8|7:9|8:9|9:8|9:9,704
1354,3082,0.10642428285523686,4.0,4.0,0.0,4.0,35,victory,1,0,,0,30,30,0:0|0:1|0:2|1:2|2:2|2:4|2:5|2:6|2:7|2:8|3:2|3:4|3:8|4:2|4:3|4:4|4:7|4:8|4:9|5:3|5:7|6:7|6:8|7:6|7:7|7:8|7:9|8:9|9:8|9:9,704
1355,3083,0.10576384256170779,4.0,4.0,0.0,4.0,31,victory,1,0,,0,30,30,0:0|0:1|0:2|1:2|2:1|2:2|2:4|2:5|2:6|2:7|2:8|3:2|3:3|3:4|3:8|4:1|4:2|4:3|4:7|4:8|5:1|5:2|5:7|6:7|6:8|7:8|7:9|8:9|9:8|9:9,704
1356,3084,0.10510340226817882,4.0,4.0,0.0,4.0,30,victory,1,0,,0,26,26,0:0|0:1|0:2|1:2|2:2|2:4|2:5|2:6|2:7|2:8|3:2|3:4|3:8|4:2|4:3|4:4|4:7|4:8|5:7|6:7|6:8|7:8|7:9|8:9|9:8|9:9,704
1357,3085,0.10444296197464975,4.0,4.0,0.0,4.0,25,victory,1,0,,0,26,26,0:0|0:1|0:2|1:2|2:2|2:4|2:5|2:6|2:7|2:8|3:2|3:4|3:8|4:2|4:3|4:4|4:7|4:8|5:7|6:7|6:8|7:8|7:9|8:9|9:8|9:9,704
1358,3086,0.10378252168112068,4.0,4.0,0.0,4.0,30,victory,1,0,,0,26,26,0:0|0:1|0:2|1:2|2:2|2:4|2:5|2:6|2:7|2:8|3:2|3:4|3:8|4:2|4:3|4:4|4:7|4:8|5:7|6:7|6:8|7:8|7:9|8:9|9:8|9:9,704
1359,3087,0.10312208138759171,4.0,4.0,0.0,4.0,36,victory,1,0,,0,28,28,0:0|0:1|0:2|1:2|1:4|2:2|2:4|2:5|2:6|2:7|2:8|3:2|3:4|3:8|4:2|4:3|4:4|4:7|4:8|5:6|5:7|6:7|6:8|7:8|7:9|8:9|9:8|9:9,704
1360,3088,0.10246164109406275,4.0,4.0,0.0,4.0,30,victory,1,0,,0,28,28,0:0|0:1|0:2|1:2|1:4|2:2|2:4|2:5|2:6|2:7|2:8|3:2|3:4|3:8|4:2|4:3|4:4|4:7|4:8|5:7|5:8|6:7|6:8|7:8|7:9|8:9|9:8|9:9,704
1361,3089,0.10180120080053379,4.0,4.0,0.0,4.0,25,victory,1,0,,0,26,26,0:0|0:1|0:2|1:2|2:2|2:4|2:5|2:6|2:7|2:8|3:2|3:4|3:8|4:2|4:3|4:4|4:7|4:8|5:7|6:7|6:8|7:8|7:9|8:9|9:8|9:9,704
1362,3090,0.10114076050700471,4.0,4.0,0.0,4.0,29,victory,1,0,,0,26,26,0:0|0:1|0:2|1:2|2:2|2:4|2:5|2:6|2:7|2:8|3:2|3:4|3:8|4:2|4:3|4:4|4:7|4:8|5:7|6:7|6:8|7:8|7:9|8:9|9:8|9:9,704
1363,3091,0.10048032021347564,4.0,4.0,0.0,4.0,25,victory,1,0,,0,26,26,0:0|0:1|0:2|1:2|2:2|2:4|2:5|2:6|2:7|2:8|3:2|3:4|3:8|4:2|4:3|4:4|4:7|4:8|5:7|6:7|6:8|7:8|7:9|8:9|9:8|9:9,704
1364,3092,0.09981987991994667,4.0,4.0,0.0,4.0,30,victory,1,0,,0,27,27,0:0|0:1|0:2|1:2|2:2|2:4|2:5|2:6|2:7|2:8|3:2|3:3|3:4|3:8|4:2|4:3|4:4|4:7|4:8|5:7|6:7|6:8|7:8|7:9|8:9|9:8|9:9,704
1365,3093,0.0991594396264176,4.0,4.0,0.0,4.0,31,victory,1,0,,0,26,26,0:0|0:1|0:2|1:2|2:2|2:4|2:5|2:6|2:7|2:8|3:2|3:4|3:8|4:2|4:3|4:4|4:7|4:8|5:7|6:7|6:8|7:8|7:9|8:9|9:8|9:9,704
1366,3094,0.09849899933288864,4.0,4.0,0.0,4.0,25,victory,1,0,,0,26,26,0:0|0:1|0:2|1:2|2:2|2:4|2:5|2:6|2:7|2:8|3:2|3:4|3:8|4:2|4:3|4:4|4:7|4:8|5:7|6:7|6:8|7:8|7:9|8:9|9:8|9:9,704
1367,3095,0.09783855903935956,4.0,4.0,0.0,4.0,33,victory,1,0,,0,27,26,0:0|0:1|0:2|1:2|2:2|2:4|2:5|2:6|2:7|2:8|3:2|3:4|3:8|4:2|4:3|4:4|4:7|4:8|5:7|6:7|6:8|7:8|7:9|8:9|9:8|9:9,704
1368,3096,0.09717811874583049,4.0,4.0,0.0,4.0,28,victory,1,0,,0,27,27,0:0|0:1|0:2|1:2|2:2|2:4|2:5|2:6|2:7|2:8|3:2|3:4|3:8|4:2|4:3|4:4|4:6|4:7|4:8|5:7|6:7|6:8|7:8|7:9|8:9|9:8|9:9,704
1369,3097,0.09651767845230153,4.0,4.0,0.0,4.0,30,victory,1,0,,0,26,26,0:0|0:1|0:2|1:2|2:2|2:4|2:5|2:6|2:7|2:8|3:2|3:4|3:8|4:2|4:3|4:4|4:7|4:8|5:7|6:7|6:8|7:8|7:9|8:9|9:8|9:9,704
1370,3098,0.09585723815877256,4.0,4.0,0.0,4.0,34,victory,1,0,,0,27,27,0:0|0:1|0:2|1:2|2:2|2:4|2:5|2:6|2:7|2:8|3:2|3:4|3:8|4:2|4:3|4:4|4:7|4:8|5:7|6:7|6:8|6:9|7:8|7:9|8:9|9:8|9:9,704
1371,3099,0.0951967978652436,4.0,4.0,0.0,4.0,28,victory,1,0,,0,26,26,0:0|0:1|0:2|1:2|2:2|2:4|2:5|2:6|2:7|2:8|3:2|3:4|3:8|4:2|4:3|4:4|4:7|4:8|5:7|6:7|6:8|7:8|7:9|8:9|9:8|9:9,704
1372,3100,0.09453635757171452,4.0,4.0,0.0,4.0,26,victory,1,0,,0,26,26,0:0|0:1|0:2|1:2|2:2|2:4|2:5|2:6|2:7|2:8|3:2|3:4|3:8|4:2|4:3|4:4|4:7|4:8|5:7|6:7|6:8|7:8|7:9|8:9|9:8|9:9,704
1373,3101,0.09387591727818545,4.0,4.0,0.0,4.0,27,victory,1,0,,0,26,26,0:0|0:1|0:2|1:2|2:2|2:4|2:5|2:6|2:7|2:8|3:2|3:4|3:8|4:2|4:3|4:4|4:7|4:8|5:7|6:7|6:8|7:8|7:9|8:9|9:8|9:9,704
1374,3102,0.09321547698465649,4.0,4.0,0.0,4.0,28,victory,1,0,,0,26,26,0:0|1:0|1:1|1:2|2:2|2:4|2:5|2:6|2:7|2:8|3:2|3:3|3:4|3:8|4:2|4:3|4:7|4:8|5:7|6:7|6:8|7:8|7:9|8:9|9:8|9:9,704
1375,3103,0.09255503669112741,4.0,4.0,0.0,4.0,25,victory,1,0,,0,26,26,0:0|0:1|0:2|1:2|2:2|2:4|2:5|2:6|2:7|2:8|3:2|3:4|3:8|4:2|4:3|4:4|4:7|4:8|5:7|6:7|6:8|7:8|7:9|8:9|9:8|9:9,704
1376,3104,0.09189459639759845,4.0,4.0,0.0,4.0,26,victory,1,0,,0,26,26,0:0|0:1|0:2|1:2|2:2|2:4|2:5|2:6|2:7|2:8|3:2|3:4|3:8|4:2|4:3|4:4|4:7|4:8|5:7|6:7|6:8|7:8|7:9|8:9|9:8|9:9,704
1377,3105,0.09123415610406937,4.0,4.0,0.0,4.0,25,victory,1,0,,0,26,26,0:0|0:1|0:2|1:2|2:2|2:4|2:5|2:6|2:7|2:8|3:2|3:4|3:8|4:2|4:3|4:4|4:7|4:8|5:7|6:7|6:8|7:8|7:9|8:9|9:8|9:9,704
1378,3106,0.0905737158105403,4.0,4.0,0.0,4.0,31,victory,1,0,,0,27,26,0:0|0:1|0:2|1:2|2:2|2:4|2:5|2:6|2:7|2:8|3:2|3:4|3:8|4:2|4:3|4:4|4:7|4:8|5:7|6:7|6:8|7:8|7:9|8:9|9:8|9:9,704
1379,3107,0.08991327551701134,4.0,4.0,0.0,4.0,25,victory,1,0,,0,26,26,0:0|0:1|0:2|1:2|2:2|2:4|2:5|2:6|2:7|2:8|3:2|3:4|3:8|4:2|4:3|4:4|4:7|4:8|5:7|6:7|6:8|7:8|7:9|8:9|9:8|9:9,704
1380,3108,0.08925283522348226,4.0,4.0,0.0,4.0,31,victory,1,0,,0,27,27,0:0|0:1|0:2|1:2|2:1|2:2|2:4|2:5|2:6|2:7|2:8|3:2|3:4|3:8|4:2|4:3|4:4|4:7|4:8|5:7|6:7|6:8|7:8|7:9|8:9|9:8|9:9,704
1381,3109,0.08859239492995341,4.0,4.0,0.0,4.0,28,victory,1,0,,0,27,27,0:0|0:1|0:2|1:2|2:2|2:4|2:5|2:6|2:7|2:8|3:1|3:2|3:4|3:8|4:2|4:3|4:4|4:7|4:8|5:7|6:7|6:8|7:8|7:9|8:9|9:8|9:9,704
1382,3110,0.08793195463642434,4.0,4.0,0.0,4.0,34,victory,1,0,,0,29,29,0:0|0:1|0:2|1:2|2:2|2:4|2:5|2:6|2:7|2:8|3:2|3:3|3:4|3:8|4:1|4:2|4:3|4:4|4:7|4:8|5:7|5:8|6:7|6:8|7:8|7:9|8:9|9:8|9:9,704
1383,3111,0.08727151434289526,4.0,4.0,0.0,4.0,29,victory,1,0,,0,28,28,0:0|0:1|0:2|1:2|1:6|1:7|2:2|2:4|2:5|2:6|2:7|2:8|3:2|3:4|3:8|4:2|4:3|4:4|4:7|4:8|5:7|6:7|6:8|7:8|7:9|8:9|9:8|9:9,704
1384,3112,0.0866110740493663,4.0,4.0,0.0,4.0,25,victory,1,0,,0,26,26,0:0|0:1|0:2|1:2|2:2|2:4|2:5|2:6|2:7|2:8|3:2|3:4|3:8|4:2|4:3|4:4|4:7|4:8|5:7|6:7|6:8|7:8|7:9|8:9|9:8|9:9,704
1385,3113,0.08595063375583722,4.0,4.0,0.0,4.0,27,victory,1,0,,0,27,27,0:0|0:1|0:2|1:2|2:2|2:4|2:5|2:6|2:7|2:8|3:2|3:4|3:8|4:2|4:3|4:4|4:7|4:8|5:7|5:8|6:7|6:8|7:8|7:9|8:9|9:8|9:9,704
1386,3114,0.08529019346230826,4.0,4.0,0.0,4.0,27,victory,1,0,,0,26,26,0:0|0:1|0:2|1:2|2:2|2:4|2:5|2:6|2:7|2:8|3:2|3:4|3:8|4:2|4:3|4:4|4:7|4:8|5:7|6:7|6:8|7:8|7:9|8:9|9:8|9:9,704
1387,3115,0.08462975316877919,4.0,4.0,0.0,4.0,28,victory,1,0,,0,27,27,0:0|0:1|0:2|1:2|2:1|2:2|2:4|2:5|2:6|2:7|2:8|3:2|3:4|3:8|4:2|4:3|4:4|4:7|4:8|5:7|6:7|6:8|7:8|7:9|8:9|9:8|9:9,704
1388,3116,0.08396931287525011,4.0,4.0,0.0,4.0,27,victory,1,0,,0,26,26,0:0|0:1|0:2|1:2|2:2|2:4|2:5|2:6|2:7|2:8|3:2|3:4|3:8|4:2|4:3|4:4|4:7|4:8|5:7|6:7|6:8|7:8|7:9|8:9|9:8|9:9,704
1389,3117,0.08330887258172115,4.0,4.0,0.0,4.0,25,victory,1,0,,0,26,26,0:0|0:1|0:2|1:2|2:2|2:4|2:5|2:6|2:7|2:8|3:2|3:4|3:8|4:2|4:3|4:4|4:7|4:8|5:7|6:7|6:8|7:8|7:9|8:9|9:8|9:9,704
1390,3118,0.08264843228819208,4.0,4.0,0.0,4.0,26,victory,1,0,,0,26,26,0:0|0:1|0:2|1:2|2:2|2:4|2:5|2:6|2:7|2:8|3:2|3:4|3:8|4:2|4:3|4:4|4:7|4:8|5:7|6:7|6:8|7:8|7:9|8:9|9:8|9:9,704
1391,3119,0.08198799199466322,4.0,4.0,0.0,4.0,25,victory,1,0,,0,26,26,0:0|0:1|0:2|1:2|2:2|2:4|2:5|2:6|2:7|2:8|3:2|3:4|3:8|4:2|4:3|4:4|4:7|4:8|5:7|6:7|6:8|7:8|7:9|8:9|9:8|9:9,704
1392,3120,0.08132755170113415,4.0,4.0,0.0,4.0,25,victory,1,0,,0,26,26,0:0|0:1|0:2|1:2|2:2|2:4|2:5|2:6|2:7|2:8|3:2|3:4|3:8|4:2|4:3|4:4|4:7|4:8|5:7|6:7|6:8|7:8|7:9|8:9|9:8|9:9,704
1393,3121,0.08066711140760507,4.0,4.0,0.0,4.0,25,victory,1,0,,0,26,26,0:0|0:1|0:2|1:2|2:2|2:4|2:5|2:6|2:7|2:8|3:2|3:4|3:8|4:2|4:3|4:4|4:7|4:8|5:7|6:7|6:8|7:8|7:9|8:9|9:8|9:9,704
1394,3122,0.08000667111407611,4.0,4.0,0.0,4.0,29,victory,1,0,,0,27,27,0:0|0:1|0:2|1:2|2:2|2:4|2:5|2:6|2:7|2:8|3:2|3:4|3:8|4:1|4:2|4:3|4:4|4:7|4:8|5:7|6:7|6:8|7:8|7:9|8:9|9:8|9:9,704
1395,3123,0.07934623082054704,4.0,4.0,0.0,4.0,25,victory,1,0,,0,26,26,0:0|0:1|0:2|1:2|2:2|2:4|2:5|2:6|2:7|2:8|3:2|3:4|3:8|4:2|4:3|4:4|4:7|4:8|5:7|6:7|6:8|7:8|7:9|8:9|9:8|9:9,704
1396,3124,0.07868579052701807,4.0,4.0,0.0,4.0,27,victory,1,0,,0,27,27,0:0|0:1|0:2|1:2|2:2|2:4|2:5|2:6|2:7|2:8|3:2|3:3|3:4|3:8|4:2|4:3|4:7|4:8|4:9|5:7|6:7|6:8|7:8|7:9|8:9|9:8|9:9,704
1397,3125,0.078025350233489,4.0,4.0,0.0,4.0,29,victory,1,0,,0,27,27,0:0|0:1|0:2|1:2|1:4|2:2|2:4|2:5|2:6|2:7|2:8|3:2|3:4|3:8|4:2|4:3|4:4|4:7|4:8|5:7|6:7|6:8|7:8|7:9|8:9|9:8|9:9,704
1398,3126,0.07736490993995992,4.0,4.0,0.0,4.0,28,victory,1,0,,0,27,27,0:0|0:1|0:2|1:2|2:2|2:4|2:5|2:6|2:7|2:8|3:2|3:4|3:8|4:2|4:3|4:4|4:7|4:8|5:7|5:8|6:7|6:8|7:8|7:9|8:9|9:8|9:9,704
1399,3127,0.07670446964643096,4.0,4.0,0.0,4.0,25,victory,1,0,,0,26,26,0:0|0:1|0:2|1:2|2:2|2:4|2:5|2:6|2:7|2:8|3:2|3:4|3:8|4:2|4:3|4:4|4:7|4:8|5:7|6:7|6:8|7:8|7:9|8:9|9:8|9:9,704
1400,3128,0.07604402935290189,4.0,4.0,0.0,4.0,27,victory,1,0,,0,27,27,0:0|0:1|0:2|1:2|1:4|2:2|2:4|2:5|2:6|2:7|2:8|3:2|3:4|3:8|4:2|4:3|4:4|4:7|4:8|5:7|6:7|6:8|7:8|7:9|8:9|9:8|9:9,704
1401,3129,0.07538358905937292,4.0,4.0,0.0,4.0,25,victory,1,0,,0,26,26,0:0|0:1|0:2|1:2|2:2|2:4|2:5|2:6|2:7|2:8|3:2|3:4|3:8|4:2|4:3|4:4|4:7|4:8|5:7|6:7|6:8|6:9|7:9|8:9|9:8|9:9,704
1402,3130,0.07472314876584396,4.0,4.0,0.0,4.0,27,victory,1,0,,0,26,26,0:0|0:1|0:2|1:2|2:2|2:4|2:5|2:6|2:7|2:8|3:2|3:4|3:8|4:2|4:3|4:4|4:7|4:8|5:7|6:7|6:8|7:8|7:9|8:9|9:8|9:9,704
1403,3131,0.07406270847231489,4.0,4.0,0.0,4.0,25,victory,1,0,,0,26,26,0:0|0:1|0:2|1:2|2:2|2:4|2:5|2:6|2:7|2:8|3:2|3:4|3:8|4:2|4:3|4:4|4:7|4:8|5:7|6:7|6:8|6:9|7:9|8:9|9:8|9:9,704
1404,3132,0.07340226817878592,4.0,4.0,0.0,4.0,26,victory,1,0,,0,26,26,0:0|0:1|0:2|1:2|2:2|2:4|2:5|2:6|2:7|2:8|3:2|3:4|3:8|4:2|4:3|4:4|4:7|4:8|5:7|6:7|6:8|7:8|7:9|8:9|9:8|9:9,704
1405,3133,0.07274182788525685,4.0,4.0,0.0,4.0,25,victory,1,0,,0,26,26,0:0|0:1|0:2|1:2|2:2|2:4|2:5|2:6|2:7|2:8|3:2|3:4|3:8|4:2|4:3|4:4|4:7|4:8|5:7|6:7|6:8|7:8|7:9|8:9|9:8|9:9,704
1406,3134,0.07208138759172789,4.0,4.0,0.0,4.0,29,victory,1,0,,0,27,27,0:0|0:1|0:2|1:2|2:2|2:4|2:5|2:6|2:7|2:8|3:2|3:4|3:8|4:2|4:3|4:4|4:7|4:8|5:3|5:7|6:7|6:8|7:8|7:9|8:9|9:8|9:9,704
1407,3135,0.07142094729819881,4.0,4.0,0.0,4.0,25,victory,1,0,,0,26,26,0:0|0:1|0:2|1:2|2:2|2:4|2:5|2:6|2:7|2:8|3:2|3:4|3:8|4:2|4:3|4:4|4:7|4:8|5:7|6:7|6:8|7:8|7:9|8:9|9:8|9:9,704
1408,3136,0.07076050700466974,4.0,4.0,0.0,4.0,32,victory,1,0,,0,26,26,0:0|0:1|0:2|1:2|2:2|2:4|2:5|2:6|2:7|2:8|3:2|3:4|3:8|4:2|4:3|4:4|4:7|4:8|5:7|6:7|6:8|7:8|7:9|8:9|9:8|9:9,704
1409,3137,0.07010006671114077,4.0,4.0,0.0,4.0,37,victory,1,0,,0,29,29,0:0|0:1|0:2|1:1|1:2|2:2|2:4|2:5|2:6|2:7|2:8|3:2|3:4|3:8|4:2|4:3|4:4|4:5|4:7|4:8|5:7|5:8|6:7|6:8|7:8|7:9|8:9|9:8|9:9,704
1410,3138,0.0694396264176117,4.0,4.0,0.0,4.0,31,victory,1,0,,0,28,28,0:0|0:1|0:2|1:2|1:4|2:2|2:4|2:5|2:6|2:7|2:8|3:2|3:4|3:8|4:2|4:3|4:4|4:7|4:8|5:7|6:7|6:8|7:7|7:8|7:9|8:9|9:8|9:9,704
1411,3139,0.06877918612408263,4.0,4.0,0.0,4.0,27,victory,1,0,,0,26,26,0:0|0:1|0:2|1:2|2:2|2:4|2:5|2:6|2:7|2:8|3:2|3:4|3:8|4:2|4:3|4:4|4:8|5:7|5:8|6:7|6:8|7:8|7:9|8:9|9:8|9:9,704
1412,3140,0.06811874583055377,4.0,4.0,0.0,4.0,25,victory,1,0,,0,26,26,0:0|0:1|0:2|1:2|2:2|2:4|2:5|2:6|2:7|2:8|3:2|3:4|3:8|4:2|4:3|4:4|4:7|4:8|5:7|6:7|6:8|7:8|7:9|8:9|9:8|9:9,704
1413,3141,0.0674583055370247,4.0,4.0,0.0,4.0,31,victory,1,0,,0,30,30,0:0|0:1|0:2|0:6|1:2|1:4|1:6|1:7|2:2|2:4|2:5|2:6|2:7|2:8|3:2|3:4|3:8|4:2|4:3|4:4|4:7|4:8|5:7|6:7|6:8|7:8|7:9|8:9|9:8|9:9,704
1414,3142,0.06679786524349574,4.0,4.0,0.0,4.0,26,victory,1,0,,0,26,26,0:0|0:1|0:2|1:2|2:2|2:4|2:5|2:6|2:7|2:8|3:2|3:4|3:8|4:2|4:3|4:4|4:7|4:8|5:7|6:7|6:8|7:8|7:9|8:9|9:8|9:9,704
1415,3143,0.06613742494996666,4.0,4.0,0.0,4.0,28,victory,1,0,,0,27,27,0:0|0:1|0:2|1:2|2:2|2:4|2:5|2:6|2:7|2:8|3:2|3:4|3:8|4:2|4:3|4:4|4:7|4:8|5:7|6:6|6:7|6:8|7:8|7:9|8:9|9:8|9:9,704
1416,3144,0.06547698465643759,4.0,4.0,0.0,4.0,25,victory,1,0,,0,26,26,0:0|0:1|0:2|1:2|2:2|2:4|2:5|2:6|2:7|2:8|3:2|3:4|3:8|4:2|4:3|4:4|4:7|4:8|5:7|6:7|6:8|7:8|7:9|8:9|9:8|9:9,704
1417,3145,0.06481654436290862,4.0,4.0,0.0,4.0,28,victory,1,0,,0,27,26,0:0|0:1|0:2|1:2|2:2|2:4|2:5|2:6|2:7|2:8|3:2|3:4|3:8|4:2|4:3|4:4|4:7|4:8|5:7|6:7|6:8|7:8|7:9|8:9|9:8|9:9,704
1418,3146,0.06415610406937955,4.0,4.0,0.0,4.0,27,victory,1,0,,0,27,27,0:0|0:1|0:2|1:2|1:7|2:2|2:4|2:5|2:6|2:7|2:8|3:2|3:4|3:8|4:2|4:3|4:4|4:7|4:8|5:7|6:7|6:8|7:8|7:9|8:9|9:8|9:9,704
1419,3147,0.06349566377585059,4.0,4.0,0.0,4.0,26,victory,1,0,,0,26,26,0:0|0:1|0:2|1:2|2:2|2:4|2:5|2:6|2:7|2:8|3:2|3:4|3:8|4:2|4:3|4:4|4:7|4:8|5:7|6:7|6:8|7:8|7:9|8:9|9:8|9:9,704
1420,3148,0.06283522348232151,4.0,4.0,0.0,4.0,25,victory,1,0,,0,26,26,0:0|0:1|0:2|1:2|2:2|2:4|2:5|2:6|2:7|2:8|3:2|3:4|3:8|4:2|4:3|4:4|4:7|4:8|5:7|6:7|6:8|7:8|7:9|8:9|9:8|9:9,704
1421,3149,0.06217478318879244,4.0,4.0,0.0,4.0,25,victory,1,0,,0,26,26,0:0|0:1|0:2|1:2|2:2|2:4|2:5|2:6|2:7|2:8|3:2|3:4|3:8|4:2|4:3|4:4|4:7|4:8|5:7|6:7|6:8|7:8|7:9|8:9|9:8|9:9,704
1422,3150,0.061514342895263585,4.0,4.0,0.0,4.0,25,victory,1,0,,0,26,26,0:0|0:1|0:2|1:2|2:2|2:4|2:5|2:6|2:7|2:8|3:2|3:4|3:8|4:2|4:3|4:4|4:7|4:8|5:7|6:7|6:8|7:8|7:9|8:9|9:8|9:9,704
1423,3151,0.06085390260173451,4.0,4.0,0.0,4.0,26,victory,1,0,,0,26,26,0:0|0:1|0:2|1:2|2:2|2:4|2:5|2:6|2:7|2:8|3:2|3:4|3:8|4:2|4:3|4:4|4:7|4:8|5:7|6:7|6:8|7:8|7:9|8:9|9:8|9:9,704
1424,3152,0.06019346230820555,4.0,4.0,0.0,4.0,27,victory,1,0,,0,27,27,0:0|0:1|0:2|1:2|2:2|2:4|2:5|2:6|2:7|2:8|3:2|3:4|3:8|4:2|4:3|4:4|4:7|4:8|5:6|5:7|6:7|6:8|7:8|7:9|8:9|9:8|9:9,704
1425,3153,0.05953302201467647,4.0,4.0,0.0,4.0,25,victory,1,0,,0,26,26,0:0|0:1|0:2|1:2|2:2|2:4|2:5|2:6|2:7|2:8|3:2|3:4|3:8|4:2|4:3|4:4|4:7|4:8|5:7|6:7|6:8|7:8|7:9|8:9|9:8|9:9,704
1426,3154,0.0588725817211474,4.0,4.0,0.0,4.0,27,victory,1,0,,0,26,26,0:0|0:1|0:2|1:2|2:2|2:4|2:5|2:6|2:7|2:8|3:2|3:4|3:8|4:2|4:3|4:4|4:7|4:8|5:7|6:7|6:8|7:8|7:9|8:9|9:8|9:9,704
1427,3155,0.058212141427618436,4.0,4.0,0.0,4.0,25,victory,1,0,,0,26,26,0:0|0:1|0:2|1:2|2:2|2:4|2:5|2:6|2:7|2:8|3:2|3:4|3:8|4:2|4:3|4:4|4:7|4:8|5:7|6:7|6:8|7:8|7:9|8:9|9:8|9:9,704
1428,3156,0.05755170113408936,4.0,4.0,0.0,4.0,28,victory,1,0,,0,26,26,0:0|0:1|0:2|1:2|2:2|2:4|2:5|2:6|2:7|2:8|3:2|3:4|3:8|4:2|4:3|4:4|4:7|4:8|5:7|6:7|6:8|7:8|7:9|8:9|9:8|9:9,704
1429,3157,0.0568912608405604,4.0,4.0,0.0,4.0,26,victory,1,0,,0,26,26,0:0|0:1|0:2|1:2|2:2|2:4|2:5|2:6|2:7|2:8|3:2|3:4|3:8|4:2|4:3|4:4|4:7|4:8|5:7|6:7|6:8|7:8|7:9|8:9|9:8|9:9,704
1430,3158,0.056230820547031324,4.0,4.0,0.0,4.0,25,victory,1,0,,0,26,26,0:0|0:1|0:2|1:2|2:2|2:4|2:5|2:6|2:7|2:8|3:2|3:4|3:8|4:2|4:3|4:4|4:7|4:8|5:7|6:7|6:8|7:8|7:9|8:9|9:8|9:9,704
1431,3159,0.05557038025350225,4.0,4.0,0.0,4.0,29,victory,1,0,,0,28,28,0:0|0:1|0:2|1:2|1:4|2:2|2:4|2:5|2:6|2:7|2:8|3:2|3:3|3:4|3:8|4:2|4:3|4:4|4:7|4:8|5:7|6:7|6:8|7:8|7:9|8:9|9:8|9:9,704
1432,3160,0.054909939959973286,4.0,4.0,0.0,4.0,25,victory,1,0,,0,26,26,0:0|0:1|0:2|1:2|2:2|2:4|2:5|2:6|2:7|2:8|3:2|3:4|3:8|4:2|4:3|4:4|4:7|4:8|5:7|6:7|6:8|7:8|7:9|8:9|9:8|9:9,704
1433,3161,0.05424949966644432,4.0,4.0,0.0,4.0,25,victory,1,0,,0,26,26,0:0|0:1|0:2|1:2|2:2|2:4|2:5|2:6|2:7|2:8|3:2|3:4|3:8|4:2|4:3|4:4|4:7|4:8|5:7|6:7|6:8|7:8|7:9|8:9|9:8|9:9,704
1434,3162,0.05358905937291536,4.0,4.0,0.0,4.0,25,victory,1,0,,0,26,26,0:0|0:1|0:2|1:2|2:2|2:4|2:5|2:6|2:7|2:8|3:2|3:4|3:8|4:2|4:3|4:4|4:7|4:8|5:7|6:7|6:8|7:8|7:9|8:9|9:8|9:9,704
1435,3163,0.052928619079386285,4.0,4.0,0.0,4.0,28,victory,1,0,,0,27,27,0:0|0:1|0:2|1:2|1:7|2:2|2:4|2:5|2:6|2:7|2:8|3:2|3:4|3:8|4:2|4:3|4:4|4:7|4:8|5:7|6:7|6:8|7:8|7:9|8:9|9:8|9:9,704
1436,3164,0.05226817878585721,4.0,4.0,0.0,4.0,25,victory,1,0,,0,26,26,0:0|0:1|0:2|1:2|2:2|2:4|2:5|2:6|2:7|2:8|3:2|3:4|3:8|4:2|4:3|4:4|4:8|5:7|5:8|6:7|6:8|7:8|7:9|8:9|9:8|9:9,704
1437,3165,0.05160773849232825,4.0,4.0,0.0,4.0,26,victory,1,0,,0,26,26,0:0|0:1|0:2|1:2|2:2|2:4|2:5|2:6|2:7|2:8|3:2|3:4|3:8|4:2|4:3|4:4|4:7|4:8|5:7|6:7|6:8|7:8|7:9|8:9|9:8|9:9,704
1438,3166,0.050947298198799174,4.0,4.0,0.0,4.0,27,victory,1,0,,0,26,26,0:0|0:1|1:1|1:2|2:2|2:4|2:5|2:6|2:7|2:8|3:2|3:4|3:8|4:2|4:3|4:4|4:7|4:8|5:7|6:7|6:8|7:8|7:9|8:9|9:8|9:9,704
1439,3167,0.05028685790527021,4.0,4.0,0.0,4.0,25,victory,1,0,,0,26,26,0:0|0:1|0:2|1:2|2:2|2:4|2:5|2:6|2:7|2:8|3:2|3:4|3:8|4:2|4:3|4:4|4:7|4:8|5:7|6:7|6:8|7:8|7:9|8:9|9:8|9:9,704
1440,3168,0.049626417611741136,4.0,4.0,0.0,4.0,25,victory,1,0,,0,26,26,0:0|0:1|0:2|1:2|2:2|2:4|2:5|2:6|2:7|2:8|3:2|3:4|3:8|4:2|4:3|4:4|4:7|4:8|5:7|6:7|6:8|7:8|7:9|8:9|9:8|9:9,704
1441,3169,0.04896597731821206,4.0,4.0,0.0,4.0,27,victory,1,0,,0,27,27,0:0|0:1|0:2|1:2|2:2|2:4|2:5|2:6|2:7|2:8|3:2|3:4|3:8|4:2|4:3|4:4|4:7|4:8|4:9|5:7|6:7|6:8|7:8|7:9|8:9|9:8|9:9,704
1442,3170,0.0483055370246831,4.0,4.0,0.0,4.0,25,victory,1,0,,0,26,26,0:0|0:1|0:2|1:2|2:2|2:4|2:5|2:6|2:7|2:8|3:2|3:4|3:8|4:2|4:3|4:4|4:7|4:8|5:7|6:7|6:8|7:8|7:9|8:9|9:8|9:9,704
1443,3171,0.047645096731154135,4.0,4.0,0.0,4.0,27,victory,1,0,,0,27,26,0:0|0:1|0:2|1:2|2:2|2:4|2:5|2:6|2:7|2:8|3:2|3:3|3:4|3:8|4:2|4:7|4:8|5:2|5:7|6:7|6:8|7:8|7:9|8:9|9:8|9:9,704
1444,3172,0.04698465643762517,4.0,4.0,0.0,4.0,29,victory,1,0,,0,26,26,0:0|0:1|0:2|1:2|2:2|2:4|2:5|2:6|2:7|2:8|3:2|3:4|3:8|4:2|4:3|4:4|4:7|4:8|5:7|6:7|6:8|7:8|7:9|8:9|9:8|9:9,704
1445,3173,0.0463242161440961,4.0,4.0,0.0,4.0,28,victory,1,0,,0,27,27,0:0|0:1|0:2|1:1|1:2|2:2|2:4|2:5|2:6|2:7|2:8|3:2|3:4|3:8|4:2|4:3|4:4|4:7|4:8|5:7|6:7|6:8|7:8|7:9|8:9|9:8|9:9,704
1446,3174,0.04566377585056702,4.0,4.0,0.0,4.0,26,victory,1,0,,0,26,26,0:0|0:1|1:1|1:2|2:2|2:4|2:5|2:6|2:7|2:8|3:2|3:4|3:8|4:2|4:3|4:4|4:7|4:8|5:7|6:7|6:8|7:8|7:9|8:9|9:8|9:9,704
1447,3175,0.04500333555703806,4.0,4.0,0.0,4.0,25,victory,1,0,,0,26,26,0:0|0:1|0:2|1:2|2:2|2:4|2:5|2:6|2:7|2:8|3:2|3:4|3:8|4:2|4:3|4:4|4:7|4:8|5:7|6:7|6:8|7:8|7:9|8:9|9:8|9:9,704
1448,3176,0.044342895263508986,4.0,4.0,0.0,4.0,25,victory,1,0,,0,26,26,0:0|0:1|0:2|1:2|2:2|2:4|2:5|2:6|2:7|2:8|3:2|3:4|3:8|4:2|4:3|4:4|4:7|4:8|5:7|6:7|6:8|7:8|7:9|8:9|9:8|9:9,704
1449,3177,0.04368245496998002,4.0,4.0,0.0,4.0,26,victory,1,0,,0,26,26,0:0|0:1|0:2|1:2|2:2|2:4|2:5|2:6|2:7|2:8|3:2|3:4|3:8|4:2|4:3|4:4|4:7|4:8|5:7|6:7|6:8|7:8|7:9|8:9|9:8|9:9,704
1450,3178,0.04302201467645095,4.0,4.0,0.0,4.0,27,victory,1,0,,0,27,27,0:0|0:1|0:2|1:2|2:2|2:4|2:5|2:6|2:7|2:8|3:2|3:4|3:8|4:2|4:3|4:4|4:7|4:8|5:2|5:7|6:7|6:8|7:8|7:9|8:9|9:8|9:9,704
1451,3179,0.042361574382921874,4.0,4.0,0.0,4.0,27,victory,1,0,,0,26,26,0:0|0:1|0:2|1:2|2:2|2:4|2:5|2:6|2:7|2:8|3:2|3:4|3:8|4:2|4:3|4:4|4:7|4:8|5:7|6:7|6:8|7:8|7:9|8:9|9:8|9:9,704
1452,3180,0.04170113408939291,4.0,4.0,0.0,4.0,28,victory,1,0,,0,27,27,0:0|0:1|0:2|1:2|1:7|2:2|2:4|2:5|2:6|2:7|2:8|3:2|3:4|3:8|4:2|4:3|4:4|4:7|4:8|5:7|6:7|6:8|7:8|7:9|8:9|9:8|9:9,704
1453,3181,0.041040693795863836,4.0,4.0,0.0,4.0,27,victory,1,0,,0,26,26,0:0|0:1|0:2|1:2|2:2|2:4|2:5|2:6|2:7|2:8|3:2|3:4|3:8|4:2|4:3|4:4|4:7|4:8|5:7|6:7|6:8|7:8|7:9|8:9|9:8|9:9,704
1454,3182,0.040380253502334984,4.0,4.0,0.0,4.0,27,victory,1,0,,0,27,27,0:0|0:1|0:2|1:2|2:2|2:4|2:5|2:6|2:7|2:8|3:2|3:4|3:8|4:2|4:3|4:4|4:7|4:8|5:7|6:6|6:7|6:8|7:8|7:9|8:9|9:8|9:9,704
1455,3183,0.03971981320880591,4.0,4.0,0.0,4.0,25,victory,1,0,,0,26,26,0:0|0:1|0:2|1:2|2:2|2:4|2:5|2:6|2:7|2:8|3:2|3:4|3:8|4:2|4:3|4:4|4:7|4:8|5:7|6:7|6:8|7:8|7:9|8:9|9:8|9:9,704
1456,3184,0.039059372915276835,4.0,4.0,0.0,4.0,29,victory,1,0,,0,28,28,0:0|0:1|0:2|1:2|1:8|1:9|2:2|2:4|2:5|2:6|2:7|2:8|3:2|3:4|3:8|4:2|4:3|4:4|4:7|4:8|5:7|6:7|6:8|7:8|7:9|8:9|9:8|9:9,704
1457,3185,0.03839893262174787,4.0,4.0,0.0,4.0,27,victory,1,0,,0,27,27,0:0|0:1|0:2|1:1|1:2|2:2|2:4|2:5|2:6|2:7|2:8|3:2|3:4|3:8|4:2|4:3|4:4|4:7|4:8|5:7|6:7|6:8|7:8|7:9|8:9|9:8|9:9,704
1458,3186,0.0377384923282188,4.0,4.0,0.0,4.0,31,victory,1,0,,0,27,27,0:0|0:1|0:2|1:2|2:1|2:2|2:4|2:5|2:6|2:7|2:8|3:2|3:3|3:4|3:8|4:2|4:3|4:7|4:8|5:7|6:7|6:8|7:8|7:9|8:9|9:8|9:9,704
1459,3187,0.037078052034689835,4.0,4.0,0.0,4.0,26,victory,1,0,,0,26,26,0:0|0:1|0:2|1:2|2:2|2:4|2:5|2:6|2:7|2:8|3:2|3:4|3:8|4:2|4:3|4:4|4:7|4:8|5:7|6:7|6:8|7:8|7:9|8:9|9:8|9:9,704
1460,3188,0.03641761174116076,4.0,4.0,0.0,4.0,25,victory,1,0,,0,26,26,0:0|0:1|0:2|1:2|2:2|2:4|2:5|2:6|2:7|2:8|3:2|3:4|3:8|4:2|4:3|4:4|4:7|4:8|5:7|6:7|6:8|7:8|7:9|8:9|9:8|9:9,704
1461,3189,0.035757171447631686,4.0,4.0,0.0,4.0,32,victory,1,0,,0,26,26,0:0|0:1|0:2|1:2|2:2|2:4|2:5|2:6|2:7|2:8|3:2|3:4|3:8|4:2|4:3|4:4|4:7|4:8|5:7|6:7|6:8|7:8|7:9|8:9|9:8|9:9,704
1462,3190,0.03509673115410272,4.0,4.0,0.0,4.0,25,victory,1,0,,0,26,26,0:0|0:1|0:2|1:2|2:2|2:4|2:5|2:6|2:7|2:8|3:2|3:3|3:4|3:8|4:2|4:3|4:7|4:8|5:7|6:7|6:8|7:8|7:9|8:9|9:8|9:9,704
1463,3191,0.03443629086057365,4.0,4.0,0.0,4.0,29,victory,1,0,,0,28,27,0:0|0:1|0:2|1:2|2:2|2:4|2:5|2:6|2:7|2:8|3:2|3:4|3:8|4:2|4:3|4:4|4:7|4:8|5:2|5:7|6:7|6:8|7:8|7:9|8:9|9:8|9:9,704
1464,3192,0.033775850567044796,4.0,4.0,0.0,4.0,25,victory,1,0,,0,26,26,0:0|0:1|0:2|1:2|2:2|2:4|2:5|2:6|2:7|2:8|3:2|3:4|3:8|4:2|4:3|4:4|4:7|4:8|5:7|6:7|6:8|7:8|7:9|8:9|9:8|9:9,704
1465,3193,0.03311541027351572,4.0,4.0,0.0,4.0,25,victory,1,0,,0,26,26,0:0|0:1|0:2|1:2|2:2|2:4|2:5|2:6|2:7|2:8|3:2|3:4|3:8|4:2|4:3|4:4|4:7|4:8|5:7|6:7|6:8|7:8|7:9|8:9|9:8|9:9,704
1466,3194,0.03245496997998665,4.0,4.0,0.0,4.0,28,victory,1,0,,0,27,27,0:0|0:1|0:2|1:2|2:1|2:2|2:4|2:5|2:6|2:7|2:8|3:2|3:4|3:8|4:2|4:3|4:4|4:7|4:8|5:7|6:7|6:8|7:8|7:9|8:9|9:8|9:9,704
1467,3195,0.031794529686457684,4.0,4.0,0.0,4.0,25,victory,1,0,,0,26,26,0:0|0:1|0:2|1:2|2:2|2:4|2:5|2:6|2:7|2:8|3:2|3:4|3:8|4:2|4:3|4:4|4:7|4:8|5:7|6:7|6:8|7:8|7:9|8:9|9:8|9:9,704
1468,3196,0.03113408939292861,4.0,4.0,0.0,4.0,26,victory,1,0,,0,26,26,0:0|0:1|0:2|1:2|2:2|2:4|2:5|2:6|2:7|2:8|3:2|3:4|3:8|4:2|4:3|4:4|4:7|4:8|5:7|6:7|6:8|7:8|7:9|8:9|9:8|9:9,704
1469,3197,0.030473649099399647,4.0,4.0,0.0,4.0,25,victory,1,0,,0,26,26,0:0|0:1|0:2|1:2|2:2|2:4|2:5|2:6|2:7|2:8|3:2|3:4|3:8|4:2|4:3|4:4|4:7|4:8|5:7|6:7|6:8|7:8|7:9|8:9|9:8|9:9,704
1470,3198,0.029813208805870572,4.0,4.0,0.0,4.0,25,victory,1,0,,0,26,26,0:0|0:1|0:2|1:2|2:2|2:4|2:5|2:6|2:7|2:8|3:2|3:4|3:8|4:2|4:3|4:4|4:7|4:8|5:7|6:7|6:8|7:8|7:9|8:9|9:8|9:9,704
1471,3199,0.029152768512341498,4.0,4.0,0.0,4.0,25,victory,1,0,,0,26,26,0:0|0:1|0:2|1:2|2:2|2:4|2:5|2:6|2:7|2:8|3:2|3:4|3:8|4:2|4:3|4:4|4:7|4:8|5:7|6:7|6:8|7:8|7:9|8:9|9:8|9:9,704
1472,3200,0.028492328218812535,4.0,4.0,0.0,4.0,25,victory,1,0,,0,26,26,0:0|0:1|0:2|1:2|2:2|2:4|2:5|2:6|2:7|2:8|3:2|3:4|3:8|4:2|4:3|4:4|4:7|4:8|5:7|6:7|6:8|7:8|7:9|8:9|9:8|9:9,704
1473,3201,0.02783188792528346,4.0,4.0,0.0,4.0,25,victory,1,0,,0,26,26,0:0|0:1|0:2|1:2|2:2|2:4|2:5|2:6|2:7|2:8|3:2|3:4|3:8|4:2|4:3|4:4|4:7|4:8|5:7|6:7|6:8|7:8|7:9|8:9|9:8|9:9,704
1474,3202,0.027171447631754497,4.0,4.0,0.0,4.0,25,victory,1,0,,0,26,26,0:0|0:1|0:2|1:2|2:2|2:4|2:5|2:6|2:7|2:8|3:2|3:4|3:8|4:2|4:3|4:4|4:7|4:8|5:7|6:7|6:8|7:8|7:9|8:9|9:8|9:9,704
1475,3203,0.026511007338225534,4.0,4.0,0.0,4.0,25,victory,1,0,,0,26,26,0:0|0:1|0:2|1:2|2:2|2:4|2:5|2:6|2:7|2:8|3:2|3:4|3:8|4:2|4:3|4:4|4:7|4:8|5:7|6:7|6:8|7:8|7:9|8:9|9:8|9:9,704
1476,3204,0.02585056704469646,4.0,4.0,0.0,4.0,25,victory,1,0,,0,26,26,0:0|0:1|0:2|1:2|2:2|2:4|2:5|2:6|2:7|2:8|3:2|3:4|3:8|4:2|4:3|4:4|4:7|4:8|5:7|6:7|6:8|7:8|7:9|8:9|9:8|9:9,704
1477,3205,0.025190126751167496,4.0,4.0,0.0,4.0,25,victory,1,0,,0,26,26,0:0|0:1|0:2|1:2|2:2|2:4|2:5|2:6|2:7|2:8|3:2|3:4|3:8|4:2|4:3|4:4|4:7|4:8|5:7|6:7|6:8|7:8|7:9|8:9|9:8|9:9,704
1478,3206,0.024529686457638422,4.0,4.0,0.0,4.0,26,victory,1,0,,0,26,26,0:0|0:1|0:2|1:2|2:2|2:4|2:5|2:6|2:7|2:8|3:2|3:4|3:8|4:2|4:3|4:4|4:7|4:8|5:7|6:7|6:8|7:8|7:9|8:9|9:8|9:9,704
1479,3207,0.02386924616410946,4.0,4.0,0.0,4.0,27,victory,1,0,,0,26,26,0:0|0:1|0:2|1:2|2:2|2:4|2:5|2:6|2:7|2:8|3:2|3:4|3:8|4:2|4:3|4:4|4:7|4:8|5:7|6:7|6:8|7:8|7:9|8:9|9:8|9:9,704
1480,3208,0.023208805870580385,4.0,4.0,0.0,4.0,25,victory,1,0,,0,26,26,0:0|0:1|0:2|1:2|2:2|2:4|2:5|2:6|2:7|2:8|3:2|3:4|3:8|4:2|4:3|4:4|4:7|4:8|5:7|6:7|6:8|7:8|7:9|8:9|9:8|9:9,704
1481,3209,0.02254836557705131,4.0,4.0,0.0,4.0,25,victory,1,0,,0,26,26,0:0|0:1|0:2|1:2|2:2|2:4|2:5|2:6|2:7|2:8|3:2|3:4|3:8|4:2|4:3|4:4|4:7|4:8|5:7|6:7|6:8|7:8|7:9|8:9|9:8|9:9,704
1482,3210,0.021887925283522347,4.0,4.0,0.0,4.0,27,victory,1,0,,0,27,27,0:0|0:1|0:2|1:2|2:2|2:4|2:5|2:6|2:7|2:8|3:2|3:4|3:8|4:2|4:3|4:4|4:7|4:8|5:7|6:7|6:8|6:9|7:8|7:9|8:9|9:8|9:9,704
1483,3211,0.021227484989993273,4.0,4.0,0.0,4.0,27,victory,1,0,,0,26,26,0:0|0:1|0:2|1:2|2:2|2:4|2:5|2:6|2:7|2:8|3:2|3:4|3:8|4:2|4:3|4:4|4:7|4:8|5:7|6:7|6:8|7:8|7:9|8:9|9:8|9:9,704
1484,3212,0.02056704469646431,4.0,4.0,0.0,4.0,27,victory,1,0,,0,27,26,0:0|0:1|0:2|1:2|2:2|2:4|2:5|2:6|2:7|2:8|3:2|3:4|3:8|4:2|4:3|4:4|4:7|4:8|5:7|6:7|6:8|7:8|7:9|8:9|9:8|9:9,704
1485,3213,0.019906604402935346,4.0,4.0,0.0,4.0,29,victory,1,0,,0,27,27,0:0|0:1|0:2|1:2|2:2|2:4|2:5|2:6|2:7|2:8|3:2|3:4|3:8|4:2|4:3|4:4|4:7|4:8|4:9|5:7|6:7|6:8|7:8|7:9|8:9|9:8|9:9,704
1486,3214,0.019246164109406272,4.0,4.0,0.0,4.0,27,victory,1,0,,0,27,27,0:0|0:1|0:2|1:2|1:7|2:2|2:4|2:5|2:6|2:7|2:8|3:2|3:4|3:8|4:2|4:3|4:4|4:7|4:8|5:7|6:7|6:8|7:8|7:9|8:9|9:8|9:9,704
1487,3215,0.01858572381587731,4.0,4.0,0.0,4.0,27,victory,1,0,,0,26,26,0:0|0:1|0:2|1:2|2:2|2:4|2:5|2:6|2:7|2:8|3:2|3:4|3:8|4:2|4:3|4:4|4:7|4:8|5:7|6:7|6:8|7:8|7:9|8:9|9:8|9:9,704
1488,3216,0.017925283522348234,4.0,4.0,0.0,4.0,25,victory,1,0,,0,26,26,0:0|0:1|0:2|1:2|2:2|2:4|2:5|2:6|2:7|2:8|3:2|3:4|3:8|4:2|4:3|4:4|4:7|4:8|5:7|6:7|6:8|7:8|7:9|8:9|9:8|9:9,704
1489,3217,0.01726484322881927,4.0,4.0,0.0,4.0,26,victory,1,0,,0,26,26,0:0|0:1|0:2|1:2|2:2|2:4|2:5|2:6|2:7|2:8|3:2|3:4|3:8|4:2|4:3|4:4|4:7|4:8|5:7|6:7|6:8|7:8|7:9|8:9|9:8|9:9,704
1490,3218,0.016604402935290197,4.0,4.0,0.0,4.0,25,victory,1,0,,0,26,26,0:0|0:1|0:2|1:2|2:2|2:4|2:5|2:6|2:7|2:8|3:2|3:4|3:8|4:2|4:3|4:4|4:7|4:8|5:7|6:7|6:8|7:8|7:9|8:9|9:8|9:9,704
1491,3219,0.015943962641761122,4.0,4.0,0.0,4.0,25,victory,1,0,,0,26,26,0:0|0:1|0:2|1:2|2:2|2:4|2:5|2:6|2:7|2:8|3:2|3:4|3:8|4:2|4:3|4:4|4:7|4:8|5:7|6:7|6:8|7:8|7:9|8:9|9:8|9:9,704
1492,3220,0.01528352234823216,4.0,4.0,0.0,4.0,25,victory,1,0,,0,26,26,0:0|0:1|0:2|1:2|2:2|2:4|2:5|2:6|2:7|2:8|3:2|3:4|3:8|4:2|4:3|4:4|4:7|4:8|5:7|6:7|6:8|7:8|7:9|8:9|9:8|9:9,704
1493,3221,0.014623082054703085,4.0,4.0,0.0,4.0,25,victory,1,0,,0,26,26,0:0|0:1|0:2|1:2|2:2|2:4|2:5|2:6|2:7|2:8|3:2|3:4|3:8|4:2|4:3|4:4|4:7|4:8|5:7|6:7|6:8|7:8|7:9|8:9|9:8|9:9,704
1494,3222,0.013962641761174122,4.0,4.0,0.0,4.0,25,victory,1,0,,0,26,26,0:0|0:1|0:2|1:2|2:2|2:4|2:5|2:6|2:7|2:8|3:2|3:4|3:8|4:2|4:3|4:4|4:7|4:8|5:7|6:7|6:8|7:8|7:9|8:9|9:8|9:9,704
1495,3223,0.013302201467645158,4.0,4.0,0.0,4.0,25,victory,1,0,,0,26,26,0:0|0:1|0:2|1:2|2:2|2:4|2:5|2:6|2:7|2:8|3:2|3:4|3:8|4:2|4:3|4:4|4:7|4:8|5:7|6:7|6:8|7:8|7:9|8:9|9:8|9:9,704
1496,3224,0.012641761174116084,4.0,4.0,0.0,4.0,25,victory,1,0,,0,26,26,0:0|0:1|0:2|1:2|2:2|2:4|2:5|2:6|2:7|2:8|3:2|3:4|3:8|4:2|4:3|4:4|4:7|4:8|5:7|6:7|6:8|7:8|7:9|8:9|9:8|9:9,704
1497,3225,0.01198132088058712,4.0,4.0,0.0,4.0,25,victory,1,0,,0,26,26,0:0|0:1|0:2|1:2|2:2|2:4|2:5|2:6|2:7|2:8|3:2|3:4|3:8|4:2|4:3|4:4|4:7|4:8|5:7|6:7|6:8|7:8|7:9|8:9|9:8|9:9,704
1498,3226,0.011320880587058046,4.0,4.0,0.0,4.0,27,victory,1,0,,0,26,26,0:0|0:1|0:2|1:2|2:2|2:4|2:5|2:6|2:7|2:8|3:2|3:4|3:8|4:2|4:3|4:4|4:7|4:8|5:7|6:7|6:8|7:8|7:9|8:9|9:8|9:9,704
1499,3227,0.010660440293529083,4.0,4.0,0.0,4.0,25,victory,1,0,,0,26,26,0:0|0:1|0:2|1:2|2:2|2:4|2:5|2:6|2:7|2:8|3:2|3:4|3:8|4:2|4:3|4:4|4:7|4:8|5:7|6:7|6:8|7:8|7:9|8:9|9:8|9:9,704
1500,3228,0.010000000000000009,4.0,4.0,0.0,4.0,25,victory,1,0,,0,26,26,0:0|0:1|0:2|1:2|2:2|2:4|2:5|2:6|2:7|2:8|3:2|3:4|3:8|4:2|4:3|4:4|4:7|4:8|5:7|6:7|6:8|7:8|7:9|8:9|9:8|9:9,704
