episode,seed,epsilon,episode_reward,extrinsic_reward,intrinsic_reward,learning_reward,steps,status,victory,death,death_cause,truncated,unique_states,unique_positions,visited_positions,q_table_states
1,1729,1.0,2.0,2.0,0.0,2.0,200,truncated,0,0,,1,73,59,0:0|0:1|0:2|0:3|0:4|1:0|1:1|1:3|1:4|1:5|2:0|2:1|2:3|2:4|2:5|3:0|3:1|3:2|3:3|3:4|3:5|3:6|3:7|4:0|4:1|4:2|4:3|4:4|4:5|4:6|4:7|5:0|5:1|5:2|5:3|5:4|5:5|5:6|6:0|6:1|6:2|6:3|6:4|6:5|7:0|7:2|7:3|7:4|7:5|7:6|8:0|8:1|8:2|8:3|8:4|8:5|9:0|9:1|9:3,73
2,1730,0.999009009009009,1.0,1.0,0.0,1.0,200,truncated,0,0,,1,58,35,0:0|0:1|1:0|1:1|2:0|2:1|3:0|3:1|3:2|4:0|4:1|4:2|4:3|4:4|4:5|5:0|5:1|5:2|5:3|5:4|5:5|6:0|6:1|6:2|6:3|6:4|6:5|6:6|7:0|7:1|7:2|7:3|8:0|8:1|8:2,102
3,1731,0.998018018018018,1.0,1.0,0.0,1.0,200,truncated,0,0,,1,54,45,0:0|0:1|0:2|0:4|0:5|1:0|1:1|1:4|1:5|1:6|2:0|2:1|2:4|2:5|2:6|2:8|2:9|3:0|3:1|3:2|3:3|3:4|3:5|3:6|3:7|3:8|3:9|4:1|4:2|4:3|4:4|4:5|4:6|4:7|4:8|4:9|5:2|5:3|5:4|5:5|5:6|5:8|5:9|6:3|6:4,144
4,1732,0.9970270270270271,3.0,3.0,0.0,3.0,200,truncated,0,0,,1,75,50,0:0|0:1|0:3|0:4|0:5|1:0|1:1|1:3|1:4|1:5|1:6|2:0|2:3|2:4|2:5|2:6|2:7|3:0|3:1|3:2|3:3|3:4|3:5|3:6|3:7|4:2|4:3|4:4|4:5|4:6|4:7|4:8|4:9|5:5|5:6|5:8|5:9|6:5|6:6|6:8|6:9|7:7|7:8|7:9|8:7|8:8|8:9|9:7|9:8|9:9,186
5,1733,0.9960360360360361,2.0,2.0,0.0,2.0,200,truncated,0,0,,1,65,49,0:0|0:1|0:2|0:3|0:4|0:5|0:6|0:7|1:0|1:1|1:3|1:4|1:5|1:6|2:0|2:1|2:3|2:4|2:5|2:6|3:0|3:1|3:3|3:4|3:5|3:6|4:2|4:3|4:4|4:5|5:2|5:3|5:4|5:5|6:2|6:3|6:4|6:5|7:4|7:5|7:6|8:3|8:4|8:5|8:6|9:3|9:4|9:5|9:6,216
6,1734,0.9950450450450451,1.0,1.0,0.0,1.0,200,truncated,0,0,,1,85,63,0:0|0:1|0:8|0:9|1:0|1:1|1:7|1:8|1:9|2:0|2:1|2:4|2:5|2:6|2:7|2:8|2:9|3:0|3:1|3:2|3:5|3:6|3:7|3:8|3:9|4:0|4:1|4:2|4:7|4:8|4:9|5:2|5:3|5:8|5:9|6:3|6:5|6:6|6:8|6:9|7:2|7:3|7:4|7:5|7:6|7:7|7:8|7:9|8:2|8:3|8:4|8:5|8:6|8:7|8:8|8:9|9:3|9:4|9:5|9:6|9:7|9:8|9:9,275
7,1735,0.994054054054054,3.0,3.0,0.0,3.0,200,truncated,0,0,,1,73,57,0:0|0:1|0:2|0:3|0:4|0:5|0:6|0:7|0:8|0:9|1:0|1:1|1:3|1:4|1:5|1:6|1:7|1:8|1:9|2:0|2:1|2:3|2:4|2:8|2:9|3:0|3:1|3:2|3:3|3:4|3:8|3:9|4:0|4:1|4:2|4:3|4:4|4:8|4:9|5:0|5:1|5:2|5:3|5:8|5:9|6:8|6:9|7:8|7:9|8:5|8:6|8:8|8:9|9:6|9:7|9:8|9:9,292
8,1736,0.993063063063063,2.0,2.0,0.0,2.0,200,truncated,0,0,,1,57,38,0:0|0:1|0:2|0:3|0:4|0:5|1:0|1:1|1:3|1:4|1:5|2:0|2:3|2:4|2:5|3:0|3:1|4:0|4:1|5:0|5:1|5:2|6:0|6:1|6:2|6:3|7:0|7:1|7:2|7:3|8:0|8:1|8:2|8:3|9:0|9:1|9:2|9:3,326
9,1737,0.992072072072072,1.0,1.0,0.0,1.0,200,truncated,0,0,,1,46,35,0:0|0:1|0:2|0:3|0:4|1:0|1:1|1:4|2:0|2:1|3:0|3:1|3:2|3:3|4:1|4:2|4:3|5:0|5:1|5:2|5:3|6:0|6:1|6:2|6:3|7:0|7:1|7:2|7:3|7:4|8:0|8:1|8:2|8:3|9:0,327
10,1738,0.9910810810810811,2.0,2.0,0.0,2.0,200,truncated,0,0,,1,54,49,0:0|0:1|0:2|0:3|0:4|0:5|0:6|0:7|0:8|0:9|1:0|1:3|1:4|1:5|1:6|1:8|1:9|2:0|2:3|2:4|2:5|2:6|2:7|2:8|2:9|3:0|3:1|3:3|3:4|3:5|3:6|3:7|3:8|3:9|4:1|4:3|4:4|4:5|4:6|4:7|4:8|4:9|5:1|5:2|5:3|5:8|5:9|6:2|6:3,355
11,1739,0.9900900900900901,1.0,1.0,0.0,1.0,200,truncated,0,0,,1,69,45,0:0|0:1|0:2|1:0|1:1|1:3|2:0|2:1|2:3|3:0|3:1|3:2|3:3|3:4|4:0|4:1|4:2|4:4|5:0|5:1|5:2|5:3|5:4|6:0|6:1|6:2|6:3|6:4|7:0|7:1|7:2|7:3|7:4|7:5|7:6|8:0|8:1|8:3|8:4|8:5|8:6|9:0|9:4|9:5|9:6,369
12,1740,0.9890990990990991,2.0,2.0,0.0,2.0,200,truncated,0,0,,1,78,52,0:0|1:0|1:1|1:5|2:1|2:4|2:5|2:6|2:7|3:0|3:1|3:3|3:4|3:5|3:6|3:7|4:0|4:1|4:2|4:3|4:4|4:5|4:6|4:7|5:0|5:1|5:2|5:3|5:4|5:5|5:6|6:1|6:2|6:3|6:4|6:5|6:6|7:1|7:2|7:3|7:4|7:5|7:6|8:2|8:3|8:4|8:5|8:6|9:3|9:4|9:5|9:6,388
13,1741,0.9881081081081081,1.0,1.0,0.0,1.0,200,truncated,0,0,,1,55,33,0:0|0:1|0:2|0:3|0:4|0:5|0:6|0:7|0:8|0:9|1:0|1:1|1:3|1:4|1:5|1:6|1:7|1:8|1:9|2:3|2:4|2:5|2:6|2:7|2:8|2:9|3:3|3:4|3:7|3:8|3:9|4:3|4:4,394
14,1742,0.9871171171171171,2.0,2.0,0.0,2.0,200,truncated,0,0,,1,94,62,0:0|0:1|0:2|0:3|0:4|0:5|0:6|0:7|1:0|1:1|1:3|1:4|1:5|1:6|1:7|1:8|1:9|2:0|2:1|2:3|2:4|2:5|2:6|2:7|2:8|2:9|3:0|3:1|3:2|3:3|3:4|3:7|3:8|4:0|4:1|4:2|4:3|4:4|4:5|5:0|5:1|5:2|5:3|5:4|5:5|6:0|6:1|6:2|6:3|6:4|7:0|7:1|7:2|7:3|8:0|8:1|8:2|8:3|9:0|9:1|9:2|9:3,431
15,1743,0.9861261261261262,2.0,2.0,0.0,2.0,200,truncated,0,0,,1,60,50,0:0|0:1|0:2|0:3|0:4|0:5|1:0|1:1|1:3|1:4|1:5|2:0|2:1|2:3|2:4|2:5|3:0|3:1|3:2|3:3|3:4|4:0|4:1|4:2|4:3|4:4|5:0|5:1|5:2|5:3|5:5|6:0|6:1|6:2|6:3|6:4|6:5|7:0|7:1|7:2|7:3|7:4|7:5|8:0|8:1|8:2|8:3|8:4|8:5|9:4,452
16,1744,0.9851351351351352,1.0,1.0,0.0,1.0,200,truncated,0,0,,1,39,39,0:0|0:1|0:2|1:0|1:1|2:0|2:1|3:0|3:1|3:2|3:3|4:0|4:1|4:2|4:3|5:2|5:3|6:0|6:1|6:2|6:3|6:5|7:0|7:1|7:2|7:3|7:4|7:5|8:0|8:1|8:2|8:3|8:4|8:5|9:0|9:1|9:2|9:3|9:4,453
17,1745,0.9841441441441442,1.0,1.0,0.0,1.0,200,truncated,0,0,,1,62,39,0:0|0:1|0:2|0:3|1:0|1:1|1:3|2:0|2:1|3:0|3:1|3:2|3:3|3:4|3:5|4:0|4:1|4:2|4:3|4:4|4:5|5:0|5:1|5:2|5:3|6:0|6:1|6:2|6:3|6:4|7:0|7:1|7:2|7:3|7:4|8:3|8:4|9:3|9:4,453
18,1746,0.9831531531531531,2.0,2.0,0.0,2.0,200,truncated,0,0,,1,61,47,0:0|0:1|0:2|0:3|0:4|0:5|0:6|0:7|0:8|0:9|1:0|1:1|1:3|1:4|1:5|1:6|1:7|1:8|1:9|2:1|2:4|2:5|2:6|2:7|2:8|2:9|3:1|3:2|3:3|3:4|3:6|3:7|3:8|3:9|4:0|4:1|4:2|4:3|5:0|5:1|5:3|6:0|6:1|6:2|6:3|7:2|7:3,453
19,1747,0.9821621621621621,2.0,2.0,0.0,2.0,200,truncated,0,0,,1,55,37,0:0|0:1|0:2|0:3|0:4|0:5|1:0|1:1|1:3|1:4|1:5|1:6|2:0|2:1|2:3|2:4|2:5|2:6|3:0|3:1|3:2|3:3|3:4|3:5|4:0|4:1|4:2|4:3|4:4|4:5|5:0|5:1|5:4|5:5|6:0|6:1|6:2,462
20,1748,0.9811711711711711,1.0,1.0,0.0,1.0,200,truncated,0,0,,1,30,24,0:0|0:1|0:2|0:3|0:4|0:5|0:6|0:7|0:8|1:3|1:4|1:5|1:6|1:7|2:3|2:4|2:5|2:6|3:3|3:4|3:5|3:6|4:5|5:5,462
21,1749,0.9801801801801802,1.0,1.0,0.0,1.0,200,truncated,0,0,,1,78,58,0:0|0:1|0:2|0:3|0:4|0:5|0:6|1:0|1:1|1:3|1:4|1:5|1:6|2:0|2:1|2:3|2:4|2:5|2:6|3:0|3:1|3:2|3:3|3:4|3:5|3:6|4:0|4:1|4:2|4:3|4:4|5:0|5:1|5:2|5:3|5:4|5:5|5:6|6:3|6:4|6:5|6:6|7:3|7:4|7:5|7:6|7:7|8:3|8:4|8:5|8:6|8:7|9:3|9:4|9:5|9:6|9:7|9:8,489
22,1750,0.9791891891891892,1.0,1.0,0.0,1.0,200,truncated,0,0,,1,54,52,0:0|0:1|0:2|0:3|0:5|1:0|1:1|1:4|1:5|1:6|1:7|1:8|1:9|2:0|2:1|2:3|2:4|2:5|2:6|2:7|2:8|2:9|3:0|3:1|3:2|3:3|3:4|3:5|3:6|3:7|4:0|4:1|4:2|4:3|4:4|4:5|4:6|5:1|5:2|5:3|5:4|5:5|5:6|6:4|6:6|7:3|7:4|7:5|7:6|8:4|8:5|8:6,506
23,1751,0.9781981981981982,1.0,1.0,0.0,1.0,200,truncated,0,0,,1,70,44,0:0|1:0|1:1|2:0|2:1|3:0|3:1|3:2|3:3|3:5|3:6|4:0|4:1|4:2|4:3|4:4|4:5|4:6|5:0|5:1|5:2|5:3|5:4|5:5|5:6|6:0|6:1|6:2|6:3|6:4|6:5|6:6|7:0|7:1|7:2|7:3|7:4|7:5|7:6|8:2|8:4|8:5|9:2|9:3,518
24,1752,0.9772072072072072,2.0,2.0,0.0,2.0,200,truncated,0,0,,1,88,53,0:0|0:1|1:0|1:1|1:3|1:4|1:5|2:0|2:1|2:3|2:4|2:5|3:0|3:1|3:2|3:3|3:4|3:5|4:0|4:1|4:2|4:3|4:4|4:5|5:1|5:2|5:3|5:4|5:5|6:1|6:2|6:3|6:4|6:5|6:6|7:1|7:2|7:3|7:4|7:5|8:0|8:1|8:2|8:3|8:4|8:5|8:6|9:0|9:1|9:2|9:3|9:4|9:5,529
25,1753,0.9762162162162162,1.0,1.0,0.0,1.0,200,truncated,0,0,,1,64,52,0:0|0:1|0:2|0:3|0:4|0:5|0:6|0:7|0:8|0:9|1:0|1:1|1:4|1:5|1:7|1:8|1:9|2:0|2:1|2:7|2:8|2:9|3:0|3:1|3:2|3:3|3:4|3:8|3:9|4:0|4:1|4:2|4:3|4:4|4:6|4:7|4:8|5:0|5:1|5:2|5:3|5:4|6:0|6:1|6:2|6:3|6:4|6:5|7:0|7:1|7:2|8:1,554
26,1754,0.9752252252252253,2.0,2.0,0.0,2.0,200,truncated,0,0,,1,64,43,0:0|0:1|0:2|0:3|0:4|1:0|1:1|1:3|1:4|2:0|2:1|2:3|2:4|3:0|3:1|3:2|3:3|3:4|4:0|4:1|4:2|4:3|4:4|5:0|5:1|5:2|5:3|5:4|5:5|5:6|6:1|6:2|6:3|6:4|6:5|6:6|7:1|7:2|7:3|7:4|7:5|8:4|8:5,556
27,1755,0.9742342342342343,3.0,3.0,0.0,3.0,200,truncated,0,0,,1,80,65,0:0|0:7|0:8|0:9|1:0|1:5|1:6|1:7|1:8|1:9|2:0|2:1|2:5|2:6|2:7|2:8|2:9|3:0|3:1|3:2|3:4|3:6|3:7|3:8|3:9|4:0|4:1|4:2|4:3|4:4|4:6|4:7|4:8|4:9|5:0|5:1|5:2|5:3|5:4|5:5|5:8|5:9|6:1|6:2|6:4|6:5|6:8|6:9|7:3|7:4|7:5|7:6|7:7|7:8|7:9|8:4|8:5|8:6|8:7|8:8|8:9|9:6|9:7|9:8|9:9,605
28,1756,0.9732432432432433,2.0,2.0,0.0,2.0,200,truncated,0,0,,1,58,46,0:0|0:1|0:2|0:3|0:4|0:5|0:6|0:7|0:8|0:9|1:3|1:4|1:5|1:6|1:7|1:8|1:9|2:3|2:4|2:5|2:6|2:7|2:8|3:3|3:4|3:5|3:6|3:7|3:8|4:3|4:4|4:5|4:6|4:7|4:8|5:0|5:3|5:4|5:5|5:6|6:0|6:1|6:2|6:3|6:4|6:5,608
29,1757,0.9722522522522522,3.0,3.0,0.0,3.0,200,truncated,0,0,,1,72,56,0:0|0:1|1:0|1:1|1:4|2:0|2:1|2:3|2:4|2:5|2:6|2:7|2:8|3:0|3:1|3:2|3:3|3:4|3:5|3:6|3:7|3:8|3:9|4:0|4:1|4:3|4:4|4:5|4:6|4:7|4:8|4:9|5:0|5:1|5:8|5:9|6:0|6:1|6:6|6:8|6:9|7:0|7:5|7:6|7:7|7:8|8:4|8:5|8:7|8:8|8:9|9:5|9:6|9:7|9:8|9:9,655
30,1758,0.9712612612612612,2.0,2.0,0.0,2.0,200,truncated,0,0,,1,69,61,0:0|0:1|0:2|0:3|0:5|0:6|0:7|0:8|1:3|1:4|1:5|1:6|1:7|1:8|1:9|2:3|2:4|2:5|2:6|2:7|2:8|2:9|3:6|3:7|3:8|3:9|4:8|4:9|5:8|5:9|6:2|6:3|6:4|6:5|6:6|6:8|6:9|7:3|7:4|7:5|7:6|7:7|7:8|7:9|8:0|8:1|8:2|8:3|8:4|8:5|8:6|8:7|8:8|8:9|9:0|9:1|9:2|9:3|9:4|9:8|9:9,674
31,1759,0.9702702702702702,2.0,2.0,0.0,2.0,200,truncated,0,0,,1,84,51,0:0|0:1|1:0|1:1|2:0|2:1|2:3|2:4|2:5|3:0|3:1|3:2|3:3|3:4|3:5|4:0|4:1|4:2|4:3|4:4|4:5|5:0|5:1|5:2|5:3|5:4|5:5|6:0|6:2|6:4|7:0|7:2|7:3|7:4|7:5|8:0|8:1|8:2|8:3|8:4|8:5|8:6|8:7|9:0|9:1|9:2|9:3|9:4|9:5|9:6|9:7,679
32,1760,0.9692792792792793,1.0,1.0,0.0,1.0,200,truncated,0,0,,1,53,31,0:0|0:1|0:2|0:3|0:4|0:5|0:6|0:7|0:8|0:9|1:3|1:4|1:5|1:6|1:7|1:8|1:9|2:3|2:4|2:5|2:6|2:7|2:8|2:9|3:4|3:5|3:6|3:7|3:8|4:5|4:6,681
33,1761,0.9682882882882883,2.0,2.0,0.0,2.0,200,truncated,0,0,,1,63,56,0:0|0:1|0:2|0:3|1:3|2:3|2:4|3:3|3:4|3:5|3:7|4:1|4:3|4:5|4:6|4:7|4:8|5:1|5:2|5:3|5:5|5:6|5:8|6:1|6:2|6:3|6:5|6:6|6:8|6:9|7:1|7:2|7:3|7:4|7:5|7:6|7:7|7:8|7:9|8:1|8:2|8:3|8:4|8:5|8:6|8:7|8:8|8:9|9:2|9:3|9:4|9:5|9:6|9:7|9:8|9:9,707
34,1762,0.9672972972972973,2.0,2.0,0.0,2.0,200,truncated,0,0,,1,60,52,0:0|0:1|0:2|0:3|0:4|0:5|1:0|1:1|1:4|1:5|2:3|2:4|2:5|3:1|3:2|3:3|3:4|3:5|4:0|4:1|4:2|4:3|4:4|5:0|5:1|5:2|5:4|6:0|6:1|6:2|6:4|7:0|7:1|7:2|7:3|7:4|8:0|8:1|8:2|8:3|8:4|8:5|8:6|8:7|9:0|9:1|9:2|9:3|9:4|9:5|9:6|9:7,710
35,1763,0.9663063063063063,3.0,3.0,0.0,3.0,200,truncated,0,0,,1,67,53,0:0|0:1|0:2|0:3|0:4|0:5|0:6|0:7|1:3|1:4|1:5|1:6|1:7|1:8|2:3|2:4|2:5|2:7|3:2|3:3|3:4|3:5|3:6|3:7|3:8|4:3|4:4|4:5|4:6|4:7|4:8|4:9|5:4|5:5|5:6|5:8|5:9|6:8|6:9|7:4|7:5|7:6|7:7|7:8|7:9|8:4|8:5|8:7|8:8|8:9|9:7|9:8|9:9,718
36,1764,0.9653153153153153,2.0,2.0,0.0,2.0,200,truncated,0,0,,1,68,60,0:0|0:1|0:2|0:3|0:4|0:5|0:6|0:7|0:8|1:0|1:1|1:3|1:4|1:5|1:6|2:0|2:1|2:3|2:4|2:5|3:0|3:3|3:5|3:6|4:0|4:1|4:2|4:3|4:4|4:5|4:6|5:0|5:1|5:2|5:3|5:5|5:6|6:1|6:2|6:3|6:4|6:5|6:6|7:1|7:2|7:4|7:5|7:6|8:0|8:1|8:2|8:3|8:4|8:5|8:6|8:7|9:1|9:2|9:3|9:4,718
37,1765,0.9643243243243244,2.0,2.0,0.0,2.0,200,truncated,0,0,,1,87,55,0:0|0:1|0:2|0:3|0:4|0:5|1:0|1:1|1:3|1:4|1:5|2:0|2:3|2:4|2:5|2:6|2:7|3:0|3:1|3:2|3:3|3:4|3:5|3:6|3:7|4:0|4:1|4:2|4:3|4:4|4:5|4:6|4:7|5:0|5:1|5:2|5:3|5:4|5:5|5:6|6:0|6:1|6:2|6:3|6:4|6:5|6:6|7:2|7:3|7:4|7:5|8:4|8:5|9:4|9:5,723
38,1766,0.9633333333333334,4.0,4.0,0.0,4.0,147,victory,1,0,,0,54,44,0:0|0:1|0:2|0:3|0:4|0:5|1:0|1:1|1:3|1:4|2:3|2:4|2:5|2:6|3:2|3:3|3:4|3:5|3:6|3:7|4:2|4:3|4:4|4:6|4:7|5:2|5:3|5:4|5:5|5:6|6:2|6:3|6:4|6:5|7:4|7:5|8:5|8:8|8:9|9:5|9:6|9:7|9:8|9:9,726
39,1767,0.9623423423423423,2.0,2.0,0.0,2.0,200,truncated,0,0,,1,80,60,0:0|0:1|0:2|0:3|1:0|1:1|1:3|2:0|2:1|2:3|2:4|2:7|2:8|2:9|3:0|3:1|3:2|3:3|3:4|3:5|3:6|3:7|3:8|3:9|4:0|4:1|4:2|4:3|4:4|4:5|4:6|4:7|4:8|5:0|5:1|5:2|5:3|5:4|5:5|5:6|5:8|6:0|6:1|6:2|6:3|6:4|6:5|6:6|7:0|7:1|7:3|7:5|7:6|8:0|8:1|8:2|8:3|8:4|9:1|9:3,726
40,1768,0.9613513513513513,1.0,1.0,0.0,1.0,200,truncated,0,0,,1,54,37,0:0|0:1|0:2|0:3|0:4|0:5|0:6|1:0|1:1|1:3|1:4|1:5|1:6|2:0|2:1|2:3|2:4|2:5|2:6|2:7|3:1|3:2|3:3|3:4|3:5|3:6|3:7|4:1|4:2|4:3|4:4|4:5|4:6|4:7|5:1|5:2|5:5,726
41,1769,0.9603603603603603,2.0,2.0,0.0,2.0,200,truncated,0,0,,1,80,70,0:0|0:1|0:6|0:7|0:8|0:9|1:0|1:1|1:5|1:6|1:7|1:8|1:9|2:0|2:5|2:6|2:7|2:8|2:9|3:0|3:5|3:8|3:9|4:0|4:4|4:5|4:8|4:9|5:0|5:1|5:2|5:3|5:4|5:5|5:8|5:9|6:0|6:1|6:3|6:4|6:5|6:6|6:8|6:9|7:1|7:2|7:3|7:4|7:5|7:6|7:7|7:8|7:9|8:0|8:1|8:2|8:3|8:4|8:5|8:6|8:7|8:8|9:0|9:1|9:2|9:4|9:5|9:6|9:7|9:8,741
42,1770,0.9593693693693693,2.0,2.0,0.0,2.0,200,truncated,0,0,,1,54,33,0:0|0:1|0:2|0:3|0:4|0:5|0:6|1:0|1:1|1:4|1:5|1:6|1:7|2:0|2:1|2:4|2:6|3:0|3:1|3:2|3:3|3:4|4:0|4:1|4:2|4:3|5:0|5:1|5:2|5:3|6:0|6:1|6:2,750
43,1771,0.9583783783783784,1.0,1.0,0.0,1.0,200,truncated,0,0,,1,52,46,0:0|0:1|1:0|2:0|2:3|3:0|3:1|3:2|3:3|3:4|3:5|4:0|4:1|4:2|4:3|4:4|4:5|4:6|5:1|5:2|5:3|5:4|5:5|5:6|6:1|6:2|6:3|6:4|6:5|6:6|7:2|7:3|7:4|7:5|7:6|7:7|8:2|8:3|8:4|8:5|8:6|8:7|9:2|9:4|9:5|9:6,752
44,1772,0.9573873873873874,1.0,1.0,0.0,1.0,200,truncated,0,0,,1,65,65,0:0|0:1|0:5|0:6|0:7|0:8|0:9|1:0|1:1|1:5|1:6|1:7|1:8|1:9|2:0|2:1|2:7|2:8|2:9|3:0|3:1|3:6|3:7|3:8|3:9|4:1|4:5|4:6|4:8|4:9|5:1|5:4|5:5|5:8|5:9|6:1|6:2|6:3|6:4|6:5|6:6|6:8|6:9|7:2|7:3|7:4|7:5|7:6|7:7|7:8|7:9|8:3|8:4|8:5|8:6|8:7|8:8|8:9|9:3|9:4|9:5|9:6|9:7|9:8|9:9,777
45,1773,0.9563963963963964,1.0,1.0,0.0,1.0,200,truncated,0,0,,1,58,42,0:0|0:1|0:2|0:3|1:0|1:1|1:3|2:0|2:1|2:3|3:0|3:1|3:2|3:3|3:4|4:0|4:1|4:2|4:3|4:4|5:0|5:1|5:2|5:3|5:4|5:5|6:0|6:1|6:2|6:3|6:4|6:5|7:0|7:1|7:2|7:3|7:4|7:5|8:0|8:1|9:0|9:1,784
46,1774,0.9554054054054054,0.0,0.0,0.0,0.0,200,truncated,0,0,,1,63,52,0:0|0:1|0:2|1:0|1:1|2:0|2:1|3:0|3:1|3:2|3:3|3:4|4:0|4:1|4:2|4:3|4:4|4:5|4:6|5:0|5:1|5:2|5:3|5:4|5:6|6:0|6:1|6:4|6:5|6:6|7:0|7:1|7:4|7:5|7:6|8:0|8:1|8:2|8:3|8:4|8:5|8:6|8:7|9:0|9:1|9:2|9:3|9:4|9:5|9:6|9:7|9:8,794
47,1775,0.9544144144144144,1.0,1.0,0.0,1.0,200,truncated,0,0,,1,65,50,0:0|0:1|0:2|0:3|0:4|0:5|0:6|0:7|0:8|0:9|1:1|1:3|1:4|1:5|1:6|1:7|1:8|1:9|2:3|2:4|2:5|2:6|2:7|2:8|2:9|3:4|3:5|3:6|3:7|3:8|4:5|4:6|4:7|4:8|4:9|5:8|5:9|6:8|7:7|7:8|7:9|8:4|8:5|8:6|8:7|8:8|9:4|9:5|9:7|9:8,795
48,1776,0.9534234234234235,1.0,1.0,0.0,1.0,200,truncated,0,0,,1,55,34,0:0|0:1|0:2|0:3|0:4|1:0|1:1|1:3|1:4|2:0|2:1|2:3|2:4|3:0|3:1|3:2|3:3|3:4|3:5|3:6|4:0|4:1|4:2|4:3|4:4|4:5|4:6|5:0|5:1|5:3|5:4|5:5|6:4|6:5,795
49,1777,0.9524324324324325,2.0,2.0,0.0,2.0,200,truncated,0,0,,1,82,51,0:0|0:1|0:2|0:3|0:4|0:5|0:6|0:7|0:8|1:0|1:1|1:3|1:5|1:6|1:7|1:8|1:9|2:0|2:1|2:3|2:4|2:5|2:6|2:7|2:8|2:9|3:3|3:4|3:5|3:6|3:7|3:8|3:9|4:3|4:4|4:5|4:6|4:7|4:8|4:9|5:3|5:4|5:5|5:6|6:2|6:3|6:4|6:5|6:6|7:3|7:4,800
50,1778,0.9514414414414415,2.0,2.0,0.0,2.0,200,truncated,0,0,,1,101,70,0:0|0:1|0:2|0:3|0:4|0:5|0:6|0:7|0:8|0:9|1:1|1:3|1:4|1:5|1:6|1:7|1:8|1:9|2:0|2:1|2:3|2:4|2:5|2:6|2:7|2:8|2:9|3:0|3:1|3:2|3:3|3:4|3:5|3:6|3:7|3:8|3:9|4:5|4:6|4:7|4:8|4:9|5:4|5:5|5:6|5:8|5:9|6:2|6:3|6:4|6:6|6:8|6:9|7:1|7:2|7:3|7:4|7:5|7:6|7:8|7:9|8:3|8:4|8:5|8:6|8:7|8:8|9:7|9:8|9:9,818
51,1779,0.9504504504504504,2.0,2.0,0.0,2.0,200,truncated,0,0,,1,48,45,0:0|0:1|0:2|0:3|0:4|1:0|1:1|1:3|1:4|1:5|2:0|2:1|2:4|2:5|2:6|3:0|3:1|3:3|3:4|3:5|4:0|4:1|4:5|5:0|5:1|5:4|5:5|6:0|6:1|6:2|6:3|6:4|7:0|7:1|7:2|7:3|7:4|8:0|8:1|8:2|8:3|9:0|9:1|9:2|9:3,818
52,1780,0.9494594594594594,3.0,3.0,0.0,3.0,200,truncated,0,0,,1,74,51,0:0|1:0|1:1|2:0|2:1|3:0|3:1|4:0|4:1|4:2|4:3|4:4|5:0|5:1|5:2|5:3|5:4|5:5|6:0|6:1|6:2|6:3|6:4|6:5|7:0|7:1|7:2|7:3|7:4|7:5|7:6|7:7|8:0|8:1|8:2|8:3|8:4|8:5|8:6|8:7|8:8|8:9|9:0|9:1|9:2|9:3|9:4|9:5|9:6|9:7|9:8,818
53,1781,0.9484684684684684,2.0,2.0,0.0,2.0,200,truncated,0,0,,1,64,54,0:0|0:1|0:2|1:0|1:1|1:7|2:0|2:1|2:4|2:5|2:7|3:0|3:1|3:2|3:3|3:4|3:5|3:6|3:7|3:8|3:9|4:0|4:1|4:2|4:3|4:5|4:6|4:7|4:8|5:0|5:1|5:2|5:3|5:4|6:0|6:1|6:2|6:3|6:4|7:0|7:1|7:2|7:3|7:4|8:0|8:1|8:2|8:3|8:4|9:0|9:1|9:2|9:3|9:4,820
54,1782,0.9474774774774775,3.0,3.0,0.0,3.0,200,truncated,0,0,,1,82,65,0:0|0:1|1:0|1:1|1:8|1:9|2:0|2:1|2:6|2:7|2:8|2:9|3:0|3:1|3:2|3:4|3:5|3:6|3:7|3:8|3:9|4:1|4:3|4:4|4:5|4:6|4:7|4:8|4:9|5:1|5:2|5:3|5:4|5:5|5:6|5:8|5:9|6:1|6:2|6:3|6:4|6:5|6:6|6:8|6:9|7:2|7:3|7:4|7:5|7:6|7:7|7:8|7:9|8:3|8:4|8:5|8:6|8:7|8:8|8:9|9:4|9:6|9:7|9:8|9:9,837
55,1783,0.9464864864864865,2.0,2.0,0.0,2.0,200,truncated,0,0,,1,62,46,0:0|0:4|0:5|0:6|1:0|1:4|1:6|2:0|2:1|2:3|2:4|2:5|2:6|2:7|3:0|3:1|3:2|3:3|3:4|3:5|3:6|3:7|4:0|4:1|4:2|4:3|4:4|4:5|5:0|5:1|5:2|6:0|6:1|6:2|6:3|7:0|7:1|7:2|7:3|8:0|8:1|8:2|8:3|9:0|9:1|9:2,839
56,1784,0.9454954954954955,3.0,3.0,0.0,3.0,200,truncated,0,0,,1,65,54,0:0|0:1|0:2|1:0|1:1|1:9|2:0|2:1|2:4|2:6|2:7|2:8|2:9|3:0|3:1|3:2|3:3|3:4|3:7|3:8|3:9|4:3|4:4|4:5|4:6|4:7|4:8|4:9|5:3|5:4|5:5|5:8|5:9|6:3|6:4|6:5|6:6|6:8|6:9|7:5|7:6|7:7|7:8|7:9|8:5|8:6|8:7|8:8|8:9|9:5|9:6|9:7|9:8|9:9,846
57,1785,0.9445045045045045,1.0,1.0,0.0,1.0,200,truncated,0,0,,1,54,52,0:0|0:1|0:2|0:3|1:0|1:1|1:3|1:4|1:5|1:6|1:7|2:3|2:4|2:5|2:6|2:7|3:6|3:7|4:6|4:7|5:3|5:5|5:6|5:8|5:9|6:3|6:4|6:5|6:6|6:8|6:9|7:3|7:4|7:5|7:6|7:7|7:8|7:9|8:4|8:5|8:6|8:7|8:8|8:9|9:2|9:3|9:4|9:5|9:6|9:7|9:8|9:9,846
58,1786,0.9435135135135135,4.0,4.0,0.0,4.0,179,victory,1,0,,0,66,50,0:0|0:1|0:2|1:0|1:1|2:0|2:1|2:4|3:0|3:1|3:2|3:3|3:4|4:0|4:1|4:2|4:3|4:4|5:0|5:1|5:2|6:0|6:1|6:2|6:3|6:4|6:9|7:0|7:1|7:2|7:3|7:4|7:8|7:9|8:0|8:1|8:2|8:3|8:4|8:5|8:6|8:7|8:8|8:9|9:4|9:5|9:6|9:7|9:8|9:9,854
59,1787,0.9425225225225226,2.0,2.0,0.0,2.0,200,truncated,0,0,,1,64,51,0:0|0:1|0:2|0:3|0:4|0:5|0:6|0:7|0:8|1:0|1:1|1:3|1:4|1:5|1:6|1:7|2:0|2:3|2:4|2:5|2:6|2:7|3:4|3:5|3:6|4:4|4:5|4:6|5:4|5:5|6:1|6:2|6:3|6:4|6:5|7:0|7:1|7:2|7:3|7:4|7:5|8:0|8:1|8:2|8:3|8:4|8:5|9:0|9:1|9:2|9:3,854
60,1788,0.9415315315315316,3.0,3.0,0.0,3.0,200,truncated,0,0,,1,82,68,0:0|0:4|0:5|1:0|1:1|1:3|1:4|1:5|1:6|2:0|2:1|2:3|2:4|2:5|3:0|3:1|3:2|3:3|3:4|3:5|3:6|3:7|4:0|4:1|4:2|4:4|4:5|4:6|4:7|4:8|4:9|5:3|5:4|5:5|5:6|5:8|5:9|6:0|6:3|6:4|6:5|6:6|6:8|6:9|7:0|7:1|7:2|7:3|7:4|7:5|7:6|7:7|7:8|7:9|8:0|8:1|8:2|8:3|8:4|8:5|8:6|8:7|8:8|9:0|9:1|9:2|9:3|9:6,854
61,1789,0.9405405405405406,1.0,1.0,0.0,1.0,200,truncated,0,0,,1,63,59,0:0|0:1|0:2|0:4|0:5|0:6|1:0|1:1|1:3|1:4|1:5|1:6|1:7|2:0|2:1|2:3|2:4|2:5|2:6|2:7|3:0|3:1|3:2|3:3|3:4|3:5|3:6|3:7|4:0|4:1|4:3|4:4|4:5|4:7|4:8|4:9|5:3|5:4|5:5|5:8|5:9|6:5|6:8|6:9|7:4|7:5|7:6|7:7|7:8|8:3|8:4|8:5|8:6|8:7|9:3|9:4|9:5|9:6|9:7,854
62,1790,0.9395495495495495,2.0,2.0,0.0,2.0,200,truncated,0,0,,1,66,55,0:0|0:1|0:2|0:3|0:4|0:5|1:0|1:1|1:3|1:4|1:7|1:8|1:9|2:0|2:1|2:3|2:4|2:5|2:6|2:7|2:8|2:9|3:2|3:3|3:4|3:5|3:6|3:7|3:8|3:9|4:2|4:3|4:4|4:5|4:6|4:7|4:8|4:9|5:2|5:4|5:5|5:6|5:8|6:2|6:4|6:5|6:6|7:2|7:3|7:4|8:3|8:4|8:5|9:3|9:4,854
63,1791,0.9385585585585585,2.0,2.0,0.0,2.0,200,truncated,0,0,,1,73,60,0:0|0:1|0:2|0:3|0:4|1:0|1:1|1:3|1:4|1:5|1:6|2:4|2:5|3:4|3:5|3:6|4:2|4:3|4:4|4:5|4:6|5:1|5:2|5:3|5:4|5:5|5:6|6:1|6:2|6:3|6:4|6:5|6:6|7:0|7:1|7:2|7:3|7:4|7:5|7:6|7:7|7:8|7:9|8:1|8:3|8:4|8:5|8:6|8:7|8:8|8:9|9:1|9:2|9:3|9:4|9:5|9:6|9:7|9:8|9:9,854
64,1792,0.9375675675675675,1.0,1.0,0.0,1.0,200,truncated,0,0,,1,72,52,0:0|0:1|1:0|1:1|2:0|2:1|2:3|3:0|3:1|3:2|3:3|3:4|4:0|4:1|4:2|4:3|4:4|4:5|4:6|5:1|5:2|5:3|5:4|5:5|5:6|6:0|6:1|6:2|6:3|6:4|6:5|6:6|7:0|7:1|7:2|7:3|7:4|7:5|7:6|8:0|8:1|8:2|8:3|8:4|8:5|8:6|9:0|9:1|9:2|9:3|9:4|9:5,854
65,1793,0.9365765765765766,1.0,1.0,0.0,1.0,200,truncated,0,0,,1,56,50,0:0|0:1|0:2|0:3|0:4|0:5|0:6|1:3|1:4|1:5|1:6|1:7|2:3|2:4|2:6|3:1|3:2|3:3|3:4|4:1|4:2|4:3|4:4|5:1|5:2|5:3|5:4|6:1|6:3|6:4|6:6|7:0|7:1|7:2|7:3|7:4|7:5|7:6|7:7|8:0|8:1|8:2|8:3|8:4|8:5|9:0|9:1|9:2|9:3|9:4,854
66,1794,0.9355855855855856,3.0,3.0,0.0,3.0,200,truncated,0,0,,1,77,60,0:0|0:7|0:8|0:9|1:0|1:6|1:7|1:8|1:9|2:0|2:7|3:0|3:1|3:3|3:4|3:5|3:6|3:7|4:0|4:1|4:2|4:3|4:4|4:5|4:6|4:7|4:8|4:9|5:0|5:1|5:2|5:3|5:4|5:5|5:6|5:8|5:9|6:0|6:1|6:2|6:3|6:4|6:5|6:6|6:8|6:9|7:5|7:6|7:7|7:8|7:9|8:5|8:6|8:7|8:8|8:9|9:6|9:7|9:8|9:9,857
67,1795,0.9345945945945946,2.0,2.0,0.0,2.0,200,truncated,0,0,,1,69,49,0:0|0:1|1:0|2:0|2:3|2:4|3:0|3:1|3:2|3:3|3:4|3:5|3:6|4:0|4:1|4:2|4:3|4:4|4:5|4:6|5:0|5:1|5:2|5:3|5:4|5:5|5:6|6:0|6:1|6:2|6:3|6:4|6:5|6:6|7:0|7:1|7:2|7:4|7:5|7:6|8:0|8:1|8:2|8:3|8:4|8:5|9:0|9:1|9:2,857
68,1796,0.9336036036036036,2.0,2.0,0.0,2.0,200,truncated,0,0,,1,68,54,0:0|0:1|0:2|0:3|0:4|0:5|1:1|1:3|1:4|1:5|1:6|1:7|2:3|2:4|2:5|2:6|2:7|3:1|3:2|3:3|3:4|3:5|3:6|4:1|4:2|4:3|4:4|4:5|4:6|5:0|5:1|5:2|5:3|5:4|5:5|5:6|6:1|6:2|6:3|6:4|6:5|6:6|7:3|7:4|7:5|7:6|7:7|8:3|8:4|8:5|8:6|9:4|9:5|9:6,857
69,1797,0.9326126126126126,1.0,1.0,0.0,1.0,200,truncated,0,0,,1,39,32,0:0|0:1|0:2|0:3|0:4|0:5|0:6|0:7|0:8|1:3|1:4|1:5|1:6|1:7|1:8|2:3|2:4|2:5|2:6|2:7|2:8|2:9|3:3|3:4|3:5|3:6|3:7|3:8|3:9|4:6|4:7|4:8,857
70,1798,0.9316216216216217,1.0,1.0,0.0,1.0,200,truncated,0,0,,1,64,48,0:0|0:1|1:0|2:0|2:1|2:5|3:0|3:1|3:2|3:3|3:4|3:5|3:6|4:0|4:1|4:2|4:3|4:4|4:5|5:0|5:1|5:2|5:3|5:4|5:5|5:6|6:0|6:1|6:2|6:3|6:4|6:5|6:6|7:1|7:2|7:3|7:4|7:5|7:6|8:1|8:2|8:3|8:4|8:5|8:6|9:3|9:4|9:5,857
71,1799,0.9306306306306307,2.0,2.0,0.0,2.0,200,truncated,0,0,,1,69,56,0:0|0:1|0:2|0:3|0:4|0:5|0:6|0:7|0:8|0:9|1:0|1:1|1:4|1:5|1:6|1:7|1:9|2:0|2:1|2:4|2:5|2:6|2:8|2:9|3:0|3:1|3:2|3:4|3:5|3:6|3:7|3:8|3:9|4:0|4:1|4:7|4:8|4:9|5:0|5:1|5:2|5:9|6:0|6:1|6:2|6:3|6:4|6:5|7:0|7:1|7:2|7:3|7:4|7:5|8:4|8:5,857
72,1800,0.9296396396396397,2.0,2.0,0.0,2.0,200,truncated,0,0,,1,55,47,0:0|0:1|0:2|0:3|0:4|0:5|1:1|1:3|1:4|2:0|2:1|2:3|2:4|3:0|3:1|3:2|3:3|4:0|4:1|4:2|4:3|4:4|4:5|4:6|5:2|5:3|5:4|5:5|5:6|6:1|6:2|6:3|6:4|6:5|6:6|7:2|7:3|7:4|7:5|7:6|8:2|8:3|8:4|9:1|9:2|9:3|9:4,857
73,1801,0.9286486486486487,2.0,2.0,0.0,2.0,200,truncated,0,0,,1,63,57,0:0|0:1|0:2|0:3|0:4|0:6|0:7|0:8|0:9|1:0|1:3|1:4|1:5|1:6|1:7|1:8|1:9|2:3|2:4|2:5|2:6|2:7|2:8|2:9|3:3|3:4|3:5|3:6|3:7|3:8|3:9|4:3|4:4|4:5|4:6|4:7|4:8|4:9|5:3|5:4|5:5|5:8|5:9|6:2|6:3|6:4|6:8|7:2|7:4|7:5|8:2|8:3|8:4|8:5|9:3|9:4|9:5,858
74,1802,0.9276576576576576,3.0,3.0,0.0,3.0,200,truncated,0,0,,1,68,63,0:0|0:1|0:2|0:3|0:5|1:0|1:1|1:3|1:5|2:0|2:1|2:3|2:4|2:5|2:6|2:7|2:8|2:9|3:0|3:1|3:2|3:3|3:4|3:6|3:7|3:8|3:9|4:2|4:3|4:4|4:7|4:8|4:9|5:8|6:6|6:8|6:9|7:4|7:5|7:6|7:7|7:8|7:9|8:0|8:1|8:2|8:3|8:4|8:5|8:6|8:7|8:8|8:9|9:0|9:1|9:2|9:3|9:4|9:5|9:6|9:7|9:8|9:9,866
75,1803,0.9266666666666666,1.0,1.0,0.0,1.0,200,truncated,0,0,,1,76,56,0:0|0:1|0:2|0:3|0:4|0:5|0:6|1:0|1:1|1:3|1:4|1:5|2:1|2:3|2:4|2:5|3:1|3:2|3:3|3:4|3:5|4:1|4:2|4:3|4:4|4:5|4:6|5:0|5:1|5:2|5:3|5:4|5:5|5:6|6:3|6:4|6:5|6:6|6:8|7:2|7:3|7:4|7:5|7:6|7:7|7:8|8:2|8:3|8:4|8:5|8:6|9:2|9:3|9:4|9:5|9:6,866
76,1804,0.9256756756756757,2.0,2.0,0.0,2.0,200,truncated,0,0,,1,68,44,0:0|0:1|0:2|0:3|1:0|1:1|1:3|1:4|2:0|2:1|2:3|2:4|3:0|3:1|3:2|3:3|3:4|3:5|4:0|4:1|4:2|4:3|4:4|5:0|5:1|5:2|5:3|5:4|6:0|6:1|6:2|6:3|7:0|7:1|7:2|7:3|8:0|8:1|8:2|8:3|9:0|9:1|9:2|9:3,871
77,1805,0.9246846846846847,2.0,2.0,0.0,2.0,200,truncated,0,0,,1,90,47,0:0|1:0|1:1|2:0|2:1|2:3|2:4|2:5|2:8|3:0|3:1|3:2|3:3|3:4|3:5|3:6|3:7|3:8|3:9|4:0|4:1|4:2|4:3|4:4|4:5|4:6|4:7|4:8|5:0|5:1|5:2|5:3|5:4|6:0|6:1|6:2|6:3|6:4|6:5|7:0|7:1|7:2|7:3|7:4|8:3|8:4|9:4,871
78,1806,0.9236936936936937,4.0,4.0,0.0,4.0,192,victory,1,0,,0,82,62,0:0|0:1|0:2|0:3|0:4|0:5|0:6|1:0|1:4|1:5|1:6|1:7|1:8|1:9|2:0|2:1|2:4|2:5|2:6|2:7|2:8|2:9|3:0|3:1|3:2|3:3|3:6|3:7|3:8|3:9|4:0|4:1|4:2|4:3|4:4|4:5|4:6|4:7|4:9|5:0|5:1|5:2|5:3|5:4|5:5|5:8|5:9|6:0|6:1|6:2|6:3|6:5|6:8|6:9|7:0|7:4|7:5|7:6|7:7|7:8|7:9|8:8,875
79,1807,0.9227027027027027,1.0,1.0,0.0,1.0,200,truncated,0,0,,1,72,53,0:0|0:1|0:2|0:3|1:0|1:1|1:3|1:4|2:0|2:1|2:3|3:0|3:1|3:2|3:3|4:0|4:1|4:2|4:3|4:4|4:5|5:1|5:2|5:3|5:4|5:5|5:6|6:0|6:1|6:2|6:3|6:4|6:5|6:6|7:0|7:1|7:2|7:3|7:4|7:5|7:6|8:0|8:1|8:2|8:3|8:4|8:5|9:0|9:1|9:2|9:3|9:4|9:5,875
80,1808,0.9217117117117117,2.0,2.0,0.0,2.0,200,truncated,0,0,,1,61,50,0:0|0:1|0:2|0:3|0:4|0:5|0:6|0:8|1:1|1:3|1:4|1:5|1:6|1:7|1:8|1:9|2:1|2:3|2:4|2:5|2:6|2:7|2:8|2:9|3:0|3:1|3:2|3:3|3:4|3:5|3:6|3:7|3:8|3:9|4:0|4:1|4:2|4:3|4:4|4:5|4:6|4:7|4:8|5:1|5:2|5:3|5:5|6:1|6:2|6:3,875
81,1809,0.9207207207207208,2.0,2.0,0.0,2.0,200,truncated,0,0,,1,93,64,0:0|0:1|0:2|0:3|0:5|0:6|0:7|0:8|0:9|1:0|1:1|1:3|1:4|1:5|1:6|1:7|1:8|1:9|2:0|2:1|2:3|2:4|2:5|2:6|2:7|2:8|2:9|3:0|3:1|3:2|3:3|3:4|3:5|3:6|3:7|4:0|4:1|4:2|4:3|4:4|4:5|4:6|5:0|5:1|5:2|5:3|5:4|5:5|5:6|6:0|6:1|6:2|6:3|6:6|7:0|7:1|7:2|8:1|8:2|8:3|9:0|9:1|9:2|9:3,875
82,1810,0.9197297297297298,2.0,2.0,0.0,2.0,200,truncated,0,0,,1,51,32,0:0|0:1|0:2|0:3|0:4|0:5|1:0|1:1|1:3|1:4|1:5|2:0|2:1|2:3|2:4|2:5|3:0|3:1|3:2|3:3|3:4|3:5|4:0|4:1|4:2|4:3|4:4|5:0|5:1|5:2|6:0|6:2,875
83,1811,0.9187387387387388,2.0,2.0,0.0,2.0,200,truncated,0,0,,1,74,50,0:0|1:0|1:1|2:0|2:1|2:3|2:4|3:0|3:1|3:2|3:3|3:4|3:5|4:0|4:1|4:2|4:3|4:4|4:5|4:6|5:0|5:1|5:2|5:3|5:4|5:5|5:6|6:0|6:1|6:2|6:3|6:4|6:5|7:0|7:1|7:2|7:3|7:4|8:0|8:1|8:2|8:3|8:4|8:5|9:1|9:2|9:3|9:4|9:5|9:6,875
84,1812,0.9177477477477477,1.0,1.0,0.0,1.0,200,truncated,0,0,,1,67,48,0:0|0:1|1:0|1:1|2:0|2:1|3:0|3:1|3:2|3:3|4:0|4:1|4:2|4:3|4:4|5:0|5:1|5:2|5:3|5:4|6:0|6:1|6:2|6:4|6:5|6:6|7:0|7:1|7:2|7:3|7:4|7:5|7:6|8:1|8:2|8:3|8:4|8:5|8:6|8:7|9:0|9:1|9:2|9:3|9:4|9:5|9:6|9:7,875
85,1813,0.9167567567567567,2.0,2.0,0.0,2.0,200,truncated,0,0,,1,71,60,0:0|0:3|0:4|0:5|1:0|1:3|1:4|1:5|1:6|2:0|2:1|2:3|2:4|2:5|2:6|2:7|3:0|3:1|3:2|3:3|3:4|3:5|3:6|3:7|3:8|3:9|4:0|4:1|4:2|4:5|4:6|4:9|5:0|5:1|5:5|5:6|5:8|5:9|6:1|6:2|6:4|6:5|6:9|7:1|7:3|7:4|7:5|7:6|7:7|8:0|8:1|8:2|8:3|8:4|8:5|9:0|9:1|9:2|9:4|9:5,875
86,1814,0.9157657657657657,3.0,3.0,0.0,3.0,200,truncated,0,0,,1,75,67,0:0|0:1|0:2|0:3|0:4|0:5|0:6|0:7|1:0|1:1|1:3|1:4|1:5|1:6|1:7|1:8|1:9|2:3|2:4|2:5|2:6|2:7|2:8|2:9|3:3|3:4|3:5|3:6|3:7|3:8|3:9|4:2|4:3|4:4|4:5|4:6|4:7|4:8|4:9|5:2|5:3|5:4|5:5|5:6|5:8|5:9|6:4|6:5|6:6|6:8|6:9|7:3|7:4|7:5|7:6|7:7|7:8|7:9|8:3|8:4|8:5|8:7|8:8|8:9|9:5|9:8|9:9,884
87,1815,0.9147747747747748,2.0,2.0,0.0,2.0,200,truncated,0,0,,1,64,51,0:0|0:1|0:2|0:3|0:4|0:5|0:6|0:7|0:8|0:9|1:0|1:1|1:3|1:4|1:5|1:6|1:7|1:8|1:9|2:0|2:1|2:3|2:4|2:5|2:6|2:7|2:9|3:0|3:1|3:2|3:3|3:4|3:5|3:6|3:7|3:8|3:9|4:0|4:1|4:2|4:3|4:4|4:8|4:9|5:1|5:2|5:3|6:1|6:2|6:3|7:2,884
88,1816,0.9137837837837838,2.0,2.0,0.0,2.0,200,truncated,0,0,,1,81,61,0:0|0:1|0:2|0:3|0:4|0:5|0:6|0:7|0:8|0:9|1:0|1:1|1:3|1:4|1:5|1:6|1:7|1:8|2:0|2:1|2:3|2:4|2:5|2:6|2:7|2:8|3:0|3:1|3:3|3:4|3:5|3:6|3:7|3:8|3:9|4:1|4:2|4:3|4:4|4:5|4:7|4:8|5:0|5:1|5:2|5:3|5:4|5:5|5:6|6:0|6:2|7:0|7:1|7:2|8:0|8:1|8:2|8:3|9:0|9:1|9:2,884
89,1817,0.9127927927927928,2.0,2.0,0.0,2.0,200,truncated,0,0,,1,67,66,0:0|0:1|0:2|0:3|0:4|0:5|0:6|0:7|0:8|0:9|1:0|1:1|1:3|1:4|1:5|1:6|1:7|1:8|1:9|2:0|2:1|2:3|2:4|2:5|2:6|2:7|2:8|2:9|3:0|3:1|3:3|3:5|3:6|3:7|3:8|3:9|4:0|4:1|4:2|4:3|4:5|4:6|4:7|4:8|4:9|5:0|5:1|5:2|5:3|5:9|6:0|6:1|6:2|7:0|7:1|7:2|8:0|8:1|8:2|8:3|8:4|8:5|9:2|9:3|9:4|9:5,889
90,1818,0.9118018018018018,1.0,1.0,0.0,1.0,200,truncated,0,0,,1,44,29,0:0|0:1|0:2|0:3|0:4|0:5|0:6|0:7|0:8|0:9|1:0|1:4|1:5|1:6|1:7|1:8|1:9|2:4|2:5|2:6|2:7|2:8|2:9|3:5|3:6|3:7|3:8|3:9|4:9,889
91,1819,0.9108108108108108,0.0,0.0,0.0,0.0,200,truncated,0,0,,1,56,56,0:0|0:1|0:5|0:6|1:0|1:1|1:5|1:6|2:0|2:1|2:6|3:0|3:1|3:2|3:6|4:0|4:1|4:2|4:5|4:6|5:0|5:1|5:2|5:3|5:4|5:5|5:6|6:3|6:4|6:5|6:6|6:8|7:2|7:3|7:4|7:5|7:6|7:7|7:8|8:2|8:3|8:4|8:5|8:6|8:7|8:8|8:9|9:1|9:2|9:3|9:4|9:5|9:6|9:7|9:8|9:9,891
92,1820,0.9098198198198199,2.0,2.0,0.0,2.0,200,truncated,0,0,,1,77,61,0:0|0:1|1:1|1:3|1:6|1:8|1:9|2:1|2:3|2:4|2:5|2:6|2:7|2:8|2:9|3:1|3:2|3:3|3:4|3:5|3:6|3:7|3:8|3:9|4:1|4:2|4:3|4:4|4:5|4:6|4:7|4:8|4:9|5:0|5:1|5:2|5:3|5:4|5:5|5:6|5:8|5:9|6:0|6:1|6:2|6:3|6:4|6:5|6:6|6:9|7:0|7:1|7:2|7:3|7:4|7:5|8:1|8:4|8:5|9:4|9:5,891
93,1821,0.9088288288288289,2.0,2.0,0.0,2.0,200,truncated,0,0,,1,74,55,0:0|0:1|1:0|1:1|2:0|2:1|2:4|3:0|3:1|3:2|3:3|3:4|3:5|4:0|4:1|4:2|4:3|4:4|4:5|4:6|4:7|5:0|5:1|5:2|5:3|5:4|5:5|5:6|6:0|6:1|6:2|6:3|6:4|6:5|6:6|7:0|7:1|7:2|7:3|7:4|7:5|7:6|8:0|8:1|8:2|8:3|8:4|8:5|8:6|9:0|9:1|9:2|9:3|9:4|9:5,891
94,1822,0.9078378378378378,2.0,2.0,0.0,2.0,200,truncated,0,0,,1,69,56,0:0|0:1|0:2|0:3|0:4|0:5|0:6|0:7|0:8|0:9|1:0|1:1|1:3|1:4|1:5|1:6|1:7|1:8|1:9|2:0|2:1|2:3|2:4|2:5|2:6|2:7|2:8|2:9|3:1|3:2|3:3|3:4|3:5|3:6|3:7|3:8|3:9|4:1|4:2|4:3|4:5|4:6|4:7|4:8|4:9|5:1|5:2|5:3|5:6|6:1|6:2|6:3|6:4|6:5|6:6|7:6,894
95,1823,0.9068468468468468,2.0,2.0,0.0,2.0,200,truncated,0,0,,1,64,50,0:0|0:1|0:2|0:3|0:4|0:5|1:0|1:1|1:3|1:4|1:5|2:0|2:1|2:3|2:4|3:3|4:2|4:3|5:0|5:1|5:2|5:3|5:4|6:0|6:1|6:2|6:3|6:4|7:0|7:1|7:2|7:3|7:4|7:5|7:6|7:7|8:0|8:1|8:2|8:3|8:4|8:5|8:6|8:7|9:1|9:2|9:4|9:5|9:6|9:7,894
96,1824,0.9058558558558558,4.0,4.0,0.0,4.0,194,victory,1,0,,0,70,59,0:0|0:1|0:2|0:3|0:4|0:5|0:6|0:7|1:1|1:3|1:4|1:5|1:6|2:3|2:4|2:5|3:2|3:3|3:5|3:6|3:7|4:0|4:1|4:2|4:3|4:4|4:5|4:6|5:0|5:1|5:2|5:3|5:5|6:0|6:1|6:2|6:3|6:4|6:5|7:0|7:1|7:2|7:3|7:4|7:5|7:6|7:7|7:8|8:0|8:1|8:2|8:3|8:5|8:6|8:8|9:0|9:1|9:2|9:3,895
97,1825,0.9048648648648648,2.0,2.0,0.0,2.0,200,truncated,0,0,,1,74,69,0:0|0:1|0:2|0:3|0:6|0:7|0:8|0:9|1:0|1:3|1:4|1:5|1:6|1:7|1:8|1:9|2:0|2:1|2:3|2:4|2:5|2:6|2:8|2:9|3:0|3:2|3:3|3:4|3:5|3:9|4:0|4:1|4:2|4:6|5:0|5:1|5:2|5:3|5:4|5:5|5:6|6:0|6:1|6:2|6:5|6:6|7:2|7:3|7:4|7:6|7:7|7:8|7:9|8:0|8:1|8:2|8:3|8:4|8:5|8:6|8:7|8:8|9:1|9:2|9:3|9:4|9:5|9:6|9:7,895
98,1826,0.9038738738738739,2.0,2.0,0.0,2.0,200,truncated,0,0,,1,82,53,0:0|0:1|0:2|0:3|0:4|1:3|1:4|1:5|2:0|2:3|2:4|2:5|2:6|3:0|3:1|3:2|3:3|3:4|3:5|3:6|4:0|4:1|4:2|4:3|4:4|4:5|4:6|5:0|5:1|5:2|5:3|5:4|5:5|5:6|6:0|6:1|6:2|6:3|6:4|6:5|6:6|7:0|7:1|7:2|7:3|7:4|7:5|7:6|8:4|8:5|8:6|9:5|9:6,895
99,1827,0.9028828828828829,1.0,1.0,0.0,1.0,200,truncated,0,0,,1,60,46,0:0|0:1|0:2|0:3|0:4|0:7|0:8|1:0|1:1|1:3|1:4|1:5|1:6|1:7|1:8|1:9|2:0|2:1|2:3|2:4|2:5|2:6|2:7|2:8|2:9|3:1|3:2|3:3|3:4|3:5|3:6|4:1|4:2|4:3|4:4|4:5|4:6|4:7|5:1|5:2|5:3|5:4|5:5|5:6|6:1|6:4,895
100,1828,0.9018918918918919,2.0,2.0,0.0,2.0,200,truncated,0,0,,1,73,53,0:0|0:1|0:2|0:3|0:4|0:5|0:6|0:7|1:0|1:3|1:4|1:6|1:7|2:3|2:4|2:5|2:6|2:7|3:3|3:4|3:5|3:6|3:7|4:3|4:4|4:5|4:6|4:7|5:0|5:1|5:2|5:3|5:4|5:5|5:6|6:0|6:1|6:2|6:3|6:4|6:5|6:6|7:0|7:1|7:2|7:3|7:4|7:5|7:6|8:0|8:1|9:0|9:1,895
101,1829,0.9009009009009009,1.0,1.0,0.0,1.0,200,truncated,0,0,,1,59,50,0:0|0:1|0:2|0:3|0:5|0:6|0:7|0:8|0:9|1:0|1:1|1:3|1:4|1:5|1:6|1:7|1:8|1:9|2:0|2:1|2:3|2:4|2:5|2:6|2:7|2:8|2:9|3:0|3:1|3:2|3:3|3:4|3:5|3:6|3:7|3:8|3:9|4:2|4:3|4:4|4:5|4:6|4:7|4:9|5:2|5:3|5:4|5:5|5:6|6:3,895
102,1830,0.8999099099099099,4.0,4.0,0.0,4.0,169,victory,1,0,,0,58,46,0:0|0:1|0:2|0:3|0:4|1:0|1:1|1:3|1:4|2:0|2:1|2:3|2:4|3:0|3:1|3:2|3:3|3:4|3:5|3:6|4:0|4:1|4:2|4:3|4:4|4:5|4:6|5:0|5:1|5:2|5:3|5:4|5:5|5:6|6:0|6:1|6:2|6:3|6:4|6:5|6:6|7:6|7:7|8:6|8:7|8:8,895
103,1831,0.898918918918919,2.0,2.0,0.0,2.0,200,truncated,0,0,,1,81,66,0:0|0:1|0:2|0:3|0:4|0:5|0:6|0:7|1:0|1:1|1:3|1:4|1:5|1:6|1:7|2:3|2:4|2:5|2:6|2:7|3:3|3:4|3:5|3:6|3:7|3:8|3:9|4:2|4:3|4:4|4:5|4:6|4:9|5:2|5:4|5:5|5:6|6:2|6:3|6:4|6:5|6:6|6:8|6:9|7:2|7:3|7:5|7:6|7:7|7:8|7:9|8:2|8:3|8:4|8:5|8:6|8:7|8:8|8:9|9:3|9:4|9:5|9:6|9:7|9:8|9:9,895
104,1832,0.897927927927928,3.0,3.0,0.0,3.0,200,truncated,0,0,,1,69,62,0:0|0:1|0:2|0:3|0:4|0:5|0:6|0:7|1:0|1:1|1:5|1:6|1:7|1:8|1:9|2:1|2:5|2:6|2:7|2:8|2:9|3:0|3:1|3:3|3:4|3:8|3:9|4:0|4:1|4:2|4:3|4:4|4:5|4:6|4:7|4:8|4:9|5:0|5:1|5:2|5:6|5:8|5:9|6:0|6:1|6:2|6:6|6:8|6:9|7:0|7:6|7:7|7:8|7:9|8:5|8:6|8:7|8:8|8:9|9:5|9:6|9:7,898
105,1833,0.8969369369369369,2.0,2.0,0.0,2.0,200,truncated,0,0,,1,57,48,0:0|0:1|0:2|0:3|0:4|0:5|0:6|0:7|1:0|1:1|1:3|1:4|1:5|1:6|1:7|2:0|2:1|2:3|2:4|2:5|2:7|3:0|3:1|3:2|3:3|3:4|3:5|3:6|3:7|4:0|4:1|4:3|5:0|5:1|5:3|6:0|6:1|6:2|6:3|7:0|7:1|7:2|8:0|8:1|8:2|9:0|9:1|9:2,898
106,1834,0.8959459459459459,1.0,1.0,0.0,1.0,200,truncated,0,0,,1,53,34,0:0|0:1|0:2|0:3|0:4|0:5|0:6|0:7|0:8|0:9|1:3|1:4|1:5|1:6|1:7|1:8|1:9|2:3|2:4|2:5|2:6|2:7|2:8|3:3|3:4|3:5|3:6|3:7|4:5|4:6|4:7|4:8|5:6|5:8,899
107,1835,0.8949549549549549,2.0,2.0,0.0,2.0,200,truncated,0,0,,1,88,62,0:0|0:1|0:2|0:3|0:4|0:5|0:6|0:7|0:8|0:9|1:0|1:1|1:3|1:4|1:5|1:6|1:7|1:9|2:0|2:1|2:3|2:4|2:5|2:6|2:7|2:8|2:9|3:0|3:1|3:2|3:3|3:5|3:6|3:7|3:8|3:9|4:1|4:2|4:5|4:6|4:7|5:0|5:1|5:2|5:5|5:6|6:0|6:1|6:2|6:3|6:4|6:5|6:6|7:0|7:1|7:2|7:3|7:4|7:5|8:1|8:2|9:2,899
108,1836,0.8939639639639639,2.0,2.0,0.0,2.0,200,truncated,0,0,,1,61,36,0:0|0:1|1:0|1:1|2:0|2:1|2:3|2:4|2:5|3:0|3:1|3:2|3:3|3:4|3:5|3:6|4:0|4:1|4:2|4:3|4:4|4:5|4:6|5:0|5:1|5:2|5:3|5:4|5:5|6:0|6:1|6:2|6:3|6:4|7:0|7:1,899
109,1837,0.892972972972973,3.0,3.0,0.0,3.0,200,truncated,0,0,,1,74,57,0:0|0:1|0:2|0:3|0:4|0:5|0:6|1:0|1:1|1:3|1:4|1:5|1:6|2:0|2:1|2:3|2:4|2:5|2:6|2:7|3:0|3:1|3:3|3:4|3:5|3:6|3:7|3:8|4:0|4:1|4:3|4:4|4:5|4:6|4:7|4:8|4:9|5:0|5:1|5:4|5:5|5:6|5:8|5:9|6:4|6:5|6:6|6:8|7:4|7:5|7:6|7:8|8:6|8:7|8:8|9:6|9:8,910
110,1838,0.891981981981982,3.0,3.0,0.0,3.0,200,truncated,0,0,,1,58,50,0:0|1:0|1:1|1:5|2:0|2:1|2:5|3:0|3:1|3:2|3:5|3:6|3:7|4:0|4:1|4:2|4:3|4:4|4:5|4:6|4:7|4:8|4:9|5:2|5:3|5:4|5:8|5:9|6:1|6:2|6:3|6:8|6:9|7:1|7:2|7:5|7:6|7:7|7:8|7:9|8:5|8:6|8:7|8:8|8:9|9:5|9:6|9:7|9:8|9:9,911
111,1839,0.890990990990991,2.0,2.0,0.0,2.0,200,truncated,0,0,,1,58,45,0:0|0:1|0:2|0:3|0:4|0:5|0:6|1:0|1:1|1:3|1:4|1:5|1:6|1:7|2:0|2:1|2:3|2:4|2:5|2:6|2:7|3:0|3:1|3:2|3:3|3:4|3:5|3:6|3:7|4:0|4:1|4:2|4:3|4:5|4:6|4:7|5:0|5:1|6:0|6:1|6:2|7:0|7:1|7:2|8:1,911
112,1840,0.89,1.0,1.0,0.0,1.0,200,truncated,0,0,,1,56,44,0:0|0:1|1:0|1:1|2:0|2:1|3:0|3:1|3:2|3:3|4:0|4:1|4:2|4:3|5:0|5:1|5:2|6:0|6:1|6:2|6:4|6:5|6:6|7:0|7:1|7:2|7:3|7:4|7:5|7:6|7:7|8:1|8:2|8:3|8:4|8:5|8:6|8:7|9:1|9:2|9:3|9:4|9:5|9:6,911
113,1841,0.889009009009009,3.0,3.0,0.0,3.0,200,truncated,0,0,,1,54,48,0:0|0:1|0:2|0:3|1:0|1:1|1:3|1:4|2:3|2:4|3:0|3:1|3:2|3:3|3:4|3:5|4:0|4:1|4:2|4:3|4:4|4:5|5:0|5:1|5:2|5:3|5:4|5:5|5:6|5:9|6:4|6:5|6:6|6:8|6:9|7:4|7:5|7:6|7:7|7:8|7:9|8:5|8:7|8:8|8:9|9:7|9:8|9:9,911
114,1842,0.888018018018018,2.0,2.0,0.0,2.0,200,truncated,0,0,,1,69,56,0:0|0:1|0:3|0:4|0:6|0:7|1:0|1:1|1:3|1:4|1:5|1:6|1:7|1:8|2:0|2:3|2:4|2:5|2:6|2:7|2:8|3:0|3:1|3:2|3:3|3:4|3:5|3:6|3:7|3:8|3:9|4:2|4:3|4:4|4:5|4:6|4:7|4:8|4:9|5:0|5:1|5:2|5:3|5:4|5:5|5:6|5:8|5:9|6:0|6:1|6:2|6:3|6:4|6:6|6:8|6:9,911
115,1843,0.8870270270270271,2.0,2.0,0.0,2.0,200,truncated,0,0,,1,82,65,0:0|0:1|0:4|0:5|0:6|0:7|1:0|1:1|1:4|1:5|1:6|1:7|2:0|2:1|2:3|2:4|2:5|2:6|2:7|3:0|3:1|3:2|3:3|3:6|4:0|4:1|4:2|4:5|4:6|4:7|4:8|5:0|5:1|5:2|5:3|5:4|5:5|5:6|5:8|6:0|6:1|6:2|6:3|6:4|6:5|6:6|6:8|7:0|7:1|7:2|7:3|7:4|7:5|7:6|7:7|7:8|8:3|8:4|8:5|8:6|8:7|9:3|9:4|9:6|9:7,911
116,1844,0.886036036036036,4.0,4.0,0.0,4.0,179,victory,1,0,,0,67,57,0:0|0:1|0:2|0:3|0:4|0:5|0:6|0:7|0:8|0:9|1:0|1:1|1:3|1:4|1:5|1:6|1:7|1:8|1:9|2:0|2:1|2:3|2:4|2:5|2:7|2:8|2:9|3:1|3:2|3:3|3:4|3:7|3:8|3:9|4:1|4:2|4:3|4:4|4:7|4:8|4:9|5:0|5:1|5:2|5:3|5:4|5:8|5:9|6:1|6:2|6:3|6:9|7:9|8:8|8:9|9:8|9:9,912
117,1845,0.885045045045045,2.0,2.0,0.0,2.0,200,truncated,0,0,,1,73,61,0:0|0:1|0:2|0:3|0:4|0:5|0:6|0:7|0:8|1:0|1:1|1:3|1:4|1:5|1:6|1:7|1:8|1:9|2:0|2:1|2:3|2:4|2:5|2:6|2:7|2:9|3:0|3:1|3:4|3:5|3:6|3:9|4:0|4:1|4:2|4:3|4:4|4:5|4:6|4:7|4:8|4:9|5:1|5:2|5:3|5:4|5:5|5:6|5:9|6:1|6:2|6:3|6:4|6:5|6:6|7:1|7:2|7:3|7:4|7:5|7:6,912
118,1846,0.884054054054054,2.0,2.0,0.0,2.0,200,truncated,0,0,,1,52,48,0:0|0:1|0:2|0:3|0:4|0:5|1:0|1:1|1:3|1:4|1:5|1:6|2:0|2:1|2:3|2:4|3:0|3:1|3:2|3:3|3:4|3:5|3:6|4:0|4:1|4:2|4:3|4:4|4:5|4:6|4:7|5:0|5:1|5:2|5:3|5:4|5:5|5:6|6:0|6:1|6:2|6:3|7:0|7:1|7:2|8:0|8:1|9:0,912
119,1847,0.883063063063063,4.0,4.0,0.0,4.0,171,victory,1,0,,0,75,56,0:0|0:1|0:2|0:3|0:4|0:5|0:6|0:7|0:8|1:0|1:1|1:3|1:4|1:5|1:6|1:8|2:0|2:1|2:3|2:4|2:5|2:6|2:7|2:8|3:1|3:2|3:3|3:4|3:5|3:6|3:8|3:9|4:3|4:4|5:3|5:4|5:5|5:6|6:2|6:3|6:4|6:5|6:6|7:2|7:3|7:4|7:5|7:6|8:3|8:4|8:5|8:6|8:7|8:8|9:5|9:7,912
120,1848,0.882072072072072,3.0,3.0,0.0,3.0,200,truncated,0,0,,1,70,49,0:0|0:1|0:2|0:3|0:4|0:7|0:8|1:0|1:1|1:3|1:4|1:5|1:6|1:7|1:8|2:0|2:3|2:4|2:5|2:8|3:3|3:4|3:5|3:6|4:3|4:4|4:5|4:6|4:7|5:4|5:5|5:6|6:4|6:5|6:6|6:8|7:5|7:6|7:7|7:8|8:5|8:6|8:7|8:8|8:9|9:5|9:6|9:7|9:8,914
121,1849,0.8810810810810811,2.0,2.0,0.0,2.0,200,truncated,0,0,,1,74,58,0:0|0:1|0:2|0:3|0:4|0:5|1:0|1:1|1:3|2:0|2:1|2:3|2:4|2:5|2:6|3:0|3:1|3:2|3:3|3:4|3:5|4:0|4:1|4:2|4:3|4:4|4:5|5:0|5:1|5:2|5:3|5:4|5:5|6:0|6:1|6:2|6:3|6:4|6:5|6:6|7:0|7:1|7:2|7:3|7:4|7:5|7:6|8:1|8:2|8:3|8:4|8:5|8:6|9:2|9:3|9:4|9:5|9:6,914
122,1850,0.8800900900900901,2.0,2.0,0.0,2.0,200,truncated,0,0,,1,67,52,0:0|0:1|0:2|0:3|0:4|0:5|0:6|0:7|0:8|1:0|1:1|1:3|1:4|1:5|1:6|1:7|1:8|1:9|2:0|2:1|2:3|2:4|2:5|2:6|2:7|2:8|2:9|3:0|3:1|3:2|3:3|3:4|3:5|3:6|3:9|4:0|4:1|4:2|4:3|4:4|4:6|4:7|4:8|4:9|5:0|5:1|5:2|5:8|5:9|6:0|6:1|6:2,914
123,1851,0.8790990990990991,4.0,4.0,0.0,4.0,182,victory,1,0,,0,70,62,0:0|0:1|0:2|0:3|0:4|0:5|0:6|1:0|1:1|1:4|2:0|2:3|2:4|3:0|3:1|3:3|3:4|3:5|4:0|4:1|4:2|4:3|4:4|4:5|5:0|5:1|5:2|5:3|5:4|5:5|5:6|6:2|6:3|6:4|6:5|6:6|7:0|7:1|7:2|7:3|7:4|7:5|7:6|7:7|7:8|7:9|8:0|8:1|8:2|8:3|8:4|8:5|8:6|8:7|8:8|8:9|9:0|9:1|9:2|9:3|9:4|9:5,914
124,1852,0.8781081081081081,3.0,3.0,0.0,3.0,200,truncated,0,0,,1,77,67,0:0|0:1|0:2|0:4|0:5|0:6|1:0|1:1|1:4|1:5|1:6|1:7|1:8|1:9|2:1|2:3|2:4|2:5|2:6|2:7|2:8|2:9|3:0|3:1|3:2|3:3|3:4|3:5|3:6|3:7|3:8|3:9|4:0|4:1|4:3|4:4|4:5|4:6|4:7|4:8|4:9|5:0|5:1|5:3|5:4|5:5|5:6|5:8|5:9|6:0|6:1|6:8|6:9|7:0|7:1|7:7|7:8|7:9|8:5|8:6|8:7|8:8|8:9|9:5|9:6|9:8|9:9,914
125,1853,0.8771171171171172,2.0,2.0,0.0,2.0,200,truncated,0,0,,1,59,43,0:0|0:1|0:2|0:3|0:4|0:5|1:0|1:1|1:3|1:4|2:0|2:1|2:3|2:4|3:0|3:1|3:2|3:3|4:0|4:1|4:2|4:3|4:4|4:5|4:6|5:0|5:1|5:2|5:3|5:4|5:5|5:6|6:0|6:1|6:2|6:3|6:4|6:5|6:6|7:0|7:2|7:3|7:4,914
126,1854,0.8761261261261262,4.0,4.0,0.0,4.0,156,victory,1,0,,0,65,56,0:0|0:1|0:2|0:3|0:4|0:5|0:6|0:7|0:8|1:0|1:1|1:3|1:4|1:5|1:6|1:7|1:8|2:3|2:4|2:5|2:6|2:7|2:8|3:2|3:3|3:4|3:5|3:6|3:7|4:1|4:2|4:3|4:4|4:5|4:6|5:1|5:2|5:3|5:4|5:5|5:6|6:2|6:3|6:4|6:5|7:4|8:4|8:5|8:6|8:8|9:3|9:4|9:5|9:6|9:7|9:8,914
127,1855,0.8751351351351352,2.0,2.0,0.0,2.0,200,truncated,0,0,,1,77,44,0:0|0:1|0:2|0:3|1:0|1:3|1:4|2:3|2:4|3:0|3:1|3:2|3:3|3:4|3:5|4:0|4:1|4:2|4:3|4:4|4:5|5:0|5:1|5:2|5:3|5:4|5:5|6:0|6:1|6:2|6:3|6:4|6:5|7:0|7:1|7:2|7:3|7:4|8:0|8:1|8:2|8:3|9:0|9:1,914
128,1856,0.8741441441441442,4.0,4.0,0.0,4.0,85,victory,1,0,,0,47,38,0:0|0:1|0:2|0:3|1:3|1:4|2:3|2:4|3:0|3:1|3:2|3:3|4:0|4:1|4:2|4:3|4:4|5:0|5:1|5:2|5:3|5:4|6:1|6:2|6:3|6:4|7:3|7:4|7:5|8:3|8:4|8:5|8:6|8:7|8:8|9:4|9:5|9:6,914
129,1857,0.8731531531531531,2.0,2.0,0.0,2.0,200,truncated,0,0,,1,62,52,0:0|0:1|0:2|0:3|0:4|1:0|1:1|1:3|1:4|2:0|2:1|2:3|2:4|3:0|3:1|3:2|3:3|3:4|4:0|4:1|4:2|4:3|5:0|5:1|5:2|5:8|5:9|6:0|6:1|6:2|6:3|6:8|6:9|7:0|7:1|7:2|7:3|7:8|7:9|8:2|8:3|8:4|8:5|8:6|8:7|8:8|8:9|9:2|9:4|9:5|9:6|9:7,914
130,1858,0.8721621621621621,2.0,2.0,0.0,2.0,200,truncated,0,0,,1,53,43,0:0|0:1|0:2|0:3|0:4|0:5|1:4|1:5|2:4|2:5|3:0|3:1|3:2|3:3|3:4|3:5|4:0|4:1|4:2|4:3|5:0|5:1|5:2|5:3|5:4|6:0|6:1|6:2|6:3|6:4|7:0|7:1|7:2|7:3|7:4|8:0|8:1|8:2|8:3|9:0|9:1|9:2|9:3,914
131,1859,0.8711711711711712,2.0,2.0,0.0,2.0,200,truncated,0,0,,1,46,35,0:0|0:1|0:2|0:3|0:4|1:0|1:1|1:3|1:4|1:5|1:6|1:7|2:0|2:1|2:3|2:4|2:5|2:6|3:0|3:1|3:2|3:3|3:4|3:5|3:6|4:0|4:1|4:2|4:3|4:4|5:1|5:2|5:3|5:4|6:2,914
132,1860,0.8701801801801802,3.0,3.0,0.0,3.0,200,truncated,0,0,,1,81,55,0:0|0:1|0:2|0:3|0:4|0:5|0:6|1:0|1:1|1:3|1:4|1:5|1:6|2:1|2:3|2:4|2:5|2:6|2:7|2:8|2:9|3:1|3:2|3:3|3:4|3:5|3:6|3:7|3:8|3:9|4:0|4:1|4:2|4:3|4:4|4:5|4:6|4:7|4:8|4:9|5:6|5:8|5:9|6:6|6:8|6:9|7:7|7:8|7:9|8:7|8:8|8:9|9:7|9:8|9:9,916
133,1861,0.8691891891891892,4.0,4.0,0.0,4.0,114,victory,1,0,,0,61,54,0:0|0:1|0:3|0:4|1:1|1:3|1:4|1:5|2:1|2:3|2:4|2:5|2:6|3:0|3:1|3:2|3:3|3:4|3:5|3:6|4:1|4:2|4:3|4:4|4:5|4:6|5:2|5:4|5:5|5:6|6:2|6:3|6:4|6:5|6:6|7:1|7:2|7:3|7:4|7:5|7:6|8:1|8:2|8:3|8:4|8:5|8:6|8:7|8:8|9:2|9:3|9:4|9:5|9:6,916
134,1862,0.8681981981981982,2.0,2.0,0.0,2.0,200,truncated,0,0,,1,80,57,0:0|0:1|0:3|0:4|1:0|1:1|1:3|1:4|1:5|1:6|2:0|2:1|2:4|2:6|3:0|3:1|3:2|3:4|3:5|3:6|4:0|4:1|4:2|4:3|4:4|4:5|4:6|5:0|5:1|5:2|5:3|5:4|5:5|5:6|6:0|6:1|6:2|6:3|6:4|6:5|6:6|7:0|7:1|7:2|7:4|7:5|7:6|8:0|8:1|8:2|8:3|8:4|8:5|9:0|9:1|9:2|9:3,916
135,1863,0.8672072072072072,2.0,2.0,0.0,2.0,200,truncated,0,0,,1,56,36,0:0|0:1|0:2|0:3|0:4|1:0|1:1|1:3|1:4|1:5|1:6|1:7|2:0|2:1|2:3|2:4|2:5|2:6|2:7|3:0|3:1|3:4|3:5|4:0|4:1|4:2|4:3|4:4|4:5|5:0|5:1|5:2|5:3|6:0|6:1|6:2,916
136,1864,0.8662162162162163,0.0,0.0,0.0,0.0,200,truncated,0,0,,1,54,51,0:0|0:1|0:2|0:3|0:7|0:8|0:9|1:3|1:6|1:7|1:8|1:9|2:3|2:5|2:6|2:7|2:8|2:9|3:3|3:4|3:5|3:6|3:8|3:9|4:1|4:2|4:3|4:4|4:5|4:6|5:3|5:4|5:5|5:6|6:4|6:5|6:6|7:2|7:3|7:4|7:5|7:6|7:7|8:2|8:6|8:7|9:2|9:3|9:5|9:6|9:7,917
137,1865,0.8652252252252253,3.0,3.0,0.0,3.0,200,truncated,0,0,,1,61,52,0:0|0:1|0:2|0:3|0:4|1:1|1:3|1:4|1:6|1:7|2:4|2:6|2:7|3:4|3:6|3:7|4:4|4:6|4:7|4:8|4:9|5:4|5:5|5:6|5:8|5:9|6:4|6:5|6:6|6:8|6:9|7:3|7:4|7:5|7:6|7:7|7:8|7:9|8:3|8:4|8:5|8:6|8:7|8:8|8:9|9:3|9:4|9:5|9:6|9:7|9:8|9:9,917
138,1866,0.8642342342342342,2.0,2.0,0.0,2.0,200,truncated,0,0,,1,81,61,0:0|0:1|0:2|0:3|0:4|0:5|0:6|0:7|1:0|1:1|1:3|1:4|1:5|1:6|1:7|1:8|2:0|2:1|2:3|2:4|2:5|2:6|2:7|3:0|3:1|3:2|3:3|3:4|3:5|3:6|4:0|4:1|4:2|4:3|4:4|4:5|5:0|5:1|5:2|5:3|5:5|6:0|6:1|6:2|6:3|6:5|7:0|7:1|7:2|7:3|7:4|7:5|8:0|8:2|8:3|8:4|9:0|9:1|9:2|9:3|9:4,917
139,1867,0.8632432432432433,4.0,4.0,0.0,4.0,101,victory,1,0,,0,46,40,0:0|1:0|1:5|2:0|2:1|2:4|2:5|3:0|3:1|3:2|3:3|3:4|3:5|4:4|4:5|5:1|5:2|5:4|5:5|5:6|6:1|6:2|6:3|6:4|6:5|6:6|7:3|7:4|7:5|7:6|8:3|8:4|8:5|8:6|8:7|8:8|9:3|9:4|9:5|9:6,917
140,1868,0.8622522522522522,3.0,3.0,0.0,3.0,200,truncated,0,0,,1,54,46,0:0|0:1|0:2|0:3|0:4|1:0|1:1|1:3|1:4|1:5|2:0|2:1|2:3|2:4|2:5|2:6|3:0|3:2|3:3|3:4|4:3|4:4|4:5|5:4|5:5|6:4|6:5|6:6|6:8|6:9|7:4|7:5|7:6|7:8|7:9|8:5|8:6|8:7|8:8|8:9|9:4|9:5|9:6|9:7|9:8|9:9,917
141,1869,0.8612612612612612,4.0,4.0,0.0,4.0,121,victory,1,0,,0,49,46,0:0|0:1|0:2|0:3|0:4|1:0|1:1|1:4|1:5|2:4|2:5|3:4|3:5|4:1|4:2|4:3|4:4|4:5|4:6|5:1|5:3|5:4|5:5|5:6|6:0|6:1|6:2|6:3|6:4|6:5|6:6|7:0|7:1|7:2|7:3|7:6|8:0|8:1|8:3|8:6|8:7|8:8|9:0|9:1|9:2|9:3,917
142,1870,0.8602702702702703,4.0,4.0,0.0,4.0,189,victory,1,0,,0,73,57,0:0|0:1|0:2|0:3|0:4|0:5|1:0|1:1|1:4|1:5|1:6|2:1|2:3|2:4|2:5|2:6|3:1|3:2|3:3|3:4|3:5|4:1|4:2|4:3|4:4|4:5|4:6|4:7|4:8|4:9|5:2|5:3|5:4|5:5|5:8|5:9|6:2|6:3|6:4|6:5|6:8|7:2|7:3|7:4|7:5|7:6|7:7|7:8|8:5|8:6|8:7|8:8|8:9|9:6|9:7|9:8|9:9,917
143,1871,0.8592792792792793,4.0,4.0,0.0,4.0,171,victory,1,0,,0,69,47,0:0|0:1|0:2|0:3|1:0|1:1|1:3|1:4|2:1|2:3|2:4|2:5|3:0|3:1|3:2|3:3|3:4|3:6|4:0|4:1|4:2|4:3|4:4|4:5|4:6|5:2|5:3|5:4|5:5|5:6|6:2|6:4|6:5|6:6|7:4|7:5|7:6|8:5|8:6|8:7|8:8|8:9|9:5|9:6|9:7|9:8|9:9,917
144,1872,0.8582882882882883,4.0,4.0,0.0,4.0,140,victory,1,0,,0,56,46,0:0|0:1|0:2|0:3|0:4|1:0|1:1|1:3|1:4|1:5|1:6|2:4|2:5|3:0|3:1|3:2|3:3|3:4|3:5|4:1|4:2|4:3|4:4|4:5|5:1|5:2|5:3|5:4|5:5|5:6|6:1|6:2|6:3|6:4|6:5|6:6|7:3|7:4|7:5|7:6|8:2|8:3|8:4|8:6|8:7|8:8,917
145,1873,0.8572972972972973,2.0,2.0,0.0,2.0,200,truncated,0,0,,1,76,56,0:0|0:1|0:2|0:3|0:4|0:5|0:6|1:3|1:4|1:5|1:6|2:3|2:4|2:5|2:6|3:4|3:5|3:6|3:7|4:4|4:5|4:6|4:7|5:1|5:2|5:3|5:4|5:5|5:6|6:1|6:2|6:3|6:4|6:5|6:6|7:0|7:1|7:2|7:3|7:4|7:5|7:6|7:7|8:0|8:1|8:3|8:4|8:5|8:6|8:7|9:0|9:1|9:4|9:5|9:6|9:7,917
146,1874,0.8563063063063063,2.0,2.0,0.0,2.0,200,truncated,0,0,,1,63,53,0:0|0:1|0:2|0:3|0:4|0:5|1:0|1:1|1:3|1:4|1:5|1:6|2:0|2:1|2:3|2:4|3:1|3:2|3:3|4:0|4:1|4:2|5:0|5:1|5:2|5:5|5:6|6:0|6:1|6:2|6:3|6:4|6:6|7:0|7:2|7:3|7:4|7:6|7:7|7:8|8:2|8:3|8:4|8:5|8:6|8:7|8:8|9:3|9:4|9:5|9:6|9:7|9:8,917
147,1875,0.8553153153153152,3.0,3.0,0.0,3.0,200,truncated,0,0,,1,91,59,0:0|0:1|0:2|0:3|0:4|0:5|0:7|0:8|0:9|1:0|1:1|1:3|1:4|1:5|1:6|1:7|1:8|1:9|2:0|2:1|2:3|2:4|2:5|2:6|2:7|2:8|2:9|3:0|3:1|3:3|3:4|3:5|3:6|3:7|3:8|3:9|4:0|4:1|4:2|4:3|4:4|4:5|4:6|4:7|4:8|4:9|5:5|5:6|5:8|6:5|6:8|7:5|7:6|7:7|7:8|8:6|8:7|8:8|9:7,918
148,1876,0.8543243243243244,4.0,4.0,0.0,4.0,137,victory,1,0,,0,59,45,0:0|0:1|0:2|0:3|1:3|2:3|2:4|3:3|3:4|3:5|4:3|4:4|4:5|4:6|5:2|5:3|5:4|5:5|5:6|6:0|6:1|6:2|6:3|6:4|6:5|6:6|7:0|7:1|7:2|7:3|7:4|7:5|7:6|7:7|8:1|8:2|8:3|8:4|8:5|8:6|8:7|8:8|9:1|9:3|9:4,918
149,1877,0.8533333333333333,4.0,4.0,0.0,4.0,126,victory,1,0,,0,49,45,0:0|0:1|0:2|0:3|0:4|1:3|1:4|1:5|2:3|2:4|2:5|3:3|3:4|3:5|4:2|4:3|4:4|4:5|5:2|5:3|5:4|5:5|5:6|6:2|6:3|6:5|6:6|7:0|7:1|7:2|7:3|7:4|7:5|7:6|7:7|7:8|8:2|8:4|8:5|8:6|8:7|8:8|9:5|9:6|9:7,918
150,1878,0.8523423423423424,2.0,2.0,0.0,2.0,200,truncated,0,0,,1,72,60,0:0|0:1|0:2|0:3|0:4|0:6|0:7|0:8|1:0|1:1|1:3|1:4|1:5|1:6|1:7|1:8|1:9|2:0|2:1|2:3|2:4|2:5|2:6|2:8|2:9|3:1|3:2|3:3|3:4|3:6|3:7|3:8|3:9|4:0|4:1|4:2|4:3|4:4|4:7|4:8|5:0|5:1|5:2|5:3|5:4|5:8|5:9|6:0|6:1|6:2|6:3|6:4|6:8|7:3|7:4|7:5|8:3|8:4|9:3|9:4,918
151,1879,0.8513513513513513,4.0,4.0,0.0,4.0,158,victory,1,0,,0,70,54,0:0|0:1|0:2|0:3|0:4|0:5|1:0|1:1|1:4|1:5|2:0|2:1|2:3|2:4|2:5|3:1|3:2|3:3|3:4|3:5|3:6|4:0|4:1|4:2|4:3|4:4|4:5|4:6|5:1|5:2|5:3|5:4|5:5|5:6|6:1|6:2|6:3|6:4|6:5|7:0|7:1|7:2|7:3|7:4|7:5|7:6|8:0|8:1|8:3|8:4|8:5|8:6|8:7|8:8,918
152,1880,0.8503603603603603,2.0,2.0,0.0,2.0,200,truncated,0,0,,1,73,47,0:0|0:1|1:0|2:0|2:3|2:4|2:5|2:6|3:0|3:1|3:2|3:3|3:4|3:5|4:0|4:1|4:2|4:3|4:4|4:5|5:0|5:1|5:2|5:3|5:4|5:5|5:6|6:0|6:1|6:2|6:3|6:4|6:5|6:6|7:0|7:1|7:2|7:3|7:4|7:5|7:6|8:1|8:2|8:3|8:4|9:1|9:2,918
153,1881,0.8493693693693694,4.0,4.0,0.0,4.0,131,victory,1,0,,0,58,46,0:0|0:1|1:0|1:1|2:0|2:1|2:3|2:4|2:5|3:1|3:2|3:3|3:4|3:5|3:6|4:1|4:2|4:3|4:4|4:5|4:6|5:0|5:1|5:2|5:3|5:4|5:5|6:0|6:1|6:2|6:3|6:4|6:5|7:0|7:2|7:3|7:4|7:5|8:0|8:2|8:5|8:6|8:7|8:8|9:6|9:7,918
154,1882,0.8483783783783784,2.0,2.0,0.0,2.0,200,truncated,0,0,,1,73,57,0:0|0:1|0:2|0:3|0:4|0:5|1:1|1:3|1:4|1:5|2:3|2:4|3:3|3:4|3:8|3:9|4:3|4:7|4:8|4:9|5:3|5:4|5:8|5:9|6:2|6:3|6:4|6:5|6:6|6:8|6:9|7:1|7:2|7:3|7:4|7:5|7:6|7:7|7:8|7:9|8:0|8:1|8:2|8:3|8:5|8:6|8:7|8:8|8:9|9:0|9:1|9:2|9:5|9:6|9:7|9:8|9:9,918
155,1883,0.8473873873873874,2.0,2.0,0.0,2.0,200,truncated,0,0,,1,79,51,0:0|0:1|0:2|0:3|0:4|1:3|1:4|2:3|2:4|2:5|2:6|2:7|2:8|2:9|3:2|3:3|3:4|3:5|3:6|3:7|3:8|3:9|4:3|4:4|4:5|4:6|4:7|4:8|4:9|5:3|5:4|5:5|5:6|5:8|5:9|6:2|6:3|6:4|6:5|6:6|7:1|7:2|7:3|7:4|7:5|8:1|8:2|8:3|9:1|9:2|9:3,918
156,1884,0.8463963963963964,3.0,3.0,0.0,3.0,200,truncated,0,0,,1,79,58,0:0|0:1|0:2|0:3|0:6|0:7|1:0|1:1|1:3|1:4|1:6|1:7|1:8|1:9|2:1|2:3|2:4|2:5|2:6|2:7|2:8|2:9|3:1|3:2|3:3|3:4|3:5|3:6|3:7|3:8|3:9|4:3|4:4|4:5|4:6|4:7|4:8|4:9|5:4|5:6|5:8|5:9|6:3|6:4|6:5|6:6|6:8|6:9|7:5|7:6|7:8|7:9|8:6|8:7|8:8|8:9|9:7|9:9,922
157,1885,0.8454054054054054,3.0,3.0,0.0,3.0,200,truncated,0,0,,1,65,60,0:0|0:1|0:2|0:3|0:4|0:5|0:6|0:7|0:8|0:9|1:3|1:4|1:5|1:6|1:7|1:8|1:9|2:4|2:5|2:6|2:7|2:8|2:9|3:4|3:7|3:8|3:9|4:4|4:5|4:6|4:7|4:8|4:9|5:4|5:5|5:6|5:8|5:9|6:4|6:5|6:6|6:8|6:9|7:5|7:6|7:7|7:8|7:9|8:3|8:4|8:5|8:6|8:7|8:8|8:9|9:3|9:4|9:5|9:6|9:7,922
158,1886,0.8444144144144143,2.0,2.0,0.0,2.0,200,truncated,0,0,,1,58,43,0:0|0:1|0:2|0:3|0:4|1:0|1:4|2:4|2:5|3:4|3:5|4:2|4:3|4:4|4:5|4:6|5:1|5:2|5:3|5:4|5:5|5:6|6:1|6:2|6:3|6:4|6:5|6:6|7:2|7:3|7:4|7:5|7:6|8:2|8:3|8:4|8:5|8:6|8:7|9:3|9:4|9:5|9:6,922
159,1887,0.8434234234234235,4.0,4.0,0.0,4.0,178,victory,1,0,,0,72,55,0:0|0:1|0:2|0:3|0:4|0:6|0:7|1:1|1:3|1:4|1:5|1:6|1:7|1:8|2:0|2:1|2:3|2:4|2:5|2:6|2:8|3:0|3:1|3:2|3:3|3:4|3:5|3:6|3:8|3:9|4:0|4:1|4:2|4:3|4:4|4:5|4:6|4:7|4:8|5:1|5:2|5:3|5:4|5:5|5:6|5:8|5:9|6:2|6:3|6:8|6:9|7:8|7:9|8:8|8:9,922
160,1888,0.8424324324324324,4.0,4.0,0.0,4.0,186,victory,1,0,,0,84,58,0:0|0:1|0:2|0:3|0:4|0:5|0:6|1:1|1:3|1:4|1:5|1:6|2:1|2:3|2:4|3:1|3:2|3:3|4:0|4:1|4:2|4:3|4:4|5:0|5:1|5:2|5:3|5:4|5:5|5:6|6:0|6:1|6:2|6:3|6:4|6:5|6:6|7:0|7:1|7:2|7:3|7:4|7:5|7:6|7:7|8:0|8:1|8:2|8:3|8:5|8:6|8:7|8:8|9:0|9:1|9:2|9:3|9:5,922
161,1889,0.8414414414414415,2.0,2.0,0.0,2.0,200,truncated,0,0,,1,59,49,0:0|0:1|0:2|0:3|0:4|1:0|1:3|1:4|2:4|2:5|3:3|3:4|4:3|4:4|5:1|5:2|5:3|5:4|5:5|6:0|6:1|6:2|6:3|6:4|6:5|6:6|7:0|7:1|7:2|7:3|7:4|7:5|7:6|8:0|8:1|8:2|8:3|8:4|8:5|8:6|8:7|9:0|9:1|9:2|9:3|9:4|9:5|9:6|9:7,922
162,1890,0.8404504504504504,4.0,4.0,0.0,4.0,63,victory,1,0,,0,34,33,0:0|0:1|0:2|0:3|0:4|1:4|1:5|1:6|2:4|2:5|2:6|3:4|4:3|4:4|4:5|5:2|5:3|5:4|5:5|6:2|6:3|6:4|7:3|7:4|7:5|8:3|8:5|8:6|8:7|8:8|9:3|9:4|9:5,922
163,1891,0.8394594594594594,2.0,2.0,0.0,2.0,200,truncated,0,0,,1,65,51,0:0|0:1|0:2|0:3|1:0|1:1|1:3|1:6|2:3|2:4|2:5|2:6|2:7|3:3|3:4|3:5|3:6|3:7|4:2|4:3|4:4|4:5|4:6|4:7|5:2|5:3|5:4|5:5|5:6|6:1|6:2|6:3|6:4|6:5|6:6|7:2|7:3|7:4|7:5|7:6|7:7|8:2|8:3|8:4|8:5|8:6|9:1|9:2|9:3|9:4|9:5,922
164,1892,0.8384684684684685,4.0,4.0,0.0,4.0,189,victory,1,0,,0,63,47,0:0|0:1|0:2|0:3|0:4|1:1|1:3|1:4|1:5|1:6|2:3|2:4|2:5|2:6|3:4|3:5|3:6|4:4|4:5|4:6|5:3|5:4|5:5|5:6|6:2|6:3|6:4|6:5|6:6|7:2|7:3|7:4|7:5|7:6|7:7|8:4|8:5|8:6|8:7|8:8|8:9|9:4|9:5|9:6|9:7|9:8|9:9,923
165,1893,0.8374774774774775,4.0,4.0,0.0,4.0,156,victory,1,0,,0,69,52,0:0|0:1|0:2|0:3|0:4|0:5|1:0|1:4|1:5|2:3|2:4|2:5|3:1|3:2|3:3|3:4|4:0|4:1|4:2|4:3|4:4|4:5|5:0|5:1|5:2|5:3|5:4|5:5|5:6|6:0|6:1|6:2|6:3|7:2|7:3|7:4|7:7|8:1|8:2|8:3|8:4|8:5|8:6|8:7|8:8|9:0|9:1|9:2|9:3|9:4|9:6|9:7,923
166,1894,0.8364864864864865,4.0,4.0,0.0,4.0,159,victory,1,0,,0,52,51,0:0|0:1|0:2|0:3|1:0|1:1|1:3|1:4|2:0|2:1|2:4|3:2|3:3|3:4|3:5|3:6|4:2|4:3|4:4|4:5|4:6|4:7|5:2|5:4|5:5|6:1|6:2|6:3|6:4|6:5|7:1|7:2|7:3|7:4|7:5|7:6|7:7|8:1|8:2|8:3|8:4|8:5|8:6|8:7|8:8|9:2|9:3|9:4|9:5|9:6|9:7,923
167,1895,0.8354954954954955,2.0,2.0,0.0,2.0,200,truncated,0,0,,1,68,42,0:0|0:1|0:2|0:3|0:4|0:5|0:6|0:7|1:0|1:1|1:3|1:4|1:5|1:6|2:3|2:4|2:5|2:6|3:2|3:3|3:4|3:5|3:6|3:7|4:3|4:4|4:5|4:6|5:2|5:3|5:4|5:5|5:6|6:2|6:3|6:4|6:5|6:6|7:3|7:4|7:5|8:3,923
168,1896,0.8345045045045045,4.0,4.0,0.0,4.0,158,victory,1,0,,0,60,49,0:0|0:1|0:2|0:3|0:4|1:0|1:1|1:4|2:0|2:1|2:3|2:4|3:0|3:1|3:2|3:3|3:4|3:5|3:6|4:0|4:1|4:2|4:3|4:4|4:5|5:0|5:1|5:2|5:3|5:4|5:5|6:0|6:1|6:2|7:1|7:2|8:1|8:2|8:3|8:5|8:6|8:7|8:8|9:2|9:3|9:4|9:5|9:6|9:7,923
169,1897,0.8335135135135134,4.0,4.0,0.0,4.0,92,victory,1,0,,0,48,39,0:0|1:0|1:5|2:0|2:1|2:4|2:5|3:0|3:1|3:2|3:3|3:4|3:5|4:0|4:1|4:2|4:3|4:4|4:5|4:6|5:0|5:1|5:2|5:3|5:4|5:5|5:6|6:0|6:2|6:3|6:4|6:5|6:6|7:4|7:5|7:6|7:7|8:7|8:8,923
170,1898,0.8325225225225226,4.0,4.0,0.0,4.0,127,victory,1,0,,0,56,47,0:0|1:0|1:1|1:3|1:4|1:5|2:0|2:1|2:4|3:0|3:1|3:2|3:3|3:4|3:5|3:6|4:0|4:1|4:2|4:3|4:4|4:5|4:6|5:2|5:3|5:5|6:1|6:2|6:5|7:1|7:2|7:5|7:6|8:1|8:2|8:3|8:4|8:5|8:6|8:7|8:8|9:1|9:2|9:3|9:4|9:5|9:6,923
171,1899,0.8315315315315315,4.0,4.0,0.0,4.0,124,victory,1,0,,0,47,47,0:0|0:1|0:2|0:3|0:4|0:5|0:6|1:3|1:4|1:5|1:6|2:3|2:4|2:5|2:6|3:4|4:3|4:4|5:1|5:4|6:1|6:2|6:3|6:4|6:5|6:6|7:0|7:1|7:2|7:3|7:4|7:5|7:6|7:7|7:8|8:0|8:2|8:3|8:4|8:5|8:6|8:7|8:8|9:2|9:3|9:4|9:5,923
172,1900,0.8305405405405406,2.0,2.0,0.0,2.0,200,truncated,0,0,,1,53,47,0:0|0:1|0:2|0:3|0:4|0:5|0:6|1:0|1:1|1:3|1:4|1:5|1:6|1:7|2:0|2:1|2:3|2:4|2:5|2:6|3:0|3:1|3:2|3:3|3:4|4:0|4:1|4:2|4:3|5:0|5:1|5:2|5:3|6:0|6:1|6:2|6:3|6:4|7:0|7:1|7:2|8:0|8:1|8:2|9:0|9:1|9:2,923
173,1901,0.8295495495495495,4.0,4.0,0.0,4.0,101,victory,1,0,,0,48,40,0:0|0:1|0:2|0:3|0:4|1:3|1:4|2:3|2:4|2:5|3:1|3:2|3:3|3:4|3:5|4:1|4:2|4:3|4:4|5:2|5:3|5:4|5:5|6:2|6:4|6:5|6:6|7:2|7:3|7:4|7:5|7:6|7:7|8:4|8:5|8:6|8:7|8:8|9:5|9:6,923
174,1902,0.8285585585585585,3.0,3.0,0.0,3.0,200,truncated,0,0,,1,73,51,0:0|0:1|0:2|0:3|0:4|0:5|1:0|1:1|1:4|1:5|1:6|2:0|2:1|2:4|2:5|2:6|2:7|3:0|3:4|3:5|3:6|3:7|3:9|4:4|4:5|4:6|4:7|4:8|4:9|5:4|5:5|5:6|5:8|5:9|6:5|6:6|6:8|6:9|7:4|7:5|7:6|7:7|7:8|8:5|8:6|8:7|8:8|9:5|9:6|9:7|9:8,929
175,1903,0.8275675675675676,3.0,3.0,0.0,3.0,200,truncated,0,0,,1,77,58,0:0|0:1|0:2|0:3|0:4|1:0|1:1|1:3|1:4|2:0|2:1|2:3|2:4|3:0|3:1|3:2|3:3|3:4|4:0|4:1|4:2|4:3|4:4|4:5|5:0|5:1|5:2|5:3|5:4|5:5|5:6|6:1|6:3|6:4|6:5|6:6|6:8|6:9|7:3|7:4|7:5|7:6|7:7|7:8|7:9|8:3|8:4|8:5|8:6|8:7|8:8|9:3|9:4|9:5|9:6|9:7|9:8|9:9,929
176,1904,0.8265765765765766,4.0,4.0,0.0,4.0,140,victory,1,0,,0,62,47,0:0|0:1|0:2|0:3|0:4|0:5|1:0|1:1|1:3|1:4|1:5|1:6|2:0|2:1|2:3|2:4|2:5|3:3|3:4|3:5|4:2|4:3|4:4|4:5|5:1|5:2|5:3|5:4|5:5|5:6|6:1|6:2|6:4|7:4|7:5|7:7|7:8|7:9|8:3|8:4|8:5|8:6|8:7|8:8|8:9|9:3|9:4,929
177,1905,0.8255855855855856,4.0,4.0,0.0,4.0,96,victory,1,0,,0,47,42,0:0|0:1|0:2|0:3|0:4|1:1|1:3|1:4|2:3|2:4|2:5|3:0|3:1|3:2|3:3|3:4|3:5|4:0|4:1|4:2|4:3|4:4|4:5|5:1|5:2|5:3|6:1|6:2|6:3|7:3|8:3|8:4|8:5|8:8|8:9|9:3|9:4|9:5|9:6|9:7|9:8|9:9,929
178,1906,0.8245945945945946,1.0,1.0,0.0,1.0,200,truncated,0,0,,1,42,37,0:0|0:1|0:2|0:3|0:4|0:5|0:6|0:7|0:8|0:9|1:0|1:1|1:3|1:4|1:5|1:6|1:7|1:8|1:9|2:0|2:1|2:3|2:4|2:6|2:7|2:8|2:9|3:0|3:4|3:5|3:6|3:7|4:4|4:5|5:4|5:5|5:6,929
179,1907,0.8236036036036036,2.0,2.0,0.0,2.0,200,truncated,0,0,,1,74,53,0:0|0:1|0:2|0:3|0:4|1:1|1:3|1:4|1:5|2:1|2:3|2:4|2:5|3:1|3:2|3:3|3:4|3:5|4:1|4:2|4:3|4:4|4:5|5:1|5:2|5:3|5:4|5:5|5:6|6:1|6:2|6:3|6:4|6:5|6:6|7:0|7:1|7:2|7:3|7:4|7:5|7:6|8:1|8:2|8:3|8:4|8:5|8:6|9:0|9:1|9:2|9:3|9:4,929
180,1908,0.8226126126126126,3.0,3.0,0.0,3.0,200,truncated,0,0,,1,68,57,0:0|0:1|0:2|0:3|0:6|0:7|0:8|0:9|1:0|1:3|1:4|1:5|1:6|1:7|1:8|1:9|2:0|2:3|2:4|2:5|2:6|2:7|2:8|2:9|3:0|3:2|3:3|3:4|3:5|3:6|3:8|3:9|4:2|4:3|4:4|4:5|4:6|4:8|4:9|5:3|5:4|5:5|6:4|6:5|6:6|6:8|7:4|7:5|7:6|7:7|7:8|8:6|8:7|8:8|9:5|9:6|9:7,930
181,1909,0.8216216216216217,4.0,4.0,0.0,4.0,180,victory,1,0,,0,78,64,0:0|0:1|0:2|0:3|0:4|0:5|0:6|0:7|0:8|0:9|1:3|1:4|1:5|1:6|1:7|1:8|1:9|2:3|2:4|2:5|2:6|2:7|2:8|3:3|3:4|3:6|3:7|3:8|3:9|4:4|4:5|4:6|5:0|5:1|5:2|5:3|5:4|5:5|6:0|6:1|6:2|6:3|6:4|7:0|7:1|7:2|7:6|7:7|8:0|8:1|8:2|8:3|8:4|8:5|8:6|8:7|8:8|9:0|9:2|9:3|9:4|9:5|9:6|9:7,930
182,1910,0.8206306306306306,2.0,2.0,0.0,2.0,200,truncated,0,0,,1,70,49,0:0|0:1|0:2|0:3|0:4|1:0|1:1|1:3|1:4|2:0|2:1|2:3|2:4|3:0|3:1|3:2|3:3|4:0|4:1|4:2|4:3|5:0|5:2|5:3|5:4|6:2|6:3|6:4|6:5|6:6|6:8|6:9|7:3|7:4|7:5|7:6|7:7|7:8|7:9|8:4|8:5|8:6|8:7|8:8|8:9|9:6|9:7|9:8|9:9,930
183,1911,0.8196396396396397,4.0,4.0,0.0,4.0,188,victory,1,0,,0,61,46,0:0|0:1|0:2|0:3|1:0|1:1|1:3|1:4|2:3|2:4|3:2|3:3|3:4|3:5|3:6|3:7|4:2|4:3|4:4|4:5|4:6|4:7|4:8|5:2|5:3|5:4|5:5|5:6|6:2|6:3|6:4|6:5|7:3|7:4|7:5|8:2|8:3|8:4|8:5|8:6|8:7|8:8|9:3|9:4|9:5|9:7,930
184,1912,0.8186486486486486,4.0,4.0,0.0,4.0,118,victory,1,0,,0,60,58,0:0|0:1|0:7|0:8|0:9|1:0|1:5|1:6|1:7|1:8|1:9|2:0|2:1|2:4|2:5|2:6|2:9|3:0|3:1|3:4|3:5|3:6|3:7|3:8|3:9|4:0|4:1|4:2|4:3|4:4|4:5|4:6|4:7|5:0|5:1|5:2|5:3|5:4|5:5|5:6|6:0|6:1|6:2|6:3|6:5|7:2|7:3|7:5|8:1|8:2|8:5|8:6|8:7|8:8|9:1|9:2|9:5|9:6,930
185,1913,0.8176576576576576,4.0,4.0,0.0,4.0,124,victory,1,0,,0,60,42,0:0|0:1|0:2|0:3|0:4|1:4|1:5|1:6|2:3|2:4|2:5|2:6|2:7|3:3|3:4|3:5|3:6|3:7|4:2|4:3|4:4|4:5|4:6|5:2|5:3|5:4|5:5|6:2|6:3|6:4|6:5|7:4|7:5|7:6|7:7|8:4|8:5|8:6|8:7|8:8|9:6|9:7,930
186,1914,0.8166666666666667,3.0,3.0,0.0,3.0,200,truncated,0,0,,1,74,60,0:0|0:1|0:2|0:3|0:4|0:5|0:6|0:7|1:1|1:3|1:4|1:5|1:6|2:1|2:3|2:4|2:5|2:6|3:0|3:1|3:2|3:3|3:4|3:5|3:6|3:7|4:0|4:3|4:4|4:5|4:6|4:7|4:8|5:3|5:4|5:5|5:6|5:8|5:9|6:3|6:4|6:5|6:6|6:8|6:9|7:4|7:5|7:6|7:7|7:8|7:9|8:4|8:5|8:7|8:8|8:9|9:4|9:7|9:8|9:9,930
187,1915,0.8156756756756757,4.0,4.0,0.0,4.0,118,victory,1,0,,0,51,50,0:0|0:1|0:2|0:3|0:4|0:5|1:0|1:1|1:4|1:5|2:1|2:4|2:5|3:4|3:5|4:2|4:3|4:4|4:5|4:6|5:2|5:5|5:6|6:0|6:1|6:2|6:4|7:0|7:1|7:2|7:3|7:4|7:5|7:6|8:0|8:1|8:2|8:3|8:4|8:5|8:6|8:7|8:8|9:0|9:1|9:2|9:3|9:4|9:5|9:6,930
188,1916,0.8146846846846847,4.0,4.0,0.0,4.0,119,victory,1,0,,0,62,47,0:0|0:1|0:2|0:3|0:4|1:1|1:3|1:4|1:5|2:3|2:4|2:7|3:1|3:2|3:3|3:4|3:5|3:6|3:7|3:8|4:0|4:1|4:2|4:3|4:4|4:5|4:6|4:7|4:8|5:0|5:1|5:2|5:3|5:4|5:5|6:0|6:1|6:2|6:3|6:5|6:6|7:6|7:7|7:8|7:9|8:7|8:8,930
189,1917,0.8136936936936937,4.0,4.0,0.0,4.0,121,victory,1,0,,0,49,41,0:0|0:1|0:2|0:3|1:0|1:1|1:3|1:4|2:3|2:4|2:5|3:3|3:4|4:3|4:4|5:0|5:1|5:2|5:3|5:4|6:0|6:1|6:2|6:3|6:4|6:5|6:6|7:1|7:4|7:5|7:6|7:7|8:1|8:4|8:5|8:6|8:7|8:8|9:3|9:4|9:5,930
190,1918,0.8127027027027027,4.0,4.0,0.0,4.0,186,victory,1,0,,0,68,47,0:0|0:1|0:2|0:3|0:4|0:5|0:6|1:1|1:3|1:4|1:5|2:3|2:4|3:2|3:3|3:4|3:5|4:0|4:1|4:2|4:3|4:4|5:0|5:1|5:2|5:3|5:4|5:5|6:0|6:1|6:2|6:3|6:4|6:5|7:2|7:3|7:4|7:5|7:6|8:2|8:3|8:4|8:5|8:6|8:7|8:8|9:4,930
191,1919,0.8117117117117117,4.0,4.0,0.0,4.0,82,victory,1,0,,0,41,36,0:0|0:1|0:2|0:3|1:0|1:1|1:3|1:4|2:0|2:1|2:4|2:5|3:1|3:4|3:5|3:6|4:4|4:5|4:6|5:6|6:2|6:6|7:2|7:3|7:4|7:5|7:6|7:9|8:5|8:6|8:7|8:8|8:9|9:6|9:7|9:9,930
192,1920,0.8107207207207208,4.0,4.0,0.0,4.0,158,victory,1,0,,0,47,41,0:0|0:1|1:0|1:1|2:0|2:1|2:4|2:5|3:0|3:1|3:2|3:3|3:4|3:5|4:1|4:2|4:3|4:4|4:5|4:6|4:7|5:1|5:2|5:3|5:4|5:5|5:6|6:2|6:4|6:5|6:6|7:4|7:5|7:6|7:7|8:4|8:7|8:8|9:6|9:7|9:8,930
193,1921,0.8097297297297297,2.0,2.0,0.0,2.0,200,truncated,0,0,,1,68,57,0:0|0:1|0:2|0:3|1:0|1:1|1:3|2:0|2:1|2:3|2:4|2:5|2:6|2:7|3:0|3:1|3:3|3:4|3:5|3:6|3:7|3:8|4:2|4:3|4:4|4:5|4:6|5:0|5:1|5:2|5:3|5:4|5:5|5:6|6:0|6:1|6:2|6:3|6:4|6:5|7:0|7:2|7:3|7:4|7:5|7:7|8:0|8:3|8:4|8:5|8:6|8:7|9:3|9:4|9:5|9:6|9:7,930
194,1922,0.8087387387387388,4.0,4.0,0.0,4.0,133,victory,1,0,,0,50,45,0:0|0:1|0:2|0:3|1:0|1:1|1:3|1:4|2:1|2:3|2:4|3:1|3:2|3:3|3:4|4:1|4:2|4:4|4:5|5:2|5:4|6:2|6:3|6:4|6:5|6:6|7:1|7:2|7:3|7:4|7:5|7:6|7:7|8:1|8:2|8:3|8:4|8:5|8:6|8:7|8:8|9:4|9:5|9:6|9:7,930
195,1923,0.8077477477477477,4.0,4.0,0.0,4.0,96,victory,1,0,,0,50,39,0:0|0:1|0:2|0:3|0:4|0:5|1:1|1:3|1:4|1:5|2:3|2:4|3:1|3:2|3:3|3:4|3:5|4:1|4:2|4:3|4:4|4:5|5:1|5:2|5:3|5:4|5:5|6:2|6:3|6:4|6:5|6:6|7:5|7:6|7:7|7:8|7:9|8:7|8:8,930
196,1924,0.8067567567567567,2.0,2.0,0.0,2.0,200,truncated,0,0,,1,68,43,0:0|0:1|0:2|0:3|0:4|0:5|1:0|1:1|1:3|1:4|1:5|2:0|2:1|2:4|2:5|3:0|3:1|3:2|3:3|3:4|3:5|4:0|4:1|4:2|4:3|4:4|5:0|5:1|5:2|5:3|5:4|6:1|6:2|6:3|6:4|7:2|7:3|7:4|8:1|8:2|8:3|8:4|9:4,930
197,1925,0.8057657657657658,4.0,4.0,0.0,4.0,116,victory,1,0,,0,55,49,0:0|0:1|0:4|1:0|1:1|1:4|1:5|2:0|2:1|2:3|2:4|2:5|3:0|3:1|3:2|3:3|3:4|3:5|4:0|4:1|4:2|4:3|4:4|5:0|5:1|5:2|5:3|5:4|6:0|6:1|6:2|6:3|7:3|7:4|7:5|7:6|7:7|8:2|8:3|8:4|8:5|8:6|8:7|8:8|9:1|9:2|9:3|9:4|9:5,930
198,1926,0.8047747747747748,3.0,3.0,0.0,3.0,200,truncated,0,0,,1,79,58,0:0|0:1|0:2|0:3|0:4|1:0|1:1|1:3|1:4|1:5|1:6|2:3|2:4|2:5|2:6|3:3|3:4|3:5|3:6|3:8|3:9|4:3|4:4|4:5|4:6|4:7|4:8|4:9|5:3|5:4|5:5|5:6|5:8|5:9|6:3|6:4|6:5|6:6|6:8|6:9|7:3|7:4|7:5|7:6|7:7|7:8|7:9|8:3|8:4|8:5|8:6|8:7|8:8|8:9|9:2|9:3|9:4|9:5,930
199,1927,0.8037837837837838,2.0,2.0,0.0,2.0,200,truncated,0,0,,1,75,63,0:0|0:1|0:2|0:3|0:4|0:5|0:6|0:7|0:8|1:3|1:4|1:5|1:6|1:7|1:8|1:9|2:4|2:5|2:6|2:7|2:8|3:1|3:2|3:3|3:4|3:5|3:6|4:2|4:5|4:6|5:3|5:4|5:5|5:6|5:8|5:9|6:2|6:3|6:4|6:5|6:6|6:8|7:2|7:3|7:4|7:5|7:6|7:7|7:8|7:9|8:3|8:4|8:5|8:6|8:7|8:8|8:9|9:3|9:5|9:6|9:7|9:8|9:9,930
200,1928,0.8027927927927928,3.0,3.0,0.0,3.0,200,truncated,0,0,,1,71,50,0:0|0:3|0:4|0:5|0:6|0:7|0:8|0:9|1:0|1:3|1:4|1:6|1:7|1:8|1:9|2:0|2:1|2:3|2:4|2:6|2:7|2:8|2:9|3:1|3:2|3:3|3:4|3:5|3:6|3:7|3:8|4:3|4:4|4:5|4:6|4:7|4:8|4:9|5:3|5:4|5:6|5:8|5:9|6:6|6:8|6:9|7:8|7:9|8:8|8:9,930
201,1929,0.8018018018018018,3.0,3.0,0.0,3.0,200,truncated,0,0,,1,87,58,0:0|0:3|0:4|0:5|0:6|0:7|0:8|0:9|1:0|1:3|1:4|1:5|1:6|1:7|1:8|1:9|2:0|2:3|2:4|2:5|2:6|2:7|2:8|2:9|3:0|3:1|3:2|3:3|3:4|3:5|3:6|3:7|3:8|3:9|4:3|4:4|4:5|4:8|4:9|5:3|5:4|5:8|5:9|6:4|6:5|6:8|6:9|7:4|7:5|7:7|7:8|7:9|8:4|8:5|8:6|8:7|8:8|9:6,930
202,1930,0.8008108108108108,4.0,4.0,0.0,4.0,176,victory,1,0,,0,56,46,0:0|0:1|0:2|0:3|0:4|1:3|1:4|1:5|2:4|3:4|4:4|4:5|4:6|5:4|5:5|5:6|6:2|6:3|6:4|6:5|6:6|7:0|7:1|7:2|7:3|7:4|7:5|7:6|7:7|7:8|8:0|8:1|8:2|8:3|8:5|8:6|8:7|8:8|9:0|9:1|9:2|9:3|9:6|9:7|9:8|9:9,932
203,1931,0.7998198198198199,4.0,4.0,0.0,4.0,115,victory,1,0,,0,46,40,0:0|0:1|0:2|0:3|0:4|0:5|1:3|1:4|1:5|1:6|2:3|2:4|2:5|3:3|3:4|3:5|3:6|4:3|4:4|4:5|4:6|4:7|5:2|5:3|5:4|5:5|6:2|6:3|7:2|7:3|7:4|7:5|8:4|8:5|8:7|8:8|9:5|9:6|9:7|9:8,932
204,1932,0.7988288288288288,4.0,4.0,0.0,4.0,155,victory,1,0,,0,57,46,0:0|0:1|0:2|0:3|0:4|0:5|0:6|1:0|1:3|1:4|1:5|1:6|2:3|2:4|2:5|3:2|3:3|3:4|4:1|4:2|4:3|4:4|5:1|5:2|6:1|6:2|6:3|7:0|7:1|7:2|7:4|7:5|8:0|8:1|8:2|8:3|8:4|8:5|8:6|8:7|8:8|9:3|9:4|9:5|9:6|9:7,932
205,1933,0.7978378378378378,4.0,4.0,0.0,4.0,164,victory,1,0,,0,72,62,0:0|0:1|0:2|0:3|0:4|0:5|0:6|1:0|1:4|1:5|1:6|2:0|2:4|2:5|2:6|3:0|3:2|3:3|3:4|3:5|3:6|3:7|4:0|4:1|4:2|4:3|4:4|4:5|4:6|5:0|5:1|5:2|5:3|5:4|5:5|5:6|6:0|6:1|6:2|6:3|6:4|6:5|6:6|7:0|7:1|7:2|7:7|7:8|8:0|8:1|8:4|8:5|8:6|8:7|8:8|9:0|9:1|9:2|9:3|9:4|9:5|9:6,932
206,1934,0.7968468468468468,4.0,4.0,0.0,4.0,154,victory,1,0,,0,72,60,0:0|0:1|0:2|0:3|0:4|0:5|0:6|0:7|0:8|1:3|1:4|1:5|1:8|2:3|2:4|2:5|2:8|2:9|3:2|3:3|3:4|3:5|3:8|3:9|4:0|4:1|4:2|4:3|4:4|4:8|4:9|5:1|5:2|5:3|5:4|5:5|5:8|5:9|6:2|6:3|6:4|6:5|6:8|6:9|7:2|7:3|7:5|7:6|7:7|7:8|8:2|8:3|8:4|8:5|8:6|8:7|8:8|9:2|9:3|9:7,936
207,1935,0.7958558558558558,4.0,4.0,0.0,4.0,108,victory,1,0,,0,43,39,0:0|0:1|0:2|0:3|0:4|1:0|1:3|1:4|1:5|2:4|3:4|3:5|4:2|4:3|4:4|5:0|5:1|5:2|5:3|5:4|6:0|6:1|6:2|6:3|6:4|7:0|7:1|7:2|7:3|7:4|8:0|8:1|8:2|8:3|8:4|8:5|8:6|8:7|8:8,936
208,1936,0.7948648648648649,4.0,4.0,0.0,4.0,125,victory,1,0,,0,58,47,0:0|0:1|0:2|0:3|0:4|1:4|1:5|2:0|2:1|2:3|2:4|2:5|2:6|3:0|3:1|3:2|3:3|3:4|3:5|3:6|4:1|4:2|4:3|4:4|4:5|4:6|4:7|5:1|5:3|5:4|5:5|5:6|6:1|6:2|6:3|6:4|6:5|6:6|7:5|7:6|8:5|8:6|8:7|8:8|9:5|9:6|9:7,936
209,1937,0.7938738738738739,4.0,4.0,0.0,4.0,99,victory,1,0,,0,40,37,0:0|0:1|0:2|0:3|0:4|1:0|1:1|1:3|1:4|2:0|2:1|2:3|2:4|3:0|3:1|3:2|3:3|3:4|3:5|4:1|4:3|4:4|4:5|5:3|5:4|6:1|6:2|6:3|7:2|7:3|7:4|8:3|8:4|8:5|8:6|8:7|8:8,936
210,1938,0.7928828828828829,4.0,4.0,0.0,4.0,55,victory,1,0,,0,31,30,0:0|0:1|0:2|0:3|0:4|1:1|1:4|2:4|3:4|3:5|4:3|4:4|4:5|5:2|5:3|5:4|5:5|5:6|6:2|6:3|6:4|6:5|6:6|7:3|7:4|7:5|7:6|7:7|8:7|8:8,936
211,1939,0.7918918918918919,4.0,4.0,0.0,4.0,76,victory,1,0,,0,41,36,0:0|0:1|0:2|0:3|1:3|1:4|1:8|2:4|2:7|2:8|2:9|3:4|3:5|3:6|3:7|3:8|3:9|4:4|4:5|4:6|4:7|5:2|5:3|5:4|5:5|6:2|6:3|6:4|7:2|7:3|7:4|7:5|8:5|8:6|8:7|8:8,936
212,1940,0.7909009009009009,4.0,4.0,0.0,4.0,108,victory,1,0,,0,43,38,0:0|0:1|0:2|0:3|1:0|1:1|1:3|1:4|2:0|2:1|2:3|2:4|2:5|3:0|3:1|3:4|4:1|4:3|4:4|4:5|5:0|5:1|5:2|5:3|5:4|6:0|6:1|6:2|6:3|7:1|7:3|7:4|8:3|8:4|8:5|8:6|8:7|8:8,936
213,1941,0.78990990990991,2.0,2.0,0.0,2.0,200,truncated,0,0,,1,76,59,0:0|0:1|0:2|0:3|0:4|0:5|0:6|0:7|1:0|1:4|1:5|1:6|1:7|1:8|2:3|2:4|2:5|2:6|2:7|2:8|3:3|3:4|3:5|3:6|3:7|4:1|4:2|4:3|4:4|4:5|5:1|5:2|5:3|5:4|5:5|6:0|6:1|6:2|6:3|6:4|6:5|7:0|7:1|7:2|7:3|7:4|7:5|7:6|7:7|8:0|8:1|8:2|8:3|8:4|8:5|8:6|8:7|9:2|9:7,936
214,1942,0.788918918918919,4.0,4.0,0.0,4.0,56,victory,1,0,,0,36,27,0:0|0:1|0:2|0:3|1:3|2:3|2:4|3:2|3:3|3:4|4:2|4:3|4:4|5:2|5:3|5:4|6:2|6:3|6:4|7:2|7:3|7:4|7:5|8:5|8:6|8:7|8:8,936
215,1943,0.7879279279279279,4.0,4.0,0.0,4.0,89,victory,1,0,,0,43,37,0:0|0:1|0:2|0:3|0:4|1:4|2:3|2:4|3:3|3:4|3:5|3:6|4:3|4:4|4:5|4:6|4:7|5:0|5:3|5:4|5:5|6:0|6:1|6:2|6:3|6:4|7:3|7:4|7:5|7:7|7:8|8:3|8:5|8:6|8:7|8:8|9:5,936
216,1944,0.7869369369369369,2.0,2.0,0.0,2.0,200,truncated,0,0,,1,75,63,0:0|0:1|0:2|0:3|0:4|0:7|0:8|0:9|1:4|1:5|1:6|1:7|1:8|1:9|2:4|2:5|2:6|2:7|2:8|2:9|3:2|3:3|3:4|3:5|3:6|3:7|3:8|3:9|4:1|4:2|4:3|4:4|4:5|4:6|4:7|4:8|5:1|5:2|5:3|5:4|5:5|6:0|6:1|6:2|6:3|6:4|6:5|7:2|7:3|7:4|7:5|7:6|7:7|8:3|8:4|8:5|8:6|8:7|9:3|9:4|9:5|9:6|9:7,936
217,1945,0.7859459459459459,4.0,4.0,0.0,4.0,76,victory,1,0,,0,45,39,0:0|0:1|0:2|0:3|0:4|0:5|0:6|1:0|1:4|1:5|1:6|2:4|2:5|3:1|3:2|3:4|4:1|4:2|4:3|4:4|5:1|5:2|5:3|5:4|5:5|5:6|6:2|6:3|6:6|7:2|7:3|7:5|7:6|7:7|8:6|8:7|8:8|9:6|9:7,936
218,1946,0.7849549549549549,4.0,4.0,0.0,4.0,186,victory,1,0,,0,56,49,0:0|0:1|0:2|0:3|1:0|1:3|1:4|1:5|2:4|2:5|3:4|4:2|4:4|4:5|4:6|4:7|4:8|4:9|5:2|5:3|5:4|5:5|5:6|5:8|6:0|6:1|6:2|6:3|6:4|6:5|6:6|6:8|7:4|7:5|7:6|7:7|7:8|8:2|8:3|8:4|8:5|8:6|8:8|9:1|9:2|9:3|9:4|9:5|9:6,936
219,1947,0.783963963963964,4.0,4.0,0.0,4.0,141,victory,1,0,,0,61,59,0:0|0:1|0:2|0:3|0:4|0:8|0:9|1:0|1:1|1:3|1:4|1:6|1:7|1:8|1:9|2:3|2:4|2:5|2:6|2:7|2:8|2:9|3:2|3:3|3:4|3:6|3:7|3:8|3:9|4:2|4:3|4:4|4:5|4:6|4:7|4:8|4:9|5:1|5:2|5:3|5:4|5:5|5:6|6:2|6:3|6:4|6:5|6:6|6:8|7:1|7:2|7:3|7:5|7:6|7:7|7:8|8:5|8:6|8:8,936
220,1948,0.782972972972973,4.0,4.0,0.0,4.0,107,victory,1,0,,0,54,43,0:0|0:1|0:2|0:3|0:4|0:5|1:3|1:4|1:5|1:6|2:3|2:4|2:5|2:6|3:3|3:4|3:5|3:6|4:4|4:5|4:6|5:2|5:3|5:4|5:5|6:2|6:3|6:4|6:5|7:2|7:3|7:5|7:7|7:8|8:3|8:4|8:5|8:6|8:7|8:8|9:3|9:4|9:5,936
221,1949,0.781981981981982,4.0,4.0,0.0,4.0,111,victory,1,0,,0,48,45,0:0|0:1|0:2|0:3|0:4|0:5|1:1|1:3|1:4|1:5|1:6|2:3|2:4|2:5|3:2|3:3|3:4|3:5|4:0|4:1|4:2|4:3|4:4|5:1|5:2|5:3|5:4|6:0|6:1|6:2|6:3|6:4|6:5|6:6|7:0|7:1|7:5|7:6|8:1|8:5|8:6|8:7|8:8|9:5|9:6,936
222,1950,0.780990990990991,4.0,4.0,0.0,4.0,105,victory,1,0,,0,58,42,0:0|0:1|0:2|0:3|1:3|1:4|1:5|2:4|2:5|3:4|3:5|3:6|4:2|4:3|4:4|4:5|4:6|5:1|5:2|5:3|5:4|5:5|5:6|6:2|6:3|6:4|6:5|6:6|7:2|7:3|7:4|7:5|7:6|8:4|8:5|8:6|8:7|8:8|9:4|9:5|9:6|9:7,936
223,1951,0.78,4.0,4.0,0.0,4.0,92,victory,1,0,,0,41,38,0:0|0:1|0:2|0:3|0:4|1:0|1:1|1:3|1:4|2:0|2:3|2:4|2:5|3:0|3:2|3:3|3:4|4:1|4:2|4:3|4:4|5:1|5:2|5:4|6:2|6:3|7:3|7:4|7:5|7:7|7:8|8:3|8:5|8:6|8:7|8:8|9:5|9:7,936
224,1952,0.779009009009009,4.0,4.0,0.0,4.0,152,victory,1,0,,0,63,56,0:0|0:1|0:2|0:3|0:4|0:6|1:0|1:1|1:3|1:4|1:5|1:6|1:7|2:0|2:1|2:3|2:4|2:7|3:1|3:2|3:3|3:4|3:5|3:6|3:7|4:2|4:4|4:5|4:6|5:2|5:3|5:4|5:5|5:6|6:1|6:2|6:3|6:4|6:5|7:2|7:3|7:4|7:5|7:6|7:7|7:8|8:4|8:5|8:6|8:7|8:8|9:4|9:5|9:6|9:7|9:8,936
225,1953,0.7780180180180181,4.0,4.0,0.0,4.0,164,victory,1,0,,0,64,55,0:0|0:1|0:2|0:3|0:4|0:5|0:7|0:8|0:9|1:0|1:1|1:3|1:4|1:5|1:7|1:8|1:9|2:0|2:1|2:3|2:4|2:5|2:6|2:7|3:1|3:4|3:5|3:6|3:7|4:3|4:4|5:3|5:4|5:5|5:6|6:2|6:3|6:4|6:5|6:6|7:2|7:3|7:4|7:5|7:6|7:7|7:8|8:2|8:3|8:4|8:5|8:6|8:7|8:8|9:5,936
226,1954,0.777027027027027,4.0,4.0,0.0,4.0,133,victory,1,0,,0,65,54,0:0|0:1|0:2|0:3|0:4|0:5|1:0|1:1|1:4|1:5|2:4|2:5|3:1|3:2|3:4|3:5|3:6|4:0|4:1|4:2|4:3|4:4|4:5|4:6|5:2|5:3|5:4|6:0|6:1|6:2|6:3|6:4|7:0|7:1|7:2|7:3|7:4|7:5|7:7|8:0|8:1|8:2|8:3|8:4|8:5|8:6|8:7|8:8|9:0|9:1|9:3|9:4|9:5|9:7,936
227,1955,0.776036036036036,4.0,4.0,0.0,4.0,44,victory,1,0,,0,30,30,0:0|0:1|0:2|0:3|0:4|1:4|2:4|3:3|3:4|4:2|4:3|4:4|5:2|5:3|5:4|6:1|6:2|7:0|7:1|8:1|8:5|8:6|8:7|8:8|9:1|9:2|9:3|9:4|9:5|9:6,936
228,1956,0.775045045045045,2.0,2.0,0.0,2.0,200,truncated,0,0,,1,89,71,0:0|0:1|0:2|0:3|0:4|0:5|0:6|1:0|1:3|1:4|1:5|1:6|1:7|1:8|1:9|2:0|2:1|2:3|2:4|2:9|3:0|3:1|3:2|3:3|3:5|3:6|3:7|3:8|3:9|4:0|4:1|4:2|4:3|4:6|4:7|4:8|4:9|5:0|5:1|5:2|5:3|5:4|5:5|5:8|5:9|6:0|6:1|6:2|6:3|6:4|6:5|6:8|6:9|7:0|7:1|7:2|7:3|7:4|7:5|7:6|7:7|7:8|8:0|8:1|8:2|8:3|8:4|9:0|9:1|9:2|9:3,936
229,1957,0.774054054054054,4.0,4.0,0.0,4.0,121,victory,1,0,,0,39,38,0:0|0:1|0:2|0:3|0:4|0:5|1:0|1:1|1:3|1:4|1:5|2:3|2:4|2:5|3:3|3:4|4:3|4:4|5:2|5:3|5:4|6:2|6:3|7:3|7:5|7:6|8:2|8:3|8:4|8:5|8:6|8:7|8:8|9:2|9:3|9:4|9:5|9:6,936
230,1958,0.773063063063063,4.0,4.0,0.0,4.0,133,victory,1,0,,0,49,48,0:0|0:1|0:2|0:3|0:4|0:5|0:6|0:7|0:8|0:9|1:0|1:1|1:3|1:4|1:5|1:8|1:9|2:0|2:1|2:4|3:0|3:3|3:4|4:4|5:4|6:0|6:1|6:2|6:3|6:4|7:0|7:1|7:2|7:3|7:4|7:5|7:6|8:3|8:4|8:5|8:6|8:7|8:8|9:3|9:4|9:5|9:6|9:7,936
231,1959,0.7720720720720721,4.0,4.0,0.0,4.0,130,victory,1,0,,0,62,52,0:0|0:1|0:2|0:3|1:0|1:3|1:4|2:4|2:5|2:6|2:7|3:4|3:5|3:6|4:1|4:2|4:3|4:4|4:5|4:6|4:7|5:1|5:3|5:4|5:5|5:6|6:0|6:1|6:2|6:3|6:4|6:5|6:6|7:0|7:4|7:5|7:6|8:0|8:1|8:2|8:3|8:4|8:5|8:6|8:7|8:8|9:0|9:1|9:2|9:3|9:4|9:5,936
232,1960,0.7710810810810811,4.0,4.0,0.0,4.0,106,victory,1,0,,0,46,38,0:0|0:1|0:2|0:3|0:4|0:5|1:1|1:3|1:4|1:5|2:4|2:5|3:4|3:5|3:6|4:3|4:4|4:5|4:6|5:3|5:4|5:5|6:2|6:3|6:4|6:5|6:6|7:2|7:3|7:4|7:5|7:6|7:7|8:5|8:6|8:7|8:8|9:6,936
233,1961,0.7700900900900901,4.0,4.0,0.0,4.0,116,victory,1,0,,0,48,46,0:0|0:1|0:2|0:3|0:4|0:5|0:6|0:7|1:0|1:3|1:4|1:5|1:6|1:7|1:8|2:3|2:4|2:5|2:6|2:7|2:8|3:1|3:3|3:4|3:5|4:0|4:1|4:2|4:3|4:4|5:0|5:1|5:2|6:2|6:3|6:4|7:3|7:4|7:6|7:7|8:4|8:5|8:6|8:7|8:8|9:7,936
234,1962,0.7690990990990991,4.0,4.0,0.0,4.0,100,victory,1,0,,0,45,43,0:0|0:1|0:2|0:3|0:4|1:4|1:5|2:3|2:4|2:5|3:4|3:5|3:6|3:7|4:4|4:5|4:6|4:7|5:2|5:3|5:4|6:0|6:1|6:2|7:0|7:1|7:2|7:3|8:0|8:1|8:2|8:3|8:4|8:5|8:6|8:7|8:8|9:0|9:1|9:2|9:3|9:4|9:5,936
235,1963,0.7681081081081081,4.0,4.0,0.0,4.0,95,victory,1,0,,0,39,38,0:0|0:1|0:2|0:3|0:4|0:5|1:4|1:5|2:3|2:4|3:2|3:3|3:4|4:3|4:4|5:2|5:3|5:5|5:6|6:2|6:3|6:4|6:5|6:6|7:2|7:3|7:4|7:5|7:6|8:4|8:5|8:6|8:7|8:8|9:4|9:5|9:6|9:7,936
236,1964,0.7671171171171172,4.0,4.0,0.0,4.0,82,victory,1,0,,0,35,31,0:0|0:1|0:2|0:3|0:4|0:5|1:4|1:5|1:6|2:3|2:4|2:5|2:6|2:7|3:2|3:3|3:4|3:5|4:2|4:3|4:4|4:5|5:2|5:5|6:2|6:5|6:6|7:6|8:6|8:7|8:8,936
237,1965,0.7661261261261261,4.0,4.0,0.0,4.0,165,victory,1,0,,0,77,45,0:0|0:1|0:2|0:3|0:4|1:0|1:1|1:3|2:0|2:1|2:3|2:4|3:0|3:1|3:2|3:3|3:4|4:0|4:1|4:2|4:3|4:4|5:0|5:1|5:2|5:3|5:4|6:0|6:1|6:2|6:3|7:0|7:1|7:2|7:3|7:5|8:1|8:2|8:3|8:4|8:5|8:6|8:7|8:8|9:2,936
238,1966,0.7651351351351351,3.0,3.0,0.0,3.0,200,truncated,0,0,,1,71,56,0:0|0:1|0:2|0:3|0:4|1:0|1:1|1:3|1:4|2:0|2:3|2:4|2:5|3:1|3:2|3:3|3:4|3:5|4:1|4:2|4:3|4:4|5:1|5:3|5:4|5:5|5:6|6:3|6:4|6:5|6:6|7:3|7:4|7:5|7:6|7:7|7:8|7:9|8:1|8:2|8:3|8:4|8:5|8:6|8:7|8:8|8:9|9:1|9:2|9:3|9:4|9:5|9:6|9:7|9:8|9:9,936
239,1967,0.7641441441441441,4.0,4.0,0.0,4.0,125,victory,1,0,,0,65,52,0:0|0:1|0:2|0:3|1:0|1:1|1:3|1:4|2:0|2:1|2:3|2:4|2:5|2:6|3:0|3:1|3:3|3:4|3:5|3:6|4:2|4:3|4:4|4:5|5:2|5:3|5:4|5:5|5:6|6:2|6:3|6:4|6:5|6:6|7:2|7:3|7:4|7:5|8:2|8:3|8:4|8:5|8:6|8:7|8:8|9:2|9:3|9:4|9:5|9:6|9:7|9:8,936
240,1968,0.7631531531531531,4.0,4.0,0.0,4.0,102,victory,1,0,,0,35,33,0:0|0:1|0:2|0:3|0:4|0:5|1:1|1:3|1:4|2:3|2:4|3:3|3:4|4:3|4:4|5:2|5:3|5:4|6:2|6:3|6:4|7:4|7:5|7:6|8:4|8:5|8:6|8:7|8:8|9:3|9:4|9:5|9:6,936
241,1969,0.7621621621621621,4.0,4.0,0.0,4.0,71,victory,1,0,,0,39,35,0:0|0:1|0:2|0:3|0:4|1:3|1:4|1:5|1:6|2:4|2:5|2:6|3:5|3:6|4:4|4:5|4:6|5:1|5:2|5:3|5:4|5:5|6:2|6:3|7:1|7:2|7:3|8:2|8:3|8:4|8:5|8:6|8:7|8:8|9:7,936
242,1970,0.7611711711711712,4.0,4.0,0.0,4.0,147,victory,1,0,,0,52,45,0:0|0:1|0:2|0:3|0:4|1:0|1:1|1:4|1:5|2:1|2:4|2:5|2:6|3:4|3:6|3:7|4:4|4:5|4:6|4:7|5:5|5:6|5:8|5:9|6:2|6:5|6:6|6:8|6:9|7:2|7:3|7:4|7:5|7:6|7:7|7:8|7:9|8:5|8:6|8:7|8:8|8:9|9:5|9:6|9:8,936
243,1971,0.7601801801801802,4.0,4.0,0.0,4.0,76,victory,1,0,,0,33,33,0:0|0:1|0:2|0:3|1:0|1:1|1:3|2:0|2:3|2:4|3:3|3:4|3:5|4:2|4:3|4:4|5:2|5:3|5:4|6:2|6:3|6:5|7:3|7:4|7:5|7:6|7:7|8:5|8:6|8:7|8:8|9:5|9:6,936
244,1972,0.7591891891891892,4.0,4.0,0.0,4.0,161,victory,1,0,,0,69,48,0:0|0:1|0:2|0:3|0:4|0:5|0:6|0:7|1:4|1:5|1:6|2:3|2:4|2:5|2:6|2:7|3:2|3:3|3:4|3:5|3:6|3:7|4:2|4:3|4:4|4:5|4:6|4:7|5:2|5:3|5:4|5:5|5:6|6:2|6:3|6:4|6:5|6:6|7:3|7:4|7:5|7:6|8:3|8:4|8:5|8:6|8:7|8:8,936
245,1973,0.7581981981981982,4.0,4.0,0.0,4.0,100,victory,1,0,,0,49,41,0:0|0:1|0:2|0:3|0:4|1:3|1:4|1:5|1:6|2:3|2:4|2:5|2:6|3:0|3:1|3:2|3:3|3:4|4:0|4:2|4:3|4:4|5:0|5:1|5:2|5:3|5:4|6:0|6:1|6:2|6:4|7:1|7:2|7:4|7:5|8:1|8:2|8:5|8:6|8:7|8:8,936
246,1974,0.7572072072072072,4.0,4.0,0.0,4.0,116,victory,1,0,,0,65,52,0:0|0:1|0:2|0:3|0:4|1:4|2:4|3:2|3:3|3:4|4:0|4:1|4:2|4:3|4:4|4:5|4:6|4:7|5:0|5:1|5:2|5:3|5:4|5:6|6:0|6:2|6:3|6:4|6:5|6:6|7:0|7:1|7:2|7:3|7:4|7:5|7:6|7:7|8:2|8:3|8:4|8:5|8:6|8:7|8:8|9:1|9:2|9:3|9:4|9:5|9:6|9:7,936
247,1975,0.7562162162162163,4.0,4.0,0.0,4.0,75,victory,1,0,,0,36,32,0:0|0:1|0:2|0:3|0:4|1:0|1:4|2:0|2:4|3:4|4:3|4:4|4:5|5:1|5:2|5:3|5:4|5:5|6:1|6:2|6:3|6:4|6:5|7:3|7:4|7:5|7:6|8:4|8:5|8:6|8:7|8:8,936
248,1976,0.7552252252252252,4.0,4.0,0.0,4.0,89,victory,1,0,,0,44,38,0:0|0:1|0:2|0:3|0:4|0:5|1:0|1:1|1:3|1:4|1:5|2:0|2:1|2:3|2:4|2:5|3:3|3:4|3:5|4:2|4:3|4:4|5:2|5:3|5:4|6:2|6:3|7:3|7:4|8:2|8:3|8:4|8:5|8:6|8:7|8:8|9:3|9:4,936
249,1977,0.7542342342342342,4.0,4.0,0.0,4.0,168,victory,1,0,,0,60,56,0:0|0:1|0:2|0:3|0:4|0:5|0:6|0:7|0:8|1:0|1:3|1:4|1:5|1:6|1:7|1:8|2:4|2:5|2:6|2:7|2:8|3:4|3:5|3:6|3:7|3:8|4:3|4:4|4:6|5:0|5:1|5:2|5:3|5:4|5:5|5:6|6:0|6:1|6:2|6:3|6:4|6:5|7:2|7:3|7:4|7:5|8:3|8:4|8:5|8:6|8:7|8:8|9:3|9:4|9:5|9:6,936
250,1978,0.7532432432432432,4.0,4.0,0.0,4.0,184,victory,1,0,,0,55,42,0:0|0:1|0:2|0:3|0:4|1:3|1:4|2:4|2:5|3:4|3:5|4:3|4:4|4:5|5:2|5:3|5:4|5:5|5:6|6:2|6:3|6:4|6:5|6:6|7:1|7:2|7:3|7:4|7:5|7:6|7:7|8:2|8:3|8:4|8:5|8:6|8:7|8:8|9:3|9:4|9:5|9:6,936
251,1979,0.7522522522522522,4.0,4.0,0.0,4.0,40,victory,1,0,,0,27,27,0:0|0:1|0:2|0:3|0:4|1:4|2:3|2:4|3:3|3:4|4:4|5:0|5:1|5:2|5:3|5:4|6:0|6:1|6:2|7:2|7:3|8:3|8:4|8:5|8:6|8:7|8:8,936
252,1980,0.7512612612612612,4.0,4.0,0.0,4.0,133,victory,1,0,,0,56,50,0:0|0:1|0:2|0:3|0:4|0:5|0:6|1:0|1:1|1:3|1:4|1:5|1:6|2:0|2:3|2:4|2:5|2:6|2:7|3:2|3:3|3:4|3:5|3:6|3:7|3:8|4:2|4:3|4:4|4:7|5:1|5:2|5:4|6:0|6:1|6:2|6:3|6:4|7:0|7:1|7:2|7:3|7:4|8:4|8:5|8:6|8:7|8:8|9:5|9:6,936
253,1981,0.7502702702702703,4.0,4.0,0.0,4.0,152,victory,1,0,,0,60,48,0:0|0:1|0:2|0:3|0:4|0:5|1:1|1:3|1:4|1:5|1:6|2:4|2:5|3:2|3:3|3:4|3:5|3:6|4:2|4:3|4:4|4:5|4:6|5:3|5:4|5:5|5:6|6:1|6:2|6:3|6:4|6:5|6:6|7:3|7:4|7:5|7:6|7:7|8:3|8:4|8:5|8:6|8:7|8:8|9:3|9:4|9:5|9:7,936
254,1982,0.7492792792792793,4.0,4.0,0.0,4.0,68,victory,1,0,,0,37,34,0:0|0:1|0:2|0:3|0:4|0:5|1:3|1:4|2:3|2:4|3:3|3:4|4:3|4:4|4:5|5:3|5:4|5:5|6:2|6:3|6:4|7:1|7:2|7:3|7:4|7:5|8:5|8:6|8:7|8:8|9:3|9:4|9:5|9:6,936
255,1983,0.7482882882882883,4.0,4.0,0.0,4.0,60,victory,1,0,,0,36,33,0:0|0:1|0:2|0:3|0:4|1:4|1:5|2:4|3:4|4:2|4:3|4:4|4:5|5:1|5:2|5:3|5:4|5:5|5:6|6:1|6:2|6:3|6:4|6:5|6:6|7:1|7:2|7:5|7:6|7:7|8:6|8:7|8:8,936
256,1984,0.7472972972972973,4.0,4.0,0.0,4.0,79,victory,1,0,,0,43,42,0:0|0:1|0:4|1:0|1:1|1:3|1:4|1:5|2:0|2:1|2:3|2:4|3:0|3:1|3:2|3:3|3:4|4:0|4:1|4:2|4:4|4:5|4:6|5:1|5:2|5:6|6:1|6:2|6:5|6:6|7:0|7:1|7:2|7:5|7:6|7:7|8:0|8:1|8:6|8:7|8:8|9:1,936
257,1985,0.7463063063063062,4.0,4.0,0.0,4.0,43,victory,1,0,,0,29,29,0:0|0:1|0:2|0:3|0:4|1:0|1:1|1:4|2:4|3:4|4:2|4:4|5:2|5:3|5:4|6:2|6:3|6:4|6:5|7:3|7:4|7:5|7:7|7:8|8:5|8:6|8:7|8:8|9:5,936
258,1986,0.7453153153153154,4.0,4.0,0.0,4.0,93,victory,1,0,,0,43,40,0:0|0:1|0:2|0:3|1:1|1:3|2:3|2:4|2:8|2:9|3:3|3:4|3:5|3:6|3:7|3:8|4:3|4:4|4:5|4:6|4:7|4:8|5:4|5:5|5:6|5:8|6:2|6:3|6:4|6:5|6:6|7:3|7:4|7:5|7:6|8:5|8:6|8:7|8:8|9:6,936
259,1987,0.7443243243243243,4.0,4.0,0.0,4.0,152,victory,1,0,,0,55,50,0:0|0:1|0:2|0:3|0:4|0:5|0:6|1:0|1:1|1:3|1:4|1:5|1:6|2:0|2:1|2:3|2:4|2:5|2:6|3:3|3:4|3:5|3:6|4:3|4:4|4:5|5:3|6:2|6:3|7:2|7:3|7:4|7:5|7:6|7:7|7:8|8:1|8:2|8:3|8:4|8:5|8:6|8:7|8:8|9:1|9:2|9:3|9:4|9:6|9:7,936
260,1988,0.7433333333333334,4.0,4.0,0.0,4.0,153,victory,1,0,,0,54,44,0:0|0:1|0:2|0:3|0:4|1:0|1:4|1:5|2:0|2:4|2:5|3:4|3:5|3:6|4:4|4:5|4:6|5:5|5:6|6:2|6:5|6:6|7:0|7:1|7:2|7:3|7:4|7:5|7:6|7:7|8:0|8:1|8:2|8:3|8:5|8:6|8:7|8:8|8:9|9:0|9:1|9:2|9:3|9:5,936
261,1989,0.7423423423423423,4.0,4.0,0.0,4.0,124,victory,1,0,,0,67,62,0:0|0:1|0:2|0:3|0:4|0:8|1:4|1:8|2:3|2:4|2:5|2:6|2:7|2:8|2:9|3:2|3:3|3:4|3:5|3:6|3:7|3:8|3:9|4:2|4:3|4:4|4:5|4:6|4:7|4:8|4:9|5:1|5:2|5:3|5:4|5:5|5:6|6:0|6:1|6:2|6:3|6:5|6:6|7:0|7:1|7:2|7:3|7:6|8:0|8:1|8:2|8:3|8:5|8:6|8:7|8:8|9:1|9:2|9:3|9:4|9:5|9:6,936
262,1990,0.7413513513513514,4.0,4.0,0.0,4.0,199,victory,1,0,,0,51,47,0:0|0:1|0:2|0:3|0:4|1:0|1:1|1:3|1:4|1:5|1:6|1:7|2:3|2:4|2:5|2:6|3:4|3:5|4:4|5:2|5:3|5:4|6:2|6:3|6:4|6:5|7:2|7:3|7:4|7:5|7:6|8:1|8:2|8:3|8:4|8:5|8:6|8:7|8:8|9:1|9:2|9:3|9:4|9:5|9:6|9:7|9:8,936
263,1991,0.7403603603603603,4.0,4.0,0.0,4.0,48,victory,1,0,,0,28,27,0:0|0:1|0:2|0:3|0:4|1:1|1:4|2:4|3:3|3:4|4:3|4:4|5:2|5:3|5:4|6:2|6:3|7:3|7:4|7:5|8:3|8:4|8:5|8:6|8:7|8:8|9:5,936
264,1992,0.7393693693693694,4.0,4.0,0.0,4.0,129,victory,1,0,,0,50,45,0:0|0:1|0:2|0:3|0:4|0:5|1:0|1:1|1:3|1:4|1:5|2:0|2:1|2:3|2:4|2:5|2:6|3:0|3:1|3:2|3:3|3:4|3:5|4:1|4:2|4:3|4:4|5:1|5:2|5:3|5:4|5:5|6:2|6:3|6:4|7:3|7:4|7:5|7:7|8:5|8:6|8:7|8:8|9:6|9:7,936
265,1993,0.7383783783783784,4.0,4.0,0.0,4.0,105,victory,1,0,,0,44,42,0:0|0:1|0:2|0:3|0:4|1:0|1:1|1:4|2:0|2:1|2:4|3:0|3:1|3:2|3:3|3:4|4:0|4:1|4:2|4:3|4:4|4:5|4:6|5:0|5:1|5:2|5:5|5:6|6:1|6:2|6:5|6:6|7:5|7:6|7:7|8:4|8:5|8:6|8:7|8:8|9:6|9:7,936
266,1994,0.7373873873873873,2.0,2.0,0.0,2.0,200,truncated,0,0,,1,78,67,0:0|0:1|0:2|0:3|0:4|0:5|0:6|0:7|0:8|1:0|1:1|1:3|1:4|1:5|1:6|1:7|1:8|2:0|2:3|2:4|2:5|2:6|2:7|2:8|2:9|3:3|3:4|3:5|3:6|3:7|3:8|3:9|4:0|4:1|4:2|4:3|4:4|4:5|4:6|4:7|4:9|5:0|5:1|5:2|5:3|5:4|5:5|6:0|6:1|6:2|6:4|6:5|7:0|7:1|7:2|7:4|7:5|8:0|8:1|8:5|8:6|9:0|9:1|9:2|9:3|9:4|9:5,936
267,1995,0.7363963963963964,4.0,4.0,0.0,4.0,180,victory,1,0,,0,50,44,0:0|0:1|0:2|0:3|0:4|0:5|0:6|1:3|1:4|1:5|1:6|2:4|2:5|2:6|3:3|3:4|3:5|4:4|4:5|5:3|5:4|5:5|6:1|6:2|6:3|6:4|6:5|7:1|7:2|7:3|7:4|7:5|7:6|7:7|7:8|8:2|8:3|8:4|8:5|8:6|8:8|9:4|9:5|9:6,936
268,1996,0.7354054054054053,4.0,4.0,0.0,4.0,191,victory,1,0,,0,64,44,0:0|0:1|0:2|0:3|0:4|1:0|1:1|1:3|1:4|1:5|2:3|2:4|2:5|2:6|3:3|3:4|3:5|3:6|3:7|4:2|4:3|4:4|4:5|4:6|4:7|4:8|5:1|5:2|5:3|5:4|5:5|5:6|6:2|6:3|6:4|6:5|6:6|7:6|8:5|8:6|8:7|8:8|9:5|9:6,936
269,1997,0.7344144144144145,4.0,4.0,0.0,4.0,55,victory,1,0,,0,34,33,0:0|0:1|0:2|0:3|0:4|0:5|1:4|1:5|2:3|2:4|2:5|3:4|3:5|4:4|5:2|5:4|6:1|6:2|6:3|6:4|7:2|7:3|7:4|7:5|8:3|8:4|8:5|8:6|8:7|8:8|9:4|9:5|9:6,936
270,1998,0.7334234234234234,4.0,4.0,0.0,4.0,125,victory,1,0,,0,52,44,0:0|0:1|0:2|0:3|0:4|1:1|1:3|1:4|1:5|2:1|2:3|2:4|3:1|3:2|3:4|4:0|4:1|4:2|4:4|5:0|5:1|5:2|5:3|5:4|6:0|6:1|6:2|6:3|7:0|7:1|7:2|7:3|8:1|8:2|8:3|8:4|8:5|8:6|8:7|8:8|9:0|9:1|9:2|9:3,936
271,1999,0.7324324324324325,4.0,4.0,0.0,4.0,125,victory,1,0,,0,62,58,0:0|0:1|0:2|0:3|0:4|0:5|0:6|0:7|1:1|1:3|1:4|1:5|1:6|1:7|2:3|2:4|2:5|2:6|2:7|2:8|2:9|3:3|3:4|3:5|3:7|3:8|4:1|4:2|4:3|4:4|4:5|4:6|4:7|5:0|5:1|5:2|5:3|5:4|6:0|6:1|6:2|6:3|6:4|7:1|7:2|7:3|7:4|7:5|7:6|7:7|8:1|8:2|8:3|8:4|8:5|8:6|8:7|8:8,936
272,2000,0.7314414414414414,4.0,4.0,0.0,4.0,72,victory,1,0,,0,37,35,0:0|0:1|0:2|0:3|0:4|0:5|1:0|1:1|1:3|1:4|2:0|2:1|2:4|3:1|3:4|3:5|4:4|4:5|4:6|5:2|5:3|5:4|5:5|5:6|6:1|6:2|6:5|7:2|7:3|7:4|7:5|7:6|8:6|8:7|8:8,936
273,2001,0.7304504504504504,4.0,4.0,0.0,4.0,130,victory,1,0,,0,59,47,0:0|0:1|0:2|0:3|1:3|1:4|1:5|1:6|2:3|2:4|2:5|2:6|3:2|3:3|3:4|3:5|4:0|4:1|4:2|4:3|4:4|5:0|5:1|5:2|5:3|6:0|6:1|6:2|6:3|7:0|7:1|7:3|7:4|7:5|7:6|8:0|8:1|8:2|8:3|8:5|8:6|8:7|8:8|9:2|9:3|9:5|9:6,936
274,2002,0.7294594594594594,2.0,2.0,0.0,2.0,200,truncated,0,0,,1,67,50,0:0|0:1|0:2|0:3|0:4|1:1|1:4|2:4|3:3|3:4|4:2|4:3|4:4|4:5|4:6|5:0|5:1|5:2|5:3|5:4|5:5|5:6|6:0|6:1|6:2|6:3|6:4|6:5|7:0|7:1|7:2|7:3|7:5|7:6|8:0|8:1|8:2|8:3|8:4|8:5|8:6|8:7|9:0|9:1|9:2|9:3|9:4|9:5|9:6|9:7,936
275,2003,0.7284684684684685,4.0,4.0,0.0,4.0,111,victory,1,0,,0,47,34,0:0|0:1|0:2|1:0|1:1|2:0|2:1|2:4|3:0|3:1|3:3|3:4|4:1|4:2|4:3|4:4|4:5|5:1|5:2|5:3|5:4|5:5|6:2|6:3|6:4|6:5|7:5|8:5|8:6|8:7|8:8|9:5|9:6|9:7,936
276,2004,0.7274774774774775,4.0,4.0,0.0,4.0,115,victory,1,0,,0,57,48,0:0|0:1|0:2|0:3|0:4|0:5|1:0|1:1|1:3|1:4|1:5|1:6|2:3|2:4|2:5|2:6|2:7|3:4|3:5|3:6|3:7|4:4|4:5|4:6|5:2|5:3|5:4|5:5|5:6|6:2|6:3|6:4|7:3|7:4|7:5|7:7|8:2|8:3|8:4|8:5|8:6|8:7|8:8|9:2|9:3|9:4|9:5|9:6,936
277,2005,0.7264864864864865,4.0,4.0,0.0,4.0,92,victory,1,0,,0,41,33,0:0|0:1|0:2|0:3|0:4|0:5|0:6|1:0|1:3|1:4|1:5|2:4|3:3|3:4|4:2|4:3|4:4|4:5|5:2|5:3|5:4|5:5|6:2|6:4|6:5|7:4|7:5|7:6|7:7|8:6|8:7|8:8|9:7,936
278,2006,0.7254954954954955,4.0,4.0,0.0,4.0,148,victory,1,0,,0,58,50,0:0|0:1|0:2|0:3|0:4|0:8|1:4|1:5|1:8|1:9|2:4|2:6|2:7|2:8|2:9|3:4|3:5|3:6|3:7|3:9|4:4|4:5|4:6|4:9|5:1|5:2|5:3|5:4|5:5|5:6|5:8|5:9|6:2|6:3|6:4|6:5|6:6|6:8|6:9|7:3|7:4|7:6|7:7|7:8|7:9|8:4|8:5|8:6|8:8|8:9,936
279,2007,0.7245045045045044,4.0,4.0,0.0,4.0,137,victory,1,0,,0,54,48,0:0|0:1|0:2|0:3|0:4|1:1|1:3|1:4|2:4|3:1|3:4|4:0|4:1|4:2|4:3|4:4|5:0|5:1|5:2|5:3|5:4|6:0|6:1|6:2|6:3|6:4|6:5|7:0|7:1|7:2|7:3|7:4|7:5|7:7|7:8|8:0|8:1|8:3|8:4|8:5|8:6|8:7|8:8|9:4|9:5|9:7|9:8|9:9,936
280,2008,0.7235135135135136,4.0,4.0,0.0,4.0,66,victory,1,0,,0,44,39,0:0|0:1|0:2|0:3|0:4|0:5|1:3|1:4|1:5|2:4|2:5|3:4|4:3|4:4|5:4|5:6|6:2|6:4|6:5|6:6|7:1|7:2|7:5|7:6|7:7|8:0|8:1|8:2|8:3|8:4|8:5|8:6|8:7|8:8|9:0|9:1|9:6|9:7|9:8,936
281,2009,0.7225225225225225,4.0,4.0,0.0,4.0,127,victory,1,0,,0,48,41,0:0|0:1|0:2|0:3|0:4|0:5|1:0|1:3|1:4|1:5|2:3|2:4|2:5|3:4|3:5|4:2|4:4|4:5|5:2|5:3|5:4|6:2|6:3|6:4|6:5|6:6|7:2|7:3|7:4|7:5|7:6|7:7|8:3|8:4|8:5|8:6|8:7|8:8|9:3|9:4|9:5,936
282,2010,0.7215315315315316,4.0,4.0,0.0,4.0,61,victory,1,0,,0,39,27,0:0|0:1|0:2|0:3|0:4|1:3|1:4|2:3|2:4|3:3|3:4|4:2|4:3|4:4|5:2|5:3|6:2|6:3|6:4|7:3|7:4|7:5|8:5|8:6|8:7|8:8|9:7,936
283,2011,0.7205405405405405,4.0,4.0,0.0,4.0,168,victory,1,0,,0,68,56,0:0|0:1|0:2|0:3|0:4|1:0|1:3|1:4|1:5|1:6|1:7|1:8|1:9|2:0|2:1|2:3|2:4|2:5|2:6|2:7|2:8|2:9|3:0|3:2|3:3|3:4|3:5|3:6|3:7|3:8|3:9|4:0|4:1|4:2|4:3|4:4|4:5|4:6|5:0|5:2|5:3|5:4|5:5|5:6|6:0|6:1|6:2|6:3|6:4|6:5|7:5|7:6|7:7|8:7|8:8|9:7,936
284,2012,0.7195495495495495,4.0,4.0,0.0,4.0,92,victory,1,0,,0,54,47,0:0|0:1|0:2|0:3|0:4|0:5|1:3|1:4|1:5|1:6|2:3|2:4|2:6|3:0|3:1|3:3|3:4|3:5|3:6|4:0|4:1|4:2|4:3|4:4|4:5|5:0|5:1|5:2|5:3|5:4|6:2|6:3|6:4|7:2|7:3|7:4|7:5|8:1|8:2|8:3|8:5|8:6|8:7|8:8|9:6|9:7|9:8,936
285,2013,0.7185585585585585,4.0,4.0,0.0,4.0,124,victory,1,0,,0,55,52,0:0|0:3|0:4|0:5|0:6|0:7|0:8|1:0|1:1|1:3|1:4|1:5|1:6|1:7|1:8|2:0|2:1|2:3|2:4|2:7|3:0|3:1|3:2|3:3|3:4|3:5|3:6|3:7|4:0|4:1|4:2|4:3|4:4|5:1|5:2|5:4|5:5|6:2|6:4|6:5|6:6|7:2|7:3|7:4|7:5|7:6|8:5|8:6|8:7|8:8|9:5|9:6,936
286,2014,0.7175675675675676,4.0,4.0,0.0,4.0,81,victory,1,0,,0,37,33,0:0|0:1|0:2|0:3|0:4|1:0|1:1|1:3|1:4|2:0|2:3|2:4|3:3|3:4|3:5|4:2|4:3|4:4|5:2|5:3|5:4|6:2|6:3|7:3|7:4|7:5|8:4|8:5|8:6|8:7|8:8|9:4|9:5,936
287,2015,0.7165765765765766,4.0,4.0,0.0,4.0,61,victory,1,0,,0,31,31,0:0|0:1|0:2|0:3|0:4|1:0|1:1|1:4|2:4|3:4|4:2|4:3|4:4|5:2|5:3|5:4|5:5|5:6|6:2|6:3|6:4|7:2|7:5|7:6|8:2|8:3|8:4|8:5|8:6|8:7|8:8,936
288,2016,0.7155855855855855,4.0,4.0,0.0,4.0,47,victory,1,0,,0,32,28,0:0|0:1|0:2|0:3|1:3|1:4|2:4|2:5|3:4|4:4|5:2|5:3|5:4|5:5|6:2|6:3|6:4|6:5|6:6|7:5|7:6|7:7|8:5|8:6|8:7|8:8|9:7|9:8,936
289,2017,0.7145945945945946,4.0,4.0,0.0,4.0,83,victory,1,0,,0,51,37,0:0|0:1|0:2|0:3|0:4|0:5|1:3|1:4|1:5|2:3|2:4|3:2|3:3|3:4|3:5|4:3|4:4|5:3|6:2|6:3|6:4|7:2|7:3|7:4|8:2|8:3|8:4|8:5|8:6|8:7|8:8|8:9|9:3|9:4|9:5|9:6|9:8,936
290,2018,0.7136036036036036,4.0,4.0,0.0,4.0,98,victory,1,0,,0,42,40,0:0|0:1|0:2|0:3|1:0|1:1|1:3|1:4|2:3|2:4|3:3|3:4|4:4|4:5|4:6|5:2|5:3|5:4|5:5|5:6|6:2|6:4|6:5|6:6|7:2|7:3|7:4|7:5|7:6|7:7|8:3|8:5|8:6|8:7|8:8|9:3|9:4|9:5|9:6|9:7,936
291,2019,0.7126126126126127,4.0,4.0,0.0,4.0,87,victory,1,0,,0,34,32,0:0|0:1|0:2|0:3|0:4|0:5|1:1|1:4|1:5|1:6|2:4|2:5|2:6|3:4|4:4|5:1|5:2|5:3|5:4|6:1|6:2|6:3|6:4|6:5|7:3|7:4|7:5|7:6|8:5|8:6|8:7|8:8,936
292,2020,0.7116216216216216,4.0,4.0,0.0,4.0,73,victory,1,0,,0,40,35,0:0|0:1|0:2|0:3|0:4|0:5|1:0|1:1|1:3|1:4|2:0|2:1|2:4|2:5|3:3|3:4|3:5|4:3|4:4|5:1|5:2|5:3|5:4|6:2|6:3|6:4|6:5|7:4|8:4|8:5|8:6|8:7|8:8|9:4|9:5,936
293,2021,0.7106306306306306,4.0,4.0,0.0,4.0,111,victory,1,0,,0,56,46,0:0|0:1|0:2|0:3|0:4|0:5|0:7|1:1|1:4|1:5|1:6|1:7|2:3|2:4|2:5|2:6|2:7|2:8|3:4|3:5|3:8|4:4|4:5|4:6|4:7|4:8|5:4|6:2|6:3|6:4|6:6|7:3|7:4|7:5|7:6|8:2|8:3|8:4|8:5|8:6|8:7|8:8|9:1|9:2|9:3|9:4,936
294,2022,0.7096396396396396,4.0,4.0,0.0,4.0,80,victory,1,0,,0,40,35,0:0|0:1|0:2|0:3|0:4|1:0|1:1|1:4|1:5|2:4|2:5|2:6|3:4|3:5|3:6|4:2|4:4|4:5|4:6|4:7|5:2|5:3|5:4|5:5|5:6|6:2|6:3|6:4|6:5|6:6|7:6|7:7|8:6|8:7|8:8,936
295,2023,0.7086486486486487,4.0,4.0,0.0,4.0,80,victory,1,0,,0,40,37,0:0|0:1|0:2|0:3|0:4|0:5|1:3|1:4|1:5|1:6|1:7|2:4|2:5|2:6|3:4|3:5|4:4|4:5|4:6|5:4|5:5|6:2|6:3|6:4|6:5|6:6|7:2|7:3|7:4|7:5|8:1|8:2|8:4|8:5|8:6|8:7|8:8,936
296,2024,0.7076576576576576,4.0,4.0,0.0,4.0,98,victory,1,0,,0,48,39,0:0|0:1|0:2|0:3|1:3|2:3|2:4|3:3|3:4|3:6|4:4|4:5|4:6|4:7|5:5|5:6|6:2|6:3|6:5|6:6|7:1|7:2|7:3|7:4|7:5|7:6|7:7|7:8|8:1|8:2|8:3|8:4|8:5|8:6|8:7|8:8|9:5|9:6|9:7,936
297,2025,0.7066666666666667,4.0,4.0,0.0,4.0,113,victory,1,0,,0,47,46,0:0|0:1|0:2|0:3|0:4|0:5|1:0|1:1|1:3|1:4|2:3|2:4|2:5|2:6|3:2|3:3|3:4|3:5|4:1|4:2|4:3|4:4|5:1|5:2|5:3|5:4|6:0|6:1|6:2|7:1|7:4|7:5|7:6|8:1|8:2|8:3|8:4|8:5|8:6|8:7|8:8|9:1|9:2|9:3|9:4|9:5,936
298,2026,0.7056756756756757,4.0,4.0,0.0,4.0,96,victory,1,0,,0,43,42,0:0|0:1|0:2|0:3|0:4|0:5|0:6|1:0|1:1|1:3|1:4|1:5|1:6|2:4|3:3|3:4|3:5|4:0|4:1|4:2|4:3|4:4|5:1|5:2|5:3|5:4|6:2|6:3|6:4|6:5|7:1|7:2|7:3|7:4|7:5|7:6|7:7|8:5|8:6|8:7|8:8|9:6,936
299,2027,0.7046846846846847,4.0,4.0,0.0,4.0,123,victory,1,0,,0,54,41,0:0|0:1|0:2|0:3|0:4|1:0|1:1|1:3|1:4|1:5|1:6|2:0|2:1|2:3|2:4|2:5|2:6|3:0|3:1|3:3|3:4|3:5|4:1|4:4|4:5|5:1|5:2|5:6|6:2|6:3|6:4|6:6|7:3|7:4|7:5|7:6|7:7|8:6|8:7|8:8|9:7,936
300,2028,0.7036936936936937,4.0,4.0,0.0,4.0,91,victory,1,0,,0,43,38,0:0|0:1|0:2|0:3|0:4|1:0|1:4|1:5|2:4|2:5|2:6|2:7|3:3|3:4|3:5|4:3|4:4|4:5|5:3|5:4|5:5|5:6|6:1|6:2|6:3|6:6|7:2|7:3|7:4|7:5|7:6|8:5|8:6|8:7|8:8|9:5|9:6|9:7,936
301,2029,0.7027027027027026,4.0,4.0,0.0,4.0,60,victory,1,0,,0,30,29,0:0|0:1|0:2|0:3|0:4|1:4|2:3|2:4|2:5|3:3|3:4|3:5|4:3|4:4|5:3|6:2|6:3|6:5|7:3|7:4|7:5|7:6|8:5|8:6|8:7|8:8|9:4|9:5|9:6,936
302,2030,0.7017117117117118,4.0,4.0,0.0,4.0,110,victory,1,0,,0,52,44,0:0|0:1|0:2|0:3|0:4|1:0|1:1|1:3|1:4|1:5|2:3|2:4|2:5|3:1|3:2|3:3|3:4|4:0|4:1|4:2|4:3|4:4|5:0|5:1|5:2|5:3|5:4|6:0|6:1|6:2|6:3|7:0|7:1|7:2|7:3|7:4|7:7|8:1|8:2|8:4|8:5|8:6|8:7|8:8,936
303,2031,0.7007207207207207,4.0,4.0,0.0,4.0,46,victory,1,0,,0,34,30,0:0|0:1|0:2|0:3|0:4|1:4|2:3|2:4|3:3|3:4|4:4|5:4|5:5|6:2|6:3|6:5|6:6|6:8|7:1|7:2|7:3|7:4|7:5|7:6|7:7|7:8|8:5|8:6|8:7|8:8,936
304,2032,0.6997297297297298,4.0,4.0,0.0,4.0,125,victory,1,0,,0,54,42,0:0|0:1|0:2|0:3|0:4|0:5|1:0|1:3|1:4|1:5|2:3|2:4|2:5|2:6|2:7|3:3|3:4|3:6|3:7|4:3|4:4|5:2|5:3|5:4|6:0|6:1|6:2|6:3|6:4|7:3|7:5|7:6|7:7|8:3|8:4|8:5|8:6|8:7|8:8|9:5|9:6|9:7,936
305,2033,0.6987387387387387,4.0,4.0,0.0,4.0,140,victory,1,0,,0,67,49,0:0|0:1|0:2|0:3|0:4|1:3|1:4|1:5|2:3|2:4|2:5|2:6|2:7|2:8|3:1|3:2|3:3|3:4|3:5|3:6|3:7|3:8|4:1|4:4|4:5|4:6|5:1|5:2|5:3|5:4|5:5|5:6|6:2|6:3|6:4|6:5|6:6|7:2|7:3|7:4|7:5|7:6|7:7|7:8|8:4|8:5|8:7|8:8|9:5,936
306,2034,0.6977477477477477,4.0,4.0,0.0,4.0,179,victory,1,0,,0,67,54,0:0|0:1|0:2|0:3|1:3|1:4|2:3|2:4|2:5|2:6|3:1|3:2|3:3|3:4|3:5|3:6|3:7|4:1|4:2|4:3|4:4|5:1|5:2|5:3|5:4|6:0|6:1|6:2|6:3|6:4|6:5|6:6|7:0|7:1|7:2|7:3|7:4|7:5|7:6|7:7|8:0|8:1|8:2|8:3|8:4|8:5|8:6|8:7|8:8|9:1|9:2|9:3|9:4|9:5,936
307,2035,0.6967567567567567,4.0,4.0,0.0,4.0,90,victory,1,0,,0,38,35,0:0|0:1|0:2|0:3|0:4|0:5|1:0|1:1|1:4|2:4|3:4|3:5|4:3|4:4|5:4|5:5|6:2|6:3|6:4|6:5|6:8|6:9|7:1|7:2|7:3|7:4|7:5|7:6|7:7|7:8|7:9|8:5|8:6|8:7|8:8,936
308,2036,0.6957657657657658,4.0,4.0,0.0,4.0,108,victory,1,0,,0,50,44,0:0|0:1|0:2|0:3|0:4|0:6|1:0|1:1|1:3|1:4|1:5|1:6|2:4|2:5|2:6|2:7|2:8|2:9|3:3|3:4|3:6|3:7|3:8|4:2|4:3|4:4|4:5|4:6|4:7|4:8|5:2|5:3|5:4|5:5|5:6|6:2|6:3|6:5|6:6|7:3|7:6|8:6|8:7|8:8,936
309,2037,0.6947747747747748,4.0,4.0,0.0,4.0,193,victory,1,0,,0,72,57,0:0|0:1|0:2|0:3|0:4|0:5|0:6|1:0|1:1|1:3|1:4|1:5|1:6|1:7|1:8|2:3|2:4|2:5|2:6|2:7|3:2|3:3|3:4|3:6|3:7|4:0|4:1|4:2|4:3|4:4|4:5|4:6|4:7|4:8|5:0|5:1|5:2|5:3|5:4|5:5|5:6|6:1|6:2|6:3|6:4|6:5|7:2|7:3|7:4|7:5|8:2|8:3|8:4|8:5|8:6|8:7|8:8,936
310,2038,0.6937837837837837,4.0,4.0,0.0,4.0,132,victory,1,0,,0,58,51,0:0|0:1|0:2|0:3|0:4|0:5|0:6|0:7|1:0|1:1|1:3|1:4|1:5|1:6|2:0|2:1|2:3|2:4|2:5|3:1|3:4|3:5|3:6|4:2|4:4|5:0|5:1|5:2|5:3|5:4|6:0|6:1|6:2|6:3|7:0|7:1|7:2|7:3|7:4|7:5|7:6|8:2|8:3|8:5|8:6|8:7|8:8|9:2|9:3|9:5|9:6,936
311,2039,0.6927927927927928,4.0,4.0,0.0,4.0,68,victory,1,0,,0,36,32,0:0|0:1|0:2|0:3|0:4|1:0|1:1|1:3|1:4|2:3|2:4|3:4|4:4|4:5|5:1|5:2|5:3|5:4|6:2|6:3|6:4|7:2|7:3|7:4|7:5|7:6|7:7|8:4|8:5|8:6|8:7|8:8,936
312,2040,0.6918018018018018,4.0,4.0,0.0,4.0,67,victory,1,0,,0,38,35,0:0|0:1|0:2|0:3|0:4|1:0|1:1|1:4|2:0|2:1|2:4|3:0|3:1|3:4|4:4|4:6|5:2|5:3|5:4|5:6|6:2|6:3|6:4|6:6|7:3|7:4|7:6|8:3|8:4|8:5|8:6|8:7|8:8|9:5|9:6,936
313,2041,0.6908108108108109,4.0,4.0,0.0,4.0,46,victory,1,0,,0,34,30,0:0|0:4|1:0|1:1|1:3|1:4|2:1|2:3|2:4|2:5|3:1|3:2|3:3|3:4|4:3|4:4|4:5|5:3|5:4|6:2|6:3|6:4|7:3|7:4|7:5|8:4|8:5|8:6|8:7|8:8,936
314,2042,0.6898198198198198,4.0,4.0,0.0,4.0,89,victory,1,0,,0,61,52,0:0|0:1|0:2|0:3|0:4|0:8|1:0|1:1|1:3|1:4|1:5|1:6|1:7|1:8|2:3|2:4|2:7|2:8|3:6|3:7|3:8|4:4|4:5|4:6|4:7|5:0|5:1|5:2|5:3|5:4|6:0|6:2|6:3|7:0|7:1|7:2|8:0|8:1|8:2|8:3|8:4|8:5|8:6|8:7|8:8|9:0|9:1|9:2|9:3|9:4|9:5|9:7,936
315,2043,0.6888288288288288,4.0,4.0,0.0,4.0,41,victory,1,0,,0,29,29,0:0|0:1|0:2|0:3|0:4|1:0|1:1|1:3|1:4|2:3|2:4|3:4|4:2|4:4|5:2|5:3|5:4|6:2|6:3|7:2|8:1|8:2|8:3|8:4|8:5|8:6|8:7|8:8|9:6,936
316,2044,0.6878378378378378,4.0,4.0,0.0,4.0,110,victory,1,0,,0,54,45,0:0|0:1|0:2|0:3|0:4|1:0|1:1|1:3|1:4|1:5|2:0|2:1|2:3|2:4|2:5|2:6|3:4|3:5|3:6|4:3|4:4|4:5|5:0|5:1|5:2|5:3|6:0|6:1|6:2|6:3|6:5|7:0|7:1|7:2|7:3|7:5|7:7|8:3|8:4|8:5|8:6|8:7|8:8|9:4|9:5,936
317,2045,0.6868468468468469,4.0,4.0,0.0,4.0,75,victory,1,0,,0,38,38,0:0|0:1|0:2|0:3|0:4|1:3|1:4|2:3|2:4|3:3|3:4|4:1|4:2|4:3|4:4|5:1|5:2|5:3|5:4|6:0|6:1|6:2|6:3|6:4|7:0|7:1|7:2|7:3|7:4|7:5|7:6|8:2|8:5|8:6|8:7|8:8|9:4|9:5,936
318,2046,0.6858558558558558,4.0,4.0,0.0,4.0,85,victory,1,0,,0,41,38,0:0|0:1|0:2|0:3|0:4|1:4|2:3|2:4|2:5|3:3|3:4|3:5|4:3|4:4|5:2|5:3|5:4|6:1|6:2|6:5|7:1|7:2|7:3|7:4|7:5|7:6|8:1|8:4|8:5|8:6|8:7|8:8|9:1|9:2|9:3|9:4|9:7|9:8,936
319,2047,0.6848648648648649,4.0,4.0,0.0,4.0,83,victory,1,0,,0,45,39,0:0|0:1|0:2|0:3|0:4|1:3|1:4|2:3|2:4|3:4|3:5|4:3|4:4|4:5|5:0|5:1|5:2|5:3|5:4|5:5|6:0|6:1|6:2|6:3|6:4|6:5|7:0|7:1|7:2|7:3|7:5|8:5|8:6|8:7|8:8|8:9|9:7|9:8|9:9,936
320,2048,0.6838738738738739,4.0,4.0,0.0,4.0,82,victory,1,0,,0,36,35,0:0|0:1|0:2|0:3|0:4|0:5|1:0|1:1|1:4|2:0|2:1|2:4|3:4|4:1|4:2|4:4|5:2|5:3|5:4|6:2|6:4|7:2|7:3|7:4|7:5|7:6|7:7|7:8|8:4|8:5|8:6|8:7|8:8|9:5|9:7,936
321,2049,0.6828828828828829,4.0,4.0,0.0,4.0,76,victory,1,0,,0,39,36,0:0|0:1|0:2|0:3|0:4|0:5|0:6|1:4|1:5|2:4|2:5|2:6|3:4|3:5|3:6|4:4|5:3|5:4|6:1|6:2|6:3|6:4|6:6|7:3|7:6|7:7|8:3|8:4|8:5|8:6|8:7|8:8|9:3|9:4|9:5|9:6,936
322,2050,0.6818918918918919,4.0,4.0,0.0,4.0,30,victory,1,0,,0,24,23,0:0|0:1|0:2|0:3|0:4|1:3|1:4|2:4|2:5|3:4|4:4|5:3|5:4|6:2|6:3|7:2|7:3|7:4|7:5|7:6|8:6|8:7|8:8,936
323,2051,0.6809009009009008,4.0,4.0,0.0,4.0,90,victory,1,0,,0,49,41,0:0|0:1|1:1|2:1|2:4|3:1|3:4|4:1|4:3|4:4|4:5|4:6|5:1|5:2|5:3|5:4|5:5|5:6|6:2|6:3|6:4|6:5|6:6|7:3|7:4|7:5|7:6|7:7|8:2|8:3|8:4|8:5|8:6|8:7|8:8|9:1|9:2|9:3|9:4|9:5|9:6,936
324,2052,0.67990990990991,4.0,4.0,0.0,4.0,65,victory,1,0,,0,33,31,0:0|0:1|0:2|0:3|1:3|1:4|1:5|1:6|2:3|2:4|3:3|3:4|3:5|3:6|4:2|4:3|4:4|4:5|4:6|5:2|5:3|6:2|6:3|7:3|7:4|7:5|7:6|7:7|8:3|8:7|8:8,936
325,2053,0.6789189189189189,4.0,4.0,0.0,4.0,26,victory,1,0,,0,26,26,0:0|0:1|0:2|0:3|1:3|1:4|2:4|3:4|4:4|5:2|5:3|5:4|6:1|6:2|6:3|7:3|7:7|7:8|8:3|8:6|8:7|8:8|9:3|9:4|9:5|9:6,936
326,2054,0.677927927927928,4.0,4.0,0.0,4.0,161,victory,1,0,,0,62,55,0:0|0:1|0:2|0:3|1:0|1:1|1:4|1:5|1:6|2:0|2:1|2:4|2:5|2:6|3:0|3:1|3:4|3:5|3:6|4:1|4:2|4:3|4:4|4:5|4:6|5:0|5:1|5:2|5:4|5:5|6:0|6:1|6:2|6:3|6:4|6:5|6:6|6:8|6:9|7:3|7:4|7:5|7:6|7:7|7:8|7:9|8:4|8:5|8:6|8:7|8:8|9:4|9:5|9:6|9:7,936
327,2055,0.6769369369369369,4.0,4.0,0.0,4.0,76,victory,1,0,,0,40,36,0:0|0:1|0:2|0:3|0:4|1:0|1:1|1:4|2:4|2:5|3:4|3:5|4:4|4:5|5:4|5:5|6:2|6:3|6:5|6:6|6:8|6:9|7:3|7:4|7:5|7:6|7:7|7:8|7:9|8:5|8:6|8:7|8:8|9:5|9:6|9:8,936
328,2056,0.6759459459459459,4.0,4.0,0.0,4.0,79,victory,1,0,,0,42,37,0:0|0:1|0:2|0:3|1:3|1:4|2:3|2:4|2:5|3:4|3:5|4:2|4:3|4:4|4:5|5:1|5:2|5:3|5:4|6:2|6:3|6:4|7:1|7:2|7:3|7:4|7:5|7:6|8:4|8:5|8:6|8:7|8:8|9:5|9:6|9:7|9:8,936
329,2057,0.6749549549549549,4.0,4.0,0.0,4.0,97,victory,1,0,,0,42,38,0:0|0:1|0:2|0:3|0:4|0:5|1:0|1:1|1:3|1:4|2:0|2:1|2:3|2:4|3:4|3:5|4:4|4:5|5:2|5:3|5:4|5:5|6:2|6:3|6:5|7:2|7:3|7:5|7:7|8:4|8:5|8:6|8:7|8:8|9:4|9:5|9:6|9:7,936
330,2058,0.673963963963964,4.0,4.0,0.0,4.0,66,victory,1,0,,0,31,30,0:0|0:1|0:2|0:3|0:4|0:5|1:3|1:4|2:4|3:4|4:4|4:5|5:0|5:1|5:2|5:3|5:4|6:0|6:1|6:2|6:3|6:4|7:1|7:3|7:4|7:5|8:5|8:6|8:7|8:8,936
331,2059,0.672972972972973,4.0,4.0,0.0,4.0,80,victory,1,0,,0,44,42,0:0|0:1|0:2|0:3|0:4|1:0|1:1|1:3|1:4|1:5|1:6|2:4|2:5|2:6|2:7|3:4|3:5|3:6|4:1|4:2|4:4|5:1|5:2|5:3|5:4|5:5|5:6|6:2|6:3|6:5|6:6|7:3|7:4|7:5|7:6|8:4|8:5|8:6|8:7|8:8|9:4|9:5,936
332,2060,0.6719819819819819,4.0,4.0,0.0,4.0,87,victory,1,0,,0,41,41,0:0|0:1|0:2|0:3|0:4|0:5|0:6|0:7|1:0|1:1|1:4|1:5|1:6|2:0|2:1|2:4|3:4|3:5|4:3|4:4|5:1|5:2|5:3|5:4|5:5|6:1|6:2|6:3|6:4|6:5|7:1|7:2|7:3|7:4|7:5|7:6|8:2|8:5|8:6|8:7|8:8,936
333,2061,0.670990990990991,4.0,4.0,0.0,4.0,58,victory,1,0,,0,39,34,0:0|0:1|0:2|0:3|0:4|0:5|1:3|1:4|2:3|2:4|3:2|3:3|3:4|3:5|4:2|4:3|4:4|4:5|5:1|5:2|5:3|5:4|5:5|6:2|6:5|7:4|7:5|8:5|8:6|8:7|8:8|9:5|9:6|9:7,936
334,2062,0.67,4.0,4.0,0.0,4.0,83,victory,1,0,,0,38,37,0:0|0:1|0:2|0:3|0:4|1:0|1:1|1:4|1:5|2:1|2:4|3:1|3:2|3:4|3:5|4:1|4:2|4:3|4:4|5:1|5:2|6:0|6:1|6:2|7:1|7:2|7:3|7:4|7:6|7:7|8:4|8:5|8:6|8:7|8:8|9:6|9:7,936
335,2063,0.6690090090090091,4.0,4.0,0.0,4.0,90,victory,1,0,,0,44,41,0:0|0:1|0:2|0:3|0:4|0:5|0:6|1:3|1:4|1:5|1:6|1:7|2:4|2:5|2:6|2:7|3:4|3:5|4:2|4:3|4:4|4:5|5:2|5:3|5:5|6:2|6:3|6:4|6:5|7:2|7:3|7:4|7:5|7:7|7:8|8:4|8:5|8:6|8:7|8:8|9:5,936
336,2064,0.668018018018018,4.0,4.0,0.0,4.0,47,victory,1,0,,0,27,26,0:0|0:1|0:2|0:3|0:4|1:3|1:4|1:5|2:4|3:4|3:5|4:4|4:5|5:2|5:3|5:4|6:2|6:3|6:4|7:3|7:4|7:5|8:5|8:6|8:7|8:8,936
337,2065,0.667027027027027,4.0,4.0,0.0,4.0,61,victory,1,0,,0,36,31,0:0|0:1|0:2|0:3|0:4|0:5|1:0|1:1|1:3|1:4|1:5|2:4|3:4|4:4|5:4|5:5|5:6|6:2|6:6|7:2|7:3|7:4|7:5|7:6|7:7|7:8|8:5|8:6|8:7|8:8|8:9,936
338,2066,0.666036036036036,4.0,4.0,0.0,4.0,49,victory,1,0,,0,33,30,0:0|0:1|0:2|0:3|1:3|1:4|1:5|2:4|2:5|3:4|4:3|4:4|4:5|5:1|5:2|5:3|6:1|6:2|6:3|7:2|8:2|8:5|8:6|8:7|8:8|9:2|9:3|9:4|9:5|9:6,936
339,2067,0.6650450450450451,4.0,4.0,0.0,4.0,52,victory,1,0,,0,35,30,0:0|0:1|0:2|0:3|0:4|1:3|1:4|2:3|2:4|3:2|3:3|3:4|4:2|4:4|4:5|5:2|5:3|5:4|6:2|6:3|7:3|8:3|8:4|8:5|8:6|8:7|8:8|9:5|9:6|9:7,936
340,2068,0.664054054054054,4.0,4.0,0.0,4.0,57,victory,1,0,,0,38,32,0:0|0:1|0:2|0:3|0:4|1:0|1:1|1:4|2:4|2:5|3:4|3:5|4:3|4:4|4:5|5:2|5:3|5:4|5:5|6:2|6:3|6:4|6:5|6:6|7:3|7:4|7:5|7:6|7:7|8:6|8:7|8:8,936
341,2069,0.6630630630630631,4.0,4.0,0.0,4.0,69,victory,1,0,,0,37,33,0:0|0:1|0:2|0:3|0:4|0:5|1:3|1:4|2:3|2:4|2:5|3:3|3:4|3:5|4:4|4:5|5:2|5:3|5:4|6:1|6:2|6:3|6:5|7:1|7:2|7:3|7:4|7:5|7:7|8:5|8:6|8:7|8:8,936
342,2070,0.6620720720720721,4.0,4.0,0.0,4.0,76,victory,1,0,,0,41,36,0:0|0:1|0:2|0:3|0:4|1:3|1:4|1:5|2:3|2:4|2:5|3:3|3:4|4:3|4:4|4:5|5:2|5:3|6:2|6:3|6:4|6:5|6:6|7:3|7:4|7:5|7:6|7:7|8:3|8:4|8:5|8:6|8:7|8:8|9:3|9:4,936
343,2071,0.6610810810810811,4.0,4.0,0.0,4.0,77,victory,1,0,,0,44,38,0:0|0:1|0:2|0:3|0:4|0:5|1:1|1:3|1:4|1:5|2:3|2:4|2:5|3:3|3:4|3:5|3:6|4:3|4:4|5:4|5:5|5:6|6:2|6:4|6:5|6:8|7:2|7:3|7:4|7:5|7:6|7:7|7:8|8:2|8:3|8:7|8:8|9:2,936
344,2072,0.6600900900900901,4.0,4.0,0.0,4.0,75,victory,1,0,,0,42,39,0:0|0:1|0:2|0:3|0:4|1:0|1:3|1:4|2:3|2:4|3:3|3:4|3:5|4:3|4:4|4:5|5:3|5:4|5:5|5:6|6:1|6:2|6:3|6:5|7:3|7:4|7:5|7:6|7:7|7:8|8:3|8:4|8:5|8:6|8:7|8:8|9:3|9:4|9:5,936
345,2073,0.659099099099099,4.0,4.0,0.0,4.0,93,victory,1,0,,0,56,51,0:0|0:1|0:2|0:3|0:4|0:5|0:6|0:7|1:4|1:5|1:6|1:7|1:8|2:4|2:7|2:8|3:3|3:4|4:2|4:3|4:4|5:2|5:3|5:4|6:0|6:1|6:2|6:3|6:4|6:6|7:0|7:1|7:2|7:3|7:4|7:5|7:6|8:0|8:2|8:5|8:6|8:7|8:8|9:0|9:1|9:2|9:3|9:4|9:5|9:6|9:7,936
346,2074,0.6581081081081082,4.0,4.0,0.0,4.0,43,victory,1,0,,0,27,26,0:0|0:1|0:2|0:3|0:4|1:1|1:4|1:5|2:3|2:4|3:4|4:2|4:3|4:4|5:2|5:3|5:4|6:2|6:3|6:4|7:4|7:5|8:5|8:6|8:7|8:8,936
347,2075,0.6571171171171171,4.0,4.0,0.0,4.0,40,victory,1,0,,0,28,28,0:0|0:1|0:2|0:3|1:1|1:3|1:4|1:5|2:4|3:4|4:2|4:3|4:4|5:2|5:3|6:2|7:2|7:3|7:4|7:5|8:4|8:5|8:7|8:8|9:4|9:5|9:6|9:7,936
348,2076,0.6561261261261262,4.0,4.0,0.0,4.0,49,victory,1,0,,0,32,29,0:0|0:1|0:2|0:3|1:1|1:3|1:4|2:4|2:5|3:4|3:5|4:4|4:5|5:2|5:3|5:4|6:2|6:3|7:3|7:4|7:5|7:6|7:7|8:5|8:6|8:7|8:8|9:5|9:6,936
349,2077,0.6551351351351351,4.0,4.0,0.0,4.0,69,victory,1,0,,0,33,33,0:0|0:1|0:2|0:3|0:4|1:0|1:1|1:4|2:0|2:4|3:1|3:2|3:4|4:1|4:2|4:3|4:4|4:5|5:1|5:2|6:2|6:3|7:2|7:3|8:2|8:3|8:4|8:5|8:6|8:7|8:8|9:5|9:7,936
350,2078,0.6541441441441441,4.0,4.0,0.0,4.0,60,victory,1,0,,0,32,30,0:0|0:1|0:2|0:3|0:4|0:5|1:0|1:3|1:4|2:4|3:4|4:4|4:5|5:3|5:4|6:2|6:3|6:4|7:2|7:3|7:4|8:2|8:3|8:4|8:5|8:6|8:7|8:8|9:4|9:5,936
351,2079,0.6531531531531531,4.0,4.0,0.0,4.0,60,victory,1,0,,0,32,32,0:0|0:1|0:2|0:3|0:4|1:0|1:1|1:4|2:1|2:4|3:3|3:4|4:3|4:4|5:2|5:3|5:4|6:2|6:6|7:2|7:3|7:4|7:6|7:7|8:2|8:3|8:4|8:5|8:6|8:7|8:8|9:5,936
352,2080,0.6521621621621622,4.0,4.0,0.0,4.0,68,victory,1,0,,0,47,39,0:0|0:1|0:2|0:3|0:4|0:5|1:4|1:5|2:3|2:4|2:5|3:4|3:5|4:4|5:4|5:5|6:2|6:4|6:5|7:2|7:3|7:4|7:5|7:6|7:7|7:8|7:9|8:2|8:3|8:4|8:5|8:6|8:7|8:8|8:9|9:4|9:5|9:8|9:9,936
353,2081,0.6511711711711712,4.0,4.0,0.0,4.0,64,victory,1,0,,0,38,34,0:0|0:1|0:2|0:3|0:4|0:5|1:0|1:1|1:4|2:0|2:1|2:4|3:4|4:4|5:4|6:2|6:3|6:4|6:5|6:6|7:1|7:2|7:3|7:4|7:5|7:6|7:7|8:6|8:7|8:8|8:9|9:7|9:8|9:9,936
354,2082,0.6501801801801802,4.0,4.0,0.0,4.0,51,victory,1,0,,0,34,32,0:0|0:1|0:2|0:3|1:1|1:3|1:4|2:4|3:4|4:2|4:3|4:4|5:1|5:2|5:3|5:4|6:0|6:1|6:2|6:3|6:4|6:5|6:6|7:0|7:3|7:4|7:5|7:6|8:5|8:6|8:7|8:8,936
355,2083,0.6491891891891892,4.0,4.0,0.0,4.0,77,victory,1,0,,0,38,34,0:0|0:1|0:2|0:3|0:4|1:4|1:5|2:4|3:3|3:4|3:5|4:2|4:3|4:4|5:2|5:3|5:4|6:1|6:2|6:3|6:4|6:5|6:6|7:1|7:2|7:3|7:4|7:5|7:6|7:7|8:5|8:6|8:7|8:8,936
356,2084,0.6481981981981982,4.0,4.0,0.0,4.0,62,victory,1,0,,0,37,31,0:0|0:1|0:2|0:3|0:4|1:4|2:4|2:5|2:6|3:4|4:1|4:2|4:3|4:4|5:2|5:3|5:4|5:5|5:6|6:2|6:3|6:4|6:5|7:3|7:4|7:5|8:4|8:5|8:6|8:7|8:8,936
357,2085,0.6472072072072073,4.0,4.0,0.0,4.0,38,victory,1,0,,0,31,31,0:0|0:1|0:2|0:3|0:4|1:4|2:4|3:4|3:5|4:4|4:5|5:2|5:3|5:4|6:0|6:1|6:2|6:3|7:0|7:1|7:2|7:3|8:0|8:1|8:3|8:4|8:5|8:6|8:7|8:8|9:3,936
358,2086,0.6462162162162162,4.0,4.0,0.0,4.0,66,victory,1,0,,0,39,37,0:0|0:1|0:2|0:3|0:4|1:1|1:3|1:4|1:5|2:3|2:4|2:5|3:0|3:1|3:2|3:3|3:4|3:5|4:0|4:1|4:2|4:3|4:4|4:5|5:2|5:3|6:2|6:3|7:3|8:3|8:4|8:5|8:6|8:7|8:8|9:6|9:7,936
359,2087,0.6452252252252253,4.0,4.0,0.0,4.0,94,victory,1,0,,0,45,37,0:0|0:1|0:2|0:3|0:4|0:5|0:6|1:3|1:4|1:5|1:6|2:3|2:4|2:5|2:6|3:4|4:4|5:1|5:2|5:3|5:4|6:1|6:2|6:3|6:4|6:5|6:6|7:2|7:3|7:6|8:4|8:5|8:6|8:7|8:8|9:5|9:6,936
360,2088,0.6442342342342342,4.0,4.0,0.0,4.0,56,victory,1,0,,0,32,28,0:0|0:1|0:2|0:3|0:4|1:3|1:4|1:5|2:3|2:4|2:5|2:6|3:4|4:4|5:4|6:2|6:3|6:4|6:5|7:3|7:4|7:5|7:6|7:7|8:5|8:6|8:7|8:8,936
361,2089,0.6432432432432433,4.0,4.0,0.0,4.0,90,victory,1,0,,0,40,36,0:0|0:1|0:2|0:3|0:4|0:5|0:6|0:7|1:0|1:1|1:3|1:4|1:5|2:0|2:1|2:3|2:4|2:5|3:1|3:4|4:2|4:3|4:4|5:3|5:4|5:5|5:6|6:2|6:3|6:4|6:5|6:6|7:6|8:6|8:7|8:8,936
362,2090,0.6422522522522522,4.0,4.0,0.0,4.0,131,victory,1,0,,0,47,44,0:0|0:1|0:2|0:3|0:4|1:3|1:4|2:3|2:4|2:5|3:2|3:3|3:4|3:5|4:4|4:5|5:2|5:3|5:4|6:0|6:1|6:2|7:1|7:2|7:3|7:4|7:5|7:6|7:7|8:1|8:2|8:3|8:4|8:5|8:6|8:7|8:8|9:1|9:2|9:3|9:4|9:5|9:6|9:7,936
363,2091,0.6412612612612613,4.0,4.0,0.0,4.0,62,victory,1,0,,0,32,30,0:0|0:1|0:2|0:3|0:4|0:5|1:0|1:3|1:4|2:0|2:4|2:5|2:6|3:4|4:2|4:4|5:2|5:3|5:4|6:2|7:2|7:3|7:4|8:4|8:5|8:6|8:7|8:8|9:5|9:7,936
364,2092,0.6402702702702703,4.0,4.0,0.0,4.0,122,victory,1,0,,0,53,44,0:0|0:1|0:2|0:3|0:4|0:5|1:3|1:4|1:5|1:6|2:3|2:4|2:5|2:6|3:4|4:2|4:4|4:5|4:6|5:2|5:3|5:4|5:5|5:6|6:2|6:3|6:4|6:5|6:6|7:2|7:3|7:4|7:6|7:7|7:8|8:3|8:4|8:5|8:6|8:7|8:8|9:5|9:6|9:7,936
365,2093,0.6392792792792793,4.0,4.0,0.0,4.0,75,victory,1,0,,0,51,47,0:0|0:1|0:2|0:3|0:4|0:5|0:6|0:7|1:0|1:1|1:3|1:4|1:5|1:6|1:7|2:0|2:1|2:4|2:5|2:7|3:0|3:1|3:4|3:5|3:6|3:7|3:8|4:3|4:4|5:3|6:1|6:2|6:3|6:4|7:1|7:2|7:3|7:4|8:0|8:1|8:2|8:3|8:4|8:5|8:6|8:7|8:8,936
366,2094,0.6382882882882883,4.0,4.0,0.0,4.0,53,victory,1,0,,0,32,30,0:0|0:1|0:2|0:3|1:1|1:3|1:4|2:4|3:2|3:3|3:4|3:5|4:2|4:3|4:4|5:2|5:3|6:2|6:3|6:4|7:2|7:3|7:4|7:5|7:6|8:4|8:5|8:6|8:7|8:8,936
367,2095,0.6372972972972972,4.0,4.0,0.0,4.0,54,victory,1,0,,0,30,29,0:0|0:1|0:2|0:3|0:4|1:0|1:1|1:4|2:4|3:4|4:4|5:2|5:3|5:4|5:5|6:2|6:3|6:4|6:5|7:2|7:3|7:4|7:5|8:2|8:5|8:6|8:7|8:8|9:7,936
368,2096,0.6363063063063064,4.0,4.0,0.0,4.0,70,victory,1,0,,0,32,31,0:0|0:1|0:2|0:3|0:4|1:4|2:4|3:4|4:1|4:4|5:1|5:2|5:3|5:4|6:0|6:1|6:2|6:3|6:4|7:1|7:2|7:3|7:7|7:8|8:1|8:3|8:4|8:5|8:6|8:7|8:8,936
369,2097,0.6353153153153153,4.0,4.0,0.0,4.0,37,victory,1,0,,0,27,26,0:0|0:1|0:2|0:3|0:4|1:0|1:1|1:4|2:1|2:3|2:4|2:5|3:4|4:4|5:2|5:3|5:4|6:2|6:3|7:3|7:4|7:5|8:5|8:6|8:7|8:8,936
370,2098,0.6343243243243244,4.0,4.0,0.0,4.0,64,victory,1,0,,0,29,29,0:0|0:1|0:2|0:3|0:4|1:3|1:4|2:4|3:4|4:2|4:3|4:4|5:1|5:2|5:3|6:1|6:2|6:3|6:4|7:4|7:5|8:4|8:5|8:6|8:7|8:8|9:4|9:5|9:6,936
371,2099,0.6333333333333333,4.0,4.0,0.0,4.0,59,victory,1,0,,0,31,29,0:0|0:1|0:2|0:3|0:4|1:1|1:3|1:4|2:4|3:3|3:4|4:4|5:3|5:4|6:2|6:3|7:2|7:3|7:4|7:5|8:2|8:3|8:4|8:5|8:6|8:7|8:8|9:4|9:5,936
372,2100,0.6323423423423423,4.0,4.0,0.0,4.0,80,victory,1,0,,0,37,34,0:0|0:1|0:2|0:3|0:4|1:0|1:1|1:4|1:5|2:4|2:5|3:3|3:4|3:5|3:6|4:2|4:3|4:4|5:0|5:1|5:2|6:0|6:1|6:2|6:3|6:6|7:3|7:4|7:5|7:6|8:5|8:6|8:7|8:8,936
373,2101,0.6313513513513513,4.0,4.0,0.0,4.0,78,victory,1,0,,0,39,37,0:0|0:1|0:2|0:3|0:4|1:3|1:4|2:3|2:4|3:4|4:4|4:5|5:2|5:3|5:4|5:5|6:1|6:2|6:3|6:4|7:1|7:2|7:3|7:4|7:5|8:0|8:1|8:2|8:3|8:5|8:6|8:7|8:8|9:1|9:2|9:3|9:5,936
374,2102,0.6303603603603604,4.0,4.0,0.0,4.0,55,victory,1,0,,0,31,29,0:0|0:1|0:2|0:3|0:4|1:0|1:1|1:3|1:4|1:5|2:4|2:5|3:4|3:5|4:4|5:2|5:4|6:2|6:3|6:4|7:3|7:4|7:6|7:7|8:4|8:5|8:6|8:7|8:8,936
375,2103,0.6293693693693694,4.0,4.0,0.0,4.0,47,victory,1,0,,0,24,21,0:0|0:1|0:2|0:3|0:4|1:4|2:4|3:4|4:4|5:3|5:4|6:2|6:3|7:3|7:4|8:3|8:4|8:5|8:6|8:7|8:8,936
376,2104,0.6283783783783784,4.0,4.0,0.0,4.0,57,victory,1,0,,0,30,29,0:0|0:1|0:2|0:3|1:0|1:1|1:3|1:4|2:1|2:4|2:5|3:4|4:4|5:1|5:2|5:3|5:4|6:2|6:3|7:3|7:4|8:4|8:5|8:6|8:7|8:8|9:3|9:4|9:6,936
377,2105,0.6273873873873874,4.0,4.0,0.0,4.0,48,victory,1,0,,0,32,29,0:0|0:1|0:2|0:3|0:4|1:3|1:4|2:4|3:4|4:2|4:3|4:4|4:5|5:1|5:2|5:3|5:4|5:5|6:2|6:3|6:4|6:5|7:3|7:4|7:5|8:5|8:6|8:7|8:8,936
378,2106,0.6263963963963964,4.0,4.0,0.0,4.0,40,victory,1,0,,0,27,26,0:0|0:1|0:2|0:3|0:4|1:3|1:4|2:4|3:4|4:4|4:5|5:2|5:3|5:4|5:5|6:2|6:3|6:4|6:5|7:5|8:5|8:6|8:7|8:8|9:7|9:8,936
379,2107,0.6254054054054055,4.0,4.0,0.0,4.0,46,victory,1,0,,0,30,29,0:0|0:1|0:2|0:3|0:4|0:5|0:6|1:1|1:4|2:4|3:2|3:3|3:4|4:2|4:3|4:4|5:2|6:1|6:2|6:3|7:3|8:3|8:5|8:6|8:7|8:8|9:3|9:4|9:5,936
380,2108,0.6244144144144144,4.0,4.0,0.0,4.0,78,victory,1,0,,0,41,41,0:0|0:1|0:2|0:3|0:4|1:0|1:1|1:4|1:5|2:3|2:4|2:5|3:4|3:5|4:1|4:2|4:4|5:1|5:2|5:3|5:4|6:1|6:2|6:3|6:4|6:5|7:2|7:4|7:5|7:6|7:7|8:2|8:3|8:5|8:6|8:7|8:8|9:3|9:4|9:5|9:6,936
381,2109,0.6234234234234235,4.0,4.0,0.0,4.0,77,victory,1,0,,0,35,35,0:0|0:1|0:2|0:3|0:4|1:4|2:3|2:4|3:3|3:4|4:3|4:4|5:2|5:3|5:4|6:2|6:3|7:1|7:2|7:3|7:4|7:5|7:6|7:7|8:1|8:2|8:4|8:5|8:6|8:7|8:8|9:2|9:3|9:4|9:5,936
382,2110,0.6224324324324324,4.0,4.0,0.0,4.0,72,victory,1,0,,0,45,42,0:0|0:1|0:2|0:3|1:0|1:1|1:3|1:4|2:4|3:0|3:2|3:3|3:4|4:0|4:1|4:2|4:3|4:4|4:5|4:6|5:0|5:1|5:2|5:3|5:4|5:5|6:0|6:1|6:2|7:2|7:3|7:6|8:3|8:5|8:6|8:7|8:8|9:2|9:3|9:4|9:5|9:6,936
383,2111,0.6214414414414415,4.0,4.0,0.0,4.0,62,victory,1,0,,0,37,35,0:0|0:1|0:2|0:3|0:4|0:5|0:6|1:0|1:1|1:4|2:3|2:4|3:2|3:3|3:4|4:2|4:3|4:4|5:1|5:2|5:3|5:4|6:1|6:2|6:3|6:4|6:5|7:2|7:3|7:4|7:5|8:5|8:6|8:7|8:8,936
384,2112,0.6204504504504504,4.0,4.0,0.0,4.0,40,victory,1,0,,0,27,26,0:0|0:1|0:2|0:3|0:4|1:3|1:4|2:3|2:4|3:4|4:3|4:4|5:2|5:3|5:4|6:2|6:3|7:3|7:4|7:5|7:7|8:5|8:6|8:7|8:8|9:6,936
385,2113,0.6194594594594595,4.0,4.0,0.0,4.0,70,victory,1,0,,0,36,29,0:0|0:1|0:2|0:3|1:0|1:3|1:4|1:5|2:4|3:4|4:3|4:4|5:2|5:3|5:4|5:5|6:2|6:3|6:4|6:5|7:2|7:3|7:4|7:5|8:5|8:6|8:7|8:8|9:6,936
386,2114,0.6184684684684685,4.0,4.0,0.0,4.0,79,victory,1,0,,0,44,34,0:0|0:1|0:2|0:3|0:4|0:5|0:6|1:4|1:5|1:6|1:7|2:4|2:5|2:6|2:7|3:4|4:4|5:4|6:2|6:3|6:4|6:5|6:6|7:3|7:4|7:5|7:6|7:7|7:8|8:6|8:7|8:8|9:7|9:8,936
387,2115,0.6174774774774775,4.0,4.0,0.0,4.0,40,victory,1,0,,0,29,28,0:0|0:1|0:2|0:3|0:4|1:1|1:4|1:5|2:4|3:3|3:4|4:3|4:4|5:3|6:2|6:3|7:2|7:3|7:5|7:6|8:3|8:4|8:5|8:6|8:7|8:8|9:5|9:6,936
388,2116,0.6164864864864865,4.0,4.0,0.0,4.0,83,victory,1,0,,0,45,43,0:0|0:1|0:2|0:3|0:4|0:5|0:6|0:7|1:3|1:4|1:5|2:4|3:3|3:4|3:5|4:2|4:3|4:4|4:5|5:1|5:2|5:3|5:4|5:5|6:1|6:2|6:3|6:5|6:6|7:1|7:2|7:3|7:5|7:6|7:7|8:3|8:4|8:5|8:6|8:7|8:8|9:6|9:7,936
389,2117,0.6154954954954954,4.0,4.0,0.0,4.0,59,victory,1,0,,0,40,35,0:0|0:1|0:2|0:3|0:4|1:0|1:1|1:4|1:5|2:4|3:4|4:3|4:4|4:5|4:6|5:3|5:4|5:5|6:1|6:2|6:3|6:4|6:5|7:2|7:3|7:4|7:5|8:3|8:4|8:5|8:6|8:7|8:8|9:3|9:4,936
390,2118,0.6145045045045046,4.0,4.0,0.0,4.0,102,victory,1,0,,0,48,43,0:0|0:1|0:2|0:3|0:4|1:0|1:1|1:4|1:5|2:0|2:1|2:3|2:4|3:0|3:1|3:3|3:4|4:0|4:1|4:2|4:3|4:4|5:0|5:1|5:2|5:3|5:4|5:5|5:6|6:0|6:1|6:2|6:3|7:2|7:3|7:4|7:5|7:6|8:4|8:5|8:6|8:7|8:8,936
391,2119,0.6135135135135135,4.0,4.0,0.0,4.0,107,victory,1,0,,0,49,45,0:0|0:1|0:2|0:3|0:4|0:5|0:6|0:7|0:8|1:0|1:4|1:5|1:6|1:7|1:8|2:4|2:5|3:5|4:1|4:2|4:3|4:4|4:5|5:1|5:2|5:3|5:4|6:1|6:2|6:3|7:1|7:2|7:4|7:5|7:6|8:1|8:2|8:3|8:4|8:5|8:6|8:7|8:8|9:5|9:6,936
392,2120,0.6125225225225226,4.0,4.0,0.0,4.0,46,victory,1,0,,0,31,31,0:0|0:1|0:2|0:3|0:4|0:5|1:1|1:4|2:4|3:4|4:4|4:5|5:1|5:2|5:3|5:4|5:5|6:2|6:3|7:2|7:3|7:4|8:3|8:4|8:5|8:6|8:7|8:8|9:6|9:7|9:8,936
393,2121,0.6115315315315315,4.0,4.0,0.0,4.0,68,victory,1,0,,0,36,35,0:0|0:1|0:2|0:3|0:4|0:5|1:4|2:4|3:4|4:1|4:2|4:3|4:4|4:5|5:1|5:2|6:1|6:2|6:3|6:4|6:5|7:2|7:3|7:4|7:5|8:4|8:5|8:6|8:7|8:8|9:4|9:5|9:6|9:7|9:8,936
394,2122,0.6105405405405405,4.0,4.0,0.0,4.0,54,victory,1,0,,0,28,28,0:0|0:1|0:2|0:3|0:4|1:0|1:1|1:4|2:1|2:4|3:4|4:3|4:4|5:2|5:3|5:4|5:5|6:2|6:3|7:3|7:4|7:5|7:6|8:3|8:4|8:6|8:7|8:8,936
395,2123,0.6095495495495495,4.0,4.0,0.0,4.0,63,victory,1,0,,0,42,39,0:0|0:1|0:2|0:3|0:4|0:5|1:5|1:6|1:7|2:3|2:4|2:5|2:6|2:7|3:3|3:4|3:5|3:6|3:7|4:4|4:5|4:6|4:7|5:2|5:3|5:4|6:1|6:2|7:1|7:2|7:4|7:5|7:6|7:7|8:2|8:3|8:4|8:7|8:8,936
396,2124,0.6085585585585586,4.0,4.0,0.0,4.0,49,victory,1,0,,0,31,31,0:0|0:1|0:2|0:3|0:4|1:0|1:4|2:4|3:2|3:4|4:2|4:4|4:5|4:6|5:2|5:3|5:4|5:5|5:6|6:2|6:3|6:4|7:3|7:4|7:5|8:5|8:6|8:7|8:8|9:6|9:7,936
397,2125,0.6075675675675676,4.0,4.0,0.0,4.0,67,victory,1,0,,0,36,32,0:0|0:1|0:2|0:3|0:4|0:5|1:3|1:4|1:5|2:4|2:5|3:4|4:4|4:5|5:2|5:3|5:4|5:5|5:6|6:1|6:2|6:3|6:4|6:5|6:6|7:2|7:3|7:6|7:7|8:2|8:7|8:8,936
398,2126,0.6065765765765766,4.0,4.0,0.0,4.0,78,victory,1,0,,0,48,39,0:0|0:1|0:2|0:3|0:4|1:3|1:4|1:5|1:6|2:3|2:4|2:5|3:0|3:1|3:2|3:3|3:4|3:5|4:0|4:1|4:2|4:3|4:4|4:5|5:1|5:2|6:2|7:1|7:2|8:1|8:2|8:3|8:5|8:6|8:7|8:8|9:3|9:4|9:5,936
399,2127,0.6055855855855856,4.0,4.0,0.0,4.0,64,victory,1,0,,0,31,28,0:0|0:1|0:2|0:3|0:4|1:4|2:4|3:4|4:2|4:4|5:2|5:3|5:4|5:5|6:2|6:3|6:4|6:5|7:3|7:4|7:5|8:3|8:4|8:5|8:6|8:7|8:8|9:5,936
400,2128,0.6045945945945945,4.0,4.0,0.0,4.0,36,victory,1,0,,0,24,24,0:0|0:1|0:2|0:3|0:4|1:4|2:3|2:4|3:4|4:2|4:4|5:2|5:3|5:4|6:2|6:3|6:4|7:3|7:4|8:4|8:5|8:6|8:7|8:8,936
401,2129,0.6036036036036037,4.0,4.0,0.0,4.0,66,victory,1,0,,0,31,29,0:0|0:1|0:2|0:3|0:4|1:3|1:4|2:3|2:4|2:5|3:4|4:4|5:2|5:3|5:4|6:2|6:3|6:4|7:3|7:4|7:5|8:3|8:4|8:5|8:6|8:7|8:8|9:4|9:5,936
402,2130,0.6026126126126126,4.0,4.0,0.0,4.0,72,victory,1,0,,0,37,35,0:0|0:1|0:2|0:3|0:4|1:0|1:3|1:4|2:0|2:3|2:4|3:3|3:4|3:5|4:3|4:4|4:5|4:6|5:2|5:3|5:4|6:2|6:3|6:6|7:2|7:3|7:4|7:5|7:6|8:5|8:6|8:7|8:8|9:6|9:7,936
403,2131,0.6016216216216217,4.0,4.0,0.0,4.0,90,victory,1,0,,0,56,45,0:0|0:1|0:2|0:3|0:4|1:0|1:1|1:3|1:4|1:5|2:0|2:1|2:3|2:4|2:5|3:0|3:1|3:2|3:3|3:4|3:5|4:1|4:4|4:5|5:1|5:2|5:3|5:4|5:5|6:0|6:1|6:2|6:3|6:4|6:5|7:4|7:5|8:4|8:5|8:6|8:7|8:8|9:4|9:5|9:6,936
404,2132,0.6006306306306306,4.0,4.0,0.0,4.0,45,victory,1,0,,0,27,27,0:0|0:1|0:2|0:3|0:4|1:4|2:3|2:4|3:4|4:2|4:4|5:2|5:3|5:4|6:2|6:3|7:3|7:4|7:5|7:6|7:7|8:4|8:5|8:6|8:7|8:8|9:6,936
405,2133,0.5996396396396397,4.0,4.0,0.0,4.0,43,victory,1,0,,0,28,27,0:0|0:1|0:2|0:3|0:4|1:4|1:5|2:4|2:5|3:3|3:4|4:3|4:4|5:0|5:1|5:2|5:3|6:2|6:3|7:3|8:3|8:4|8:5|8:6|8:7|8:8|9:5,936
406,2134,0.5986486486486486,4.0,4.0,0.0,4.0,61,victory,1,0,,0,35,32,0:0|0:1|0:2|0:3|0:4|0:5|1:4|1:5|2:4|2:5|3:2|3:3|3:4|4:2|4:3|4:4|5:3|6:0|6:1|6:2|6:3|6:4|6:5|7:1|7:2|7:3|7:5|8:5|8:6|8:7|8:8|9:6,936
407,2135,0.5976576576576577,4.0,4.0,0.0,4.0,76,victory,1,0,,0,42,36,0:0|0:1|0:2|0:3|0:4|1:3|1:4|1:5|2:3|2:4|3:2|3:3|3:4|3:5|4:1|4:2|4:3|4:4|4:5|4:6|5:1|5:2|5:3|5:4|5:5|6:2|6:3|6:4|6:5|7:3|7:4|7:5|7:6|8:6|8:7|8:8,936
408,2136,0.5966666666666667,4.0,4.0,0.0,4.0,58,victory,1,0,,0,34,31,0:0|0:1|0:2|0:3|0:4|1:0|1:1|1:4|1:5|2:3|2:4|2:5|3:3|3:4|3:5|4:2|4:4|5:2|5:3|5:4|5:5|6:2|6:3|6:4|7:3|8:3|8:4|8:5|8:6|8:7|8:8,936
409,2137,0.5956756756756756,4.0,4.0,0.0,4.0,88,victory,1,0,,0,46,43,0:0|0:1|0:2|0:3|0:4|1:0|1:1|1:4|2:0|2:1|2:4|3:0|3:1|3:4|3:5|3:6|3:7|4:0|4:1|4:2|4:3|4:4|4:6|4:7|5:0|5:1|5:2|5:3|5:4|6:1|6:2|6:3|7:3|7:4|8:2|8:3|8:4|8:5|8:6|8:7|8:8|9:4|9:7,936
410,2138,0.5946846846846847,4.0,4.0,0.0,4.0,67,victory,1,0,,0,30,27,0:0|0:1|0:2|0:3|0:4|0:5|1:4|2:4|3:3|3:4|4:3|4:4|4:5|5:2|5:3|5:5|6:2|6:3|6:6|7:3|7:4|7:5|7:6|8:5|8:6|8:7|8:8,936
411,2139,0.5936936936936936,4.0,4.0,0.0,4.0,55,victory,1,0,,0,35,34,0:0|0:1|0:2|0:3|0:4|1:1|1:3|1:4|2:4|3:3|3:4|4:1|4:2|4:3|4:4|5:1|5:2|5:3|5:4|6:1|6:2|6:3|7:1|7:2|7:3|7:4|7:7|8:4|8:5|8:6|8:7|8:8|9:4|9:5,936
412,2140,0.5927027027027028,4.0,4.0,0.0,4.0,56,victory,1,0,,0,29,28,0:0|0:1|0:2|0:3|0:4|0:5|1:1|1:4|2:4|3:4|4:4|4:5|5:2|5:3|5:4|5:5|6:1|6:2|6:3|6:4|7:3|7:4|7:5|7:6|8:5|8:6|8:7|8:8,936
413,2141,0.5917117117117117,4.0,4.0,0.0,4.0,52,victory,1,0,,0,30,28,0:0|0:1|0:2|0:3|1:0|1:3|1:4|2:4|3:4|4:2|4:4|5:2|5:3|5:4|5:5|6:1|6:2|6:3|7:1|7:2|7:3|7:4|7:5|8:5|8:6|8:7|8:8|9:7,936
414,2142,0.5907207207207208,4.0,4.0,0.0,4.0,34,victory,1,0,,0,27,27,0:0|0:1|0:2|0:3|0:4|1:1|1:3|1:4|1:5|2:4|3:4|4:3|4:4|4:5|5:2|5:3|6:2|7:2|8:2|8:3|8:4|8:5|8:6|8:7|8:8|9:5|9:6,936
415,2143,0.5897297297297297,4.0,4.0,0.0,4.0,79,victory,1,0,,0,41,36,0:0|0:1|0:2|0:3|0:4|0:5|0:6|1:0|1:1|1:3|1:4|1:5|1:6|2:0|2:1|2:4|3:0|3:1|3:2|3:3|3:4|4:1|4:2|4:3|4:4|5:2|5:3|6:2|6:3|7:3|7:4|7:5|8:5|8:6|8:7|8:8,936
416,2144,0.5887387387387387,4.0,4.0,0.0,4.0,77,victory,1,0,,0,39,34,0:0|0:1|0:2|0:3|0:4|0:5|0:6|1:0|1:3|1:4|1:5|2:4|3:4|4:4|5:4|5:5|5:6|6:2|6:4|6:5|6:6|7:2|7:3|7:4|7:5|7:6|7:7|8:4|8:6|8:7|8:8|9:6|9:7|9:8,936
417,2145,0.5877477477477477,4.0,4.0,0.0,4.0,49,victory,1,0,,0,32,31,0:0|0:1|0:2|0:3|0:4|1:0|1:1|1:3|1:4|2:0|2:1|2:3|2:4|3:0|3:1|3:4|4:4|5:2|5:3|5:4|6:2|6:3|7:3|7:4|7:5|7:6|8:3|8:5|8:6|8:7|8:8,936
418,2146,0.5867567567567568,4.0,4.0,0.0,4.0,59,victory,1,0,,0,33,32,0:0|0:1|0:2|0:3|0:4|1:1|1:4|2:4|2:5|3:4|3:5|3:6|4:4|5:2|5:3|5:4|6:0|6:1|6:2|7:0|7:1|8:0|8:1|8:2|8:6|8:7|8:8|9:2|9:3|9:4|9:5|9:6,936
419,2147,0.5857657657657658,4.0,4.0,0.0,4.0,72,victory,1,0,,0,37,34,0:0|0:1|0:2|0:3|0:4|1:0|1:1|1:3|1:4|2:0|2:1|2:4|3:0|3:1|3:2|3:3|3:4|3:5|4:1|4:2|4:4|5:2|5:3|5:4|6:2|6:3|7:3|7:4|7:5|7:6|7:7|8:6|8:7|8:8,936
420,2148,0.5847747747747748,4.0,4.0,0.0,4.0,66,victory,1,0,,0,36,32,0:0|0:1|0:2|0:3|0:4|0:5|1:3|1:4|1:5|1:6|1:7|2:3|2:4|2:5|3:4|3:5|4:3|4:4|5:2|5:3|6:1|6:2|7:1|7:2|7:3|7:4|8:4|8:5|8:6|8:7|8:8|9:6,936
421,2149,0.5837837837837838,4.0,4.0,0.0,4.0,39,victory,1,0,,0,26,25,0:0|0:1|0:2|0:3|0:4|0:5|1:4|2:4|3:4|4:4|5:3|5:4|6:2|6:3|6:4|6:6|7:3|7:4|7:5|7:6|7:7|8:5|8:6|8:7|8:8,936
422,2150,0.5827927927927927,4.0,4.0,0.0,4.0,47,victory,1,0,,0,31,29,0:0|0:1|0:2|0:3|0:4|1:0|1:1|1:4|2:4|2:5|3:4|3:5|4:3|4:4|4:5|4:6|5:2|5:3|5:4|5:6|6:2|6:3|6:6|7:2|7:6|7:7|8:6|8:7|8:8,936
423,2151,0.5818018018018019,4.0,4.0,0.0,4.0,77,victory,1,0,,0,34,33,0:0|0:1|0:2|0:3|0:4|0:5|0:6|1:1|1:5|1:6|2:3|2:4|2:5|2:6|3:4|3:5|4:3|4:4|5:2|5:3|5:4|6:2|6:3|7:3|7:4|8:4|8:5|8:6|8:7|8:8|9:3|9:4|9:5,936
424,2152,0.5808108108108108,4.0,4.0,0.0,4.0,38,victory,1,0,,0,24,22,0:0|0:1|0:2|0:3|0:4|1:4|2:4|3:4|4:3|4:4|5:3|5:4|6:2|6:3|6:6|7:3|7:4|7:5|7:6|8:6|8:7|8:8,936
425,2153,0.5798198198198199,4.0,4.0,0.0,4.0,34,victory,1,0,,0,25,23,0:0|0:1|0:2|0:3|1:3|1:4|2:4|3:4|4:4|5:3|5:4|6:2|6:3|7:1|7:2|8:1|8:2|8:3|8:4|8:5|8:6|8:7|8:8,936
426,2154,0.5788288288288288,4.0,4.0,0.0,4.0,97,victory,1,0,,0,56,45,0:0|0:1|0:2|0:3|1:0|1:1|1:3|2:0|2:1|2:3|2:4|3:0|3:1|3:2|3:3|3:4|3:5|4:0|4:1|4:2|4:3|4:4|4:5|4:6|5:1|5:2|5:3|5:4|5:6|6:1|6:2|6:3|6:4|6:6|7:3|7:4|7:5|7:6|7:7|8:5|8:6|8:7|8:8|9:6|9:7,936
427,2155,0.5778378378378379,4.0,4.0,0.0,4.0,39,victory,1,0,,0,26,24,0:0|0:1|0:2|0:3|0:4|1:0|1:1|1:4|2:4|3:4|4:4|5:3|5:4|6:2|6:3|6:4|7:2|7:3|7:4|7:5|8:5|8:6|8:7|8:8,936
428,2156,0.5768468468468468,4.0,4.0,0.0,4.0,64,victory,1,0,,0,37,35,0:0|0:1|0:2|0:3|0:4|1:3|1:4|1:5|2:4|2:5|3:2|3:3|3:4|3:5|3:6|4:1|4:2|4:4|4:5|5:1|5:2|5:3|6:2|6:3|7:3|7:4|7:6|8:4|8:5|8:6|8:7|8:8|9:5|9:6|9:7,936
429,2157,0.5758558558558559,4.0,4.0,0.0,4.0,59,victory,1,0,,0,32,29,0:0|0:1|0:2|0:3|0:4|0:5|1:4|1:5|2:4|2:5|3:4|4:3|4:4|5:2|5:3|5:4|6:2|6:3|6:4|7:4|7:5|7:7|8:4|8:5|8:6|8:7|8:8|9:6|9:7,936
430,2158,0.5748648648648649,4.0,4.0,0.0,4.0,44,victory,1,0,,0,32,30,0:0|0:1|0:2|0:3|0:4|1:0|1:1|1:4|2:0|2:1|2:4|3:0|3:1|3:3|3:4|3:5|4:0|4:1|4:4|5:3|5:4|6:2|6:3|7:3|7:4|7:5|8:5|8:6|8:7|8:8,936
431,2159,0.5738738738738738,4.0,4.0,0.0,4.0,60,victory,1,0,,0,27,27,0:0|0:1|0:2|0:3|0:4|1:3|1:4|2:3|2:4|3:4|4:3|4:4|5:2|5:3|6:2|6:3|7:3|7:5|7:6|7:7|7:8|8:3|8:4|8:5|8:6|8:8|9:5,936
432,2160,0.5728828828828829,4.0,4.0,0.0,4.0,39,victory,1,0,,0,27,27,0:0|0:1|0:2|0:3|0:4|0:5|1:4|2:4|3:3|3:4|3:5|4:4|5:2|5:3|5:4|6:2|6:3|7:3|7:4|7:5|8:2|8:3|8:4|8:5|8:6|8:7|8:8,936
433,2161,0.5718918918918918,4.0,4.0,0.0,4.0,69,victory,1,0,,0,44,34,0:0|0:1|0:2|0:3|0:4|1:0|1:1|1:3|1:4|2:0|2:1|2:3|2:4|2:5|3:0|3:1|3:2|3:3|3:4|4:2|4:4|5:2|5:3|5:4|6:2|7:2|7:3|8:3|8:4|8:5|8:6|8:7|8:8|9:6,936
434,2162,0.570900900900901,4.0,4.0,0.0,4.0,80,victory,1,0,,0,37,37,0:0|0:1|0:2|0:3|0:4|1:0|1:4|2:3|2:4|3:2|3:3|3:4|4:2|4:4|5:2|5:3|5:4|5:5|5:6|6:2|6:3|6:4|7:3|7:4|7:5|7:6|7:7|8:0|8:1|8:2|8:3|8:4|8:5|8:6|8:7|8:8|9:5,936
435,2163,0.5699099099099099,3.0,3.0,0.0,3.0,200,truncated,0,0,,1,74,57,0:0|0:1|1:0|1:1|2:0|2:1|3:1|3:4|3:5|4:1|4:2|4:3|4:4|4:5|5:1|5:2|5:3|5:4|5:5|5:6|6:0|6:1|6:2|6:3|6:4|6:5|6:6|6:8|6:9|7:0|7:1|7:2|7:3|7:4|7:5|7:6|7:7|7:8|7:9|8:0|8:1|8:2|8:3|8:4|8:5|8:6|8:7|8:8|8:9|9:0|9:1|9:2|9:4|9:6|9:7|9:8|9:9,948
436,2164,0.568918918918919,4.0,4.0,0.0,4.0,57,victory,1,0,,0,32,30,0:0|0:1|0:2|0:3|0:4|1:0|1:1|1:4|2:0|2:1|2:4|2:5|3:4|3:5|4:4|5:4|6:2|6:3|6:4|6:5|7:2|7:3|8:3|8:4|8:5|8:6|8:7|8:8|9:6|9:7,948
437,2165,0.5679279279279279,4.0,4.0,0.0,4.0,56,victory,1,0,,0,31,30,0:0|0:1|0:2|0:3|0:4|1:4|1:5|1:6|2:4|2:5|3:4|4:3|4:4|4:5|4:6|5:2|5:3|5:4|5:5|5:6|6:2|6:3|6:5|7:3|7:4|7:5|7:6|8:6|8:7|8:8,948
438,2166,0.5669369369369369,4.0,4.0,0.0,4.0,51,victory,1,0,,0,31,31,0:0|0:1|0:2|0:3|0:4|1:4|2:3|2:4|2:5|3:4|4:2|4:3|4:4|5:2|5:4|5:5|6:2|6:3|6:6|7:2|7:3|7:6|8:2|8:6|8:7|8:8|9:2|9:3|9:4|9:5|9:6,948
439,2167,0.5659459459459459,4.0,4.0,0.0,4.0,57,victory,1,0,,0,33,30,0:0|0:1|0:2|0:3|0:4|1:3|1:4|2:3|2:4|2:5|3:4|3:5|4:3|4:4|4:5|5:2|5:3|5:4|5:5|6:2|6:3|6:4|7:4|7:5|7:6|7:7|8:5|8:6|8:7|8:8,948
440,2168,0.564954954954955,4.0,4.0,0.0,4.0,78,victory,1,0,,0,42,40,0:0|0:1|0:2|0:3|0:4|1:0|1:4|1:5|2:3|2:4|2:5|2:6|3:2|3:3|3:4|3:5|3:6|4:2|4:3|4:4|4:5|4:6|5:2|5:3|6:2|6:3|6:6|6:8|6:9|7:3|7:4|7:5|7:6|7:7|7:8|8:3|8:5|8:6|8:7|8:8,948
441,2169,0.563963963963964,4.0,4.0,0.0,4.0,60,victory,1,0,,0,40,35,0:0|0:1|0:2|0:3|0:4|0:5|1:4|2:3|2:4|3:4|3:5|4:3|4:4|4:5|4:6|5:1|5:2|5:3|5:4|5:5|5:6|6:0|6:1|6:2|6:4|6:5|6:6|7:2|7:3|7:4|7:6|8:2|8:6|8:7|8:8,948
442,2170,0.562972972972973,4.0,4.0,0.0,4.0,80,victory,1,0,,0,42,37,0:0|0:1|0:2|0:3|0:4|1:4|1:5|2:4|3:4|3:5|4:2|4:3|4:4|4:5|4:6|4:7|5:1|5:2|5:3|5:5|5:6|6:2|7:1|7:2|7:3|7:5|8:2|8:3|8:4|8:5|8:6|8:7|8:8|9:3|9:4|9:5|9:6,948
443,2171,0.561981981981982,4.0,4.0,0.0,4.0,37,victory,1,0,,0,26,26,0:0|0:1|0:2|0:3|0:4|1:0|1:4|2:4|2:5|3:4|3:5|4:2|4:4|5:2|5:3|5:4|6:2|6:3|6:6|7:3|7:4|7:5|7:6|7:7|8:7|8:8,948
444,2172,0.5609909909909909,4.0,4.0,0.0,4.0,55,victory,1,0,,0,42,40,0:0|0:1|0:2|0:3|0:4|1:3|1:4|1:5|1:6|2:3|2:4|2:5|2:6|3:3|3:4|3:5|3:6|3:7|4:1|4:2|4:3|4:4|4:5|4:6|4:7|5:1|5:2|5:5|6:2|6:3|7:1|7:2|7:3|7:4|8:3|8:4|8:5|8:6|8:7|8:8,948
445,2173,0.56,4.0,4.0,0.0,4.0,75,victory,1,0,,0,42,37,0:0|0:1|0:2|0:3|0:4|0:5|1:0|1:3|1:4|2:3|2:4|3:4|3:5|3:6|4:2|4:3|4:4|4:5|4:6|4:7|5:2|5:3|5:4|5:5|5:6|6:2|6:3|6:5|6:6|7:2|7:3|7:4|7:5|8:5|8:6|8:7|8:8,948
446,2174,0.559009009009009,4.0,4.0,0.0,4.0,54,victory,1,0,,0,33,31,0:0|0:1|0:2|0:3|0:4|1:4|2:3|2:4|3:3|4:2|4:3|4:4|5:1|5:2|5:3|5:4|5:5|6:1|6:2|6:3|6:5|7:5|8:3|8:4|8:5|8:6|8:7|8:8|9:3|9:4|9:5,948
447,2175,0.5580180180180181,4.0,4.0,0.0,4.0,66,victory,1,0,,0,41,37,0:0|0:1|0:2|0:3|0:4|0:5|1:0|1:1|1:4|1:5|2:4|3:4|3:5|4:4|4:5|5:1|5:2|5:3|5:4|5:5|5:6|6:0|6:1|6:2|6:3|7:0|7:1|7:2|7:3|8:3|8:4|8:5|8:6|8:7|8:8|9:4|9:5,948
448,2176,0.557027027027027,4.0,4.0,0.0,4.0,48,victory,1,0,,0,29,27,0:0|0:1|0:2|0:3|0:4|1:1|1:4|1:5|2:3|2:4|2:5|3:3|3:4|4:4|4:5|5:4|6:2|6:3|6:4|7:2|7:3|7:4|7:5|8:5|8:6|8:7|8:8,948
449,2177,0.556036036036036,4.0,4.0,0.0,4.0,47,victory,1,0,,0,30,27,0:0|0:1|0:2|0:3|0:4|1:0|1:4|2:4|2:5|3:4|4:4|4:5|5:4|6:2|6:3|6:4|6:5|7:3|7:4|7:5|7:6|8:3|8:4|8:5|8:6|8:7|8:8,948
450,2178,0.555045045045045,4.0,4.0,0.0,4.0,48,victory,1,0,,0,28,27,0:0|0:1|0:2|0:3|0:4|1:0|1:1|1:4|2:4|3:4|4:4|5:4|5:5|6:2|6:3|6:4|6:5|7:3|7:4|8:3|8:5|8:6|8:7|8:8|9:3|9:4|9:5,948
451,2179,0.5540540540540541,4.0,4.0,0.0,4.0,44,victory,1,0,,0,31,28,0:0|0:1|0:2|0:3|1:3|1:4|2:4|3:3|3:4|4:3|4:4|5:2|5:3|6:1|6:2|6:3|6:4|7:1|7:2|7:3|7:4|7:5|8:4|8:5|8:6|8:7|8:8|9:7,948
452,2180,0.5530630630630631,4.0,4.0,0.0,4.0,62,victory,1,0,,0,42,38,0:0|0:1|0:2|0:3|0:4|0:5|1:4|1:5|2:3|2:4|2:5|3:3|3:4|3:5|4:3|4:4|5:2|5:3|6:2|6:3|7:2|7:3|7:4|7:5|7:6|7:7|7:8|8:2|8:3|8:6|8:7|8:8|9:3|9:4|9:5|9:6|9:7|9:8,948
453,2181,0.552072072072072,4.0,4.0,0.0,4.0,28,victory,1,0,,0,22,22,0:0|0:1|0:2|0:3|1:3|1:4|2:4|3:4|4:3|4:4|5:2|5:3|6:2|6:3|6:4|7:4|7:5|8:5|8:6|8:7|8:8|9:5,948
454,2182,0.5510810810810811,4.0,4.0,0.0,4.0,48,victory,1,0,,0,31,29,0:0|0:1|0:2|0:3|0:4|1:1|1:4|1:5|2:4|2:5|3:4|4:4|5:3|5:4|5:5|6:2|6:3|6:4|7:2|7:3|7:4|7:5|8:2|8:3|8:5|8:6|8:7|8:8|9:7,948
455,2183,0.55009009009009,4.0,4.0,0.0,4.0,58,victory,1,0,,0,34,32,0:0|0:1|0:2|0:3|0:4|1:3|1:4|2:3|2:4|3:2|3:3|3:4|3:5|4:2|4:4|4:5|5:2|6:1|6:2|6:3|7:3|7:4|7:5|7:6|7:7|8:5|8:6|8:7|8:8|9:5|9:7|9:8,948
456,2184,0.5490990990990992,4.0,4.0,0.0,4.0,47,victory,1,0,,0,30,29,0:0|0:1|0:2|0:3|0:4|0:5|0:6|1:3|1:4|1:5|2:3|2:4|3:4|4:3|4:4|5:1|5:2|5:3|6:1|6:2|6:3|7:1|7:3|7:4|7:5|7:6|8:6|8:7|8:8,948
457,2185,0.5481081081081081,4.0,4.0,0.0,4.0,52,victory,1,0,,0,38,35,0:0|0:1|0:2|0:3|1:0|1:1|1:3|1:4|2:0|2:1|2:4|2:5|3:0|3:1|3:4|3:5|4:4|4:5|5:2|5:3|5:4|6:2|6:3|7:3|7:4|7:5|7:7|8:4|8:5|8:6|8:7|8:8|9:4|9:5|9:7,948
458,2186,0.5471171171171171,4.0,4.0,0.0,4.0,48,victory,1,0,,0,28,27,0:0|0:1|0:2|0:3|0:4|1:4|2:4|3:4|4:2|4:3|4:4|5:1|5:2|5:3|5:4|6:2|6:3|6:4|7:4|7:5|7:6|8:4|8:5|8:6|8:7|8:8|9:7,948
459,2187,0.5461261261261261,4.0,4.0,0.0,4.0,43,victory,1,0,,0,29,26,0:0|0:1|0:2|0:3|0:4|1:0|1:4|2:4|3:4|4:4|5:2|5:4|6:1|6:2|6:3|6:4|7:2|7:4|7:5|7:6|7:7|8:4|8:5|8:6|8:7|8:8,948
460,2188,0.5451351351351351,4.0,4.0,0.0,4.0,46,victory,1,0,,0,30,27,0:0|0:1|0:2|0:3|0:4|1:4|1:5|1:6|2:3|2:4|2:5|3:3|3:4|3:5|4:4|5:2|5:3|5:4|6:2|6:3|7:3|7:4|7:5|7:6|7:7|8:7|8:8,948
461,2189,0.5441441441441441,4.0,4.0,0.0,4.0,43,victory,1,0,,0,29,27,0:0|0:1|0:2|0:3|0:4|0:5|1:0|1:4|1:5|2:0|2:4|3:4|4:4|5:2|5:3|5:4|6:2|6:3|6:4|6:5|7:4|7:5|7:6|8:5|8:6|8:7|8:8,948
462,2190,0.5431531531531532,4.0,4.0,0.0,4.0,54,victory,1,0,,0,30,29,0:0|0:1|0:2|0:3|0:4|1:0|1:1|1:3|1:4|2:4|3:3|3:4|4:4|5:2|5:3|5:4|6:2|6:3|6:4|6:5|6:6|7:5|7:6|7:7|8:5|8:7|8:8|9:7|9:8,948
463,2191,0.5421621621621622,4.0,4.0,0.0,4.0,38,victory,1,0,,0,30,27,0:0|0:1|0:2|0:3|1:1|1:3|1:4|2:3|2:4|3:3|3:4|4:4|5:2|5:3|5:4|6:2|6:3|6:5|7:3|7:4|7:5|8:5|8:6|8:7|8:8|9:6|9:7,948
464,2192,0.5411711711711712,4.0,4.0,0.0,4.0,39,victory,1,0,,0,30,25,0:0|0:1|0:2|0:3|1:0|1:3|2:0|2:3|2:4|3:4|4:4|4:5|5:4|6:2|6:3|6:4|7:3|7:4|7:5|7:6|7:7|7:8|8:6|8:7|8:8,948
465,2193,0.5401801801801802,4.0,4.0,0.0,4.0,42,victory,1,0,,0,30,30,0:0|0:1|0:2|0:3|0:4|1:1|1:4|2:4|2:5|3:4|4:4|5:2|5:3|5:4|5:6|6:0|6:1|6:2|6:3|6:4|6:5|6:6|7:3|7:4|7:5|7:6|8:5|8:6|8:7|8:8,948
466,2194,0.5391891891891891,4.0,4.0,0.0,4.0,46,victory,1,0,,0,28,27,0:0|0:1|0:2|0:3|0:4|0:5|0:6|1:4|1:5|2:4|3:4|4:4|4:5|5:2|5:3|5:4|5:5|6:2|6:3|7:3|7:4|7:5|8:4|8:5|8:6|8:7|8:8,948
467,2195,0.5381981981981983,4.0,4.0,0.0,4.0,41,victory,1,0,,0,33,30,0:0|0:1|0:2|0:3|0:4|0:5|1:4|2:4|3:4|3:5|4:4|5:1|5:2|5:3|5:4|6:0|6:1|6:2|6:5|7:1|7:2|7:3|7:4|7:5|7:7|7:8|8:5|8:6|8:7|8:8,948
468,2196,0.5372072072072072,4.0,4.0,0.0,4.0,66,victory,1,0,,0,36,34,0:0|0:1|0:2|0:3|0:4|1:4|2:4|3:2|3:3|3:4|3:5|4:1|4:2|4:4|4:5|4:6|5:1|5:2|5:3|5:6|6:1|6:2|6:3|6:6|7:3|7:4|7:5|7:6|8:5|8:6|8:7|8:8|9:5|9:7,948
469,2197,0.5362162162162163,4.0,4.0,0.0,4.0,83,victory,1,0,,0,41,38,0:0|0:1|0:2|0:3|0:4|1:3|1:4|2:4|3:4|3:5|3:6|4:4|5:2|5:3|5:4|5:5|5:6|6:0|6:1|6:2|6:3|6:4|6:5|7:1|7:2|7:3|7:4|7:6|7:7|8:3|8:4|8:5|8:6|8:7|8:8|9:6|9:7|9:8,948
470,2198,0.5352252252252252,4.0,4.0,0.0,4.0,29,victory,1,0,,0,25,25,0:0|0:1|0:2|0:3|0:4|1:4|2:4|3:4|4:4|5:2|5:3|5:4|6:2|6:5|7:2|7:3|7:4|7:5|8:4|8:5|8:6|8:7|8:8|9:6|9:7,948
471,2199,0.5342342342342342,4.0,4.0,0.0,4.0,47,victory,1,0,,0,34,30,0:0|0:1|0:2|0:3|0:4|0:5|1:4|2:3|2:4|3:3|3:4|3:5|4:4|5:3|5:4|6:1|6:2|6:3|6:4|6:5|7:1|7:2|7:3|7:4|7:5|8:2|8:5|8:6|8:7|8:8,948
472,2200,0.5332432432432432,4.0,4.0,0.0,4.0,41,victory,1,0,,0,23,23,0:0|0:1|0:2|0:3|0:4|1:1|1:3|1:4|2:4|3:4|4:3|4:4|5:2|5:3|6:2|6:3|7:3|7:4|7:5|8:5|8:6|8:7|8:8,948
473,2201,0.5322522522522523,4.0,4.0,0.0,4.0,48,victory,1,0,,0,32,28,0:0|0:1|0:2|0:3|0:4|1:1|1:4|2:4|3:4|4:3|4:4|4:5|5:2|5:3|5:4|5:5|5:6|6:2|6:3|6:4|6:5|6:6|7:4|7:5|8:5|8:6|8:7|8:8,948
474,2202,0.5312612612612613,4.0,4.0,0.0,4.0,44,victory,1,0,,0,29,28,0:0|0:1|0:2|0:3|0:4|1:0|1:4|2:4|3:4|3:5|4:4|4:5|5:2|5:3|5:4|6:2|6:3|7:3|7:4|7:7|8:3|8:4|8:5|8:6|8:7|8:8|9:5|9:6,948
475,2203,0.5302702702702702,4.0,4.0,0.0,4.0,44,victory,1,0,,0,30,30,0:0|0:1|0:2|0:3|0:4|1:0|1:1|1:4|2:4|3:3|3:4|4:3|4:4|5:2|5:3|6:1|6:2|7:1|7:2|8:1|8:2|8:5|8:6|8:7|8:8|9:1|9:2|9:3|9:4|9:5,948
476,2204,0.5292792792792793,4.0,4.0,0.0,4.0,39,victory,1,0,,0,26,26,0:0|0:1|0:2|0:3|0:4|0:5|1:3|1:4|2:4|2:5|3:4|4:3|4:4|5:2|5:3|5:4|6:1|6:2|6:3|6:4|6:5|6:6|7:6|8:6|8:7|8:8,948
477,2205,0.5282882882882883,4.0,4.0,0.0,4.0,56,victory,1,0,,0,32,29,0:0|0:1|0:2|0:3|0:4|0:5|1:4|2:4|3:4|4:4|5:1|5:2|5:3|5:4|6:0|6:1|6:2|6:3|6:4|7:3|7:4|7:5|8:5|8:6|8:7|8:8|9:5|9:6|9:7,948
478,2206,0.5272972972972974,4.0,4.0,0.0,4.0,31,victory,1,0,,0,24,22,0:0|0:1|0:2|0:3|0:4|0:5|0:6|1:4|2:4|3:4|4:4|5:4|6:2|6:3|6:4|7:3|7:4|7:5|8:5|8:6|8:7|8:8,948
479,2207,0.5263063063063063,4.0,4.0,0.0,4.0,50,victory,1,0,,0,34,31,0:0|0:1|0:2|0:3|0:4|1:0|1:4|1:5|2:4|3:4|3:5|4:4|4:5|5:2|5:3|5:4|5:5|5:6|6:1|6:2|6:3|6:4|6:6|7:2|7:3|7:6|8:5|8:6|8:7|8:8|9:5,948
480,2208,0.5253153153153153,4.0,4.0,0.0,4.0,30,victory,1,0,,0,22,22,0:0|0:1|0:2|0:3|0:4|1:3|1:4|2:4|3:4|4:4|5:2|5:3|5:4|6:2|7:2|7:3|8:3|8:4|8:5|8:6|8:7|8:8,948
481,2209,0.5243243243243243,4.0,4.0,0.0,4.0,44,victory,1,0,,0,29,29,0:0|0:1|0:2|0:3|0:4|0:5|0:6|1:3|1:4|1:5|2:4|2:5|2:6|3:4|4:4|5:2|5:3|5:4|6:2|6:3|7:3|7:4|8:4|8:5|8:6|8:7|8:8|9:4|9:5,948
482,2210,0.5233333333333334,4.0,4.0,0.0,4.0,37,victory,1,0,,0,28,27,0:0|0:1|0:2|0:3|0:4|1:0|1:4|2:4|3:4|4:4|5:3|5:4|6:1|6:2|6:3|6:4|7:3|7:4|7:5|8:3|8:4|8:5|8:6|8:7|8:8|9:7|9:8,948
483,2211,0.5223423423423423,4.0,4.0,0.0,4.0,28,victory,1,0,,0,25,25,0:0|0:1|0:2|0:3|0:4|0:5|1:4|2:4|3:4|3:5|4:4|5:2|5:3|5:4|6:2|6:3|7:3|7:4|8:4|8:5|8:6|8:7|8:8|9:5|9:6,948
484,2212,0.5213513513513514,4.0,4.0,0.0,4.0,31,victory,1,0,,0,28,26,0:0|0:1|0:2|0:3|0:4|1:4|2:3|2:4|3:2|3:3|4:3|4:4|5:2|5:4|6:2|6:3|6:4|7:2|7:3|7:4|7:5|7:6|8:5|8:6|8:7|8:8,948
485,2213,0.5203603603603604,4.0,4.0,0.0,4.0,53,victory,1,0,,0,35,30,0:0|0:1|0:2|0:3|0:4|1:1|1:3|1:4|2:1|2:3|2:4|3:3|3:4|4:3|4:4|4:5|5:0|5:1|5:2|5:3|5:4|5:5|6:2|6:3|6:5|6:6|7:6|8:6|8:7|8:8,948
486,2214,0.5193693693693694,4.0,4.0,0.0,4.0,38,victory,1,0,,0,27,26,0:0|0:1|0:2|0:3|0:4|0:5|1:3|1:4|1:5|2:3|2:4|3:4|4:4|5:2|5:3|5:4|6:2|6:3|7:2|7:3|7:4|7:5|8:5|8:6|8:7|8:8,948
487,2215,0.5183783783783784,4.0,4.0,0.0,4.0,49,victory,1,0,,0,29,28,0:0|0:1|0:2|0:3|0:4|1:0|1:1|1:4|2:4|3:2|3:4|4:2|4:3|4:4|5:2|5:3|5:4|6:1|6:2|6:3|6:4|6:6|7:4|7:5|7:6|8:6|8:7|8:8,948
488,2216,0.5173873873873873,4.0,4.0,0.0,4.0,46,victory,1,0,,0,33,30,0:0|0:1|0:2|0:3|0:4|1:4|2:4|2:5|3:4|3:5|4:1|4:2|4:4|5:1|5:2|5:3|5:4|6:2|6:3|6:4|7:2|7:3|7:4|8:2|8:3|8:4|8:5|8:6|8:7|8:8,948
489,2217,0.5163963963963965,4.0,4.0,0.0,4.0,32,victory,1,0,,0,24,22,0:0|0:1|0:2|0:3|0:4|1:4|2:3|2:4|3:4|4:3|4:4|5:2|5:3|6:2|6:3|7:3|7:4|7:5|8:5|8:6|8:7|8:8,948
490,2218,0.5154054054054054,4.0,4.0,0.0,4.0,38,victory,1,0,,0,25,24,0:0|0:1|0:2|0:3|1:3|2:3|2:4|3:4|4:4|4:5|5:4|6:2|6:3|6:4|7:3|7:4|7:5|7:6|8:5|8:6|8:7|8:8|9:6|9:7,948
491,2219,0.5144144144144145,4.0,4.0,0.0,4.0,27,victory,1,0,,0,22,22,0:0|0:1|0:2|0:3|0:4|1:0|1:4|2:4|3:4|4:4|5:2|5:3|5:4|6:2|6:3|7:3|7:4|7:5|8:5|8:6|8:7|8:8,948
492,2220,0.5134234234234234,4.0,4.0,0.0,4.0,52,victory,1,0,,0,26,25,0:0|0:1|0:2|0:3|0:4|1:4|2:4|3:4|3:5|4:4|4:5|5:2|5:3|5:4|6:1|6:2|6:3|7:2|7:3|7:4|7:5|8:5|8:6|8:7|8:8,948
493,2221,0.5124324324324324,4.0,4.0,0.0,4.0,66,victory,1,0,,0,35,32,0:0|0:1|0:2|0:3|0:4|1:0|1:1|1:4|2:0|2:1|2:4|3:2|3:3|3:4|3:5|4:3|4:4|5:1|5:2|5:3|6:1|6:2|6:3|7:3|7:4|7:5|8:5|8:6|8:7|8:8|9:5|9:7,948
494,2222,0.5114414414414414,4.0,4.0,0.0,4.0,63,victory,1,0,,0,35,31,0:0|0:1|0:2|0:3|0:4|0:5|0:6|1:3|1:4|1:5|1:6|2:4|2:5|3:4|4:4|5:4|5:5|5:6|6:2|6:6|7:2|7:3|7:4|7:5|7:6|7:7|7:8|8:2|8:7|8:8|9:2,948
495,2223,0.5104504504504505,4.0,4.0,0.0,4.0,59,victory,1,0,,0,31,31,0:0|0:1|0:2|0:3|0:4|1:4|1:5|2:4|3:0|3:1|3:4|3:5|4:1|4:2|4:4|5:2|5:3|5:4|6:2|6:3|7:3|7:5|7:6|8:3|8:4|8:5|8:6|8:7|8:8|9:4|9:6,948
496,2224,0.5094594594594595,4.0,4.0,0.0,4.0,54,victory,1,0,,0,30,30,0:0|0:1|0:2|0:3|0:4|1:1|1:4|2:4|3:4|3:5|3:6|4:3|4:4|4:5|4:6|5:2|5:3|5:4|6:2|6:3|7:3|7:4|7:5|7:7|8:5|8:6|8:7|8:8|9:6|9:7,948
497,2225,0.5084684684684684,4.0,4.0,0.0,4.0,42,victory,1,0,,0,33,28,0:0|0:1|0:2|0:3|0:4|1:4|2:3|2:4|3:2|3:3|3:4|4:1|4:2|4:3|4:4|4:5|5:2|5:5|5:6|6:2|6:6|7:6|7:7|7:8|8:5|8:6|8:7|8:8,948
498,2226,0.5074774774774775,4.0,4.0,0.0,4.0,38,victory,1,0,,0,29,27,0:0|0:1|0:2|0:3|0:4|1:0|1:1|1:4|2:4|3:4|3:5|4:2|4:4|5:1|5:2|5:3|5:4|6:2|6:3|7:3|7:4|7:5|8:5|8:6|8:7|8:8|9:5,948
499,2227,0.5064864864864865,4.0,4.0,0.0,4.0,77,victory,1,0,,0,48,37,0:0|1:0|1:4|1:5|2:0|2:4|2:5|3:0|3:2|3:3|3:4|3:5|3:6|4:0|4:2|4:3|4:4|4:5|4:6|5:0|5:1|5:2|5:4|5:5|5:6|6:2|6:3|6:4|6:5|6:6|7:4|7:5|7:7|8:5|8:6|8:7|8:8,948
500,2228,0.5054954954954956,4.0,4.0,0.0,4.0,41,victory,1,0,,0,28,28,0:0|0:1|0:2|0:3|0:4|1:0|1:1|1:3|1:4|2:4|3:4|4:4|5:2|5:3|5:4|6:2|6:3|6:4|7:4|7:5|8:4|8:5|8:6|8:7|8:8|9:4|9:7|9:8,948
501,2229,0.5045045045045045,4.0,4.0,0.0,4.0,46,victory,1,0,,0,28,28,0:0|0:1|0:2|0:3|0:4|0:5|1:0|1:3|1:4|1:5|2:4|3:3|3:4|4:4|5:2|5:3|5:4|6:1|6:2|7:2|7:3|7:4|7:5|7:6|8:5|8:6|8:7|8:8,948
502,2230,0.5035135135135135,4.0,4.0,0.0,4.0,52,victory,1,0,,0,31,29,0:0|0:1|0:2|0:3|0:4|1:3|1:4|2:3|2:4|3:4|3:5|4:4|5:3|5:4|6:2|6:3|7:2|7:3|7:4|7:5|7:6|7:7|8:3|8:4|8:5|8:6|8:7|8:8|9:5,948
503,2231,0.5025225225225225,4.0,4.0,0.0,4.0,48,victory,1,0,,0,36,34,0:0|0:1|0:2|0:3|0:4|0:5|1:4|2:4|3:4|4:2|4:4|4:5|5:1|5:2|5:4|6:1|6:2|6:3|6:4|6:6|7:3|7:4|7:5|7:6|8:3|8:4|8:5|8:6|8:8|9:4|9:5|9:6|9:7|9:8,948
504,2232,0.5015315315315316,4.0,4.0,0.0,4.0,53,victory,1,0,,0,36,33,0:0|0:1|0:2|0:3|0:4|1:1|1:3|1:4|1:5|1:6|2:3|2:4|2:5|2:6|3:2|3:3|3:4|3:5|4:2|4:3|4:4|5:2|5:3|6:1|6:2|6:3|7:3|7:4|7:5|8:5|8:6|8:7|8:8,948
505,2233,0.5005405405405405,4.0,4.0,0.0,4.0,50,victory,1,0,,0,29,27,0:0|0:1|0:2|0:3|0:4|1:0|1:1|1:3|1:4|2:4|2:5|3:4|3:5|4:4|5:2|5:3|5:4|5:5|6:2|6:3|6:4|6:5|7:5|8:5|8:6|8:7|8:8,948
506,2234,0.49954954954954955,4.0,4.0,0.0,4.0,46,victory,1,0,,0,27,27,0:0|0:1|0:2|0:3|0:4|1:3|1:4|2:4|3:4|4:3|4:4|5:2|5:3|5:4|6:2|6:3|7:3|7:4|7:5|7:6|8:4|8:5|8:6|8:7|8:8|9:4|9:5,948
507,2235,0.4985585585585586,4.0,4.0,0.0,4.0,65,victory,1,0,,0,33,32,0:0|0:1|0:2|0:3|1:0|1:1|1:3|1:4|2:4|3:3|3:4|4:3|4:4|5:2|5:3|5:4|6:2|6:3|7:3|7:5|7:6|8:2|8:3|8:5|8:6|8:7|8:8|9:2|9:3|9:4|9:5|9:7,948
508,2236,0.4975675675675676,4.0,4.0,0.0,4.0,46,victory,1,0,,0,29,28,0:0|0:1|0:2|0:3|0:4|1:4|1:5|2:3|2:4|3:4|4:4|5:3|5:4|5:5|6:2|6:3|6:4|6:5|7:2|7:3|7:4|7:5|7:7|8:5|8:6|8:7|8:8|9:7,948
509,2237,0.4965765765765766,4.0,4.0,0.0,4.0,50,victory,1,0,,0,30,30,0:0|0:1|0:2|0:3|0:4|0:5|1:4|1:5|2:4|3:4|4:4|5:2|5:3|5:4|6:2|6:6|7:1|7:2|7:3|7:4|7:5|7:6|8:1|8:2|8:5|8:6|8:7|8:8|9:6|9:7,948
510,2238,0.49558558558558563,4.0,4.0,0.0,4.0,35,victory,1,0,,0,26,25,0:0|0:1|0:2|0:3|0:4|1:4|2:4|3:4|3:5|4:4|4:5|5:2|5:3|5:4|5:5|6:2|6:3|6:4|7:3|7:4|7:5|8:5|8:6|8:7|8:8,948
511,2239,0.49459459459459454,4.0,4.0,0.0,4.0,40,victory,1,0,,0,27,24,0:0|0:1|0:2|0:3|0:4|1:3|1:4|2:4|3:4|4:4|5:2|5:3|5:4|6:2|6:3|7:3|7:4|7:5|7:7|8:5|8:6|8:7|8:8|9:7,948
512,2240,0.49360360360360356,4.0,4.0,0.0,4.0,45,victory,1,0,,0,36,33,0:0|0:1|0:2|0:3|0:4|1:0|1:1|1:4|2:0|2:1|2:4|3:0|3:1|3:4|4:4|5:4|6:2|6:4|6:6|7:2|7:3|7:4|7:5|7:6|7:7|7:8|7:9|8:4|8:5|8:6|8:7|8:8|9:4,948
513,2241,0.4926126126126126,4.0,4.0,0.0,4.0,41,victory,1,0,,0,34,30,0:0|0:1|1:1|2:0|2:1|2:4|3:0|3:1|3:2|3:3|3:4|4:1|4:2|4:4|4:5|5:1|5:2|5:3|5:4|5:5|6:1|6:2|6:3|6:4|6:5|7:5|8:5|8:6|8:7|8:8,948
514,2242,0.4916216216216217,4.0,4.0,0.0,4.0,31,victory,1,0,,0,25,25,0:0|0:1|0:2|0:3|0:4|1:0|1:1|1:4|2:4|3:4|4:4|5:2|5:3|5:4|5:5|6:2|6:3|7:3|7:4|7:5|8:5|8:6|8:7|8:8|9:6,948
515,2243,0.4906306306306307,4.0,4.0,0.0,4.0,43,victory,1,0,,0,31,31,0:0|0:1|0:2|0:3|0:4|0:5|1:0|1:1|1:4|2:1|2:4|3:4|4:4|5:2|5:3|5:4|6:2|6:3|7:3|7:4|7:5|7:6|7:7|8:4|8:5|8:6|8:7|8:8|9:4|9:5|9:7,948
516,2244,0.48963963963963963,4.0,4.0,0.0,4.0,82,victory,1,0,,0,42,42,0:0|0:1|0:2|0:3|0:4|0:5|1:0|1:1|1:4|1:5|1:6|1:7|2:0|2:1|2:4|2:6|2:7|3:0|3:1|3:4|4:0|4:1|4:3|4:4|5:2|5:3|5:4|5:5|5:6|6:2|6:3|6:4|6:5|7:2|7:3|7:4|7:5|7:6|8:5|8:6|8:7|8:8,948
517,2245,0.48864864864864865,4.0,4.0,0.0,4.0,26,victory,1,0,,0,22,22,0:0|0:1|0:2|0:3|0:4|1:4|2:4|3:4|3:5|4:4|5:2|5:3|5:4|6:2|7:2|7:3|7:4|7:5|8:5|8:6|8:7|8:8,948
518,2246,0.4876576576576577,4.0,4.0,0.0,4.0,34,victory,1,0,,0,27,27,0:0|0:1|0:2|0:3|0:4|0:5|0:6|1:4|2:4|3:4|4:4|5:4|6:2|6:3|6:4|7:2|7:3|7:6|8:3|8:6|8:7|8:8|9:2|9:3|9:4|9:5|9:6,948
519,2247,0.4866666666666667,4.0,4.0,0.0,4.0,46,victory,1,0,,0,26,25,0:0|0:1|0:2|0:3|0:4|1:0|1:4|2:4|3:4|4:3|4:4|5:3|5:4|6:2|6:3|6:4|7:2|7:3|7:4|7:5|8:5|8:6|8:7|8:8|9:7,948
520,2248,0.4856756756756757,4.0,4.0,0.0,4.0,42,victory,1,0,,0,24,24,0:0|0:1|0:2|0:3|1:3|1:4|2:4|2:5|3:4|3:5|4:4|5:2|5:3|5:4|6:2|6:3|6:4|7:3|7:4|7:5|8:5|8:6|8:7|8:8,948
521,2249,0.4846846846846846,4.0,4.0,0.0,4.0,28,victory,1,0,,0,23,23,0:0|0:1|0:2|0:3|0:4|1:4|2:4|3:4|4:3|4:4|5:2|5:3|5:4|6:2|6:3|6:4|7:4|7:5|8:5|8:6|8:7|8:8|9:5,948
522,2250,0.48369369369369364,4.0,4.0,0.0,4.0,37,victory,1,0,,0,28,26,0:0|0:1|0:2|0:3|1:3|1:4|2:3|2:4|2:5|3:4|4:4|5:2|5:3|5:4|6:2|6:3|7:3|7:4|7:6|7:7|8:4|8:5|8:6|8:7|8:8|9:5,948
523,2251,0.48270270270270277,4.0,4.0,0.0,4.0,52,victory,1,0,,0,34,32,0:0|0:1|0:2|0:3|0:4|1:4|2:4|3:4|4:1|4:2|4:4|5:1|5:2|5:3|5:4|5:5|6:0|6:1|6:2|6:3|6:4|6:5|7:3|7:4|7:5|7:6|7:7|7:8|8:5|8:6|8:7|8:8,948
524,2252,0.4817117117117118,4.0,4.0,0.0,4.0,44,victory,1,0,,0,29,28,0:0|0:1|0:2|0:3|0:4|0:5|1:4|1:5|1:6|2:3|2:4|2:5|2:6|3:4|4:2|4:3|4:4|5:2|5:3|6:2|6:3|7:3|7:4|8:4|8:5|8:6|8:7|8:8,948
525,2253,0.4807207207207208,4.0,4.0,0.0,4.0,40,victory,1,0,,0,30,30,0:0|0:1|0:2|0:3|1:3|1:4|2:3|2:4|2:5|3:4|4:3|4:4|5:2|5:3|5:4|6:2|7:1|7:2|8:0|8:1|8:5|8:6|8:7|8:8|9:0|9:1|9:2|9:3|9:4|9:5,948
526,2254,0.4797297297297297,4.0,4.0,0.0,4.0,45,victory,1,0,,0,31,31,0:0|0:1|0:2|0:3|0:4|1:4|2:4|3:1|3:2|3:3|3:4|3:5|3:6|4:4|4:5|4:6|5:2|5:3|5:4|6:2|6:3|7:3|7:4|8:4|8:5|8:6|8:7|8:8|9:3|9:4|9:5,948
527,2255,0.47873873873873873,4.0,4.0,0.0,4.0,59,victory,1,0,,0,32,31,0:0|0:1|0:2|0:3|1:3|1:4|2:4|3:4|4:4|5:2|5:3|5:4|5:6|6:2|6:3|6:6|7:2|7:3|7:5|7:6|7:7|8:1|8:2|8:3|8:4|8:5|8:6|8:7|8:8|9:5|9:7,948
528,2256,0.47774774774774775,4.0,4.0,0.0,4.0,70,victory,1,0,,0,34,32,0:0|0:1|0:2|0:3|0:4|0:5|0:6|0:7|1:4|1:5|1:6|2:3|2:4|2:5|2:6|2:7|3:3|3:4|4:4|5:4|5:5|6:2|6:3|6:4|7:2|7:3|7:4|8:4|8:5|8:6|8:7|8:8,948
529,2257,0.47675675675675677,4.0,4.0,0.0,4.0,45,victory,1,0,,0,28,26,0:0|0:1|0:2|0:3|0:4|1:3|1:4|1:5|2:3|2:4|3:4|4:4|5:1|5:2|5:3|5:4|5:5|6:2|6:3|7:3|8:3|8:4|8:5|8:6|8:7|8:8,948
530,2258,0.4757657657657658,4.0,4.0,0.0,4.0,59,victory,1,0,,0,31,28,0:0|0:1|0:2|0:3|0:4|1:4|2:4|3:4|4:3|4:4|4:5|5:4|6:2|6:3|6:4|6:5|7:3|7:4|7:5|7:6|8:5|8:6|8:7|8:8|9:4|9:5|9:6|9:7,948
531,2259,0.4747747747747747,4.0,4.0,0.0,4.0,30,victory,1,0,,0,27,27,0:0|0:1|0:2|0:3|0:4|1:4|1:5|2:4|3:4|4:4|5:2|5:3|5:4|6:2|6:3|7:2|7:3|7:4|7:5|7:6|7:7|8:3|8:4|8:5|8:6|8:7|8:8,948
532,2260,0.47378378378378383,4.0,4.0,0.0,4.0,63,victory,1,0,,0,32,31,0:0|0:1|0:2|0:3|0:4|1:4|2:4|3:4|4:0|4:1|4:2|4:4|5:1|5:2|5:3|5:4|6:2|6:3|6:4|6:6|7:3|7:4|7:5|7:6|7:7|8:4|8:5|8:6|8:7|8:8|9:5,948
533,2261,0.47279279279279285,4.0,4.0,0.0,4.0,45,victory,1,0,,0,25,24,0:0|0:1|0:2|0:3|1:3|1:4|2:4|3:4|4:3|4:4|5:2|5:3|5:4|5:5|6:2|6:3|6:4|6:5|7:5|7:7|8:5|8:6|8:7|8:8,948
534,2262,0.47180180180180187,4.0,4.0,0.0,4.0,25,victory,1,0,,0,22,22,0:0|0:1|0:2|0:3|1:3|1:4|2:4|3:4|4:4|5:2|5:3|5:4|6:2|6:3|7:3|7:4|8:4|8:5|8:6|8:7|8:8|9:7,948
535,2263,0.4708108108108108,4.0,4.0,0.0,4.0,43,victory,1,0,,0,27,25,0:0|0:1|0:2|0:3|0:4|1:4|2:3|2:4|3:3|3:4|4:4|5:2|5:3|5:4|6:2|6:3|6:4|7:3|7:4|7:5|7:7|8:5|8:6|8:7|8:8,948
536,2264,0.4698198198198198,4.0,4.0,0.0,4.0,61,victory,1,0,,0,38,36,0:0|0:1|0:2|0:3|0:4|1:3|1:4|2:4|3:2|3:3|3:4|3:5|4:2|4:4|4:5|5:2|5:4|5:5|5:6|6:2|6:3|6:4|6:5|6:6|7:2|7:3|7:4|7:5|7:6|8:3|8:5|8:6|8:7|8:8|9:5|9:6,948
537,2265,0.4688288288288288,4.0,4.0,0.0,4.0,33,victory,1,0,,0,26,26,0:0|0:1|0:2|0:3|0:4|1:4|2:4|3:3|3:4|3:5|4:4|4:5|5:2|5:3|5:4|5:5|6:2|7:2|7:3|7:4|7:5|8:4|8:5|8:6|8:7|8:8,948
538,2266,0.46783783783783783,4.0,4.0,0.0,4.0,42,victory,1,0,,0,35,31,0:0|0:1|0:2|0:3|0:4|1:4|2:4|3:4|3:5|4:3|4:4|4:5|5:0|5:1|5:2|5:3|6:0|6:1|6:2|7:1|7:2|8:1|8:2|8:5|8:6|8:7|8:8|9:2|9:3|9:4|9:5,948
539,2267,0.46684684684684685,4.0,4.0,0.0,4.0,48,victory,1,0,,0,31,31,0:0|0:1|0:2|0:3|0:4|1:0|1:4|2:4|3:3|3:4|4:2|4:3|4:4|4:5|4:6|5:2|5:4|5:5|6:2|6:3|6:6|7:3|7:4|7:6|8:3|8:4|8:5|8:6|8:7|8:8|9:7,948
540,2268,0.46585585585585576,4.0,4.0,0.0,4.0,42,victory,1,0,,0,29,28,0:0|0:1|0:2|0:3|0:4|1:4|2:4|3:2|3:3|3:4|4:2|4:3|4:4|5:1|5:2|5:3|6:1|6:2|7:2|7:3|7:4|7:5|8:4|8:5|8:6|8:7|8:8|9:5,948
541,2269,0.4648648648648649,4.0,4.0,0.0,4.0,48,victory,1,0,,0,32,28,0:0|0:1|0:2|0:3|0:4|1:3|1:4|1:5|2:4|3:4|4:4|5:4|6:2|6:3|6:4|7:3|7:4|8:3|8:4|8:5|8:6|8:7|8:8|9:3|9:4|9:5|9:7|9:8,948
542,2270,0.4638738738738739,4.0,4.0,0.0,4.0,61,victory,1,0,,0,36,33,0:0|0:1|0:2|0:3|0:4|0:5|1:0|1:1|1:4|2:0|2:4|3:4|4:3|4:4|4:5|4:6|4:7|5:2|5:3|5:4|5:5|5:6|6:2|6:5|6:6|7:6|8:4|8:5|8:6|8:7|8:8|9:5|9:6,948
543,2271,0.46288288288288293,4.0,4.0,0.0,4.0,36,victory,1,0,,0,26,24,0:0|0:1|0:2|0:3|1:3|1:4|2:3|2:4|3:4|4:4|5:2|5:3|5:4|6:2|6:3|7:3|7:6|8:3|8:4|8:5|8:6|8:7|8:8|9:6,948
544,2272,0.46189189189189195,4.0,4.0,0.0,4.0,44,victory,1,0,,0,29,27,0:0|0:1|0:2|0:3|0:4|1:1|1:4|1:5|1:6|2:1|2:4|3:4|4:4|4:5|5:4|5:5|6:2|6:3|6:4|7:4|7:5|7:6|7:7|8:6|8:7|8:8|9:6,948
545,2273,0.46090090090090086,4.0,4.0,0.0,4.0,43,victory,1,0,,0,33,33,0:0|0:1|0:2|0:3|0:4|1:0|1:3|1:4|1:5|2:3|2:4|3:4|4:2|4:3|4:4|5:1|5:2|5:3|6:2|6:3|7:2|7:3|8:1|8:2|8:3|8:4|8:5|8:6|8:7|8:8|9:3|9:4|9:5,948
546,2274,0.4599099099099099,4.0,4.0,0.0,4.0,32,victory,1,0,,0,26,26,0:0|0:1|0:2|0:3|0:4|0:5|1:1|1:4|2:4|3:4|4:2|4:4|5:2|5:3|5:4|6:1|6:2|7:1|7:2|7:3|7:4|7:5|8:5|8:6|8:7|8:8,948
547,2275,0.4589189189189189,4.0,4.0,0.0,4.0,35,victory,1,0,,0,25,25,0:0|0:1|0:2|0:3|0:4|1:0|1:4|2:4|3:4|4:2|4:3|4:4|5:2|5:3|5:4|6:2|6:3|6:4|7:3|7:4|7:5|8:5|8:6|8:7|8:8,948
548,2276,0.4579279279279279,4.0,4.0,0.0,4.0,28,victory,1,0,,0,26,25,0:0|0:1|0:2|0:3|0:4|1:4|2:4|3:4|4:3|4:4|4:5|5:3|5:4|6:1|6:2|6:3|7:1|7:2|7:3|7:4|7:5|8:5|8:6|8:7|8:8,948
549,2277,0.45693693693693693,4.0,4.0,0.0,4.0,50,victory,1,0,,0,28,27,0:0|0:1|0:2|0:3|0:4|1:4|1:5|2:4|2:5|3:4|4:4|5:2|5:3|5:4|5:5|6:1|6:2|6:3|6:4|7:2|7:4|7:5|8:4|8:5|8:6|8:7|8:8,948
550,2278,0.45594594594594595,4.0,4.0,0.0,4.0,36,victory,1,0,,0,26,25,0:0|0:1|0:2|0:3|0:4|0:5|1:4|2:4|3:4|4:4|5:2|5:3|5:4|6:2|6:3|7:3|7:4|8:4|8:5|8:6|8:7|8:8|9:4|9:5|9:6,948
551,2279,0.45495495495495497,4.0,4.0,0.0,4.0,81,victory,1,0,,0,38,31,0:0|0:1|0:2|0:3|0:4|0:5|1:3|1:4|1:5|2:3|2:4|2:5|3:4|4:1|4:4|5:1|5:2|5:3|5:4|6:1|6:2|6:3|6:4|7:3|7:4|7:5|8:5|8:6|8:7|8:8|9:6,948
552,2280,0.453963963963964,4.0,4.0,0.0,4.0,48,victory,1,0,,0,28,28,0:0|0:1|0:2|0:3|0:4|1:4|2:4|3:4|3:5|4:2|4:3|4:4|4:5|5:2|5:4|6:2|6:3|6:4|7:3|7:4|7:5|8:3|8:5|8:6|8:7|8:8|9:6|9:7,948
553,2281,0.452972972972973,4.0,4.0,0.0,4.0,23,victory,1,0,,0,21,21,0:0|0:1|0:2|0:3|0:4|1:4|2:4|3:4|4:4|5:2|5:3|5:4|6:2|6:3|7:3|8:3|8:4|8:5|8:6|8:7|8:8,948
554,2282,0.45198198198198203,4.0,4.0,0.0,4.0,30,victory,1,0,,0,25,25,0:0|0:1|0:2|0:3|0:4|1:4|2:4|3:4|3:5|4:2|4:3|4:4|4:5|5:2|5:3|6:2|6:3|7:2|7:3|8:3|8:4|8:5|8:6|8:7|8:8,948
555,2283,0.45099099099099094,4.0,4.0,0.0,4.0,39,victory,1,0,,0,24,23,0:0|0:1|0:2|0:3|0:4|0:5|1:1|1:4|2:4|3:4|4:4|5:3|5:4|6:2|6:3|6:4|7:3|7:4|7:5|8:5|8:6|8:7|8:8,948
556,2284,0.44999999999999996,4.0,4.0,0.0,4.0,34,victory,1,0,,0,24,23,0:0|0:1|0:2|0:3|0:4|0:5|1:0|1:4|2:4|3:4|4:4|5:2|5:3|5:4|6:2|6:3|7:3|7:4|8:4|8:5|8:6|8:7|8:8,948
557,2285,0.449009009009009,4.0,4.0,0.0,4.0,43,victory,1,0,,0,30,27,0:0|0:1|0:2|0:3|0:4|0:5|1:3|1:4|2:4|2:5|3:4|4:3|4:4|4:5|5:2|5:3|5:4|5:5|6:2|6:3|6:4|6:5|7:5|8:5|8:6|8:7|8:8,948
558,2286,0.448018018018018,4.0,4.0,0.0,4.0,42,victory,1,0,,0,26,26,0:0|0:1|0:2|0:3|0:4|1:0|1:1|1:4|2:4|3:4|4:4|4:5|5:2|5:3|5:4|5:5|6:2|6:3|7:3|7:4|7:5|8:3|8:5|8:6|8:7|8:8,948
559,2287,0.4470270270270271,4.0,4.0,0.0,4.0,53,victory,1,0,,0,38,37,0:0|0:1|0:2|0:3|1:1|1:3|1:4|2:3|2:4|3:4|4:2|4:3|4:4|5:1|5:2|5:3|5:4|5:5|6:2|6:3|7:2|7:3|7:4|7:5|8:0|8:1|8:2|8:4|8:5|8:6|8:7|8:8|9:0|9:1|9:2|9:3|9:4,948
560,2288,0.44603603603603603,4.0,4.0,0.0,4.0,42,victory,1,0,,0,29,29,0:0|0:1|0:2|0:3|1:3|1:4|2:3|2:4|3:2|3:4|4:1|4:2|4:4|5:1|5:2|5:3|5:4|6:2|6:3|7:2|7:3|8:3|8:4|8:5|8:6|8:7|8:8|9:6|9:7,948
561,2289,0.44504504504504505,4.0,4.0,0.0,4.0,36,victory,1,0,,0,25,25,0:0|0:1|0:2|0:3|0:4|1:3|1:4|2:4|3:4|4:4|4:5|5:2|5:3|5:4|5:5|6:2|6:3|7:3|7:7|8:3|8:4|8:5|8:6|8:7|8:8,948
562,2290,0.44405405405405407,4.0,4.0,0.0,4.0,35,victory,1,0,,0,25,25,0:0|0:1|0:2|0:3|0:4|1:3|1:4|2:3|2:4|3:4|4:4|5:2|5:3|5:4|6:2|6:3|6:5|6:6|7:3|7:4|7:5|7:6|8:6|8:7|8:8,948
563,2291,0.4430630630630631,4.0,4.0,0.0,4.0,43,victory,1,0,,0,29,25,0:0|0:1|0:2|0:3|0:4|1:4|2:3|2:4|3:4|4:3|4:4|5:2|5:3|5:4|5:5|6:2|6:3|6:5|6:6|7:5|7:6|8:5|8:6|8:7|8:8,948
564,2292,0.4420720720720721,4.0,4.0,0.0,4.0,36,victory,1,0,,0,23,22,0:0|0:1|0:2|0:3|0:4|1:4|2:4|3:4|4:2|4:4|5:2|5:3|5:4|6:2|6:3|7:3|7:4|7:5|8:5|8:6|8:7|8:8,948
565,2293,0.441081081081081,4.0,4.0,0.0,4.0,38,victory,1,0,,0,28,28,0:0|0:1|0:2|0:3|0:4|0:5|1:4|2:4|3:4|4:3|4:4|5:2|5:3|6:1|6:2|6:3|7:0|7:1|7:2|7:3|7:4|7:5|7:6|8:1|8:6|8:7|8:8|9:7,948
566,2294,0.44009009009009004,4.0,4.0,0.0,4.0,26,victory,1,0,,0,22,22,0:0|0:1|0:2|0:3|0:4|1:4|2:4|3:4|4:4|5:2|5:3|5:4|6:2|6:3|7:2|7:3|7:4|8:4|8:5|8:6|8:7|8:8,948
567,2295,0.43909909909909906,4.0,4.0,0.0,4.0,30,victory,1,0,,0,25,24,0:0|0:1|0:2|0:3|0:4|1:4|2:4|2:5|3:4|3:5|4:4|5:2|5:3|5:4|6:2|6:3|6:4|7:4|7:5|8:5|8:6|8:7|8:8|9:5,948
568,2296,0.4381081081081082,4.0,4.0,0.0,4.0,61,victory,1,0,,0,38,32,0:0|0:1|0:2|0:3|0:4|1:0|1:4|2:3|2:4|3:4|3:5|4:4|5:2|5:3|5:4|5:5|5:6|6:2|6:3|6:4|6:5|6:6|7:2|7:3|7:4|7:5|7:7|8:3|8:5|8:6|8:7|8:8,948
569,2297,0.4371171171171172,4.0,4.0,0.0,4.0,36,victory,1,0,,0,23,23,0:0|0:1|0:2|0:3|1:3|1:4|2:4|3:4|4:4|4:5|5:2|5:3|5:4|6:2|6:3|7:3|7:4|7:5|8:4|8:5|8:6|8:7|8:8,948
570,2298,0.4361261261261261,4.0,4.0,0.0,4.0,32,victory,1,0,,0,24,24,0:0|0:1|0:2|0:3|0:4|1:4|2:4|3:4|4:4|4:5|5:2|5:3|5:4|5:5|6:2|6:3|7:2|7:3|7:4|7:5|8:5|8:6|8:7|8:8,948
571,2299,0.43513513513513513,4.0,4.0,0.0,4.0,33,victory,1,0,,0,26,23,0:0|0:1|0:2|0:3|0:4|1:0|1:1|1:4|2:4|3:4|4:4|4:5|5:4|6:2|6:3|6:4|7:3|7:4|7:5|7:6|8:6|8:7|8:8,948
572,2300,0.43414414414414415,4.0,4.0,0.0,4.0,35,victory,1,0,,0,26,22,0:0|0:1|0:2|0:3|0:4|1:4|2:4|3:4|4:4|5:4|6:2|6:3|6:4|7:3|7:4|8:4|8:5|8:6|8:7|8:8|9:4|9:5,948
573,2301,0.43315315315315317,4.0,4.0,0.0,4.0,32,victory,1,0,,0,27,24,0:0|0:1|0:2|0:3|0:4|1:4|2:4|3:4|4:4|5:4|6:2|6:3|6:4|7:3|7:4|7:5|7:6|8:4|8:5|8:6|8:7|8:8|9:6|9:7,948
574,2302,0.4321621621621622,4.0,4.0,0.0,4.0,35,victory,1,0,,0,25,24,0:0|0:1|0:2|0:3|0:4|0:5|1:3|1:4|2:3|2:4|3:4|4:4|5:2|5:3|5:4|6:2|6:3|6:4|7:4|7:5|8:5|8:6|8:7|8:8,948
575,2303,0.4311711711711711,4.0,4.0,0.0,4.0,34,victory,1,0,,0,23,22,0:0|0:1|0:2|0:3|0:4|1:0|1:4|2:4|3:4|4:4|5:2|5:3|5:4|6:2|6:3|7:3|7:4|7:5|8:5|8:6|8:7|8:8,948
576,2304,0.4301801801801801,4.0,4.0,0.0,4.0,46,victory,1,0,,0,28,26,0:0|0:1|0:2|0:3|0:4|0:5|1:3|1:4|1:5|2:4|3:4|4:4|5:2|5:3|5:4|5:5|6:2|6:3|7:2|7:3|7:4|7:5|8:5|8:6|8:7|8:8,948
577,2305,0.42918918918918925,4.0,4.0,0.0,4.0,44,victory,1,0,,0,25,25,0:0|0:1|0:2|0:3|0:4|1:0|1:4|2:4|3:4|4:3|4:4|5:2|5:3|5:4|6:2|6:3|6:5|7:2|7:3|7:4|7:5|8:5|8:6|8:7|8:8,948
578,2306,0.42819819819819827,4.0,4.0,0.0,4.0,29,victory,1,0,,0,25,25,0:0|0:1|0:2|0:3|0:4|1:4|2:4|2:5|3:3|3:4|4:4|5:2|5:3|5:4|6:2|6:5|7:2|7:3|7:4|7:5|8:3|8:5|8:6|8:7|8:8,948
579,2307,0.4272072072072073,4.0,4.0,0.0,4.0,61,victory,1,0,,0,32,30,0:0|0:1|0:2|0:3|0:4|1:0|1:4|1:5|2:0|2:4|2:5|2:6|3:4|4:3|4:4|5:2|5:3|5:4|6:1|6:2|6:3|6:4|6:5|7:4|7:5|8:5|8:6|8:7|8:8|9:5,948
580,2308,0.4262162162162162,4.0,4.0,0.0,4.0,36,victory,1,0,,0,29,28,0:0|0:1|0:2|0:3|0:4|1:4|2:4|2:5|3:4|3:5|3:6|4:3|4:4|4:5|4:6|5:2|5:3|5:4|6:2|6:3|7:3|7:4|7:5|7:7|8:5|8:6|8:7|8:8,948
581,2309,0.4252252252252252,4.0,4.0,0.0,4.0,65,victory,1,0,,0,29,27,0:0|0:1|0:2|0:3|0:4|1:0|1:3|1:4|1:5|1:6|1:7|2:4|3:3|3:4|4:4|5:2|5:3|5:4|6:2|6:3|7:3|7:4|7:5|8:5|8:6|8:7|8:8,948
582,2310,0.42423423423423423,4.0,4.0,0.0,4.0,29,victory,1,0,,0,24,24,0:0|0:1|0:2|0:3|0:4|1:4|2:4|3:4|4:4|5:2|5:3|5:4|6:2|6:3|7:1|7:2|7:3|7:4|7:5|7:7|8:5|8:6|8:7|8:8,948
583,2311,0.42324324324324325,4.0,4.0,0.0,4.0,44,victory,1,0,,0,30,30,0:0|0:1|0:2|0:3|0:4|1:1|1:4|2:4|3:3|3:4|4:3|4:4|5:2|5:3|5:4|6:2|6:3|7:2|7:3|7:4|7:5|7:7|8:5|8:6|8:7|8:8|8:9|9:7|9:8|9:9,948
584,2312,0.42225225225225227,4.0,4.0,0.0,4.0,36,victory,1,0,,0,25,22,0:0|0:1|0:2|0:3|0:4|1:4|2:4|3:4|4:4|5:4|6:2|6:3|6:4|7:2|7:3|8:3|8:4|8:5|8:6|8:7|8:8|9:5,948
585,2313,0.4212612612612612,4.0,4.0,0.0,4.0,36,victory,1,0,,0,27,25,0:0|0:1|0:2|0:3|0:4|1:0|1:4|2:4|3:4|4:3|4:4|5:3|5:4|6:2|6:3|6:4|7:3|7:4|7:5|7:7|8:3|8:5|8:6|8:7|8:8,948
586,2314,0.4202702702702703,4.0,4.0,0.0,4.0,31,victory,1,0,,0,25,23,0:0|0:1|0:2|0:3|0:4|1:4|2:4|3:3|3:4|4:2|4:3|4:4|5:2|5:3|6:2|6:3|7:3|7:4|7:5|8:5|8:6|8:7|8:8,948
587,2315,0.4192792792792793,4.0,4.0,0.0,4.0,40,victory,1,0,,0,28,26,0:0|0:1|0:2|0:3|0:4|1:4|2:4|3:3|3:4|3:5|4:4|5:2|5:3|5:4|6:1|6:2|6:3|6:4|6:5|7:3|7:4|7:5|8:5|8:6|8:7|8:8,948
588,2316,0.41828828828828835,4.0,4.0,0.0,4.0,45,victory,1,0,,0,30,29,0:0|0:1|0:2|0:3|0:4|0:5|1:4|2:3|2:4|3:4|4:3|4:4|5:2|5:3|5:4|6:2|6:3|6:4|7:2|7:3|7:4|7:5|8:5|8:6|8:7|8:8|9:6|9:7|9:8,948
589,2317,0.41729729729729736,4.0,4.0,0.0,4.0,44,victory,1,0,,0,28,26,0:0|0:1|0:2|0:3|0:4|1:4|1:5|2:4|3:4|4:4|5:3|5:4|6:2|6:3|7:3|7:4|7:5|7:7|8:4|8:5|8:6|8:7|8:8|9:4|9:5|9:7,948
590,2318,0.4163063063063063,4.0,4.0,0.0,4.0,72,victory,1,0,,0,35,33,0:0|0:1|0:2|0:3|0:4|1:4|1:5|2:3|2:4|2:5|3:4|3:5|3:6|3:7|4:1|4:2|4:4|4:5|4:6|4:7|5:2|5:3|5:4|5:5|6:2|6:3|7:3|7:4|7:5|8:5|8:6|8:7|8:8,948
591,2319,0.4153153153153153,4.0,4.0,0.0,4.0,39,victory,1,0,,0,28,27,0:0|0:1|0:2|0:3|0:4|1:3|1:4|2:4|3:4|4:4|4:5|5:2|5:3|5:4|5:5|6:2|6:3|7:3|7:4|8:4|8:5|8:6|8:7|8:8|9:4|9:5|9:7,948
592,2320,0.4143243243243243,4.0,4.0,0.0,4.0,48,victory,1,0,,0,31,28,0:0|0:1|0:2|0:3|0:4|1:4|1:5|2:4|2:5|2:6|3:4|3:5|3:6|4:4|5:3|5:4|6:2|6:3|6:4|6:5|7:3|7:4|7:5|7:6|8:5|8:6|8:7|8:8,948
593,2321,0.41333333333333333,4.0,4.0,0.0,4.0,29,victory,1,0,,0,24,24,0:0|0:1|0:2|0:3|1:3|1:4|2:4|3:4|4:4|5:2|5:3|5:4|6:2|6:5|7:2|7:3|7:4|7:5|8:5|8:6|8:7|8:8|9:6|9:7,948
594,2322,0.41234234234234235,4.0,4.0,0.0,4.0,36,victory,1,0,,0,26,23,0:0|0:1|0:2|0:3|0:4|1:4|2:4|3:4|4:3|4:4|5:2|5:3|5:4|5:5|6:2|6:3|6:5|6:6|7:5|7:6|8:6|8:7|8:8,948
595,2323,0.41135135135135137,4.0,4.0,0.0,4.0,33,victory,1,0,,0,25,24,0:0|0:1|0:2|0:3|0:4|1:4|2:4|3:4|3:5|4:2|4:3|4:4|4:5|5:2|5:3|6:2|6:3|6:4|7:4|7:5|8:5|8:6|8:7|8:8,948
596,2324,0.4103603603603604,4.0,4.0,0.0,4.0,30,victory,1,0,,0,25,24,0:0|0:1|0:2|0:3|1:3|2:3|2:4|3:3|3:4|4:3|4:4|5:2|5:3|5:4|6:2|6:3|7:3|7:4|7:7|8:4|8:5|8:6|8:7|8:8,948
597,2325,0.4093693693693694,4.0,4.0,0.0,4.0,42,victory,1,0,,0,24,24,0:0|0:1|0:2|0:3|0:4|1:1|1:4|2:4|3:4|4:4|5:2|5:3|5:4|6:2|6:3|6:4|6:5|7:3|7:4|7:5|8:5|8:6|8:7|8:8,948
598,2326,0.4083783783783784,4.0,4.0,0.0,4.0,64,victory,1,0,,0,31,29,0:0|0:1|0:2|0:3|0:4|0:5|1:4|2:4|2:5|3:4|3:5|4:1|4:2|4:4|5:2|5:3|5:4|6:2|6:3|7:3|7:4|7:5|8:4|8:5|8:6|8:7|8:8|9:4|9:5,948
599,2327,0.40738738738738733,4.0,4.0,0.0,4.0,46,victory,1,0,,0,28,28,0:0|0:1|0:2|0:3|0:4|1:1|1:4|2:4|3:4|4:3|4:4|4:5|4:6|5:2|5:3|5:4|6:2|6:3|7:3|7:4|7:5|8:5|8:6|8:7|8:8|9:6|9:7|9:8,948
600,2328,0.40639639639639635,4.0,4.0,0.0,4.0,22,victory,1,0,,0,22,22,0:0|0:1|0:2|0:3|0:4|1:4|2:4|3:4|4:2|4:4|5:2|5:3|5:4|6:2|7:2|7:3|7:4|7:5|8:5|8:6|8:7|8:8,948
601,2329,0.4054054054054054,4.0,4.0,0.0,4.0,32,victory,1,0,,0,25,25,0:0|0:1|0:2|0:3|0:4|1:3|1:4|2:4|3:4|4:4|4:5|5:2|5:3|5:4|6:2|6:3|7:2|7:3|7:4|7:5|7:6|7:7|8:6|8:7|8:8,948
602,2330,0.4044144144144144,4.0,4.0,0.0,4.0,28,victory,1,0,,0,23,23,0:0|0:1|0:2|0:3|0:4|1:4|2:4|3:3|3:4|4:4|5:2|5:3|5:4|6:2|6:3|7:3|7:4|7:5|8:4|8:5|8:6|8:7|8:8,948
603,2331,0.4034234234234234,4.0,4.0,0.0,4.0,27,victory,1,0,,0,25,25,0:0|0:1|0:2|0:3|0:4|1:4|2:3|2:4|3:4|4:4|5:2|5:3|5:4|6:2|6:3|6:4|6:5|7:4|7:5|7:6|7:7|8:5|8:6|8:7|8:8,948
604,2332,0.40243243243243243,4.0,4.0,0.0,4.0,49,victory,1,0,,0,29,26,0:0|0:1|0:2|0:3|0:4|1:1|1:4|2:1|2:4|3:4|4:4|5:4|6:2|6:3|6:4|7:1|7:2|7:3|7:4|7:5|7:6|8:5|8:6|8:7|8:8|9:6,948
605,2333,0.40144144144144145,4.0,4.0,0.0,4.0,31,victory,1,0,,0,26,26,0:0|0:1|0:2|0:3|0:4|1:0|1:1|1:4|2:0|2:1|2:4|3:4|4:3|4:4|5:2|5:3|6:2|6:3|6:4|7:3|7:4|7:5|8:5|8:6|8:7|8:8,948
606,2334,0.40045045045045047,4.0,4.0,0.0,4.0,32,victory,1,0,,0,25,25,0:0|0:1|0:2|0:3|1:3|1:4|1:5|2:4|2:5|3:4|3:5|4:4|5:2|5:3|5:4|6:2|6:3|7:3|7:4|7:5|7:7|8:5|8:6|8:7|8:8,948
607,2335,0.3994594594594595,4.0,4.0,0.0,4.0,47,victory,1,0,,0,31,30,0:0|0:1|0:2|0:3|0:4|1:4|1:5|2:4|3:4|4:3|4:4|5:0|5:1|5:2|5:3|6:0|6:1|6:2|6:3|6:4|6:5|7:0|7:1|7:2|7:4|7:5|8:5|8:6|8:7|8:8,948
608,2336,0.3984684684684685,4.0,4.0,0.0,4.0,36,victory,1,0,,0,27,24,0:0|0:1|0:2|0:3|0:4|1:4|2:4|3:4|4:4|5:1|5:2|5:3|5:4|6:2|6:3|6:4|6:5|7:3|7:4|7:5|8:5|8:6|8:7|8:8,948
609,2337,0.3974774774774774,4.0,4.0,0.0,4.0,36,victory,1,0,,0,24,24,0:0|0:1|0:2|0:3|0:4|1:4|2:4|3:4|4:4|5:2|5:3|5:4|6:2|6:3|6:4|7:4|7:5|8:4|8:5|8:6|8:7|8:8|9:5|9:6,948
610,2338,0.39648648648648643,4.0,4.0,0.0,4.0,56,victory,1,0,,0,36,34,0:0|0:1|0:2|0:3|0:4|0:5|0:6|1:3|1:4|1:5|1:6|1:7|1:8|2:3|2:4|2:5|2:6|3:4|4:4|5:2|5:3|5:4|6:2|6:3|7:3|8:3|8:5|8:6|8:7|8:8|9:2|9:3|9:4|9:5,948
611,2339,0.39549549549549545,4.0,4.0,0.0,4.0,52,victory,1,0,,0,32,29,0:0|0:1|0:2|0:3|0:4|0:5|1:3|1:4|1:5|1:6|2:4|2:5|3:4|4:2|4:4|5:2|5:3|5:4|6:2|6:3|7:3|7:4|7:5|7:6|8:4|8:5|8:6|8:7|8:8,948
612,2340,0.39450450450450447,4.0,4.0,0.0,4.0,39,victory,1,0,,0,25,25,0:0|0:1|0:2|0:3|0:4|1:4|1:5|2:4|2:5|3:4|4:4|5:2|5:3|5:4|6:2|6:3|7:3|7:4|7:5|8:4|8:5|8:6|8:7|8:8|9:5,948
613,2341,0.3935135135135136,4.0,4.0,0.0,4.0,30,victory,1,0,,0,24,23,0:0|0:1|0:2|0:3|0:4|1:4|2:4|3:4|4:3|4:4|5:3|6:2|6:3|6:4|6:5|7:4|7:5|8:4|8:5|8:6|8:7|8:8|9:5,948
614,2342,0.3925225225225225,4.0,4.0,0.0,4.0,27,victory,1,0,,0,24,24,0:0|0:1|0:2|0:3|0:4|1:4|2:4|3:4|4:4|5:2|5:3|5:4|6:2|6:3|6:6|7:3|7:6|7:7|8:3|8:4|8:5|8:6|8:7|8:8,948
615,2343,0.39153153153153153,4.0,4.0,0.0,4.0,35,victory,1,0,,0,26,25,0:0|0:1|0:2|0:3|0:4|1:4|1:5|2:4|3:4|3:5|4:4|5:3|5:4|6:1|6:2|6:3|6:4|7:3|7:4|7:5|8:4|8:5|8:6|8:7|8:8,948
616,2344,0.39054054054054055,4.0,4.0,0.0,4.0,44,victory,1,0,,0,29,27,0:0|0:1|0:2|0:3|0:4|1:1|1:4|2:0|2:1|2:3|2:4|3:1|3:3|3:4|4:4|5:2|5:3|5:4|6:2|6:3|7:3|7:4|7:5|7:6|8:6|8:7|8:8,948
617,2345,0.38954954954954957,4.0,4.0,0.0,4.0,35,victory,1,0,,0,26,26,0:0|0:1|0:2|0:3|0:4|1:4|2:4|3:4|4:4|5:2|5:3|5:4|5:5|6:2|6:3|7:3|7:5|7:6|8:3|8:4|8:5|8:6|8:7|8:8|9:5|9:6,948
618,2346,0.3885585585585586,4.0,4.0,0.0,4.0,49,victory,1,0,,0,25,25,0:0|0:1|0:2|0:3|0:4|1:3|1:4|2:4|3:4|4:4|5:2|5:3|5:4|5:5|6:2|6:3|7:3|7:4|7:5|8:4|8:5|8:6|8:7|8:8|9:5,948
619,2347,0.3875675675675675,4.0,4.0,0.0,4.0,31,victory,1,0,,0,25,25,0:0|0:1|0:2|0:3|1:3|1:4|2:4|2:5|3:4|3:5|4:4|4:5|5:1|5:2|5:3|5:4|6:2|6:3|7:3|7:4|7:5|7:6|8:6|8:7|8:8,948
620,2348,0.3865765765765765,4.0,4.0,0.0,4.0,26,victory,1,0,,0,23,23,0:0|0:1|0:2|0:3|0:4|1:4|2:4|3:4|4:4|5:2|5:3|5:4|6:2|6:3|6:5|7:3|7:4|7:5|8:5|8:6|8:7|8:8|9:5,948
621,2349,0.38558558558558564,4.0,4.0,0.0,4.0,25,victory,1,0,,0,23,22,0:0|0:1|0:2|0:3|0:4|1:4|2:4|3:4|3:5|4:4|5:2|5:3|5:4|6:2|7:2|7:3|7:4|7:5|8:5|8:6|8:7|8:8,948
622,2350,0.38459459459459466,4.0,4.0,0.0,4.0,21,victory,1,0,,0,21,21,0:0|0:1|0:2|0:3|1:3|1:4|2:4|3:4|4:4|5:2|5:3|5:4|6:2|6:3|7:3|7:4|7:5|8:5|8:6|8:7|8:8,948
623,2351,0.3836036036036037,4.0,4.0,0.0,4.0,38,victory,1,0,,0,28,23,0:0|0:1|0:2|0:3|0:4|1:4|2:4|3:4|4:4|5:4|5:5|6:2|6:3|6:4|6:5|7:3|7:4|7:5|7:6|8:5|8:6|8:7|8:8,948
624,2352,0.3826126126126126,4.0,4.0,0.0,4.0,40,victory,1,0,,0,29,25,0:0|0:1|0:2|0:3|0:4|1:4|2:4|3:4|4:2|4:4|5:1|5:2|5:3|5:4|6:1|6:2|6:3|7:3|7:4|7:5|7:6|8:5|8:6|8:7|8:8,948
625,2353,0.3816216216216216,4.0,4.0,0.0,4.0,26,victory,1,0,,0,22,22,0:0|0:1|0:2|0:3|0:4|1:4|2:4|3:4|4:4|5:1|5:2|5:3|5:4|6:2|6:3|7:3|7:4|7:5|8:5|8:6|8:7|8:8,948
626,2354,0.38063063063063063,4.0,4.0,0.0,4.0,30,victory,1,0,,0,23,22,0:0|0:1|0:2|0:3|0:4|1:4|2:4|3:4|4:4|5:2|5:3|5:4|6:2|6:3|6:5|7:3|7:4|7:5|8:5|8:6|8:7|8:8,948
627,2355,0.37963963963963965,4.0,4.0,0.0,4.0,42,victory,1,0,,0,30,26,0:0|0:1|0:2|0:3|1:3|1:4|2:4|2:5|3:4|4:4|5:3|5:4|6:2|6:3|6:4|7:3|7:4|7:5|7:7|8:5|8:6|8:7|8:8|9:4|9:5|9:6,948
628,2356,0.37864864864864867,4.0,4.0,0.0,4.0,43,victory,1,0,,0,29,28,0:0|0:1|0:2|0:3|0:4|0:5|0:6|1:0|1:3|1:4|1:5|1:6|2:4|3:4|4:4|5:2|5:3|5:4|5:5|6:2|6:3|7:3|7:4|7:5|8:5|8:6|8:7|8:8,948
629,2357,0.3776576576576576,4.0,4.0,0.0,4.0,26,victory,1,0,,0,24,24,0:0|0:1|0:2|0:3|0:4|1:4|2:4|3:4|3:5|4:4|5:2|5:3|5:4|6:2|7:2|7:3|7:4|7:5|7:6|7:7|8:5|8:6|8:7|8:8,948
630,2358,0.3766666666666667,4.0,4.0,0.0,4.0,35,victory,1,0,,0,25,24,0:0|0:1|0:2|0:3|0:4|1:1|1:4|2:4|3:4|4:4|5:2|5:3|5:4|6:2|6:3|7:3|7:4|7:5|8:2|8:3|8:5|8:6|8:7|8:8,948
631,2359,0.3756756756756757,4.0,4.0,0.0,4.0,34,victory,1,0,,0,27,26,0:0|0:1|0:2|0:3|1:3|2:3|2:4|3:4|4:4|4:5|5:3|5:4|6:1|6:2|6:3|6:4|6:5|7:1|7:2|7:3|7:4|7:5|8:5|8:6|8:7|8:8,948
632,2360,0.37468468468468474,4.0,4.0,0.0,4.0,41,victory,1,0,,0,27,27,0:0|0:1|0:2|0:3|1:3|1:4|2:3|2:4|3:3|3:4|3:5|4:4|4:5|5:2|5:3|5:4|6:1|6:2|6:3|7:3|7:4|7:5|8:5|8:6|8:7|8:8|9:6,948
633,2361,0.37369369369369376,4.0,4.0,0.0,4.0,35,victory,1,0,,0,27,24,0:0|0:1|0:2|0:3|0:4|1:4|1:5|2:4|3:4|4:4|5:3|5:4|5:5|5:6|6:2|6:3|6:4|6:6|7:6|7:7|8:6|8:7|8:8|9:7,948
634,2362,0.37270270270270267,4.0,4.0,0.0,4.0,27,victory,1,0,,0,24,24,0:0|0:1|0:2|0:3|0:4|1:1|1:4|2:1|2:4|3:4|4:4|5:1|5:2|5:3|5:4|6:2|6:3|7:3|7:4|7:5|8:5|8:6|8:7|8:8,948
635,2363,0.3717117117117117,4.0,4.0,0.0,4.0,34,victory,1,0,,0,27,26,0:0|0:1|0:2|0:3|0:4|1:3|1:4|2:4|3:4|4:4|4:5|5:2|5:3|5:4|5:5|6:2|6:3|6:4|6:5|7:3|7:4|7:5|8:5|8:6|8:7|8:8,948
636,2364,0.3707207207207207,4.0,4.0,0.0,4.0,37,victory,1,0,,0,27,25,0:0|0:1|0:2|0:3|1:1|1:3|1:4|2:4|3:3|3:4|4:3|4:4|4:5|5:3|5:4|6:2|6:3|6:4|7:3|7:4|7:5|8:5|8:6|8:7|8:8,948
637,2365,0.36972972972972973,4.0,4.0,0.0,4.0,46,victory,1,0,,0,28,27,0:0|0:1|0:2|0:3|0:4|1:0|1:3|1:4|2:4|3:4|4:2|4:3|4:4|5:2|5:3|5:4|5:5|6:2|6:3|7:3|7:4|7:5|8:4|8:5|8:6|8:7|8:8,948
638,2366,0.36873873873873875,4.0,4.0,0.0,4.0,50,victory,1,0,,0,30,29,0:0|0:1|0:2|0:3|0:4|0:5|1:4|1:5|2:3|2:4|3:3|3:4|4:4|4:5|5:2|5:3|5:4|5:5|6:2|6:3|7:3|8:3|8:6|8:7|8:8|9:3|9:4|9:5|9:6,948
639,2367,0.36774774774774777,4.0,4.0,0.0,4.0,33,victory,1,0,,0,25,25,0:0|0:1|0:2|0:3|0:4|1:1|1:4|2:4|3:4|4:4|5:2|5:3|5:4|6:2|6:3|6:4|6:6|7:3|7:4|7:5|7:6|7:7|8:6|8:7|8:8,948
640,2368,0.3667567567567568,4.0,4.0,0.0,4.0,29,victory,1,0,,0,24,23,0:0|0:1|0:2|0:3|0:4|1:4|1:5|2:4|2:5|3:4|4:4|5:2|5:3|5:4|6:2|6:3|7:3|7:4|7:5|8:5|8:6|8:7|8:8,948
641,2369,0.3657657657657658,4.0,4.0,0.0,4.0,39,victory,1,0,,0,30,28,0:0|0:1|0:2|0:3|0:4|1:0|1:3|1:4|1:5|2:3|2:4|3:3|3:4|4:3|4:4|5:2|5:3|5:4|6:2|6:3|7:2|7:3|7:4|7:5|8:5|8:6|8:7|8:8,948
642,2370,0.3647747747747748,4.0,4.0,0.0,4.0,47,victory,1,0,,0,31,30,0:0|0:1|0:2|0:3|0:4|1:4|2:4|2:5|3:1|3:2|3:3|3:4|4:1|4:2|4:3|4:4|5:1|5:2|5:3|6:2|6:3|7:3|7:4|7:5|7:7|8:5|8:6|8:7|8:8|9:7,948
643,2371,0.36378378378378384,4.0,4.0,0.0,4.0,21,victory,1,0,,0,21,21,0:0|0:1|0:2|0:3|0:4|1:4|2:4|3:4|4:4|5:2|5:3|5:4|6:2|6:3|7:3|7:4|7:5|8:5|8:6|8:7|8:8,948
644,2372,0.36279279279279275,4.0,4.0,0.0,4.0,26,victory,1,0,,0,22,22,0:0|0:1|0:2|0:3|0:4|1:4|2:4|3:4|3:5|4:4|5:2|5:3|5:4|6:2|6:3|7:3|7:4|8:4|8:5|8:6|8:7|8:8,948
645,2373,0.36180180180180177,4.0,4.0,0.0,4.0,38,victory,1,0,,0,30,26,0:0|0:1|0:2|0:3|0:4|1:4|2:4|3:4|3:5|4:4|5:4|6:2|6:4|6:5|6:6|7:2|7:3|7:4|7:5|7:6|7:7|7:8|8:4|8:6|8:7|8:8,948
646,2374,0.3608108108108108,4.0,4.0,0.0,4.0,35,victory,1,0,,0,25,25,0:0|0:1|0:2|0:3|0:4|1:0|1:4|1:5|2:4|3:4|4:4|5:2|5:3|5:4|6:2|6:3|7:3|8:2|8:3|8:4|8:5|8:6|8:7|8:8|9:7,948
647,2375,0.3598198198198198,4.0,4.0,0.0,4.0,33,victory,1,0,,0,24,22,0:0|0:1|0:2|0:3|0:4|1:0|1:4|2:4|3:4|4:4|5:2|5:3|5:4|6:2|6:3|7:3|7:4|7:5|8:5|8:6|8:7|8:8,948
648,2376,0.35882882882882894,4.0,4.0,0.0,4.0,35,victory,1,0,,0,25,25,0:0|0:1|0:2|0:3|0:4|0:5|1:0|1:1|1:4|1:5|2:4|3:4|4:4|5:2|5:3|5:4|6:2|6:3|6:4|7:4|7:5|8:5|8:6|8:7|8:8,948
649,2377,0.35783783783783785,4.0,4.0,0.0,4.0,40,victory,1,0,,0,25,25,0:0|0:1|0:2|0:3|0:4|1:0|1:1|1:4|2:0|2:4|3:4|4:4|5:2|5:3|5:4|6:2|6:3|6:5|7:3|7:4|7:5|8:5|8:6|8:7|8:8,948
650,2378,0.35684684684684687,4.0,4.0,0.0,4.0,49,victory,1,0,,0,34,29,0:0|0:1|0:2|0:3|0:4|1:4|2:4|3:4|3:5|4:3|4:4|4:5|4:6|5:1|5:2|5:3|5:4|5:5|5:6|6:1|6:2|6:5|7:5|7:6|8:5|8:6|8:7|8:8|9:7,948
651,2379,0.3558558558558559,4.0,4.0,0.0,4.0,33,victory,1,0,,0,26,25,0:0|0:1|0:2|0:3|0:4|1:4|2:4|3:4|3:5|4:4|5:4|6:2|6:3|6:4|7:1|7:2|7:3|7:4|8:3|8:4|8:5|8:6|8:7|8:8|9:7,948
652,2380,0.3548648648648649,4.0,4.0,0.0,4.0,34,victory,1,0,,0,31,25,0:0|0:1|0:2|0:3|0:4|1:0|1:4|2:4|3:4|4:4|5:3|5:4|6:2|6:3|6:5|7:2|7:3|7:4|7:5|7:6|7:7|7:8|8:7|8:8|9:7,948
653,2381,0.3538738738738739,4.0,4.0,0.0,4.0,56,victory,1,0,,0,33,30,0:0|0:1|0:2|0:3|0:4|1:1|1:3|1:4|2:3|2:4|2:5|2:6|3:4|4:3|4:4|4:5|5:3|5:4|5:5|6:1|6:2|6:3|6:4|6:5|7:4|8:4|8:5|8:6|8:7|8:8,948
654,2382,0.35288288288288283,4.0,4.0,0.0,4.0,46,victory,1,0,,0,33,31,0:0|0:1|0:2|0:3|0:4|1:3|1:4|2:4|3:4|4:4|4:5|4:6|5:1|5:2|5:3|5:4|5:5|5:6|6:1|6:2|6:3|6:4|6:6|7:3|7:4|7:5|7:6|8:5|8:6|8:7|8:8,948
655,2383,0.35189189189189185,4.0,4.0,0.0,4.0,34,victory,1,0,,0,27,26,0:0|0:1|0:2|0:3|0:4|1:0|1:1|1:4|2:4|3:4|4:4|5:2|5:3|5:4|6:1|6:2|6:3|7:3|7:4|7:5|8:4|8:5|8:6|8:7|8:8|9:6,948
656,2384,0.35090090090090087,4.0,4.0,0.0,4.0,23,victory,1,0,,0,22,21,0:0|0:1|0:2|0:3|1:3|2:3|2:4|3:4|4:4|5:4|6:2|6:3|6:4|7:3|7:4|7:5|8:5|8:6|8:7|8:8|9:7,948
657,2385,0.34990990990991,4.0,4.0,0.0,4.0,34,victory,1,0,,0,30,29,0:0|0:1|0:2|0:3|0:4|0:5|1:4|1:5|2:4|3:4|4:1|4:2|4:3|4:4|5:1|5:2|5:3|5:4|6:2|6:3|7:3|7:4|7:5|8:5|8:6|8:7|8:8|9:6|9:7,948
658,2386,0.3489189189189189,4.0,4.0,0.0,4.0,39,victory,1,0,,0,28,27,0:0|0:1|0:2|0:3|0:4|1:4|2:4|2:5|3:4|4:4|5:1|5:2|5:3|5:4|5:5|6:2|6:3|7:2|7:3|7:4|7:5|7:6|7:7|8:6|8:7|8:8|9:7,948
659,2387,0.3479279279279279,4.0,4.0,0.0,4.0,34,victory,1,0,,0,30,26,0:0|0:1|0:2|0:3|0:4|1:4|2:4|3:4|4:3|4:4|4:5|5:2|5:3|5:4|5:5|6:2|6:3|6:4|6:5|7:4|7:5|8:5|8:6|8:7|8:8|9:5,948
660,2388,0.34693693693693695,4.0,4.0,0.0,4.0,27,victory,1,0,,0,24,24,0:0|0:1|0:2|0:3|0:4|1:0|1:4|2:3|2:4|3:4|4:4|5:2|5:3|5:4|6:2|6:3|7:3|7:4|7:5|7:6|8:6|8:7|8:8|9:7,948
661,2389,0.34594594594594597,4.0,4.0,0.0,4.0,32,victory,1,0,,0,26,25,0:0|0:1|0:2|0:3|0:4|1:4|2:4|3:4|4:4|5:2|5:3|5:4|6:2|6:3|6:4|7:2|7:3|8:3|8:4|8:5|8:6|8:7|8:8|9:6|9:7,948
662,2390,0.344954954954955,4.0,4.0,0.0,4.0,33,victory,1,0,,0,25,24,0:0|0:1|0:2|0:3|0:4|1:4|2:4|2:5|3:4|4:4|5:2|5:3|5:4|6:1|6:2|6:3|7:3|7:4|7:5|8:4|8:5|8:6|8:7|8:8,948
663,2391,0.3439639639639639,4.0,4.0,0.0,4.0,43,victory,1,0,,0,30,29,0:0|0:1|0:2|0:3|0:4|1:1|1:4|1:5|2:1|2:4|2:5|3:4|3:5|4:4|5:2|5:3|5:4|6:2|6:3|7:3|8:3|8:4|8:5|8:6|8:7|8:8|9:4|9:5|9:6,948
664,2392,0.3429729729729729,4.0,4.0,0.0,4.0,28,victory,1,0,,0,26,25,0:0|0:1|0:2|0:3|0:4|1:4|2:4|3:3|3:4|4:4|5:1|5:2|5:3|5:4|6:1|6:2|6:3|7:3|7:4|7:5|7:7|8:5|8:6|8:7|8:8,948
665,2393,0.34198198198198193,4.0,4.0,0.0,4.0,34,victory,1,0,,0,26,24,0:0|0:1|0:2|0:3|0:4|1:4|2:3|2:4|3:4|4:2|4:4|5:2|5:3|5:4|6:1|6:2|6:3|6:4|7:4|7:5|8:5|8:6|8:7|8:8,948
666,2394,0.34099099099099106,4.0,4.0,0.0,4.0,40,victory,1,0,,0,27,26,0:0|0:1|0:2|0:3|0:4|0:5|1:3|1:4|2:4|3:4|4:4|5:3|5:4|6:2|6:3|6:6|7:3|7:4|7:5|7:6|7:7|8:6|8:7|8:8|9:6|9:7,948
667,2395,0.3400000000000001,4.0,4.0,0.0,4.0,27,victory,1,0,,0,23,22,0:0|0:1|0:2|0:3|0:4|1:4|2:4|3:4|4:4|5:2|5:3|5:4|6:2|6:3|7:3|7:4|7:5|8:5|8:6|8:7|8:8|9:6,948
668,2396,0.339009009009009,4.0,4.0,0.0,4.0,31,victory,1,0,,0,23,23,0:0|0:1|0:2|0:3|0:4|1:4|2:4|3:4|4:3|4:4|5:2|5:3|6:2|7:2|7:3|7:4|7:5|7:6|7:7|8:5|8:6|8:7|8:8,948
669,2397,0.338018018018018,4.0,4.0,0.0,4.0,35,victory,1,0,,0,25,25,0:0|0:1|0:2|0:3|0:4|1:4|2:4|3:4|4:3|4:4|4:5|5:2|5:3|6:2|6:3|7:2|7:3|7:4|7:5|8:4|8:5|8:6|8:7|8:8|9:5,948
670,2398,0.337027027027027,4.0,4.0,0.0,4.0,34,victory,1,0,,0,24,23,0:0|0:1|0:2|0:3|0:4|1:4|2:4|3:4|4:4|5:2|5:3|5:4|6:2|6:3|6:4|7:3|7:4|7:7|8:4|8:5|8:6|8:7|8:8,948
671,2399,0.33603603603603605,4.0,4.0,0.0,4.0,26,victory,1,0,,0,22,20,0:0|0:1|0:2|0:3|0:4|1:4|2:4|3:4|4:4|5:3|5:4|6:2|6:3|7:3|8:3|8:4|8:5|8:6|8:7|8:8,948
672,2400,0.33504504504504506,4.0,4.0,0.0,4.0,29,victory,1,0,,0,23,23,0:0|0:1|0:2|0:3|0:4|0:5|0:6|1:4|2:4|3:4|4:4|5:2|5:3|5:4|6:2|6:3|6:4|7:4|7:5|8:5|8:6|8:7|8:8,948
673,2401,0.334054054054054,4.0,4.0,0.0,4.0,22,victory,1,0,,0,22,22,0:0|0:1|0:2|0:3|0:4|1:4|2:4|3:3|3:4|4:4|5:2|5:3|5:4|6:2|6:3|7:3|7:4|7:5|8:5|8:6|8:7|8:8,948
674,2402,0.333063063063063,4.0,4.0,0.0,4.0,32,victory,1,0,,0,26,26,0:0|0:1|0:2|0:3|0:4|0:5|1:4|1:5|2:3|2:4|3:3|3:4|4:4|5:2|5:3|5:4|6:2|6:3|6:4|7:3|7:4|7:5|8:5|8:6|8:7|8:8,948
675,2403,0.3320720720720721,4.0,4.0,0.0,4.0,42,victory,1,0,,0,26,26,0:0|0:1|0:2|0:3|0:4|1:4|2:4|3:4|4:2|4:4|4:5|5:2|5:3|5:4|6:2|6:3|7:3|7:4|7:5|7:6|7:7|8:5|8:6|8:7|8:8|9:5,948
676,2404,0.33108108108108114,4.0,4.0,0.0,4.0,26,victory,1,0,,0,21,21,0:0|0:1|0:2|0:3|0:4|1:4|2:4|3:4|4:4|5:2|5:3|5:4|6:2|6:3|7:3|7:4|7:5|8:5|8:6|8:7|8:8,948
677,2405,0.33009009009009016,4.0,4.0,0.0,4.0,31,victory,1,0,,0,25,24,0:0|0:1|0:2|0:3|0:4|1:0|1:4|2:4|3:4|4:4|5:4|6:2|6:3|6:4|6:5|7:3|7:4|7:5|7:6|7:7|8:6|8:7|8:8|9:6,948
678,2406,0.32909909909909907,4.0,4.0,0.0,4.0,31,victory,1,0,,0,25,23,0:0|0:1|0:2|0:3|1:3|1:4|2:3|2:4|3:4|4:4|5:2|5:3|5:4|6:2|6:3|6:4|7:3|7:4|7:5|8:5|8:6|8:7|8:8,948
679,2407,0.3281081081081081,4.0,4.0,0.0,4.0,31,victory,1,0,,0,25,24,0:0|0:1|0:2|0:3|0:4|1:4|2:3|2:4|3:3|3:4|3:5|4:4|5:2|5:3|5:4|6:2|6:3|7:3|7:4|7:5|8:5|8:6|8:7|8:8,948
680,2408,0.3271171171171171,4.0,4.0,0.0,4.0,28,victory,1,0,,0,23,23,0:0|0:1|0:2|0:3|0:4|1:3|1:4|2:4|3:4|4:4|5:2|5:3|5:4|6:2|6:3|7:3|7:4|7:5|7:6|8:5|8:6|8:7|8:8,948
681,2409,0.3261261261261261,4.0,4.0,0.0,4.0,33,victory,1,0,,0,22,21,0:0|0:1|0:2|0:3|0:4|1:4|2:4|3:4|4:4|5:2|5:3|5:4|6:2|6:3|7:3|7:4|8:4|8:5|8:6|8:7|8:8,948
682,2410,0.32513513513513514,4.0,4.0,0.0,4.0,35,victory,1,0,,0,28,28,0:0|0:1|0:2|0:3|0:4|0:5|1:1|1:4|2:3|2:4|3:3|3:4|4:4|5:2|5:3|5:4|5:5|6:2|6:3|6:4|7:4|7:5|8:5|8:6|8:7|8:8|9:6|9:7,948
683,2411,0.32414414414414405,4.0,4.0,0.0,4.0,25,victory,1,0,,0,23,23,0:0|0:1|0:2|0:3|0:4|1:4|2:4|3:4|4:4|5:2|5:3|5:4|6:2|6:3|6:4|7:4|7:5|7:6|8:5|8:6|8:7|8:8|9:5,948
684,2412,0.3231531531531532,4.0,4.0,0.0,4.0,25,victory,1,0,,0,23,23,0:0|0:1|0:2|0:3|0:4|0:5|1:4|1:5|2:4|3:4|4:4|5:2|5:3|5:4|6:2|6:3|7:3|7:4|7:5|8:5|8:6|8:7|8:8,948
685,2413,0.3221621621621622,4.0,4.0,0.0,4.0,26,victory,1,0,,0,23,23,0:0|0:1|0:2|0:3|0:4|1:3|1:4|2:4|3:4|4:4|5:2|5:3|5:4|6:1|6:2|6:3|7:3|7:4|7:5|8:5|8:6|8:7|8:8,948
686,2414,0.3211711711711712,4.0,4.0,0.0,4.0,26,victory,1,0,,0,23,23,0:0|0:1|0:2|0:3|0:4|1:0|1:4|2:4|3:4|4:4|5:2|5:3|5:4|6:1|6:2|6:3|7:3|7:4|7:5|8:5|8:6|8:7|8:8,948
687,2415,0.32018018018018024,4.0,4.0,0.0,4.0,26,victory,1,0,,0,24,24,0:0|0:1|0:2|0:3|0:4|1:4|2:4|3:4|4:3|4:4|5:2|5:3|5:4|5:5|6:2|6:3|6:4|6:5|7:5|7:6|7:7|8:6|8:7|8:8,948
688,2416,0.31918918918918915,4.0,4.0,0.0,4.0,33,victory,1,0,,0,25,25,0:0|0:1|0:2|0:3|0:4|1:3|1:4|2:4|3:4|4:4|5:2|5:3|5:4|6:2|6:3|7:3|7:4|7:5|7:7|8:4|8:5|8:6|8:7|8:8|9:5,948
689,2417,0.31819819819819817,4.0,4.0,0.0,4.0,29,victory,1,0,,0,22,22,0:0|0:1|0:2|0:3|0:4|1:4|2:4|3:4|4:4|5:2|5:3|5:4|6:2|6:3|7:3|7:4|7:5|8:5|8:6|8:7|8:8|9:5,948
690,2418,0.3172072072072072,4.0,4.0,0.0,4.0,32,victory,1,0,,0,25,25,0:0|0:1|0:2|0:3|0:4|1:4|2:4|3:2|3:4|4:2|4:4|5:2|5:3|5:4|6:2|6:3|6:5|6:6|7:3|7:4|7:5|7:6|8:6|8:7|8:8,948
691,2419,0.3162162162162162,4.0,4.0,0.0,4.0,35,victory,1,0,,0,26,26,0:0|0:1|0:2|0:3|0:4|1:0|1:4|2:3|2:4|3:4|4:2|4:3|4:4|5:2|5:3|5:4|6:2|6:3|7:2|7:3|7:4|7:5|8:5|8:6|8:7|8:8,948
692,2420,0.3152252252252252,4.0,4.0,0.0,4.0,30,victory,1,0,,0,25,25,0:0|0:1|0:2|0:3|0:4|1:1|1:4|1:5|2:4|3:3|3:4|4:4|5:2|5:3|5:4|6:2|6:3|7:3|7:4|8:4|8:5|8:6|8:7|8:8|9:7,948
693,2421,0.31423423423423424,4.0,4.0,0.0,4.0,27,victory,1,0,,0,22,22,0:0|0:1|0:2|0:3|0:4|1:4|2:4|3:4|4:4|5:2|5:3|5:4|6:2|6:3|7:3|7:4|8:3|8:4|8:5|8:6|8:7|8:8,948
694,2422,0.31324324324324326,4.0,4.0,0.0,4.0,38,victory,1,0,,0,27,26,0:0|0:1|0:2|0:3|0:4|1:4|2:4|3:4|4:3|4:4|5:2|5:3|5:4|6:2|6:3|7:3|7:4|8:4|8:5|8:6|8:7|8:8|9:4|9:5|9:6|9:7,948
695,2423,0.3122522522522523,4.0,4.0,0.0,4.0,37,victory,1,0,,0,27,27,0:0|0:1|0:2|0:3|0:4|1:4|2:4|3:4|4:2|4:4|5:2|5:3|5:4|6:2|7:1|7:2|7:3|7:4|7:5|7:7|8:5|8:6|8:7|8:8|9:4|9:5|9:7,948
696,2424,0.3112612612612613,4.0,4.0,0.0,4.0,38,victory,1,0,,0,24,24,0:0|0:1|0:2|0:3|0:4|1:4|2:4|3:4|4:2|4:4|5:1|5:2|5:3|5:4|6:2|6:3|7:3|7:4|7:5|7:6|8:6|8:7|8:8|9:7,948
697,2425,0.3102702702702703,4.0,4.0,0.0,4.0,51,victory,1,0,,0,31,31,0:0|0:1|0:2|0:3|0:4|0:5|1:3|1:4|1:5|2:4|2:5|3:3|3:4|4:4|5:2|5:3|5:4|6:1|6:2|6:3|7:1|7:2|7:3|8:2|8:3|8:4|8:5|8:6|8:7|8:8|9:5,948
698,2426,0.30927927927927923,4.0,4.0,0.0,4.0,44,victory,1,0,,0,29,26,0:0|0:1|0:2|0:3|0:4|1:3|1:4|2:4|3:4|4:4|4:5|4:6|4:7|5:4|5:5|5:6|6:2|6:3|6:4|7:3|7:4|7:5|8:5|8:6|8:7|8:8,948
699,2427,0.30828828828828825,4.0,4.0,0.0,4.0,34,victory,1,0,,0,26,24,0:0|0:1|0:2|0:3|0:4|1:1|1:4|2:4|3:4|4:4|5:2|5:3|5:4|6:2|6:3|7:3|7:4|7:6|8:3|8:4|8:5|8:6|8:7|8:8,948
700,2428,0.30729729729729727,4.0,4.0,0.0,4.0,25,victory,1,0,,0,21,21,0:0|0:1|0:2|0:3|0:4|1:4|2:4|3:4|4:4|5:2|5:3|5:4|6:2|6:3|7:3|7:4|7:5|8:5|8:6|8:7|8:8,948
701,2429,0.3063063063063063,4.0,4.0,0.0,4.0,29,victory,1,0,,0,22,22,0:0|0:1|0:2|0:3|1:3|1:4|2:4|2:5|3:4|4:4|5:2|5:3|5:4|6:2|7:2|7:3|7:4|7:5|8:5|8:6|8:7|8:8,948
702,2430,0.3053153153153154,4.0,4.0,0.0,4.0,32,victory,1,0,,0,26,26,0:0|0:1|0:2|0:3|0:4|0:5|1:4|2:4|3:3|3:4|4:3|4:4|4:5|5:2|5:3|6:2|6:3|7:3|7:4|7:5|7:7|8:4|8:5|8:6|8:7|8:8,948
703,2431,0.3043243243243243,4.0,4.0,0.0,4.0,26,victory,1,0,,0,23,23,0:0|0:1|0:2|0:3|0:4|0:5|1:4|2:4|3:3|3:4|4:4|5:2|5:3|5:4|6:2|6:3|7:3|7:4|8:4|8:5|8:6|8:7|8:8,948
704,2432,0.30333333333333334,4.0,4.0,0.0,4.0,30,victory,1,0,,0,23,23,0:0|0:1|0:2|0:3|0:4|1:4|2:4|3:4|3:5|4:4|5:2|5:3|5:4|6:2|6:3|6:4|7:3|7:4|7:5|8:5|8:6|8:7|8:8,948
705,2433,0.30234234234234236,4.0,4.0,0.0,4.0,58,victory,1,0,,0,32,30,0:0|0:1|0:2|0:3|0:4|0:5|0:6|0:7|1:4|1:5|1:6|1:7|2:4|2:5|3:4|4:4|5:1|5:2|5:3|5:4|6:2|6:3|7:3|7:4|7:5|7:6|8:5|8:6|8:7|8:8,948
706,2434,0.3013513513513514,4.0,4.0,0.0,4.0,28,victory,1,0,,0,23,23,0:0|0:1|0:2|0:3|1:3|1:4|2:3|2:4|3:3|3:4|4:4|5:2|5:3|5:4|6:2|6:3|7:3|7:4|7:5|7:6|8:6|8:7|8:8,948
707,2435,0.3003603603603604,4.0,4.0,0.0,4.0,30,victory,1,0,,0,26,24,0:0|0:1|0:2|0:3|0:4|1:4|2:3|2:4|3:3|3:4|4:3|4:4|5:3|5:4|6:2|6:3|6:4|7:3|7:4|8:4|8:5|8:6|8:7|8:8,948
708,2436,0.2993693693693693,4.0,4.0,0.0,4.0,31,victory,1,0,,0,24,23,0:0|0:1|0:2|0:3|0:4|1:4|2:4|3:4|3:5|4:4|5:2|5:3|5:4|6:2|6:3|7:3|7:4|7:6|8:4|8:5|8:6|8:7|8:8,948
709,2437,0.29837837837837833,4.0,4.0,0.0,4.0,32,victory,1,0,,0,28,28,0:0|0:1|0:2|0:3|0:4|1:4|1:5|2:4|3:4|4:2|4:3|4:4|5:1|5:2|5:3|5:4|6:2|6:3|7:3|7:5|8:3|8:4|8:5|8:6|8:7|8:8|9:4|9:5,948
710,2438,0.29738738738738735,4.0,4.0,0.0,4.0,35,victory,1,0,,0,26,25,0:0|0:1|0:2|0:3|0:4|1:3|1:4|2:4|3:4|3:5|4:3|4:4|5:2|5:3|5:4|6:2|6:3|7:3|8:3|8:4|8:5|8:6|8:7|8:8|9:7,948
711,2439,0.2963963963963965,4.0,4.0,0.0,4.0,35,victory,1,0,,0,26,24,0:0|0:1|0:2|0:3|0:4|1:4|1:5|2:4|3:4|3:5|4:4|5:2|5:3|5:4|6:2|6:3|6:4|7:4|7:5|8:5|8:6|8:7|8:8|9:5,948
712,2440,0.2954054054054055,4.0,4.0,0.0,4.0,29,victory,1,0,,0,25,25,0:0|0:1|0:2|0:3|0:4|0:5|1:4|2:4|2:5|3:4|4:4|5:2|5:3|5:4|6:2|6:3|6:4|7:3|7:4|7:5|8:5|8:6|8:7|8:8|9:6,948
713,2441,0.2944144144144144,4.0,4.0,0.0,4.0,27,victory,1,0,,0,22,21,0:0|0:1|0:2|0:3|0:4|1:4|2:4|3:4|4:4|5:2|5:3|5:4|6:2|6:3|7:3|7:4|7:5|8:5|8:6|8:7|8:8,948
714,2442,0.2934234234234234,4.0,4.0,0.0,4.0,28,victory,1,0,,0,23,22,0:0|0:1|0:2|0:3|0:4|1:4|2:4|2:5|3:4|3:5|4:4|5:4|6:2|6:3|6:4|7:3|7:4|7:5|7:6|8:6|8:7|8:8,948
715,2443,0.29243243243243244,4.0,4.0,0.0,4.0,34,victory,1,0,,0,24,24,0:0|0:1|0:2|0:3|0:4|1:4|2:4|3:4|4:3|4:4|5:2|5:3|5:4|6:2|6:3|7:2|7:3|7:4|7:5|8:4|8:5|8:6|8:7|8:8,948
716,2444,0.29144144144144146,4.0,4.0,0.0,4.0,24,victory,1,0,,0,23,23,0:0|0:1|0:2|0:3|0:4|1:4|2:4|2:5|3:4|4:4|5:2|5:3|5:4|6:2|6:3|7:3|7:4|7:5|8:4|8:5|8:6|8:7|8:8,948
717,2445,0.2904504504504505,4.0,4.0,0.0,4.0,22,victory,1,0,,0,22,22,0:0|0:1|0:2|0:3|0:4|1:4|2:4|3:4|4:4|5:2|5:3|5:4|6:2|6:3|7:3|7:4|7:5|7:6|8:5|8:6|8:7|8:8,948
718,2446,0.2894594594594594,4.0,4.0,0.0,4.0,31,victory,1,0,,0,23,23,0:0|0:1|0:2|0:3|0:4|1:3|1:4|2:4|3:4|4:3|4:4|5:2|5:3|6:2|6:3|7:2|7:3|7:4|7:5|8:5|8:6|8:7|8:8,948
719,2447,0.2884684684684684,4.0,4.0,0.0,4.0,36,victory,1,0,,0,25,25,0:0|0:1|0:2|0:3|0:4|1:0|1:4|2:4|3:4|3:5|4:4|5:2|5:3|5:4|6:2|6:3|7:3|7:4|7:5|8:5|8:6|8:7|8:8|9:4|9:5,948
720,2448,0.28747747747747754,4.0,4.0,0.0,4.0,38,victory,1,0,,0,27,25,0:0|0:1|0:2|0:3|1:3|1:4|2:3|2:4|3:4|4:4|5:4|6:2|6:3|6:4|6:5|7:3|7:4|7:5|7:6|8:5|8:6|8:7|8:8|9:4|9:5,948
721,2449,0.28648648648648656,4.0,4.0,0.0,4.0,29,victory,1,0,,0,23,23,0:0|0:1|0:2|0:3|0:4|1:4|2:4|3:4|4:4|5:2|5:3|5:4|6:2|6:3|7:3|7:4|7:5|7:6|8:5|8:6|8:7|8:8|9:5,948
722,2450,0.28549549549549547,4.0,4.0,0.0,4.0,23,victory,1,0,,0,21,21,0:0|0:1|0:2|0:3|0:4|1:4|2:4|3:4|4:4|5:2|5:3|5:4|6:2|6:3|6:4|7:4|7:5|8:5|8:6|8:7|8:8,948
723,2451,0.2845045045045045,4.0,4.0,0.0,4.0,36,victory,1,0,,0,24,23,0:0|0:1|0:2|0:3|0:4|1:4|2:4|3:2|3:3|3:4|4:2|4:4|5:2|6:2|6:3|7:3|7:4|7:5|8:4|8:5|8:6|8:7|8:8,948
724,2452,0.2835135135135135,4.0,4.0,0.0,4.0,34,victory,1,0,,0,26,25,0:0|0:1|0:2|0:3|0:4|1:4|2:4|3:3|3:4|4:3|4:4|4:5|5:2|5:3|5:4|5:5|6:2|6:3|7:3|7:4|7:5|8:5|8:6|8:7|8:8,948
725,2453,0.2825225225225225,4.0,4.0,0.0,4.0,31,victory,1,0,,0,25,23,0:0|0:1|0:2|0:3|0:4|1:4|2:4|3:4|4:2|4:4|5:2|5:3|5:4|6:2|6:3|7:3|7:4|7:5|7:6|8:5|8:6|8:7|8:8,948
726,2454,0.28153153153153154,4.0,4.0,0.0,4.0,24,victory,1,0,,0,21,21,0:0|0:1|0:2|0:3|0:4|1:4|2:4|3:4|4:3|4:4|5:2|5:3|6:2|7:2|7:3|7:4|7:5|8:5|8:6|8:7|8:8,948
727,2455,0.28054054054054045,4.0,4.0,0.0,4.0,24,victory,1,0,,0,21,21,0:0|0:1|0:2|0:3|0:4|1:4|2:4|3:4|4:4|5:2|5:3|5:4|6:2|6:3|7:3|8:3|8:4|8:5|8:6|8:7|8:8,948
728,2456,0.2795495495495496,4.0,4.0,0.0,4.0,29,victory,1,0,,0,25,24,0:0|0:1|0:2|0:3|0:4|1:3|1:4|2:4|3:4|4:4|5:2|5:4|6:2|6:3|6:4|7:3|7:4|7:5|7:7|8:5|8:6|8:7|8:8|9:7,948
729,2457,0.2785585585585586,4.0,4.0,0.0,4.0,37,victory,1,0,,0,26,25,0:0|0:1|0:2|0:3|0:4|1:4|2:4|2:5|3:4|4:2|4:4|5:1|5:2|5:3|5:4|6:2|6:3|6:5|7:3|7:4|7:5|8:5|8:6|8:7|8:8,948
730,2458,0.2775675675675676,4.0,4.0,0.0,4.0,27,victory,1,0,,0,24,24,0:0|0:1|0:2|0:3|0:4|1:0|1:4|2:4|3:3|3:4|4:3|4:4|5:2|5:3|5:4|6:2|6:3|7:3|7:4|7:5|8:5|8:6|8:7|8:8,948
731,2459,0.27657657657657664,4.0,4.0,0.0,4.0,33,victory,1,0,,0,24,24,0:0|0:1|0:2|0:3|0:4|1:1|1:4|2:4|2:5|2:6|3:4|4:4|5:2|5:3|5:4|6:2|6:3|7:3|7:4|7:5|8:5|8:6|8:7|8:8,948
732,2460,0.27558558558558555,4.0,4.0,0.0,4.0,40,victory,1,0,,0,26,25,0:0|0:1|0:2|0:3|0:4|1:3|1:4|2:3|2:4|3:4|4:4|5:2|5:3|5:4|6:2|7:2|7:3|7:4|7:5|7:7|8:5|8:6|8:7|8:8|9:5,948
733,2461,0.27459459459459457,4.0,4.0,0.0,4.0,36,victory,1,0,,0,27,25,0:0|0:1|0:2|0:3|0:4|1:3|1:4|2:3|2:4|3:4|4:4|5:2|5:3|5:4|6:2|6:3|7:3|7:4|7:5|7:6|7:7|8:5|8:6|8:7|8:8,948
734,2462,0.2736036036036036,4.0,4.0,0.0,4.0,27,victory,1,0,,0,22,22,0:0|0:1|0:2|0:3|0:4|1:4|2:4|3:4|4:4|5:2|5:3|5:4|6:2|6:3|6:4|7:4|7:5|7:7|8:5|8:6|8:7|8:8,948
735,2463,0.2726126126126126,4.0,4.0,0.0,4.0,29,victory,1,0,,0,25,23,0:0|0:1|0:2|0:3|0:4|1:4|1:5|2:4|3:4|4:3|4:4|5:3|5:4|6:2|6:3|6:4|6:5|7:4|7:5|8:5|8:6|8:7|8:8,948
736,2464,0.2716216216216216,4.0,4.0,0.0,4.0,40,victory,1,0,,0,27,25,0:0|0:1|0:2|0:3|0:4|1:4|1:5|1:6|2:4|3:4|4:3|4:4|5:2|5:3|5:4|6:1|6:2|6:3|7:3|7:4|7:5|8:5|8:6|8:7|8:8,948
737,2465,0.27063063063063064,4.0,4.0,0.0,4.0,29,victory,1,0,,0,25,24,0:0|0:1|0:2|0:3|0:4|1:4|2:4|3:4|4:4|5:2|5:3|5:4|6:2|6:3|6:4|7:3|7:4|7:5|8:5|8:6|8:7|8:8|9:5|9:6,948
738,2466,0.26963963963963966,4.0,4.0,0.0,4.0,26,victory,1,0,,0,23,23,0:0|0:1|0:2|0:3|0:4|1:3|1:4|2:4|3:4|4:4|5:2|5:3|5:4|6:1|6:2|6:3|7:3|7:4|7:5|8:5|8:6|8:7|8:8,948
739,2467,0.2686486486486487,4.0,4.0,0.0,4.0,22,victory,1,0,,0,21,21,0:0|0:1|0:2|0:3|0:4|1:4|2:4|3:4|4:4|5:2|5:3|5:4|6:2|6:3|7:3|7:4|7:5|8:5|8:6|8:7|8:8,948
740,2468,0.2676576576576577,4.0,4.0,0.0,4.0,20,victory,1,0,,0,21,20,0:0|0:1|0:2|0:3|0:4|1:4|2:4|3:4|4:4|5:4|6:2|6:3|6:4|7:3|7:4|7:5|8:5|8:6|8:7|8:8,948
741,2469,0.2666666666666667,4.0,4.0,0.0,4.0,30,victory,1,0,,0,26,26,0:0|0:1|0:2|0:3|0:4|1:0|1:4|2:4|3:4|4:2|4:4|4:5|5:2|5:3|5:4|6:2|6:3|7:3|8:3|8:5|8:6|8:7|8:8|9:3|9:4|9:5,948
742,2470,0.2656756756756756,4.0,4.0,0.0,4.0,20,victory,1,0,,0,21,21,0:0|0:1|0:2|0:3|0:4|1:4|2:4|3:4|4:4|5:2|5:3|5:4|6:2|6:3|7:3|7:4|8:4|8:5|8:6|8:7|8:8,948
743,2471,0.26468468468468465,4.0,4.0,0.0,4.0,37,victory,1,0,,0,26,25,0:0|0:1|0:2|0:3|0:4|1:4|2:4|3:4|4:4|4:5|5:3|5:4|5:5|6:2|6:3|6:4|7:2|7:3|7:4|7:5|8:5|8:6|8:7|8:8|9:6,948
744,2472,0.26369369369369366,4.0,4.0,0.0,4.0,20,victory,1,0,,0,21,21,0:0|0:1|0:2|0:3|0:4|1:4|2:4|3:4|4:4|5:2|5:3|5:4|6:2|6:3|7:3|7:4|7:5|8:5|8:6|8:7|8:8,948
745,2473,0.2627027027027027,4.0,4.0,0.0,4.0,26,victory,1,0,,0,22,22,0:0|0:1|0:2|0:3|1:3|1:4|2:4|3:4|4:4|5:2|5:3|5:4|6:2|6:5|7:2|7:3|7:4|7:5|8:5|8:6|8:7|8:8,948
746,2474,0.2617117117117118,4.0,4.0,0.0,4.0,43,victory,1,0,,0,30,28,0:0|0:1|0:2|0:3|0:4|0:5|1:3|1:4|1:5|2:3|2:4|2:5|3:4|4:4|5:2|5:3|5:4|6:2|6:3|6:4|7:3|7:4|8:3|8:4|8:5|8:6|8:7|8:8,948
747,2475,0.2607207207207207,4.0,4.0,0.0,4.0,25,victory,1,0,,0,22,22,0:0|0:1|0:2|0:3|0:4|1:4|2:4|3:3|3:4|4:3|4:4|5:2|5:3|6:2|6:3|7:3|7:4|7:5|8:5|8:6|8:7|8:8,948
748,2476,0.25972972972972974,4.0,4.0,0.0,4.0,25,victory,1,0,,0,23,21,0:0|0:1|0:2|0:3|0:4|0:5|1:4|2:4|3:3|3:4|4:4|5:4|6:2|6:3|6:4|7:4|8:4|8:5|8:6|8:7|8:8,948
749,2477,0.25873873873873876,4.0,4.0,0.0,4.0,24,victory,1,0,,0,23,23,0:0|0:1|0:2|0:3|0:4|1:4|2:4|3:4|4:4|5:2|5:3|5:4|6:2|6:3|7:2|7:3|7:4|7:5|8:5|8:6|8:7|8:8|9:6,948
750,2478,0.2577477477477478,4.0,4.0,0.0,4.0,32,victory,1,0,,0,24,23,0:0|0:1|0:2|0:3|0:4|1:4|2:4|3:4|4:4|5:2|5:3|5:4|6:2|6:4|7:2|7:3|7:4|7:5|8:5|8:6|8:7|8:8|9:6,948
751,2479,0.2567567567567568,4.0,4.0,0.0,4.0,34,victory,1,0,,0,26,26,0:0|0:1|0:2|0:3|0:4|1:4|2:4|3:4|3:5|4:3|4:4|5:2|5:3|6:2|6:3|7:3|7:4|7:5|7:6|8:4|8:5|8:6|8:7|8:8|9:5|9:6,948
752,2480,0.2557657657657657,4.0,4.0,0.0,4.0,30,victory,1,0,,0,28,26,0:0|0:1|0:2|0:3|0:4|1:3|1:4|2:4|3:4|4:3|4:4|4:5|5:2|5:3|5:4|5:5|6:2|6:3|6:5|7:5|8:5|8:6|8:7|8:8|9:6|9:7,948
753,2481,0.2547747747747747,4.0,4.0,0.0,4.0,28,victory,1,0,,0,24,24,0:0|0:1|0:2|0:3|0:4|1:3|1:4|2:4|3:4|4:3|4:4|5:2|5:3|6:2|6:3|7:3|7:4|8:3|8:4|8:5|8:6|8:7|8:8|9:4,948
754,2482,0.25378378378378375,4.0,4.0,0.0,4.0,27,victory,1,0,,0,22,22,0:0|0:1|0:2|0:3|0:4|1:4|2:4|3:4|4:4|5:2|5:3|5:4|6:2|7:2|7:3|7:4|7:5|8:5|8:6|8:7|8:8|9:6,948
755,2483,0.2527927927927929,4.0,4.0,0.0,4.0,32,victory,1,0,,0,27,26,0:0|0:1|0:2|0:3|0:4|1:1|1:3|1:4|2:4|3:4|4:4|5:1|5:2|5:3|5:4|6:2|6:3|7:3|7:4|7:5|8:3|8:4|8:5|8:6|8:7|8:8,948
756,2484,0.2518018018018019,4.0,4.0,0.0,4.0,30,victory,1,0,,0,24,24,0:0|0:1|0:2|0:3|0:4|1:4|2:4|3:4|4:4|5:2|5:3|5:4|6:2|6:3|6:4|7:2|7:3|7:4|7:5|8:5|8:6|8:7|8:8|9:6,948
757,2485,0.2508108108108108,4.0,4.0,0.0,4.0,26,victory,1,0,,0,24,24,0:0|0:1|0:2|0:3|0:4|1:4|2:4|2:5|3:4|3:5|4:4|5:2|5:3|5:4|6:1|6:2|6:3|7:3|7:4|7:5|8:5|8:6|8:7|8:8,948
758,2486,0.24981981981981982,4.0,4.0,0.0,4.0,32,victory,1,0,,0,25,24,0:0|0:1|0:2|0:3|0:4|1:4|2:4|3:4|4:1|4:2|4:4|5:1|5:2|5:3|5:4|6:2|6:3|7:3|8:3|8:4|8:5|8:6|8:7|8:8,948
759,2487,0.24882882882882884,4.0,4.0,0.0,4.0,25,victory,1,0,,0,22,22,0:0|0:1|0:2|0:3|0:4|1:4|2:4|3:4|4:4|5:1|5:2|5:3|5:4|6:2|6:3|7:3|7:4|7:5|7:6|8:6|8:7|8:8,948
760,2488,0.24783783783783786,4.0,4.0,0.0,4.0,26,victory,1,0,,0,24,24,0:0|0:1|0:2|0:3|1:3|1:4|2:3|2:4|2:5|3:4|3:5|4:4|5:2|5:3|5:4|6:2|6:3|7:3|8:3|8:4|8:5|8:6|8:7|8:8,948
761,2489,0.24684684684684688,4.0,4.0,0.0,4.0,28,victory,1,0,,0,24,24,0:0|0:1|0:2|0:3|0:4|1:4|2:4|3:4|4:4|5:2|5:3|5:4|6:2|6:3|6:5|7:2|7:3|7:4|7:5|7:6|8:5|8:6|8:7|8:8,948
762,2490,0.2458558558558558,4.0,4.0,0.0,4.0,22,victory,1,0,,0,22,22,0:0|0:1|0:2|0:3|0:4|1:4|2:4|3:4|4:4|5:2|5:3|5:4|6:2|6:3|7:3|7:4|7:5|8:5|8:6|8:7|8:8|9:6,948
763,2491,0.2448648648648648,4.0,4.0,0.0,4.0,32,victory,1,0,,0,26,26,0:0|0:1|0:2|0:3|0:4|1:4|2:4|3:4|4:4|5:2|5:3|5:4|6:2|6:3|6:4|7:3|7:4|7:5|7:6|8:4|8:5|8:6|8:7|8:8|9:6|9:7,948
764,2492,0.24387387387387394,4.0,4.0,0.0,4.0,31,victory,1,0,,0,22,22,0:0|0:1|0:2|0:3|1:3|1:4|2:4|3:3|3:4|4:4|5:2|5:3|5:4|6:2|6:3|7:3|7:4|7:5|8:5|8:6|8:7|8:8,948
765,2493,0.24288288288288296,4.0,4.0,0.0,4.0,22,victory,1,0,,0,22,22,0:0|0:1|0:2|0:3|0:4|1:4|2:4|3:4|4:4|4:5|5:2|5:3|5:4|6:2|7:2|7:3|7:4|7:5|8:5|8:6|8:7|8:8,948
766,2494,0.24189189189189197,4.0,4.0,0.0,4.0,27,victory,1,0,,0,22,22,0:0|0:1|0:2|0:3|0:4|1:4|2:4|3:4|4:4|5:2|5:3|5:4|6:2|6:3|6:5|7:3|7:4|7:5|8:5|8:6|8:7|8:8,948
767,2495,0.24090090090090088,4.0,4.0,0.0,4.0,27,victory,1,0,,0,23,23,0:0|0:1|0:2|0:3|0:4|1:4|2:4|3:4|4:3|4:4|5:2|5:3|5:4|6:2|6:3|7:3|7:4|8:4|8:5|8:6|8:7|8:8|9:5,948
768,2496,0.2399099099099099,4.0,4.0,0.0,4.0,34,victory,1,0,,0,29,28,0:0|0:1|0:2|0:3|0:4|1:3|1:4|1:5|2:3|2:4|3:4|4:4|5:2|5:3|5:4|6:2|6:3|7:2|7:3|7:4|7:5|8:3|8:4|8:5|8:6|8:7|8:8|9:6,948
769,2497,0.23891891891891892,4.0,4.0,0.0,4.0,24,victory,1,0,,0,23,22,0:0|0:1|0:2|0:3|0:4|1:4|2:3|2:4|3:4|4:4|5:2|5:3|5:4|6:2|6:3|7:3|7:4|8:4|8:5|8:6|8:7|8:8,948
770,2498,0.23792792792792794,4.0,4.0,0.0,4.0,32,victory,1,0,,0,26,26,0:0|0:1|0:2|0:3|0:4|1:0|1:4|1:5|2:4|2:5|3:4|4:4|5:2|5:3|5:4|5:5|6:2|6:3|7:3|7:4|7:5|7:7|8:5|8:6|8:7|8:8,948
771,2499,0.23693693693693696,4.0,4.0,0.0,4.0,24,victory,1,0,,0,22,22,0:0|0:1|0:2|0:3|0:4|1:4|2:4|3:4|4:4|4:5|5:2|5:3|5:4|6:2|6:3|7:3|7:4|7:5|8:5|8:6|8:7|8:8,948
772,2500,0.23594594594594587,4.0,4.0,0.0,4.0,33,victory,1,0,,0,25,24,0:0|0:1|0:2|0:3|0:4|1:4|2:4|3:4|4:3|4:4|5:1|5:2|5:3|6:1|6:2|6:3|7:3|7:4|7:5|8:5|8:6|8:7|8:8|9:6,948
773,2501,0.234954954954955,4.0,4.0,0.0,4.0,34,victory,1,0,,0,23,22,0:0|0:1|0:2|0:3|0:4|1:4|2:4|3:4|4:4|5:2|5:3|5:4|6:2|6:3|6:4|7:3|7:4|7:5|8:5|8:6|8:7|8:8,948
774,2502,0.23396396396396402,4.0,4.0,0.0,4.0,22,victory,1,0,,0,22,22,0:0|0:1|0:2|0:3|0:4|1:4|2:4|3:4|4:4|5:2|5:3|5:4|6:2|6:3|7:3|7:4|7:5|7:7|8:5|8:6|8:7|8:8,948
775,2503,0.23297297297297304,4.0,4.0,0.0,4.0,22,victory,1,0,,0,22,21,0:0|0:1|0:2|0:3|0:4|1:4|2:4|3:4|4:4|5:2|5:3|5:4|6:2|6:3|7:3|7:4|7:5|8:5|8:6|8:7|8:8,948
776,2504,0.23198198198198205,4.0,4.0,0.0,4.0,42,victory,1,0,,0,33,32,0:0|0:1|0:2|0:3|0:4|1:0|1:1|1:4|1:5|1:6|2:0|2:1|2:4|3:0|3:1|3:3|3:4|3:5|4:4|4:5|5:2|5:3|5:4|6:2|6:3|7:3|7:4|7:5|7:6|8:6|8:7|8:8,948
777,2505,0.23099099099099096,4.0,4.0,0.0,4.0,23,victory,1,0,,0,21,21,0:0|0:1|0:2|0:3|0:4|1:4|2:4|3:4|4:4|5:2|5:3|5:4|6:2|7:2|7:3|7:4|7:5|8:5|8:6|8:7|8:8,948
778,2506,0.22999999999999998,4.0,4.0,0.0,4.0,37,victory,1,0,,0,26,26,0:0|0:1|0:2|0:3|0:4|1:1|1:4|2:4|3:4|4:4|5:2|5:3|5:4|6:1|6:2|7:1|7:5|8:1|8:2|8:3|8:4|8:5|8:6|8:7|8:8|9:6,948
779,2507,0.229009009009009,4.0,4.0,0.0,4.0,28,victory,1,0,,0,22,22,0:0|0:1|0:2|0:3|0:4|1:1|1:4|2:4|3:4|4:4|5:2|5:3|5:4|6:2|6:3|7:3|7:4|7:5|7:6|8:6|8:7|8:8,948
780,2508,0.22801801801801802,4.0,4.0,0.0,4.0,26,victory,1,0,,0,22,22,0:0|0:1|0:2|0:3|0:4|1:4|2:4|3:4|4:4|5:2|5:3|5:4|5:5|6:2|6:3|7:3|7:4|7:5|8:5|8:6|8:7|8:8,948
781,2509,0.22702702702702704,4.0,4.0,0.0,4.0,26,victory,1,0,,0,21,21,0:0|0:1|0:2|0:3|0:4|1:4|2:4|3:4|4:4|5:2|5:3|5:4|6:2|6:3|6:4|7:4|7:5|8:5|8:6|8:7|8:8,948
782,2510,0.22603603603603606,4.0,4.0,0.0,4.0,21,victory,1,0,,0,21,21,0:0|0:1|0:2|0:3|0:4|1:4|2:4|3:4|4:4|5:2|5:3|5:4|6:2|6:3|7:3|7:4|7:5|7:6|7:7|8:7|8:8,948
783,2511,0.22504504504504508,4.0,4.0,0.0,4.0,22,victory,1,0,,0,22,20,0:0|0:1|0:2|0:3|0:4|1:4|2:4|3:4|4:4|5:3|5:4|6:2|6:3|7:3|7:4|7:5|8:5|8:6|8:7|8:8,948
784,2512,0.2240540540540541,4.0,4.0,0.0,4.0,30,victory,1,0,,0,25,25,0:0|0:1|0:2|0:3|0:4|1:4|2:4|3:3|3:4|4:4|4:5|5:2|5:3|5:4|6:2|6:3|7:3|7:4|7:5|7:6|8:4|8:5|8:6|8:7|8:8,948
785,2513,0.22306306306306312,4.0,4.0,0.0,4.0,28,victory,1,0,,0,24,23,0:0|0:1|0:2|0:3|0:4|1:4|2:4|3:4|4:4|5:3|5:4|5:5|5:6|6:2|6:3|7:3|7:4|7:5|7:6|8:5|8:6|8:7|8:8,948
786,2514,0.22207207207207202,4.0,4.0,0.0,4.0,23,victory,1,0,,0,22,22,0:0|0:1|0:2|0:3|0:4|1:4|2:4|3:4|4:4|5:2|5:3|5:4|6:2|6:3|7:3|7:4|7:5|7:7|8:5|8:6|8:7|8:8,948
787,2515,0.22108108108108104,4.0,4.0,0.0,4.0,25,victory,1,0,,0,22,21,0:0|0:1|0:2|0:3|0:4|1:4|2:4|3:4|4:3|4:4|5:3|6:2|6:3|7:3|7:4|7:5|7:6|8:6|8:7|8:8|9:7,948
788,2516,0.22009009009009006,4.0,4.0,0.0,4.0,26,victory,1,0,,0,22,22,0:0|0:1|0:2|0:3|1:3|1:4|2:4|3:4|4:4|5:2|5:3|5:4|6:2|6:3|7:3|7:4|7:5|8:5|8:6|8:7|8:8|9:7,948
789,2517,0.21909909909909908,4.0,4.0,0.0,4.0,26,victory,1,0,,0,24,22,0:0|0:1|0:2|0:3|0:4|1:4|2:4|3:4|4:4|5:3|5:4|6:2|6:3|6:4|7:3|7:4|7:5|8:3|8:5|8:6|8:7|8:8,948
790,2518,0.2181081081081081,4.0,4.0,0.0,4.0,23,victory,1,0,,0,22,22,0:0|0:1|0:2|0:3|0:4|1:4|2:4|3:4|4:2|4:4|5:2|5:3|5:4|6:2|6:3|7:3|7:4|7:5|8:5|8:6|8:7|8:8,948
791,2519,0.21711711711711712,4.0,4.0,0.0,4.0,32,victory,1,0,,0,25,24,0:0|0:1|0:2|0:3|0:4|1:0|1:4|2:4|3:4|4:4|5:2|5:3|5:4|6:2|6:3|6:4|7:4|7:5|7:7|8:5|8:6|8:7|8:8|9:7,948
792,2520,0.21612612612612614,4.0,4.0,0.0,4.0,23,victory,1,0,,0,21,21,0:0|0:1|0:2|0:3|0:4|1:4|2:4|3:4|4:4|5:2|5:3|5:4|6:2|6:3|7:3|7:4|7:5|8:5|8:6|8:7|8:8,948
793,2521,0.21513513513513516,4.0,4.0,0.0,4.0,26,victory,1,0,,0,23,22,0:0|0:1|0:2|0:3|0:4|0:5|1:4|2:4|3:4|4:4|5:2|5:3|5:4|6:2|6:3|7:3|7:4|7:5|7:6|8:6|8:7|8:8,948
794,2522,0.21414414414414418,4.0,4.0,0.0,4.0,22,victory,1,0,,0,21,21,0:0|0:1|0:2|0:3|0:4|1:4|2:4|3:4|4:4|5:2|5:3|5:4|6:2|6:3|7:3|7:4|7:5|8:5|8:6|8:7|8:8,948
795,2523,0.2131531531531532,4.0,4.0,0.0,4.0,24,victory,1,0,,0,22,22,0:0|0:1|0:2|0:3|0:4|1:4|2:4|3:4|4:4|4:5|5:2|5:3|5:4|6:2|6:3|7:3|7:4|7:5|8:5|8:6|8:7|8:8,948
796,2524,0.2121621621621621,4.0,4.0,0.0,4.0,22,victory,1,0,,0,22,22,0:0|0:1|0:2|0:3|0:4|0:5|1:4|2:4|3:4|4:4|5:2|5:3|5:4|6:2|6:3|7:3|7:4|7:5|8:5|8:6|8:7|8:8,948
797,2525,0.21117117117117112,4.0,4.0,0.0,4.0,34,victory,1,0,,0,25,24,0:0|0:1|0:2|0:3|0:4|1:4|2:4|3:3|3:4|4:3|4:4|5:2|5:3|5:4|6:1|6:2|6:3|7:3|8:3|8:4|8:5|8:6|8:7|8:8,948
798,2526,0.21018018018018014,4.0,4.0,0.0,4.0,36,victory,1,0,,0,27,27,0:0|0:1|0:2|0:3|0:4|0:5|0:6|1:4|1:5|2:4|2:5|3:4|3:5|4:2|4:4|5:2|5:3|5:4|6:2|6:3|7:3|7:4|7:5|8:5|8:6|8:7|8:8,948
799,2527,0.20918918918918916,4.0,4.0,0.0,4.0,23,victory,1,0,,0,21,21,0:0|0:1|0:2|0:3|1:3|1:4|2:4|3:4|4:4|5:2|5:3|5:4|6:2|6:3|7:3|7:4|7:5|8:5|8:6|8:7|8:8,948
800,2528,0.2081981981981983,4.0,4.0,0.0,4.0,32,victory,1,0,,0,23,23,0:0|0:1|0:2|0:3|0:4|1:4|2:4|3:4|4:4|5:2|5:3|5:4|6:2|6:3|7:2|7:3|7:4|7:5|8:4|8:5|8:6|8:7|8:8,948
801,2529,0.2072072072072072,4.0,4.0,0.0,4.0,24,victory,1,0,,0,22,22,0:0|0:1|0:2|0:3|0:4|1:4|2:4|3:4|4:4|5:2|5:3|5:4|6:2|6:3|6:4|6:5|7:4|7:5|8:5|8:6|8:7|8:8,948
802,2530,0.20621621621621622,4.0,4.0,0.0,4.0,23,victory,1,0,,0,22,22,0:0|0:1|0:2|0:3|0:4|1:4|2:4|3:4|4:4|5:2|5:3|5:4|6:2|6:3|6:5|7:3|7:4|7:5|8:5|8:6|8:7|8:8,948
803,2531,0.20522522522522524,4.0,4.0,0.0,4.0,25,victory,1,0,,0,22,22,0:0|0:1|0:2|0:3|0:4|1:4|2:4|3:4|4:4|5:1|5:2|5:3|5:4|6:2|6:3|7:3|7:4|7:5|8:5|8:6|8:7|8:8,948
804,2532,0.20423423423423426,4.0,4.0,0.0,4.0,22,victory,1,0,,0,22,22,0:0|0:1|0:2|0:3|0:4|1:4|2:4|3:4|4:4|5:2|5:3|5:4|6:2|7:1|7:2|7:3|7:4|7:5|8:5|8:6|8:7|8:8,948
805,2533,0.20324324324324328,4.0,4.0,0.0,4.0,26,victory,1,0,,0,24,24,0:0|0:1|0:2|0:3|0:4|1:0|1:4|2:0|2:4|3:4|4:4|5:2|5:3|5:4|6:2|6:3|7:3|7:4|7:5|7:6|8:5|8:6|8:7|8:8,948
806,2534,0.20225225225225218,4.0,4.0,0.0,4.0,32,victory,1,0,,0,25,25,0:0|0:1|0:2|0:3|0:4|1:4|1:5|2:4|3:4|4:3|4:4|5:2|5:3|5:4|6:2|6:3|7:3|7:4|7:5|8:5|8:6|8:7|8:8|9:6|9:7,948
807,2535,0.2012612612612612,4.0,4.0,0.0,4.0,26,victory,1,0,,0,23,23,0:0|0:1|0:2|0:3|0:4|1:1|1:4|2:4|3:4|4:4|5:2|5:3|5:4|6:2|6:3|7:3|7:4|7:5|8:5|8:6|8:7|8:8|9:6,948
808,2536,0.20027027027027022,4.0,4.0,0.0,4.0,25,victory,1,0,,0,23,22,0:0|0:1|0:2|0:3|1:3|1:4|2:4|3:4|4:4|4:5|5:2|5:3|5:4|6:2|6:3|7:3|8:3|8:4|8:5|8:6|8:7|8:8,948
809,2537,0.19927927927927935,4.0,4.0,0.0,4.0,22,victory,1,0,,0,21,21,0:0|0:1|0:2|0:3|0:4|1:4|2:4|3:4|4:4|5:2|5:3|5:4|6:2|6:3|7:3|7:4|7:5|8:5|8:6|8:7|8:8,948
810,2538,0.19828828828828837,4.0,4.0,0.0,4.0,22,victory,1,0,,0,21,21,0:0|0:1|0:2|0:3|0:4|1:4|2:4|3:4|4:4|5:2|5:3|5:4|6:2|6:3|7:3|7:4|7:5|8:5|8:6|8:7|8:8,948
811,2539,0.19729729729729728,4.0,4.0,0.0,4.0,22,victory,1,0,,0,22,22,0:0|0:1|0:2|0:3|0:4|1:4|2:4|2:5|3:4|4:4|5:2|5:3|5:4|6:2|6:3|7:3|7:4|7:5|8:5|8:6|8:7|8:8,948
812,2540,0.1963063063063063,4.0,4.0,0.0,4.0,25,victory,1,0,,0,22,22,0:0|0:1|0:2|0:3|0:4|1:0|1:4|2:4|3:4|4:4|5:2|5:3|5:4|6:2|6:3|7:3|7:4|7:5|8:5|8:6|8:7|8:8,948
813,2541,0.19531531531531532,4.0,4.0,0.0,4.0,34,victory,1,0,,0,28,24,0:0|0:1|0:2|0:3|0:4|1:4|2:4|3:3|3:4|4:3|4:4|4:5|5:2|5:3|5:4|5:5|6:2|6:3|6:5|7:5|8:5|8:6|8:7|8:8,948
814,2542,0.19432432432432434,4.0,4.0,0.0,4.0,26,victory,1,0,,0,23,23,0:0|0:1|0:2|0:3|0:4|1:4|2:4|3:4|4:2|4:3|4:4|5:2|5:3|5:4|6:2|6:3|7:3|7:4|7:5|8:5|8:6|8:7|8:8,948
815,2543,0.19333333333333336,4.0,4.0,0.0,4.0,31,victory,1,0,,0,23,23,0:0|0:1|0:2|0:3|0:4|1:4|2:4|3:4|4:4|5:2|5:3|5:4|6:2|6:3|6:5|7:3|7:4|7:5|8:5|8:6|8:7|8:8|9:7,948
816,2544,0.19234234234234227,4.0,4.0,0.0,4.0,26,victory,1,0,,0,22,22,0:0|0:1|0:2|0:3|0:4|1:0|1:4|2:4|3:4|4:4|5:2|5:3|5:4|6:2|6:3|7:3|8:3|8:4|8:5|8:6|8:7|8:8,948
817,2545,0.19135135135135128,4.0,4.0,0.0,4.0,24,victory,1,0,,0,23,23,0:0|0:1|0:2|0:3|0:4|0:5|0:6|1:4|2:4|3:4|4:4|5:2|5:3|5:4|6:2|6:3|7:3|7:4|7:5|8:5|8:6|8:7|8:8,948
818,2546,0.19036036036036041,4.0,4.0,0.0,4.0,26,victory,1,0,,0,24,24,0:0|0:1|0:2|0:3|0:4|1:0|1:4|2:4|2:5|3:4|4:4|5:2|5:3|5:4|6:2|6:3|7:3|7:4|7:5|7:6|8:6|8:7|8:8|9:6,948
819,2547,0.18936936936936943,4.0,4.0,0.0,4.0,25,victory,1,0,,0,23,23,0:0|0:1|0:2|0:3|0:4|1:4|2:3|2:4|3:4|4:4|5:2|5:3|5:4|6:2|6:3|7:2|7:3|7:4|7:5|8:5|8:6|8:7|8:8,948
820,2548,0.18837837837837845,4.0,4.0,0.0,4.0,26,victory,1,0,,0,24,23,0:0|0:1|0:2|0:3|0:4|1:4|2:4|3:4|3:5|4:4|5:2|5:3|5:4|5:5|6:2|6:3|7:3|7:4|7:5|8:5|8:6|8:7|8:8,948
821,2549,0.18738738738738736,4.0,4.0,0.0,4.0,29,victory,1,0,,0,24,23,0:0|0:1|0:2|0:3|0:4|1:4|2:4|3:4|4:4|5:2|5:3|5:4|6:1|6:2|6:3|7:3|7:4|7:5|8:5|8:6|8:7|8:8|9:6,948
822,2550,0.18639639639639638,4.0,4.0,0.0,4.0,20,victory,1,0,,0,21,21,0:0|0:1|0:2|0:3|0:4|1:4|2:4|3:4|4:4|5:2|5:3|5:4|6:2|6:3|7:3|7:4|7:5|8:5|8:6|8:7|8:8,948
823,2551,0.1854054054054054,4.0,4.0,0.0,4.0,32,victory,1,0,,0,25,25,0:0|0:1|0:2|0:3|0:4|1:4|2:4|2:5|3:4|4:4|5:1|5:2|5:3|5:4|6:2|6:3|7:3|8:3|8:4|8:5|8:6|8:7|8:8|9:4|9:5,948
824,2552,0.18441441441441442,4.0,4.0,0.0,4.0,24,victory,1,0,,0,23,23,0:0|0:1|0:2|0:3|0:4|1:4|1:5|1:6|2:4|3:4|4:4|5:2|5:3|5:4|6:2|6:3|7:3|7:4|7:5|8:5|8:6|8:7|8:8,948
825,2553,0.18342342342342344,4.0,4.0,0.0,4.0,28,victory,1,0,,0,26,22,0:0|0:1|0:2|0:3|0:4|1:4|1:5|2:4|2:5|3:4|4:4|5:4|6:2|6:3|6:4|7:3|7:4|7:5|8:5|8:6|8:7|8:8,948
826,2554,0.18243243243243235,4.0,4.0,0.0,4.0,24,victory,1,0,,0,23,22,0:0|0:1|0:2|0:3|0:4|1:4|2:4|3:3|3:4|4:4|5:2|5:3|5:4|6:2|6:3|7:3|7:4|8:4|8:5|8:6|8:7|8:8,948
827,2555,0.18144144144144148,4.0,4.0,0.0,4.0,20,victory,1,0,,0,21,21,0:0|0:1|0:2|0:3|0:4|1:4|2:4|3:4|4:4|5:2|5:3|5:4|6:2|6:3|7:3|7:4|7:5|8:5|8:6|8:7|8:8,948
828,2556,0.1804504504504505,4.0,4.0,0.0,4.0,28,victory,1,0,,0,24,23,0:0|0:1|0:2|0:3|0:4|1:4|2:4|3:4|4:4|5:0|5:1|5:2|5:3|5:4|6:2|6:3|7:3|7:4|7:5|8:5|8:6|8:7|8:8,948
829,2557,0.1794594594594595,4.0,4.0,0.0,4.0,26,victory,1,0,,0,25,23,0:0|0:1|0:2|0:3|0:4|1:4|1:5|2:4|2:5|3:4|4:4|5:2|5:3|5:4|6:2|6:3|7:3|7:4|7:5|8:5|8:6|8:7|8:8,948
830,2558,0.17846846846846853,4.0,4.0,0.0,4.0,25,victory,1,0,,0,22,21,0:0|0:1|0:2|0:3|0:4|1:4|2:4|3:4|4:4|5:2|5:3|5:4|6:2|6:3|7:3|7:4|7:5|8:5|8:6|8:7|8:8,948
831,2559,0.17747747747747744,4.0,4.0,0.0,4.0,23,victory,1,0,,0,22,21,0:0|0:1|0:2|0:3|0:4|1:4|2:4|3:4|4:4|5:2|5:3|5:4|6:2|6:3|7:3|7:4|7:5|8:5|8:6|8:7|8:8,948
832,2560,0.17648648648648646,4.0,4.0,0.0,4.0,25,victory,1,0,,0,24,24,0:0|0:1|0:2|0:3|0:4|0:5|1:4|2:4|2:5|3:4|3:5|4:4|5:2|5:3|5:4|6:2|6:3|7:3|7:4|7:5|8:5|8:6|8:7|8:8,948
833,2561,0.17549549549549548,4.0,4.0,0.0,4.0,26,victory,1,0,,0,24,22,0:0|0:1|0:2|0:3|0:4|1:4|2:4|3:4|3:5|4:4|5:2|5:3|5:4|6:2|6:3|7:3|7:4|7:5|8:5|8:6|8:7|8:8,948
834,2562,0.1745045045045045,4.0,4.0,0.0,4.0,24,victory,1,0,,0,23,21,0:0|0:1|0:2|0:3|0:4|1:4|2:4|3:4|4:4|5:2|5:3|5:4|6:2|6:3|7:3|7:4|7:5|8:5|8:6|8:7|8:8,948
835,2563,0.17351351351351352,4.0,4.0,0.0,4.0,32,victory,1,0,,0,24,24,0:0|0:1|0:2|0:3|0:4|1:4|1:5|2:4|3:4|4:4|5:2|5:3|5:4|6:1|6:2|6:3|6:4|7:3|7:4|7:5|8:5|8:6|8:7|8:8,948
836,2564,0.17252252252252254,4.0,4.0,0.0,4.0,28,victory,1,0,,0,25,24,0:0|0:1|0:2|0:3|0:4|1:4|2:4|3:4|3:5|4:4|5:1|5:2|5:3|5:4|6:1|6:2|6:3|7:3|8:3|8:4|8:5|8:6|8:7|8:8,948
837,2565,0.17153153153153156,4.0,4.0,0.0,4.0,26,victory,1,0,,0,24,24,0:0|0:1|0:2|0:3|0:4|1:4|1:5|2:4|3:4|4:4|5:1|5:2|5:3|5:4|6:2|6:3|7:3|7:4|7:5|8:5|8:6|8:7|8:8|9:6,948
838,2566,0.17054054054054057,4.0,4.0,0.0,4.0,30,victory,1,0,,0,24,24,0:0|0:1|0:2|0:3|0:4|0:5|1:4|2:4|3:4|4:4|5:2|5:3|5:4|6:2|6:3|6:4|7:3|7:4|7:6|8:4|8:5|8:6|8:7|8:8,948
839,2567,0.1695495495495496,4.0,4.0,0.0,4.0,35,victory,1,0,,0,27,25,0:0|0:1|0:2|0:3|0:4|1:4|2:4|3:3|3:4|4:3|4:4|4:5|5:2|5:3|5:4|6:2|6:3|7:3|7:4|7:5|7:6|8:5|8:6|8:7|8:8,948
840,2568,0.1685585585585586,4.0,4.0,0.0,4.0,24,victory,1,0,,0,23,23,0:0|0:1|0:2|0:3|0:4|1:4|1:5|2:4|3:4|4:4|5:2|5:3|5:4|6:2|6:3|7:3|7:4|7:5|8:4|8:5|8:6|8:7|8:8,948
841,2569,0.16756756756756752,4.0,4.0,0.0,4.0,22,victory,1,0,,0,22,21,0:0|0:1|0:2|0:3|0:4|1:4|2:4|3:4|4:4|5:2|5:3|5:4|6:2|6:3|7:3|7:4|7:5|8:5|8:6|8:7|8:8,948
842,2570,0.16657657657657654,4.0,4.0,0.0,4.0,28,victory,1,0,,0,24,24,0:0|0:1|0:2|0:3|0:4|1:3|1:4|2:4|3:4|4:4|4:5|5:2|5:3|5:4|6:2|6:3|6:4|7:3|7:4|7:5|8:5|8:6|8:7|8:8,948
843,2571,0.16558558558558556,4.0,4.0,0.0,4.0,24,victory,1,0,,0,22,21,0:0|0:1|0:2|0:3|0:4|1:4|2:4|3:4|4:4|5:3|5:4|6:2|6:3|6:4|7:3|7:4|8:4|8:5|8:6|8:7|8:8,948
844,2572,0.1645945945945947,4.0,4.0,0.0,4.0,30,victory,1,0,,0,25,24,0:0|0:1|0:2|0:3|0:4|1:0|1:4|2:4|3:4|4:4|5:2|5:3|5:4|6:2|6:3|7:3|7:4|7:5|7:6|8:5|8:6|8:7|8:8|9:6,948
845,2573,0.1636036036036036,4.0,4.0,0.0,4.0,24,victory,1,0,,0,22,21,0:0|0:1|0:2|0:3|0:4|1:4|2:4|3:4|4:4|5:2|5:3|5:4|6:2|6:3|7:3|7:4|7:5|8:5|8:6|8:7|8:8,948
846,2574,0.16261261261261262,4.0,4.0,0.0,4.0,30,victory,1,0,,0,26,26,0:0|0:1|0:2|0:3|0:4|1:4|2:4|3:3|3:4|4:2|4:3|4:4|5:1|5:2|5:3|5:4|6:2|6:3|7:3|7:4|7:5|8:5|8:6|8:7|8:8|9:7,948
847,2575,0.16162162162162164,4.0,4.0,0.0,4.0,24,victory,1,0,,0,22,21,0:0|0:1|0:2|0:3|0:4|1:4|2:4|3:4|4:4|5:2|5:3|5:4|6:2|6:3|7:3|7:4|7:5|8:5|8:6|8:7|8:8,948
848,2576,0.16063063063063066,4.0,4.0,0.0,4.0,24,victory,1,0,,0,22,21,0:0|0:1|0:2|0:3|0:4|1:4|2:4|3:4|4:4|5:2|5:3|5:4|6:2|6:3|7:3|8:3|8:4|8:5|8:6|8:7|8:8,948
849,2577,0.15963963963963967,4.0,4.0,0.0,4.0,24,victory,1,0,,0,22,22,0:0|0:1|0:2|0:3|0:4|0:5|1:4|2:4|3:4|4:4|5:2|5:3|5:4|6:2|6:3|7:3|7:4|7:5|8:5|8:6|8:7|8:8,948
850,2578,0.15864864864864858,4.0,4.0,0.0,4.0,27,victory,1,0,,0,22,22,0:0|0:1|0:2|0:3|0:4|1:4|2:4|2:5|3:4|4:4|5:2|5:3|5:4|6:2|6:3|7:3|7:4|7:5|8:5|8:6|8:7|8:8,948
851,2579,0.1576576576576576,4.0,4.0,0.0,4.0,22,victory,1,0,,0,22,22,0:0|0:1|0:2|0:3|0:4|1:4|2:4|3:4|4:4|4:5|5:2|5:3|5:4|6:2|7:2|7:3|7:4|7:5|8:5|8:6|8:7|8:8,948
852,2580,0.15666666666666662,4.0,4.0,0.0,4.0,27,victory,1,0,,0,24,24,0:0|0:1|0:2|0:3|0:4|1:4|2:4|3:4|4:4|5:2|5:3|5:4|5:5|6:2|6:3|7:3|7:4|7:5|7:7|8:5|8:6|8:7|8:8|9:5,948
853,2581,0.15567567567567575,4.0,4.0,0.0,4.0,24,victory,1,0,,0,22,22,0:0|0:1|0:2|0:3|0:4|1:4|2:4|3:4|4:4|5:2|5:3|5:4|6:2|7:1|7:2|7:3|7:4|7:5|8:5|8:6|8:7|8:8,948
854,2582,0.15468468468468477,4.0,4.0,0.0,4.0,26,victory,1,0,,0,23,23,0:0|0:1|0:2|0:3|0:4|1:4|2:4|3:4|4:4|5:2|5:3|5:4|6:2|6:3|7:2|7:3|7:4|7:5|8:5|8:6|8:7|8:8|9:5,948
855,2583,0.15369369369369368,4.0,4.0,0.0,4.0,22,victory,1,0,,0,22,22,0:0|0:1|0:2|0:3|0:4|1:4|1:5|2:4|3:4|4:4|5:2|5:3|5:4|6:2|6:3|7:3|7:4|7:5|8:5|8:6|8:7|8:8,948
856,2584,0.1527027027027027,4.0,4.0,0.0,4.0,28,victory,1,0,,0,23,23,0:0|0:1|0:2|0:3|0:4|1:4|2:4|3:2|3:4|4:2|4:4|5:2|5:3|5:4|6:2|6:3|7:3|7:4|7:5|8:5|8:6|8:7|8:8,948
857,2585,0.15171171171171172,4.0,4.0,0.0,4.0,25,victory,1,0,,0,22,22,0:0|0:1|0:2|0:3|0:4|1:4|2:4|3:4|4:4|5:2|5:3|5:4|6:2|6:3|7:3|7:4|7:5|7:6|8:5|8:6|8:7|8:8,948
858,2586,0.15072072072072074,4.0,4.0,0.0,4.0,26,victory,1,0,,0,22,21,0:0|0:1|0:2|0:3|0:4|1:4|2:4|3:4|4:4|5:2|5:3|5:4|6:2|6:3|7:3|7:4|7:5|8:5|8:6|8:7|8:8,948
859,2587,0.14972972972972975,4.0,4.0,0.0,4.0,24,victory,1,0,,0,23,23,0:0|0:1|0:2|0:3|0:4|1:4|2:4|3:4|4:3|4:4|5:2|5:3|5:4|6:2|6:3|6:4|7:3|7:4|7:5|7:6|8:6|8:7|8:8,948
860,2588,0.14873873873873866,4.0,4.0,0.0,4.0,22,victory,1,0,,0,22,22,0:0|0:1|0:2|0:3|0:4|1:4|2:4|3:4|4:4|5:1|5:2|5:3|5:4|6:2|6:3|6:4|7:4|7:5|8:5|8:6|8:7|8:8,948
861,2589,0.14774774774774768,4.0,4.0,0.0,4.0,20,victory,1,0,,0,21,20,0:0|0:1|0:2|0:3|0:4|1:4|2:4|3:4|4:4|5:3|5:4|6:2|6:3|7:3|7:4|7:5|8:5|8:6|8:7|8:8,948
862,2590,0.1467567567567568,4.0,4.0,0.0,4.0,24,victory,1,0,,0,22,21,0:0|0:1|0:2|0:3|0:4|1:4|2:4|3:4|4:4|5:3|5:4|6:2|6:3|7:2|7:3|7:4|7:5|8:5|8:6|8:7|8:8,948
863,2591,0.14576576576576583,4.0,4.0,0.0,4.0,25,victory,1,0,,0,22,22,0:0|0:1|0:2|0:3|0:4|1:4|2:4|3:4|4:4|5:2|5:3|5:4|6:2|6:3|7:3|7:4|7:5|8:5|8:6|8:7|8:8|9:7,948
864,2592,0.14477477477477485,4.0,4.0,0.0,4.0,22,victory,1,0,,0,22,21,0:0|0:1|0:2|0:3|0:4|1:4|2:4|3:4|4:4|5:2|5:3|5:4|6:2|6:3|7:3|7:4|7:5|8:5|8:6|8:7|8:8,948
865,2593,0.14378378378378376,4.0,4.0,0.0,4.0,22,victory,1,0,,0,22,22,0:0|0:1|0:2|0:3|0:4|1:4|2:4|3:4|4:4|5:2|5:3|5:4|6:2|6:3|6:5|7:3|7:4|7:5|8:5|8:6|8:7|8:8,948
866,2594,0.14279279279279278,4.0,4.0,0.0,4.0,27,victory,1,0,,0,23,22,0:0|0:1|0:2|0:3|0:4|1:4|1:5|2:4|3:4|4:4|5:2|5:3|5:4|6:2|6:3|7:3|7:4|7:5|8:5|8:6|8:7|8:8,948
867,2595,0.1418018018018018,4.0,4.0,0.0,4.0,26,victory,1,0,,0,23,23,0:0|0:1|0:2|0:3|0:4|0:5|1:4|2:4|3:4|3:5|4:4|5:2|5:3|5:4|6:2|6:3|7:3|7:4|7:5|8:5|8:6|8:7|8:8,948
868,2596,0.14081081081081082,4.0,4.0,0.0,4.0,22,victory,1,0,,0,22,22,0:0|0:1|0:2|0:3|0:4|1:4|2:4|3:4|4:4|5:2|5:3|5:4|6:2|6:3|6:5|7:3|7:4|7:5|8:5|8:6|8:7|8:8,948
869,2597,0.13981981981981983,4.0,4.0,0.0,4.0,22,victory,1,0,,0,21,21,0:0|0:1|0:2|0:3|0:4|1:4|2:4|3:4|4:4|5:2|5:3|5:4|6:2|6:3|7:3|7:4|7:5|8:5|8:6|8:7|8:8,948
870,2598,0.13882882882882874,4.0,4.0,0.0,4.0,22,victory,1,0,,0,22,22,0:0|0:1|0:2|0:3|0:4|1:4|2:4|3:4|4:4|5:2|5:3|5:4|5:5|6:2|6:3|7:3|7:4|7:5|8:5|8:6|8:7|8:8,948
871,2599,0.13783783783783787,4.0,4.0,0.0,4.0,22,victory,1,0,,0,21,21,0:0|0:1|0:2|0:3|0:4|1:4|2:4|3:4|4:4|5:2|5:3|5:4|6:2|6:3|7:3|7:4|7:5|8:5|8:6|8:7|8:8,948
872,2600,0.1368468468468469,4.0,4.0,0.0,4.0,23,victory,1,0,,0,21,21,0:0|0:1|0:2|0:3|0:4|1:4|2:4|3:4|4:4|5:2|5:3|5:4|6:2|6:3|7:3|7:4|7:5|8:5|8:6|8:7|8:8,948
873,2601,0.1358558558558559,4.0,4.0,0.0,4.0,23,victory,1,0,,0,21,20,0:0|0:1|0:2|0:3|0:4|1:4|2:4|3:4|4:4|5:4|6:2|6:3|6:4|7:3|7:4|7:5|8:5|8:6|8:7|8:8,948
874,2602,0.13486486486486493,4.0,4.0,0.0,4.0,22,victory,1,0,,0,22,21,0:0|0:1|0:2|0:3|0:4|1:4|2:4|3:4|4:4|5:2|5:3|5:4|6:2|6:3|7:3|7:4|7:5|8:5|8:6|8:7|8:8,948
875,2603,0.13387387387387384,4.0,4.0,0.0,4.0,24,victory,1,0,,0,22,22,0:0|0:1|0:2|0:3|0:4|1:4|2:3|2:4|3:4|4:4|5:2|5:3|5:4|6:2|6:3|7:3|7:4|7:5|8:5|8:6|8:7|8:8,948
876,2604,0.13288288288288286,4.0,4.0,0.0,4.0,26,victory,1,0,,0,24,23,0:0|0:1|0:2|0:3|0:4|1:4|2:4|3:4|4:4|5:2|5:3|5:4|6:2|6:3|6:5|7:3|7:4|7:5|8:5|8:6|8:7|8:8|9:6,948
877,2605,0.13189189189189188,4.0,4.0,0.0,4.0,25,victory,1,0,,0,21,21,0:0|0:1|0:2|0:3|0:4|1:4|2:4|3:4|4:4|5:2|5:3|5:4|6:2|6:3|7:3|7:4|7:5|8:5|8:6|8:7|8:8,948
878,2606,0.1309009009009009,4.0,4.0,0.0,4.0,20,victory,1,0,,0,21,21,0:0|0:1|0:2|0:3|0:4|1:4|2:4|3:4|4:4|5:2|5:3|5:4|6:2|6:3|7:3|7:4|7:5|8:5|8:6|8:7|8:8,948
879,2607,0.12990990990990992,4.0,4.0,0.0,4.0,20,victory,1,0,,0,21,21,0:0|0:1|0:2|0:3|0:4|1:4|2:4|3:4|4:4|5:2|5:3|5:4|6:2|6:3|7:3|7:4|7:5|8:5|8:6|8:7|8:8,948
880,2608,0.12891891891891893,4.0,4.0,0.0,4.0,26,victory,1,0,,0,23,23,0:0|0:1|0:2|0:3|0:4|1:4|2:4|2:5|2:6|3:4|4:4|5:2|5:3|5:4|6:2|6:3|7:3|7:4|7:5|8:5|8:6|8:7|8:8,948
881,2609,0.12792792792792795,4.0,4.0,0.0,4.0,27,victory,1,0,,0,22,22,0:0|0:1|0:2|0:3|0:4|1:4|2:4|3:4|4:4|5:2|5:3|5:4|6:2|6:3|7:3|7:4|7:5|8:4|8:5|8:6|8:7|8:8,948
882,2610,0.12693693693693697,4.0,4.0,0.0,4.0,24,victory,1,0,,0,22,22,0:0|0:1|0:2|0:3|0:4|1:4|2:4|3:4|4:3|4:4|5:2|5:3|5:4|6:2|6:3|7:3|7:4|7:5|8:5|8:6|8:7|8:8,948
883,2611,0.125945945945946,4.0,4.0,0.0,4.0,25,victory,1,0,,0,22,21,0:0|0:1|0:2|0:3|0:4|1:4|2:4|3:4|4:4|5:2|5:3|5:4|6:2|6:3|7:3|7:4|7:5|8:5|8:6|8:7|8:8,948
884,2612,0.12495495495495501,4.0,4.0,0.0,4.0,23,victory,1,0,,0,22,22,0:0|0:1|0:2|0:3|0:4|1:4|2:4|3:3|3:4|4:4|5:2|5:3|5:4|6:2|6:3|7:3|7:4|7:5|8:5|8:6|8:7|8:8,948
885,2613,0.12396396396396392,4.0,4.0,0.0,4.0,20,victory,1,0,,0,21,21,0:0|0:1|0:2|0:3|0:4|1:4|2:4|3:4|4:4|5:2|5:3|5:4|6:2|6:3|7:3|7:4|7:5|8:5|8:6|8:7|8:8,948
886,2614,0.12297297297297294,4.0,4.0,0.0,4.0,24,victory,1,0,,0,22,22,0:0|0:1|0:2|0:3|0:4|1:4|2:4|3:4|4:3|4:4|5:2|5:3|5:4|6:2|6:3|7:3|7:4|7:5|8:5|8:6|8:7|8:8,948
887,2615,0.12198198198198196,4.0,4.0,0.0,4.0,26,victory,1,0,,0,23,23,0:0|0:1|0:2|0:3|0:4|1:4|2:4|3:4|4:2|4:4|5:2|5:3|5:4|6:2|6:3|6:4|7:4|7:5|7:7|8:5|8:6|8:7|8:8,948
888,2616,0.12099099099099098,4.0,4.0,0.0,4.0,22,victory,1,0,,0,22,22,0:0|0:1|0:2|0:3|0:4|1:4|2:4|3:4|4:4|5:2|5:3|5:4|6:2|6:3|7:2|7:3|7:4|7:5|8:5|8:6|8:7|8:8,948
889,2617,0.1200000000000001,4.0,4.0,0.0,4.0,20,victory,1,0,,0,21,21,0:0|0:1|0:2|0:3|0:4|1:4|2:4|3:4|4:4|5:2|5:3|5:4|6:2|6:3|7:3|7:4|7:5|8:5|8:6|8:7|8:8,948
890,2618,0.11900900900900901,4.0,4.0,0.0,4.0,22,victory,1,0,,0,22,21,0:0|0:1|0:2|0:3|0:4|1:4|2:4|3:4|4:4|5:2|5:3|5:4|6:2|6:3|7:3|7:4|7:5|8:5|8:6|8:7|8:8,948
891,2619,0.11801801801801803,4.0,4.0,0.0,4.0,22,victory,1,0,,0,21,21,0:0|0:1|0:2|0:3|0:4|1:4|2:4|3:4|4:4|5:2|5:3|5:4|6:2|6:3|7:3|7:4|7:5|8:5|8:6|8:7|8:8,948
892,2620,0.11702702702702705,4.0,4.0,0.0,4.0,24,victory,1,0,,0,23,22,0:0|0:1|0:2|0:3|0:4|1:4|2:4|3:4|3:5|4:4|5:2|5:3|5:4|6:2|6:3|7:3|7:4|7:5|8:5|8:6|8:7|8:8,948
893,2621,0.11603603603603607,4.0,4.0,0.0,4.0,28,victory,1,0,,0,23,22,0:0|0:1|0:2|0:3|0:4|1:4|2:4|3:4|4:4|4:5|5:2|5:3|5:4|6:2|6:3|7:3|7:4|7:5|8:5|8:6|8:7|8:8,948
894,2622,0.11504504504504509,4.0,4.0,0.0,4.0,22,victory,1,0,,0,22,22,0:0|0:1|0:2|0:3|0:4|1:4|2:4|3:4|4:4|5:2|5:3|5:4|6:2|6:3|6:4|7:4|7:5|8:5|8:6|8:7|8:8|9:6,948
895,2623,0.114054054054054,4.0,4.0,0.0,4.0,22,victory,1,0,,0,22,22,0:0|0:1|0:2|0:3|0:4|1:4|2:4|3:4|4:4|5:2|5:3|5:4|6:2|6:3|6:4|7:4|7:5|8:4|8:5|8:6|8:7|8:8,948
896,2624,0.11306306306306302,4.0,4.0,0.0,4.0,20,victory,1,0,,0,21,21,0:0|0:1|0:2|0:3|0:4|1:4|2:4|3:4|4:4|5:2|5:3|5:4|6:2|6:3|7:3|7:4|7:5|8:5|8:6|8:7|8:8,948
897,2625,0.11207207207207204,4.0,4.0,0.0,4.0,20,victory,1,0,,0,21,21,0:0|0:1|0:2|0:3|0:4|1:4|2:4|3:4|4:4|5:2|5:3|5:4|6:2|6:3|7:3|7:4|7:5|8:5|8:6|8:7|8:8,948
898,2626,0.11108108108108117,4.0,4.0,0.0,4.0,22,victory,1,0,,0,22,22,0:0|0:1|0:2|0:3|0:4|1:4|2:4|3:4|4:4|5:2|5:3|5:4|6:1|6:2|7:2|7:3|7:4|7:5|8:5|8:6|8:7|8:8,948
899,2627,0.11009009009009019,4.0,4.0,0.0,4.0,25,victory,1,0,,0,22,22,0:0|0:1|0:2|0:3|0:4|1:1|1:4|2:4|3:4|4:4|5:2|5:3|5:4|6:2|6:3|7:3|7:4|7:5|8:5|8:6|8:7|8:8,948
900,2628,0.1090990990990991,4.0,4.0,0.0,4.0,27,victory,1,0,,0,22,21,0:0|0:1|0:2|0:3|0:4|1:4|2:4|3:4|4:4|5:2|5:3|5:4|6:2|6:3|7:3|7:4|7:5|8:5|8:6|8:7|8:8,948
901,2629,0.10810810810810811,4.0,4.0,0.0,4.0,22,victory,1,0,,0,22,22,0:0|0:1|0:2|0:3|0:4|0:5|1:4|2:4|3:4|4:4|5:2|5:3|5:4|6:2|6:3|7:3|7:4|7:5|8:5|8:6|8:7|8:8,948
902,2630,0.10711711711711713,4.0,4.0,0.0,4.0,22,victory,1,0,,0,22,22,0:0|0:1|0:2|0:3|0:4|1:4|2:4|3:4|4:4|5:2|5:3|5:4|6:2|6:3|7:3|7:4|7:5|8:5|8:6|8:7|8:8|9:6,948
903,2631,0.10612612612612615,4.0,4.0,0.0,4.0,22,victory,1,0,,0,22,22,0:0|0:1|0:2|0:3|0:4|1:0|1:4|2:4|3:4|4:4|5:2|5:3|5:4|6:2|6:3|7:3|8:3|8:4|8:5|8:6|8:7|8:8,948
904,2632,0.10513513513513517,4.0,4.0,0.0,4.0,23,victory,1,0,,0,21,21,0:0|0:1|0:2|0:3|0:4|1:4|2:4|3:4|4:4|5:2|5:3|5:4|6:2|6:3|7:3|7:4|7:5|8:5|8:6|8:7|8:8,948
905,2633,0.10414414414414408,4.0,4.0,0.0,4.0,22,victory,1,0,,0,22,22,0:0|0:1|0:2|0:3|0:4|1:4|2:4|3:4|4:2|4:4|5:2|5:3|5:4|6:2|6:3|7:3|7:4|8:4|8:5|8:6|8:7|8:8,948
906,2634,0.1031531531531531,4.0,4.0,0.0,4.0,22,victory,1,0,,0,22,22,0:0|0:1|0:2|0:3|0:4|1:4|2:4|3:4|4:3|4:4|5:2|5:3|5:4|6:2|6:3|7:3|7:4|7:5|8:5|8:6|8:7|8:8,948
907,2635,0.10216216216216223,4.0,4.0,0.0,4.0,22,victory,1,0,,0,22,21,0:0|0:1|0:2|0:3|0:4|1:4|2:4|3:4|4:4|5:3|5:4|6:2|6:3|6:4|7:3|7:4|7:5|8:5|8:6|8:7|8:8,948
908,2636,0.10117117117117125,4.0,4.0,0.0,4.0,28,victory,1,0,,0,26,24,0:0|0:1|0:2|0:3|0:4|1:4|2:3|2:4|2:5|3:4|4:4|5:4|6:2|6:3|6:4|7:3|7:4|7:5|8:5|8:6|8:7|8:8|9:6|9:7,948
909,2637,0.10018018018018016,4.0,4.0,0.0,4.0,20,victory,1,0,,0,21,21,0:0|0:1|0:2|0:3|0:4|1:4|2:4|3:4|4:4|5:2|5:3|5:4|6:2|6:3|7:3|7:4|7:5|8:5|8:6|8:7|8:8,948
910,2638,0.09918918918918918,4.0,4.0,0.0,4.0,20,victory,1,0,,0,21,21,0:0|0:1|0:2|0:3|0:4|1:4|2:4|3:4|4:4|5:2|5:3|5:4|6:2|6:3|7:3|8:3|8:4|8:5|8:6|8:7|8:8,948
911,2639,0.0981981981981982,4.0,4.0,0.0,4.0,20,victory,1,0,,0,21,21,0:0|0:1|0:2|0:3|0:4|1:4|2:4|3:4|4:4|5:2|5:3|5:4|6:2|6:3|7:3|7:4|7:5|8:5|8:6|8:7|8:8,948
912,2640,0.09720720720720721,4.0,4.0,0.0,4.0,27,victory,1,0,,0,22,22,0:0|0:1|0:2|0:3|0:4|1:4|2:4|3:4|4:4|5:2|5:3|5:4|6:1|6:2|6:3|7:3|7:4|7:5|8:5|8:6|8:7|8:8,948
913,2641,0.09621621621621623,4.0,4.0,0.0,4.0,22,victory,1,0,,0,22,21,0:0|0:1|0:2|0:3|0:4|1:4|2:4|2:5|3:4|4:4|5:3|5:4|6:2|6:3|7:3|7:4|7:5|8:5|8:6|8:7|8:8,948
914,2642,0.09522522522522514,4.0,4.0,0.0,4.0,25,victory,1,0,,0,22,21,0:0|0:1|0:2|0:3|0:4|1:4|2:4|3:4|4:4|5:2|5:3|5:4|6:2|6:3|7:3|7:4|7:5|8:5|8:6|8:7|8:8,948
915,2643,0.09423423423423416,4.0,4.0,0.0,4.0,22,victory,1,0,,0,21,21,0:0|0:1|0:2|0:3|0:4|1:4|2:4|3:4|4:4|5:2|5:3|5:4|6:2|6:3|7:3|7:4|7:5|8:5|8:6|8:7|8:8,948
916,2644,0.09324324324324329,4.0,4.0,0.0,4.0,24,victory,1,0,,0,23,22,0:0|0:1|0:2|0:3|0:4|1:4|2:4|3:4|4:2|4:4|5:2|5:3|5:4|6:2|6:3|7:3|7:4|7:5|8:5|8:6|8:7|8:8,948
917,2645,0.09225225225225231,4.0,4.0,0.0,4.0,22,victory,1,0,,0,21,21,0:0|0:1|0:2|0:3|0:4|1:4|2:4|3:4|4:4|5:2|5:3|5:4|6:2|6:3|7:3|7:4|7:5|8:5|8:6|8:7|8:8,948
918,2646,0.09126126126126133,4.0,4.0,0.0,4.0,21,victory,1,0,,0,21,21,0:0|0:1|0:2|0:3|0:4|1:4|2:4|3:4|4:4|5:2|5:3|5:4|6:2|6:3|7:3|7:4|7:5|8:5|8:6|8:7|8:8,948
919,2647,0.09027027027027024,4.0,4.0,0.0,4.0,22,victory,1,0,,0,22,22,0:0|0:1|0:2|0:3|0:4|1:4|2:4|3:4|4:4|5:2|5:3|5:4|6:2|6:3|7:3|7:4|7:5|7:6|8:5|8:6|8:7|8:8,948
920,2648,0.08927927927927926,4.0,4.0,0.0,4.0,22,victory,1,0,,0,22,22,0:0|0:1|0:2|0:3|0:4|1:4|2:4|3:4|4:4|5:2|5:3|5:4|6:2|6:3|6:5|7:3|7:4|7:5|8:5|8:6|8:7|8:8,948
921,2649,0.08828828828828827,4.0,4.0,0.0,4.0,20,victory,1,0,,0,21,21,0:0|0:1|0:2|0:3|0:4|1:4|2:4|3:4|4:4|5:2|5:3|5:4|6:2|6:3|7:3|7:4|7:5|8:5|8:6|8:7|8:8,948
922,2650,0.0872972972972973,4.0,4.0,0.0,4.0,24,victory,1,0,,0,22,21,0:0|0:1|0:2|0:3|0:4|1:4|2:4|3:4|4:4|5:2|5:3|5:4|6:2|6:3|7:3|7:4|7:5|8:5|8:6|8:7|8:8,948
923,2651,0.08630630630630631,4.0,4.0,0.0,4.0,20,victory,1,0,,0,21,21,0:0|0:1|0:2|0:3|0:4|1:4|2:4|3:4|4:4|5:2|5:3|5:4|6:2|6:3|7:3|7:4|7:5|8:5|8:6|8:7|8:8,948
924,2652,0.08531531531531522,4.0,4.0,0.0,4.0,24,victory,1,0,,0,22,22,0:0|0:1|0:2|0:3|0:4|1:4|2:4|3:4|4:4|5:2|5:3|5:4|6:2|6:3|7:2|7:3|7:4|7:5|8:5|8:6|8:7|8:8,948
925,2653,0.08432432432432435,4.0,4.0,0.0,4.0,20,victory,1,0,,0,21,21,0:0|0:1|0:2|0:3|0:4|1:4|2:4|3:4|4:4|5:2|5:3|5:4|6:2|6:3|7:3|7:4|7:5|8:5|8:6|8:7|8:8,948
926,2654,0.08333333333333337,4.0,4.0,0.0,4.0,22,victory,1,0,,0,22,22,0:0|0:1|0:2|0:3|0:4|1:4|2:4|3:3|3:4|4:4|5:2|5:3|5:4|6:2|6:3|7:3|7:4|7:5|8:5|8:6|8:7|8:8,948
927,2655,0.08234234234234239,4.0,4.0,0.0,4.0,22,victory,1,0,,0,22,22,0:0|0:1|0:2|0:3|0:4|1:4|1:5|2:4|3:4|4:4|5:2|5:3|5:4|6:2|6:3|7:3|7:4|7:5|8:5|8:6|8:7|8:8,948
928,2656,0.08135135135135141,4.0,4.0,0.0,4.0,21,victory,1,0,,0,21,21,0:0|0:1|0:2|0:3|0:4|1:4|2:4|3:4|4:4|5:2|5:3|5:4|6:2|6:3|7:3|8:3|8:4|8:5|8:6|8:7|8:8,948
929,2657,0.08036036036036032,4.0,4.0,0.0,4.0,22,victory,1,0,,0,22,22,0:0|0:1|0:2|0:3|0:4|1:1|1:4|2:4|3:4|4:4|5:2|5:3|5:4|6:2|6:3|7:3|7:4|7:5|8:5|8:6|8:7|8:8,948
930,2658,0.07936936936936934,4.0,4.0,0.0,4.0,24,victory,1,0,,0,23,23,0:0|0:1|0:2|0:3|0:4|1:4|2:4|3:3|3:4|4:3|4:4|5:2|5:3|5:4|6:2|6:3|7:3|7:4|7:5|8:5|8:6|8:7|8:8,948
931,2659,0.07837837837837835,4.0,4.0,0.0,4.0,20,victory,1,0,,0,21,21,0:0|0:1|0:2|0:3|0:4|1:4|2:4|3:4|4:4|5:2|5:3|5:4|6:2|6:3|7:3|7:4|7:5|8:5|8:6|8:7|8:8,948
932,2660,0.07738738738738737,4.0,4.0,0.0,4.0,20,victory,1,0,,0,21,21,0:0|0:1|0:2|0:3|0:4|1:4|2:4|3:4|4:4|5:2|5:3|5:4|6:2|6:3|7:3|7:4|7:5|8:5|8:6|8:7|8:8,948
933,2661,0.0763963963963964,4.0,4.0,0.0,4.0,24,victory,1,0,,0,21,21,0:0|0:1|0:2|0:3|0:4|1:4|2:4|3:4|4:3|4:4|5:2|5:3|6:2|6:3|7:3|7:4|7:5|8:5|8:6|8:7|8:8,948
934,2662,0.07540540540540541,4.0,4.0,0.0,4.0,24,victory,1,0,,0,22,21,0:0|0:1|0:2|0:3|1:3|1:4|2:4|3:4|4:4|5:2|5:3|5:4|6:2|6:3|7:3|7:4|7:5|8:5|8:6|8:7|8:8,948
935,2663,0.07441441441441443,4.0,4.0,0.0,4.0,22,victory,1,0,,0,21,21,0:0|0:1|0:2|0:3|0:4|1:4|2:4|3:4|4:4|5:2|5:3|5:4|6:2|6:3|7:3|7:4|7:5|8:5|8:6|8:7|8:8,948
936,2664,0.07342342342342345,4.0,4.0,0.0,4.0,22,victory,1,0,,0,22,22,0:0|0:1|0:2|0:3|0:4|1:4|1:5|2:4|3:4|4:4|5:2|5:3|5:4|6:2|6:3|7:3|7:4|7:5|8:5|8:6|8:7|8:8,948
937,2665,0.07243243243243247,4.0,4.0,0.0,4.0,22,victory,1,0,,0,22,22,0:0|0:1|0:2|0:3|0:4|1:1|1:4|2:4|3:4|4:4|5:2|5:3|5:4|6:2|6:3|6:4|7:4|7:5|7:6|8:6|8:7|8:8,948
938,2666,0.07144144144144149,4.0,4.0,0.0,4.0,20,victory,1,0,,0,21,21,0:0|0:1|0:2|0:3|0:4|1:4|2:4|3:4|4:4|5:2|5:3|5:4|6:2|6:3|7:3|7:4|7:5|8:5|8:6|8:7|8:8,948
939,2667,0.0704504504504504,4.0,4.0,0.0,4.0,20,victory,1,0,,0,21,21,0:0|0:1|0:2|0:3|0:4|1:4|2:4|3:4|4:4|5:2|5:3|5:4|6:2|6:3|6:4|7:4|7:5|8:5|8:6|8:7|8:8,948
940,2668,0.06945945945945942,4.0,4.0,0.0,4.0,22,victory,1,0,,0,22,22,0:0|0:1|0:2|0:3|0:4|1:4|2:4|3:4|4:4|5:2|5:3|5:4|5:5|6:2|6:3|7:3|7:4|7:5|8:5|8:6|8:7|8:8,948
941,2669,0.06846846846846844,4.0,4.0,0.0,4.0,22,victory,1,0,,0,22,22,0:0|0:1|0:2|0:3|0:4|1:4|2:4|3:4|4:4|5:2|5:3|5:4|5:5|6:2|6:3|7:3|7:4|7:5|8:5|8:6|8:7|8:8,948
942,2670,0.06747747747747745,4.0,4.0,0.0,4.0,20,victory,1,0,,0,21,21,0:0|0:1|0:2|0:3|0:4|1:4|2:4|3:4|4:4|5:2|5:3|5:4|6:2|6:3|7:3|7:4|7:5|8:5|8:6|8:7|8:8,948
943,2671,0.06648648648648658,4.0,4.0,0.0,4.0,22,victory,1,0,,0,22,22,0:0|0:1|0:2|0:3|0:4|1:4|2:4|3:4|4:2|4:4|5:2|5:3|5:4|6:2|6:3|7:3|7:4|7:5|8:5|8:6|8:7|8:8,948
944,2672,0.06549549549549549,4.0,4.0,0.0,4.0,22,victory,1,0,,0,22,22,0:0|0:1|0:2|0:3|0:4|1:4|2:3|2:4|3:4|4:4|5:2|5:3|5:4|6:2|6:3|7:3|7:4|7:5|8:5|8:6|8:7|8:8,948
945,2673,0.06450450450450451,4.0,4.0,0.0,4.0,20,victory,1,0,,0,21,21,0:0|0:1|0:2|0:3|0:4|1:4|2:4|3:4|4:4|5:2|5:3|5:4|6:2|6:3|7:3|7:4|7:5|8:5|8:6|8:7|8:8,948
946,2674,0.06351351351351353,4.0,4.0,0.0,4.0,20,victory,1,0,,0,21,21,0:0|0:1|0:2|0:3|0:4|1:4|2:4|3:4|4:4|5:2|5:3|5:4|6:2|6:3|7:3|7:4|7:5|8:5|8:6|8:7|8:8,948
947,2675,0.06252252252252255,4.0,4.0,0.0,4.0,24,victory,1,0,,0,23,23,0:0|0:1|0:2|0:3|0:4|1:4|2:4|3:3|3:4|4:3|4:4|5:2|5:3|5:4|6:2|7:2|7:3|7:4|7:5|8:5|8:6|8:7|8:8,948
948,2676,0.06153153153153157,4.0,4.0,0.0,4.0,20,victory,1,0,,0,21,21,0:0|0:1|0:2|0:3|0:4|1:4|2:4|3:4|4:4|5:2|5:3|5:4|6:2|6:3|7:3|7:4|7:5|8:5|8:6|8:7|8:8,948
949,2677,0.06054054054054048,4.0,4.0,0.0,4.0,22,victory,1,0,,0,22,22,0:0|0:1|0:2|0:3|0:4|1:4|2:4|3:4|4:4|5:2|5:3|5:4|6:1|6:2|6:3|7:3|7:4|7:5|8:5|8:6|8:7|8:8,948
950,2678,0.059549549549549496,4.0,4.0,0.0,4.0,26,victory,1,0,,0,22,22,0:0|0:1|0:2|0:3|0:4|1:4|2:4|3:4|4:4|5:2|5:3|5:4|6:2|6:3|7:3|7:4|7:5|8:5|8:6|8:7|8:8|9:7,948
951,2679,0.05855855855855863,4.0,4.0,0.0,4.0,24,victory,1,0,,0,23,22,0:0|0:1|0:2|0:3|0:4|1:4|2:4|3:4|4:2|4:4|5:2|5:3|5:4|6:2|6:3|7:3|7:4|7:5|8:5|8:6|8:7|8:8,948
952,2680,0.057567567567567646,4.0,4.0,0.0,4.0,22,victory,1,0,,0,22,22,0:0|0:1|0:2|0:3|0:4|1:4|2:4|3:4|4:4|5:2|5:3|5:4|6:1|6:2|6:3|7:3|7:4|7:5|8:5|8:6|8:7|8:8,948
953,2681,0.056576576576576665,4.0,4.0,0.0,4.0,20,victory,1,0,,0,21,21,0:0|0:1|0:2|0:3|0:4|1:4|2:4|3:4|4:4|5:2|5:3|5:4|6:2|6:3|7:3|7:4|7:5|8:5|8:6|8:7|8:8,948
954,2682,0.05558558558558557,4.0,4.0,0.0,4.0,22,victory,1,0,,0,22,22,0:0|0:1|0:2|0:3|1:3|1:4|2:4|3:4|4:4|5:2|5:3|5:4|5:5|6:2|6:3|7:3|7:4|7:5|8:5|8:6|8:7|8:8,948
955,2683,0.05459459459459459,4.0,4.0,0.0,4.0,20,victory,1,0,,0,21,21,0:0|0:1|0:2|0:3|0:4|1:4|2:4|3:4|4:4|5:2|5:3|5:4|6:2|6:3|7:3|7:4|7:5|8:5|8:6|8:7|8:8,948
956,2684,0.05360360360360361,4.0,4.0,0.0,4.0,22,victory,1,0,,0,22,22,0:0|0:1|0:2|0:3|0:4|1:4|2:4|3:3|3:4|4:4|5:2|5:3|5:4|6:2|6:3|7:3|7:4|7:5|8:5|8:6|8:7|8:8,948
957,2685,0.05261261261261263,4.0,4.0,0.0,4.0,20,victory,1,0,,0,21,21,0:0|0:1|0:2|0:3|0:4|1:4|2:4|3:4|4:4|5:2|5:3|5:4|6:2|6:3|7:3|7:4|7:5|8:5|8:6|8:7|8:8,948
958,2686,0.05162162162162165,4.0,4.0,0.0,4.0,20,victory,1,0,,0,21,21,0:0|0:1|0:2|0:3|0:4|1:4|2:4|3:4|4:4|5:2|5:3|5:4|6:2|6:3|7:3|7:4|7:5|8:5|8:6|8:7|8:8,948
959,2687,0.05063063063063056,4.0,4.0,0.0,4.0,20,victory,1,0,,0,21,21,0:0|0:1|0:2|0:3|0:4|1:4|2:4|3:4|4:4|5:2|5:3|5:4|6:2|6:3|7:3|7:4|7:5|8:5|8:6|8:7|8:8,948
960,2688,0.04963963963963969,4.0,4.0,0.0,4.0,25,victory,1,0,,0,22,22,0:0|0:1|0:2|0:3|0:4|1:3|1:4|2:4|3:4|4:4|5:2|5:3|5:4|6:2|6:3|7:3|7:4|7:5|8:5|8:6|8:7|8:8,948
961,2689,0.04864864864864871,4.0,4.0,0.0,4.0,22,victory,1,0,,0,22,22,0:0|0:1|0:2|0:3|0:4|1:4|2:4|3:4|4:4|5:2|5:3|5:4|5:5|6:2|6:3|7:3|7:4|7:5|8:5|8:6|8:7|8:8,948
962,2690,0.047657657657657726,4.0,4.0,0.0,4.0,20,victory,1,0,,0,21,21,0:0|0:1|0:2|0:3|0:4|1:4|2:4|3:4|4:4|5:2|5:3|5:4|6:2|6:3|7:3|7:4|7:5|8:5|8:6|8:7|8:8,948
963,2691,0.046666666666666745,4.0,4.0,0.0,4.0,24,victory,1,0,,0,23,22,0:0|0:1|0:2|0:3|0:4|1:4|2:4|3:4|4:4|5:2|5:3|5:4|6:2|6:3|7:3|7:4|7:5|8:5|8:6|8:7|8:8|9:5,948
964,2692,0.04567567567567565,4.0,4.0,0.0,4.0,22,victory,1,0,,0,22,22,0:0|0:1|0:2|0:3|0:4|0:5|1:4|2:4|3:4|4:4|5:2|5:3|5:4|6:2|6:3|7:3|7:4|7:5|8:5|8:6|8:7|8:8,948
965,2693,0.04468468468468467,4.0,4.0,0.0,4.0,20,victory,1,0,,0,21,21,0:0|0:1|0:2|0:3|0:4|1:4|2:4|3:4|4:4|5:2|5:3|5:4|6:2|6:3|7:3|7:4|7:5|8:5|8:6|8:7|8:8,948
966,2694,0.04369369369369369,4.0,4.0,0.0,4.0,20,victory,1,0,,0,21,21,0:0|0:1|0:2|0:3|0:4|1:4|2:4|3:4|4:4|5:2|5:3|5:4|6:2|6:3|7:3|7:4|7:5|8:5|8:6|8:7|8:8,948
967,2695,0.04270270270270271,4.0,4.0,0.0,4.0,20,victory,1,0,,0,21,21,0:0|0:1|0:2|0:3|0:4|1:4|2:4|3:4|4:4|5:2|5:3|5:4|6:2|6:3|7:3|7:4|7:5|8:5|8:6|8:7|8:8,948
968,2696,0.04171171171171173,4.0,4.0,0.0,4.0,20,victory,1,0,,0,21,21,0:0|0:1|0:2|0:3|0:4|1:4|2:4|3:4|4:4|5:2|5:3|5:4|6:2|6:3|7:3|7:4|7:5|8:5|8:6|8:7|8:8,948
969,2697,0.04072072072072075,4.0,4.0,0.0,4.0,20,victory,1,0,,0,21,21,0:0|0:1|0:2|0:3|0:4|1:4|2:4|3:4|4:4|5:2|5:3|5:4|6:2|6:3|7:3|7:4|7:5|8:5|8:6|8:7|8:8,948
970,2698,0.03972972972972977,4.0,4.0,0.0,4.0,22,victory,1,0,,0,22,22,0:0|0:1|0:2|0:3|0:4|1:4|2:4|3:4|4:4|5:2|5:3|5:4|6:2|6:3|7:3|7:4|7:5|8:5|8:6|8:7|8:8|9:7,948
971,2699,0.03873873873873879,4.0,4.0,0.0,4.0,20,victory,1,0,,0,21,21,0:0|0:1|0:2|0:3|0:4|1:4|2:4|3:4|4:4|5:2|5:3|5:4|6:2|6:3|7:3|7:4|7:5|8:5|8:6|8:7|8:8,948
972,2700,0.037747747747747806,4.0,4.0,0.0,4.0,20,victory,1,0,,0,21,21,0:0|0:1|0:2|0:3|0:4|1:4|2:4|3:4|4:4|5:2|5:3|5:4|6:2|6:3|7:3|7:4|7:5|8:5|8:6|8:7|8:8,948
973,2701,0.036756756756756714,4.0,4.0,0.0,4.0,24,victory,1,0,,0,22,22,0:0|0:1|0:2|0:3|0:4|1:4|2:4|3:4|4:3|4:4|5:2|5:3|5:4|6:2|6:3|7:3|7:4|7:5|8:5|8:6|8:7|8:8,948
974,2702,0.035765765765765734,4.0,4.0,0.0,4.0,20,victory,1,0,,0,21,21,0:0|0:1|0:2|0:3|0:4|1:4|2:4|3:4|4:4|5:2|5:3|5:4|6:2|6:3|7:3|7:4|7:5|8:5|8:6|8:7|8:8,948
975,2703,0.03477477477477475,4.0,4.0,0.0,4.0,20,victory,1,0,,0,21,21,0:0|0:1|0:2|0:3|0:4|1:4|2:4|3:4|4:4|5:2|5:3|5:4|6:2|6:3|7:3|7:4|7:5|8:5|8:6|8:7|8:8,948
976,2704,0.03378378378378377,4.0,4.0,0.0,4.0,22,victory,1,0,,0,22,22,0:0|0:1|0:2|0:3|0:4|1:4|2:4|3:4|4:4|5:2|5:3|5:4|5:5|6:2|6:3|7:3|7:4|7:5|8:5|8:6|8:7|8:8,948
977,2705,0.03279279279279279,4.0,4.0,0.0,4.0,23,victory,1,0,,0,22,21,0:0|0:1|0:2|0:3|0:4|1:4|2:4|3:4|4:4|5:2|5:3|5:4|6:2|6:3|7:3|7:4|7:5|8:5|8:6|8:7|8:8,948
978,2706,0.03180180180180181,4.0,4.0,0.0,4.0,22,victory,1,0,,0,22,22,0:0|0:1|0:2|0:3|0:4|1:4|1:5|2:4|3:4|4:4|5:2|5:3|5:4|6:2|6:3|7:3|7:4|7:5|8:5|8:6|8:7|8:8,948
979,2707,0.03081081081081083,4.0,4.0,0.0,4.0,20,victory,1,0,,0,21,21,0:0|0:1|0:2|0:3|0:4|1:4|2:4|3:4|4:4|5:2|5:3|5:4|6:2|6:3|7:3|7:4|7:5|8:5|8:6|8:7|8:8,948
980,2708,0.02981981981981985,4.0,4.0,0.0,4.0,20,victory,1,0,,0,21,21,0:0|0:1|0:2|0:3|0:4|1:4|2:4|3:4|4:4|5:2|5:3|5:4|6:2|6:3|7:3|7:4|7:5|8:5|8:6|8:7|8:8,948
981,2709,0.028828828828828867,4.0,4.0,0.0,4.0,20,victory,1,0,,0,21,21,0:0|0:1|0:2|0:3|0:4|1:4|2:4|3:4|4:4|5:2|5:3|5:4|6:2|6:3|7:3|7:4|7:5|8:5|8:6|8:7|8:8,948
982,2710,0.027837837837837887,4.0,4.0,0.0,4.0,20,victory,1,0,,0,21,21,0:0|0:1|0:2|0:3|0:4|1:4|2:4|3:4|4:4|5:2|5:3|5:4|6:2|6:3|7:3|7:4|7:5|8:5|8:6|8:7|8:8,948
983,2711,0.026846846846846795,4.0,4.0,0.0,4.0,20,victory,1,0,,0,21,21,0:0|0:1|0:2|0:3|0:4|1:4|2:4|3:4|4:4|5:2|5:3|5:4|6:2|6:3|7:3|7:4|7:5|8:5|8:6|8:7|8:8,948
984,2712,0.025855855855855814,4.0,4.0,0.0,4.0,20,victory,1,0,,0,21,21,0:0|0:1|0:2|0:3|0:4|1:4|2:4|3:4|4:4|5:2|5:3|5:4|6:2|6:3|7:3|7:4|7:5|8:5|8:6|8:7|8:8,948
985,2713,0.024864864864864833,4.0,4.0,0.0,4.0,20,victory,1,0,,0,21,21,0:0|0:1|0:2|0:3|0:4|1:4|2:4|3:4|4:4|5:2|5:3|5:4|6:2|6:3|7:3|7:4|7:5|8:5|8:6|8:7|8:8,948
986,2714,0.023873873873873852,4.0,4.0,0.0,4.0,20,victory,1,0,,0,21,21,0:0|0:1|0:2|0:3|0:4|1:4|2:4|3:4|4:4|5:2|5:3|5:4|6:2|6:3|7:3|7:4|7:5|8:5|8:6|8:7|8:8,948
987,2715,0.022882882882882982,4.0,4.0,0.0,4.0,20,victory,1,0,,0,21,21,0:0|0:1|0:2|0:3|0:4|1:4|2:4|3:4|4:4|5:2|5:3|5:4|6:2|6:3|7:3|7:4|7:5|8:5|8:6|8:7|8:8,948
988,2716,0.02189189189189189,4.0,4.0,0.0,4.0,21,victory,1,0,,0,21,21,0:0|0:1|0:2|0:3|0:4|1:4|2:4|3:4|4:4|5:2|5:3|5:4|6:2|6:3|7:3|7:4|7:5|8:5|8:6|8:7|8:8,948
989,2717,0.02090090090090091,4.0,4.0,0.0,4.0,20,victory,1,0,,0,21,21,0:0|0:1|0:2|0:3|0:4|1:4|2:4|3:4|4:4|5:2|5:3|5:4|6:2|6:3|7:3|7:4|7:5|8:5|8:6|8:7|8:8,948
990,2718,0.01990990990990993,4.0,4.0,0.0,4.0,20,victory,1,0,,0,21,21,0:0|0:1|0:2|0:3|0:4|1:4|2:4|3:4|4:4|5:2|5:3|5:4|6:2|6:3|7:3|7:4|7:5|8:5|8:6|8:7|8:8,948
991,2719,0.018918918918918948,4.0,4.0,0.0,4.0,20,victory,1,0,,0,21,21,0:0|0:1|0:2|0:3|0:4|1:4|2:4|3:4|4:4|5:2|5:3|5:4|6:2|6:3|7:3|7:4|7:5|8:5|8:6|8:7|8:8,948
992,2720,0.017927927927927967,4.0,4.0,0.0,4.0,24,victory,1,0,,0,22,22,0:0|0:1|0:2|0:3|0:4|1:4|2:4|3:4|4:4|5:2|5:3|5:4|6:2|6:3|7:3|7:4|7:5|7:7|8:5|8:6|8:7|8:8,948
993,2721,0.016936936936936875,4.0,4.0,0.0,4.0,22,victory,1,0,,0,21,21,0:0|0:1|0:2|0:3|0:4|1:4|2:4|3:4|4:4|5:2|5:3|5:4|6:2|6:3|7:3|7:4|7:5|8:5|8:6|8:7|8:8,948
994,2722,0.015945945945945894,4.0,4.0,0.0,4.0,20,victory,1,0,,0,21,21,0:0|0:1|0:2|0:3|0:4|1:4|2:4|3:4|4:4|5:2|5:3|5:4|6:2|6:3|7:3|7:4|7:5|8:5|8:6|8:7|8:8,948
995,2723,0.014954954954954913,4.0,4.0,0.0,4.0,20,victory,1,0,,0,21,21,0:0|0:1|0:2|0:3|0:4|1:4|2:4|3:4|4:4|5:2|5:3|5:4|6:2|6:3|7:3|7:4|7:5|8:5|8:6|8:7|8:8,948
996,2724,0.013963963963964043,4.0,4.0,0.0,4.0,20,victory,1,0,,0,21,21,0:0|0:1|0:2|0:3|0:4|1:4|2:4|3:4|4:4|5:2|5:3|5:4|6:2|6:3|7:3|7:4|7:5|8:5|8:6|8:7|8:8,948
997,2725,0.012972972972973063,4.0,4.0,0.0,4.0,20,victory,1,0,,0,21,21,0:0|0:1|0:2|0:3|0:4|1:4|2:4|3:4|4:4|5:2|5:3|5:4|6:2|6:3|7:3|7:4|7:5|8:5|8:6|8:7|8:8,948
998,2726,0.01198198198198197,4.0,4.0,0.0,4.0,20,victory,1,0,,0,21,21,0:0|0:1|0:2|0:3|0:4|1:4|2:4|3:4|4:4|5:2|5:3|5:4|6:2|6:3|7:3|7:4|7:5|8:5|8:6|8:7|8:8,948
999,2727,0.01099099099099099,4.0,4.0,0.0,4.0,20,victory,1,0,,0,21,21,0:0|0:1|0:2|0:3|0:4|1:4|2:4|3:4|4:4|5:2|5:3|5:4|6:2|6:3|7:3|7:4|7:5|8:5|8:6|8:7|8:8,948
1000,2728,0.010000000000000009,4.0,4.0,0.0,4.0,20,victory,1,0,,0,21,21,0:0|0:1|0:2|0:3|0:4|1:4|2:4|3:4|4:4|5:2|5:3|5:4|6:2|6:3|7:3|7:4|7:5|8:5|8:6|8:7|8:8,948
