episode,seed,epsilon,episode_reward,extrinsic_reward,intrinsic_reward,learning_reward,steps,status,victory,death,death_cause,truncated,unique_states,unique_positions,visited_positions,q_table_states
1,1729,1.0,1.0,1.0,0.0,1.0,350,truncated,0,0,,1,106,78,0:0|0:1|0:2|0:3|0:4|0:5|0:9|1:0|1:1|1:2|1:3|1:4|1:5|1:6|1:7|1:8|1:9|2:0|2:1|2:2|2:3|2:4|2:5|2:9|3:0|3:1|3:2|3:4|3:5|3:6|3:7|3:8|3:9|4:0|4:1|4:2|4:4|4:5|4:6|4:7|4:8|4:9|5:0|5:1|5:2|5:3|5:4|5:5|5:6|5:7|5:8|5:9|6:0|6:1|6:2|6:3|6:4|6:5|6:6|6:7|6:8|6:9|7:0|7:1|7:2|7:3|7:4|7:5|7:6|7:7|8:0|8:1|8:2|8:3|8:4|8:5|9:0|9:3,106
2,1730,0.9993395597064709,0.0,0.0,0.0,0.0,260,death,0,1,monster,0,60,52,0:0|0:1|0:2|0:3|0:4|0:5|1:0|1:1|1:2|1:3|1:4|1:5|1:6|1:8|2:0|2:1|2:2|2:3|2:4|2:5|2:6|2:8|2:9|3:0|3:1|3:2|3:5|3:6|3:7|3:8|3:9|4:0|4:1|4:2|4:6|4:7|4:8|4:9|5:2|5:3|5:5|5:6|5:7|5:8|5:9|6:3|6:4|6:5|6:6|6:7|6:8|6:9,130
3,1731,0.998679119412942,0.0,0.0,0.0,0.0,50,death,0,1,monster,0,27,19,0:0|0:1|0:2|0:3|0:4|1:0|1:1|1:2|1:3|1:4|2:0|2:1|2:2|2:3|2:4|3:0|3:1|3:4|4:4,139
4,1732,0.9980186791194129,1.0,1.0,0.0,1.0,350,truncated,0,0,,1,76,53,0:0|0:1|0:2|0:3|0:4|1:0|1:1|1:2|1:3|1:4|1:5|2:0|2:1|2:2|2:3|2:4|3:0|3:1|3:2|3:4|4:0|4:1|4:2|5:0|5:1|5:2|5:3|5:4|5:5|6:0|6:1|6:2|6:3|6:4|6:5|7:0|7:1|7:2|7:3|7:4|7:5|7:6|8:0|8:1|8:2|8:3|8:4|8:5|9:0|9:1|9:2|9:3|9:4,168
5,1733,0.9973582388258839,3.0,3.0,0.0,3.0,128,victory,1,0,,0,55,48,0:0|0:1|1:0|1:1|1:2|2:0|2:1|2:2|2:7|3:0|3:1|3:2|3:7|3:8|3:9|4:0|4:1|4:2|4:7|4:8|4:9|5:2|5:3|5:9|6:3|6:9|7:2|7:3|7:4|7:5|7:6|7:7|7:9|8:2|8:3|8:4|8:5|8:6|8:7|8:8|8:9|9:3|9:4|9:5|9:6|9:7|9:8|9:9,194
6,1734,0.9966977985323549,1.0,1.0,0.0,1.0,166,death,0,1,monster,0,77,57,0:0|0:1|0:2|0:3|0:4|0:5|0:8|0:9|1:0|1:1|1:2|1:3|1:4|1:5|1:6|1:7|1:8|1:9|2:0|2:1|2:2|2:3|2:4|2:5|2:6|2:7|2:8|2:9|3:0|3:1|3:2|3:5|3:6|3:7|3:8|4:4|4:5|4:6|4:7|4:8|5:3|5:4|5:5|5:6|5:7|5:8|6:3|6:4|6:5|6:6|6:7|6:8|7:4|7:5|7:6|8:4|8:5,249
7,1735,0.9960373582388259,0.0,0.0,0.0,0.0,44,death,0,1,monster,0,25,24,0:0|0:2|0:3|0:4|0:5|0:6|0:7|0:8|0:9|1:0|1:1|1:2|1:3|1:4|1:6|1:7|1:8|1:9|2:0|2:1|2:2|2:8|2:9|3:0,258
8,1736,0.9953769179452968,1.0,1.0,0.0,1.0,350,truncated,0,0,,1,61,46,0:0|0:1|0:2|0:3|0:4|0:5|1:0|1:1|1:2|1:3|1:4|1:5|2:0|2:1|2:2|2:3|2:4|2:5|3:0|3:1|3:2|4:0|4:1|4:2|5:0|5:1|5:2|5:3|6:0|6:1|6:2|6:3|7:0|7:1|7:2|7:3|7:4|8:0|8:1|8:2|8:3|8:4|9:0|9:1|9:2|9:3,261
9,1737,0.9947164776517678,0.0,0.0,0.0,0.0,19,death,0,1,monster,0,16,16,0:0|0:1|0:2|1:1|1:2|1:4|2:1|2:2|2:3|2:4|3:4|4:4|5:4|5:5|5:6|6:5,263
10,1738,0.9940560373582388,0.0,0.0,0.0,0.0,192,death,0,1,monster,0,52,48,0:0|0:1|0:2|1:0|1:1|1:2|1:3|2:0|2:1|2:2|2:3|3:0|3:1|3:4|3:5|3:6|3:7|3:8|3:9|4:1|4:4|4:5|4:6|4:7|4:8|4:9|5:1|5:2|5:3|5:4|5:5|5:6|5:7|5:8|5:9|6:2|6:3|6:5|6:6|6:7|6:8|6:9|7:5|7:6|7:7|7:8|7:9|8:7,272
11,1739,0.9933955970647098,2.0,2.0,0.0,2.0,350,truncated,0,0,,1,135,77,0:0|0:1|0:2|0:3|0:4|0:5|0:6|0:7|0:8|1:0|1:1|1:2|1:3|1:4|1:5|1:6|1:7|1:8|2:0|2:1|2:2|2:3|2:4|2:5|2:6|2:7|2:8|2:9|3:0|3:1|3:2|3:4|3:5|3:6|3:7|3:8|3:9|4:0|4:1|4:2|4:4|4:6|4:7|4:8|5:0|5:1|5:2|5:3|5:4|5:5|6:0|6:1|6:2|6:3|6:4|6:5|7:0|7:1|7:2|7:3|7:4|7:5|7:6|8:0|8:1|8:2|8:3|8:4|8:5|8:6|9:0|9:1|9:2|9:3|9:4|9:5|9:6,358
12,1740,0.9927351567711807,0.0,0.0,0.0,0.0,67,death,0,1,monster,0,26,22,0:0|0:1|0:3|0:4|0:5|1:0|1:1|1:2|1:3|1:4|1:5|2:0|2:1|2:2|2:5|2:6|3:1|3:5|3:6|3:7|4:6|5:6,363
13,1741,0.9920747164776518,0.0,0.0,0.0,0.0,21,death,0,1,monster,0,17,12,0:0|0:1|1:1|2:1|3:0|3:1|4:0|4:1|5:0|5:1|6:0|6:1,367
14,1742,0.9914142761841227,1.0,1.0,0.0,1.0,172,death,0,1,monster,0,58,33,0:0|0:1|0:2|0:3|0:4|0:5|0:6|1:0|1:1|1:2|1:3|1:4|1:5|2:0|2:1|2:2|2:4|3:0|3:1|3:2|3:4|4:0|4:1|4:2|5:0|5:1|5:2|6:0|6:1|6:2|6:3|7:2|7:3,380
15,1743,0.9907538358905937,1.0,1.0,0.0,1.0,350,truncated,0,0,,1,90,61,0:0|0:1|0:2|0:3|0:4|0:5|0:6|1:0|1:1|1:2|1:3|1:4|1:5|1:6|2:0|2:1|2:2|2:3|2:4|2:5|2:6|3:0|3:1|3:2|3:4|3:5|4:0|4:1|4:2|4:4|5:0|5:1|5:2|5:3|5:4|5:5|6:0|6:1|6:2|6:3|6:4|6:5|7:0|7:1|7:2|7:4|7:5|8:0|8:1|8:2|8:4|8:5|8:6|9:0|9:1|9:2|9:5|9:6|9:7|9:8|9:9,395
16,1744,0.9900933955970647,3.0,3.0,0.0,3.0,265,victory,1,0,,0,88,64,0:0|0:1|0:2|0:3|0:4|0:5|0:6|0:7|0:8|0:9|1:0|1:1|1:2|1:3|1:4|1:5|1:6|1:7|1:8|1:9|2:0|2:1|2:2|2:3|2:4|2:5|2:7|2:8|2:9|3:0|3:1|3:2|3:4|3:5|4:0|4:1|4:2|4:5|4:6|4:7|5:0|5:1|5:2|5:5|5:7|5:8|6:0|6:2|6:3|6:4|6:5|6:6|6:7|6:8|7:2|7:3|7:4|7:5|7:6|7:7|7:8|8:6|8:7|8:8,417
17,1745,0.9894329553035357,1.0,1.0,0.0,1.0,95,death,0,1,monster,0,44,32,0:0|1:0|1:1|1:2|2:0|2:1|2:2|3:0|3:1|3:2|4:0|5:0|5:1|5:2|5:3|6:0|6:1|6:2|6:3|6:4|7:0|7:1|7:2|7:3|8:0|8:1|8:2|8:3|8:4|9:0|9:1|9:4,430
18,1746,0.9887725150100066,1.0,1.0,0.0,1.0,350,truncated,0,0,,1,60,51,0:0|0:1|0:2|0:3|0:4|0:5|0:6|0:7|0:8|1:0|1:1|1:2|1:3|1:4|1:5|1:6|1:7|1:8|2:0|2:1|2:2|2:3|2:4|2:6|2:7|2:8|2:9|3:0|3:1|3:2|3:6|3:7|3:8|3:9|4:0|4:1|4:2|5:0|5:1|5:2|5:3|5:4|6:0|6:1|6:2|6:3|6:4|7:3|7:4|8:3|8:4,430
19,1747,0.9881120747164777,2.0,2.0,0.0,2.0,350,truncated,0,0,,1,117,66,0:0|0:1|0:2|0:3|0:4|0:5|0:6|1:0|1:1|1:2|1:3|1:4|1:5|1:6|2:0|2:1|2:2|2:3|2:4|2:5|2:7|2:8|2:9|3:0|3:1|3:2|3:4|3:5|3:6|3:7|3:8|3:9|4:0|4:1|4:2|4:4|4:5|4:6|4:7|4:8|5:0|5:2|5:3|5:4|5:5|6:0|6:1|6:2|6:3|6:4|6:5|7:0|7:1|7:2|7:3|7:4|7:5|8:0|8:1|8:2|8:3|8:4|8:5|9:2|9:3|9:4,468
20,1748,0.9874516344229486,2.0,2.0,0.0,2.0,350,truncated,0,0,,1,92,64,0:0|0:1|0:2|0:3|1:0|1:1|1:2|2:0|2:1|2:2|3:0|3:1|3:2|3:5|4:2|4:4|4:5|4:6|4:7|5:0|5:1|5:2|5:3|5:4|5:5|5:6|6:0|6:1|6:2|6:3|6:4|6:5|6:6|6:7|7:0|7:1|7:2|7:3|7:4|7:5|7:6|7:7|7:8|7:9|8:0|8:1|8:2|8:3|8:4|8:5|8:6|8:7|8:8|8:9|9:0|9:1|9:2|9:3|9:4|9:5|9:6|9:7|9:8|9:9,486
21,1749,0.9867911941294196,1.0,1.0,0.0,1.0,187,death,0,1,monster,0,56,36,0:0|0:1|0:2|0:3|0:4|0:5|0:6|1:0|1:1|1:2|1:3|1:4|1:5|2:0|2:1|2:2|2:3|2:4|2:5|3:0|3:1|3:2|3:5|4:0|4:1|5:0|5:1|5:2|6:1|6:2|7:0|7:1|7:2|8:0|8:1|8:2,489
22,1750,0.9861307538358906,0.0,0.0,0.0,0.0,101,death,0,1,monster,0,30,22,0:0|0:1|0:2|0:3|0:4|1:0|1:1|1:3|1:4|2:0|2:1|2:2|2:3|2:4|3:0|3:1|3:2|3:4|4:0|4:1|4:2|4:4,500
23,1751,0.9854703135423616,1.0,1.0,0.0,1.0,114,death,0,1,monster,0,40,36,0:0|0:1|0:2|0:3|0:4|1:1|1:2|1:3|1:4|2:2|2:3|3:2|4:2|5:2|6:1|6:2|7:0|7:1|7:2|7:3|7:4|7:5|7:7|8:0|8:1|8:2|8:3|8:4|8:5|8:6|8:7|9:1|9:2|9:3|9:4|9:5,507
24,1752,0.9848098732488325,1.0,1.0,0.0,1.0,161,death,0,1,monster,0,58,57,0:0|0:1|0:2|0:3|1:1|1:2|1:3|1:4|1:5|2:0|2:1|2:2|2:3|2:4|2:5|3:0|3:1|3:2|3:5|3:6|3:7|3:8|4:0|4:1|4:2|4:6|4:8|5:0|5:1|5:2|5:3|5:6|5:7|5:8|6:0|6:1|6:2|6:4|6:5|6:7|6:8|7:0|7:1|7:2|7:3|7:4|7:5|7:6|7:7|7:8|8:0|8:1|8:2|8:3|8:4|9:0|9:1,511
25,1753,0.9841494329553035,1.0,1.0,0.0,1.0,150,death,0,1,monster,0,49,36,0:0|0:1|0:2|0:3|0:4|0:5|0:6|0:7|0:8|1:0|1:1|1:2|1:3|1:4|1:5|2:0|2:1|2:2|2:3|2:4|2:5|3:0|3:1|3:2|4:1|4:2|5:0|5:1|5:2|6:0|6:1|6:2|7:0|7:1|7:2|8:2,512
26,1754,0.9834889926617745,2.0,2.0,0.0,2.0,214,death,0,1,monster,0,110,68,0:0|0:1|0:2|0:6|0:7|0:8|0:9|1:1|1:2|1:3|1:4|1:5|1:6|1:7|1:8|2:1|2:2|2:3|2:4|2:5|2:6|2:7|2:8|3:2|3:4|3:5|3:6|3:7|3:8|4:2|4:4|4:5|4:6|4:8|5:2|5:4|5:5|5:6|5:7|5:8|6:0|6:1|6:2|6:3|6:4|6:5|6:7|6:8|6:9|7:0|7:1|7:2|7:3|7:4|7:5|7:6|7:7|7:8|7:9|8:1|8:2|8:4|8:5|8:6|8:7|9:1|9:6|9:7,532
27,1755,0.9828285523682455,1.0,1.0,0.0,1.0,39,death,0,1,monster,0,25,22,0:0|0:1|0:2|0:5|0:8|0:9|1:2|1:5|1:6|1:8|1:9|2:2|2:3|2:4|2:5|2:6|2:7|2:8|2:9|3:7|3:8|3:9,536
28,1756,0.9821681120747164,1.0,1.0,0.0,1.0,27,death,0,1,monster,0,14,14,0:0|0:1|0:2|0:3|0:4|0:5|0:6|1:0|1:6|1:7|2:7|3:7|4:6|4:7,537
29,1757,0.9815076717811875,1.0,1.0,0.0,1.0,280,death,0,1,monster,0,71,60,0:0|0:1|0:2|0:4|0:5|0:6|0:7|0:8|0:9|1:0|1:1|1:2|1:3|1:4|1:6|1:7|1:8|1:9|2:0|2:1|2:2|2:3|2:4|2:5|2:6|2:7|2:8|2:9|3:0|3:1|3:2|3:5|3:6|3:7|3:8|3:9|4:0|4:6|4:7|4:8|4:9|5:6|5:7|5:8|5:9|6:4|6:6|6:7|6:8|6:9|7:3|7:4|7:5|7:6|7:7|8:3|8:4|8:5|8:6|9:5,544
30,1758,0.9808472314876584,3.0,3.0,0.0,3.0,313,victory,1,0,,0,107,72,0:0|0:1|0:2|1:0|1:1|1:2|1:3|2:0|2:1|2:3|2:7|2:8|2:9|3:0|3:1|3:7|3:8|3:9|4:0|4:2|4:5|4:6|4:7|4:8|5:0|5:1|5:2|5:3|5:4|5:5|5:6|5:7|5:8|5:9|6:0|6:1|6:2|6:3|6:4|6:5|6:6|6:7|6:8|6:9|7:0|7:1|7:2|7:3|7:4|7:5|7:6|7:7|7:8|7:9|8:0|8:1|8:2|8:3|8:4|8:5|8:7|8:8|9:0|9:1|9:2|9:3|9:4|9:5|9:6|9:7|9:8|9:9,564
31,1759,0.9801867911941294,0.0,0.0,0.0,0.0,45,death,0,1,monster,0,21,20,0:0|1:0|1:1|1:2|1:3|1:4|2:0|2:1|2:2|2:3|2:4|3:0|3:1|3:2|3:4|4:2|5:2|5:3|5:4|5:5,568
32,1760,0.9795263509006004,1.0,1.0,0.0,1.0,147,death,0,1,monster,0,50,50,0:0|0:1|1:0|1:1|1:2|1:3|1:4|1:6|2:0|2:1|2:2|2:3|2:4|2:5|2:6|3:0|3:1|3:2|3:4|3:5|3:6|3:7|4:2|4:4|4:5|4:6|5:0|5:1|5:2|5:3|5:4|5:5|5:6|6:0|6:2|6:3|6:4|6:5|6:6|6:7|7:3|7:4|7:5|7:6|7:8|7:9|8:6|8:7|8:8|8:9,575
33,1761,0.9788659106070714,0.0,0.0,0.0,0.0,24,death,0,1,monster,0,13,11,0:0|0:1|0:2|0:3|0:4|0:5|1:3|1:4|1:5|2:3|2:4,578
34,1762,0.9782054703135423,1.0,1.0,0.0,1.0,155,death,0,1,monster,0,50,45,0:0|0:1|1:0|1:1|1:2|2:0|2:1|2:2|3:0|3:1|3:2|4:0|4:1|4:2|5:0|5:1|5:2|5:3|6:3|6:5|6:6|6:7|7:0|7:2|7:3|7:4|7:5|7:6|7:7|8:0|8:1|8:2|8:3|8:4|8:5|8:6|8:7|9:0|9:1|9:2|9:3|9:4|9:5|9:6|9:7,585
35,1763,0.9775450300200134,2.0,2.0,0.0,2.0,350,truncated,0,0,,1,96,76,0:0|0:1|0:2|0:3|0:5|0:6|0:7|0:8|0:9|1:0|1:1|1:2|1:3|1:5|1:6|1:7|1:8|2:0|2:1|2:2|2:3|2:4|2:5|2:6|3:0|3:1|3:2|3:4|3:8|4:0|4:1|4:2|4:4|4:5|4:6|4:7|4:8|5:0|5:1|5:2|5:4|5:5|5:6|5:7|5:8|5:9|6:2|6:4|6:5|6:6|6:7|6:8|6:9|7:2|7:3|7:4|7:5|7:6|7:7|7:8|7:9|8:0|8:1|8:2|8:4|8:5|8:6|8:7|8:8|8:9|9:4|9:5|9:6|9:7|9:8|9:9,596
36,1764,0.9768845897264843,2.0,2.0,0.0,2.0,350,truncated,0,0,,1,120,77,0:0|0:1|0:2|0:7|0:8|0:9|1:0|1:1|1:2|1:3|1:4|1:5|1:7|1:8|1:9|2:0|2:1|2:2|2:3|2:4|2:5|2:6|2:7|2:8|2:9|3:2|3:4|3:5|3:6|3:7|3:8|3:9|4:4|4:5|4:6|4:7|4:8|4:9|5:1|5:2|5:3|5:4|5:5|5:6|5:7|5:8|5:9|6:0|6:1|6:2|6:3|6:4|6:5|6:6|6:9|7:0|7:1|7:2|7:3|7:4|7:5|7:6|7:9|8:0|8:1|8:2|8:3|8:4|8:5|8:6|9:0|9:1|9:2|9:3|9:4|9:5|9:6,630
37,1765,0.9762241494329553,2.0,2.0,0.0,2.0,269,death,0,1,monster,0,101,71,0:0|0:1|0:2|0:3|0:4|0:5|1:0|1:1|1:2|1:3|1:4|1:5|2:0|2:1|2:2|2:3|2:4|2:5|3:0|3:1|3:2|3:4|3:5|3:6|3:7|4:1|4:2|4:4|4:5|4:6|4:7|5:0|5:1|5:2|5:3|5:4|5:5|5:6|5:7|6:0|6:1|6:2|6:3|6:4|6:5|6:6|6:7|6:8|6:9|7:1|7:2|7:3|7:4|7:5|7:6|7:7|7:8|7:9|8:1|8:2|8:3|8:4|8:5|8:6|8:7|8:8|8:9|9:4|9:7|9:8|9:9,691
38,1766,0.9755637091394262,1.0,1.0,0.0,1.0,118,death,0,1,monster,0,57,48,0:0|0:3|0:4|0:5|1:0|1:3|1:4|1:5|2:0|2:1|2:2|2:3|2:4|3:0|3:1|3:2|3:4|3:5|3:6|3:7|4:0|4:1|4:2|4:5|4:6|4:7|5:0|5:1|5:2|5:3|5:4|5:5|5:6|6:0|6:1|6:2|6:3|6:4|6:5|6:6|7:2|7:3|7:4|7:5|8:4|8:5|9:4|9:5,697
39,1767,0.9749032688458973,1.0,1.0,0.0,1.0,347,death,0,1,monster,0,92,77,0:0|0:1|0:2|0:5|0:6|0:7|0:8|0:9|1:0|1:1|1:3|1:5|1:6|1:7|1:8|1:9|2:0|2:1|2:2|2:3|2:4|2:5|2:6|2:7|2:8|2:9|3:0|3:2|3:4|3:6|3:7|3:8|4:0|4:1|4:2|4:4|4:5|4:6|4:7|4:8|4:9|5:0|5:1|5:2|5:3|5:4|5:5|5:6|5:7|5:8|5:9|6:0|6:1|6:2|6:3|6:4|6:5|6:6|6:7|6:8|6:9|7:0|7:1|7:3|7:4|7:5|7:6|7:7|7:8|8:3|8:4|8:5|8:6|8:7|9:5|9:6|9:7,711
40,1768,0.9742428285523682,2.0,2.0,0.0,2.0,350,truncated,0,0,,1,82,58,0:0|0:1|0:2|0:3|0:4|0:5|0:6|0:7|0:8|0:9|1:0|1:1|1:2|1:3|1:4|1:5|1:6|1:7|1:8|1:9|2:0|2:1|2:2|2:3|2:4|2:5|2:6|2:7|2:8|2:9|3:0|3:1|3:2|3:4|3:6|3:7|3:8|3:9|4:6|4:7|4:8|4:9|5:7|5:8|5:9|6:7|6:8|6:9|7:7|7:9|8:6|8:7|8:8|8:9|9:6|9:7|9:8|9:9,718
41,1769,0.9735823882588392,1.0,1.0,0.0,1.0,202,death,0,1,monster,0,71,53,0:0|0:6|0:7|0:8|0:9|1:0|1:1|1:2|1:6|1:7|1:8|1:9|2:0|2:1|2:2|2:3|2:4|2:5|2:6|2:7|2:8|2:9|3:1|3:2|3:4|3:5|3:6|3:7|3:8|3:9|4:1|4:2|4:4|4:5|4:6|4:7|4:8|4:9|5:0|5:1|5:2|5:3|5:4|5:5|5:6|6:0|6:1|6:2|6:3|6:4|7:0|7:1|7:3,725
42,1770,0.9729219479653102,0.0,0.0,0.0,0.0,77,death,0,1,monster,0,17,17,0:0|0:1|1:0|1:1|1:2|1:3|1:4|1:5|2:0|2:1|2:2|2:5|3:0|3:1|3:5|3:6|3:7,725
43,1771,0.9722615076717812,1.0,1.0,0.0,1.0,198,death,0,1,monster,0,70,56,0:0|0:1|0:2|0:3|0:4|0:5|0:6|0:7|0:8|0:9|1:0|1:1|1:2|1:3|1:8|1:9|2:0|2:1|2:2|2:3|2:4|2:9|3:0|3:1|3:4|3:5|3:6|3:7|3:8|3:9|4:0|4:5|4:6|4:7|4:8|4:9|5:5|5:6|5:7|5:8|5:9|6:7|6:8|6:9|7:8|7:9|8:5|8:6|8:7|8:8|8:9|9:5|9:6|9:7|9:8|9:9,750
44,1772,0.9716010673782521,1.0,1.0,0.0,1.0,107,death,0,1,monster,0,56,49,0:0|0:1|0:2|0:3|0:4|1:0|1:1|1:2|1:3|1:4|1:5|1:6|1:7|2:1|2:2|2:3|2:4|2:5|2:6|2:7|3:1|3:2|3:4|3:5|3:6|3:7|3:8|3:9|4:0|4:1|4:2|4:4|4:5|4:6|4:7|4:8|4:9|5:0|5:1|5:3|5:4|5:5|5:6|5:7|5:8|5:9|6:7|6:8|7:8,753
45,1773,0.9709406270847232,0.0,0.0,0.0,0.0,98,death,0,1,monster,0,29,26,0:0|0:1|0:2|0:6|0:7|0:8|0:9|1:0|1:1|1:2|1:4|1:6|1:7|1:8|1:9|2:0|2:1|2:2|2:3|2:4|2:5|2:6|2:8|2:9|3:1|3:2,755
46,1774,0.9702801867911941,2.0,2.0,0.0,2.0,350,truncated,0,0,,1,104,72,0:0|0:1|0:2|0:3|0:6|0:7|0:8|0:9|1:0|1:1|1:2|1:3|1:5|1:6|1:7|1:8|1:9|2:0|2:1|2:2|2:3|2:4|2:5|2:6|2:7|2:8|2:9|3:1|3:2|3:4|3:5|3:6|3:7|3:9|4:1|4:2|4:4|4:5|5:0|5:1|5:2|5:3|5:4|5:5|5:6|6:0|6:1|6:2|6:3|6:4|6:5|6:6|7:0|7:1|7:2|7:3|7:4|7:5|7:6|8:0|8:1|8:2|8:3|8:4|8:5|8:6|9:0|9:1|9:2|9:3|9:4|9:5,768
47,1775,0.9696197464976651,2.0,2.0,0.0,2.0,140,death,0,1,monster,0,57,44,0:0|0:1|0:2|0:3|0:4|0:5|0:6|1:0|1:1|1:2|1:3|1:4|1:5|1:6|1:7|2:0|2:1|2:2|2:3|2:4|2:5|2:6|2:7|3:0|3:1|3:2|3:4|3:5|3:6|3:7|4:0|4:1|4:2|4:4|4:5|4:6|5:1|5:2|5:4|5:5|5:6|6:2|7:1|7:2,773
48,1776,0.9689593062041361,3.0,3.0,0.0,3.0,190,victory,1,0,,0,82,62,0:0|0:4|0:5|0:6|0:7|0:8|0:9|1:0|1:1|1:5|1:6|1:7|1:8|1:9|2:1|2:5|2:6|2:7|2:8|2:9|3:1|3:2|3:4|3:5|3:6|3:7|3:8|4:2|4:4|4:5|4:6|4:7|4:8|5:2|5:3|5:4|5:5|5:6|5:7|5:8|6:2|6:3|6:4|6:7|6:8|6:9|7:2|7:3|7:4|7:6|7:7|7:8|7:9|8:4|8:6|8:7|8:8|9:3|9:4|9:5|9:6|9:7,785
49,1777,0.9682988659106071,1.0,1.0,0.0,1.0,62,death,0,1,monster,0,31,23,0:0|0:1|1:0|1:1|1:2|2:0|2:1|3:0|3:1|3:2|4:1|4:2|5:0|5:1|5:2|6:0|6:1|6:2|7:0|7:1|7:2|8:0|8:1,790
50,1778,0.967638425617078,1.0,1.0,0.0,1.0,184,death,0,1,monster,0,54,47,0:0|0:1|0:2|0:3|0:4|0:5|0:7|0:8|0:9|1:0|1:1|1:2|1:3|1:4|1:5|1:7|1:8|2:0|2:1|2:2|2:3|2:4|2:5|2:7|2:8|2:9|3:0|3:1|3:2|3:5|3:6|3:7|3:8|3:9|4:0|4:1|4:2|4:5|4:6|4:7|4:8|4:9|5:1|5:2|5:5|5:6|6:6,795
51,1779,0.9669779853235491,0.0,0.0,0.0,0.0,164,death,0,1,monster,0,29,28,0:0|0:1|0:2|0:3|0:4|0:5|1:0|1:1|1:2|1:3|1:4|1:5|2:0|2:1|2:2|2:3|2:4|3:0|3:1|3:2|3:4|4:0|4:1|4:2|4:4|5:0|5:1|5:2,796
52,1780,0.96631754503002,1.0,1.0,0.0,1.0,162,death,0,1,monster,0,57,49,0:0|0:1|0:2|0:3|0:4|0:5|0:6|0:7|0:8|0:9|1:0|1:1|1:2|1:3|1:4|1:5|1:6|1:7|1:8|1:9|2:0|2:1|2:2|2:3|2:4|2:5|2:6|2:9|3:0|3:1|3:2|3:4|3:5|4:0|4:1|4:2|5:0|5:1|5:2|6:0|6:1|6:2|6:3|7:0|7:1|7:2|8:0|8:1|8:2,798
53,1781,0.965657104736491,0.0,0.0,0.0,0.0,33,death,0,1,monster,0,16,12,0:0|0:1|0:2|0:3|1:1|1:2|2:2|2:3|3:1|3:2|4:1|4:2,802
54,1782,0.964996664442962,1.0,1.0,0.0,1.0,336,death,0,1,monster,0,90,63,0:0|0:1|0:2|0:3|1:0|1:1|1:2|1:3|1:4|1:5|2:1|2:2|2:4|3:0|3:1|3:2|3:4|3:5|3:6|3:7|3:8|4:0|4:1|4:2|4:4|4:5|4:6|4:7|4:8|4:9|5:0|5:1|5:2|5:3|5:4|5:5|5:6|5:7|5:8|5:9|6:2|6:3|6:4|6:5|6:6|6:7|6:8|6:9|7:3|7:6|7:7|7:8|7:9|8:5|8:6|8:7|8:8|8:9|9:5|9:6|9:7|9:8|9:9,815
55,1783,0.964336224149433,2.0,2.0,0.0,2.0,269,death,0,1,monster,0,99,58,0:0|0:1|0:2|0:3|0:9|1:0|1:1|1:2|1:3|1:9|2:0|2:1|2:2|2:3|2:4|2:5|2:6|2:7|2:9|3:0|3:1|3:2|3:4|3:5|3:6|3:7|3:8|3:9|4:0|4:1|4:2|4:4|4:5|4:6|4:7|5:0|5:1|5:2|5:4|5:5|6:0|6:4|6:5|7:0|7:1|7:2|7:4|7:5|7:6|8:1|8:2|8:3|8:4|8:6|8:7|9:2|9:3|9:4,827
56,1784,0.9636757838559039,2.0,2.0,0.0,2.0,67,death,0,1,monster,0,35,32,0:0|0:1|0:2|1:0|1:1|2:0|2:1|3:0|3:1|3:2|3:9|4:0|4:1|4:2|4:9|5:0|5:1|5:2|5:8|5:9|6:2|6:3|6:4|6:8|7:2|7:4|7:5|7:6|7:7|7:8|8:7|8:8,829
57,1785,0.963015343562375,2.0,2.0,0.0,2.0,350,truncated,0,0,,1,102,57,0:0|0:1|0:2|0:3|0:4|0:5|0:6|0:7|0:8|0:9|1:0|1:1|1:2|1:3|1:4|1:5|1:6|1:7|1:8|1:9|2:0|2:1|2:2|2:3|2:4|2:5|2:6|2:7|2:8|2:9|3:0|3:1|3:2|3:6|3:8|3:9|4:0|4:1|4:2|4:9|5:0|5:1|5:2|5:3|6:0|6:1|6:2|6:3|7:0|7:1|7:2|7:3|8:0|8:1|8:2|9:0|9:1,829
58,1786,0.9623549032688459,3.0,3.0,0.0,3.0,92,victory,1,0,,0,63,52,0:0|0:1|1:0|1:1|1:9|2:1|2:7|2:8|2:9|3:1|3:2|3:9|4:0|4:1|4:2|4:9|5:0|5:1|5:2|5:7|5:8|5:9|6:0|6:1|6:2|6:3|6:4|6:6|6:7|6:8|6:9|7:1|7:2|7:4|7:5|7:6|7:7|7:8|7:9|8:1|8:2|8:4|8:5|8:6|8:7|8:8|8:9|9:1|9:2|9:7|9:8|9:9,835
59,1787,0.9616944629753169,1.0,1.0,0.0,1.0,53,death,0,1,monster,0,31,25,0:0|0:1|0:2|0:6|0:7|1:2|1:3|1:4|1:5|1:6|1:7|2:2|2:3|2:4|2:5|2:6|2:7|3:5|3:6|3:7|4:5|4:6|5:5|5:6|6:6,840
60,1788,0.9610340226817878,2.0,2.0,0.0,2.0,194,death,0,1,monster,0,63,55,0:0|0:1|0:5|0:6|0:7|0:8|0:9|1:1|1:2|1:4|1:5|1:6|1:7|1:8|1:9|2:2|2:3|2:4|2:5|2:6|2:7|2:8|2:9|3:7|3:8|3:9|4:6|4:7|4:8|5:6|5:7|6:3|6:4|6:5|6:6|7:3|7:4|7:5|7:6|7:7|7:8|8:2|8:3|8:4|8:5|8:7|8:8|9:1|9:2|9:3|9:4|9:5|9:7|9:8|9:9,846
61,1789,0.9603735823882589,0.0,0.0,0.0,0.0,130,death,0,1,monster,0,40,40,0:0|0:1|0:2|0:4|1:0|1:1|1:2|1:4|1:5|2:0|2:1|2:2|2:3|2:4|2:5|2:6|3:1|3:2|3:4|3:5|3:6|4:1|4:2|4:5|4:6|5:0|5:1|5:2|5:4|5:5|6:0|6:1|6:2|6:4|6:5|6:6|6:7|6:8|7:1|7:8,848
62,1790,0.9597131420947298,1.0,1.0,0.0,1.0,45,death,0,1,monster,0,27,22,0:0|0:1|1:1|2:1|3:0|3:1|3:2|4:0|4:1|4:2|5:1|5:2|5:3|5:4|6:1|6:2|7:0|7:1|7:2|7:3|8:0|8:1,848
63,1791,0.9590527018012008,2.0,2.0,0.0,2.0,350,truncated,0,0,,1,103,68,0:0|0:1|0:2|0:3|0:4|0:6|0:7|1:0|1:1|1:2|1:5|1:6|1:7|2:0|2:1|2:2|2:3|2:4|2:5|2:6|2:7|2:8|3:0|3:1|3:2|3:4|3:5|3:6|3:7|4:0|4:1|4:2|4:4|4:5|4:6|4:7|5:0|5:1|5:2|5:3|5:4|5:5|5:6|6:0|6:1|6:2|6:3|6:4|6:5|6:6|6:7|7:0|7:1|7:2|7:3|7:4|7:5|7:6|7:7|8:2|8:3|8:4|8:5|8:6|9:2|9:3|9:4|9:5,853
64,1792,0.9583922615076718,0.0,0.0,0.0,0.0,99,death,0,1,monster,0,26,26,0:0|0:1|0:2|1:0|1:1|1:2|2:0|2:1|2:2|2:3|3:0|3:1|3:2|3:4|3:5|4:0|4:1|4:2|4:4|4:5|5:0|5:1|5:2|5:3|5:4|6:2,854
65,1793,0.9577318212141428,0.0,0.0,0.0,0.0,126,death,0,1,monster,0,28,23,0:0|0:1|0:2|0:3|1:0|1:1|1:2|2:0|2:1|2:2|3:0|3:1|3:2|4:0|4:1|4:2|5:0|5:1|6:0|6:1|6:2|7:0|7:1,858
66,1794,0.9570713809206137,3.0,3.0,0.0,3.0,317,victory,1,0,,0,113,66,0:0|0:1|0:2|0:3|1:0|1:1|1:2|1:3|1:6|2:0|2:1|2:2|2:3|2:5|2:6|2:7|3:0|3:1|3:2|3:5|3:6|3:7|4:0|4:1|4:2|4:4|4:5|4:6|4:7|5:0|5:1|5:2|5:3|5:4|5:5|5:6|5:7|6:0|6:1|6:2|6:3|6:4|6:5|6:6|7:0|7:1|7:2|7:3|7:4|7:5|8:0|8:1|8:2|8:3|8:4|8:5|8:7|8:8|9:1|9:2|9:3|9:4|9:5|9:6|9:7|9:8,877
67,1795,0.9564109406270848,2.0,2.0,0.0,2.0,105,death,0,1,monster,0,52,46,0:0|1:0|1:1|2:0|3:0|3:1|3:2|3:4|3:5|4:0|4:1|4:2|4:4|4:5|4:6|5:1|5:2|5:3|5:4|5:5|5:6|6:2|6:4|6:5|6:6|6:7|6:8|7:2|7:4|7:7|7:8|7:9|8:2|8:3|8:4|8:6|8:7|8:8|8:9|9:3|9:4|9:5|9:6|9:7|9:8|9:9,881
68,1796,0.9557505003335557,2.0,2.0,0.0,2.0,307,death,0,1,monster,0,104,60,0:0|0:2|0:3|1:0|1:1|1:2|1:3|2:0|2:1|2:2|2:3|3:0|3:1|3:2|3:6|3:7|4:0|4:1|4:2|4:4|4:5|4:6|4:7|4:8|5:0|5:1|5:2|5:3|5:4|5:7|5:8|6:0|6:1|6:2|6:3|6:6|6:7|6:8|6:9|7:0|7:1|7:2|7:3|7:6|7:7|7:8|7:9|8:0|8:1|8:2|8:3|8:6|8:7|8:8|8:9|9:0|9:1|9:2|9:7|9:8,901
69,1797,0.9550900600400267,1.0,1.0,0.0,1.0,114,death,0,1,monster,0,44,40,0:0|0:1|0:2|1:0|1:1|1:2|1:3|1:4|2:2|2:3|2:4|3:0|3:1|3:2|4:0|4:1|4:2|5:0|5:1|5:2|6:0|6:2|6:5|7:0|7:1|7:2|7:3|7:4|7:5|7:6|8:0|8:2|8:4|8:5|9:0|9:1|9:2|9:4|9:5|9:6,906
70,1798,0.9544296197464976,0.0,0.0,0.0,0.0,181,death,0,1,monster,0,47,39,0:0|0:1|0:2|0:3|0:4|0:5|0:6|1:0|1:1|1:2|1:3|1:4|1:5|2:0|2:1|2:2|2:3|2:4|2:5|2:6|3:0|3:1|3:2|3:4|3:5|3:6|4:0|4:1|4:2|4:4|4:5|4:6|5:3|5:4|6:3|6:4|6:5|7:3|7:4,913
71,1799,0.9537691794529687,1.0,1.0,0.0,1.0,167,death,0,1,monster,0,66,48,0:0|0:1|0:2|0:4|0:5|1:0|1:1|1:2|1:3|1:4|1:5|1:6|1:7|1:8|2:0|2:1|2:5|2:6|2:7|2:8|2:9|3:0|3:6|3:7|3:8|3:9|4:0|4:1|4:6|4:7|4:8|4:9|5:7|5:8|5:9|6:4|6:5|6:7|6:8|6:9|7:4|7:5|7:6|7:7|7:8|8:3|8:4|8:5,924
72,1800,0.9531087391594396,2.0,2.0,0.0,2.0,210,death,0,1,monster,0,82,58,0:0|0:2|0:3|1:0|1:2|1:3|1:4|2:0|2:2|2:3|2:4|3:0|3:1|3:4|3:5|3:6|4:1|4:2|4:4|4:5|4:6|4:7|5:0|5:1|5:2|5:3|5:4|5:5|5:6|5:7|6:0|6:1|6:2|6:3|6:4|6:5|6:6|6:7|7:1|7:2|7:3|7:4|7:5|7:6|7:7|7:8|8:1|8:2|8:3|8:4|8:5|8:6|8:7|8:8|9:1|9:2|9:3|9:4,941
73,1801,0.9524482988659106,0.0,0.0,0.0,0.0,84,death,0,1,monster,0,22,21,0:0|0:1|0:2|0:3|0:4|0:5|1:0|1:1|1:2|1:3|1:4|2:0|2:1|2:2|3:1|3:2|4:1|4:2|5:2|5:3|6:3,941
74,1802,0.9517878585723816,1.0,1.0,0.0,1.0,273,death,0,1,monster,0,81,54,0:0|0:1|0:2|0:3|0:4|0:5|0:6|0:7|0:8|0:9|1:0|1:1|1:2|1:3|1:4|1:5|1:6|1:7|1:8|1:9|2:0|2:1|2:2|2:3|2:4|2:5|2:6|2:7|2:8|2:9|3:0|3:1|3:2|3:4|3:5|3:6|3:7|3:8|4:1|4:2|4:4|4:5|4:6|4:7|5:3|5:4|5:5|5:6|5:7|6:4|6:5|6:6|6:7|6:8,944
75,1803,0.9511274182788526,3.0,3.0,0.0,3.0,216,victory,1,0,,0,86,64,0:0|0:5|0:6|0:7|0:8|1:0|1:1|1:2|1:7|1:8|1:9|2:0|2:1|2:2|2:7|2:8|3:0|3:1|3:2|3:4|3:6|3:7|3:8|4:0|4:1|4:2|4:4|4:5|4:6|4:7|4:8|5:0|5:1|5:3|5:4|5:5|5:6|5:7|6:0|6:1|6:2|6:3|6:4|6:5|6:6|6:7|6:8|6:9|7:0|7:1|7:2|7:3|7:5|7:6|7:7|7:8|7:9|8:0|8:1|8:2|8:8|9:0|9:1|9:2,952
76,1804,0.9504669779853235,1.0,1.0,0.0,1.0,87,death,0,1,monster,0,46,42,0:0|0:1|1:0|1:1|1:2|2:0|2:1|2:2|3:0|3:1|3:2|4:0|4:1|4:2|5:0|5:1|5:2|5:3|5:6|5:7|5:8|6:0|6:1|6:2|6:3|6:4|6:5|6:6|6:8|7:0|7:1|7:2|7:3|7:4|7:5|7:6|7:7|7:8|8:4|8:5|8:6|8:7,955
77,1805,0.9498065376917946,1.0,1.0,0.0,1.0,126,death,0,1,monster,0,52,43,0:0|0:1|0:2|0:3|0:4|0:5|1:0|1:1|1:2|1:3|1:4|1:5|2:0|2:2|2:3|2:4|2:5|2:6|2:7|2:8|2:9|3:4|3:5|3:6|3:8|3:9|4:4|4:5|4:6|4:7|4:8|4:9|5:6|5:7|5:8|5:9|6:5|6:6|6:7|7:4|7:5|7:6|7:7,969
78,1806,0.9491460973982655,2.0,2.0,0.0,2.0,350,truncated,0,0,,1,117,74,0:0|0:1|0:2|0:3|0:4|0:5|0:6|0:7|0:8|0:9|1:0|1:1|1:2|1:3|1:4|1:5|1:6|1:7|1:8|1:9|2:0|2:1|2:2|2:3|2:4|2:5|2:6|2:7|2:8|2:9|3:1|3:2|3:4|3:6|3:7|3:8|3:9|4:4|4:7|4:8|4:9|5:4|5:6|5:7|5:8|5:9|6:4|6:5|6:6|6:7|6:8|6:9|7:3|7:4|7:5|7:6|7:7|7:8|7:9|8:3|8:4|8:5|8:6|8:7|8:8|8:9|9:2|9:3|9:4|9:5|9:6|9:7|9:8|9:9,995
79,1807,0.9484856571047365,3.0,3.0,0.0,3.0,76,victory,1,0,,0,39,39,0:0|1:0|1:1|1:2|2:0|2:1|2:2|2:7|3:0|3:1|3:2|3:7|4:0|4:1|4:2|4:7|5:1|5:2|5:7|5:8|6:2|6:8|7:1|7:2|7:3|7:7|7:8|7:9|8:2|8:3|8:4|8:5|8:7|8:8|8:9|9:5|9:6|9:7|9:8,995
80,1808,0.9478252168112075,0.0,0.0,0.0,0.0,78,death,0,1,monster,0,32,26,0:0|0:2|0:3|0:5|0:6|1:0|1:1|1:2|1:3|1:4|1:5|1:6|2:0|2:1|2:2|2:3|2:4|2:5|2:6|3:0|3:1|3:2|3:4|3:5|3:6|4:1,998
81,1809,0.9471647765176785,1.0,1.0,0.0,1.0,78,death,0,1,monster,0,50,32,0:0|1:0|1:1|1:2|2:2|3:0|3:1|3:2|4:0|4:1|4:2|5:1|5:2|6:1|7:1|7:5|7:7|7:8|7:9|8:1|8:2|8:3|8:4|8:5|8:6|8:7|8:8|8:9|9:6|9:7|9:8|9:9,1013
82,1810,0.9465043362241494,1.0,1.0,0.0,1.0,339,death,0,1,monster,0,80,67,0:0|0:1|0:4|0:5|0:6|0:7|0:8|0:9|1:0|1:1|1:4|1:5|1:6|1:7|1:8|1:9|2:0|2:1|2:2|2:3|2:4|2:5|2:6|2:7|2:8|2:9|3:4|3:5|3:6|3:7|3:8|3:9|4:4|4:5|4:6|4:7|4:8|4:9|5:4|5:5|5:6|5:7|5:8|5:9|6:0|6:1|6:2|6:3|6:4|6:6|6:7|6:8|7:0|7:1|7:6|7:7|8:0|8:1|8:2|8:3|8:7|9:2|9:3|9:4|9:5|9:6|9:7,1016
83,1811,0.9458438959306205,0.0,0.0,0.0,0.0,37,death,0,1,monster,0,16,16,0:0|0:1|0:2|0:3|0:4|1:0|1:1|1:2|1:3|1:4|1:5|2:3|2:4|2:5|3:4|3:5,1017
84,1812,0.9451834556370914,2.0,2.0,0.0,2.0,174,death,0,1,monster,0,83,66,0:0|0:1|0:2|0:3|0:4|0:5|1:0|1:1|1:2|1:3|1:5|1:6|1:7|2:0|2:1|2:2|2:5|2:6|2:7|3:0|3:1|3:2|3:6|3:7|3:8|4:0|4:1|4:2|4:5|4:6|4:7|4:8|4:9|5:0|5:1|5:2|5:3|5:5|5:6|5:7|5:8|5:9|6:0|6:1|6:2|6:3|6:4|6:5|6:6|6:7|7:0|7:1|7:2|7:3|7:4|7:5|7:6|7:7|8:0|8:2|8:5|8:6|8:7|9:0|9:1|9:2,1019
85,1813,0.9445230153435624,1.0,1.0,0.0,1.0,60,death,0,1,monster,0,35,33,0:0|0:5|1:0|1:5|2:0|2:1|2:2|2:3|2:4|2:5|2:6|3:4|3:5|4:4|5:2|5:3|5:4|6:2|6:3|7:1|7:2|7:3|7:4|8:1|8:2|8:3|8:4|8:5|8:6|9:1|9:2|9:3|9:4,1019
86,1814,0.9438625750500333,2.0,2.0,0.0,2.0,160,death,0,1,monster,0,68,53,0:0|0:1|0:2|0:3|1:3|1:4|2:3|2:4|2:5|2:6|3:5|3:6|3:7|4:7|4:8|5:0|5:1|5:2|5:3|5:7|5:8|5:9|6:0|6:1|6:2|6:3|6:7|6:8|6:9|7:0|7:1|7:2|7:3|7:4|7:8|7:9|8:2|8:3|8:4|8:5|8:6|8:7|8:8|8:9|9:1|9:2|9:3|9:4|9:5|9:6|9:7|9:8|9:9,1039
87,1815,0.9432021347565044,0.0,0.0,0.0,0.0,56,death,0,1,monster,0,19,19,0:0|0:1|0:2|0:3|1:0|1:1|1:2|1:3|1:4|1:5|2:0|2:1|2:2|2:5|2:6|3:0|3:1|3:2|3:6,1041
88,1816,0.9425416944629753,2.0,2.0,0.0,2.0,150,death,0,1,monster,0,56,48,0:0|0:1|0:2|1:0|1:1|1:2|2:0|2:1|2:2|3:0|3:1|3:2|4:0|4:1|4:2|4:4|4:5|5:0|5:1|5:2|5:3|5:4|5:5|6:0|6:1|6:2|6:3|6:4|7:0|7:1|7:2|7:3|7:7|7:8|8:0|8:1|8:2|8:3|8:4|8:7|8:8|9:3|9:4|9:5|9:6|9:7|9:8|9:9,1044
89,1817,0.9418812541694463,1.0,1.0,0.0,1.0,134,death,0,1,monster,0,54,46,0:0|0:1|1:1|2:0|2:1|2:2|3:0|3:1|3:2|4:0|4:1|4:2|4:4|5:0|5:1|5:2|5:3|5:4|5:5|5:6|5:7|5:8|6:1|6:2|6:3|6:4|6:5|6:6|6:7|6:8|6:9|7:1|7:2|7:3|7:4|7:5|7:6|7:7|8:1|8:3|8:4|8:5|8:6|8:7|9:3|9:4,1052
90,1818,0.9412208138759173,1.0,1.0,0.0,1.0,251,death,0,1,monster,0,48,38,0:0|0:1|0:2|0:3|0:4|0:5|1:0|1:1|1:2|1:3|1:4|1:5|2:0|2:1|2:2|2:3|2:4|2:5|3:0|3:1|3:2|4:0|4:1|4:2|5:0|5:1|5:2|5:3|6:0|6:1|6:2|6:3|7:0|7:1|7:2|7:3|7:4|8:0,1053
91,1819,0.9405603735823882,2.0,2.0,0.0,2.0,278,death,0,1,monster,0,81,52,0:0|0:1|1:0|1:1|1:2|2:0|2:1|2:2|3:0|3:1|3:2|4:0|4:1|4:2|5:0|5:1|5:2|6:0|6:1|6:2|6:3|6:6|6:7|7:0|7:1|7:2|7:3|7:4|7:5|7:6|7:7|7:8|8:0|8:1|8:2|8:3|8:4|8:5|8:6|8:7|8:8|8:9|9:0|9:1|9:2|9:3|9:4|9:5|9:6|9:7|9:8|9:9,1059
92,1820,0.9398999332888592,0.0,0.0,0.0,0.0,56,death,0,1,monster,0,29,27,0:0|0:1|0:2|1:0|1:1|1:2|1:3|2:0|2:1|2:2|2:3|2:4|2:6|3:4|3:5|3:6|3:7|3:8|3:9|4:4|4:5|4:6|4:7|4:8|4:9|5:8|5:9,1060
93,1821,0.9392394929953303,3.0,3.0,0.0,3.0,343,victory,1,0,,0,111,80,0:0|0:1|0:2|0:3|0:4|0:5|0:6|0:7|1:0|1:1|1:2|1:3|1:4|1:5|1:6|1:7|2:0|2:1|2:2|2:3|2:4|2:5|2:6|2:7|3:0|3:1|3:2|3:4|3:5|3:7|4:0|4:1|4:2|4:4|4:7|4:8|4:9|5:0|5:1|5:2|5:4|5:5|5:6|5:7|5:8|5:9|6:0|6:1|6:2|6:3|6:4|6:6|6:7|6:8|6:9|7:1|7:2|7:3|7:4|7:7|7:8|7:9|8:0|8:1|8:2|8:3|8:4|8:5|8:6|8:7|8:8|8:9|9:0|9:3|9:4|9:5|9:6|9:7|9:8|9:9,1104
94,1822,0.9385790527018012,3.0,3.0,0.0,3.0,299,victory,1,0,,0,107,81,0:0|0:1|0:3|0:4|0:5|0:6|0:7|0:8|0:9|1:0|1:1|1:2|1:3|1:5|1:6|1:7|1:8|1:9|2:0|2:1|2:2|2:3|2:5|2:6|2:7|2:8|3:0|3:1|3:2|3:4|3:5|3:6|3:7|3:8|4:0|4:1|4:2|4:4|4:5|4:6|4:7|4:8|5:0|5:1|5:2|5:3|5:4|5:5|5:6|5:7|6:0|6:1|6:2|6:3|6:4|6:5|6:6|6:7|7:0|7:1|7:2|7:3|7:4|7:5|7:6|8:0|8:1|8:2|8:4|8:5|8:6|8:8|8:9|9:0|9:1|9:2|9:5|9:6|9:7|9:8|9:9,1110
95,1823,0.9379186124082721,1.0,1.0,0.0,1.0,106,death,0,1,monster,0,45,32,0:0|0:1|0:2|0:3|0:4|0:5|0:6|0:7|0:8|0:9|1:1|1:3|1:4|1:5|1:6|1:7|1:8|1:9|2:2|2:3|2:4|2:5|2:6|2:7|2:9|3:5|3:6|3:7|3:8|3:9|4:8|4:9,1116
96,1824,0.9372581721147432,2.0,2.0,0.0,2.0,350,truncated,0,0,,1,119,76,0:0|0:1|0:2|0:3|0:4|0:5|0:6|0:7|0:8|0:9|1:0|1:1|1:2|1:3|1:4|1:5|1:6|1:7|1:8|1:9|2:0|2:1|2:2|2:3|2:4|2:5|2:6|2:7|2:8|2:9|3:0|3:1|3:2|3:4|3:5|3:6|3:7|3:8|3:9|4:0|4:1|4:2|4:4|4:5|4:6|4:7|4:8|4:9|5:3|5:4|5:5|5:6|5:7|5:8|5:9|6:3|6:4|6:5|6:6|6:7|6:8|6:9|7:3|7:4|7:5|7:6|7:7|7:8|7:9|8:4|8:5|8:6|8:8|9:3|9:4|9:5,1137
97,1825,0.9365977318212142,2.0,2.0,0.0,2.0,350,truncated,0,0,,1,95,62,0:0|0:1|0:2|0:3|0:4|0:5|0:6|0:7|0:8|0:9|1:0|1:1|1:2|1:3|1:4|1:5|1:6|1:7|1:8|1:9|2:0|2:1|2:2|2:3|2:4|2:5|2:6|2:7|2:8|2:9|3:0|3:1|3:2|3:4|3:5|3:6|3:7|3:8|3:9|4:1|4:4|4:5|4:6|4:7|4:8|4:9|5:4|5:5|5:6|5:7|5:8|5:9|6:4|6:5|6:6|6:7|7:6|7:7|7:8|8:6|8:7|8:8,1142
98,1826,0.9359372915276851,3.0,3.0,0.0,3.0,181,victory,1,0,,0,57,50,0:0|0:1|0:2|0:3|0:5|0:6|0:7|1:0|1:1|1:2|1:3|1:4|1:5|1:7|2:0|2:1|2:2|2:3|2:4|2:7|2:8|3:0|3:1|3:2|3:7|3:8|4:1|4:2|4:8|4:9|5:8|5:9|6:8|6:9|7:2|7:8|7:9|8:2|8:3|8:4|8:5|8:6|8:7|8:8|8:9|9:4|9:5|9:6|9:7|9:8,1143
99,1827,0.935276851234156,1.0,1.0,0.0,1.0,113,death,0,1,monster,0,35,27,0:0|0:1|0:2|0:3|0:6|0:7|0:8|0:9|1:2|1:3|1:5|1:6|1:7|1:8|1:9|2:2|2:3|2:4|2:5|2:6|2:7|2:8|2:9|3:2|3:4|3:8|4:8,1146
100,1828,0.9346164109406271,1.0,1.0,0.0,1.0,145,death,0,1,monster,0,57,46,0:0|0:1|1:1|1:2|1:3|2:1|2:2|2:3|3:2|4:2|4:7|4:8|5:2|5:3|5:4|5:5|5:6|5:7|6:0|6:1|6:2|6:3|6:4|6:5|6:6|7:0|7:1|7:2|7:3|7:4|7:5|7:6|8:0|8:1|8:2|8:3|8:4|8:5|8:6|9:0|9:1|9:2|9:3|9:4|9:5|9:6,1150
101,1829,0.9339559706470981,1.0,1.0,0.0,1.0,205,death,0,1,monster,0,79,42,0:0|0:1|0:2|0:3|0:5|0:6|0:7|0:8|0:9|1:0|1:1|1:2|1:3|1:4|1:5|1:6|1:7|1:8|1:9|2:0|2:1|2:2|2:3|2:4|2:5|2:6|2:7|2:8|2:9|3:0|3:1|3:5|3:6|3:7|3:8|3:9|4:5|4:6|4:7|4:8|4:9|5:9,1173
102,1830,0.933295530353569,1.0,1.0,0.0,1.0,89,death,0,1,monster,0,36,25,0:0|0:1|0:2|0:3|0:4|0:5|0:6|0:7|1:0|1:1|1:2|1:3|1:4|1:5|1:7|2:0|2:1|2:3|2:4|2:5|2:6|2:7|3:4|3:5|3:6,1173
103,1831,0.93263509006004,2.0,2.0,0.0,2.0,116,death,0,1,monster,0,56,46,0:0|0:1|0:2|0:3|0:6|0:7|0:8|0:9|1:0|1:1|1:2|1:3|1:6|1:7|1:8|1:9|2:2|2:3|2:4|2:5|2:6|2:7|2:8|2:9|3:0|3:1|3:2|3:4|3:5|3:6|3:7|3:9|4:0|4:1|4:2|4:4|4:5|4:6|5:0|5:1|5:2|5:3|5:4|6:2|6:4|7:2,1178
104,1832,0.931974649766511,2.0,2.0,0.0,2.0,216,death,0,1,monster,0,78,62,0:0|0:1|0:2|0:5|0:6|0:7|0:8|0:9|1:0|1:1|1:2|1:3|1:4|1:5|1:6|1:7|1:8|1:9|2:1|2:7|2:8|2:9|3:7|3:8|3:9|4:7|4:8|4:9|5:5|5:6|5:8|5:9|6:4|6:5|6:6|6:7|6:8|6:9|7:4|7:5|7:6|7:7|7:8|8:0|8:1|8:3|8:4|8:5|8:6|8:7|8:8|8:9|9:0|9:1|9:2|9:3|9:4|9:5|9:6|9:7|9:8|9:9,1188
105,1833,0.931314209472982,1.0,1.0,0.0,1.0,29,death,0,1,monster,0,17,17,0:0|1:0|1:1|2:0|2:1|3:0|4:0|5:0|6:0|6:1|6:3|6:4|7:0|7:1|7:2|7:3|8:1,1188
106,1834,0.930653769179453,3.0,3.0,0.0,3.0,153,victory,1,0,,0,80,61,0:0|0:1|1:0|1:1|2:1|2:7|3:1|3:5|3:6|3:7|3:8|4:1|4:2|4:4|4:5|4:6|4:7|4:8|5:2|5:4|5:5|5:6|5:7|5:8|5:9|6:0|6:1|6:2|6:3|6:4|6:5|6:7|6:8|6:9|7:0|7:1|7:2|7:3|7:4|7:5|7:6|7:7|7:8|7:9|8:0|8:1|8:2|8:3|8:4|8:5|8:6|8:7|8:8|8:9|9:0|9:2|9:3|9:5|9:6|9:8|9:9,1192
107,1835,0.9299933288859239,0.0,0.0,0.0,0.0,30,death,0,1,monster,0,19,19,0:0|1:0|2:0|2:1|2:2|3:0|3:1|3:2|3:7|4:1|4:2|4:4|4:5|4:6|4:7|5:1|5:2|5:3|5:4,1193
108,1836,0.9293328885923949,3.0,3.0,0.0,3.0,136,victory,1,0,,0,55,47,0:0|0:3|0:4|0:5|0:6|0:7|0:8|0:9|1:0|1:1|1:2|1:3|1:5|1:6|1:7|1:8|1:9|2:0|2:1|2:2|2:3|2:4|2:5|2:6|2:7|2:8|2:9|3:0|3:1|3:2|3:9|4:0|4:1|4:2|4:9|5:0|5:1|5:2|5:9|6:0|6:1|6:2|6:8|6:9|7:2|7:8|8:8,1195
109,1837,0.928672448298866,1.0,1.0,0.0,1.0,79,death,0,1,monster,0,26,25,0:0|0:1|1:0|1:1|2:0|2:1|3:0|3:1|4:0|4:1|4:2|5:0|5:1|5:2|5:3|5:4|5:5|5:6|6:0|6:1|6:2|6:3|7:2|7:3|7:4,1195
110,1838,0.9280120080053369,1.0,1.0,0.0,1.0,177,death,0,1,monster,0,60,37,0:0|0:1|0:2|0:3|0:4|0:5|0:6|0:7|0:8|0:9|1:0|1:1|1:2|1:3|1:4|1:5|1:6|1:7|1:8|1:9|2:2|2:3|2:4|2:5|2:6|2:7|2:8|2:9|3:4|3:5|3:6|3:7|3:8|3:9|4:5|4:6|4:7,1201
111,1839,0.9273515677118078,1.0,1.0,0.0,1.0,126,death,0,1,monster,0,60,37,0:0|1:0|1:1|1:2|2:0|2:1|2:4|2:7|2:8|3:0|3:1|3:2|3:4|3:5|3:6|3:7|3:8|4:0|4:1|4:2|4:4|4:5|4:6|4:7|4:8|4:9|5:0|5:1|5:2|5:3|5:4|5:6|5:7|5:8|5:9|6:8|6:9,1218
112,1840,0.9266911274182789,2.0,2.0,0.0,2.0,247,death,0,1,monster,0,99,78,0:0|0:2|0:3|0:4|0:5|0:6|0:7|0:8|0:9|1:0|1:1|1:2|1:3|1:4|1:5|1:6|1:7|1:8|1:9|2:0|2:1|2:2|2:3|2:4|2:5|2:6|2:7|2:8|2:9|3:0|3:1|3:2|3:4|3:5|3:6|3:7|3:8|3:9|4:1|4:2|4:4|4:5|4:6|4:7|4:8|4:9|5:1|5:2|5:3|5:4|5:5|5:6|5:7|5:8|6:1|6:2|6:3|6:4|6:5|6:6|6:7|6:8|7:1|7:2|7:3|7:5|7:6|7:7|8:2|8:3|8:4|8:5|8:6|9:1|9:2|9:3|9:4|9:5,1229
113,1841,0.9260306871247498,2.0,2.0,0.0,2.0,323,death,0,1,monster,0,106,69,0:0|0:1|0:2|1:1|1:8|1:9|2:0|2:1|2:2|2:8|2:9|3:0|3:1|3:2|3:7|3:8|3:9|4:1|4:2|4:6|4:7|4:8|4:9|5:1|5:2|5:3|5:4|5:6|5:7|5:8|5:9|6:2|6:3|6:4|6:5|6:6|6:7|6:8|6:9|7:0|7:1|7:2|7:3|7:4|7:5|7:6|7:7|7:8|7:9|8:0|8:1|8:2|8:3|8:4|8:5|8:6|8:7|8:8|8:9|9:0|9:1|9:2|9:3|9:4|9:5|9:6|9:7|9:8|9:9,1233
114,1842,0.9253702468312208,0.0,0.0,0.0,0.0,62,death,0,1,monster,0,29,26,0:0|1:0|1:1|1:2|2:0|2:1|2:2|3:1|3:2|4:0|4:1|4:2|5:0|5:1|5:2|5:3|6:0|6:1|6:2|6:3|7:3|7:4|7:5|8:3|8:4|9:4,1238
115,1843,0.9247098065376917,1.0,1.0,0.0,1.0,220,death,0,1,monster,0,79,48,0:0|0:1|0:2|0:3|0:4|0:5|1:0|1:1|1:2|1:3|1:4|1:5|1:6|1:8|1:9|2:0|2:1|2:2|2:3|2:4|2:5|2:6|2:7|2:8|2:9|3:0|3:1|3:2|3:4|3:5|3:6|3:9|4:0|4:2|4:4|4:5|4:6|4:8|4:9|5:0|5:1|5:2|5:4|5:5|5:8|5:9|6:0|6:9,1245
116,1844,0.9240493662441628,1.0,1.0,0.0,1.0,59,death,0,1,monster,0,36,25,0:0|1:0|2:0|3:0|3:1|4:0|4:1|4:2|5:0|5:1|5:2|6:1|6:2|6:3|7:0|7:1|7:2|7:3|8:0|8:1|8:2|9:0|9:1|9:2|9:3,1254
117,1845,0.9233889259506337,0.0,0.0,0.0,0.0,69,death,0,1,monster,0,24,24,0:0|0:1|0:2|0:3|0:4|0:5|1:0|1:1|1:2|1:4|1:5|2:0|2:1|2:2|2:5|3:0|3:1|3:2|3:4|3:5|4:0|4:1|5:1|6:1,1256
118,1846,0.9227284856571047,2.0,2.0,0.0,2.0,191,death,0,1,monster,0,67,54,0:0|0:1|0:7|0:8|1:0|1:1|1:7|1:8|1:9|2:1|2:6|2:7|2:8|2:9|3:1|3:6|3:7|3:8|3:9|4:1|4:2|4:6|4:7|4:8|5:1|5:2|5:3|5:4|5:6|6:0|6:1|6:3|6:4|6:5|6:6|7:0|7:1|7:2|7:3|7:4|7:5|7:6|8:0|8:1|8:2|8:3|8:4|8:5|9:0|9:1|9:2|9:3|9:4|9:5,1272
119,1847,0.9220680453635757,1.0,1.0,0.0,1.0,350,truncated,0,0,,1,103,68,0:0|0:1|0:2|0:3|1:0|1:1|1:2|1:3|2:0|2:1|2:2|2:3|2:4|2:5|2:6|3:0|3:1|3:2|3:4|3:5|3:7|3:8|3:9|4:0|4:1|4:2|4:4|4:6|4:7|4:8|4:9|5:0|5:1|5:2|5:3|5:4|5:5|5:6|5:7|5:8|6:0|6:1|6:2|6:3|6:4|6:5|6:6|7:0|7:1|7:2|7:3|7:4|7:5|7:6|8:0|8:1|8:2|8:3|8:4|8:5|8:6|9:0|9:1|9:2|9:3|9:4|9:5|9:6,1291
120,1848,0.9214076050700467,1.0,1.0,0.0,1.0,81,death,0,1,monster,0,37,32,0:0|0:1|0:2|0:3|0:4|0:5|0:6|1:0|1:3|1:4|1:5|1:6|1:7|1:8|1:9|2:3|2:4|2:5|2:6|2:7|2:8|3:5|3:8|3:9|4:5|4:8|4:9|5:5|5:6|5:9|6:5|6:9,1292
121,1849,0.9207471647765176,1.0,1.0,0.0,1.0,264,death,0,1,monster,0,56,38,0:0|0:1|0:2|1:0|1:1|1:2|2:0|2:1|2:2|3:0|3:1|3:2|4:0|4:1|4:2|5:0|5:1|5:2|5:3|6:0|6:1|6:2|6:3|7:0|7:1|7:2|7:3|8:0|8:1|8:2|8:3|8:4|9:0|9:1|9:2|9:3|9:4|9:5,1294
122,1850,0.9200867244829887,2.0,2.0,0.0,2.0,165,death,0,1,monster,0,63,56,0:0|0:6|0:7|1:0|1:1|1:5|1:6|1:7|2:0|2:1|2:2|2:3|2:5|2:6|2:7|2:8|3:0|3:1|3:2|3:4|3:5|3:6|3:7|3:8|3:9|4:0|4:1|4:2|4:4|4:5|4:7|4:8|5:2|5:3|5:4|5:5|5:7|6:1|6:2|6:3|6:4|6:5|6:6|6:7|7:1|7:2|7:3|7:4|7:5|7:6|7:7|8:2|8:3|8:4|9:2|9:3,1295
123,1851,0.9194262841894596,1.0,1.0,0.0,1.0,193,death,0,1,monster,0,77,43,0:0|0:1|0:2|0:3|0:4|1:0|1:1|1:2|1:3|1:4|1:5|1:6|1:7|2:1|2:2|2:4|2:5|2:6|2:7|3:1|3:2|3:4|3:5|3:6|3:7|4:2|4:4|4:5|4:6|5:2|5:3|5:4|5:5|6:2|6:3|6:4|6:5|7:3|7:4|7:5|8:4|8:5|9:5,1312
124,1852,0.9187658438959306,2.0,2.0,0.0,2.0,211,death,0,1,monster,0,95,70,0:0|0:1|1:0|1:1|2:0|2:1|2:2|2:3|2:4|2:5|3:0|3:1|3:2|3:4|3:5|3:6|4:0|4:1|4:4|4:5|4:6|4:7|4:8|5:0|5:1|5:2|5:3|5:4|5:5|5:6|5:7|5:8|5:9|6:0|6:1|6:2|6:3|6:4|6:5|6:6|6:7|6:8|6:9|7:0|7:2|7:3|7:4|7:5|7:6|7:7|7:8|7:9|8:0|8:1|8:2|8:3|8:6|8:7|8:8|8:9|9:0|9:1|9:2|9:3|9:4|9:5|9:6|9:7|9:8|9:9,1320
125,1853,0.9181054036024016,1.0,1.0,0.0,1.0,95,death,0,1,monster,0,42,31,0:0|0:1|0:2|0:3|0:4|0:5|1:0|1:1|1:2|1:3|1:4|1:5|2:0|2:1|2:2|2:3|2:4|3:0|3:1|3:2|4:0|4:1|4:2|5:0|5:1|5:2|6:0|6:1|7:1|7:2|8:1,1324
126,1854,0.9174449633088726,3.0,3.0,0.0,3.0,102,victory,1,0,,0,59,51,0:0|0:1|0:3|0:4|1:0|1:1|1:2|1:3|1:4|1:5|1:6|2:2|2:3|2:4|2:5|2:6|2:7|3:2|3:6|3:8|3:9|4:1|4:2|4:6|4:7|4:8|4:9|5:1|5:2|5:7|5:8|5:9|6:1|6:2|6:8|6:9|7:2|7:3|7:8|7:9|8:2|8:3|8:7|8:8|9:1|9:2|9:3|9:4|9:5|9:6|9:7,1332
127,1855,0.9167845230153435,2.0,2.0,0.0,2.0,335,death,0,1,monster,0,99,55,0:0|0:1|0:2|1:0|1:1|1:2|1:3|1:4|2:0|2:1|2:2|2:3|2:4|3:0|3:1|3:2|4:0|4:1|4:2|5:0|5:1|5:2|5:3|6:0|6:1|6:2|6:3|6:4|6:7|6:8|7:0|7:1|7:2|7:3|7:4|7:5|7:7|8:0|8:1|8:2|8:3|8:4|8:5|8:6|8:7|8:8|9:0|9:1|9:2|9:3|9:4|9:5|9:6|9:7|9:8,1337
128,1856,0.9161240827218146,3.0,3.0,0.0,3.0,167,victory,1,0,,0,70,54,0:0|0:1|0:2|0:3|1:0|1:1|1:2|1:3|2:0|2:1|2:2|2:7|3:0|3:1|3:2|3:7|4:0|4:1|4:2|4:7|4:8|5:0|5:1|5:2|5:3|5:7|5:8|6:0|6:1|6:2|6:3|6:4|6:5|6:6|6:7|6:8|7:0|7:1|7:2|7:3|7:5|7:6|7:7|7:8|8:0|8:1|8:2|8:3|8:5|8:6|8:7|8:8|9:6|9:7,1337
129,1857,0.9154636424282855,1.0,1.0,0.0,1.0,83,death,0,1,monster,0,43,38,0:0|0:1|0:4|0:5|0:6|0:7|1:1|1:2|1:3|1:4|1:5|1:6|1:7|2:1|2:3|2:4|2:5|2:6|2:7|3:1|3:5|3:6|3:7|3:8|4:4|4:5|4:6|4:7|4:8|5:4|5:5|5:6|5:7|5:8|6:5|6:6|7:5|7:6,1338
130,1858,0.9148032021347565,1.0,1.0,0.0,1.0,350,truncated,0,0,,1,76,53,0:0|0:1|0:2|0:3|0:4|0:5|0:6|0:7|0:8|1:0|1:1|1:2|1:3|1:4|1:5|1:6|1:7|1:8|2:0|2:1|2:2|2:3|2:4|2:5|2:6|2:7|2:8|3:0|3:1|3:2|3:4|3:5|3:6|3:7|4:0|4:1|4:2|4:4|4:5|4:7|5:0|5:1|5:2|5:3|5:4|5:5|6:1|6:2|6:3|6:4|6:5|7:4|7:5,1338
131,1859,0.9141427618412274,1.0,1.0,0.0,1.0,37,death,0,1,monster,0,25,20,0:0|1:0|1:1|2:0|2:1|3:0|3:1|4:0|5:0|5:1|6:0|6:2|6:3|6:4|7:0|7:1|7:2|7:3|8:1|8:2,1339
132,1860,0.9134823215476985,1.0,1.0,0.0,1.0,152,death,0,1,monster,0,64,44,0:0|0:1|0:2|0:3|0:4|0:5|0:6|0:7|1:0|1:1|1:2|1:3|1:4|1:5|1:6|1:7|2:0|2:1|2:2|2:3|2:4|2:5|2:6|2:7|3:0|3:1|3:2|3:4|3:5|4:0|4:1|4:2|4:4|4:5|5:0|5:1|5:3|5:4|5:5|5:6|6:0|6:4|6:5|6:6,1342
133,1861,0.9128218812541694,1.0,1.0,0.0,1.0,28,death,0,1,monster,0,19,18,0:0|0:1|1:0|2:0|2:1|2:2|3:1|4:1|5:1|5:2|6:2|7:0|7:1|7:2|8:0|8:1|8:2|9:0,1344
134,1862,0.9121614409606404,2.0,2.0,0.0,2.0,165,death,0,1,monster,0,76,58,0:0|0:8|0:9|1:0|1:8|1:9|2:0|2:1|2:4|2:5|2:6|2:8|2:9|3:0|3:1|3:2|3:5|3:6|3:7|3:8|4:0|4:1|4:2|4:5|4:6|4:7|4:8|5:0|5:1|5:2|5:3|5:4|5:6|5:7|5:8|5:9|6:0|6:1|6:2|6:7|6:8|7:0|7:1|7:2|7:5|7:7|7:8|8:1|8:2|8:3|8:4|8:5|8:6|8:7|8:8|9:3|9:4|9:5,1356
135,1863,0.9115010006671114,2.0,2.0,0.0,2.0,114,death,0,1,monster,0,53,36,0:0|0:1|0:7|0:8|0:9|1:0|1:1|1:5|1:6|1:7|1:8|1:9|2:0|2:1|2:2|2:3|2:4|2:5|2:6|2:7|3:0|3:1|3:5|3:6|4:0|4:1|4:2|5:0|5:1|5:2|6:0|6:1|6:2|7:0|7:1|7:2,1360
136,1864,0.9108405603735824,1.0,1.0,0.0,1.0,49,death,0,1,monster,0,25,18,0:0|0:1|1:0|1:1|2:0|2:1|3:0|3:2|4:0|4:1|4:2|5:2|6:0|6:1|6:2|7:0|7:1|7:2,1367
137,1865,0.9101801200800533,1.0,1.0,0.0,1.0,59,death,0,1,monster,0,31,29,0:0|1:0|2:0|3:0|3:1|4:0|4:1|5:0|5:1|6:0|6:1|6:3|7:0|7:1|7:2|7:3|7:4|8:0|8:1|8:2|8:3|8:4|8:5|8:6|9:1|9:2|9:3|9:4|9:5,1367
138,1866,0.9095196797865244,0.0,0.0,0.0,0.0,61,death,0,1,monster,0,25,24,0:0|0:1|1:0|1:1|2:0|2:1|2:2|3:0|3:1|4:0|4:1|4:2|5:0|5:1|5:2|6:0|6:1|7:0|7:1|8:0|8:1|8:2|9:0|9:1,1368
139,1867,0.9088592394929953,2.0,2.0,0.0,2.0,350,truncated,0,0,,1,113,71,0:0|0:1|0:2|0:3|0:4|0:5|0:6|0:7|0:8|0:9|1:0|1:1|1:2|1:3|1:4|1:5|1:6|1:7|1:8|1:9|2:0|2:1|2:2|2:3|2:4|2:5|2:6|2:7|2:8|3:0|3:1|3:4|3:5|3:6|3:7|3:8|3:9|4:0|4:1|4:4|4:5|4:6|4:7|4:8|4:9|5:4|5:5|5:6|5:7|5:8|5:9|6:3|6:4|6:5|6:6|6:7|6:8|7:2|7:3|7:4|7:5|7:6|7:7|8:3|8:4|8:5|8:6|8:7|9:2|9:3|9:4,1386
140,1868,0.9081987991994663,3.0,3.0,0.0,3.0,203,victory,1,0,,0,84,70,0:0|0:1|0:2|0:3|0:4|0:5|0:6|0:7|0:8|0:9|1:1|1:2|1:3|1:4|1:5|1:6|1:7|1:8|1:9|2:2|2:3|2:4|2:5|2:6|2:7|2:8|2:9|3:1|3:2|3:4|3:5|3:6|3:7|3:8|3:9|4:0|4:1|4:2|4:6|4:7|4:8|4:9|5:0|5:1|5:2|5:7|5:8|5:9|6:0|6:1|6:2|6:5|6:6|6:7|6:8|6:9|7:0|7:1|7:2|7:5|7:6|7:8|7:9|8:4|8:5|8:6|8:7|8:8|9:4|9:5,1386
141,1869,0.9075383589059373,3.0,3.0,0.0,3.0,239,victory,1,0,,0,105,66,0:0|0:1|0:2|0:3|0:4|0:5|1:0|1:1|1:2|1:3|1:4|1:5|1:6|2:0|2:1|2:2|2:3|2:4|2:5|2:6|2:7|2:8|3:0|3:1|3:2|3:5|3:6|3:7|3:8|3:9|4:0|4:1|4:2|4:4|4:7|4:8|4:9|5:0|5:1|5:2|5:3|5:4|5:5|6:1|6:2|6:3|6:4|6:5|6:6|6:7|6:8|6:9|7:1|7:2|7:3|7:4|7:5|7:6|7:7|7:9|8:2|8:3|8:8|8:9|9:2|9:3,1395
142,1870,0.9068779186124083,3.0,3.0,0.0,3.0,140,victory,1,0,,0,68,57,0:0|0:1|0:2|1:0|1:1|1:2|1:3|2:0|2:1|2:2|2:3|2:4|2:6|2:7|3:1|3:2|3:4|3:6|3:7|4:1|4:2|4:4|4:5|4:6|4:7|4:8|4:9|5:3|5:4|5:5|5:7|5:8|6:1|6:2|6:3|6:4|6:5|6:6|6:7|6:8|7:0|7:1|7:2|7:3|7:4|7:5|7:6|7:7|7:8|7:9|8:3|8:4|8:5|8:6|8:8|8:9|9:9,1395
143,1871,0.9062174783188792,2.0,2.0,0.0,2.0,236,death,0,1,monster,0,86,57,0:0|0:1|0:2|0:3|0:7|0:8|1:0|1:1|1:2|1:3|1:7|1:8|1:9|2:0|2:1|2:2|2:3|2:7|2:8|2:9|3:0|3:1|3:2|3:6|3:7|3:8|3:9|4:0|4:1|4:2|4:5|4:6|4:8|4:9|5:0|5:1|5:2|5:5|5:8|5:9|6:0|6:1|6:2|6:3|6:4|6:5|7:0|7:1|7:2|7:3|8:0|8:1|8:2|8:3|9:0|9:1|9:2,1407
144,1872,0.9055570380253503,1.0,1.0,0.0,1.0,41,death,0,1,monster,0,23,21,0:0|0:1|0:2|0:4|0:5|1:2|1:3|1:4|1:5|1:6|1:7|1:8|1:9|2:5|2:6|2:7|2:8|3:6|3:7|4:5|4:6,1408
145,1873,0.9048965977318212,0.0,0.0,0.0,0.0,90,death,0,1,monster,0,32,30,0:0|0:1|0:2|0:3|0:4|0:5|1:0|1:1|1:2|1:4|1:5|2:0|2:1|2:2|2:3|2:4|2:5|2:6|3:0|3:6|3:7|4:0|4:6|4:7|4:8|5:7|5:8|6:7|6:8|7:8,1412
146,1874,0.9042361574382922,3.0,3.0,0.0,3.0,191,victory,1,0,,0,71,52,0:0|0:1|0:2|0:3|0:4|1:0|1:1|1:2|1:3|1:4|2:0|2:1|2:2|2:3|2:4|2:5|2:6|2:7|3:0|3:1|3:2|3:4|3:5|3:6|3:7|4:0|4:1|4:2|4:4|4:5|4:6|5:0|5:1|5:2|5:6|5:7|6:0|6:1|6:2|6:7|7:1|7:2|7:3|7:7|7:8|8:1|8:2|8:3|8:8|9:1|9:2|9:3,1416
147,1875,0.9035757171447631,1.0,1.0,0.0,1.0,81,death,0,1,monster,0,35,28,0:0|0:1|1:1|2:1|3:0|3:1|3:2|3:4|3:5|4:0|4:1|4:2|4:4|4:5|5:0|5:1|5:2|5:4|5:5|5:6|6:1|6:2|6:3|6:4|6:5|7:1|7:2|7:5,1420
148,1876,0.9029152768512342,1.0,1.0,0.0,1.0,35,death,0,1,monster,0,23,19,0:0|1:0|1:1|2:0|2:1|3:1|4:1|5:1|6:1|6:2|6:3|7:0|7:1|7:2|7:3|7:4|8:0|8:1|8:2,1421
149,1877,0.9022548365577051,0.0,0.0,0.0,0.0,150,death,0,1,monster,0,44,43,0:0|0:1|0:3|1:0|1:1|1:2|1:3|1:4|1:5|2:0|2:1|2:2|2:3|2:4|2:5|3:1|3:4|4:0|4:1|5:0|5:1|5:2|5:3|6:0|6:1|6:2|6:3|6:4|7:3|7:4|7:5|7:7|8:1|8:2|8:3|8:4|8:5|8:6|8:7|9:2|9:3|9:4|9:5,1424
150,1878,0.9015943962641761,3.0,3.0,0.0,3.0,131,victory,1,0,,0,73,65,0:0|1:0|1:2|1:3|1:4|1:5|1:6|1:7|1:8|2:0|2:2|2:3|2:4|2:5|2:6|2:7|2:8|3:0|3:1|3:2|3:6|3:7|3:8|4:1|4:2|4:5|4:6|4:8|5:0|5:1|5:4|5:5|5:6|5:8|5:9|6:0|6:1|6:2|6:3|6:6|6:7|6:8|6:9|7:1|7:2|7:3|7:5|7:6|7:8|7:9|8:0|8:1|8:4|8:5|8:6|8:7|8:8|9:0|9:1|9:2|9:3|9:4|9:5|9:6|9:7,1430
151,1879,0.9009339559706471,1.0,1.0,0.0,1.0,171,death,0,1,monster,0,64,50,0:0|0:1|0:2|0:3|0:4|0:6|1:0|1:1|1:2|1:3|1:4|1:5|1:6|2:0|2:1|2:2|2:3|2:4|2:5|2:6|3:0|3:1|3:2|3:4|3:5|3:6|4:0|4:1|4:2|4:6|5:0|5:1|5:2|5:6|6:0|6:1|6:2|6:5|6:6|7:0|7:1|7:2|7:3|7:4|7:5|8:3|8:4|8:5|9:4|9:5,1433
152,1880,0.9002735156771181,1.0,1.0,0.0,1.0,68,death,0,1,monster,0,34,33,0:0|0:1|1:1|2:1|3:1|4:1|4:2|5:1|5:2|5:9|6:1|6:2|6:3|6:7|6:9|7:2|7:3|7:4|7:7|7:8|7:9|8:1|8:2|8:3|8:4|8:5|8:6|8:7|9:1|9:2|9:3|9:4|9:5,1435
153,1881,0.899613075383589,1.0,1.0,0.0,1.0,178,death,0,1,monster,0,53,31,0:0|0:1|1:0|1:1|1:2|1:3|2:0|2:1|2:2|2:3|3:0|3:1|3:2|4:0|4:1|4:2|5:0|5:1|5:2|6:0|6:1|6:2|7:0|7:1|7:2|8:0|8:1|8:2|9:0|9:1|9:2,1438
154,1882,0.8989526350900601,1.0,1.0,0.0,1.0,81,death,0,1,monster,0,32,24,0:0|0:1|1:0|1:1|1:2|2:0|2:1|2:2|3:0|3:1|3:2|4:0|4:1|4:2|5:0|5:1|5:2|6:1|6:2|6:3|7:1|7:2|8:1|8:2,1444
155,1883,0.898292194796531,2.0,2.0,0.0,2.0,183,death,0,1,monster,0,90,65,0:0|0:1|0:2|0:3|0:4|0:5|0:6|0:7|1:1|1:2|1:3|1:4|1:5|1:6|1:7|2:0|2:1|2:2|2:3|2:4|2:5|2:6|2:7|2:8|3:0|3:1|3:2|3:4|3:5|3:6|3:8|4:0|4:1|4:2|4:4|4:5|4:6|4:7|4:8|4:9|5:0|5:1|5:2|5:6|6:0|6:1|6:2|6:3|6:4|6:5|6:6|7:0|7:1|7:2|7:3|7:4|7:5|7:6|8:0|8:1|8:2|8:3|9:0|9:1|9:2,1449
156,1884,0.897631754503002,1.0,1.0,0.0,1.0,55,death,0,1,monster,0,37,26,0:0|1:0|1:1|2:0|2:1|2:2|3:0|3:1|3:2|4:1|4:2|5:1|5:2|5:3|6:1|6:2|6:3|6:4|7:2|7:3|7:4|8:2|8:3|8:4|9:3|9:4,1457
157,1885,0.896971314209473,0.0,0.0,0.0,0.0,81,death,0,1,monster,0,47,39,0:0|0:1|0:2|0:3|1:0|1:1|1:2|1:3|1:4|2:0|2:1|2:2|2:4|2:5|2:6|3:2|3:4|3:5|3:6|3:7|4:7|4:8|4:9|5:7|5:8|5:9|6:3|6:4|6:5|6:6|6:7|7:3|7:4|7:5|8:3|8:4|8:5|9:4|9:5,1461
158,1886,0.896310873915944,1.0,1.0,0.0,1.0,59,death,0,1,monster,0,32,28,0:0|1:0|1:1|2:1|3:1|4:1|5:1|5:2|5:3|6:1|6:2|6:3|6:5|6:6|6:7|7:0|7:1|7:2|7:3|7:4|7:5|7:6|8:1|8:2|8:3|8:4|8:5|8:6,1462
159,1887,0.8956504336224149,1.0,1.0,0.0,1.0,41,death,0,1,monster,0,31,26,0:0|0:1|0:2|0:3|0:4|0:5|0:6|0:7|1:0|1:1|1:2|1:3|1:4|2:1|2:2|2:3|2:4|2:5|2:6|2:7|3:1|3:2|3:4|3:5|3:6|3:7,1469
160,1888,0.894989993328886,1.0,1.0,0.0,1.0,119,death,0,1,monster,0,48,35,0:0|0:1|0:2|1:0|1:1|1:2|2:1|2:2|3:0|3:1|3:2|4:1|4:2|5:0|5:1|5:2|6:0|6:1|6:2|6:3|6:4|7:0|7:1|7:2|7:3|7:4|8:0|8:1|8:2|8:3|8:4|9:2|9:3|9:4|9:5,1478
161,1889,0.8943295530353569,1.0,1.0,0.0,1.0,63,death,0,1,monster,0,32,24,0:0|0:1|0:4|0:5|0:6|0:7|1:1|1:3|1:4|1:5|1:6|1:7|1:8|2:1|2:2|2:3|2:6|2:7|2:8|3:6|3:7|3:8|3:9|4:7,1478
162,1890,0.8936691127418279,3.0,3.0,0.0,3.0,189,victory,1,0,,0,77,57,0:0|0:1|0:2|0:3|0:5|0:6|1:0|1:3|1:4|1:5|1:6|1:7|1:8|2:0|2:3|2:4|2:5|2:6|2:7|2:8|3:0|3:4|3:5|3:6|3:7|3:8|4:4|4:5|4:6|4:7|5:4|5:5|5:6|6:0|6:1|6:2|6:3|6:4|6:5|6:6|7:0|7:1|7:2|7:3|7:4|7:6|7:7|8:0|8:1|8:2|8:3|8:4|8:6|8:7|8:8|9:0|9:1,1480
163,1891,0.8930086724482988,2.0,2.0,0.0,2.0,350,truncated,0,0,,1,127,76,0:0|0:1|0:2|0:5|0:6|0:7|0:8|1:0|1:1|1:2|1:3|1:4|1:5|1:6|1:7|2:0|2:1|2:2|2:3|2:4|2:5|2:6|2:7|2:8|3:0|3:1|3:2|3:4|3:5|3:6|3:8|3:9|4:0|4:1|4:2|4:4|4:5|4:8|4:9|5:0|5:1|5:2|5:3|5:4|5:5|5:8|6:0|6:1|6:2|6:3|6:4|6:7|6:8|7:1|7:2|7:3|7:4|7:5|7:6|7:7|7:8|7:9|8:2|8:3|8:4|8:5|8:6|8:7|9:1|9:2|9:3|9:4|9:5|9:6|9:7|9:8,1481
164,1892,0.8923482321547699,0.0,0.0,0.0,0.0,35,death,0,1,monster,0,18,17,0:0|0:3|0:4|0:7|0:8|1:0|1:1|1:2|1:3|1:4|1:6|1:7|2:3|2:4|2:5|2:6|3:4,1483
165,1893,0.8916877918612408,0.0,0.0,0.0,0.0,98,death,0,1,monster,0,31,29,0:0|0:1|0:2|0:3|0:4|0:5|1:0|1:1|1:2|1:3|1:4|1:5|1:6|2:0|2:1|2:2|2:3|2:4|2:5|2:6|3:0|3:1|3:2|4:0|4:1|4:2|5:2|6:2|6:3,1487
166,1894,0.8910273515677118,1.0,1.0,0.0,1.0,112,death,0,1,monster,0,54,39,0:0|0:1|0:2|0:3|0:4|1:0|1:1|1:2|1:3|1:4|2:1|2:4|2:5|2:6|2:7|3:4|3:5|3:6|3:7|3:8|4:4|4:5|4:6|4:7|4:8|4:9|5:5|5:6|5:7|5:8|5:9|6:5|6:6|6:7|6:8|6:9|7:6|7:7|7:8,1497
167,1895,0.8903669112741828,1.0,1.0,0.0,1.0,165,death,0,1,monster,0,73,55,0:0|0:1|0:4|0:5|0:6|0:7|0:8|0:9|1:1|1:2|1:3|1:4|1:5|1:6|1:7|1:8|1:9|2:1|2:2|2:5|2:6|2:7|2:9|3:5|3:6|3:7|3:8|3:9|4:5|4:6|4:7|4:8|4:9|5:5|5:7|5:8|5:9|6:5|6:7|6:8|6:9|7:5|7:6|7:7|7:8|7:9|8:5|8:6|8:7|8:8|8:9|9:6|9:7|9:8|9:9,1515
168,1896,0.8897064709806538,0.0,0.0,0.0,0.0,53,death,0,1,monster,0,26,24,0:0|0:5|0:6|1:0|1:1|1:3|1:4|1:5|2:0|2:1|2:2|2:3|2:4|2:5|2:6|3:0|3:1|3:2|3:5|4:0|4:1|4:2|4:5|5:2,1517
169,1897,0.8890460306871247,1.0,1.0,0.0,1.0,50,death,0,1,monster,0,30,27,0:0|0:1|0:2|0:5|0:6|0:7|0:8|0:9|1:2|1:3|1:4|1:5|1:6|1:7|1:8|1:9|2:2|2:3|2:4|2:7|2:8|2:9|3:7|3:8|3:9|4:6|4:7,1517
170,1898,0.8883855903935958,2.0,2.0,0.0,2.0,212,death,0,1,monster,0,80,62,0:0|0:1|0:2|1:0|1:1|1:2|1:3|2:0|2:1|2:2|2:3|2:5|2:6|2:7|3:0|3:1|3:2|3:5|3:6|3:7|4:0|4:1|4:2|4:4|4:5|4:6|4:7|4:8|5:0|5:1|5:2|5:3|5:4|5:7|6:0|6:1|6:2|6:3|6:6|6:7|6:9|7:0|7:1|7:2|7:3|7:4|7:5|7:6|7:7|7:8|7:9|8:0|8:1|8:2|8:3|8:4|8:5|8:6|8:7|9:0|9:1|9:2,1522
171,1899,0.8877251501000667,2.0,2.0,0.0,2.0,257,death,0,1,monster,0,95,62,0:0|0:1|0:2|0:3|0:4|0:5|1:0|1:1|1:2|1:3|1:4|1:5|2:0|2:1|2:2|2:3|2:4|2:5|2:6|3:0|3:1|3:4|3:5|4:0|4:1|4:4|4:5|4:6|5:0|5:1|5:2|5:3|5:4|5:5|5:6|5:7|6:1|6:2|6:3|6:4|6:5|6:6|6:7|6:8|7:1|7:2|7:3|7:4|7:5|7:6|7:7|7:8|8:2|8:3|8:4|8:5|8:6|8:7|8:8|9:4|9:5|9:6,1530
172,1900,0.8870647098065377,2.0,2.0,0.0,2.0,92,death,0,1,monster,0,59,37,0:0|0:1|0:2|0:6|1:2|1:5|1:6|1:7|2:0|2:1|2:2|2:3|2:4|2:5|2:6|2:7|3:0|3:1|3:2|3:4|3:5|3:6|4:1|4:2|4:4|4:5|4:6|5:1|5:4|6:1|6:2|6:3|6:4|7:2|7:3|7:4|8:3,1541
173,1901,0.8864042695130087,0.0,0.0,0.0,0.0,47,death,0,1,monster,0,22,18,0:0|0:1|0:2|0:3|0:5|0:6|0:7|0:8|0:9|1:3|1:4|1:5|1:6|1:7|1:8|1:9|2:6|2:8,1545
174,1902,0.8857438292194797,1.0,1.0,0.0,1.0,71,death,0,1,monster,0,31,30,0:0|1:0|2:0|2:1|3:0|3:1|4:1|5:0|5:1|5:4|6:0|6:1|6:2|6:4|7:0|7:2|7:4|8:0|8:1|8:2|8:3|8:4|9:0|9:1|9:2|9:3|9:4|9:5|9:6|9:7,1546
175,1903,0.8850833889259506,2.0,2.0,0.0,2.0,203,death,0,1,monster,0,102,64,0:0|0:1|0:3|0:4|0:5|0:6|0:7|1:0|1:1|1:2|1:3|1:4|1:5|1:6|1:7|2:1|2:2|2:3|2:4|2:5|2:6|2:7|3:4|3:5|3:6|3:7|4:4|4:5|4:6|4:7|4:8|5:0|5:1|5:2|5:4|5:5|5:6|5:8|6:0|6:1|6:2|6:5|6:6|6:7|6:8|7:0|7:1|7:2|7:3|7:4|7:5|7:6|8:1|8:2|8:3|8:4|8:5|8:6|8:7|9:1|9:2|9:3|9:4|9:5,1567
176,1904,0.8844229486324217,2.0,2.0,0.0,2.0,350,truncated,0,0,,1,62,54,0:0|0:2|0:3|0:4|0:5|0:6|0:7|0:8|0:9|1:0|1:1|1:2|1:3|1:4|1:5|1:6|1:7|1:8|1:9|2:1|2:2|2:3|2:4|2:5|2:6|2:7|2:8|2:9|3:4|3:5|3:6|3:7|3:8|3:9|4:4|4:5|4:6|4:7|4:8|5:0|5:1|5:2|5:3|5:4|6:0|6:1|6:2|6:3|7:0|7:1|7:2|8:0|8:1|8:2,1567
177,1905,0.8837625083388926,2.0,2.0,0.0,2.0,278,death,0,1,monster,0,101,58,0:0|0:1|0:2|0:3|0:4|0:5|0:6|0:7|0:8|1:0|1:1|1:2|1:3|1:4|1:5|1:6|1:7|1:8|1:9|2:0|2:1|2:2|2:3|2:4|2:5|2:6|2:7|2:8|2:9|3:0|3:1|3:2|3:4|3:6|3:7|3:9|4:0|4:1|4:2|4:4|4:5|4:6|5:0|5:1|5:2|5:3|5:4|5:5|6:0|6:1|6:2|6:3|6:4|6:5|7:0|7:1|7:2|8:0,1576
178,1906,0.8831020680453636,3.0,3.0,0.0,3.0,141,victory,1,0,,0,71,58,0:0|0:1|0:2|0:3|0:4|0:5|0:6|0:7|1:1|1:3|1:4|1:5|1:6|1:7|2:2|2:3|2:4|2:5|2:6|2:7|3:1|3:2|3:4|3:5|3:6|3:7|4:1|4:2|4:5|4:7|4:8|5:2|5:8|5:9|6:1|6:2|6:9|7:0|7:1|7:2|7:7|7:8|7:9|8:2|8:4|8:5|8:6|8:7|8:8|8:9|9:2|9:3|9:4|9:5|9:6|9:7|9:8|9:9,1583
179,1907,0.8824416277518345,2.0,2.0,0.0,2.0,184,death,0,1,monster,0,58,46,0:0|0:1|0:2|1:0|1:1|1:2|2:0|2:1|2:2|3:2|4:1|4:2|5:0|5:1|5:2|5:3|5:4|6:0|6:1|6:2|6:3|6:4|7:0|7:1|7:2|7:3|7:4|7:5|7:6|7:9|8:0|8:1|8:2|8:3|8:4|8:5|8:6|8:7|8:8|8:9|9:2|9:3|9:4|9:5|9:6|9:7,1590
180,1908,0.8817811874583056,3.0,3.0,0.0,3.0,159,victory,1,0,,0,76,63,0:0|0:1|0:5|0:6|0:7|0:8|0:9|1:0|1:1|1:2|1:4|1:5|1:6|1:7|1:8|1:9|2:0|2:1|2:2|2:3|2:4|2:5|2:6|2:7|2:8|3:1|3:2|3:5|3:7|3:8|4:1|4:2|4:4|4:5|5:0|5:1|5:2|5:3|5:4|5:5|5:6|6:0|6:1|6:4|6:5|6:6|6:7|6:8|6:9|7:1|7:2|7:3|7:4|7:5|7:6|7:7|7:8|7:9|8:5|8:6|8:7|8:8|9:7,1596
181,1909,0.8811207471647765,1.0,1.0,0.0,1.0,80,death,0,1,monster,0,55,46,0:0|0:1|0:2|1:1|1:2|1:3|1:4|2:0|2:1|2:2|2:3|2:4|3:1|3:2|3:4|3:5|4:1|4:2|4:4|4:5|4:6|4:7|5:1|5:4|5:5|5:6|5:7|6:2|6:3|6:4|6:5|6:6|6:7|6:8|6:9|7:1|7:2|7:3|7:4|7:5|7:6|7:7|7:8|7:9|8:5|8:6,1607
182,1910,0.8804603068712475,2.0,2.0,0.0,2.0,58,death,0,1,monster,0,36,33,0:0|0:1|1:0|1:1|2:0|3:0|4:0|5:0|5:1|5:2|6:2|6:3|6:8|7:2|7:3|7:4|7:5|7:6|7:7|7:8|7:9|8:3|8:4|8:5|8:6|8:7|8:8|8:9|9:3|9:4|9:5|9:6|9:7,1610
183,1911,0.8797998665777185,2.0,2.0,0.0,2.0,96,death,0,1,monster,0,57,41,0:0|0:1|0:3|0:4|0:6|0:7|1:1|1:2|1:3|1:4|1:5|1:6|1:7|1:8|2:2|2:3|2:5|2:6|2:7|2:8|2:9|3:4|3:5|4:5|5:3|5:4|5:5|6:3|6:4|6:5|6:6|7:5|7:6|7:7|7:8|8:5|8:6|8:7|8:8|9:5|9:6,1615
184,1912,0.8791394262841895,3.0,3.0,0.0,3.0,239,victory,1,0,,0,100,68,0:0|0:1|0:2|0:3|0:4|0:6|0:7|0:8|0:9|1:1|1:2|1:3|1:4|1:5|1:6|1:7|1:8|1:9|2:0|2:1|2:2|2:3|2:4|2:5|2:6|2:7|2:8|3:0|3:1|3:2|3:4|3:5|3:6|3:7|3:8|4:1|4:2|4:4|4:5|4:6|4:7|4:8|4:9|5:1|5:2|5:3|5:4|5:5|5:6|5:7|5:8|5:9|6:2|6:3|6:5|6:6|6:7|6:8|6:9|7:2|7:3|7:7|7:8|7:9|8:3|8:8|8:9|9:3,1624
185,1913,0.8784789859906604,1.0,1.0,0.0,1.0,211,death,0,1,monster,0,65,55,0:0|0:1|0:2|0:5|0:6|0:7|1:0|1:1|1:2|1:3|1:4|1:5|1:6|1:7|1:8|2:0|2:1|2:2|2:3|2:4|2:5|2:6|2:8|3:0|3:1|3:2|3:4|3:8|3:9|4:0|4:1|4:2|4:4|4:5|4:6|4:8|5:2|5:3|5:4|5:5|5:8|5:9|6:8|6:9|7:7|7:8|7:9|8:7|8:8|8:9|9:4|9:5|9:6|9:7|9:9,1627
186,1914,0.8778185456971315,0.0,0.0,0.0,0.0,35,death,0,1,monster,0,20,15,0:0|1:0|1:1|2:0|2:1|3:0|3:1|3:2|4:0|4:1|4:2|5:0|5:1|5:2|6:1,1630
187,1915,0.8771581054036024,2.0,2.0,0.0,2.0,350,truncated,0,0,,1,98,74,0:0|0:1|1:0|1:1|1:2|1:6|2:0|2:1|2:2|2:3|2:4|2:5|2:6|3:0|3:1|3:2|3:4|3:5|3:6|4:0|4:1|4:2|4:4|4:5|4:6|4:7|4:8|4:9|5:0|5:1|5:2|5:3|5:4|5:5|5:6|5:7|5:8|5:9|6:0|6:1|6:2|6:3|6:4|6:5|6:6|6:7|6:8|6:9|7:0|7:1|7:2|7:3|7:4|7:5|7:6|7:7|7:8|7:9|8:2|8:3|8:4|8:5|8:6|8:7|8:8|8:9|9:2|9:3|9:4|9:5|9:6|9:7|9:8|9:9,1631
188,1916,0.8764976651100734,1.0,1.0,0.0,1.0,84,death,0,1,monster,0,34,27,0:0|0:1|1:1|2:0|2:1|3:0|3:1|3:2|4:0|4:1|4:2|5:0|5:1|5:2|6:2|6:3|6:4|7:2|7:3|7:4|8:2|8:3|8:4|9:1|9:2|9:3|9:4,1631
189,1917,0.8758372248165444,2.0,2.0,0.0,2.0,90,death,0,1,monster,0,57,54,0:0|1:0|1:1|1:4|2:0|2:1|2:4|2:5|2:8|3:0|3:5|3:6|3:7|3:8|4:0|4:6|4:7|4:8|5:0|5:1|5:6|5:8|6:0|6:1|6:2|6:3|6:4|6:5|6:6|6:8|6:9|7:0|7:1|7:2|7:3|7:6|7:7|7:8|7:9|8:2|8:3|8:4|8:5|8:6|8:7|8:8|8:9|9:3|9:4|9:5|9:6|9:7|9:8|9:9,1635
190,1918,0.8751767845230154,3.0,3.0,0.0,3.0,147,victory,1,0,,0,57,40,0:0|0:1|0:2|0:3|0:4|1:0|1:1|1:2|1:3|1:4|1:5|2:0|2:1|2:2|2:4|2:5|2:6|2:7|3:0|3:1|3:4|3:5|3:7|3:8|3:9|4:0|4:8|5:0|5:1|5:8|6:0|6:1|6:7|6:8|7:0|7:1|7:2|7:7|7:8|8:8,1637
191,1919,0.8745163442294863,2.0,2.0,0.0,2.0,350,truncated,0,0,,1,104,76,0:0|0:1|0:2|0:3|0:7|0:8|0:9|1:0|1:1|1:2|1:3|1:7|1:8|1:9|2:0|2:1|2:2|2:3|2:4|2:5|2:6|2:7|2:8|2:9|3:0|3:1|3:2|3:4|3:5|3:6|3:7|3:8|3:9|4:0|4:1|4:2|4:4|4:5|4:6|4:7|4:8|4:9|5:0|5:1|5:2|5:3|5:4|5:5|5:6|5:7|5:8|5:9|6:1|6:2|6:3|6:4|6:5|6:6|6:8|6:9|7:1|7:2|7:3|7:4|7:5|7:6|8:1|8:2|8:3|8:4|8:5|9:1|9:2|9:3|9:4|9:5,1643
192,1920,0.8738559039359572,1.0,1.0,0.0,1.0,60,death,0,1,monster,0,28,25,0:0|1:0|1:1|2:0|2:1|3:0|3:1|4:0|4:1|5:0|5:1|6:0|6:1|6:2|6:3|7:0|7:1|7:2|7:3|8:0|8:1|8:2|8:3|9:1|9:2,1644
193,1921,0.8731954636424283,2.0,2.0,0.0,2.0,310,death,0,1,monster,0,99,70,0:0|0:1|1:1|2:1|2:8|2:9|3:0|3:1|3:2|3:5|3:6|3:7|3:8|3:9|4:0|4:1|4:2|4:5|4:6|4:7|4:9|5:0|5:1|5:2|5:3|5:4|5:5|5:6|5:7|5:8|5:9|6:0|6:1|6:2|6:3|6:4|6:5|6:6|6:7|6:8|6:9|7:0|7:1|7:2|7:3|7:4|7:5|7:6|7:7|7:8|7:9|8:0|8:1|8:2|8:3|8:4|8:5|8:6|8:7|8:8|8:9|9:0|9:1|9:2|9:3|9:4|9:5|9:6|9:7|9:8,1649
194,1922,0.8725350233488993,1.0,1.0,0.0,1.0,31,death,0,1,monster,0,26,24,0:0|0:1|1:1|2:0|2:1|3:0|4:0|4:1|5:0|5:1|6:1|7:1|7:2|7:5|8:2|8:4|8:5|8:6|8:7|9:2|9:3|9:4|9:5|9:6,1652
195,1923,0.8718745830553702,3.0,3.0,0.0,3.0,131,victory,1,0,,0,58,48,0:0|1:0|2:0|2:1|2:7|2:8|2:9|3:0|3:1|3:8|3:9|4:0|4:1|4:2|4:9|5:0|5:1|5:2|5:9|6:0|6:1|6:2|6:4|6:5|6:9|7:1|7:2|7:3|7:4|7:5|7:6|7:7|7:8|7:9|8:3|8:4|8:5|8:6|8:7|8:8|8:9|9:3|9:4|9:5|9:6|9:7|9:8|9:9,1652
196,1924,0.8712141427618412,2.0,2.0,0.0,2.0,350,truncated,0,0,,1,98,76,0:0|0:1|0:2|0:3|0:4|0:5|0:6|0:7|0:8|0:9|1:0|1:1|1:2|1:3|1:4|1:5|1:6|1:7|1:8|1:9|2:0|2:1|2:2|2:3|2:4|2:5|2:6|2:7|2:8|2:9|3:1|3:2|3:4|3:5|3:6|3:7|3:8|3:9|4:1|4:2|4:4|4:5|5:1|5:3|5:4|5:5|5:6|6:0|6:1|6:2|6:3|6:4|6:5|6:6|6:7|7:0|7:1|7:2|7:3|7:4|7:5|7:6|8:0|8:1|8:2|8:3|8:4|8:5|8:6|9:0|9:1|9:2|9:3|9:4|9:5|9:6,1657
197,1925,0.8705537024683122,2.0,2.0,0.0,2.0,231,death,0,1,monster,0,75,58,0:0|0:1|0:2|1:0|1:1|1:2|2:0|2:1|2:2|2:6|3:0|3:1|3:2|3:6|3:7|3:8|4:1|4:2|4:4|4:5|4:6|5:0|5:1|5:2|5:4|5:5|5:6|5:7|5:8|5:9|6:0|6:1|6:2|6:3|6:4|6:5|6:6|6:7|6:8|6:9|7:2|7:3|7:4|7:5|7:7|8:3|8:4|8:5|8:6|8:7|8:8|8:9|9:3|9:4|9:5|9:6|9:7|9:8,1662
198,1926,0.8698932621747832,1.0,1.0,0.0,1.0,102,death,0,1,monster,0,44,36,0:0|0:1|0:2|0:3|0:4|0:6|1:0|1:1|1:2|1:3|1:4|1:5|1:6|2:0|2:3|2:4|3:0|3:4|4:0|4:4|4:5|5:0|5:1|5:2|5:3|5:4|6:0|6:1|6:2|6:3|6:4|7:1|7:2|7:3|7:4|8:3,1664
199,1927,0.8692328218812542,1.0,1.0,0.0,1.0,23,death,0,1,monster,0,18,18,0:0|1:0|1:1|1:2|1:4|1:5|1:7|2:2|2:3|2:4|2:5|2:6|2:7|2:8|3:5|3:6|3:7|3:8,1665
200,1928,0.8685723815877251,0.0,0.0,0.0,0.0,71,death,0,1,monster,0,22,22,0:0|0:1|0:2|0:3|0:4|0:5|1:0|1:1|1:2|1:3|2:0|2:1|3:0|3:1|4:0|4:1|4:2|5:0|5:2|6:0|6:1|6:2,1666
201,1929,0.8679119412941961,2.0,2.0,0.0,2.0,207,death,0,1,monster,0,68,44,0:0|1:0|2:0|3:0|4:0|5:0|5:1|5:6|5:7|5:8|5:9|6:1|6:4|6:5|6:6|6:8|7:0|7:1|7:2|7:4|7:5|7:6|7:7|7:8|8:0|8:1|8:2|8:3|8:4|8:5|8:6|8:7|8:8|8:9|9:0|9:1|9:2|9:3|9:4|9:5|9:6|9:7|9:8|9:9,1669
202,1930,0.8672515010006672,2.0,2.0,0.0,2.0,201,death,0,1,monster,0,56,43,0:0|0:1|0:2|0:3|1:0|1:1|1:2|2:1|2:2|3:1|3:2|4:0|4:1|4:2|5:0|5:1|5:2|5:3|5:4|6:0|6:1|6:2|6:3|7:1|7:2|7:3|7:4|7:5|7:6|8:1|8:2|8:3|8:4|8:5|8:6|8:8|9:3|9:4|9:5|9:6|9:7|9:8|9:9,1672
203,1931,0.8665910607071381,3.0,3.0,0.0,3.0,267,victory,1,0,,0,110,76,0:0|0:1|0:2|0:3|0:4|0:5|0:6|0:7|0:8|0:9|1:0|1:1|1:2|1:3|1:4|1:5|1:6|1:7|1:8|1:9|2:0|2:1|2:2|2:3|2:4|2:5|2:6|2:7|2:8|2:9|3:1|3:2|3:4|3:5|3:7|3:8|3:9|4:0|4:1|4:4|4:5|4:7|4:8|4:9|5:0|5:1|5:2|5:3|5:4|5:5|5:7|5:9|6:0|6:1|6:2|6:3|6:4|6:5|6:7|6:8|6:9|7:1|7:2|7:3|7:4|7:5|7:6|7:7|7:8|8:0|8:1|8:2|8:3|8:8|9:2|9:3,1680
204,1932,0.865930620413609,2.0,2.0,0.0,2.0,262,death,0,1,monster,0,92,62,0:0|0:1|0:2|0:3|0:4|0:5|0:6|1:0|1:1|1:2|1:3|1:4|1:5|1:6|2:0|2:1|2:2|2:3|2:4|2:5|2:6|2:7|3:0|3:1|3:2|3:4|3:5|3:6|4:0|4:1|4:2|4:4|5:0|5:1|5:2|5:3|5:4|6:0|6:1|6:2|6:3|6:4|6:5|6:6|7:1|7:2|7:3|7:6|7:7|8:1|8:2|8:3|8:6|8:7|9:0|9:1|9:2|9:3|9:4|9:5|9:6|9:7,1686
205,1933,0.8652701801200801,0.0,0.0,0.0,0.0,45,death,0,1,monster,0,20,20,0:0|0:1|0:3|1:0|1:1|1:2|1:3|2:0|2:1|2:2|3:0|3:1|3:2|4:0|4:1|4:2|5:1|6:0|6:1|7:1,1688
206,1934,0.8646097398265511,1.0,1.0,0.0,1.0,98,death,0,1,monster,0,38,37,0:0|0:1|0:2|0:3|0:4|0:5|0:6|0:7|0:8|0:9|1:0|1:2|1:3|1:4|1:5|1:6|1:7|1:8|1:9|2:0|2:1|2:2|2:3|2:5|2:6|2:7|2:9|3:4|3:5|3:6|3:7|4:4|4:5|4:6|5:5|6:5|6:6,1689
207,1935,0.863949299533022,2.0,2.0,0.0,2.0,190,death,0,1,monster,0,83,52,0:0|0:1|0:2|0:3|1:0|1:1|1:2|1:3|1:4|1:5|2:0|2:1|2:2|2:3|2:4|2:5|3:0|3:1|3:2|4:0|4:1|4:2|5:0|5:1|5:2|5:3|5:4|6:1|6:2|6:3|6:4|6:5|7:2|7:3|7:4|7:5|7:6|7:7|7:8|7:9|8:2|8:3|8:4|8:5|8:6|8:7|8:8|8:9|9:3|9:4|9:8|9:9,1698
208,1936,0.863288859239493,3.0,3.0,0.0,3.0,282,victory,1,0,,0,94,69,0:0|0:1|0:2|0:3|0:4|0:5|0:6|0:7|1:0|1:1|1:2|1:3|1:4|1:5|1:6|1:7|1:8|2:0|2:1|2:2|2:3|2:4|2:5|2:6|2:7|3:0|3:1|3:2|3:4|3:5|4:0|4:1|4:2|4:5|5:0|5:1|5:2|5:3|6:0|6:1|6:2|6:3|6:4|6:5|6:6|6:7|7:0|7:1|7:2|7:3|7:5|7:6|7:7|7:8|8:0|8:1|8:2|8:3|8:4|8:5|8:6|8:7|8:8|9:0|9:1|9:2|9:5|9:6|9:7,1698
209,1937,0.862628418945964,1.0,1.0,0.0,1.0,75,death,0,1,monster,0,33,30,0:0|1:0|1:1|1:2|2:0|2:1|2:2|3:2|4:1|4:2|5:1|5:2|5:3|5:4|5:5|6:1|6:4|6:5|6:6|6:7|7:5|7:6|7:7|7:8|8:7|8:8|8:9|9:7|9:8|9:9,1699
210,1938,0.861967978652435,2.0,2.0,0.0,2.0,161,death,0,1,monster,0,78,58,0:0|0:1|0:2|0:3|0:4|1:1|1:2|1:3|1:4|1:5|1:6|1:7|2:1|2:2|2:3|2:4|3:2|3:4|3:5|4:0|4:1|4:2|4:4|5:0|5:1|5:2|5:3|5:4|6:0|6:1|6:2|6:3|6:4|6:5|6:6|6:7|6:8|7:1|7:2|7:3|7:4|7:5|7:6|7:7|8:0|8:1|8:2|8:3|8:4|8:5|8:6|8:7|8:8|9:1|9:2|9:3|9:4|9:7,1701
211,1939,0.8613075383589059,1.0,1.0,0.0,1.0,94,death,0,1,monster,0,45,36,0:0|0:1|0:2|0:3|1:1|1:2|1:3|2:0|2:1|2:2|2:3|3:0|3:1|3:2|3:5|3:6|4:0|4:1|4:2|4:5|4:6|4:7|5:0|5:1|5:2|5:4|5:5|5:6|5:7|6:0|6:1|6:2|6:3|6:4|7:1|7:2,1707
212,1940,0.8606470980653769,3.0,3.0,0.0,3.0,191,victory,1,0,,0,70,58,0:0|0:1|1:0|1:1|1:2|2:0|2:7|3:0|3:1|3:4|3:6|3:7|4:1|4:4|4:5|4:6|4:7|4:8|4:9|5:0|5:1|5:4|5:5|5:6|5:7|5:8|6:0|6:1|6:2|6:4|6:5|6:6|6:7|6:8|7:2|7:3|7:4|7:5|7:6|7:7|8:0|8:1|8:2|8:3|8:4|8:5|8:6|8:7|8:8|8:9|9:1|9:2|9:3|9:4|9:5|9:6|9:8|9:9,1710
213,1941,0.8599866577718479,3.0,3.0,0.0,3.0,165,victory,1,0,,0,73,60,0:0|0:2|0:3|1:0|1:1|1:2|1:3|1:4|2:0|2:1|2:2|2:3|2:4|2:7|3:0|3:1|3:2|3:6|3:7|3:8|4:0|4:1|4:2|4:5|4:6|4:7|4:8|5:0|5:1|5:2|5:3|5:4|5:5|5:6|5:7|5:8|6:1|6:2|6:3|6:4|6:5|6:6|6:7|6:8|7:2|7:3|7:5|7:6|7:7|7:8|8:3|8:4|8:5|8:6|8:7|8:8|9:6|9:7|9:8|9:9,1713
214,1942,0.8593262174783189,3.0,3.0,0.0,3.0,121,victory,1,0,,0,63,47,0:0|1:0|2:0|2:7|3:0|3:7|3:8|4:0|4:2|4:7|4:8|4:9|5:0|5:1|5:2|5:3|5:4|5:5|5:6|5:7|5:8|5:9|6:2|6:3|6:4|6:5|6:6|6:7|6:8|7:1|7:2|7:3|7:4|7:5|7:7|7:8|8:2|8:3|8:4|8:5|8:6|8:7|8:8|9:5|9:6|9:7|9:8,1713
215,1943,0.8586657771847899,3.0,3.0,0.0,3.0,299,victory,1,0,,0,101,78,0:0|0:1|0:2|0:3|0:4|0:5|0:6|0:7|1:0|1:1|1:2|1:3|1:4|1:5|1:7|2:0|2:1|2:2|2:3|2:4|2:5|2:7|3:0|3:1|3:2|3:5|3:6|4:0|4:1|4:2|4:4|4:5|4:6|4:7|4:8|4:9|5:0|5:1|5:2|5:3|5:4|5:5|5:6|5:7|5:8|6:0|6:1|6:2|6:3|6:4|6:5|6:6|6:7|6:8|7:0|7:1|7:2|7:4|7:5|7:6|7:7|7:8|8:1|8:2|8:4|8:5|8:6|8:7|8:8|8:9|9:2|9:3|9:4|9:5|9:6|9:7|9:8|9:9,1720
216,1944,0.8580053368912608,0.0,0.0,0.0,0.0,24,death,0,1,monster,0,18,18,0:0|1:0|2:0|3:0|3:1|4:1|5:1|6:0|6:1|6:3|7:0|7:1|7:3|8:0|8:1|8:2|8:3|9:0,1723
217,1945,0.8573448965977318,0.0,0.0,0.0,0.0,43,death,0,1,monster,0,22,21,0:0|1:0|1:1|1:2|1:3|2:0|2:1|2:2|2:3|2:4|3:0|3:1|3:2|4:1|4:2|5:1|5:2|5:3|5:4|6:2|6:3,1725
218,1946,0.8566844563042028,0.0,0.0,0.0,0.0,32,death,0,1,monster,0,19,17,0:0|0:5|0:6|0:7|1:0|1:1|1:4|1:5|1:6|1:7|2:1|2:2|2:3|2:4|2:5|2:6|2:7,1725
219,1947,0.8560240160106738,1.0,1.0,0.0,1.0,102,death,0,1,monster,0,51,43,0:0|0:1|0:2|0:3|0:4|0:5|0:6|0:7|0:8|0:9|1:1|1:2|1:3|1:4|1:5|1:6|1:7|1:8|1:9|2:1|2:2|2:4|2:5|2:6|2:7|2:8|3:4|3:5|3:6|3:7|3:8|3:9|4:6|4:7|4:8|4:9|5:8|5:9|6:8|6:9|7:7|7:8|7:9,1730
220,1948,0.8553635757171447,3.0,3.0,0.0,3.0,336,victory,1,0,,0,129,82,0:0|0:1|0:2|0:3|0:4|0:6|0:7|0:8|0:9|1:0|1:1|1:2|1:3|1:4|1:5|1:6|1:7|1:8|1:9|2:0|2:1|2:2|2:3|2:4|2:5|2:6|2:7|2:8|2:9|3:1|3:2|3:4|3:5|3:6|3:7|3:8|3:9|4:2|4:5|4:6|4:7|4:8|4:9|5:1|5:2|5:3|5:5|5:6|5:7|5:8|5:9|6:0|6:1|6:2|6:3|6:7|6:8|6:9|7:0|7:2|7:3|7:4|7:6|7:7|7:8|7:9|8:0|8:1|8:4|8:5|8:6|8:7|8:8|8:9|9:1|9:2|9:3|9:4|9:6|9:7|9:8|9:9,1744
221,1949,0.8547031354236158,0.0,0.0,0.0,0.0,57,death,0,1,monster,0,21,19,0:0|0:1|0:2|0:3|0:4|0:5|1:0|1:1|1:2|1:3|1:4|1:5|2:1|2:2|2:3|2:4|3:4|3:5|3:6,1745
222,1950,0.8540426951300868,3.0,3.0,0.0,3.0,181,victory,1,0,,0,65,51,0:0|1:0|2:0|2:7|3:0|3:5|3:6|3:7|4:0|4:6|4:7|5:0|5:1|5:2|5:6|5:7|5:8|5:9|6:2|6:3|6:4|6:6|6:7|6:8|6:9|7:1|7:2|7:3|7:4|7:6|7:7|7:8|7:9|8:1|8:2|8:3|8:4|8:5|8:6|8:7|8:8|8:9|9:0|9:1|9:2|9:3|9:5|9:6|9:7|9:8|9:9,1750
223,1951,0.8533822548365577,1.0,1.0,0.0,1.0,95,death,0,1,monster,0,38,30,0:0|0:2|0:3|0:4|1:0|1:1|1:2|1:3|1:4|1:5|1:6|2:1|2:2|2:5|2:6|3:0|3:1|3:2|4:0|4:1|4:2|5:0|5:1|5:2|5:3|6:2|6:3|7:2|7:3|8:2,1753
224,1952,0.8527218145430286,1.0,1.0,0.0,1.0,64,death,0,1,monster,0,23,23,0:0|0:1|0:2|0:3|1:0|1:3|2:0|2:1|2:2|2:3|3:0|3:1|3:2|4:0|4:1|4:2|5:0|5:1|5:2|6:0|6:1|6:2|7:2,1753
225,1953,0.8520613742494997,1.0,1.0,0.0,1.0,90,death,0,1,monster,0,41,36,0:0|0:1|0:2|1:0|1:1|1:2|1:3|1:4|2:0|2:1|2:2|2:3|2:4|3:0|3:1|3:2|3:4|4:0|4:1|4:2|5:0|5:1|5:2|5:3|6:2|6:4|6:5|6:6|7:2|7:3|7:4|7:5|7:6|8:4|8:6|8:7,1757
226,1954,0.8514009339559706,2.0,2.0,0.0,2.0,33,death,0,1,monster,0,25,24,0:0|0:1|0:2|1:1|1:2|2:1|2:6|2:7|2:8|3:1|3:2|3:4|3:5|3:6|4:2|4:4|4:5|5:2|5:4|6:2|6:4|7:2|7:3|7:4,1759
227,1955,0.8507404936624416,3.0,3.0,0.0,3.0,151,victory,1,0,,0,78,66,0:0|1:0|1:1|2:0|2:1|2:2|2:3|2:4|2:5|2:6|2:7|2:8|2:9|3:0|3:1|3:2|3:4|3:5|3:6|3:7|3:8|3:9|4:0|4:1|4:4|4:5|4:6|4:7|4:8|5:0|5:1|5:2|5:3|5:4|5:5|5:6|5:7|5:8|5:9|6:1|6:2|6:3|6:4|6:6|6:7|6:8|6:9|7:1|7:2|7:3|7:4|7:6|7:7|7:8|7:9|8:3|8:4|8:5|8:6|8:7|8:8|8:9|9:4|9:5|9:8|9:9,1766
228,1956,0.8500800533689126,2.0,2.0,0.0,2.0,350,truncated,0,0,,1,118,68,0:0|0:1|0:2|0:3|0:5|0:6|0:7|0:8|0:9|1:0|1:1|1:2|1:3|1:4|1:5|1:6|1:7|1:8|1:9|2:0|2:1|2:2|2:3|2:4|2:5|2:6|2:7|2:8|2:9|3:0|3:1|3:2|3:4|3:5|3:6|3:7|3:8|3:9|4:0|4:1|4:4|4:5|4:6|4:7|4:8|4:9|5:4|5:5|5:6|5:7|5:8|5:9|6:5|6:6|6:7|6:8|6:9|7:6|7:7|7:8|7:9|8:6|8:7|8:8|8:9|9:7|9:8|9:9,1768
229,1957,0.8494196130753836,1.0,1.0,0.0,1.0,53,death,0,1,monster,0,38,33,0:0|0:1|0:2|0:4|0:5|0:6|1:2|1:3|1:4|1:5|1:6|1:7|2:1|2:2|3:1|3:2|4:1|4:2|5:1|5:2|6:2|7:2|7:6|7:7|8:2|8:3|8:4|8:5|8:6|8:7|9:4|9:6|9:7,1769
230,1958,0.8487591727818545,1.0,1.0,0.0,1.0,40,death,0,1,monster,0,27,22,0:0|1:0|2:0|2:1|3:0|3:1|4:0|4:1|5:0|6:0|6:1|6:2|7:0|7:1|7:2|7:3|7:4|8:1|8:2|8:3|8:4|9:3,1773
231,1959,0.8480987324883256,1.0,1.0,0.0,1.0,31,death,0,1,monster,0,26,22,0:0|0:1|0:2|1:2|1:3|1:6|1:7|2:3|2:4|2:5|2:6|2:7|3:4|3:5|3:7|4:4|4:5|4:7|5:4|5:5|5:6|5:7,1775
232,1960,0.8474382921947965,2.0,2.0,0.0,2.0,323,death,0,1,monster,0,115,76,0:0|0:1|0:2|0:3|0:4|0:5|0:6|0:7|0:8|0:9|1:0|1:1|1:2|1:3|1:4|1:5|1:6|1:7|1:8|1:9|2:0|2:1|2:2|2:3|2:4|2:5|2:6|2:7|2:8|2:9|3:0|3:1|3:2|3:4|3:5|3:6|3:7|3:8|3:9|4:0|4:1|4:2|4:4|4:5|4:6|4:7|4:8|4:9|5:0|5:2|5:3|5:4|5:5|6:0|6:1|6:2|6:3|6:4|6:5|6:6|7:2|7:4|7:6|7:7|7:8|8:1|8:2|8:3|8:5|8:6|8:7|9:1|9:2|9:3|9:4|9:5,1785
233,1961,0.8467778519012675,3.0,3.0,0.0,3.0,187,victory,1,0,,0,68,53,0:0|1:0|2:0|2:7|3:0|3:6|3:7|4:0|4:7|5:0|5:1|5:2|5:3|5:4|5:5|5:7|5:8|5:9|6:0|6:1|6:2|6:3|6:4|6:5|6:7|6:8|6:9|7:0|7:1|7:2|7:3|7:4|7:5|7:7|7:8|7:9|8:0|8:1|8:2|8:3|8:4|8:5|8:7|8:8|8:9|9:0|9:1|9:2|9:3|9:4|9:5|9:6|9:7,1791
234,1962,0.8461174116077386,1.0,1.0,0.0,1.0,137,death,0,1,monster,0,49,37,0:0|0:2|0:3|0:4|0:5|0:6|0:7|0:8|0:9|1:0|1:1|1:2|1:3|1:4|1:5|1:6|1:7|1:8|1:9|2:4|2:5|2:7|2:8|2:9|3:4|3:5|3:7|3:8|3:9|4:7|4:8|4:9|5:8|5:9|6:8|7:8|8:8,1793
235,1963,0.8454569713142095,2.0,2.0,0.0,2.0,275,death,0,1,monster,0,127,72,0:0|0:1|0:2|1:0|1:1|1:2|1:8|1:9|2:0|2:1|2:2|2:3|2:4|2:5|2:6|2:7|2:8|2:9|3:0|3:1|3:2|3:4|3:5|3:6|3:7|3:8|3:9|4:0|4:1|4:2|4:4|4:5|4:6|4:7|4:8|4:9|5:0|5:1|5:2|5:3|5:4|5:5|5:6|5:7|5:8|5:9|6:0|6:1|6:2|6:3|6:4|6:5|6:6|6:7|6:8|6:9|7:0|7:1|7:2|7:3|7:4|7:5|7:6|7:7|7:9|8:0|8:1|8:3|8:4|8:5|8:6|8:7,1813
236,1964,0.8447965310206804,3.0,3.0,0.0,3.0,86,victory,1,0,,0,58,44,0:0|1:0|1:1|1:2|2:1|2:2|2:7|3:1|3:2|3:7|3:8|4:0|4:1|4:6|4:7|4:8|5:0|5:1|5:6|5:7|6:0|6:1|6:2|6:6|6:7|6:8|6:9|7:2|7:3|7:5|7:6|7:7|7:8|8:3|8:4|8:5|8:6|8:7|8:8|9:5|9:6|9:7|9:8|9:9,1822
237,1965,0.8441360907271515,3.0,3.0,0.0,3.0,255,victory,1,0,,0,72,55,0:0|0:1|0:2|0:4|0:5|0:6|0:7|0:8|0:9|1:2|1:3|1:4|1:5|1:6|1:7|1:8|1:9|2:2|2:3|2:4|2:5|2:6|2:7|2:8|2:9|3:5|3:6|3:7|3:8|3:9|4:7|4:8|4:9|5:8|5:9|6:4|6:5|6:6|6:7|6:8|6:9|7:2|7:3|7:4|7:5|7:8|7:9|8:4|8:5|8:8|8:9|9:4|9:5|9:8|9:9,1822
238,1966,0.8434756504336224,2.0,2.0,0.0,2.0,350,truncated,0,0,,1,131,68,0:0|0:1|0:3|0:4|0:5|0:6|0:7|0:8|0:9|1:0|1:1|1:2|1:3|1:4|1:5|1:6|1:7|1:8|1:9|2:0|2:1|2:2|2:3|2:4|2:6|2:7|2:8|2:9|3:0|3:1|3:2|3:4|4:0|4:1|4:2|4:4|4:5|4:6|5:0|5:1|5:2|5:3|5:4|5:5|6:0|6:1|6:2|6:3|6:4|6:5|7:1|7:2|7:3|7:4|7:5|7:6|8:0|8:1|8:2|8:3|8:4|8:5|9:0|9:1|9:2|9:3|9:4|9:5,1832
239,1967,0.8428152101400934,2.0,2.0,0.0,2.0,82,death,0,1,monster,0,56,47,0:0|0:1|0:2|0:3|1:0|1:1|1:2|1:3|2:1|2:2|3:1|4:1|5:0|5:1|5:2|5:3|5:4|5:8|6:1|6:2|6:3|6:4|6:7|6:8|6:9|7:2|7:3|7:4|7:7|7:8|7:9|8:1|8:2|8:3|8:4|8:5|8:7|8:8|8:9|9:1|9:2|9:3|9:4|9:5|9:6|9:7|9:8,1838
240,1968,0.8421547698465643,1.0,1.0,0.0,1.0,40,death,0,1,monster,0,31,29,0:0|0:1|0:2|1:2|2:2|3:1|3:2|4:1|4:2|5:0|5:1|5:6|6:0|6:1|6:2|6:3|6:4|6:6|6:7|7:1|7:2|7:4|7:5|7:6|7:7|8:4|8:5|8:6|8:7,1841
241,1969,0.8414943295530354,2.0,2.0,0.0,2.0,116,death,0,1,monster,0,54,43,0:0|0:1|1:1|2:1|3:1|3:2|4:0|4:1|4:2|5:0|5:1|5:2|5:3|5:4|5:5|5:6|5:7|6:0|6:1|6:3|6:4|6:7|6:8|7:1|7:2|7:3|7:4|7:5|7:6|7:7|7:8|8:2|8:3|8:4|8:5|8:6|8:7|8:8|9:3|9:4|9:5|9:6|9:7,1848
242,1970,0.8408338892595064,3.0,3.0,0.0,3.0,170,victory,1,0,,0,66,64,0:0|0:1|1:0|1:1|1:2|1:3|1:4|1:5|1:8|1:9|2:0|2:1|2:2|2:3|2:4|2:7|2:8|2:9|3:0|3:1|3:2|3:4|3:5|3:7|3:8|3:9|4:0|4:1|4:2|4:4|4:5|4:7|4:8|4:9|5:0|5:1|5:2|5:5|5:6|5:8|5:9|6:1|6:2|6:3|6:4|6:5|6:6|6:7|6:8|6:9|7:0|7:1|7:2|7:4|7:5|7:6|7:8|7:9|8:4|8:5|8:6|8:7|8:8|8:9,1848
243,1971,0.8401734489659773,1.0,1.0,0.0,1.0,39,death,0,1,monster,0,21,20,0:0|1:0|1:1|1:4|1:5|1:6|1:7|2:0|2:1|2:2|2:3|2:4|2:5|2:6|2:7|3:0|3:5|3:6|3:7|4:7,1850
244,1972,0.8395130086724483,3.0,3.0,0.0,3.0,81,victory,1,0,,0,50,39,0:0|1:0|1:1|2:0|2:5|2:7|3:0|3:1|3:4|3:5|3:6|3:7|3:8|4:0|4:1|4:2|4:4|4:5|4:6|4:7|4:8|5:0|5:1|5:2|5:3|5:4|5:5|5:6|6:2|6:3|6:4|6:5|6:6|6:7|7:2|7:3|7:7|7:8|8:8,1852
245,1973,0.8388525683789193,2.0,2.0,0.0,2.0,113,death,0,1,monster,0,74,48,0:0|1:0|2:0|3:0|3:1|3:2|3:4|3:5|4:1|4:2|4:4|4:5|4:6|4:7|4:8|5:1|5:2|5:4|5:5|5:6|5:7|5:8|6:1|6:2|6:3|6:4|6:6|6:7|6:8|6:9|7:1|7:2|7:3|7:4|7:5|7:6|7:7|7:8|7:9|8:4|8:5|8:6|8:7|8:8|8:9|9:6|9:7|9:8,1869
246,1974,0.8381921280853902,2.0,2.0,0.0,2.0,350,truncated,0,0,,1,117,73,0:0|0:1|0:2|0:3|0:4|0:5|0:6|0:7|0:8|0:9|1:0|1:1|1:2|1:3|1:4|1:5|1:6|1:7|1:8|2:0|2:1|2:2|2:3|2:4|2:5|2:6|2:7|2:8|3:0|3:1|3:2|3:4|3:5|3:6|4:0|4:1|4:2|4:4|4:5|4:6|5:0|5:1|5:2|5:6|6:0|6:1|6:2|6:3|6:4|6:5|6:6|6:7|7:0|7:1|7:2|7:3|7:5|7:6|7:7|8:0|8:1|8:2|8:3|8:5|8:6|8:7|9:0|9:1|9:2|9:3|9:4|9:5|9:6,1872
247,1975,0.8375316877918613,2.0,2.0,0.0,2.0,243,death,0,1,monster,0,90,58,0:0|0:1|0:2|0:3|0:4|0:5|0:6|0:7|0:8|0:9|1:0|1:1|1:2|1:3|1:4|1:5|1:6|1:7|1:8|1:9|2:0|2:1|2:2|2:3|2:4|2:5|2:6|2:7|2:8|2:9|3:0|3:1|3:2|3:4|3:5|3:6|3:7|3:8|3:9|4:0|4:1|4:2|5:1|5:2|5:3|6:0|6:1|6:2|6:3|7:0|7:1|7:2|8:0|8:1|8:2|9:0|9:1|9:2,1884
248,1976,0.8368712474983322,2.0,2.0,0.0,2.0,78,death,0,1,monster,0,43,32,0:0|1:0|1:1|2:0|2:1|3:0|3:1|3:2|4:0|4:1|4:2|5:2|6:2|6:3|6:6|7:2|7:3|7:4|7:6|8:3|8:4|8:5|8:6|8:7|8:8|8:9|9:3|9:4|9:5|9:6|9:7|9:8,1891
249,1977,0.8362108072048032,0.0,0.0,0.0,0.0,14,death,0,1,monster,0,13,13,0:0|0:1|1:0|1:1|2:1|2:2|3:2|4:2|5:2|5:3|6:2|6:3|6:4,1891
250,1978,0.8355503669112742,1.0,1.0,0.0,1.0,62,death,0,1,monster,0,28,24,0:0|0:1|0:2|0:4|0:5|0:8|0:9|1:0|1:1|1:2|1:3|1:4|1:5|1:6|1:7|1:8|1:9|2:0|2:4|2:5|2:7|2:8|2:9|3:7,1893
251,1979,0.8348899266177452,2.0,2.0,0.0,2.0,280,death,0,1,monster,0,108,58,0:0|0:1|0:2|0:5|0:6|0:7|0:8|1:0|1:1|1:2|1:3|1:4|1:5|1:6|1:7|1:8|2:0|2:1|2:2|2:3|2:4|2:5|2:6|2:7|2:8|3:0|3:1|3:2|3:4|3:5|3:6|3:7|3:8|4:0|4:1|4:2|4:5|4:6|4:7|5:0|5:1|5:2|6:0|6:1|6:2|6:3|7:0|7:1|7:2|7:3|8:0|8:1|8:2|8:3|9:0|9:1|9:2|9:3,1895
252,1980,0.8342294863242161,3.0,3.0,0.0,3.0,177,victory,1,0,,0,91,66,0:0|0:1|0:6|0:7|0:8|1:1|1:2|1:3|1:5|1:6|1:7|1:8|1:9|2:1|2:3|2:4|2:5|2:6|2:7|2:8|2:9|3:7|3:8|3:9|4:4|4:5|4:6|4:7|4:8|4:9|5:3|5:4|5:6|5:8|5:9|6:2|6:3|6:7|6:8|6:9|7:2|7:3|7:5|7:6|7:7|7:8|7:9|8:1|8:2|8:3|8:4|8:5|8:6|8:7|8:8|8:9|9:0|9:1|9:2|9:3|9:4|9:5|9:6|9:7|9:8|9:9,1908
253,1981,0.8335690460306872,2.0,2.0,0.0,2.0,202,death,0,1,monster,0,63,57,0:0|0:8|0:9|1:0|1:8|1:9|2:0|2:8|2:9|3:0|3:7|3:8|3:9|4:0|4:1|4:2|4:7|4:8|5:0|5:1|5:2|5:3|5:7|5:8|5:9|6:1|6:2|6:3|6:7|6:8|6:9|7:1|7:2|7:3|7:4|7:5|7:7|7:8|7:9|8:0|8:1|8:2|8:3|8:5|8:6|8:7|8:8|8:9|9:1|9:2|9:3|9:4|9:5|9:6|9:7|9:8|9:9,1909
254,1982,0.8329086057371581,3.0,3.0,0.0,3.0,137,victory,1,0,,0,68,60,0:0|0:7|1:0|1:1|1:2|1:6|1:7|1:8|2:0|2:1|2:2|2:3|2:4|2:5|2:6|2:7|2:8|3:0|3:1|3:4|3:5|3:6|3:7|3:8|3:9|4:0|4:1|4:2|4:4|4:5|4:6|4:7|4:8|5:0|5:1|5:2|5:3|5:4|5:5|5:6|5:7|6:0|6:1|6:2|6:3|6:6|7:1|7:2|7:3|7:4|8:1|8:2|8:3|8:4|8:5|8:6|8:7|8:8|9:4|9:7,1912
255,1983,0.8322481654436291,2.0,2.0,0.0,2.0,146,death,0,1,monster,0,66,54,0:0|0:5|0:6|1:0|1:3|1:4|1:5|1:6|2:0|2:3|2:4|2:5|2:6|3:0|3:1|3:4|3:5|4:0|4:1|4:4|4:5|4:6|4:7|4:8|4:9|5:0|5:1|5:2|5:3|5:4|5:5|5:6|5:7|5:8|5:9|6:0|6:1|6:2|6:3|6:4|6:8|7:0|7:1|7:2|7:3|7:4|7:8|8:0|8:3|8:4|8:5|8:6|8:7|8:8,1913
256,1984,0.8315877251501,3.0,3.0,0.0,3.0,208,victory,1,0,,0,81,65,0:0|0:1|0:6|0:7|1:0|1:1|1:5|1:6|1:7|1:8|2:0|2:1|2:2|2:3|2:4|2:5|2:6|2:7|2:8|3:0|3:1|3:4|3:5|3:6|3:7|3:8|4:0|4:4|4:5|4:6|4:7|4:8|4:9|5:2|5:3|5:4|5:5|5:6|5:7|5:9|6:2|6:3|6:4|6:5|6:6|6:7|6:9|7:2|7:3|7:4|7:5|7:6|7:7|7:8|7:9|8:2|8:3|8:4|8:5|8:6|8:7|8:8|9:4|9:5|9:6,1915
257,1985,0.8309272848565711,3.0,3.0,0.0,3.0,168,victory,1,0,,0,69,51,0:0|0:1|1:0|1:1|2:0|2:1|2:7|3:0|3:1|3:7|4:0|4:1|4:2|4:7|4:8|5:0|5:1|5:2|5:3|5:4|5:5|5:8|6:0|6:1|6:2|6:3|6:4|6:8|7:0|7:1|7:2|7:3|7:4|7:8|8:0|8:1|8:2|8:3|8:4|8:7|8:8|8:9|9:0|9:1|9:2|9:3|9:4|9:5|9:6|9:7|9:8,1917
258,1986,0.830266844563042,2.0,2.0,0.0,2.0,208,death,0,1,monster,0,84,64,0:0|0:1|0:7|0:8|0:9|1:1|1:3|1:4|1:6|1:7|1:8|1:9|2:0|2:1|2:3|2:4|2:5|2:6|2:7|2:8|2:9|3:0|3:4|3:5|3:6|3:7|3:8|3:9|4:0|4:1|4:4|4:6|4:7|4:8|4:9|5:0|5:1|5:2|5:3|5:4|5:6|5:7|6:0|6:1|6:2|6:3|6:5|6:6|6:7|7:4|7:5|7:6|8:4|8:5|8:6|8:7|8:8|8:9|9:4|9:5|9:6|9:7|9:8|9:9,1926
259,1987,0.829606404269513,2.0,2.0,0.0,2.0,58,death,0,1,monster,0,36,34,0:0|0:1|0:2|1:0|1:1|1:2|2:1|2:2|3:1|3:2|4:2|5:1|5:2|5:3|5:4|5:8|6:2|6:3|6:4|6:8|6:9|7:2|7:3|7:6|7:7|7:8|7:9|8:3|8:4|8:5|8:6|8:7|8:8|9:8,1927
260,1988,0.828945963975984,3.0,3.0,0.0,3.0,91,victory,1,0,,0,52,47,0:0|1:0|1:1|2:0|2:1|2:6|2:7|3:0|3:1|3:5|3:6|4:1|4:2|4:5|5:2|5:3|5:5|5:6|6:2|6:3|6:4|6:5|6:6|6:7|7:0|7:1|7:2|7:3|7:4|7:5|7:6|7:7|7:8|8:0|8:1|8:2|8:3|8:6|8:8|8:9|9:0|9:1|9:2|9:6|9:7|9:8|9:9,1934
261,1989,0.828285523682455,0.0,0.0,0.0,0.0,37,death,0,1,monster,0,22,18,0:0|0:1|0:2|0:3|0:4|1:0|1:1|1:2|1:3|1:4|2:0|2:1|2:2|3:0|3:1|4:0|4:1|4:2,1936
262,1990,0.8276250833889259,3.0,3.0,0.0,3.0,99,victory,1,0,,0,47,44,0:0|1:0|1:1|1:2|2:1|2:2|2:7|2:8|2:9|3:0|3:1|3:8|4:1|4:2|4:8|5:1|5:2|5:3|5:8|5:9|6:1|6:2|6:3|6:4|6:8|6:9|7:1|7:2|7:4|7:8|7:9|8:0|8:1|8:2|8:4|8:5|8:6|8:7|8:8|8:9|9:0|9:1|9:8|9:9,1938
263,1991,0.826964643095397,3.0,3.0,0.0,3.0,64,victory,1,0,,0,37,36,0:0|1:0|2:0|2:7|3:0|3:7|3:8|3:9|4:0|4:8|4:9|5:0|5:1|5:9|6:1|6:3|6:4|6:8|6:9|7:1|7:2|7:3|7:4|7:6|7:7|7:8|7:9|8:2|8:3|8:4|8:5|8:6|8:7|8:8|9:5|9:6,1938
264,1992,0.8263042028018679,3.0,3.0,0.0,3.0,191,victory,1,0,,0,79,58,0:0|0:1|1:0|1:1|2:0|2:1|2:5|2:7|3:0|3:1|3:2|3:5|3:6|3:7|4:0|4:1|4:2|4:5|4:6|4:7|4:8|5:2|5:3|5:4|5:6|5:7|6:0|6:1|6:2|6:3|6:4|6:5|6:6|6:7|6:8|7:0|7:1|7:2|7:3|7:4|7:5|7:6|7:7|7:8|7:9|8:2|8:3|8:4|8:5|8:6|8:7|8:8|8:9|9:3|9:4|9:5|9:6|9:7,1942
265,1993,0.8256437625083388,1.0,1.0,0.0,1.0,50,death,0,1,monster,0,28,27,0:0|0:4|0:7|1:0|1:1|1:2|1:4|1:5|1:6|1:7|1:8|1:9|2:2|2:3|2:4|2:7|2:8|2:9|3:7|4:5|4:6|4:7|5:6|5:7|6:6|6:7|7:6,1944
266,1994,0.8249833222148099,1.0,1.0,0.0,1.0,73,death,0,1,monster,0,34,28,0:0|0:1|1:0|1:1|2:1|2:2|3:0|3:1|4:0|4:1|5:0|5:1|5:2|6:1|6:2|6:3|7:1|7:2|7:3|8:0|8:1|8:2|8:3|9:0|9:1|9:2|9:3|9:4,1946
267,1995,0.8243228819212809,2.0,2.0,0.0,2.0,89,death,0,1,monster,0,52,46,0:0|0:1|0:2|0:3|0:4|0:5|1:0|1:3|1:4|1:5|1:6|1:7|2:0|2:4|2:5|2:6|2:7|3:4|3:5|3:6|3:7|4:5|4:6|4:7|5:2|5:3|5:4|5:5|5:6|5:7|6:0|6:2|6:3|6:4|6:5|6:6|7:0|7:2|7:3|7:4|8:0|8:1|8:2|9:0|9:1|9:2,1946
268,1996,0.8236624416277518,0.0,0.0,0.0,0.0,24,death,0,1,monster,0,13,11,0:0|0:1|0:2|1:0|1:1|1:2|2:2|3:0|3:1|3:2|4:0,1950
269,1997,0.8230020013342229,1.0,1.0,0.0,1.0,26,death,0,1,monster,0,20,19,0:0|0:1|0:2|0:5|0:6|1:0|1:2|1:4|1:5|1:6|2:0|2:2|2:3|2:4|2:5|2:6|2:7|3:5|4:5,1950
270,1998,0.8223415610406938,1.0,1.0,0.0,1.0,78,death,0,1,monster,0,41,27,0:0|1:0|1:1|2:1|3:1|4:0|4:1|4:2|5:0|5:1|6:0|6:1|6:2|6:3|6:4|6:5|7:0|7:1|7:2|7:3|7:4|7:5|8:0|8:1|8:2|8:3|8:4,1952
271,1999,0.8216811207471648,1.0,1.0,0.0,1.0,131,death,0,1,monster,0,47,34,0:0|0:1|1:0|1:1|1:2|1:3|2:0|2:1|2:2|2:3|2:4|2:5|3:1|3:2|3:4|3:5|4:0|4:1|4:2|4:5|5:0|5:1|5:2|6:0|6:1|6:2|6:3|7:0|7:1|7:2|8:0|8:1|9:0|9:1,1954
272,2000,0.8210206804536357,2.0,2.0,0.0,2.0,350,truncated,0,0,,1,111,73,0:0|0:1|0:2|0:3|0:4|0:5|0:6|0:7|0:8|0:9|1:0|1:1|1:2|1:3|1:4|1:5|1:6|1:7|1:8|1:9|2:0|2:1|2:2|2:3|2:4|2:5|2:6|2:7|2:8|2:9|3:0|3:1|3:4|3:5|3:6|3:7|3:8|3:9|4:0|4:4|4:5|4:7|4:8|4:9|5:0|5:3|5:4|5:5|5:6|5:7|5:8|5:9|6:0|6:1|6:2|6:3|6:4|6:7|6:8|6:9|7:0|7:1|7:2|7:3|7:7|7:8|7:9|8:0|8:1|8:2|8:3|9:2|9:3,1957
273,2001,0.8203602401601068,0.0,0.0,0.0,0.0,101,death,0,1,monster,0,47,43,0:0|0:1|0:2|0:3|0:4|0:5|0:6|0:7|0:8|0:9|1:0|1:1|1:2|1:3|1:4|1:5|1:6|1:7|1:8|1:9|2:0|2:1|2:2|2:4|2:5|2:9|3:1|3:2|3:4|3:5|3:9|4:1|4:2|4:4|4:8|4:9|5:8|5:9|6:8|6:9|7:9|8:8|8:9,1967
274,2002,0.8196997998665777,3.0,3.0,0.0,3.0,111,victory,1,0,,0,63,52,0:0|0:1|1:0|2:0|2:7|2:8|3:0|3:7|3:8|3:9|4:0|4:6|4:7|4:8|5:0|5:2|5:3|5:4|5:5|5:6|5:7|5:8|6:0|6:1|6:2|6:3|6:4|6:5|6:6|6:7|6:8|6:9|7:0|7:1|7:2|7:3|7:4|7:5|7:6|7:7|7:8|8:2|8:3|8:4|8:5|8:6|8:7|8:8|9:4|9:5|9:6|9:7,1970
275,2003,0.8190393595730487,3.0,3.0,0.0,3.0,136,victory,1,0,,0,69,56,0:0|0:1|0:2|1:2|1:3|2:0|2:1|2:2|2:3|2:7|3:0|3:1|3:2|3:7|3:8|4:0|4:6|4:7|4:8|5:0|5:1|5:6|5:7|5:8|5:9|6:1|6:2|6:4|6:5|6:6|6:7|6:8|6:9|7:2|7:3|7:4|7:5|7:6|7:7|7:8|7:9|8:2|8:3|8:4|8:5|8:6|8:7|8:8|8:9|9:1|9:2|9:3|9:4|9:7|9:8|9:9,1975
276,2004,0.8183789192795197,2.0,2.0,0.0,2.0,183,death,0,1,monster,0,69,42,0:0|0:1|0:2|0:4|0:5|0:6|0:7|0:8|0:9|1:0|1:1|1:2|1:3|1:4|1:5|1:6|1:7|1:8|1:9|2:4|2:6|2:7|2:8|2:9|3:7|3:8|3:9|4:7|4:8|4:9|5:7|5:8|5:9|6:7|6:8|6:9|7:7|7:8|7:9|8:7|8:8|8:9,1979
277,2005,0.8177184789859906,2.0,2.0,0.0,2.0,95,death,0,1,monster,0,50,37,0:0|0:5|0:6|0:7|1:0|1:1|1:2|1:3|1:4|1:5|1:6|1:7|2:0|2:2|2:3|2:4|2:5|2:6|2:7|3:0|3:5|3:6|3:7|4:7|4:8|5:8|6:7|6:8|7:5|7:6|7:7|7:8|8:5|8:6|8:7|8:8|9:7,1993
278,2006,0.8170580386924616,3.0,3.0,0.0,3.0,156,victory,1,0,,0,61,51,0:0|1:0|2:0|2:7|3:0|3:7|3:8|4:0|4:1|4:2|4:7|4:8|5:0|5:1|5:2|5:3|5:7|5:8|6:0|6:1|6:2|6:3|6:4|6:7|6:8|6:9|7:0|7:1|7:2|7:3|7:4|7:5|7:6|7:7|7:8|7:9|8:0|8:1|8:2|8:3|8:4|8:5|8:6|8:7|8:8|9:1|9:4|9:5|9:6|9:7|9:8,1997
279,2007,0.8163975983989327,3.0,3.0,0.0,3.0,82,victory,1,0,,0,51,42,0:0|0:1|1:1|1:2|2:2|2:7|3:2|3:7|4:0|4:1|4:2|4:7|5:0|5:1|5:2|5:3|5:7|5:8|6:0|6:1|6:2|6:3|6:8|7:1|7:2|7:3|7:4|7:5|7:6|7:7|7:8|8:2|8:3|8:4|8:5|8:6|8:7|8:8|9:3|9:5|9:7|9:8,1998
280,2008,0.8157371581054036,3.0,3.0,0.0,3.0,189,victory,1,0,,0,51,49,0:0|0:1|1:0|1:1|2:0|2:1|2:2|2:7|3:0|3:1|3:2|3:7|3:8|3:9|4:2|4:8|4:9|5:2|5:8|6:0|6:1|6:2|6:8|6:9|7:0|7:1|7:2|7:5|7:6|7:8|7:9|8:0|8:1|8:2|8:4|8:5|8:6|8:7|8:8|8:9|9:0|9:1|9:2|9:3|9:4|9:5|9:6|9:7|9:8,1998
281,2009,0.8150767178118746,1.0,1.0,0.0,1.0,79,death,0,1,monster,0,42,36,0:0|1:0|1:1|2:1|3:1|4:1|4:2|4:5|5:0|5:1|5:2|5:5|5:6|5:7|6:0|6:1|6:2|6:3|6:5|6:6|7:1|7:2|7:3|7:4|7:5|7:6|8:2|8:3|8:4|8:5|8:6|8:7|9:1|9:2|9:6|9:7,1998
282,2010,0.8144162775183456,1.0,1.0,0.0,1.0,37,death,0,1,monster,0,24,24,0:0|1:0|2:0|2:2|3:0|3:1|3:2|4:1|4:2|4:5|5:0|5:1|5:2|5:3|5:4|5:5|6:0|6:1|6:2|6:3|6:4|7:2|7:3|8:3,1998
283,2011,0.8137558372248166,3.0,3.0,0.0,3.0,91,victory,1,0,,0,43,39,0:0|1:0|2:0|2:1|2:2|2:7|3:1|3:2|3:7|3:8|4:1|4:2|4:7|4:8|5:2|5:7|6:2|6:7|6:8|6:9|7:2|7:3|7:4|7:7|7:8|7:9|8:2|8:3|8:4|8:5|8:6|8:7|8:8|8:9|9:2|9:3|9:4|9:5|9:8,1999
284,2012,0.8130953969312875,3.0,3.0,0.0,3.0,207,victory,1,0,,0,77,61,0:0|0:1|0:2|1:2|2:2|2:7|2:8|3:1|3:2|3:5|3:6|3:7|3:8|4:0|4:1|4:2|4:5|4:6|4:7|4:8|5:0|5:1|5:2|5:3|5:5|6:0|6:1|6:2|6:3|6:4|6:5|6:7|6:9|7:0|7:1|7:2|7:3|7:4|7:5|7:6|7:7|7:8|7:9|8:1|8:2|8:3|8:4|8:5|8:6|8:7|8:8|8:9|9:1|9:2|9:3|9:4|9:5|9:6|9:7|9:8|9:9,1999
285,2013,0.8124349566377584,1.0,1.0,0.0,1.0,53,death,0,1,monster,0,29,21,0:0|0:1|1:1|2:1|2:2|3:2|4:2|5:2|5:3|6:2|6:3|7:1|7:2|7:3|8:1|8:2|8:3|8:4|8:5|9:0|9:1,1999
286,2014,0.8117745163442295,1.0,1.0,0.0,1.0,70,death,0,1,monster,0,30,26,0:0|0:1|1:0|1:1|2:0|2:1|3:0|3:1|3:2|4:0|4:1|4:2|5:1|5:2|5:3|6:2|6:3|6:4|6:5|7:2|7:3|7:4|7:5|8:3|8:4|8:5,2004
287,2015,0.8111140760507005,2.0,2.0,0.0,2.0,142,death,0,1,monster,0,51,44,0:0|1:0|2:0|3:0|3:1|3:2|4:0|4:1|4:2|5:0|5:1|5:2|6:0|6:1|6:2|6:5|6:8|6:9|7:0|7:1|7:2|7:3|7:4|7:5|7:6|7:8|7:9|8:1|8:2|8:3|8:4|8:5|8:6|8:7|8:8|8:9|9:1|9:2|9:3|9:4|9:5|9:7|9:8|9:9,2006
288,2016,0.8104536357571714,2.0,2.0,0.0,2.0,85,death,0,1,monster,0,48,40,0:0|0:1|1:1|1:2|2:1|2:2|3:2|4:2|5:2|5:6|5:7|5:8|6:2|6:3|6:6|6:8|6:9|7:2|7:3|7:4|7:5|7:6|7:7|7:8|7:9|8:2|8:3|8:4|8:5|8:6|8:7|8:8|8:9|9:2|9:3|9:4|9:5|9:6|9:8|9:9,2009
289,2017,0.8097931954636425,1.0,1.0,0.0,1.0,70,death,0,1,monster,0,32,31,0:0|1:0|1:1|1:2|1:3|1:4|1:5|1:6|2:3|2:4|2:5|2:6|2:7|2:8|2:9|3:4|3:5|3:7|3:8|3:9|4:8|4:9|5:6|5:7|5:8|6:6|6:7|6:8|7:6|7:7|7:8,2010
290,2018,0.8091327551701134,1.0,1.0,0.0,1.0,68,death,0,1,monster,0,43,38,0:0|1:0|2:0|3:0|3:1|3:4|3:5|4:0|4:1|4:4|4:5|5:0|5:1|5:2|5:3|5:4|5:5|6:0|6:1|6:2|6:3|6:4|7:0|7:1|7:2|7:4|7:6|8:0|8:1|8:2|8:3|8:4|8:5|8:6|8:7|8:8|9:1|9:2,2010
291,2019,0.8084723148765844,0.0,0.0,0.0,0.0,61,death,0,1,monster,0,24,21,0:0|0:1|1:0|1:1|2:0|2:1|2:2|3:0|3:1|3:2|4:0|4:1|4:2|5:1|5:2|6:1|6:2|6:3|7:1|8:0|8:1,2012
292,2020,0.8078118745830554,2.0,2.0,0.0,2.0,164,death,0,1,monster,0,60,49,0:0|0:1|1:1|1:2|2:1|2:2|2:3|2:4|2:6|3:2|3:4|3:5|3:6|3:7|4:2|4:4|4:5|4:6|4:7|5:0|5:1|5:2|5:3|5:4|5:5|5:6|6:0|6:1|6:2|6:3|6:4|7:0|7:1|7:2|7:3|7:4|7:5|7:8|8:1|8:2|8:3|8:4|8:5|8:6|8:7|8:8|9:3|9:5|9:6,2015
293,2021,0.8071514342895263,1.0,1.0,0.0,1.0,36,death,0,1,monster,0,29,27,0:0|1:0|2:0|2:1|3:0|3:1|4:0|5:0|5:7|5:8|5:9|6:0|6:1|6:2|6:7|6:8|7:0|7:1|7:2|7:3|7:4|7:7|8:1|8:4|8:5|8:6|8:7,2018
294,2022,0.8064909939959973,3.0,3.0,0.0,3.0,149,victory,1,0,,0,63,51,0:0|0:1|0:2|0:3|1:0|1:3|1:4|1:5|1:6|1:7|2:7|2:8|3:7|3:8|4:7|4:8|5:1|5:2|5:3|5:4|5:6|5:7|5:8|6:0|6:1|6:2|6:3|6:4|6:5|6:6|6:7|7:0|7:1|7:2|7:3|7:4|7:5|7:6|8:0|8:1|8:2|8:3|8:5|8:6|8:7|8:8|9:0|9:1|9:2|9:3|9:4,2021
295,2023,0.8058305537024684,1.0,1.0,0.0,1.0,307,death,0,1,monster,0,70,45,0:0|0:1|0:2|0:3|0:4|0:5|0:6|0:7|1:0|1:1|1:2|1:3|1:4|1:5|1:6|1:7|2:0|2:1|2:2|2:3|2:4|2:5|2:6|2:7|2:8|3:0|3:1|3:2|3:4|3:5|3:6|3:7|3:8|3:9|4:0|4:1|4:2|4:4|4:5|4:6|4:7|4:8|4:9|5:1|5:5,2030
296,2024,0.8051701134089393,2.0,2.0,0.0,2.0,64,death,0,1,monster,0,50,42,0:0|0:1|1:1|2:0|2:1|3:0|3:1|3:6|3:7|4:0|4:1|4:2|4:6|4:7|5:2|5:5|5:6|5:7|5:8|6:2|6:3|6:5|6:8|7:2|7:4|7:5|7:7|7:8|7:9|8:2|8:3|8:4|8:5|8:6|8:7|8:8|9:3|9:4|9:5|9:6|9:7|9:8,2036
297,2025,0.8045096731154102,2.0,2.0,0.0,2.0,89,death,0,1,monster,0,54,44,0:0|0:1|0:5|0:6|0:7|1:0|1:1|1:2|1:3|1:4|1:5|1:6|1:7|2:0|2:1|2:2|2:4|2:5|2:6|2:7|3:0|3:2|3:6|4:0|4:2|4:6|4:7|5:0|5:1|5:2|5:6|5:7|5:8|6:5|6:6|6:7|6:8|6:9|7:6|7:7|7:8|7:9|8:8|8:9,2043
298,2026,0.8038492328218813,2.0,2.0,0.0,2.0,99,death,0,1,monster,0,44,40,0:0|1:0|1:1|2:0|3:0|3:1|3:6|3:7|3:8|4:1|4:2|4:7|4:8|4:9|5:1|5:2|5:3|5:4|5:7|5:8|5:9|6:1|6:2|6:3|6:7|6:8|6:9|7:2|7:3|7:4|7:8|7:9|8:3|8:4|8:7|8:8|9:4|9:5|9:6|9:7,2047
299,2027,0.8031887925283523,2.0,2.0,0.0,2.0,93,death,0,1,monster,0,67,43,0:0|0:1|0:2|0:3|0:4|0:5|0:6|1:1|1:5|1:6|2:6|3:6|3:7|4:6|4:7|5:2|5:6|5:7|5:8|6:1|6:2|6:4|6:5|6:6|6:7|6:8|7:1|7:2|7:3|7:4|7:5|7:6|7:7|7:8|8:1|8:2|8:3|8:4|8:5|8:6|8:7|8:8|9:7,2050
300,2028,0.8025283522348232,3.0,3.0,0.0,3.0,144,victory,1,0,,0,61,53,0:0|0:1|1:0|1:1|2:0|2:1|2:7|2:8|3:0|3:1|3:7|3:8|3:9|4:0|4:7|4:8|4:9|5:0|5:1|5:2|5:3|5:8|6:0|6:1|6:2|6:3|6:8|6:9|7:0|7:1|7:2|7:3|7:4|7:8|7:9|8:0|8:1|8:2|8:3|8:4|8:7|8:8|8:9|9:0|9:1|9:2|9:3|9:4|9:5|9:6|9:7|9:8|9:9,2050
301,2029,0.8018679119412941,2.0,2.0,0.0,2.0,135,death,0,1,monster,0,63,49,0:0|0:1|1:1|2:1|3:0|3:1|4:0|4:1|5:0|5:1|5:2|5:3|5:4|5:5|5:6|5:7|6:0|6:1|6:2|6:3|6:4|6:5|6:6|6:7|6:9|7:0|7:1|7:2|7:3|7:4|7:5|7:6|7:7|7:8|7:9|8:0|8:1|8:2|8:3|8:4|8:5|8:6|8:7|8:8|8:9|9:3|9:4|9:5|9:6,2054
302,2030,0.8012074716477652,2.0,2.0,0.0,2.0,98,death,0,1,monster,0,58,49,0:0|0:1|0:2|1:1|2:1|3:1|3:5|3:6|3:7|3:8|4:1|4:5|4:7|4:8|5:0|5:1|5:5|5:6|5:7|5:8|5:9|6:1|6:2|6:4|6:5|7:2|7:3|7:4|7:5|7:6|7:7|7:8|8:1|8:2|8:3|8:4|8:5|8:6|8:7|8:8|9:1|9:2|9:3|9:4|9:5|9:6|9:7|9:8|9:9,2060
303,2031,0.8005470313542362,1.0,1.0,0.0,1.0,48,death,0,1,monster,0,28,25,0:0|1:0|2:0|2:1|2:4|3:1|3:4|4:1|4:2|4:4|5:2|5:3|5:4|5:5|6:2|6:4|6:5|7:1|7:2|7:3|7:4|8:1|8:2|8:3|8:4,2064
304,2032,0.7998865910607071,0.0,0.0,0.0,0.0,106,death,0,1,monster,0,41,34,0:0|1:0|1:1|1:2|2:0|2:1|2:2|3:0|3:1|3:2|4:0|4:1|4:2|5:0|5:1|5:2|5:3|6:0|6:1|6:2|6:3|6:4|7:3|7:4|7:5|7:6|8:4|8:5|8:6|8:7|9:4|9:5|9:6|9:7,2071
305,2033,0.7992261507671781,1.0,1.0,0.0,1.0,105,death,0,1,monster,0,56,50,0:0|0:4|0:5|0:6|0:7|0:8|0:9|1:0|1:1|1:2|1:3|1:4|1:5|1:7|1:8|1:9|2:2|2:3|2:4|2:5|2:6|2:7|2:8|2:9|3:5|3:6|3:7|3:8|3:9|4:8|4:9|5:4|5:5|5:6|5:7|5:8|5:9|6:4|6:5|6:6|6:7|6:9|7:4|7:5|7:6|7:7|7:8|7:9|8:5|8:6,2075
306,2034,0.7985657104736491,3.0,3.0,0.0,3.0,281,victory,1,0,,0,104,70,0:0|0:1|0:2|1:0|1:1|1:2|1:3|1:4|2:0|2:1|2:2|2:3|2:4|2:5|2:7|3:0|3:1|3:2|3:4|3:5|3:6|3:7|3:8|3:9|4:0|4:1|4:2|4:4|4:5|4:6|4:7|4:8|4:9|5:0|5:1|5:2|5:3|5:4|5:5|5:6|5:7|5:8|5:9|6:1|6:2|6:3|6:4|6:5|6:6|6:7|6:8|6:9|7:2|7:3|7:4|7:5|7:6|7:7|7:8|7:9|8:2|8:3|8:4|8:5|8:6|8:7|8:8|8:9|9:5|9:6,2081
307,2035,0.7979052701801201,3.0,3.0,0.0,3.0,220,victory,1,0,,0,87,59,0:0|0:1|0:2|1:1|2:1|2:7|3:1|3:6|3:7|3:8|3:9|4:0|4:1|4:6|4:7|4:8|5:0|5:1|5:7|5:8|5:9|6:0|6:1|6:3|6:4|6:5|6:6|6:7|6:8|6:9|7:0|7:1|7:2|7:3|7:4|7:5|7:6|7:7|7:8|7:9|8:0|8:1|8:2|8:3|8:4|8:5|8:6|8:7|8:8|8:9|9:1|9:2|9:3|9:4|9:5|9:6|9:7|9:8|9:9,2081
308,2036,0.7972448298865911,3.0,3.0,0.0,3.0,111,victory,1,0,,0,56,42,0:0|0:1|0:8|0:9|1:1|1:2|1:8|1:9|2:2|2:7|2:8|2:9|3:2|3:7|3:8|3:9|4:2|4:7|4:8|4:9|5:2|5:3|5:6|5:7|5:8|5:9|6:3|6:7|6:8|7:2|7:3|7:6|7:7|7:8|8:3|8:5|8:6|8:8|9:3|9:4|9:5|9:6,2089
309,2037,0.796584389593062,3.0,3.0,0.0,3.0,126,victory,1,0,,0,57,53,0:0|0:1|0:2|1:0|1:1|1:2|2:0|2:1|2:7|3:0|3:1|3:6|3:7|3:8|4:1|4:5|4:6|4:7|4:8|5:1|5:4|5:5|5:6|5:7|5:8|5:9|6:0|6:1|6:2|6:5|6:6|6:7|6:9|7:1|7:2|7:5|7:6|7:7|7:8|7:9|8:1|8:2|8:3|8:4|8:5|8:6|8:7|8:8|8:9|9:1|9:2|9:3|9:8,2089
310,2038,0.795923949299533,2.0,2.0,0.0,2.0,350,truncated,0,0,,1,114,75,0:0|0:1|0:3|0:4|0:5|0:6|1:1|1:2|1:3|1:4|1:5|1:6|1:7|1:8|2:2|2:3|2:4|2:5|2:6|2:7|2:8|2:9|3:0|3:1|3:2|3:4|3:5|3:7|3:8|3:9|4:0|4:1|4:2|4:4|4:5|4:6|4:7|4:8|4:9|5:0|5:1|5:2|5:4|5:5|5:6|5:7|5:8|5:9|6:2|6:4|6:5|6:6|6:7|6:8|6:9|7:3|7:4|7:5|7:6|7:7|7:8|7:9|8:2|8:3|8:4|8:5|8:6|8:7|8:8|8:9|9:5|9:6|9:7|9:8|9:9,2097
311,2039,0.7952635090060041,1.0,1.0,0.0,1.0,64,death,0,1,monster,0,29,28,0:0|1:0|1:1|1:2|2:0|2:2|3:2|4:1|4:2|5:1|5:2|6:0|6:2|6:3|6:4|6:5|7:0|7:1|7:2|7:3|7:4|7:5|8:1|8:2|8:3|8:4|9:2|9:3,2097
312,2040,0.794603068712475,2.0,2.0,0.0,2.0,350,truncated,0,0,,1,86,67,0:0|0:1|0:2|0:3|0:4|0:5|0:6|0:7|0:8|0:9|1:0|1:1|1:2|1:3|1:4|1:5|1:6|1:7|1:8|1:9|2:1|2:2|2:3|2:4|2:5|2:6|2:7|2:8|2:9|3:2|3:4|3:5|3:6|3:7|3:8|3:9|4:1|4:2|4:4|4:5|4:6|4:7|4:8|4:9|5:1|5:2|5:3|5:4|5:5|5:6|5:7|5:8|5:9|6:1|6:2|6:5|6:6|6:7|6:8|7:2|7:3|7:4|7:5|7:7|8:2|8:3|8:4,2098
313,2041,0.7939426284189459,3.0,3.0,0.0,3.0,125,victory,1,0,,0,59,46,0:0|1:0|2:0|2:1|2:7|2:8|3:1|3:8|4:1|4:2|4:8|5:1|5:2|5:3|5:4|5:5|5:6|5:7|5:8|6:0|6:1|6:2|6:3|6:4|6:5|6:6|6:7|6:8|7:1|7:2|7:3|7:4|7:5|7:6|7:7|7:8|8:3|8:4|8:5|8:6|8:7|8:8|9:3|9:4|9:5|9:6,2101
314,2042,0.793282188125417,2.0,2.0,0.0,2.0,119,death,0,1,monster,0,52,45,0:0|0:1|1:0|1:3|1:4|1:5|1:6|1:7|1:8|1:9|2:0|2:1|2:2|2:3|2:4|2:6|2:7|2:8|3:0|3:1|3:2|3:7|3:8|3:9|4:0|4:1|4:9|5:0|5:1|5:2|5:8|5:9|6:0|6:1|6:2|6:3|6:8|6:9|7:0|7:1|7:9|8:8|8:9|9:8|9:9,2108
315,2043,0.792621747831888,0.0,0.0,0.0,0.0,48,death,0,1,monster,0,29,26,0:0|1:0|1:1|1:4|1:5|1:6|2:0|2:1|2:4|2:5|2:6|3:0|3:4|3:5|3:6|4:0|4:5|5:0|5:1|5:2|5:3|5:4|5:5|5:6|6:3|6:4,2110
316,2044,0.7919613075383589,1.0,1.0,0.0,1.0,33,death,0,1,monster,0,24,22,0:0|0:1|0:5|0:6|1:1|1:2|1:5|1:6|1:7|2:1|2:2|2:3|2:4|2:5|2:6|2:7|3:4|3:5|3:6|3:7|4:4|4:5,2114
317,2045,0.7913008672448298,2.0,2.0,0.0,2.0,139,death,0,1,monster,0,49,47,0:0|0:1|0:2|0:3|1:0|1:1|1:2|1:3|2:0|2:1|2:2|2:3|3:1|3:2|4:0|4:1|4:2|5:0|5:1|5:2|6:0|6:1|6:2|6:7|6:8|6:9|7:0|7:1|7:2|7:7|7:8|7:9|8:0|8:2|8:3|8:4|8:5|8:6|8:7|8:8|9:2|9:3|9:4|9:5|9:6|9:7|9:8,2115
318,2046,0.7906404269513009,3.0,3.0,0.0,3.0,113,victory,1,0,,0,50,45,0:0|0:1|1:0|1:1|1:2|2:0|2:1|2:7|3:0|3:7|3:8|3:9|4:0|4:8|4:9|5:0|5:1|5:8|5:9|6:0|6:1|6:2|6:6|6:8|6:9|7:0|7:1|7:2|7:3|7:5|7:6|7:7|7:8|7:9|8:3|8:4|8:5|8:6|8:7|8:8|8:9|9:3|9:4|9:5|9:6,2115
319,2047,0.7899799866577718,1.0,1.0,0.0,1.0,67,death,0,1,monster,0,36,34,0:0|0:1|0:6|0:7|0:8|0:9|1:0|1:1|1:2|1:3|1:4|1:5|1:6|1:7|1:8|2:0|2:1|2:4|2:5|2:6|2:7|2:8|3:1|3:8|3:9|4:8|4:9|5:8|5:9|6:7|6:8|6:9|7:7|7:8,2117
320,2048,0.7893195463642428,2.0,2.0,0.0,2.0,145,death,0,1,monster,0,60,52,0:0|0:4|0:8|1:0|1:2|1:3|1:4|1:5|1:8|2:0|2:1|2:2|2:5|2:6|2:7|2:8|2:9|3:0|3:1|3:7|3:8|3:9|4:0|4:1|4:8|4:9|5:0|5:8|5:9|6:7|6:8|6:9|7:2|7:6|7:7|7:8|7:9|8:2|8:3|8:4|8:5|8:6|8:7|8:8|9:1|9:2|9:3|9:4|9:5|9:6|9:7|9:8,2122
321,2049,0.7886591060707138,2.0,2.0,0.0,2.0,114,death,0,1,monster,0,50,41,0:0|0:1|1:0|1:1|1:2|2:0|2:1|2:2|3:0|3:1|3:2|4:1|4:7|5:1|5:2|5:3|5:7|5:8|6:2|6:3|6:5|6:8|7:2|7:3|7:4|7:5|7:6|7:7|7:8|8:2|8:3|8:4|8:5|8:6|8:7|8:8|9:3|9:4|9:5|9:6|9:7,2124
322,2050,0.7879986657771848,3.0,3.0,0.0,3.0,70,victory,1,0,,0,31,31,0:0|1:0|2:0|2:7|3:0|3:7|3:8|4:0|4:1|4:8|5:0|5:1|5:8|6:0|6:1|6:2|6:8|6:9|7:2|7:3|7:4|7:5|7:8|7:9|8:5|8:8|8:9|9:5|9:6|9:7|9:8,2124
323,2051,0.7873382254836558,3.0,3.0,0.0,3.0,126,victory,1,0,,0,58,49,0:0|1:0|2:0|2:7|3:0|3:1|3:7|3:8|4:0|4:8|5:0|5:1|5:2|5:3|5:4|5:6|5:7|5:8|6:0|6:1|6:2|6:3|6:6|6:7|6:8|6:9|7:0|7:1|7:2|7:3|7:6|7:7|7:8|7:9|8:1|8:2|8:3|8:4|8:5|8:6|8:7|8:8|9:0|9:1|9:2|9:3|9:5|9:6|9:7,2127
324,2052,0.7866777851901268,2.0,2.0,0.0,2.0,57,death,0,1,monster,0,39,30,0:0|0:1|1:0|2:0|3:0|3:1|3:2|4:1|4:2|5:2|5:3|6:3|6:4|6:5|6:6|6:9|7:2|7:4|7:5|7:9|8:1|8:2|8:3|8:4|8:5|8:6|8:7|8:8|8:9|9:4,2128
325,2053,0.7860173448965977,2.0,2.0,0.0,2.0,83,death,0,1,monster,0,56,51,0:0|0:3|0:4|1:0|1:3|1:4|1:5|1:6|2:0|2:1|2:6|3:0|3:1|3:6|3:7|3:8|3:9|4:0|4:8|4:9|5:0|5:1|5:8|5:9|6:0|6:1|6:2|6:9|7:0|7:1|7:2|7:3|7:4|7:5|7:6|7:7|7:8|7:9|8:0|8:1|8:2|8:4|8:5|8:6|8:7|8:8|9:0|9:1|9:2|9:4|9:5,2132
326,2054,0.7853569046030687,1.0,1.0,0.0,1.0,60,death,0,1,monster,0,35,31,0:0|0:1|1:0|1:1|2:1|2:2|3:1|3:2|4:1|4:2|5:1|5:2|5:3|5:4|5:6|6:1|6:2|6:5|6:6|7:1|7:2|7:5|7:6|7:7|7:8|8:1|8:2|8:3|8:4|8:5|9:1,2133
327,2055,0.7846964643095397,1.0,1.0,0.0,1.0,45,death,0,1,monster,0,29,26,0:0|1:0|1:1|2:0|2:1|2:2|3:0|3:1|4:1|5:0|5:1|5:2|5:4|6:0|6:1|6:2|6:3|6:4|7:2|7:3|7:4|7:5|8:2|8:3|8:4|8:5,2133
328,2056,0.7840360240160107,0.0,0.0,0.0,0.0,136,death,0,1,monster,0,29,24,0:0|0:1|1:0|1:1|1:2|2:0|2:1|2:2|3:0|3:1|3:2|4:0|4:1|4:2|5:0|5:1|5:2|5:3|6:0|6:1|6:2|7:0|8:0|8:1,2134
329,2057,0.7833755837224816,1.0,1.0,0.0,1.0,42,death,0,1,monster,0,28,21,0:0|1:0|2:0|3:0|4:0|4:1|4:2|5:0|5:1|5:3|6:1|6:2|6:3|7:1|7:2|7:3|8:1|8:2|8:3|9:1|9:2,2139
330,2058,0.7827151434289527,2.0,2.0,0.0,2.0,78,death,0,1,monster,0,46,38,0:0|0:1|1:0|1:1|2:0|3:0|3:1|4:0|4:1|4:2|5:0|5:1|5:2|5:6|5:7|6:0|6:1|6:2|6:3|6:4|6:6|6:7|7:1|7:2|7:3|7:4|7:5|7:6|7:7|7:8|8:2|8:5|8:6|8:7|8:8|9:7|9:8|9:9,2143
331,2059,0.7820547031354237,1.0,1.0,0.0,1.0,89,death,0,1,monster,0,50,41,0:0|0:1|0:3|0:4|0:5|0:6|0:7|0:8|0:9|1:1|1:3|1:4|1:5|1:6|1:7|1:8|1:9|2:1|2:2|2:4|2:5|2:6|2:7|2:8|3:1|3:2|3:4|3:5|3:6|4:1|4:2|4:6|5:2|5:5|5:6|6:2|6:3|6:4|6:5|7:3|7:4,2145
332,2060,0.7813942628418946,2.0,2.0,0.0,2.0,113,death,0,1,monster,0,39,37,0:0|1:0|2:0|3:0|3:1|4:0|4:1|4:2|5:1|5:2|5:8|6:1|6:2|6:8|6:9|7:1|7:2|7:6|7:7|7:8|7:9|8:1|8:2|8:3|8:4|8:5|8:6|8:7|8:8|8:9|9:1|9:2|9:3|9:4|9:5|9:6|9:9,2147
333,2061,0.7807338225483655,3.0,3.0,0.0,3.0,153,victory,1,0,,0,60,54,0:0|0:1|1:0|1:1|2:0|2:2|2:7|3:0|3:1|3:2|3:6|3:7|3:8|3:9|4:0|4:1|4:2|4:6|4:7|4:8|4:9|5:0|5:1|5:2|5:5|5:6|5:7|5:8|5:9|6:1|6:4|6:5|6:7|7:0|7:1|7:2|7:3|7:4|7:5|7:6|7:7|7:8|7:9|8:0|8:4|8:5|8:6|8:7|8:8|8:9|9:0|9:5|9:6|9:7,2148
334,2062,0.7800733822548366,3.0,3.0,0.0,3.0,73,victory,1,0,,0,43,40,0:0|0:1|1:0|2:0|2:7|3:0|3:1|3:7|3:8|4:1|4:7|4:8|4:9|5:1|5:7|5:9|6:0|6:1|6:2|6:9|7:0|7:1|7:2|7:5|7:8|7:9|8:0|8:1|8:2|8:3|8:4|8:5|8:6|8:7|8:8|8:9|9:1|9:4|9:5|9:6,2149
335,2063,0.7794129419613075,2.0,2.0,0.0,2.0,107,death,0,1,monster,0,57,49,0:0|0:1|1:0|1:1|1:2|2:0|2:1|2:2|3:1|3:2|4:0|4:1|4:2|4:9|5:0|5:1|5:8|5:9|6:0|6:1|6:7|6:8|6:9|7:0|7:1|7:2|7:3|7:4|7:5|7:6|7:7|7:9|8:0|8:1|8:2|8:3|8:4|8:5|8:6|8:7|8:8|8:9|9:1|9:2|9:3|9:4|9:5|9:6|9:7,2153
336,2064,0.7787525016677785,1.0,1.0,0.0,1.0,53,death,0,1,monster,0,33,31,0:0|1:0|1:1|1:2|2:0|2:1|3:0|3:1|4:0|4:1|4:2|5:2|5:3|6:1|6:2|6:3|6:6|7:0|7:1|7:2|7:6|8:1|8:2|8:3|8:4|8:5|8:6|9:0|9:1|9:3|9:4,2153
337,2065,0.7780920613742495,1.0,1.0,0.0,1.0,84,death,0,1,monster,0,49,42,0:0|0:6|0:7|1:0|1:1|1:2|1:3|1:4|1:5|1:6|1:7|1:8|2:1|2:4|2:5|2:6|2:7|2:8|3:1|3:5|3:6|3:7|3:8|4:0|4:1|4:2|4:4|4:5|4:6|5:0|5:1|5:2|5:3|5:4|5:5|6:0|6:1|6:2|6:4|6:5|7:4|7:5,2156
338,2066,0.7774316210807205,1.0,1.0,0.0,1.0,99,death,0,1,monster,0,50,44,0:0|0:6|0:7|1:0|1:2|1:6|1:7|2:0|2:1|2:2|2:5|2:6|3:0|3:1|3:5|3:6|4:0|4:1|4:4|4:5|4:6|4:7|5:0|5:1|5:2|5:3|5:4|5:5|6:0|6:1|6:2|6:3|6:4|6:5|7:0|7:1|7:2|7:3|7:4|7:5|8:1|8:2|9:1|9:2,2157
339,2067,0.7767711807871914,3.0,3.0,0.0,3.0,98,victory,1,0,,0,41,39,0:0|1:0|2:0|2:7|3:0|3:7|3:8|4:0|4:1|4:7|4:8|5:0|5:1|5:7|5:8|6:0|6:1|6:2|6:3|6:8|7:0|7:1|7:2|7:3|7:4|7:5|7:6|7:7|7:8|8:0|8:1|8:2|8:3|8:4|8:7|8:8|9:0|9:1|9:2,2158
340,2068,0.7761107404936625,3.0,3.0,0.0,3.0,83,victory,1,0,,0,53,49,0:0|1:0|2:0|2:7|2:8|3:0|3:6|3:7|3:8|4:0|4:4|4:5|4:6|4:7|4:8|5:0|5:4|5:6|5:7|5:8|5:9|6:0|6:1|6:2|6:4|6:5|6:6|6:7|6:8|6:9|7:1|7:2|7:3|7:5|7:7|7:8|7:9|8:1|8:2|8:3|8:6|8:7|8:8|9:1|9:2|9:3|9:4|9:5|9:6,2158
341,2069,0.7754503002001334,2.0,2.0,0.0,2.0,191,death,0,1,monster,0,54,42,0:0|1:0|2:0|2:1|3:0|4:0|5:0|5:1|5:2|5:6|5:7|6:0|6:1|6:2|6:3|6:7|7:0|7:1|7:2|7:3|7:4|7:5|7:7|7:8|7:9|8:0|8:1|8:2|8:3|8:4|8:5|8:6|8:7|8:8|8:9|9:0|9:1|9:2|9:3|9:4|9:5|9:6,2161
342,2070,0.7747898599066044,3.0,3.0,0.0,3.0,76,victory,1,0,,0,41,37,0:0|0:1|1:1|1:2|2:0|2:1|2:2|2:7|3:0|3:2|3:7|4:0|4:7|4:8|5:0|5:1|5:8|6:1|6:2|6:8|7:0|7:1|7:2|7:4|7:8|8:0|8:1|8:2|8:3|8:4|8:5|8:8|9:1|9:5|9:6|9:7|9:8,2162
343,2071,0.7741294196130754,2.0,2.0,0.0,2.0,159,death,0,1,monster,0,84,60,0:0|0:7|0:8|0:9|1:0|1:7|1:8|1:9|2:0|2:8|2:9|3:0|3:6|3:7|3:8|3:9|4:0|4:1|4:2|4:6|4:7|4:8|4:9|5:0|5:1|5:2|5:5|5:6|5:7|5:8|5:9|6:0|6:1|6:2|6:3|6:5|6:6|6:7|6:8|6:9|7:1|7:2|7:4|7:5|7:6|7:7|7:8|7:9|8:2|8:4|8:5|8:6|8:7|8:8|8:9|9:2|9:3|9:4|9:8|9:9,2174
344,2072,0.7734689793195464,3.0,3.0,0.0,3.0,75,victory,1,0,,0,47,42,0:0|0:1|0:2|1:2|1:3|1:4|1:5|2:3|2:4|2:5|2:6|2:7|2:8|2:9|3:5|3:6|3:7|3:8|3:9|4:7|4:8|4:9|5:7|5:9|6:2|6:3|6:7|6:8|6:9|7:2|7:3|7:9|8:3|8:7|8:8|8:9|9:3|9:4|9:5|9:6|9:7|9:8,2179
345,2073,0.7728085390260173,2.0,2.0,0.0,2.0,88,death,0,1,monster,0,46,40,0:0|0:1|0:2|0:3|1:0|1:1|1:2|1:3|2:3|2:4|2:5|2:6|2:7|2:8|2:9|3:5|3:6|3:7|3:8|3:9|4:7|4:8|4:9|5:8|5:9|6:7|6:8|6:9|7:7|7:8|7:9|8:5|8:6|8:7|8:8|8:9|9:5|9:6|9:7|9:8,2180
346,2074,0.7721480987324884,2.0,2.0,0.0,2.0,74,death,0,1,monster,0,42,39,0:0|1:0|1:1|2:0|2:1|2:8|2:9|3:1|3:6|3:7|3:8|3:9|4:0|4:1|4:7|4:8|5:0|5:1|5:2|5:8|5:9|6:0|6:1|6:2|6:8|6:9|7:1|7:2|7:3|7:8|8:3|8:4|8:7|8:8|9:4|9:5|9:6|9:7|9:8,2183
347,2075,0.7714876584389593,3.0,3.0,0.0,3.0,77,victory,1,0,,0,44,40,0:0|1:0|1:1|2:1|2:2|2:3|2:7|2:8|3:1|3:2|3:8|4:2|4:8|5:1|5:2|5:8|5:9|6:1|6:2|6:3|6:8|6:9|7:2|7:3|7:4|7:5|7:8|8:2|8:3|8:4|8:5|8:6|8:7|8:8|9:3|9:4|9:5|9:6|9:7|9:8,2183
348,2076,0.7708272181454303,3.0,3.0,0.0,3.0,71,victory,1,0,,0,45,42,0:0|1:0|2:0|2:1|2:7|2:8|3:1|3:2|3:7|3:8|4:1|4:2|4:7|4:8|4:9|5:2|5:6|5:7|5:8|5:9|6:2|6:3|6:5|6:6|6:7|6:8|6:9|7:2|7:3|7:4|7:5|7:6|7:7|7:8|7:9|8:3|8:4|8:7|8:8|9:2|9:3|9:4,2183
349,2077,0.7701667778519012,0.0,0.0,0.0,0.0,35,death,0,1,monster,0,17,17,0:0|0:1|1:1|1:2|2:0|2:1|2:4|3:0|3:4|3:5|4:0|4:4|5:0|5:1|5:2|5:3|5:4,2184
350,2078,0.7695063375583723,3.0,3.0,0.0,3.0,71,victory,1,0,,0,43,41,0:0|1:0|1:1|2:1|2:2|2:7|2:8|3:2|3:7|3:8|3:9|4:1|4:2|4:6|4:7|4:8|4:9|5:1|5:2|5:6|5:8|6:0|6:1|6:6|6:8|7:0|7:1|7:2|7:5|7:6|7:8|7:9|8:2|8:3|8:4|8:5|8:6|8:8|8:9|9:8|9:9,2185
351,2079,0.7688458972648432,1.0,1.0,0.0,1.0,151,death,0,1,monster,0,49,41,0:0|1:0|1:2|2:0|2:1|2:2|3:0|3:1|3:2|4:0|4:1|4:2|5:1|5:2|5:4|5:5|6:0|6:1|6:2|6:5|6:6|6:7|7:0|7:1|7:2|7:3|7:4|7:5|8:1|8:2|8:3|8:4|8:5|8:6|8:7|9:1|9:2|9:3|9:4|9:5|9:6,2185
352,2080,0.7681854569713142,3.0,3.0,0.0,3.0,65,victory,1,0,,0,44,38,0:0|1:0|2:0|2:1|2:2|2:7|3:2|3:7|4:1|4:2|4:7|5:0|5:1|5:2|5:7|5:8|6:0|6:1|6:2|6:3|6:7|6:8|7:0|7:2|7:7|8:2|8:6|8:7|8:8|8:9|9:2|9:3|9:4|9:5|9:6|9:7|9:8|9:9,2189
353,2081,0.7675250166777852,1.0,1.0,0.0,1.0,81,death,0,1,monster,0,49,39,0:0|1:0|2:0|2:1|2:2|2:4|3:2|3:4|3:5|4:1|4:2|4:4|4:5|5:1|5:2|5:3|5:4|5:5|6:0|6:1|6:2|6:3|6:4|6:5|6:6|6:8|7:0|7:1|7:2|7:3|7:4|7:5|7:6|7:7|7:8|8:0|8:1|8:2|8:3,2192
354,2082,0.7668645763842562,1.0,1.0,0.0,1.0,45,death,0,1,monster,0,25,25,0:0|1:0|2:0|3:0|3:1|3:2|4:0|4:1|4:2|5:0|5:1|5:2|6:0|6:1|6:2|6:3|7:2|8:2|9:2|9:3|9:4|9:5|9:6|9:7|9:8,2192
355,2083,0.7662041360907271,3.0,3.0,0.0,3.0,102,victory,1,0,,0,51,44,0:0|0:1|0:2|1:0|1:1|1:2|2:0|2:1|2:7|3:0|3:1|3:7|3:8|4:0|4:8|4:9|5:0|5:7|5:8|6:0|6:6|6:7|6:8|7:0|7:1|7:2|7:3|7:6|7:7|7:8|8:1|8:2|8:3|8:4|8:5|8:6|8:7|8:8|9:2|9:3|9:4|9:5|9:6|9:7,2193
356,2084,0.7655436957971982,2.0,2.0,0.0,2.0,92,death,0,1,monster,0,51,40,0:0|1:0|1:1|2:0|2:1|3:0|3:1|3:2|4:0|4:1|4:2|5:0|5:1|5:2|5:3|6:0|6:1|6:2|6:3|6:4|6:5|6:6|6:7|6:8|6:9|7:2|7:3|7:4|7:6|7:7|7:8|7:9|8:2|8:3|8:6|8:7|8:8|8:9|9:8|9:9,2201
357,2085,0.7648832555036691,3.0,3.0,0.0,3.0,64,victory,1,0,,0,37,34,0:0|0:1|0:2|1:1|1:2|2:1|2:7|2:8|2:9|3:1|3:2|3:8|4:2|4:8|4:9|5:2|5:9|6:2|6:8|6:9|7:2|7:8|7:9|8:2|8:3|8:7|8:8|8:9|9:3|9:4|9:5|9:6|9:7|9:8,2201
358,2086,0.7642228152101401,1.0,1.0,0.0,1.0,46,death,0,1,monster,0,29,25,0:0|0:5|0:6|0:7|1:0|1:1|1:2|1:3|1:4|1:5|1:6|1:7|1:9|2:3|2:4|2:5|2:6|2:7|2:8|2:9|3:8|3:9|4:7|4:8|4:9,2202
359,2087,0.763562374916611,3.0,3.0,0.0,3.0,142,victory,1,0,,0,57,51,0:0|1:0|1:1|2:1|2:7|3:1|3:2|3:6|3:7|3:8|3:9|4:1|4:2|4:6|4:7|4:8|4:9|5:1|5:2|5:3|5:6|5:7|5:8|6:1|6:2|6:3|6:7|6:8|6:9|7:1|7:2|7:3|7:4|7:5|7:6|7:7|7:8|7:9|8:2|8:3|8:4|8:5|8:6|8:7|8:8|8:9|9:2|9:4|9:5|9:8|9:9,2204
360,2088,0.7629019346230821,3.0,3.0,0.0,3.0,83,victory,1,0,,0,48,44,0:0|1:0|2:0|2:1|2:7|3:1|3:4|3:5|3:6|3:7|4:0|4:1|4:2|4:4|4:5|4:6|5:0|5:1|5:2|5:3|5:5|5:6|6:0|6:1|6:2|6:3|6:4|6:5|6:6|6:7|7:0|7:1|7:2|7:3|7:4|7:6|7:7|8:0|8:1|8:2|8:3|8:7|8:8|9:1,2204
361,2089,0.762241494329553,3.0,3.0,0.0,3.0,91,victory,1,0,,0,55,49,0:0|0:1|0:2|1:0|1:1|1:2|2:1|2:7|3:0|3:1|3:2|3:5|3:6|3:7|4:0|4:1|4:2|4:6|4:7|4:8|5:0|5:1|5:2|5:3|5:7|5:8|6:0|6:1|6:2|6:3|6:4|6:7|7:1|7:2|7:4|7:6|7:7|8:4|8:5|8:6|8:7|8:8|8:9|9:4|9:5|9:6|9:7|9:8|9:9,2205
362,2090,0.761581054036024,2.0,2.0,0.0,2.0,70,death,0,1,monster,0,32,29,0:0|0:1|1:0|2:0|3:0|4:0|4:1|5:0|5:1|6:0|6:1|6:2|7:0|7:1|7:2|7:3|8:1|8:2|8:3|8:7|8:8|8:9|9:1|9:3|9:4|9:5|9:6|9:7|9:9,2205
363,2091,0.760920613742495,1.0,1.0,0.0,1.0,40,death,0,1,monster,0,30,26,0:0|1:0|2:0|2:1|2:2|2:3|3:2|4:0|4:1|4:2|5:0|5:1|5:3|5:4|6:0|6:1|6:2|6:3|7:0|7:1|7:2|8:0|8:1|8:2|9:1|9:2,2206
364,2092,0.760260173448966,3.0,3.0,0.0,3.0,169,victory,1,0,,0,65,59,0:0|0:1|0:2|0:7|0:8|0:9|1:0|1:1|1:2|1:7|1:8|1:9|2:0|2:1|2:7|2:8|2:9|3:0|3:7|3:8|3:9|4:0|4:1|4:2|4:9|5:0|5:1|5:2|5:3|5:4|5:9|6:0|6:1|6:2|6:3|6:4|6:9|7:0|7:1|7:2|7:3|7:4|7:5|7:6|7:7|7:8|7:9|8:1|8:4|8:5|8:6|8:7|8:8|8:9|9:5|9:6|9:7|9:8|9:9,2208
365,2093,0.7595997331554369,2.0,2.0,0.0,2.0,350,truncated,0,0,,1,110,75,0:0|0:1|0:2|0:3|0:4|0:5|0:6|0:7|0:8|0:9|1:0|1:1|1:2|1:3|1:4|1:5|1:6|1:7|1:8|1:9|2:0|2:1|2:2|2:3|2:4|2:5|2:6|2:7|2:8|2:9|3:0|3:1|3:2|3:4|3:5|3:6|3:7|3:8|3:9|4:0|4:1|4:2|4:4|4:5|4:9|5:2|5:3|5:4|5:5|5:6|5:8|5:9|6:2|6:3|6:4|6:5|6:6|6:7|6:8|6:9|7:4|7:5|7:6|7:7|7:8|7:9|8:5|8:6|8:7|8:8|8:9|9:6|9:7|9:8|9:9,2225
366,2094,0.7589392928619079,3.0,3.0,0.0,3.0,159,victory,1,0,,0,65,61,0:0|0:1|0:6|0:7|1:0|1:6|1:7|1:8|2:0|2:6|2:7|2:8|2:9|3:0|3:2|3:6|3:7|3:8|3:9|4:0|4:1|4:2|4:6|4:7|4:8|4:9|5:0|5:1|5:2|5:7|5:8|5:9|6:1|6:2|6:3|6:4|6:5|6:6|6:7|7:1|7:2|7:4|7:5|7:6|7:7|7:8|7:9|8:2|8:3|8:4|8:5|8:6|8:7|8:8|8:9|9:2|9:3|9:4|9:5|9:6|9:9,2225
367,2095,0.7582788525683789,0.0,0.0,0.0,0.0,31,death,0,1,monster,0,15,14,0:0|1:0|1:1|2:0|2:1|3:0|3:2|4:0|4:1|4:2|5:2|5:3|6:2|6:3,2228
368,2096,0.7576184122748499,3.0,3.0,0.0,3.0,110,victory,1,0,,0,50,43,0:0|1:0|2:0|2:7|2:8|2:9|3:0|3:7|3:8|3:9|4:0|4:1|4:7|4:8|4:9|5:1|5:8|5:9|6:1|6:7|6:8|6:9|7:0|7:1|7:2|7:3|7:4|7:7|7:8|8:0|8:1|8:2|8:3|8:4|8:6|8:7|8:8|9:1|9:2|9:3|9:4|9:5|9:6,2228
369,2097,0.7569579719813209,1.0,1.0,0.0,1.0,56,death,0,1,monster,0,27,26,0:0|1:0|2:0|2:1|3:0|3:1|4:0|5:0|5:1|5:2|5:3|6:0|6:1|6:2|7:1|7:2|7:3|7:4|8:1|8:2|8:3|8:4|8:5|9:2|9:3|9:4,2231
370,2098,0.7562975316877919,1.0,1.0,0.0,1.0,54,death,0,1,monster,0,24,20,0:0|1:0|1:1|2:0|2:1|2:2|2:3|3:0|3:1|3:2|4:0|4:1|4:2|5:0|5:1|5:2|6:1|6:2|7:2|7:3,2232
371,2099,0.7556370913942628,3.0,3.0,0.0,3.0,231,victory,1,0,,0,94,75,0:0|0:1|0:2|0:3|0:7|0:8|1:0|1:1|1:2|1:3|1:4|1:5|1:7|1:8|1:9|2:0|2:1|2:2|2:3|2:4|2:5|2:7|2:8|2:9|3:0|3:1|3:2|3:4|3:5|3:6|3:7|3:8|3:9|4:0|4:6|4:7|4:8|4:9|5:0|5:1|5:4|5:5|5:6|5:7|5:8|6:0|6:1|6:2|6:3|6:4|6:5|6:6|6:7|6:8|7:0|7:1|7:2|7:3|7:4|7:5|7:7|7:8|8:0|8:1|8:2|8:3|8:4|8:5|8:6|8:7|8:8|9:0|9:1|9:2|9:3,2241
372,2100,0.7549766511007339,2.0,2.0,0.0,2.0,52,death,0,1,monster,0,36,33,0:0|0:1|1:0|1:1|2:0|2:1|3:1|4:1|5:1|5:2|6:0|6:1|6:2|6:3|6:9|7:0|7:1|7:2|7:3|7:4|7:5|7:8|7:9|8:1|8:2|8:5|8:6|8:7|8:8|8:9|9:2|9:7|9:8,2241
373,2101,0.7543162108072048,3.0,3.0,0.0,3.0,68,victory,1,0,,0,45,37,0:0|1:0|1:1|2:1|2:7|3:1|3:6|3:7|3:8|3:9|4:1|4:6|4:7|4:8|4:9|5:1|5:6|5:7|5:8|6:1|6:2|6:5|6:6|6:7|6:8|6:9|7:2|7:4|7:6|7:8|8:2|8:3|8:4|8:5|8:6|8:8|8:9,2241
374,2102,0.7536557705136757,0.0,0.0,0.0,0.0,26,death,0,1,monster,0,19,14,0:0|0:1|1:0|1:1|1:2|1:3|1:4|1:6|2:3|2:4|2:5|2:6|3:5|3:6,2244
375,2103,0.7529953302201468,2.0,2.0,0.0,2.0,54,death,0,1,monster,0,34,28,0:0|1:0|2:0|2:1|3:0|3:1|4:0|4:1|4:2|5:2|6:2|7:1|7:2|7:8|7:9|8:2|8:3|8:4|8:5|8:7|8:8|8:9|9:4|9:5|9:6|9:7|9:8|9:9,2246
376,2104,0.7523348899266178,1.0,1.0,0.0,1.0,18,death,0,1,monster,0,18,15,0:0|1:0|1:1|1:2|2:2|3:2|4:2|5:2|6:2|6:3|6:5|7:2|7:3|7:4|7:5,2246
377,2105,0.7516744496330887,3.0,3.0,0.0,3.0,155,victory,1,0,,0,74,54,0:0|0:1|0:2|1:1|1:2|2:1|2:2|2:5|2:6|2:7|3:1|3:2|3:6|3:7|4:1|4:2|4:6|4:7|5:1|5:2|5:3|5:4|5:5|5:7|6:0|6:1|6:2|6:3|6:4|6:5|6:6|6:7|7:0|7:1|7:2|7:3|7:4|7:5|7:6|7:7|7:8|8:1|8:2|8:3|8:4|8:5|8:6|8:7|8:8|9:2|9:3|9:4|9:5|9:6,2250
378,2106,0.7510140093395598,2.0,2.0,0.0,2.0,145,death,0,1,monster,0,70,57,0:0|1:0|1:1|1:2|2:2|3:1|3:2|3:7|3:8|3:9|4:0|4:1|4:2|4:9|5:0|5:1|5:2|5:3|5:6|5:7|5:8|5:9|6:0|6:1|6:2|6:3|6:4|6:6|6:7|6:8|6:9|7:0|7:1|7:2|7:3|7:4|7:6|7:7|7:8|7:9|8:0|8:1|8:2|8:3|8:4|8:5|8:6|8:7|8:8|8:9|9:2|9:3|9:4|9:5|9:6|9:8|9:9,2251
379,2107,0.7503535690460307,2.0,2.0,0.0,2.0,100,death,0,1,monster,0,59,51,0:0|1:0|1:2|2:0|2:1|2:2|3:1|3:2|3:7|3:9|4:1|4:2|4:4|4:5|4:6|4:7|4:8|4:9|5:1|5:2|5:3|5:4|5:7|5:8|6:0|6:1|6:2|6:3|6:4|6:5|6:6|6:7|7:0|7:1|7:2|7:3|7:5|7:6|7:7|8:1|8:2|8:3|8:4|8:5|8:6|8:7|8:8|9:4|9:5|9:6|9:7,2252
380,2108,0.7496931287525017,2.0,2.0,0.0,2.0,107,death,0,1,monster,0,54,48,0:0|0:1|1:0|1:1|2:0|2:1|2:2|3:0|3:1|3:2|4:0|4:2|4:8|4:9|5:2|5:6|5:7|5:8|5:9|6:0|6:1|6:2|6:5|6:7|6:8|6:9|7:0|7:1|7:2|7:3|7:4|7:5|7:8|7:9|8:1|8:2|8:3|8:4|8:5|8:6|8:7|8:8|9:2|9:3|9:4|9:5|9:6|9:7,2254
381,2109,0.7490326884589726,3.0,3.0,0.0,3.0,277,victory,1,0,,0,123,82,0:0|0:1|0:2|0:3|0:4|1:0|1:1|1:2|1:3|1:4|1:5|1:6|1:7|2:0|2:1|2:2|2:3|2:4|2:5|2:6|2:7|2:9|3:0|3:1|3:2|3:4|3:5|3:6|3:7|3:8|3:9|4:0|4:1|4:2|4:4|4:5|4:6|4:8|5:0|5:1|5:2|5:3|5:4|5:6|5:7|5:8|5:9|6:0|6:1|6:2|6:3|6:4|6:6|6:7|6:8|6:9|7:0|7:1|7:2|7:3|7:4|7:5|7:6|7:7|7:8|8:0|8:1|8:2|8:3|8:4|8:5|8:6|8:7|8:8|8:9|9:1|9:3|9:4|9:6|9:7|9:8|9:9,2260
382,2110,0.7483722481654436,3.0,3.0,0.0,3.0,183,victory,1,0,,0,84,52,0:0|0:1|1:0|1:1|2:0|2:7|3:0|3:7|3:8|3:9|4:0|4:5|4:6|4:9|5:0|5:1|5:5|5:6|5:7|5:8|5:9|6:1|6:2|6:3|6:4|6:5|6:6|6:7|6:8|6:9|7:1|7:2|7:3|7:4|7:5|7:6|7:7|7:8|7:9|8:2|8:3|8:4|8:5|8:6|8:7|8:8|8:9|9:3|9:4|9:6|9:7|9:9,2262
383,2111,0.7477118078719146,1.0,1.0,0.0,1.0,37,death,0,1,monster,0,28,25,0:0|0:1|0:2|1:2|2:1|2:2|3:1|3:2|4:2|5:2|6:2|6:4|6:5|6:6|7:2|7:3|7:5|7:6|8:2|8:3|8:4|8:5|9:3|9:4|9:5,2264
384,2112,0.7470513675783856,3.0,3.0,0.0,3.0,104,victory,1,0,,0,69,56,0:0|0:1|1:1|2:1|2:2|2:7|3:0|3:1|3:2|3:6|3:7|3:8|3:9|4:0|4:1|4:2|4:4|4:5|4:6|4:7|4:8|4:9|5:0|5:1|5:4|5:5|5:6|5:7|5:8|5:9|6:0|6:1|6:2|6:4|6:5|6:6|6:7|6:8|6:9|7:1|7:2|7:6|7:7|7:8|8:1|8:2|8:3|8:4|8:5|8:6|8:7|8:8|9:4|9:5|9:6|9:8,2265
385,2113,0.7463909272848566,0.0,0.0,0.0,0.0,16,death,0,1,monster,0,13,11,0:0|1:0|2:0|2:1|2:2|3:1|3:2|4:2|5:2|5:3|6:2,2265
386,2114,0.7457304869913275,3.0,3.0,0.0,3.0,136,victory,1,0,,0,57,50,0:0|1:0|1:1|1:8|1:9|2:0|2:1|2:7|2:8|2:9|3:0|3:7|3:8|3:9|4:0|4:1|4:2|4:9|5:0|5:1|5:2|5:3|5:9|6:0|6:1|6:2|6:3|6:4|6:9|7:0|7:1|7:2|7:3|7:8|7:9|8:0|8:1|8:2|8:3|8:4|8:5|8:6|8:7|8:8|9:0|9:1|9:2|9:6|9:7|9:8,2265
387,2115,0.7450700466977985,0.0,0.0,0.0,0.0,22,death,0,1,monster,0,15,13,0:0|0:1|1:1|2:1|3:1|4:1|4:2|5:0|5:1|5:2|5:3|6:1|6:2,2266
388,2116,0.7444096064042696,3.0,3.0,0.0,3.0,181,victory,1,0,,0,55,52,0:0|1:0|1:1|2:1|2:7|2:8|2:9|3:1|3:6|3:7|3:8|3:9|4:1|4:2|4:6|4:7|4:8|4:9|5:0|5:1|5:2|5:9|6:1|6:2|6:3|6:4|6:5|6:6|6:7|6:8|6:9|7:2|7:3|7:4|7:5|7:6|7:7|7:8|7:9|8:2|8:3|8:4|8:5|8:6|8:7|8:8|8:9|9:5|9:6|9:7|9:8|9:9,2266
389,2117,0.7437491661107405,2.0,2.0,0.0,2.0,71,death,0,1,monster,0,40,34,0:0|1:0|2:0|2:1|3:0|3:1|4:0|4:1|5:0|5:1|5:5|5:9|6:0|6:1|6:5|6:6|6:8|6:9|7:1|7:2|7:3|7:4|7:5|7:6|7:7|7:8|7:9|8:2|8:6|8:7|8:8|9:6|9:7|9:8,2267
390,2118,0.7430887258172114,3.0,3.0,0.0,3.0,131,victory,1,0,,0,49,47,0:0|1:0|2:0|2:7|3:0|3:7|3:8|3:9|4:0|4:8|4:9|5:0|5:1|5:2|5:3|5:4|5:8|5:9|6:1|6:2|6:3|6:4|6:7|6:8|6:9|7:1|7:2|7:3|7:4|7:5|7:6|7:7|7:8|7:9|8:1|8:2|8:3|8:4|8:5|8:6|8:7|8:8|8:9|9:2|9:3|9:4|9:5,2267
391,2119,0.7424282855236825,3.0,3.0,0.0,3.0,120,victory,1,0,,0,67,60,0:0|0:1|0:2|1:0|1:1|1:2|2:0|2:1|2:2|2:3|2:4|2:7|3:0|3:4|3:5|3:7|3:8|3:9|4:0|4:1|4:2|4:5|4:6|4:7|4:8|4:9|5:0|5:1|5:2|5:3|5:4|5:5|5:6|5:7|5:9|6:1|6:2|6:3|6:4|6:5|6:7|6:9|7:0|7:1|7:2|7:9|8:0|8:1|8:2|8:3|8:4|8:5|8:7|8:8|8:9|9:2|9:3|9:5|9:6|9:7,2268
392,2120,0.7417678452301535,3.0,3.0,0.0,3.0,118,victory,1,0,,0,59,50,0:0|0:1|1:0|1:1|2:0|2:1|2:7|3:0|3:7|3:8|4:0|4:1|4:8|4:9|5:0|5:1|5:2|5:8|5:9|6:0|6:1|6:5|6:6|6:7|6:8|6:9|7:1|7:2|7:4|7:5|7:6|7:7|7:8|7:9|8:1|8:2|8:3|8:5|8:6|8:7|8:8|8:9|9:2|9:3|9:4|9:5|9:6|9:7|9:8|9:9,2271
393,2121,0.7411074049366244,2.0,2.0,0.0,2.0,115,death,0,1,monster,0,37,35,0:0|0:1|1:0|1:1|2:0|2:1|3:0|3:1|4:0|4:1|5:0|5:1|5:2|6:0|6:1|6:2|6:8|6:9|7:0|7:1|7:2|7:3|7:4|7:8|8:2|8:3|8:4|8:5|8:6|8:7|8:8|9:3|9:4|9:5|9:6,2271
394,2122,0.7404469646430955,2.0,2.0,0.0,2.0,108,death,0,1,monster,0,43,40,0:0|1:0|2:0|3:0|3:6|3:7|3:9|4:0|4:1|4:2|4:6|4:7|4:8|4:9|5:0|5:2|5:5|5:6|5:7|5:8|5:9|6:2|6:5|6:6|6:7|6:9|7:2|7:3|7:4|7:5|7:6|7:7|7:8|7:9|8:4|8:5|8:6|8:7|8:8|9:7,2274
395,2123,0.7397865243495664,3.0,3.0,0.0,3.0,124,victory,1,0,,0,48,43,0:0|1:0|2:0|2:7|3:0|3:7|4:0|4:7|4:8|5:0|5:1|5:7|5:8|5:9|6:0|6:1|6:2|6:6|6:7|6:8|6:9|7:0|7:1|7:2|7:3|7:4|7:5|7:6|7:7|7:8|7:9|8:0|8:1|8:2|8:5|8:6|8:7|8:8|8:9|9:6|9:7|9:8|9:9,2276
396,2124,0.7391260840560374,3.0,3.0,0.0,3.0,103,victory,1,0,,0,56,48,0:0|0:1|1:0|1:1|1:2|1:3|1:4|1:5|1:6|1:7|2:0|2:1|2:2|2:3|2:6|2:7|2:8|2:9|3:0|3:1|3:2|3:6|3:7|3:8|3:9|4:0|4:1|4:2|4:7|4:8|4:9|5:0|5:1|5:7|5:8|5:9|6:0|6:1|6:2|6:8|7:0|7:1|7:2|7:8|7:9|8:8|8:9|9:9,2276
397,2125,0.7384656437625083,1.0,1.0,0.0,1.0,37,death,0,1,monster,0,22,21,0:0|1:0|1:1|1:2|2:0|2:1|2:2|3:2|4:2|4:4|4:5|5:1|5:2|5:4|6:1|6:2|6:4|6:5|7:2|7:3|7:4,2277
398,2126,0.7378052034689793,1.0,1.0,0.0,1.0,24,death,0,1,monster,0,17,17,0:0|0:1|0:2|0:3|0:4|1:1|1:2|1:3|1:4|1:5|1:6|2:4|2:6|2:7|3:7|4:7|5:7,2279
399,2127,0.7371447631754503,3.0,3.0,0.0,3.0,92,victory,1,0,,0,42,38,0:0|0:1|1:0|1:1|1:2|2:0|2:7|3:0|3:7|4:0|4:7|5:0|5:1|5:3|5:7|5:8|6:1|6:2|6:3|6:4|6:8|7:2|7:3|7:4|7:5|7:8|8:2|8:3|8:4|8:5|8:6|8:7|8:8|9:3|9:4|9:5|9:6|9:7,2279
400,2128,0.7364843228819213,2.0,2.0,0.0,2.0,103,death,0,1,monster,0,46,41,0:0|0:1|1:0|2:0|3:0|3:1|4:1|5:0|5:1|5:2|5:3|5:5|5:6|6:0|6:1|6:2|6:3|6:4|6:5|6:6|6:7|6:8|7:0|7:1|7:2|7:3|7:4|7:5|7:6|7:8|8:0|8:1|8:2|8:3|8:4|8:5|8:6|8:7|8:8|9:2|9:3,2280
401,2129,0.7358238825883923,3.0,3.0,0.0,3.0,89,victory,1,0,,0,42,41,0:0|1:0|1:1|2:0|2:1|2:7|3:0|3:1|3:2|3:7|3:8|4:0|4:1|4:2|4:7|4:8|4:9|5:0|5:1|5:2|5:9|6:1|6:2|6:8|6:9|7:1|7:2|7:7|7:8|8:2|8:3|8:4|8:5|8:6|8:7|8:8|9:2|9:6|9:7|9:8|9:9,2280
402,2130,0.7351634422948632,3.0,3.0,0.0,3.0,99,victory,1,0,,0,42,41,0:0|1:0|2:0|2:1|2:7|3:0|3:1|3:7|3:8|4:0|4:1|4:8|4:9|5:1|5:8|5:9|6:1|6:2|6:8|7:2|7:3|7:4|7:6|7:7|7:8|8:0|8:1|8:3|8:4|8:5|8:6|8:7|8:8|9:0|9:1|9:2|9:3|9:4|9:5|9:6|9:7,2280
403,2131,0.7345030020013342,3.0,3.0,0.0,3.0,66,victory,1,0,,0,43,41,0:0|1:0|2:0|2:7|3:0|3:7|4:0|4:7|4:8|4:9|5:0|5:6|5:7|5:8|5:9|6:0|6:1|6:6|6:7|6:8|6:9|7:0|7:1|7:2|7:3|7:4|7:8|7:9|8:0|8:1|8:3|8:4|8:5|8:6|8:7|8:8|9:0|9:1|9:5|9:6|9:7,2281
404,2132,0.7338425617078053,1.0,1.0,0.0,1.0,38,death,0,1,monster,0,28,25,0:0|0:1|1:0|2:0|3:0|3:1|4:1|5:1|5:2|5:3|5:5|6:0|6:1|6:2|6:3|6:4|6:5|6:6|7:2|7:3|7:4|7:5|8:3|8:4|8:5,2281
405,2133,0.7331821214142762,3.0,3.0,0.0,3.0,98,victory,1,0,,0,64,56,0:0|1:0|1:5|1:6|1:7|2:0|2:4|2:5|2:7|3:0|3:1|3:2|3:4|3:5|4:1|4:2|4:4|4:5|5:2|5:3|5:4|5:5|5:6|5:8|6:2|6:3|6:4|6:5|6:6|6:7|6:8|6:9|7:0|7:1|7:2|7:3|7:4|7:5|7:6|7:7|7:8|7:9|8:0|8:1|8:2|8:3|8:4|8:5|8:6|8:7|8:8|8:9|9:0|9:6|9:7|9:9,2281
406,2134,0.7325216811207471,2.0,2.0,0.0,2.0,55,death,0,1,monster,0,33,29,0:0|0:1|0:2|1:0|1:1|1:2|1:3|1:4|1:5|1:6|2:1|2:3|2:4|2:6|2:7|2:8|3:8|3:9|4:8|4:9|5:9|6:8|6:9|7:8|7:9|8:8|8:9|9:7|9:8,2285
407,2135,0.7318612408272182,2.0,2.0,0.0,2.0,50,death,0,1,monster,0,26,26,0:0|1:0|2:0|3:0|4:0|5:0|5:1|6:1|6:2|6:3|6:5|7:2|7:3|7:5|7:6|7:7|8:3|8:5|8:6|8:7|8:8|9:2|9:3|9:4|9:5|9:6,2287
408,2136,0.7312008005336892,1.0,1.0,0.0,1.0,54,death,0,1,monster,0,32,30,0:0|1:0|2:0|3:0|4:0|4:1|5:0|5:1|6:0|6:7|6:8|7:0|7:1|7:2|7:3|7:5|7:7|8:0|8:1|8:2|8:3|8:5|8:6|8:7|9:0|9:2|9:3|9:4|9:5|9:6,2287
409,2137,0.7305403602401601,3.0,3.0,0.0,3.0,41,victory,1,0,,0,31,29,0:0|1:0|1:1|2:1|2:2|2:7|3:2|3:7|3:8|4:2|4:7|4:8|5:2|5:7|6:2|6:7|7:2|7:7|7:8|8:2|8:3|8:4|8:5|8:6|8:7|8:8|9:2|9:3|9:4,2287
410,2138,0.729879919946631,3.0,3.0,0.0,3.0,143,victory,1,0,,0,72,59,0:0|1:0|1:1|1:4|1:5|1:6|1:7|1:8|2:0|2:1|2:2|2:3|2:4|2:5|2:7|2:8|3:0|3:1|3:2|3:7|3:8|3:9|4:0|4:1|4:2|4:7|4:8|4:9|5:0|5:1|5:2|5:3|5:4|5:5|5:6|5:7|5:8|5:9|6:2|6:3|6:4|6:6|6:7|6:8|6:9|7:2|7:3|7:4|7:7|7:8|7:9|8:2|8:3|8:4|8:5|8:6|8:7|8:8|8:9,2290
411,2139,0.7292194796531021,2.0,2.0,0.0,2.0,82,death,0,1,monster,0,46,45,0:0|1:0|1:1|2:0|2:1|2:7|3:0|3:1|3:2|3:7|3:8|3:9|4:0|4:1|4:2|4:7|4:8|4:9|5:1|5:2|5:3|5:7|5:8|5:9|6:1|6:2|6:3|6:9|7:2|7:4|7:5|7:8|7:9|8:2|8:3|8:4|8:5|8:6|8:7|8:8|9:4|9:5|9:6|9:7|9:8,2292
412,2140,0.7285590393595731,2.0,2.0,0.0,2.0,66,death,0,1,monster,0,35,33,0:0|1:0|2:0|3:0|4:0|4:9|5:0|5:1|5:8|5:9|6:0|6:1|6:8|7:0|7:1|7:2|7:5|7:6|7:8|8:2|8:3|8:4|8:5|8:6|8:7|8:8|9:2|9:3|9:4|9:5|9:6|9:7|9:8,2292
413,2141,0.727898599066044,3.0,3.0,0.0,3.0,90,victory,1,0,,0,49,43,0:0|0:1|1:0|1:1|2:0|2:1|2:7|3:0|3:1|3:6|3:7|4:1|4:6|4:7|5:0|5:1|5:6|5:7|6:1|6:2|6:3|6:5|6:6|6:7|7:2|7:3|7:4|7:5|7:6|7:7|7:8|7:9|8:4|8:5|8:6|8:7|8:8|8:9|9:4|9:5|9:6|9:7|9:8,2294
414,2142,0.727238158772515,3.0,3.0,0.0,3.0,93,victory,1,0,,0,44,43,0:0|1:0|2:0|2:1|2:7|3:0|3:1|3:2|3:7|4:2|4:7|5:1|5:2|5:3|5:7|5:8|5:9|6:0|6:1|6:2|6:3|6:9|7:0|7:1|7:2|7:4|7:9|8:1|8:2|8:3|8:4|8:5|8:6|8:7|8:8|8:9|9:1|9:2|9:3|9:4|9:5|9:6|9:7,2294
415,2143,0.726577718478986,3.0,3.0,0.0,3.0,210,victory,1,0,,0,100,73,0:0|0:1|0:2|0:3|0:4|0:5|1:0|1:1|1:3|1:4|1:5|1:6|1:8|2:0|2:1|2:2|2:3|2:4|2:5|2:6|2:7|2:8|3:0|3:1|3:2|3:4|3:5|3:6|3:7|3:8|4:0|4:1|4:2|4:4|4:5|4:6|4:8|4:9|5:0|5:1|5:2|5:5|5:6|5:7|5:8|5:9|6:0|6:1|6:2|6:5|6:6|6:7|6:8|6:9|7:0|7:2|7:6|7:7|7:8|7:9|8:2|8:3|8:4|8:5|8:6|8:7|8:8|8:9|9:4|9:5|9:6|9:8|9:9,2302
416,2144,0.725917278185457,2.0,2.0,0.0,2.0,58,death,0,1,monster,0,36,31,0:0|1:0|2:0|2:1|3:0|3:1|4:0|4:1|4:2|5:1|5:2|6:0|6:1|6:2|6:3|6:8|7:2|7:7|7:8|8:2|8:3|8:4|8:6|8:7|8:8|8:9|9:4|9:5|9:6|9:7|9:8,2302
417,2145,0.725256837891928,3.0,3.0,0.0,3.0,144,victory,1,0,,0,60,54,0:0|1:0|1:1|1:9|2:1|2:7|2:8|2:9|3:1|3:6|3:7|3:8|3:9|4:0|4:1|4:6|4:7|4:8|4:9|5:1|5:6|5:7|5:8|5:9|6:0|6:1|6:2|6:6|6:7|6:8|7:0|7:1|7:2|7:6|7:7|7:8|8:0|8:1|8:2|8:3|8:4|8:5|8:6|8:7|8:8|8:9|9:0|9:1|9:2|9:4|9:5|9:6|9:7|9:8,2302
418,2146,0.7245963975983989,1.0,1.0,0.0,1.0,125,death,0,1,monster,0,57,46,0:0|0:4|0:5|0:6|0:7|0:8|1:0|1:2|1:3|1:4|1:5|1:6|1:7|1:8|2:0|2:1|2:2|2:4|2:5|2:6|2:7|2:8|2:9|3:0|3:1|3:4|3:5|3:6|3:8|3:9|4:0|4:1|4:6|4:7|4:8|4:9|5:1|5:6|5:7|5:8|5:9|6:6|6:7|6:8|6:9|7:7,2307
419,2147,0.7239359573048699,2.0,2.0,0.0,2.0,137,death,0,1,monster,0,68,59,0:0|0:1|0:5|0:6|1:1|1:6|1:7|1:8|2:0|2:1|2:6|2:8|3:0|3:2|3:5|3:6|3:7|3:8|3:9|4:0|4:1|4:2|4:4|4:5|4:6|4:7|4:8|4:9|5:2|5:3|5:4|5:5|5:6|5:7|5:8|5:9|6:2|6:3|6:4|6:5|6:6|6:7|6:8|6:9|7:2|7:7|7:8|7:9|8:2|8:3|8:4|8:5|8:6|8:7|8:8|8:9|9:5|9:6|9:7,2314
420,2148,0.723275517011341,3.0,3.0,0.0,3.0,51,victory,1,0,,0,36,35,0:0|0:1|1:0|1:1|2:0|2:7|3:0|3:1|3:7|3:8|4:1|4:2|4:8|4:9|5:2|5:6|5:7|5:8|5:9|6:2|6:5|6:6|6:7|7:2|7:6|7:7|8:2|8:3|8:6|8:7|8:8|9:3|9:4|9:5|9:6,2315
421,2149,0.7226150767178119,2.0,2.0,0.0,2.0,152,death,0,1,monster,0,71,51,0:0|0:1|0:2|0:4|0:5|0:6|0:7|0:8|0:9|1:0|1:1|1:2|1:3|1:4|1:5|1:7|1:8|1:9|2:0|2:1|2:2|2:4|2:5|2:6|2:7|2:8|3:2|3:4|3:5|3:6|3:8|3:9|4:2|4:4|4:5|4:6|4:7|4:8|4:9|5:8|5:9|6:8|6:9|7:8|7:9|8:8|8:9|9:6|9:7|9:8|9:9,2321
422,2150,0.7219546364242828,2.0,2.0,0.0,2.0,65,death,0,1,monster,0,43,41,0:0|1:0|1:1|2:0|2:1|2:2|3:0|3:1|3:2|4:0|4:1|4:2|4:8|4:9|5:0|5:1|5:2|5:4|5:5|5:6|5:7|5:8|5:9|6:2|6:7|6:8|6:9|7:2|7:4|7:5|7:6|7:7|7:8|7:9|8:2|8:3|8:4|8:6|8:7|8:8|8:9,2321
423,2151,0.7212941961307539,0.0,0.0,0.0,0.0,25,death,0,1,monster,0,16,14,0:0|1:0|2:0|3:0|4:0|4:1|4:2|4:4|5:0|5:1|5:2|5:3|5:4|6:2,2322
424,2152,0.7206337558372248,1.0,1.0,0.0,1.0,109,death,0,1,monster,0,53,41,0:0|0:1|1:0|2:0|2:1|3:0|3:1|3:4|4:0|4:1|4:4|4:5|4:6|5:0|5:1|5:2|5:3|5:4|5:5|5:6|6:0|6:1|6:2|6:3|6:4|6:5|6:6|7:1|7:2|7:3|7:4|7:5|7:6|8:2|8:3|8:4|8:5|8:6|9:2|9:3|9:4,2322
425,2153,0.7199733155436958,0.0,0.0,0.0,0.0,12,death,0,1,monster,0,12,12,0:0|1:0|2:0|3:0|4:0|5:0|5:1|5:2|5:3|5:4|5:5|6:5,2322
426,2154,0.7193128752501667,0.0,0.0,0.0,0.0,39,death,0,1,monster,0,24,22,0:0|0:1|0:2|0:9|1:0|1:1|1:2|1:5|1:6|1:7|1:8|1:9|2:0|2:2|2:3|2:4|2:5|2:6|2:8|3:5|3:6|3:7,2325
427,2155,0.7186524349566378,2.0,2.0,0.0,2.0,93,death,0,1,monster,0,43,42,0:0|1:0|2:0|2:8|3:0|3:8|4:0|4:8|4:9|5:0|5:1|5:8|5:9|6:1|6:2|6:3|6:4|6:6|6:7|6:8|6:9|7:1|7:2|7:3|7:4|7:6|7:7|7:8|7:9|8:1|8:2|8:3|8:4|8:5|8:6|8:7|8:8|8:9|9:2|9:5|9:6|9:7,2325
428,2156,0.7179919946631088,2.0,2.0,0.0,2.0,350,truncated,0,0,,1,87,69,0:0|0:1|0:2|1:0|1:1|1:2|1:7|1:8|1:9|2:0|2:1|2:6|2:7|2:8|2:9|3:0|3:1|3:6|3:7|3:8|3:9|4:0|4:1|4:2|4:5|4:6|4:7|4:8|4:9|5:0|5:1|5:2|5:3|5:4|5:5|5:6|5:7|5:8|5:9|6:1|6:2|6:3|6:4|6:5|6:6|6:7|6:8|6:9|7:3|7:4|7:5|7:6|7:7|7:8|7:9|8:2|8:3|8:4|8:5|8:6|8:7|8:8|8:9|9:3|9:5|9:6|9:7|9:8|9:9,2327
429,2157,0.7173315543695797,2.0,2.0,0.0,2.0,88,death,0,1,monster,0,41,38,0:0|0:1|0:2|1:0|1:1|2:0|2:1|2:2|3:0|3:1|3:2|4:0|4:1|4:2|5:2|6:2|6:6|6:7|6:8|6:9|7:2|7:4|7:5|7:6|7:7|7:8|7:9|8:2|8:3|8:4|8:5|8:6|8:7|8:8|8:9|9:5|9:6|9:7,2327
430,2158,0.7166711140760507,1.0,1.0,0.0,1.0,37,death,0,1,monster,0,25,22,0:0|1:0|2:0|3:0|4:0|5:0|5:1|5:2|5:4|6:0|6:1|6:2|6:4|7:1|7:2|7:3|7:4|7:5|8:3|8:4|8:5|9:5,2327
431,2159,0.7160106737825217,1.0,1.0,0.0,1.0,47,death,0,1,monster,0,29,24,0:0|0:1|1:0|1:1|1:2|2:0|2:2|2:3|2:4|3:4|3:5|4:5|5:3|5:4|5:5|6:2|6:3|7:2|7:3|8:2|8:3|8:4|8:5|8:6,2327
432,2160,0.7153502334889927,1.0,1.0,0.0,1.0,34,death,0,1,monster,0,24,24,0:0|0:1|1:0|1:1|2:0|2:1|2:6|2:7|2:8|3:1|3:2|3:4|3:5|3:6|3:8|4:2|4:4|4:8|5:2|5:3|5:4|5:7|5:8|6:7,2328
433,2161,0.7146897931954637,3.0,3.0,0.0,3.0,119,victory,1,0,,0,57,52,0:0|1:0|1:8|2:0|2:1|2:7|2:8|3:0|3:1|3:7|3:8|3:9|4:0|4:6|4:7|4:8|4:9|5:0|5:1|5:5|5:6|5:7|5:8|5:9|6:1|6:2|6:7|6:8|7:2|7:5|7:6|7:7|7:8|7:9|8:0|8:1|8:2|8:3|8:4|8:5|8:6|8:7|8:8|8:9|9:0|9:1|9:2|9:3|9:4|9:5|9:6|9:7,2328
434,2162,0.7140293529019346,3.0,3.0,0.0,3.0,234,victory,1,0,,0,79,62,0:0|0:1|0:2|1:0|1:1|1:2|1:7|1:8|2:0|2:2|2:7|2:8|2:9|3:0|3:1|3:6|3:7|3:8|3:9|4:0|4:6|4:7|4:8|4:9|5:0|5:1|5:2|5:3|5:4|5:5|5:7|5:8|5:9|6:1|6:2|6:3|6:4|6:7|6:8|6:9|7:0|7:1|7:2|7:3|7:4|7:7|7:8|7:9|8:0|8:1|8:2|8:3|8:4|8:5|8:6|8:7|8:8|8:9|9:0|9:1|9:7|9:8,2329
435,2163,0.7133689126084055,1.0,1.0,0.0,1.0,74,death,0,1,monster,0,39,34,0:0|0:1|0:2|0:4|0:5|0:6|0:7|0:8|1:0|1:1|1:2|1:3|1:4|1:5|1:6|1:7|1:8|2:3|2:4|2:5|2:6|2:7|2:8|3:5|3:6|3:7|4:5|4:7|5:7|6:6|6:7|7:5|7:6|7:7,2330
436,2164,0.7127084723148767,3.0,3.0,0.0,3.0,150,victory,1,0,,0,66,62,0:0|0:5|0:6|0:7|1:0|1:1|1:5|1:6|1:7|2:0|2:1|2:2|2:5|2:6|2:7|3:0|3:2|3:5|3:6|3:7|3:8|3:9|4:1|4:2|4:6|4:7|4:8|4:9|5:1|5:2|5:3|5:6|5:7|5:8|5:9|6:0|6:1|6:2|6:3|6:4|6:7|6:8|6:9|7:0|7:1|7:2|7:3|7:4|7:5|7:7|7:8|8:0|8:1|8:2|8:3|8:4|8:5|8:6|8:7|8:8|9:0|9:1,2330
437,2165,0.7120480320213476,3.0,3.0,0.0,3.0,94,victory,1,0,,0,38,35,0:0|1:0|2:0|2:7|3:0|3:7|4:0|4:7|4:8|5:0|5:1|5:7|5:8|6:1|6:2|6:3|6:8|7:1|7:2|7:3|7:4|7:8|8:2|8:3|8:4|8:8|8:9|9:2|9:3|9:4|9:5|9:6|9:7|9:8|9:9,2331
438,2166,0.7113875917278185,2.0,2.0,0.0,2.0,81,death,0,1,monster,0,47,41,0:0|0:1|0:2|1:0|1:1|1:2|2:1|3:0|3:1|3:2|4:2|5:2|5:3|5:6|5:7|5:8|5:9|6:1|6:2|6:3|6:6|6:7|6:8|6:9|7:2|7:3|7:6|7:7|7:8|7:9|8:2|8:3|8:4|8:5|8:6|8:7|8:8|8:9|9:5|9:6|9:7,2333
439,2167,0.7107271514342894,3.0,3.0,0.0,3.0,127,victory,1,0,,0,60,45,0:0|1:0|1:1|2:1|2:7|3:1|3:2|3:7|3:8|4:1|4:2|4:8|4:9|5:1|5:2|5:3|5:4|5:8|6:1|6:2|6:3|6:4|6:8|7:0|7:1|7:2|7:3|7:4|7:5|7:6|7:8|8:0|8:1|8:2|8:3|8:4|8:6|8:7|8:8|9:0|9:1|9:2|9:3|9:4|9:8,2334
440,2168,0.7100667111407605,2.0,2.0,0.0,2.0,233,death,0,1,monster,0,75,59,0:0|0:1|0:2|0:3|0:4|0:5|0:6|0:7|1:0|1:1|1:2|1:3|1:4|1:5|1:6|1:7|2:0|2:1|2:2|2:3|2:4|2:5|2:6|2:7|3:0|3:1|3:2|3:4|3:7|4:1|4:2|4:7|5:1|5:6|5:7|5:8|5:9|6:1|6:2|6:3|6:4|6:5|6:6|6:7|6:8|6:9|7:5|7:7|7:8|7:9|8:5|8:6|8:7|8:8|8:9|9:6|9:7|9:8|9:9,2342
441,2169,0.7094062708472315,3.0,3.0,0.0,3.0,59,victory,1,0,,0,38,37,0:0|1:0|2:0|2:7|3:0|3:7|3:8|3:9|4:0|4:6|4:7|4:8|4:9|5:0|5:1|5:6|5:7|5:8|5:9|6:1|6:2|6:7|6:8|6:9|7:2|7:3|7:4|7:5|7:7|8:4|8:6|8:7|8:8|9:4|9:5|9:6|9:8,2342
442,2170,0.7087458305537024,3.0,3.0,0.0,3.0,87,victory,1,0,,0,42,42,0:0|0:1|0:9|1:1|1:8|1:9|2:1|2:2|2:7|2:8|2:9|3:2|3:7|3:8|3:9|4:1|4:2|4:9|5:1|5:2|5:3|5:4|5:9|6:1|6:2|6:3|6:4|6:9|7:2|7:3|7:4|7:7|7:8|7:9|8:2|8:4|8:5|8:6|8:7|8:8|9:4|9:5,2342
443,2171,0.7080853902601735,2.0,2.0,0.0,2.0,67,death,0,1,monster,0,41,36,0:0|0:1|1:0|1:1|2:1|3:1|3:2|3:6|4:2|4:6|4:7|5:2|5:3|5:6|5:7|5:8|6:2|6:3|6:6|6:7|6:8|7:1|7:2|7:3|7:4|7:5|7:6|7:7|7:8|8:3|8:4|8:5|8:6|8:7|8:8|9:6,2343
444,2172,0.7074249499666444,3.0,3.0,0.0,3.0,172,victory,1,0,,0,72,65,0:0|0:1|0:3|0:4|0:5|0:6|0:7|0:8|0:9|1:1|1:3|1:4|1:5|1:6|1:7|1:8|1:9|2:1|2:2|2:3|2:4|2:5|2:6|2:7|2:8|2:9|3:2|3:5|3:6|3:7|3:8|3:9|4:2|4:6|4:7|4:8|4:9|5:6|5:7|5:8|5:9|6:6|6:7|6:8|6:9|7:0|7:2|7:6|7:7|7:8|7:9|8:0|8:1|8:2|8:7|8:8|8:9|9:0|9:2|9:3|9:4|9:5|9:6|9:7|9:9,2344
445,2173,0.7067645096731154,3.0,3.0,0.0,3.0,112,victory,1,0,,0,64,52,0:0|0:1|0:2|0:3|0:4|0:5|0:6|0:8|0:9|1:1|1:4|1:5|1:6|1:7|1:8|2:6|2:7|2:8|2:9|3:6|3:7|3:8|3:9|4:5|4:6|4:7|4:8|4:9|5:5|5:6|5:9|6:5|6:6|6:7|6:8|7:2|7:3|7:4|7:5|7:6|7:7|7:8|7:9|8:5|8:6|8:7|8:8|8:9|9:5|9:6|9:7|9:8,2347
446,2174,0.7061040693795864,2.0,2.0,0.0,2.0,134,death,0,1,monster,0,57,45,0:0|0:1|0:2|1:1|1:2|2:0|2:1|2:2|3:0|3:1|3:2|4:0|4:1|4:2|5:0|5:1|5:2|5:3|6:0|6:1|6:2|6:3|6:6|6:7|6:8|7:0|7:2|7:3|7:4|7:5|7:6|7:7|8:1|8:2|8:3|8:4|8:5|8:6|8:7|8:8|8:9|9:5|9:6|9:7|9:8,2348
447,2175,0.7054436290860574,2.0,2.0,0.0,2.0,58,death,0,1,monster,0,28,28,0:0|0:1|1:0|2:0|3:0|4:0|5:0|5:1|6:0|6:1|6:2|7:0|7:1|7:2|7:3|7:4|7:5|7:7|7:8|8:2|8:3|8:4|8:5|8:8|9:5|9:6|9:7|9:8,2348
448,2176,0.7047831887925284,2.0,2.0,0.0,2.0,111,death,0,1,monster,0,61,53,0:0|0:1|0:2|0:3|1:0|1:1|1:2|1:3|2:0|2:1|2:2|3:0|3:1|3:2|3:6|3:7|3:8|3:9|4:0|4:1|4:6|4:7|4:8|4:9|5:0|5:1|5:2|5:7|5:8|5:9|6:1|6:2|6:7|6:8|6:9|7:1|7:2|7:3|7:4|7:7|7:8|8:1|8:2|8:3|8:4|8:5|8:6|8:7|8:8|9:3|9:4|9:5|9:6,2348
449,2177,0.7041227484989994,2.0,2.0,0.0,2.0,124,death,0,1,monster,0,51,39,0:0|1:0|2:0|2:1|3:0|3:1|4:0|4:1|5:1|6:1|6:2|6:3|6:4|6:5|6:6|6:7|7:1|7:2|7:3|7:4|7:5|7:6|7:7|7:8|7:9|8:2|8:3|8:4|8:5|8:6|8:7|8:8|8:9|9:1|9:2|9:3|9:4|9:6|9:7,2348
450,2178,0.7034623082054703,3.0,3.0,0.0,3.0,248,victory,1,0,,0,88,67,0:0|0:1|0:2|0:7|0:8|0:9|1:0|1:1|1:2|1:3|1:4|1:5|1:7|1:8|1:9|2:0|2:2|2:4|2:5|2:6|2:7|2:8|2:9|3:0|3:2|3:4|3:5|3:6|3:7|3:8|3:9|4:0|4:1|4:2|4:4|4:7|4:8|4:9|5:0|5:7|5:8|5:9|6:7|6:8|6:9|7:2|7:3|7:4|7:6|7:7|7:8|7:9|8:2|8:3|8:4|8:5|8:6|8:7|8:8|8:9|9:2|9:3|9:4|9:5|9:6|9:7|9:9,2353
451,2179,0.7028018679119412,3.0,3.0,0.0,3.0,60,victory,1,0,,0,40,40,0:0|0:1|1:1|2:1|2:2|2:7|2:8|3:1|3:2|3:8|4:0|4:1|4:2|4:8|4:9|5:1|5:8|5:9|6:1|6:2|6:3|6:8|7:1|7:2|7:3|7:4|7:5|7:6|7:8|8:3|8:4|8:5|8:6|8:7|8:8|9:4|9:5|9:6|9:7|9:8,2353
452,2180,0.7021414276184124,3.0,3.0,0.0,3.0,130,victory,1,0,,0,53,47,0:0|1:0|2:0|2:6|2:7|3:0|3:6|4:0|4:4|4:5|4:6|4:7|5:0|5:1|5:5|5:6|5:7|6:0|6:1|6:2|6:6|6:7|6:8|6:9|7:1|7:2|7:3|7:4|7:5|7:6|7:7|7:8|7:9|8:1|8:2|8:3|8:4|8:5|8:6|8:7|8:8|9:1|9:2|9:3|9:4|9:5|9:6,2353
453,2181,0.7014809873248833,3.0,3.0,0.0,3.0,101,victory,1,0,,0,56,50,0:0|1:0|2:0|2:7|3:0|3:5|3:6|3:7|4:0|4:1|4:2|4:5|4:6|4:7|4:8|5:0|5:1|5:2|5:3|5:5|5:7|5:8|6:2|6:3|6:4|6:5|6:8|6:9|7:1|7:2|7:3|7:4|7:5|7:7|7:8|7:9|8:3|8:4|8:5|8:6|8:7|8:8|8:9|9:2|9:3|9:4|9:6|9:7|9:8|9:9,2353
454,2182,0.7008205470313542,1.0,1.0,0.0,1.0,56,death,0,1,monster,0,32,28,0:0|1:0|1:1|2:1|3:0|3:1|3:2|4:0|4:1|4:2|4:4|5:0|5:1|5:3|5:4|6:1|6:2|6:3|6:4|7:1|7:2|7:3|7:4|8:4|9:3|9:4|9:5|9:6,2353
455,2183,0.7001601067378251,2.0,2.0,0.0,2.0,205,death,0,1,monster,0,82,62,0:0|0:2|0:3|0:4|0:5|0:6|0:7|1:0|1:1|1:3|1:4|1:5|1:6|1:7|1:8|2:0|2:1|2:2|2:3|2:4|2:5|2:6|2:7|2:8|2:9|3:0|3:4|3:5|3:6|3:7|3:8|3:9|4:0|4:4|4:5|4:6|4:7|4:8|4:9|5:0|5:1|5:2|5:4|5:5|5:6|5:7|5:8|5:9|6:0|6:1|6:2|6:3|6:4|6:7|6:8|7:0|7:1|7:2|7:3|7:4|7:8|8:8,2361
456,2184,0.6994996664442962,1.0,1.0,0.0,1.0,27,death,0,1,monster,0,20,16,0:0|1:0|2:0|3:0|3:1|4:0|5:0|5:1|5:2|5:3|6:0|6:1|6:2|6:3|7:2|7:3,2361
457,2185,0.6988392261507672,1.0,1.0,0.0,1.0,73,death,0,1,monster,0,45,43,0:0|0:1|0:2|0:3|1:0|1:2|1:3|2:2|2:3|2:4|2:5|2:6|3:2|3:4|3:5|3:6|3:7|3:8|4:2|4:5|4:7|4:8|5:1|5:2|5:3|5:4|5:7|5:8|6:1|6:2|6:3|6:4|6:5|6:6|6:7|6:8|7:1|7:2|7:3|7:4|7:7|7:8|8:4,2362
458,2186,0.6981787858572381,1.0,1.0,0.0,1.0,40,death,0,1,monster,0,30,23,0:0|0:1|1:1|1:2|2:2|3:2|4:1|4:2|5:0|5:1|5:2|5:3|6:1|6:2|6:3|7:1|7:2|7:3|8:1|8:2|8:3|9:1|9:2,2363
459,2187,0.6975183455637091,3.0,3.0,0.0,3.0,47,victory,1,0,,0,31,30,0:0|1:0|2:0|2:7|3:0|3:7|4:0|4:1|4:7|4:8|5:0|5:1|5:2|5:7|5:8|6:2|6:4|6:8|7:2|7:3|7:4|7:5|7:6|7:7|7:8|7:9|8:7|8:8|8:9|9:8,2363
460,2188,0.6968579052701801,3.0,3.0,0.0,3.0,85,victory,1,0,,0,54,43,0:0|1:0|1:1|1:2|2:1|2:2|2:6|2:7|3:2|3:6|4:1|4:2|4:6|5:1|5:2|5:3|5:4|5:5|5:6|5:7|6:1|6:2|6:3|6:4|6:5|6:6|6:7|7:1|7:2|7:3|7:4|7:5|7:6|7:7|7:8|8:3|8:4|8:5|8:6|8:7|8:8|9:4|9:5,2364
461,2189,0.6961974649766511,3.0,3.0,0.0,3.0,59,victory,1,0,,0,39,39,0:0|0:1|1:0|1:1|2:0|2:6|2:7|3:0|3:6|4:0|4:1|4:6|4:7|5:0|5:1|5:7|6:0|6:1|6:2|6:7|6:8|6:9|7:0|7:1|7:2|7:9|8:2|8:3|8:4|8:5|8:7|8:8|8:9|9:4|9:5|9:6|9:7|9:8|9:9,2364
462,2190,0.6955370246831221,2.0,2.0,0.0,2.0,44,death,0,1,monster,0,31,30,0:0|1:0|1:1|1:2|2:0|2:1|2:2|3:0|3:1|4:1|5:1|5:5|5:6|5:7|5:8|6:1|6:7|6:8|7:1|7:2|7:3|7:4|7:5|7:8|8:4|8:5|8:6|8:7|8:8|9:7,2366
463,2191,0.6948765843895931,1.0,1.0,0.0,1.0,40,death,0,1,monster,0,19,19,0:0|1:0|1:1|1:2|2:0|2:1|3:0|3:1|4:0|4:1|5:0|5:1|6:0|6:1|7:1|7:2|7:3|8:3|8:4,2366
464,2192,0.694216144096064,3.0,3.0,0.0,3.0,117,victory,1,0,,0,66,49,0:0|0:1|1:0|1:1|2:0|2:5|2:6|2:7|3:0|3:5|3:6|3:7|3:8|3:9|4:0|4:1|4:4|4:5|4:7|4:8|5:1|5:2|5:4|5:5|5:7|5:8|6:1|6:2|6:3|6:4|6:5|6:6|6:8|7:1|7:2|7:3|7:4|7:5|7:6|7:8|8:4|8:5|8:6|8:7|8:8|9:5|9:6|9:7|9:8,2367
465,2193,0.6935557038025351,3.0,3.0,0.0,3.0,192,victory,1,0,,0,56,47,0:0|0:1|1:0|1:1|2:0|2:1|2:7|3:0|3:1|3:7|4:0|4:1|4:2|4:6|4:7|5:0|5:1|5:2|5:4|5:5|5:6|5:7|5:8|6:1|6:2|6:3|6:4|6:5|6:6|6:8|7:2|7:3|7:4|7:5|7:6|7:7|7:8|8:3|8:4|8:5|8:6|8:7|8:8|9:4|9:5|9:6|9:7,2368
466,2194,0.692895263509006,3.0,3.0,0.0,3.0,59,victory,1,0,,0,46,37,0:0|1:0|2:0|2:7|3:0|3:7|3:8|4:0|4:7|4:8|5:0|5:1|5:7|5:8|5:9|6:0|6:1|6:2|6:9|7:0|7:1|7:2|7:3|7:6|7:7|7:9|8:3|8:6|8:7|8:8|8:9|9:1|9:2|9:3|9:4|9:5|9:6,2374
467,2195,0.692234823215477,3.0,3.0,0.0,3.0,239,victory,1,0,,0,89,66,0:0|0:1|0:6|0:7|0:8|1:1|1:2|1:4|1:5|1:6|1:7|1:8|1:9|2:2|2:4|2:5|2:7|2:8|2:9|3:2|3:5|3:7|3:8|3:9|4:2|4:4|4:5|4:6|4:7|4:8|4:9|5:2|5:3|5:4|5:5|5:6|5:7|5:8|5:9|6:2|6:3|6:4|6:5|6:6|6:7|6:8|6:9|7:2|7:3|7:4|7:5|7:6|7:7|7:8|7:9|8:3|8:4|8:5|8:6|8:7|8:8|9:5|9:6|9:7|9:8|9:9,2377
468,2196,0.6915743829219481,3.0,3.0,0.0,3.0,84,victory,1,0,,0,53,43,0:0|1:0|1:1|2:0|2:1|2:6|2:7|3:1|3:5|3:6|3:7|4:1|4:2|4:6|4:7|4:8|5:2|5:3|5:6|5:7|5:8|5:9|6:1|6:2|6:3|6:5|6:6|6:7|6:8|6:9|7:1|7:2|7:3|7:4|7:5|7:6|7:7|7:8|7:9|8:6|8:7|8:8|8:9,2378
469,2197,0.690913942628419,1.0,1.0,0.0,1.0,37,death,0,1,monster,0,21,18,0:0|1:0|2:0|3:0|4:0|5:0|5:1|5:3|5:4|6:1|6:2|6:3|6:4|6:5|7:1|7:2|7:3|7:4,2378
470,2198,0.6902535023348899,1.0,1.0,0.0,1.0,90,death,0,1,monster,0,38,34,0:0|0:5|0:8|0:9|1:0|1:1|1:4|1:5|1:6|1:7|1:8|1:9|2:1|2:2|2:3|2:4|2:5|2:6|2:7|2:8|2:9|3:1|3:4|3:5|3:6|3:7|3:8|3:9|4:6|4:8|5:6|5:7|5:8|6:6,2378
471,2199,0.6895930620413608,3.0,3.0,0.0,3.0,153,victory,1,0,,0,64,50,0:0|1:0|2:0|2:7|3:0|3:2|3:7|4:0|4:1|4:2|4:7|4:8|4:9|5:0|5:1|5:2|5:3|5:7|5:8|5:9|6:0|6:1|6:2|6:3|6:4|6:8|6:9|7:0|7:1|7:2|7:3|7:4|7:6|7:7|7:8|7:9|8:0|8:1|8:4|8:5|8:6|8:7|8:8|8:9|9:4|9:5|9:6|9:7|9:8|9:9,2379
472,2200,0.6889326217478319,3.0,3.0,0.0,3.0,53,victory,1,0,,0,33,29,0:0|1:0|2:0|2:7|3:0|3:7|4:0|4:1|4:2|4:7|5:2|5:6|5:7|6:2|6:3|6:5|6:6|6:7|7:2|7:3|7:4|7:5|7:6|7:7|7:8|8:6|8:7|8:8|9:7,2379
473,2201,0.6882721814543029,3.0,3.0,0.0,3.0,83,victory,1,0,,0,43,43,0:0|1:0|1:1|1:2|2:0|2:2|2:7|3:1|3:2|3:6|3:7|3:8|4:1|4:2|4:7|4:8|4:9|5:1|5:2|5:8|5:9|6:0|6:1|6:2|6:3|6:9|7:2|7:3|7:4|7:5|7:9|8:4|8:5|8:6|8:7|8:8|8:9|9:4|9:5|9:6|9:7|9:8|9:9,2379
474,2202,0.6876117411607738,1.0,1.0,0.0,1.0,36,death,0,1,monster,0,25,18,0:0|0:1|1:0|1:1|2:0|2:1|3:0|3:1|4:1|5:0|5:1|6:1|6:2|7:1|7:2|7:3|8:2|8:3,2380
475,2203,0.6869513008672448,1.0,1.0,0.0,1.0,71,death,0,1,monster,0,29,25,0:0|0:1|0:2|0:6|0:7|1:0|1:1|1:2|1:3|1:4|1:5|1:6|1:7|1:8|1:9|2:0|2:1|2:3|2:4|2:5|2:6|2:7|2:8|3:1|3:7,2383
476,2204,0.6862908605737158,3.0,3.0,0.0,3.0,96,victory,1,0,,0,57,48,0:0|1:0|1:7|1:8|2:0|2:7|2:8|2:9|3:0|3:7|3:8|3:9|4:0|4:1|4:6|4:7|4:8|4:9|5:1|5:2|5:5|5:6|5:7|5:8|5:9|6:1|6:2|6:6|6:7|6:8|6:9|7:1|7:2|7:3|7:4|7:6|7:8|7:9|8:1|8:2|8:3|8:4|8:5|8:6|8:8|8:9|9:1|9:2,2387
477,2205,0.6856304202801868,1.0,1.0,0.0,1.0,66,death,0,1,monster,0,37,28,0:0|1:0|1:1|2:1|2:2|3:0|3:1|3:2|4:0|4:1|4:2|5:0|5:1|5:2|6:0|6:1|6:2|6:3|7:0|7:1|7:2|7:3|8:0|8:1|8:2|8:3|9:1|9:2,2390
478,2206,0.6849699799866578,3.0,3.0,0.0,3.0,66,victory,1,0,,0,44,42,0:0|0:1|1:1|1:7|1:8|2:0|2:1|2:7|2:8|3:0|3:1|3:5|3:6|3:7|3:8|4:0|4:1|4:2|4:5|4:8|5:0|5:1|5:2|5:5|5:6|5:8|6:0|6:1|6:2|6:6|6:8|7:1|7:2|7:6|7:7|7:8|8:2|8:3|8:4|8:5|8:6|8:8,2390
479,2207,0.6843095396931287,2.0,2.0,0.0,2.0,44,death,0,1,monster,0,26,26,0:0|0:1|1:1|2:1|2:7|2:8|2:9|3:1|3:2|3:5|3:6|3:7|4:2|4:5|5:2|5:3|5:4|5:5|6:1|6:2|6:3|6:4|6:5|7:2|7:3|7:4,2392
480,2208,0.6836490993995997,1.0,1.0,0.0,1.0,66,death,0,1,monster,0,32,29,0:0|1:0|2:0|3:0|3:1|4:1|4:2|5:0|5:1|5:2|6:1|6:2|6:3|6:4|6:5|7:1|7:2|7:3|7:4|7:5|7:6|8:2|8:3|8:4|8:5|8:6|9:4|9:5|9:6,2392
481,2209,0.6829886591060708,3.0,3.0,0.0,3.0,68,victory,1,0,,0,39,37,0:0|0:1|1:0|1:1|2:0|2:1|2:7|2:8|3:0|3:7|3:8|4:0|4:8|4:9|5:0|5:9|6:0|6:9|7:0|7:1|7:2|7:5|7:7|7:8|7:9|8:0|8:2|8:3|8:4|8:5|8:7|8:8|9:2|9:3|9:5|9:6|9:7,2392
482,2210,0.6823282188125417,2.0,2.0,0.0,2.0,39,death,0,1,monster,0,30,27,0:0|0:1|1:0|1:1|2:0|2:1|2:2|3:1|3:2|4:1|4:2|5:1|6:1|6:2|6:7|6:8|7:2|7:3|7:4|7:5|7:6|7:7|7:8|7:9|8:6|8:7|8:8,2392
483,2211,0.6816677785190127,2.0,2.0,0.0,2.0,90,death,0,1,monster,0,56,43,0:0|1:0|1:1|2:1|2:2|3:2|3:4|3:5|3:6|3:7|4:1|4:2|4:4|4:5|4:6|4:7|5:1|5:2|5:3|5:4|5:7|6:2|6:3|6:4|6:6|6:7|7:1|7:2|7:3|7:4|7:6|7:7|7:8|8:3|8:4|8:6|8:7|8:8|9:4|9:5|9:6|9:7|9:8,2397
484,2212,0.6810073382254836,3.0,3.0,0.0,3.0,82,victory,1,0,,0,55,48,0:0|0:1|1:0|1:1|2:1|2:2|2:3|2:4|2:5|2:6|2:7|3:1|3:2|3:6|4:1|4:2|4:4|4:5|4:6|5:1|5:2|5:3|5:4|5:5|5:6|6:2|6:3|6:5|6:6|6:7|6:8|7:1|7:2|7:3|7:5|7:6|7:7|7:8|8:3|8:4|8:5|8:6|8:7|8:8|9:5|9:6|9:7|9:8,2397
485,2213,0.6803468979319547,2.0,2.0,0.0,2.0,29,death,0,1,monster,0,23,23,0:0|0:1|1:1|1:2|2:0|2:1|2:2|3:0|3:1|4:0|5:0|5:1|5:2|6:2|6:4|7:2|7:3|7:4|7:5|7:6|8:6|8:7|8:8,2397
486,2214,0.6796864576384256,0.0,0.0,0.0,0.0,17,death,0,1,monster,0,13,13,0:0|0:1|1:1|1:2|2:0|2:1|2:2|3:2|4:2|5:2|6:2|6:3|6:4,2397
487,2215,0.6790260173448965,1.0,1.0,0.0,1.0,41,death,0,1,monster,0,26,21,0:0|1:0|1:1|2:0|2:1|3:0|4:0|5:0|5:2|5:3|6:0|6:1|6:2|6:3|7:0|7:1|7:2|7:3|8:2|8:3|8:4,2397
488,2216,0.6783655770513677,1.0,1.0,0.0,1.0,51,death,0,1,monster,0,32,29,0:0|0:1|1:0|2:0|3:0|3:1|3:2|4:0|4:1|4:2|5:2|6:2|6:3|6:4|6:5|7:2|7:3|7:4|7:5|7:6|7:7|8:3|8:4|8:6|8:7|9:4|9:5|9:6|9:7,2397
489,2217,0.6777051367578386,2.0,2.0,0.0,2.0,71,death,0,1,monster,0,45,36,0:0|0:1|1:0|1:1|2:0|2:1|2:2|3:0|3:1|4:1|4:2|5:2|5:5|5:6|5:7|5:8|6:2|6:3|6:5|6:6|6:7|6:8|7:2|7:3|7:4|7:5|7:6|7:7|7:8|8:4|8:6|8:7|8:8|9:4|9:5|9:6,2397
490,2218,0.6770446964643095,3.0,3.0,0.0,3.0,106,victory,1,0,,0,48,38,0:0|1:0|2:0|2:7|3:0|3:7|3:8|3:9|4:0|4:1|4:2|4:7|4:8|4:9|5:2|5:7|5:8|5:9|6:2|6:3|6:7|6:8|6:9|7:2|7:3|7:4|7:7|7:8|8:3|8:4|8:5|8:6|8:7|8:8|8:9|9:3|9:4|9:5,2400
491,2219,0.6763842561707805,3.0,3.0,0.0,3.0,73,victory,1,0,,0,49,45,0:0|0:1|0:7|0:8|0:9|1:1|1:2|1:7|1:8|1:9|2:2|2:7|2:8|2:9|3:0|3:1|3:2|3:8|3:9|4:0|4:9|5:0|5:9|6:0|6:2|6:8|6:9|7:0|7:1|7:2|7:3|7:4|7:5|7:7|7:8|8:1|8:2|8:3|8:4|8:6|8:7|8:8|9:4|9:5|9:6,2401
492,2220,0.6757238158772515,3.0,3.0,0.0,3.0,89,victory,1,0,,0,50,42,0:0|0:1|1:1|2:1|2:2|2:7|3:1|3:2|3:7|3:8|4:1|4:2|4:7|4:8|5:1|5:2|5:3|5:6|5:7|5:8|5:9|6:1|6:2|6:3|6:5|6:6|6:7|6:8|6:9|7:2|7:3|7:4|7:5|7:6|7:7|8:6|8:7|8:8|8:9|9:7|9:8|9:9,2404
493,2221,0.6750633755837225,3.0,3.0,0.0,3.0,70,victory,1,0,,0,39,38,0:0|0:1|0:2|0:3|0:7|0:8|0:9|1:1|1:2|1:3|1:4|1:5|1:6|1:7|2:7|2:8|3:8|3:9|4:9|5:7|5:8|5:9|6:2|6:3|6:7|6:8|7:2|7:3|7:4|7:5|7:6|7:7|7:8|7:9|8:5|8:8|8:9|9:9,2405
494,2222,0.6744029352901935,0.0,0.0,0.0,0.0,23,death,0,1,monster,0,15,11,0:0|1:0|2:0|3:0|3:1|3:2|4:0|4:1|4:2|5:0|5:1,2405
495,2223,0.6737424949966644,3.0,3.0,0.0,3.0,52,victory,1,0,,0,35,34,0:0|1:0|2:0|2:7|2:8|3:0|3:6|3:7|3:8|3:9|4:0|4:6|4:7|5:0|5:1|5:7|6:1|6:2|6:3|6:7|6:8|7:1|7:2|7:3|7:4|7:5|7:8|8:4|8:7|8:8|9:4|9:5|9:6|9:7,2405
496,2224,0.6730820547031354,1.0,1.0,0.0,1.0,59,death,0,1,monster,0,40,36,0:0|0:4|0:5|0:6|0:7|1:0|1:4|1:5|1:7|2:0|2:3|2:4|2:7|2:8|2:9|3:0|3:1|3:2|3:4|3:8|3:9|4:0|4:1|4:2|4:4|4:6|4:7|4:8|4:9|5:2|5:3|5:4|6:2|6:3|6:4|7:4,2408
497,2225,0.6724216144096065,1.0,1.0,0.0,1.0,25,death,0,1,monster,0,17,17,0:0|1:0|2:0|3:0|4:0|4:4|5:0|5:4|5:5|6:0|6:1|6:2|6:3|6:4|6:5|7:2|7:3,2409
498,2226,0.6717611741160774,3.0,3.0,0.0,3.0,110,victory,1,0,,0,61,50,0:0|0:2|0:3|1:0|1:1|1:2|1:3|1:4|2:2|2:4|2:5|2:6|2:7|3:4|3:5|3:6|3:7|4:4|4:5|4:6|5:4|5:5|5:6|5:7|5:8|5:9|6:5|6:6|6:7|6:8|6:9|7:2|7:3|7:4|7:5|7:6|7:7|7:8|8:2|8:3|8:4|8:5|8:6|8:7|8:8|9:3|9:4|9:5|9:6|9:8,2413
499,2227,0.6711007338225483,2.0,2.0,0.0,2.0,71,death,0,1,monster,0,44,39,0:0|0:1|0:7|1:0|1:1|1:6|1:7|2:0|2:1|2:2|2:3|2:4|2:5|2:6|2:7|2:8|3:8|4:8|4:9|5:9|6:4|6:8|6:9|7:3|7:4|7:5|7:6|7:7|7:8|8:3|8:4|8:5|8:7|8:8|9:3|9:4|9:5|9:7|9:8,2419
500,2228,0.6704402935290193,3.0,3.0,0.0,3.0,67,victory,1,0,,0,45,38,0:0|1:0|2:0|2:7|3:0|3:6|3:7|4:0|4:6|4:7|5:0|5:6|5:7|5:9|6:0|6:1|6:2|6:6|6:7|6:8|6:9|7:0|7:1|7:2|7:3|7:4|7:6|7:7|7:8|7:9|8:2|8:4|8:5|8:6|8:7|8:8|9:6|9:7,2419
501,2229,0.6697798532354904,1.0,1.0,0.0,1.0,62,death,0,1,monster,0,37,29,0:0|1:0|2:0|2:1|2:2|3:0|3:1|3:2|4:0|4:1|4:2|5:1|5:4|6:1|6:2|6:3|6:4|7:1|7:2|7:3|7:4|8:1|8:2|8:3|8:4|8:5|9:1|9:2|9:3,2420
502,2230,0.6691194129419613,2.0,2.0,0.0,2.0,50,death,0,1,monster,0,39,35,0:0|0:1|1:0|1:1|2:0|2:1|2:2|3:0|3:1|4:0|4:1|4:6|4:7|4:9|5:1|5:6|5:7|5:8|5:9|6:1|6:6|6:7|6:8|6:9|7:1|7:2|7:3|7:4|7:5|7:8|7:9|8:5|8:6|8:7|8:8,2421
503,2231,0.6684589726484322,3.0,3.0,0.0,3.0,105,victory,1,0,,0,64,55,0:0|1:0|2:0|2:1|2:7|2:8|3:0|3:1|3:2|3:7|3:8|3:9|4:0|4:1|4:7|4:8|4:9|5:0|5:1|5:2|5:3|5:4|5:7|5:8|6:0|6:1|6:2|6:3|6:4|6:5|6:6|6:7|6:8|6:9|7:0|7:1|7:2|7:3|7:4|7:5|7:7|8:0|8:1|8:2|8:3|8:4|8:5|8:6|8:7|8:8|9:1|9:2|9:3|9:6|9:7,2424
504,2232,0.6677985323549033,1.0,1.0,0.0,1.0,61,death,0,1,monster,0,26,23,0:0|1:0|2:0|2:1|3:1|4:1|5:1|6:0|6:1|6:6|7:0|7:1|7:2|7:3|7:4|7:6|8:1|8:2|8:3|8:4|8:5|8:6|9:4,2424
505,2233,0.6671380920613743,1.0,1.0,0.0,1.0,61,death,0,1,monster,0,28,26,0:0|1:0|2:0|2:1|3:0|3:1|3:2|4:0|4:1|4:2|5:0|5:1|5:2|6:0|6:1|7:1|7:2|8:1|8:4|8:5|8:6|9:1|9:2|9:3|9:4|9:5,2425
506,2234,0.6664776517678452,3.0,3.0,0.0,3.0,38,victory,1,0,,0,32,32,0:0|1:0|1:1|2:0|2:1|2:2|2:7|2:8|3:1|3:8|3:9|4:0|4:1|4:8|4:9|5:0|5:1|5:8|6:1|6:8|7:1|7:2|7:8|8:2|8:3|8:5|8:6|8:7|8:8|9:3|9:4|9:5,2425
507,2235,0.6658172114743162,1.0,1.0,0.0,1.0,39,death,0,1,monster,0,30,29,0:0|0:1|1:0|1:1|2:1|3:1|3:2|4:1|4:2|5:2|5:4|5:5|6:2|6:4|6:5|7:2|7:3|7:4|7:5|7:6|7:7|8:3|8:4|8:5|8:6|8:7|9:6|9:7|9:8,2425
508,2236,0.6651567711807872,3.0,3.0,0.0,3.0,65,victory,1,0,,0,44,42,0:0|0:1|0:2|0:3|0:4|1:0|1:1|1:2|1:3|1:4|2:0|2:1|2:2|2:7|2:8|3:1|3:8|4:1|4:2|4:4|4:8|5:2|5:3|5:4|5:8|6:1|6:2|6:3|6:4|6:8|7:1|7:2|7:3|7:4|7:5|7:8|8:5|8:7|8:8|9:5|9:6|9:7,2425
509,2237,0.6644963308872582,3.0,3.0,0.0,3.0,54,victory,1,0,,0,34,32,0:0|0:1|1:0|2:0|2:7|3:0|3:7|3:8|4:0|4:5|4:6|4:7|4:8|4:9|5:0|5:1|5:8|5:9|6:0|6:1|6:2|6:9|7:2|7:3|7:9|8:3|8:4|8:5|8:6|8:7|8:8|8:9,2425
510,2238,0.6638358905937292,3.0,3.0,0.0,3.0,83,victory,1,0,,0,47,44,0:0|1:0|2:0|2:7|3:0|3:1|3:7|3:8|4:0|4:1|4:2|4:6|4:7|4:8|4:9|5:0|5:1|5:2|5:3|5:6|5:7|5:8|5:9|6:1|6:2|6:3|6:4|6:5|6:6|6:7|6:8|6:9|7:1|7:2|7:4|7:5|7:6|7:7|7:8|7:9|8:1|8:5|8:6|8:8,2425
511,2239,0.6631754503002001,2.0,2.0,0.0,2.0,56,death,0,1,monster,0,37,31,0:0|1:0|2:0|3:0|3:1|4:0|4:1|5:0|5:1|5:2|5:3|6:2|6:3|6:6|7:2|7:3|7:4|7:6|7:7|7:8|8:3|8:4|8:5|8:6|8:7|8:8|8:9|9:5|9:6|9:7|9:8,2425
512,2240,0.6625150100066711,3.0,3.0,0.0,3.0,99,victory,1,0,,0,57,50,0:0|0:1|0:2|1:0|1:1|2:0|2:7|3:0|3:5|3:6|3:7|3:8|4:0|4:1|4:6|4:8|5:1|5:8|6:0|6:1|6:2|6:3|6:4|6:5|6:6|6:8|7:0|7:1|7:2|7:3|7:4|7:5|7:6|7:8|8:0|8:1|8:2|8:3|8:4|8:5|8:6|8:7|8:8|9:0|9:1|9:2|9:3|9:4|9:5|9:6,2425
513,2241,0.6618545697131422,3.0,3.0,0.0,3.0,92,victory,1,0,,0,48,45,0:0|1:0|1:1|2:1|2:2|2:7|3:2|3:7|3:8|4:2|4:7|4:8|4:9|5:1|5:2|5:9|6:1|6:2|6:3|6:4|6:5|6:6|6:8|6:9|7:1|7:2|7:3|7:4|7:5|7:6|7:7|7:8|7:9|8:2|8:3|8:4|8:5|8:6|8:7|8:8|8:9|9:3|9:4|9:5|9:6,2425
514,2242,0.6611941294196131,0.0,0.0,0.0,0.0,30,death,0,1,monster,0,18,18,0:0|0:1|1:1|2:1|3:1|4:0|4:1|4:5|5:0|5:1|5:2|5:3|5:4|5:5|6:1|6:2|6:3|6:4,2427
515,2243,0.660533689126084,3.0,3.0,0.0,3.0,60,victory,1,0,,0,36,36,0:0|1:0|2:0|2:7|3:0|3:6|3:7|4:0|4:1|4:2|4:6|4:7|4:8|4:9|5:2|5:6|5:7|5:8|5:9|6:2|6:3|6:9|7:2|7:3|7:4|7:9|8:2|8:7|8:8|8:9|9:2|9:3|9:4|9:5|9:6|9:7,2427
516,2244,0.659873248832555,2.0,2.0,0.0,2.0,70,death,0,1,monster,0,42,36,0:0|0:1|1:1|2:1|2:2|3:1|3:2|4:0|4:1|4:2|5:0|5:1|6:0|6:1|6:3|6:6|6:7|6:8|7:0|7:1|7:2|7:3|7:4|7:5|7:6|7:7|7:8|8:1|8:2|8:5|8:6|8:7|8:8|8:9|9:2|9:7,2427
517,2245,0.6592128085390261,3.0,3.0,0.0,3.0,109,victory,1,0,,0,47,44,0:0|1:0|2:0|2:1|2:7|3:0|3:1|3:2|3:7|4:0|4:1|4:2|4:7|4:8|4:9|5:0|5:1|5:2|5:3|5:4|5:8|5:9|6:1|6:2|6:3|6:4|6:5|6:8|6:9|7:2|7:3|7:5|7:6|7:7|7:8|8:3|8:4|8:5|8:6|8:7|8:8|9:5|9:6|9:7,2427
518,2246,0.658552368245497,3.0,3.0,0.0,3.0,104,victory,1,0,,0,48,44,0:0|1:0|2:0|2:1|2:7|3:0|3:1|3:2|3:7|3:8|4:1|4:2|4:8|5:1|5:2|5:3|5:7|5:8|6:1|6:2|6:3|6:6|6:7|6:8|7:0|7:1|7:2|7:3|7:7|7:8|8:0|8:4|8:5|8:6|8:7|8:8|9:0|9:1|9:2|9:3|9:4|9:5|9:7|9:8,2427
519,2247,0.6578919279519679,3.0,3.0,0.0,3.0,88,victory,1,0,,0,54,49,0:0|0:1|0:2|0:7|1:0|1:1|1:2|1:3|1:7|1:8|1:9|2:0|2:1|2:2|2:7|2:8|2:9|3:0|3:1|3:9|4:0|4:1|4:6|4:7|4:8|4:9|5:0|5:1|5:8|5:9|6:1|6:2|6:4|6:8|6:9|7:1|7:2|7:3|7:4|7:5|7:6|7:7|7:8|7:9|8:2|8:3|8:4|8:5|8:8,2429
520,2248,0.657231487658439,2.0,2.0,0.0,2.0,57,death,0,1,monster,0,34,28,0:0|1:0|2:0|3:0|3:1|3:2|4:2|5:2|5:3|6:2|6:3|7:2|7:3|7:5|7:8|8:1|8:2|8:3|8:4|8:5|8:6|8:8|9:1|9:2|9:6|9:7|9:8|9:9,2429
521,2249,0.65657104736491,2.0,2.0,0.0,2.0,30,death,0,1,monster,0,23,21,0:0|1:0|1:1|2:1|3:1|4:1|5:1|5:8|6:1|6:2|6:8|7:2|7:3|7:8|8:3|8:4|8:5|8:6|8:7|8:8|9:5,2429
522,2250,0.6559106070713809,3.0,3.0,0.0,3.0,69,victory,1,0,,0,46,40,0:0|1:0|2:0|2:7|3:0|3:1|3:7|3:8|4:1|4:8|5:0|5:1|5:8|6:1|6:2|6:3|6:4|6:5|6:8|7:1|7:2|7:3|7:4|7:5|7:6|7:7|7:8|7:9|8:1|8:2|8:3|8:4|8:5|8:6|8:7|8:8|9:2|9:3|9:4|9:5,2430
523,2251,0.6552501667778519,1.0,1.0,0.0,1.0,44,death,0,1,monster,0,24,24,0:0|0:1|1:1|2:1|3:1|3:2|4:2|5:1|5:2|6:1|6:2|6:3|6:4|7:1|7:2|7:3|7:4|7:5|8:3|8:4|8:5|9:4|9:5|9:6,2430
524,2252,0.6545897264843228,2.0,2.0,0.0,2.0,64,death,0,1,monster,0,40,33,0:0|1:0|2:0|2:1|2:2|3:2|3:7|4:0|4:1|4:2|4:7|4:8|4:9|5:1|5:2|5:8|5:9|6:1|6:2|6:9|7:1|7:2|7:9|8:2|8:3|8:4|8:5|8:6|8:7|8:8|8:9|9:7|9:8,2430
525,2253,0.6539292861907939,3.0,3.0,0.0,3.0,75,victory,1,0,,0,34,30,0:0|0:1|1:1|2:1|2:7|3:0|3:1|3:7|4:0|4:1|4:7|5:0|5:1|5:2|5:3|5:7|6:1|6:2|6:4|6:5|6:6|6:7|7:2|7:3|7:4|7:5|7:6|7:7|8:7|8:8,2430
526,2254,0.6532688458972649,3.0,3.0,0.0,3.0,51,victory,1,0,,0,29,29,0:0|1:0|2:0|2:7|3:0|3:7|4:0|4:1|4:7|4:8|5:0|5:1|5:2|5:8|5:9|6:1|6:2|6:9|7:2|7:3|7:4|7:6|7:9|8:4|8:5|8:6|8:7|8:8|8:9,2430
527,2255,0.6526084056037358,3.0,3.0,0.0,3.0,69,victory,1,0,,0,38,37,0:0|1:0|1:1|2:0|2:1|2:7|3:1|3:7|4:1|4:2|4:7|4:8|4:9|5:2|5:8|6:2|6:3|6:4|6:8|7:2|7:3|7:4|7:6|7:7|7:8|8:3|8:4|8:6|8:7|8:8|9:2|9:3|9:4|9:5|9:6|9:7|9:8,2430
528,2256,0.6519479653102067,3.0,3.0,0.0,3.0,248,victory,1,0,,0,98,69,0:0|0:1|0:5|0:6|0:7|0:8|1:0|1:1|1:2|1:3|1:4|1:5|1:6|1:7|2:0|2:1|2:2|2:3|2:4|2:7|3:0|3:1|3:2|3:7|3:8|4:0|4:1|4:2|4:8|4:9|5:0|5:1|5:2|5:3|5:7|5:8|5:9|6:0|6:1|6:2|6:3|6:4|6:5|6:6|6:7|6:8|6:9|7:0|7:1|7:2|7:3|7:4|7:5|7:6|7:7|7:8|7:9|8:2|8:3|8:4|8:5|8:6|8:8|8:9|9:2|9:3|9:4|9:8|9:9,2443
529,2257,0.6512875250166777,3.0,3.0,0.0,3.0,88,victory,1,0,,0,43,40,0:0|1:0|1:1|2:0|2:1|2:7|2:8|2:9|3:1|3:7|3:8|4:1|4:8|5:0|5:1|5:8|6:0|6:1|6:2|6:4|6:5|6:8|6:9|7:0|7:1|7:2|7:3|7:4|7:5|7:6|7:8|8:0|8:1|8:2|8:3|8:4|8:5|8:6|8:7|8:8,2443
530,2258,0.6506270847231488,3.0,3.0,0.0,3.0,138,victory,1,0,,0,74,57,0:0|0:1|0:2|0:5|0:6|0:7|0:8|0:9|1:2|1:3|1:4|1:5|1:6|1:7|1:8|1:9|2:7|2:8|2:9|3:5|3:8|4:5|4:6|4:7|4:8|4:9|5:1|5:5|5:6|5:7|5:8|5:9|6:1|6:2|6:3|6:4|6:5|6:6|6:7|6:8|6:9|7:0|7:1|7:2|7:3|7:4|7:6|7:7|7:8|7:9|8:0|8:1|8:2|8:3|8:7|8:8|9:1,2458
531,2259,0.6499666444296197,1.0,1.0,0.0,1.0,28,death,0,1,monster,0,15,14,0:0|1:0|2:0|3:0|3:1|4:0|4:1|5:0|5:1|6:0|6:1|7:1|7:2|8:2,2458
532,2260,0.6493062041360907,3.0,3.0,0.0,3.0,75,victory,1,0,,0,45,38,0:0|0:1|1:0|1:1|2:1|2:7|3:1|3:2|3:7|3:8|4:1|4:2|4:8|5:0|5:1|5:7|5:8|6:0|6:1|6:2|6:3|6:7|6:8|7:0|7:1|7:2|7:3|7:6|7:7|7:8|8:2|8:3|8:4|8:5|8:6|8:7|8:8|9:6,2459
533,2261,0.6486457638425617,2.0,2.0,0.0,2.0,56,death,0,1,monster,0,33,31,0:0|0:3|1:0|1:1|1:2|1:3|1:4|1:5|1:6|1:7|1:8|2:0|2:6|2:7|2:8|3:8|3:9|4:8|4:9|5:7|5:8|5:9|6:6|6:7|6:8|7:6|7:7|7:8|8:6|8:8|9:6,2459
534,2262,0.6479853235490327,1.0,1.0,0.0,1.0,17,death,0,1,monster,0,16,14,0:0|0:1|0:2|0:3|0:7|1:3|1:6|1:7|2:3|2:4|2:5|2:6|2:7|3:6,2460
535,2263,0.6473248832555036,3.0,3.0,0.0,3.0,63,victory,1,0,,0,37,33,0:0|1:0|2:0|2:7|2:8|3:0|3:8|3:9|4:0|4:1|4:9|5:0|5:1|5:9|6:1|6:2|6:9|7:1|7:2|7:3|7:4|7:5|7:8|7:9|8:1|8:2|8:3|8:4|8:5|8:6|8:7|8:8|9:2,2460
536,2264,0.6466644429619747,3.0,3.0,0.0,3.0,64,victory,1,0,,0,45,39,0:0|0:1|0:2|1:0|1:1|1:2|2:0|2:1|2:6|2:7|3:0|3:1|3:2|3:6|3:7|4:1|4:2|4:6|4:7|4:8|5:2|5:6|5:8|5:9|6:2|6:8|6:9|7:2|7:3|7:4|7:5|7:6|7:7|7:8|7:9|8:3|8:4|8:7|8:8,2460
537,2265,0.6460040026684457,3.0,3.0,0.0,3.0,61,victory,1,0,,0,44,39,0:0|1:0|1:1|1:2|1:3|1:4|1:7|1:8|1:9|2:0|2:2|2:4|2:5|2:6|2:7|2:8|2:9|3:0|3:1|3:2|3:6|3:7|3:8|3:9|4:9|5:9|6:8|6:9|7:2|7:3|7:4|7:5|7:6|7:7|7:8|7:9|8:3|8:4|8:8,2460
538,2266,0.6453435623749166,3.0,3.0,0.0,3.0,110,victory,1,0,,0,67,50,0:0|1:0|2:0|2:1|2:2|2:7|3:0|3:2|3:7|3:8|4:2|4:6|4:7|4:8|4:9|5:0|5:1|5:2|5:6|5:7|5:8|6:1|6:2|6:3|6:6|6:7|6:8|6:9|7:1|7:2|7:3|7:5|7:6|7:7|7:9|8:2|8:3|8:4|8:5|8:6|8:7|8:8|8:9|9:3|9:4|9:5|9:6|9:7|9:8|9:9,2460
539,2267,0.6446831220813876,3.0,3.0,0.0,3.0,86,victory,1,0,,0,61,47,0:0|0:1|0:2|0:3|0:4|0:5|1:0|1:1|1:2|1:3|1:4|1:5|2:2|2:3|2:4|2:5|2:6|2:7|2:8|3:2|3:5|3:6|3:7|3:8|4:1|4:2|4:6|4:7|4:8|5:1|5:6|5:8|6:1|6:2|6:5|6:6|6:8|7:2|7:4|7:5|7:6|7:7|7:8|7:9|8:6|8:7|8:8,2468
540,2268,0.6440226817878586,3.0,3.0,0.0,3.0,73,victory,1,0,,0,37,35,0:0|1:0|2:0|2:1|2:7|3:0|3:1|3:7|4:0|4:1|4:2|4:7|5:0|5:1|5:2|5:7|5:8|6:1|6:2|6:8|7:2|7:8|7:9|8:2|8:3|8:4|8:6|8:7|8:8|8:9|9:4|9:5|9:6|9:7|9:8,2468
541,2269,0.6433622414943296,3.0,3.0,0.0,3.0,95,victory,1,0,,0,57,45,0:0|0:4|1:0|1:1|1:3|1:4|1:5|2:1|2:2|2:3|2:4|2:5|2:6|2:7|2:8|3:7|3:8|3:9|4:7|4:8|4:9|5:2|5:3|5:4|5:7|5:8|5:9|6:2|6:4|6:7|6:8|6:9|7:2|7:3|7:4|7:5|7:6|7:7|7:8|7:9|8:3|8:4|8:5|8:7|8:8,2469
542,2270,0.6427018012008006,3.0,3.0,0.0,3.0,44,victory,1,0,,0,30,30,0:0|1:0|2:0|2:7|2:8|3:0|3:1|3:8|4:0|4:1|4:8|5:0|5:1|5:2|5:8|6:2|6:8|6:9|7:2|7:3|7:8|8:2|8:3|8:4|8:5|8:6|8:7|8:8|9:6|9:7,2469
543,2271,0.6420413609072715,3.0,3.0,0.0,3.0,36,victory,1,0,,0,28,28,0:0|1:0|2:0|2:7|3:0|3:7|3:8|4:0|4:1|4:7|4:8|5:0|5:1|5:8|6:1|6:2|6:8|7:2|7:3|7:8|8:2|8:3|8:4|8:5|8:6|8:7|8:8|9:5,2469
544,2272,0.6413809206137424,3.0,3.0,0.0,3.0,63,victory,1,0,,0,42,40,0:0|1:0|2:0|2:6|2:7|3:0|3:1|3:6|3:7|4:1|4:6|4:7|5:0|5:1|5:2|5:3|5:6|5:7|5:8|6:3|6:5|6:7|6:8|6:9|7:1|7:2|7:3|7:4|7:5|7:6|7:7|7:8|8:3|8:4|8:5|8:7|8:8|9:6|9:7|9:8,2469
545,2273,0.6407204803202136,3.0,3.0,0.0,3.0,65,victory,1,0,,0,41,40,0:0|1:0|2:0|2:7|2:8|3:0|3:1|3:8|4:0|4:1|4:8|4:9|5:1|5:7|5:8|5:9|6:0|6:1|6:7|6:8|6:9|7:0|7:1|7:2|7:3|7:4|7:9|8:1|8:2|8:3|8:4|8:5|8:6|8:7|8:8|8:9|9:3|9:4|9:8|9:9,2469
546,2274,0.6400600400266845,3.0,3.0,0.0,3.0,44,victory,1,0,,0,33,33,0:0|0:1|0:2|0:5|0:6|0:7|1:1|1:2|1:4|1:5|1:6|1:7|2:2|2:3|2:4|2:6|2:7|2:8|3:8|4:8|5:8|6:4|6:5|6:8|7:2|7:3|7:4|7:5|7:6|7:7|7:8|8:7|8:8,2470
547,2275,0.6393995997331554,1.0,1.0,0.0,1.0,33,death,0,1,monster,0,19,16,0:0|0:1|1:0|1:1|2:1|3:0|3:1|4:0|4:1|5:0|5:1|5:2|6:0|6:1|6:2|7:2,2471
548,2276,0.6387391594396263,2.0,2.0,0.0,2.0,56,death,0,1,monster,0,37,33,0:0|0:1|1:0|1:1|2:1|3:1|4:0|4:1|5:0|5:1|5:2|5:3|5:4|5:7|5:8|6:0|6:1|6:2|6:3|6:4|6:7|6:8|7:1|7:2|7:3|7:4|7:5|7:6|7:7|7:8|8:4|8:7|8:8,2472
549,2277,0.6380787191460974,3.0,3.0,0.0,3.0,63,victory,1,0,,0,41,38,0:0|1:0|2:0|2:7|3:0|3:7|3:8|4:0|4:1|4:7|4:8|5:1|5:6|5:7|5:8|6:1|6:3|6:4|6:5|6:6|6:7|6:8|6:9|7:1|7:2|7:3|7:6|7:7|7:8|8:1|8:2|8:3|8:6|8:7|8:8|8:9|9:8|9:9,2472
550,2278,0.6374182788525684,3.0,3.0,0.0,3.0,73,victory,1,0,,0,47,36,0:0|1:0|2:0|2:7|3:0|3:5|3:6|3:7|3:8|4:0|4:5|4:6|4:7|4:8|5:0|5:1|5:5|5:6|5:7|5:8|6:1|6:5|6:6|6:7|6:8|7:1|7:2|7:3|7:4|7:5|7:6|7:7|7:8|8:6|8:7|8:8,2479
551,2279,0.6367578385590393,3.0,3.0,0.0,3.0,51,victory,1,0,,0,35,35,0:0|1:0|1:1|1:2|2:1|2:2|2:7|2:8|3:1|3:2|3:8|4:1|4:2|4:8|5:2|5:3|5:4|5:8|5:9|6:2|6:8|7:2|7:3|7:8|8:2|8:3|8:4|8:5|8:6|8:7|8:8|9:2|9:3|9:4|9:6,2479
552,2280,0.6360973982655104,3.0,3.0,0.0,3.0,52,victory,1,0,,0,39,33,0:0|1:0|2:0|2:7|3:0|3:1|3:2|3:7|4:0|4:1|4:2|4:7|5:2|5:4|5:5|5:7|6:2|6:3|6:4|6:5|6:6|6:7|7:2|7:3|7:4|7:6|7:7|8:2|8:3|8:4|8:6|8:7|8:8,2480
553,2281,0.6354369579719813,1.0,1.0,0.0,1.0,51,death,0,1,monster,0,24,23,0:0|0:1|0:2|1:1|2:0|2:1|3:1|4:1|4:2|5:0|5:1|5:2|5:3|6:0|6:1|6:2|6:3|7:0|7:1|7:2|7:3|8:0|8:2,2480
554,2282,0.6347765176784523,3.0,3.0,0.0,3.0,42,victory,1,0,,0,29,29,0:0|1:0|2:0|2:1|2:7|3:0|3:1|3:7|3:8|4:1|4:8|5:1|5:8|6:1|6:8|7:1|7:2|7:3|7:8|8:3|8:4|8:5|8:6|8:7|8:8|9:4|9:5|9:6|9:7,2480
555,2283,0.6341160773849233,3.0,3.0,0.0,3.0,146,victory,1,0,,0,54,45,0:0|0:1|0:2|1:0|1:1|1:2|1:3|1:4|1:5|1:6|1:7|1:8|1:9|2:0|2:1|2:2|2:3|2:6|2:7|2:8|2:9|3:1|3:2|3:7|3:8|3:9|4:0|4:1|4:2|4:7|4:8|4:9|5:1|5:8|5:9|6:1|6:2|6:3|6:4|6:8|7:1|7:2|7:7|7:8|8:8,2480
556,2284,0.6334556370913943,3.0,3.0,0.0,3.0,88,victory,1,0,,0,39,37,0:0|0:1|1:1|2:1|2:7|3:1|3:7|3:8|3:9|4:1|4:7|4:8|4:9|5:1|5:8|5:9|6:1|6:6|6:8|6:9|7:1|7:2|7:3|7:4|7:5|7:6|7:8|8:2|8:3|8:4|8:5|8:7|8:8|9:5|9:6|9:7|9:8,2480
557,2285,0.6327951967978653,3.0,3.0,0.0,3.0,51,victory,1,0,,0,41,40,0:0|0:1|0:2|0:3|1:0|1:3|1:4|2:4|2:5|2:6|2:7|2:8|2:9|3:7|3:8|3:9|4:7|4:8|4:9|5:3|5:4|5:5|5:6|5:7|5:8|5:9|6:3|6:4|6:7|6:8|7:2|7:3|7:4|7:7|7:8|7:9|8:3|8:4|8:7|8:8,2481
558,2286,0.6321347565043363,3.0,3.0,0.0,3.0,55,victory,1,0,,0,34,33,0:0|1:0|2:0|2:1|2:7|3:0|3:1|3:7|3:8|4:0|4:1|4:2|4:8|5:0|5:1|5:2|5:3|5:7|5:8|6:2|6:8|6:9|7:2|7:3|7:9|8:3|8:4|8:5|8:6|8:7|8:8|8:9|9:7,2481
559,2287,0.6314743162108072,1.0,1.0,0.0,1.0,42,death,0,1,monster,0,22,22,0:0|0:1|1:1|2:0|2:1|3:0|3:1|4:0|4:1|5:0|5:1|5:4|6:0|6:1|6:4|6:5|7:1|7:2|7:3|7:4|7:5|8:3,2481
560,2288,0.6308138759172781,3.0,3.0,0.0,3.0,75,victory,1,0,,0,37,37,0:0|1:0|2:0|2:7|2:8|3:0|3:2|3:7|3:8|4:0|4:1|4:2|4:7|4:8|5:0|5:1|5:2|5:8|6:0|6:1|6:7|6:8|7:1|7:2|7:3|7:4|7:5|7:6|7:7|7:8|8:6|8:7|8:8|9:6|9:7|9:8|9:9,2481
561,2289,0.6301534356237493,1.0,1.0,0.0,1.0,19,death,0,1,monster,0,17,16,0:0|1:0|1:2|2:0|2:1|2:2|2:3|2:4|2:5|2:6|2:7|2:8|3:8|3:9|4:9|5:9,2482
562,2290,0.6294929953302202,2.0,2.0,0.0,2.0,60,death,0,1,monster,0,40,33,0:0|0:1|1:0|2:0|3:0|3:1|3:2|4:0|4:1|4:2|4:7|5:0|5:1|5:2|5:7|5:8|6:1|6:2|6:7|7:1|7:2|7:7|8:2|8:3|8:4|8:5|8:6|8:7|8:8|9:6|9:7|9:8|9:9,2482
563,2291,0.6288325550366911,1.0,1.0,0.0,1.0,47,death,0,1,monster,0,28,23,0:0|1:0|1:1|1:2|2:0|2:1|2:2|2:3|2:4|2:5|3:2|3:4|3:5|3:6|4:2|4:4|4:5|5:2|5:4|5:5|6:2|7:1|7:2,2483
564,2292,0.628172114743162,1.0,1.0,0.0,1.0,25,death,0,1,monster,0,15,14,0:0|0:1|1:0|1:1|2:0|2:1|2:2|3:2|4:2|5:2|6:2|7:2|7:3|7:4,2484
565,2293,0.6275116744496331,2.0,2.0,0.0,2.0,116,death,0,1,monster,0,73,47,0:0|0:5|0:6|0:7|0:8|0:9|1:0|1:6|1:7|1:8|1:9|2:0|2:6|2:7|2:8|2:9|3:0|3:8|3:9|4:0|4:1|4:2|4:8|4:9|5:1|5:2|5:8|6:2|6:3|6:5|6:6|6:7|6:8|6:9|7:2|7:3|7:4|7:5|7:6|7:7|7:8|8:5|8:6|8:7|9:4|9:5|9:6,2490
566,2294,0.6268512341561041,3.0,3.0,0.0,3.0,61,victory,1,0,,0,40,39,0:0|1:0|2:0|2:7|3:0|3:5|3:6|3:7|3:8|3:9|4:0|4:1|4:2|4:7|4:8|4:9|5:0|5:1|5:2|5:5|5:7|5:8|6:2|6:4|6:5|6:6|6:8|7:1|7:2|7:4|7:5|7:6|7:8|8:2|8:3|8:4|8:6|8:7|8:8,2490
567,2295,0.626190793862575,1.0,1.0,0.0,1.0,46,death,0,1,monster,0,23,23,0:0|1:0|2:0|3:0|4:0|4:1|5:0|5:1|6:1|6:4|6:5|6:7|7:1|7:2|7:3|7:4|7:5|7:6|7:7|8:1|8:2|8:7|9:1,2492
568,2296,0.625530353569046,3.0,3.0,0.0,3.0,52,victory,1,0,,0,43,36,0:0|1:0|2:0|2:7|3:0|3:7|3:8|4:0|4:1|4:2|4:7|4:8|5:2|5:3|5:4|5:7|6:1|6:2|6:3|6:4|6:7|7:1|7:2|7:3|7:7|7:8|8:2|8:3|8:4|8:6|8:7|8:8|9:3|9:4|9:5|9:6,2492
569,2297,0.624869913275517,2.0,2.0,0.0,2.0,77,death,0,1,monster,0,32,31,0:0|0:1|0:2|1:0|1:1|2:1|3:1|4:0|4:1|5:0|5:1|5:2|5:8|6:0|6:1|6:2|6:8|6:9|7:1|7:2|7:3|7:4|7:5|7:8|7:9|8:5|8:6|8:7|8:8|8:9|9:9,2492
570,2298,0.624209472981988,3.0,3.0,0.0,3.0,49,victory,1,0,,0,32,32,0:0|1:0|2:0|2:7|3:0|3:1|3:7|4:0|4:1|4:7|4:8|5:0|5:1|5:8|6:1|6:8|7:0|7:1|7:2|7:8|8:2|8:4|8:5|8:6|8:7|8:8|9:2|9:3|9:4|9:5|9:6|9:7,2492
571,2299,0.623549032688459,3.0,3.0,0.0,3.0,61,victory,1,0,,0,43,37,0:0|0:1|0:2|0:3|0:4|1:4|1:5|1:6|2:6|2:7|2:8|3:8|3:9|4:8|4:9|5:6|5:7|5:8|5:9|6:4|6:5|6:6|6:7|6:8|7:2|7:3|7:4|7:5|7:8|7:9|8:5|8:8|9:5|9:6|9:7|9:8|9:9,2495
572,2300,0.62288859239493,2.0,2.0,0.0,2.0,67,death,0,1,monster,0,45,43,0:0|1:0|2:0|2:1|2:2|2:3|2:7|3:0|3:1|3:2|3:7|3:8|4:0|4:1|4:8|5:0|5:1|5:2|5:5|5:8|6:1|6:2|6:5|6:6|6:7|6:8|6:9|7:2|7:3|7:5|7:7|7:8|7:9|8:2|8:3|8:4|8:5|8:6|8:7|8:8|9:5|9:6|9:7,2495
573,2301,0.6222281521014009,3.0,3.0,0.0,3.0,75,victory,1,0,,0,48,38,0:0|1:0|1:1|2:0|2:7|3:0|3:1|3:6|3:7|4:1|4:7|4:8|5:1|5:2|5:3|5:7|5:8|5:9|6:0|6:1|6:2|6:3|6:6|6:7|6:8|6:9|7:1|7:2|7:3|7:4|7:5|7:6|7:7|7:8|7:9|8:6|8:7|8:8,2495
574,2302,0.621567711807872,3.0,3.0,0.0,3.0,50,victory,1,0,,0,34,33,0:0|1:0|2:0|2:7|3:0|3:6|3:7|3:8|4:0|4:6|4:7|4:8|5:0|5:7|5:8|6:0|6:1|6:6|6:7|7:0|7:1|7:2|7:3|7:4|7:5|7:6|7:7|7:8|7:9|8:6|8:7|8:8|8:9,2495
575,2303,0.6209072715143429,3.0,3.0,0.0,3.0,60,victory,1,0,,0,41,36,0:0|0:1|0:2|1:1|1:2|2:0|2:1|2:7|3:0|3:7|4:0|4:7|5:0|5:1|5:7|5:8|6:1|6:5|6:6|6:7|7:1|7:2|7:3|7:4|7:5|7:6|7:7|7:8|8:1|8:4|8:5|8:6|8:7|8:8|9:4|9:5,2495
576,2304,0.6202468312208138,3.0,3.0,0.0,3.0,84,victory,1,0,,0,53,49,0:0|0:4|0:6|1:0|1:3|1:4|1:5|1:6|2:0|2:2|2:3|2:6|2:7|2:8|3:0|3:2|3:6|3:8|4:0|4:1|4:2|4:6|4:7|4:8|5:0|5:1|5:2|5:6|5:7|5:8|6:2|6:7|6:8|7:1|7:2|7:3|7:4|7:5|7:6|7:7|8:3|8:4|8:5|8:6|8:7|8:8|9:5|9:6|9:7,2495
577,2305,0.619586390927285,3.0,3.0,0.0,3.0,49,victory,1,0,,0,40,33,0:0|0:1|1:1|1:2|2:0|2:1|2:7|3:0|3:7|3:8|3:9|4:0|4:8|5:0|5:6|5:7|5:8|6:0|6:1|6:2|6:6|6:7|6:8|7:2|7:3|7:4|7:5|7:6|7:7|7:8|8:6|8:7|8:8,2496
578,2306,0.6189259506337559,3.0,3.0,0.0,3.0,67,victory,1,0,,0,44,39,0:0|1:0|2:0|2:1|2:7|3:1|3:7|4:1|4:2|4:6|4:7|5:0|5:1|5:2|5:6|5:7|6:0|6:1|6:2|6:5|6:6|6:7|6:8|7:1|7:2|7:3|7:5|7:6|7:7|7:8|8:0|8:1|8:2|8:3|8:4|8:5|8:6|8:8|9:3,2496
579,2307,0.6182655103402268,3.0,3.0,0.0,3.0,60,victory,1,0,,0,37,34,0:0|0:1|1:1|2:1|2:7|3:1|3:2|3:7|3:8|4:0|4:1|4:2|4:7|4:8|5:0|5:1|5:8|6:0|6:1|6:2|6:8|7:1|7:2|7:3|7:8|8:3|8:4|8:7|8:8|9:4|9:5|9:6|9:7|9:8,2496
580,2308,0.6176050700466977,3.0,3.0,0.0,3.0,50,victory,1,0,,0,38,34,0:0|1:0|2:0|2:1|2:7|3:0|3:1|3:2|3:7|4:0|4:1|4:2|4:6|4:7|4:8|5:2|5:8|5:9|6:2|6:7|6:8|6:9|7:2|7:3|7:4|7:5|7:6|7:7|8:2|8:3|8:4|8:6|8:7|8:8,2496
581,2309,0.6169446297531688,1.0,1.0,0.0,1.0,29,death,0,1,monster,0,17,16,0:0|1:0|2:0|3:0|4:0|5:0|5:1|6:1|7:1|7:2|7:3|7:4|8:4|8:5|9:5|9:6,2496
582,2310,0.6162841894596398,3.0,3.0,0.0,3.0,69,victory,1,0,,0,46,44,0:0|1:0|2:0|2:1|2:2|2:7|3:2|3:7|3:8|4:2|4:7|4:8|5:2|5:4|5:8|5:9|6:1|6:2|6:3|6:4|6:9|7:0|7:1|7:2|7:3|7:4|7:5|7:6|7:8|7:9|8:0|8:3|8:4|8:5|8:6|8:7|8:8|9:0|9:1|9:2|9:3|9:4|9:5|9:8,2497
583,2311,0.6156237491661107,2.0,2.0,0.0,2.0,52,death,0,1,monster,0,31,29,0:0|1:0|2:0|2:1|3:1|4:1|4:2|5:1|5:2|5:8|6:1|6:2|6:8|6:9|7:2|7:3|7:4|7:9|8:3|8:4|8:5|8:6|8:7|8:8|8:9|9:4|9:5|9:6|9:7,2498
584,2312,0.6149633088725817,3.0,3.0,0.0,3.0,55,victory,1,0,,0,33,33,0:0|1:0|2:0|2:7|3:0|3:6|3:7|4:0|4:5|4:6|4:7|4:8|5:0|5:1|5:6|5:7|5:8|5:9|6:1|6:3|6:8|6:9|7:1|7:2|7:3|7:4|7:9|8:4|8:5|8:6|8:7|8:8|8:9,2498
585,2313,0.6143028685790527,3.0,3.0,0.0,3.0,90,victory,1,0,,0,59,44,0:0|0:1|1:0|1:1|1:2|2:0|2:1|2:7|3:0|3:6|3:7|3:8|3:9|4:0|4:7|4:8|4:9|5:0|5:1|5:2|5:7|5:8|5:9|6:0|6:1|6:2|6:3|6:7|6:8|6:9|7:1|7:2|7:3|7:4|7:5|7:6|7:7|7:8|7:9|8:1|8:6|8:7|8:8|9:8,2499
586,2314,0.6136424282855237,3.0,3.0,0.0,3.0,53,victory,1,0,,0,38,38,0:0|1:0|1:1|2:1|2:7|3:1|3:6|3:7|4:1|4:7|4:8|5:1|5:2|5:7|5:8|5:9|6:1|6:2|6:8|6:9|7:0|7:1|7:2|7:3|7:4|7:7|7:8|8:0|8:1|8:4|8:5|8:7|8:8|9:0|9:5|9:6|9:7|9:8,2499
587,2315,0.6129819879919947,2.0,2.0,0.0,2.0,62,death,0,1,monster,0,37,30,0:0|1:0|2:0|2:1|3:1|4:1|4:7|5:0|5:1|5:2|5:7|5:8|6:0|6:1|6:2|6:3|6:8|6:9|7:2|7:3|7:4|7:5|7:6|7:7|7:8|7:9|8:2|8:3|8:7|8:8,2499
588,2316,0.6123215476984656,3.0,3.0,0.0,3.0,69,victory,1,0,,0,49,39,0:0|1:0|1:1|2:0|2:1|2:7|3:0|3:1|3:7|3:8|4:0|4:1|4:6|4:7|4:8|5:1|5:7|5:8|6:1|6:5|6:6|6:7|6:8|6:9|7:1|7:2|7:3|7:5|7:6|7:8|7:9|8:1|8:2|8:3|8:4|8:5|8:8|8:9|9:3,2501
589,2317,0.6116611074049366,3.0,3.0,0.0,3.0,62,victory,1,0,,0,32,32,0:0|1:0|2:0|2:7|3:0|3:1|3:7|4:0|4:7|4:8|5:0|5:8|5:9|6:0|6:8|6:9|7:0|7:1|7:2|7:3|7:4|7:5|7:6|7:7|7:8|7:9|8:5|8:6|8:7|8:8|8:9|9:7,2501
590,2318,0.6110006671114077,3.0,3.0,0.0,3.0,52,victory,1,0,,0,34,32,0:0|1:0|2:0|2:7|3:0|3:1|3:7|3:8|4:0|4:1|4:8|5:0|5:1|5:8|6:0|6:1|6:2|6:8|7:0|7:1|7:2|7:8|8:1|8:8|9:1|9:2|9:3|9:4|9:5|9:6|9:7|9:8,2501
591,2319,0.6103402268178786,2.0,2.0,0.0,2.0,54,death,0,1,monster,0,36,35,0:0|1:0|2:0|3:0|3:1|3:5|3:6|3:7|4:0|4:1|4:7|4:8|5:0|5:1|5:8|6:0|6:1|6:2|6:3|6:4|6:8|6:9|7:2|7:4|7:5|7:6|7:8|7:9|8:5|8:6|8:7|8:8|9:5|9:6|9:7,2501
592,2320,0.6096797865243496,1.0,1.0,0.0,1.0,33,death,0,1,monster,0,23,21,0:0|0:1|1:1|2:1|3:1|4:1|5:1|6:1|6:4|6:5|7:0|7:1|7:2|7:3|7:4|7:5|7:6|8:2|8:5|8:6|8:7,2501
593,2321,0.6090193462308205,3.0,3.0,0.0,3.0,98,victory,1,0,,0,57,47,0:0|1:0|1:1|1:2|2:0|2:1|2:2|2:4|2:5|2:6|2:7|3:0|3:1|3:4|3:5|3:6|3:7|4:0|4:1|4:7|4:8|4:9|5:0|5:1|5:9|6:0|6:1|6:2|6:9|7:0|7:1|7:2|7:9|8:0|8:1|8:2|8:3|8:4|8:7|8:8|8:9|9:3|9:4|9:5|9:6|9:7|9:8,2504
594,2322,0.6083589059372916,3.0,3.0,0.0,3.0,53,victory,1,0,,0,38,36,0:0|0:1|1:0|1:1|2:0|2:7|3:0|3:5|3:6|3:7|4:0|4:7|5:0|5:1|5:4|5:7|5:8|6:1|6:4|6:7|6:8|7:1|7:2|7:3|7:4|7:5|7:6|7:7|7:8|8:1|8:2|8:3|8:4|8:5|8:7|8:8,2504
595,2323,0.6076984656437625,2.0,2.0,0.0,2.0,65,death,0,1,monster,0,43,35,0:0|1:0|2:0|3:0|3:1|4:0|4:1|5:0|5:1|5:4|6:1|6:2|6:3|6:4|6:5|6:6|6:9|7:0|7:1|7:2|7:3|7:4|7:5|7:6|7:7|7:8|7:9|8:3|8:4|8:5|8:6|8:7|8:8|9:3|9:8,2505
596,2324,0.6070380253502334,3.0,3.0,0.0,3.0,104,victory,1,0,,0,47,44,0:0|1:0|2:0|2:5|2:6|2:7|3:0|3:5|3:6|3:7|3:8|3:9|4:0|4:5|4:6|4:7|4:8|5:0|5:1|5:7|5:8|6:1|6:2|6:4|6:5|6:7|6:8|7:1|7:2|7:3|7:4|7:5|7:7|7:8|8:2|8:3|8:4|8:5|8:6|8:7|8:8|9:3|9:4|9:8,2505
597,2325,0.6063775850567046,3.0,3.0,0.0,3.0,62,victory,1,0,,0,41,40,0:0|1:0|2:0|2:1|2:2|2:7|3:0|3:1|3:2|3:6|3:7|4:0|4:1|4:5|4:6|4:7|5:0|5:1|5:6|5:7|6:0|6:1|6:2|6:3|6:4|6:7|6:8|6:9|7:2|7:3|7:4|7:6|7:7|7:9|8:4|8:5|8:6|8:7|8:8|8:9,2505
598,2326,0.6057171447631755,3.0,3.0,0.0,3.0,63,victory,1,0,,0,44,39,0:0|1:0|1:1|1:2|2:1|2:7|3:0|3:1|3:7|3:8|4:0|4:1|4:8|4:9|5:0|5:1|5:8|5:9|6:1|6:2|6:3|6:8|6:9|7:1|7:2|7:3|7:4|7:8|7:9|8:1|8:2|8:4|8:5|8:6|8:7|8:8|8:9|9:4|9:5,2507
599,2327,0.6050567044696464,3.0,3.0,0.0,3.0,70,victory,1,0,,0,34,33,0:0|1:0|2:0|2:2|2:7|3:0|3:1|3:2|3:7|3:8|4:0|4:1|4:2|4:8|5:0|5:2|5:8|6:2|6:8|7:2|7:3|7:6|7:8|7:9|8:2|8:6|8:7|8:8|9:2|9:3|9:4|9:5|9:6,2507
600,2328,0.6043962641761174,3.0,3.0,0.0,3.0,120,victory,1,0,,0,55,46,0:0|1:0|2:0|2:7|2:8|3:0|3:1|3:7|3:8|3:9|4:1|4:7|4:8|4:9|5:0|5:1|5:2|5:4|5:7|5:8|5:9|6:0|6:1|6:2|6:3|6:4|6:5|6:7|6:8|6:9|7:1|7:2|7:3|7:4|7:5|7:6|7:7|7:8|7:9|8:5|8:6|8:7|8:8|8:9|9:8|9:9,2507
601,2329,0.6037358238825884,3.0,3.0,0.0,3.0,52,victory,1,0,,0,38,36,0:0|0:1|1:1|2:0|2:1|2:7|3:0|3:7|3:8|4:0|4:7|4:8|5:0|5:1|5:5|5:6|5:7|5:8|6:0|6:1|6:2|6:5|6:6|6:7|6:8|7:2|7:3|7:4|7:6|7:7|7:8|8:4|8:5|8:6|8:7|8:8,2507
602,2330,0.6030753835890594,3.0,3.0,0.0,3.0,57,victory,1,0,,0,43,39,0:0|0:1|0:2|0:7|1:0|1:1|1:5|1:6|1:7|2:0|2:1|2:5|2:6|2:7|3:0|3:6|4:0|4:1|4:6|4:7|5:1|5:7|6:1|6:7|7:1|7:2|7:3|7:7|8:3|8:4|8:5|8:6|8:7|8:8|9:4|9:5|9:6|9:7|9:8,2508
603,2331,0.6024149432955304,3.0,3.0,0.0,3.0,97,victory,1,0,,0,59,44,0:0|1:0|2:0|2:1|2:2|2:3|2:7|3:2|3:4|3:5|3:6|3:7|4:1|4:2|4:5|4:6|4:7|4:8|5:1|5:2|5:3|5:5|5:6|5:7|5:8|5:9|6:1|6:2|6:3|6:6|6:7|6:8|6:9|7:2|7:3|7:4|7:7|8:4|8:5|8:6|8:7|8:8|9:6|9:7,2509
604,2332,0.6017545030020013,3.0,3.0,0.0,3.0,46,victory,1,0,,0,32,30,0:0|1:0|2:0|2:7|3:0|3:7|4:0|4:7|5:0|5:1|5:2|5:6|5:7|6:1|6:2|6:3|6:6|6:7|7:2|7:7|8:2|8:3|8:4|8:5|8:6|8:7|8:8|9:5|9:6|9:7,2509
605,2333,0.6010940627084723,2.0,2.0,0.0,2.0,47,death,0,1,monster,0,35,29,0:0|1:0|2:0|2:1|2:2|3:1|3:2|4:1|4:7|5:1|5:2|5:7|6:1|6:2|6:7|7:1|7:2|7:3|7:4|7:7|8:3|8:4|8:6|8:7|8:8|9:3|9:4|9:5|9:6,2509
606,2334,0.6004336224149434,3.0,3.0,0.0,3.0,78,victory,1,0,,0,45,38,0:0|1:0|2:0|2:7|2:8|3:0|3:1|3:8|4:1|4:8|5:1|5:8|5:9|6:0|6:1|6:2|6:6|6:7|6:8|6:9|7:2|7:3|7:6|7:7|7:8|7:9|8:3|8:4|8:5|8:6|8:7|8:8|9:2|9:3|9:4|9:5|9:6|9:7,2509
607,2335,0.5997731821214143,2.0,2.0,0.0,2.0,107,death,0,1,monster,0,57,40,0:0|0:1|1:0|1:1|2:0|2:1|3:1|3:6|3:7|3:9|4:1|4:6|4:7|4:8|4:9|5:1|5:2|5:5|5:6|5:7|5:8|5:9|6:1|6:2|6:5|6:6|6:7|6:8|6:9|7:2|7:3|7:4|7:5|7:6|7:7|7:8|8:6|8:7|8:8|9:8,2510
608,2336,0.5991127418278852,3.0,3.0,0.0,3.0,47,victory,1,0,,0,31,31,0:0|0:1|1:0|1:1|2:1|2:2|2:7|3:1|3:2|3:7|3:8|4:1|4:8|5:1|5:8|6:1|6:2|6:8|7:2|7:3|7:4|7:5|7:6|7:8|8:3|8:4|8:5|8:6|8:7|8:8|9:8,2510
609,2337,0.5984523015343562,3.0,3.0,0.0,3.0,70,victory,1,0,,0,34,34,0:0|0:1|1:0|1:1|1:2|2:0|2:1|2:7|3:1|3:7|3:8|4:1|4:2|4:8|5:1|5:2|5:7|5:8|6:2|6:7|6:8|7:2|7:3|7:4|7:7|7:8|8:4|8:6|8:7|8:8|9:4|9:5|9:6|9:7,2510
610,2338,0.5977918612408273,3.0,3.0,0.0,3.0,83,victory,1,0,,0,53,44,0:0|0:1|0:2|1:0|1:1|2:0|2:1|2:2|2:7|3:0|3:1|3:7|3:8|4:1|4:7|4:8|5:1|5:3|5:4|5:8|6:1|6:2|6:3|6:4|6:5|6:8|6:9|7:2|7:3|7:4|7:5|7:6|7:8|7:9|8:5|8:6|8:7|8:8|8:9|9:5|9:6|9:7|9:8|9:9,2511
611,2339,0.5971314209472982,1.0,1.0,0.0,1.0,45,death,0,1,monster,0,33,25,0:0|0:1|0:4|0:5|0:6|0:7|0:8|1:1|1:3|1:4|1:5|1:6|1:7|1:8|2:1|2:2|2:3|2:4|2:6|2:7|2:8|3:5|3:6|3:7|3:8,2515
612,2340,0.5964709806537691,3.0,3.0,0.0,3.0,69,victory,1,0,,0,48,42,0:0|1:0|2:0|2:6|2:7|2:8|3:0|3:6|3:7|3:8|3:9|4:0|4:7|4:8|5:0|5:7|5:8|6:0|6:1|6:2|6:7|6:8|6:9|7:1|7:2|7:3|7:9|8:1|8:2|8:3|8:4|8:5|8:8|8:9|9:1|9:2|9:3|9:4|9:5|9:6|9:7|9:8,2517
613,2341,0.5958105403602402,2.0,2.0,0.0,2.0,50,death,0,1,monster,0,37,33,0:0|1:0|1:1|2:0|2:1|2:2|3:1|4:1|4:2|5:1|5:2|5:7|5:8|6:2|6:3|6:4|6:5|6:6|6:7|6:8|7:2|7:4|7:5|7:6|7:7|8:4|8:5|8:6|8:7|8:8|9:5|9:6|9:7,2517
614,2342,0.5951501000667112,3.0,3.0,0.0,3.0,74,victory,1,0,,0,43,38,0:0|1:0|1:1|2:0|2:7|3:0|3:1|3:2|3:7|4:0|4:1|4:2|4:4|4:7|4:8|4:9|5:0|5:1|5:2|5:3|5:4|5:7|5:8|5:9|6:2|6:7|6:8|7:2|7:3|7:8|8:3|8:4|8:6|8:7|8:8|9:4|9:5|9:6,2517
615,2343,0.5944896597731821,1.0,1.0,0.0,1.0,36,death,0,1,monster,0,23,17,0:0|1:0|2:0|2:1|3:1|4:0|4:1|5:0|5:1|5:2|6:1|6:2|7:1|7:2|7:3|8:2|8:3,2517
616,2344,0.5938292194796531,3.0,3.0,0.0,3.0,76,victory,1,0,,0,48,38,0:0|1:0|2:0|2:7|3:0|3:7|3:8|4:0|4:1|4:7|4:8|5:0|5:2|5:3|5:7|5:8|6:0|6:1|6:2|6:8|6:9|7:1|7:2|7:3|7:4|7:5|7:7|7:8|7:9|8:1|8:2|8:3|8:4|8:5|8:6|8:7|8:8|9:7,2518
617,2345,0.593168779186124,3.0,3.0,0.0,3.0,69,victory,1,0,,0,35,35,0:0|1:0|2:0|2:7|3:0|3:7|3:8|4:0|4:1|4:8|5:1|5:8|6:1|6:2|6:3|6:8|6:9|7:2|7:3|7:4|7:8|7:9|8:2|8:3|8:4|8:5|8:6|8:7|8:8|9:2|9:3|9:4|9:5|9:6|9:7,2518
618,2346,0.5925083388925951,3.0,3.0,0.0,3.0,81,victory,1,0,,0,42,39,0:0|0:1|0:2|1:0|1:1|2:1|2:7|2:8|3:1|3:8|4:1|4:7|4:8|5:0|5:1|5:7|6:0|6:1|6:2|6:3|6:5|6:6|6:7|6:8|7:2|7:3|7:6|7:7|7:8|8:3|8:4|8:5|8:6|8:7|8:8|8:9|9:3|9:4|9:9,2519
619,2347,0.5918478985990661,3.0,3.0,0.0,3.0,56,victory,1,0,,0,36,33,0:0|0:1|1:0|1:1|2:1|2:7|2:8|3:1|3:2|3:8|3:9|4:2|4:8|4:9|5:2|5:8|6:2|6:6|6:7|6:8|6:9|7:2|7:3|7:5|7:6|7:7|7:8|7:9|8:3|8:4|8:5|8:7|8:8,2519
620,2348,0.591187458305537,3.0,3.0,0.0,3.0,52,victory,1,0,,0,36,36,0:0|0:1|1:0|1:1|2:0|2:7|3:0|3:7|3:8|4:0|4:7|4:8|5:0|5:1|5:2|5:7|6:1|6:2|6:7|7:2|7:3|7:7|7:8|8:1|8:2|8:3|8:4|8:5|8:6|8:7|8:8|9:1|9:2|9:3|9:5|9:6,2519
621,2349,0.590527018012008,2.0,2.0,0.0,2.0,26,death,0,1,monster,0,22,19,0:0|0:1|1:1|2:1|2:2|3:2|4:2|5:2|6:2|7:2|7:7|8:2|8:3|8:4|8:5|8:6|8:7|8:8|9:4,2519
622,2350,0.589866577718479,3.0,3.0,0.0,3.0,45,victory,1,0,,0,31,28,0:0|1:0|1:1|2:0|2:7|3:0|3:7|3:8|4:0|4:6|4:7|5:0|5:1|5:2|5:7|6:1|6:2|6:7|7:2|7:6|7:7|8:2|8:3|8:4|8:5|8:6|8:7|8:8,2519
623,2351,0.58920613742495,3.0,3.0,0.0,3.0,68,victory,1,0,,0,41,41,0:0|1:0|1:1|2:0|2:1|2:2|2:7|3:2|3:7|3:8|4:2|4:6|4:7|4:8|5:1|5:2|5:5|5:6|5:7|5:8|6:0|6:1|6:2|6:5|6:6|6:7|6:8|6:9|7:2|7:3|7:4|7:5|7:6|7:7|7:8|8:3|8:4|8:5|8:7|8:8|8:9,2519
624,2352,0.5885456971314209,2.0,2.0,0.0,2.0,51,death,0,1,monster,0,25,25,0:0|1:0|1:1|1:2|2:0|2:1|3:1|3:2|4:1|4:2|5:1|5:2|6:2|6:3|6:8|6:9|7:2|7:3|7:4|7:8|8:4|8:5|8:6|8:7|8:8,2519
625,2353,0.587885256837892,3.0,3.0,0.0,3.0,61,victory,1,0,,0,35,35,0:0|1:0|1:9|2:0|2:7|2:8|2:9|3:0|3:8|4:0|4:1|4:8|5:0|5:1|5:8|6:1|6:2|6:8|6:9|7:2|7:3|7:4|7:5|7:6|7:8|7:9|8:4|8:5|8:6|8:7|8:8|8:9|9:7|9:8|9:9,2519
626,2354,0.587224816544363,3.0,3.0,0.0,3.0,84,victory,1,0,,0,43,41,0:0|1:0|2:0|2:6|2:7|3:0|3:1|3:2|3:6|3:7|3:8|4:0|4:1|4:2|4:8|5:0|5:1|5:2|5:3|5:5|5:7|5:8|6:1|6:2|6:3|6:4|6:5|6:7|7:2|7:5|7:6|7:7|7:8|8:4|8:5|8:6|8:7|8:8|9:4|9:5|9:6,2519
627,2355,0.5865643762508339,0.0,0.0,0.0,0.0,18,death,0,1,monster,0,14,12,0:0|0:1|0:2|0:3|0:6|1:3|1:4|1:5|1:6|1:7|2:6|3:6,2520
628,2356,0.5859039359573048,3.0,3.0,0.0,3.0,44,victory,1,0,,0,37,36,0:0|1:0|1:1|2:0|2:1|2:6|2:7|3:1|3:5|3:6|4:1|4:5|4:6|5:1|5:5|5:6|5:7|6:0|6:1|6:2|6:7|7:0|7:1|7:2|7:3|7:4|7:5|7:6|7:7|7:8|8:4|8:5|8:7|8:8|9:7|9:8,2520
629,2357,0.5852434956637759,3.0,3.0,0.0,3.0,43,victory,1,0,,0,34,33,0:0|1:0|1:1|2:0|2:6|2:7|3:0|3:6|3:7|3:8|3:9|4:0|4:8|4:9|5:0|5:1|5:8|5:9|6:1|6:2|6:8|6:9|7:2|7:3|7:4|7:5|7:6|7:7|7:8|8:2|8:3|8:7|8:8,2520
630,2358,0.5845830553702469,3.0,3.0,0.0,3.0,59,victory,1,0,,0,39,36,0:0|0:1|1:0|1:1|2:1|2:7|3:1|3:2|3:6|3:7|4:1|4:2|4:7|5:1|5:7|5:8|6:1|6:7|6:8|7:1|7:2|7:5|7:6|7:7|7:8|8:1|8:2|8:3|8:4|8:5|8:6|8:7|8:8|9:0|9:1|9:2,2520
631,2359,0.5839226150767178,1.0,1.0,0.0,1.0,67,death,0,1,monster,0,35,27,0:0|0:1|1:1|2:1|2:2|3:2|4:2|5:1|5:2|5:3|6:1|6:2|6:3|6:4|7:2|7:3|7:4|8:2|8:3|8:4|8:5|8:6|8:9|9:6|9:7|9:8|9:9,2525
632,2360,0.5832621747831888,3.0,3.0,0.0,3.0,68,victory,1,0,,0,43,40,0:0|0:1|1:1|1:2|2:0|2:1|2:7|2:8|3:0|3:6|3:7|3:8|4:0|4:5|4:6|4:7|4:8|5:0|5:1|5:5|5:6|5:7|5:8|5:9|6:1|6:2|6:8|6:9|7:2|7:3|7:4|7:5|7:9|8:5|8:6|8:7|8:8|8:9|9:8|9:9,2525
633,2361,0.5826017344896597,3.0,3.0,0.0,3.0,79,victory,1,0,,0,50,41,0:0|0:1|1:1|2:1|2:7|2:8|2:9|3:1|3:2|3:8|3:9|4:1|4:2|4:8|4:9|5:0|5:1|5:2|5:8|6:1|6:2|6:3|6:8|6:9|7:2|7:3|7:4|7:8|7:9|8:2|8:3|8:4|8:5|8:6|8:7|8:8|8:9|9:3|9:7|9:8|9:9,2527
634,2362,0.5819412941961308,3.0,3.0,0.0,3.0,73,victory,1,0,,0,53,43,0:0|1:0|2:0|2:1|2:7|3:0|3:1|3:5|3:6|3:7|4:1|4:5|4:6|4:7|5:1|5:2|5:5|5:6|5:7|5:8|6:1|6:2|6:3|6:7|6:8|6:9|7:1|7:2|7:3|7:4|7:5|7:6|7:7|7:8|7:9|8:5|8:6|8:7|8:8|8:9|9:7|9:8|9:9,2527
635,2363,0.5812808539026018,2.0,2.0,0.0,2.0,78,death,0,1,monster,0,47,41,0:0|0:1|1:1|2:0|2:1|2:7|3:0|3:4|3:5|3:6|3:7|4:0|4:1|4:5|4:6|4:7|4:8|5:0|5:1|5:5|5:6|5:7|5:8|6:1|6:7|6:8|6:9|7:1|7:2|7:3|7:4|7:8|7:9|8:1|8:2|8:3|8:4|8:5|8:6|8:7|8:8,2527
636,2364,0.5806204136090727,2.0,2.0,0.0,2.0,68,death,0,1,monster,0,44,37,0:0|0:1|1:0|2:0|2:6|3:0|3:6|3:7|4:0|4:7|5:0|5:1|5:7|5:8|6:0|6:1|6:2|6:4|6:5|6:6|6:7|6:8|7:2|7:3|7:4|7:5|7:6|7:7|7:8|8:3|8:4|8:5|8:6|8:7|8:8|9:7|9:8,2527
637,2365,0.5799599733155436,2.0,2.0,0.0,2.0,48,death,0,1,monster,0,29,28,0:0|1:0|2:0|3:0|4:0|4:1|5:0|5:1|5:2|5:3|6:0|6:1|6:2|7:2|7:6|7:7|8:2|8:3|8:4|8:5|8:6|8:7|8:8|9:4|9:5|9:6|9:7|9:8,2527
638,2366,0.5792995330220146,3.0,3.0,0.0,3.0,45,victory,1,0,,0,31,31,0:0|1:0|2:0|2:1|2:7|3:0|3:1|3:7|3:8|4:0|4:1|4:7|5:0|5:1|5:7|6:1|6:2|6:3|6:7|6:8|6:9|7:2|7:3|7:8|7:9|8:3|8:4|8:5|8:6|8:7|8:8,2527
639,2367,0.5786390927284857,3.0,3.0,0.0,3.0,86,victory,1,0,,0,53,44,0:0|0:1|1:0|2:0|2:7|3:0|3:7|4:0|4:7|4:8|4:9|5:0|5:1|5:4|5:6|5:7|5:8|5:9|6:1|6:4|6:6|6:7|6:8|6:9|7:1|7:2|7:3|7:4|7:6|7:7|7:8|7:9|8:1|8:2|8:4|8:5|8:7|8:8|9:1|9:2|9:5|9:6|9:7|9:8,2527
640,2368,0.5779786524349566,3.0,3.0,0.0,3.0,43,victory,1,0,,0,31,27,0:0|1:0|2:0|2:7|3:0|3:7|4:0|4:7|5:0|5:1|5:7|5:8|6:0|6:1|6:7|6:8|7:0|7:1|7:2|7:8|8:2|8:3|8:4|8:5|8:6|8:7|8:8,2527
641,2369,0.5773182121414276,3.0,3.0,0.0,3.0,70,victory,1,0,,0,43,39,0:0|1:0|2:0|2:1|2:7|2:8|2:9|3:1|3:7|3:8|3:9|4:1|4:7|4:8|4:9|5:1|5:5|5:6|5:7|5:8|5:9|6:1|6:2|6:6|6:8|6:9|7:2|7:3|7:4|7:6|7:7|7:8|8:4|8:5|8:6|8:7|8:8|9:6|9:7,2530
642,2370,0.5766577718478986,1.0,1.0,0.0,1.0,19,death,0,1,monster,0,17,17,0:0|1:0|2:0|3:0|4:0|5:0|6:0|6:1|6:2|6:4|6:6|6:7|7:2|7:3|7:4|7:5|7:6,2531
643,2371,0.5759973315543696,3.0,3.0,0.0,3.0,61,victory,1,0,,0,37,36,0:0|0:1|1:0|1:1|2:0|2:1|2:7|3:1|3:7|3:8|4:0|4:1|4:8|5:0|5:1|5:2|5:8|5:9|6:1|6:2|6:3|6:6|6:7|6:8|6:9|7:2|7:3|7:4|7:5|7:6|7:8|7:9|8:4|8:5|8:6|8:8,2531
644,2372,0.5753368912608405,2.0,2.0,0.0,2.0,48,death,0,1,monster,0,37,34,0:0|0:1|1:0|1:1|1:2|2:0|2:1|3:0|3:1|4:0|4:8|4:9|5:0|5:1|5:2|5:3|5:7|5:8|6:1|6:2|6:3|6:7|6:8|7:2|7:3|7:5|7:6|7:7|7:8|8:2|8:3|8:4|8:5|8:8,2531
645,2373,0.5746764509673116,1.0,1.0,0.0,1.0,40,death,0,1,monster,0,23,22,0:0|1:0|2:0|3:0|3:1|3:2|4:2|5:0|5:1|5:2|5:4|6:0|6:1|6:2|6:4|7:2|7:3|7:4|8:4|8:5|8:6|9:6,2531
646,2374,0.5740160106737826,1.0,1.0,0.0,1.0,23,death,0,1,monster,0,20,19,0:0|0:1|1:0|1:1|2:0|3:0|4:0|5:0|5:1|5:2|6:0|6:1|6:2|7:0|7:1|7:2|7:3|7:4|8:3,2532
647,2375,0.5733555703802535,3.0,3.0,0.0,3.0,75,victory,1,0,,0,52,37,0:0|1:0|2:0|2:7|3:0|3:7|3:8|4:0|4:7|4:8|4:9|5:0|5:1|5:7|5:8|5:9|6:1|6:2|6:7|6:8|6:9|7:2|7:3|7:6|7:7|7:8|8:2|8:3|8:4|8:6|8:7|8:8|9:3|9:4|9:5|9:6|9:7,2532
648,2376,0.5726951300867245,3.0,3.0,0.0,3.0,62,victory,1,0,,0,39,38,0:0|0:1|1:0|1:1|2:1|2:7|2:8|3:0|3:1|3:7|3:8|3:9|4:0|4:8|4:9|5:0|5:8|5:9|6:0|6:1|6:9|7:0|7:1|7:2|7:3|7:9|8:1|8:2|8:3|8:4|8:5|8:6|8:7|8:8|8:9|9:3|9:4|9:5,2532
649,2377,0.5720346897931954,3.0,3.0,0.0,3.0,64,victory,1,0,,0,38,34,0:0|1:0|2:0|2:7|3:0|3:7|3:8|4:0|4:7|4:8|5:0|5:1|5:2|5:7|5:8|6:1|6:2|6:3|6:7|6:8|7:1|7:2|7:3|7:4|7:7|7:8|8:4|8:7|8:8|9:4|9:5|9:6|9:7|9:8,2532
650,2378,0.5713742494996665,3.0,3.0,0.0,3.0,69,victory,1,0,,0,37,36,0:0|1:0|1:1|2:0|2:1|2:7|3:1|3:2|3:7|4:1|4:2|4:7|5:1|5:2|5:7|6:1|6:2|6:6|6:7|6:8|6:9|7:2|7:6|7:7|7:8|7:9|8:2|8:3|8:4|8:6|8:7|8:8|9:4|9:5|9:6|9:7,2532
651,2379,0.5707138092061375,3.0,3.0,0.0,3.0,77,victory,1,0,,0,44,35,0:0|1:0|2:0|2:7|3:0|3:7|4:0|4:7|5:0|5:1|5:3|5:4|5:5|5:6|5:7|6:1|6:3|6:4|6:5|6:6|6:7|7:0|7:1|7:2|7:3|7:4|7:5|7:6|7:7|8:4|8:5|8:6|8:7|8:8|9:6,2534
652,2380,0.5700533689126084,3.0,3.0,0.0,3.0,52,victory,1,0,,0,37,33,0:0|1:0|1:1|2:0|2:1|2:2|2:7|3:1|3:2|3:7|4:2|4:7|4:8|5:2|5:7|5:8|5:9|6:2|6:7|6:8|6:9|7:2|7:5|7:6|7:7|7:8|7:9|8:2|8:3|8:4|8:5|8:8|8:9,2534
653,2381,0.5693929286190793,3.0,3.0,0.0,3.0,74,victory,1,0,,0,41,39,0:0|1:0|2:0|2:7|3:0|3:5|3:6|3:7|3:8|4:0|4:1|4:5|4:6|4:7|5:0|5:1|5:2|5:5|5:6|5:7|6:1|6:2|6:4|6:7|6:8|7:2|7:4|7:7|7:8|8:2|8:3|8:4|8:5|8:6|8:7|8:8|9:4|9:5|9:6,2534
654,2382,0.5687324883255503,3.0,3.0,0.0,3.0,85,victory,1,0,,0,48,39,0:0|1:0|2:0|2:7|3:0|3:6|3:7|3:8|4:0|4:1|4:7|4:8|5:0|5:1|5:2|5:7|5:8|5:9|6:0|6:1|6:2|6:3|6:8|7:2|7:3|7:5|7:7|7:8|7:9|8:3|8:4|8:5|8:6|8:7|8:8|8:9|9:5|9:6|9:7,2534
655,2383,0.5680720480320214,2.0,2.0,0.0,2.0,53,death,0,1,monster,0,36,30,0:0|1:0|1:8|2:0|2:8|3:0|3:8|4:0|4:8|5:0|5:1|5:8|6:0|6:1|6:2|6:3|6:4|6:5|6:8|7:1|7:2|7:3|7:4|7:5|7:8|8:4|8:5|8:6|8:7|8:8,2534
656,2384,0.5674116077384923,3.0,3.0,0.0,3.0,49,victory,1,0,,0,30,29,0:0|1:0|2:0|2:1|2:7|3:0|3:7|4:0|4:6|4:7|5:0|5:7|6:0|6:1|6:2|6:6|6:7|7:2|7:3|7:4|7:6|7:7|8:3|8:4|8:5|8:6|8:7|8:8|9:3,2535
657,2385,0.5667511674449632,3.0,3.0,0.0,3.0,44,victory,1,0,,0,35,32,0:0|1:0|2:0|2:7|2:8|3:0|3:1|3:7|3:8|4:1|4:8|5:1|5:8|5:9|6:1|6:2|6:9|7:2|7:8|7:9|8:1|8:2|8:8|8:9|9:2|9:3|9:4|9:5|9:6|9:7|9:8|9:9,2537
658,2386,0.5660907271514343,1.0,1.0,0.0,1.0,18,death,0,1,monster,0,18,18,0:0|1:0|1:1|2:1|3:1|4:1|4:5|4:6|5:1|5:2|5:5|6:1|6:2|6:5|7:2|7:3|7:4|7:5,2538
659,2387,0.5654302868579053,3.0,3.0,0.0,3.0,67,victory,1,0,,0,41,39,0:0|0:1|1:0|1:1|2:0|2:1|2:2|2:7|3:0|3:1|3:2|3:7|4:0|4:7|5:0|5:1|5:7|5:8|5:9|6:1|6:2|6:3|6:8|6:9|7:1|7:2|7:3|7:4|7:8|8:1|8:2|8:4|8:5|8:6|8:7|8:8|9:5|9:6|9:7,2538
660,2388,0.5647698465643762,1.0,1.0,0.0,1.0,31,death,0,1,monster,0,24,22,0:0|0:1|1:1|2:1|3:1|4:1|5:1|5:2|5:6|5:7|5:8|6:1|6:2|6:3|6:6|7:2|7:3|7:4|7:6|8:4|8:5|8:6,2540
661,2389,0.5641094062708473,3.0,3.0,0.0,3.0,36,victory,1,0,,0,31,30,0:0|1:0|2:0|2:7|3:0|3:6|3:7|4:0|4:7|4:8|5:0|5:1|5:8|6:0|6:1|6:8|7:1|7:2|7:8|7:9|8:2|8:3|8:4|8:5|8:7|8:8|8:9|9:5|9:6|9:7,2540
662,2390,0.5634489659773182,3.0,3.0,0.0,3.0,47,victory,1,0,,0,32,32,0:0|1:0|2:0|2:1|2:7|3:1|3:7|3:8|4:0|4:1|4:7|4:8|5:0|5:1|5:2|5:8|5:9|6:0|6:1|6:2|6:3|6:8|6:9|7:2|7:3|7:4|7:8|8:4|8:5|8:6|8:7|8:8,2540
663,2391,0.5627885256837892,2.0,2.0,0.0,2.0,38,death,0,1,monster,0,28,26,0:0|1:0|2:0|3:0|4:0|4:8|4:9|5:0|5:1|5:8|5:9|6:1|6:2|6:6|6:9|7:2|7:3|7:4|7:6|7:8|7:9|8:4|8:5|8:6|8:7|8:8,2540
664,2392,0.5621280853902602,1.0,1.0,0.0,1.0,32,death,0,1,monster,0,21,18,0:0|1:0|2:0|3:0|3:1|4:0|4:1|4:2|5:1|6:1|6:2|7:2|7:3|7:4|7:5|8:5|8:6|8:7,2540
665,2393,0.5614676450967312,3.0,3.0,0.0,3.0,57,victory,1,0,,0,41,40,0:0|0:1|1:1|2:1|2:7|3:1|3:7|3:8|4:1|4:6|4:7|4:8|5:1|5:2|5:6|5:7|5:8|6:1|6:2|6:7|6:8|6:9|7:2|7:5|7:6|7:7|7:8|7:9|8:2|8:5|8:6|8:7|8:8|8:9|9:2|9:3|9:4|9:5|9:6|9:7,2540
666,2394,0.5608072048032022,3.0,3.0,0.0,3.0,68,victory,1,0,,0,44,37,0:0|1:0|2:0|2:7|3:0|3:7|3:8|3:9|4:0|4:7|4:8|5:0|5:1|5:7|5:9|6:1|6:2|6:7|6:8|6:9|7:2|7:3|7:4|7:5|7:6|7:7|7:8|7:9|8:4|8:5|8:6|8:7|8:8|8:9|9:7|9:8|9:9,2540
667,2395,0.5601467645096732,3.0,3.0,0.0,3.0,70,victory,1,0,,0,43,40,0:0|0:1|0:4|1:1|1:2|1:3|1:4|2:4|2:5|2:6|2:7|2:8|3:4|3:5|3:6|3:8|4:4|4:5|4:8|5:3|5:7|5:8|6:2|6:3|6:7|6:8|7:2|7:3|7:4|7:5|7:6|7:7|7:8|7:9|8:7|8:8|8:9|9:7|9:8|9:9,2540
668,2396,0.5594863242161441,1.0,1.0,0.0,1.0,34,death,0,1,monster,0,20,18,0:0|0:1|1:0|1:1|2:0|3:0|4:0|4:1|5:0|5:1|6:1|6:2|6:4|6:5|7:1|7:2|7:3|7:4,2540
669,2397,0.558825883922615,3.0,3.0,0.0,3.0,39,victory,1,0,,0,31,30,0:0|1:0|2:0|2:7|2:8|3:0|3:8|3:9|4:0|4:8|5:0|5:1|5:2|5:3|5:8|6:1|6:2|6:3|6:8|7:1|7:2|7:3|7:4|7:5|7:8|8:4|8:5|8:6|8:7|8:8,2540
670,2398,0.5581654436290862,3.0,3.0,0.0,3.0,75,victory,1,0,,0,54,43,0:0|0:1|1:0|1:1|1:2|2:1|2:2|2:7|3:0|3:1|3:2|3:4|3:5|3:6|3:7|3:8|4:0|4:4|4:5|4:6|4:7|4:8|5:0|5:1|5:4|5:5|5:6|5:7|5:8|6:1|6:7|7:1|7:2|7:3|7:4|7:7|7:8|8:1|8:4|8:5|8:6|8:7|8:8,2542
671,2399,0.5575050033355571,2.0,2.0,0.0,2.0,98,death,0,1,monster,0,51,36,0:0|1:0|1:1|1:2|2:0|2:1|2:2|2:7|2:8|3:0|3:1|3:2|3:6|3:7|3:8|4:0|4:1|4:7|5:0|5:1|5:2|5:4|5:5|5:6|5:7|6:1|6:2|6:3|6:4|6:5|6:6|6:7|7:2|7:3|7:4|7:5,2545
672,2400,0.556844563042028,1.0,1.0,0.0,1.0,23,death,0,1,monster,0,17,17,0:0|1:0|2:0|3:0|4:0|4:1|4:2|5:2|6:2|7:2|7:3|7:4|8:4|8:5|8:6|9:4|9:5,2545
673,2401,0.5561841227484989,2.0,2.0,0.0,2.0,69,death,0,1,monster,0,42,37,0:0|1:0|2:0|3:0|3:6|4:0|4:4|4:5|4:6|4:7|4:8|5:0|5:8|6:0|6:8|7:0|7:1|7:2|7:3|7:4|7:8|8:0|8:2|8:3|8:4|8:5|8:6|8:7|8:8|9:2|9:3|9:4|9:5|9:6|9:7|9:8|9:9,2546
674,2402,0.55552368245497,3.0,3.0,0.0,3.0,63,victory,1,0,,0,39,34,0:0|1:0|2:0|2:7|3:0|3:7|3:8|3:9|4:0|4:7|4:8|5:0|5:1|5:2|5:3|5:8|6:2|6:3|6:8|7:1|7:2|7:3|7:8|8:2|8:3|8:4|8:5|8:6|8:8|9:4|9:5|9:6|9:7|9:8,2546
675,2403,0.554863242161441,3.0,3.0,0.0,3.0,54,victory,1,0,,0,38,38,0:0|0:1|1:0|1:1|1:2|2:1|2:7|2:8|3:0|3:1|3:6|3:7|3:8|4:0|4:1|4:2|4:6|4:7|5:0|5:1|5:2|5:3|5:7|5:8|6:1|6:2|6:8|7:1|7:2|7:8|8:1|8:2|8:3|8:4|8:5|8:6|8:7|8:8,2546
676,2404,0.5542028018679119,3.0,3.0,0.0,3.0,48,victory,1,0,,0,33,33,0:0|1:0|2:0|2:6|2:7|3:0|3:1|3:6|3:7|4:1|4:7|4:8|5:1|5:8|6:1|6:2|6:3|6:8|7:0|7:1|7:2|7:3|7:8|8:3|8:4|8:5|8:6|8:8|8:9|9:6|9:7|9:8|9:9,2546
677,2405,0.5535423615743829,3.0,3.0,0.0,3.0,43,victory,1,0,,0,40,32,0:0|1:0|2:0|2:7|3:0|3:7|4:0|4:5|4:6|4:7|4:8|4:9|5:0|5:1|5:7|5:8|5:9|6:1|6:2|6:8|6:9|7:2|7:8|8:2|8:3|8:8|9:3|9:4|9:5|9:6|9:7|9:8,2546
678,2406,0.5528819212808539,3.0,3.0,0.0,3.0,63,victory,1,0,,0,42,40,0:0|1:0|2:0|2:6|2:7|2:8|3:0|3:4|3:5|3:6|3:7|4:0|4:1|4:4|4:5|4:6|4:7|5:1|5:4|5:6|5:7|6:1|6:3|6:4|6:7|6:8|6:9|7:0|7:1|7:2|7:3|7:8|7:9|8:0|8:1|8:8|8:9|9:0|9:8|9:9,2548
679,2407,0.5522214809873249,1.0,1.0,0.0,1.0,26,death,0,1,monster,0,21,19,0:0|1:0|2:0|3:0|4:0|5:0|6:0|6:2|7:0|7:1|7:2|7:3|8:0|8:3|8:4|8:5|9:5|9:6|9:7,2549
680,2408,0.5515610406937959,3.0,3.0,0.0,3.0,53,victory,1,0,,0,33,32,0:0|1:0|2:0|2:7|3:0|3:1|3:7|3:8|4:0|4:1|4:7|4:8|5:0|5:1|5:8|5:9|6:1|6:2|6:8|6:9|7:2|7:8|7:9|8:2|8:3|8:4|8:5|8:7|8:8|9:5|9:6|9:7,2549
681,2409,0.5509006004002669,1.0,1.0,0.0,1.0,30,death,0,1,monster,0,20,17,0:0|1:0|2:0|3:0|4:0|5:0|5:1|6:0|6:1|6:2|7:1|7:2|7:3|7:4|8:3|8:4|9:3,2549
682,2410,0.5502401601067378,3.0,3.0,0.0,3.0,72,victory,1,0,,0,39,38,0:0|1:0|2:0|2:7|3:0|3:7|3:8|3:9|4:0|4:2|4:8|4:9|5:0|5:1|5:2|5:3|5:8|6:2|6:8|6:9|7:2|7:5|7:6|7:8|7:9|8:1|8:2|8:3|8:4|8:5|8:6|8:7|8:8|9:4|9:5|9:6|9:7|9:8,2549
683,2411,0.5495797198132089,3.0,3.0,0.0,3.0,103,victory,1,0,,0,46,40,0:0|1:0|2:0|2:7|3:0|3:7|3:8|3:9|4:0|4:1|4:2|4:4|4:8|5:0|5:1|5:2|5:3|5:4|5:8|5:9|6:0|6:1|6:2|6:3|6:7|6:8|6:9|7:2|7:3|7:7|7:8|7:9|8:3|8:4|8:5|8:6|8:7|8:8|9:7|9:8,2549
684,2412,0.5489192795196798,3.0,3.0,0.0,3.0,39,victory,1,0,,0,34,33,0:0|0:1|1:1|2:1|2:7|3:1|3:7|3:8|4:1|4:7|4:8|5:1|5:8|5:9|6:1|6:2|6:8|7:2|7:3|7:6|7:7|7:8|8:2|8:3|8:4|8:6|8:7|8:8|9:3|9:4|9:5|9:6|9:7,2549
685,2413,0.5482588392261507,3.0,3.0,0.0,3.0,44,victory,1,0,,0,30,30,0:0|1:0|2:0|2:7|3:0|3:7|3:8|4:0|4:7|4:8|5:0|5:1|5:8|5:9|6:0|6:1|6:2|6:8|7:2|7:3|7:8|8:3|8:4|8:5|8:6|8:7|8:8|9:4|9:5|9:6,2549
686,2414,0.5475983989326219,2.0,2.0,0.0,2.0,85,death,0,1,monster,0,38,32,0:0|1:0|2:0|3:0|4:0|4:1|4:2|4:7|5:0|5:1|5:2|5:7|5:8|6:0|6:1|6:2|6:3|6:7|6:8|7:2|7:3|7:4|7:8|8:3|8:4|8:5|8:6|8:7|8:8|9:4|9:5|9:6,2549
687,2415,0.5469379586390928,3.0,3.0,0.0,3.0,47,victory,1,0,,0,33,31,0:0|1:0|2:0|2:1|2:7|3:1|3:2|3:7|4:1|4:2|4:7|4:8|5:2|5:8|6:2|6:7|6:8|6:9|7:1|7:2|7:3|7:5|7:6|7:7|7:9|8:3|8:4|8:5|8:7|8:8|8:9,2549
688,2416,0.5462775183455637,1.0,1.0,0.0,1.0,37,death,0,1,monster,0,20,18,0:0|1:0|1:1|2:0|2:1|3:0|4:0|5:0|5:1|6:1|7:1|7:2|7:3|7:4|7:5|8:3|8:4|8:5,2549
689,2417,0.5456170780520346,2.0,2.0,0.0,2.0,50,death,0,1,monster,0,40,34,0:0|1:0|2:0|2:1|3:1|3:7|3:8|4:1|4:7|4:8|5:1|5:7|5:8|5:9|6:1|6:2|6:4|6:5|6:7|6:8|6:9|7:2|7:3|7:4|7:5|7:7|7:8|7:9|8:3|8:4|8:5|8:6|8:7|8:8,2549
690,2418,0.5449566377585057,3.0,3.0,0.0,3.0,42,victory,1,0,,0,33,31,0:0|1:0|2:0|2:7|3:0|3:7|4:0|4:6|4:7|5:0|5:1|5:7|5:8|5:9|6:1|6:8|6:9|7:0|7:1|7:2|7:9|8:0|8:1|8:2|8:3|8:4|8:5|8:6|8:7|8:8|8:9,2549
691,2419,0.5442961974649767,3.0,3.0,0.0,3.0,36,victory,1,0,,0,29,29,0:0|1:0|2:0|2:7|3:0|3:7|3:8|4:0|4:7|4:8|5:0|5:7|6:0|6:1|6:2|6:6|6:7|6:8|7:2|7:3|7:5|7:6|7:7|7:8|8:3|8:4|8:5|8:7|8:8,2549
692,2420,0.5436357571714476,3.0,3.0,0.0,3.0,35,victory,1,0,,0,29,29,0:0|1:0|2:0|2:7|3:0|3:7|3:8|4:0|4:8|5:0|5:1|5:8|6:1|6:2|6:8|6:9|7:2|7:3|7:4|7:9|8:4|8:5|8:6|8:7|8:8|8:9|9:6|9:7|9:8,2549
693,2421,0.5429753168779186,3.0,3.0,0.0,3.0,71,victory,1,0,,0,45,41,0:0|1:0|2:0|2:7|3:0|3:6|3:7|3:8|4:0|4:1|4:8|5:0|5:1|5:2|5:3|5:4|5:7|5:8|5:9|6:0|6:1|6:2|6:3|6:4|6:7|6:8|6:9|7:1|7:2|7:3|7:4|7:7|7:8|8:4|8:5|8:7|8:8|9:5|9:6|9:7|9:8,2549
694,2422,0.5423148765843896,2.0,2.0,0.0,2.0,50,death,0,1,monster,0,33,28,0:0|1:0|2:0|2:1|2:2|3:0|3:2|4:2|5:1|5:2|6:0|6:1|6:2|7:0|7:1|7:2|7:3|7:4|7:5|7:6|7:8|8:5|8:6|8:7|8:8|9:5|9:6|9:7,2549
695,2423,0.5416544362908606,1.0,1.0,0.0,1.0,14,death,0,1,monster,0,15,14,0:0|0:1|0:2|0:3|0:4|0:5|1:5|2:5|2:6|2:7|2:8|3:8|4:8|5:8,2549
696,2424,0.5409939959973316,3.0,3.0,0.0,3.0,64,victory,1,0,,0,34,31,0:0|1:0|1:1|2:0|2:7|3:0|3:7|4:0|4:1|4:7|5:0|5:1|5:2|5:7|6:0|6:1|6:2|6:7|7:1|7:2|7:3|7:4|7:7|8:3|8:4|8:5|8:6|8:7|8:8|9:7|9:8,2549
697,2425,0.5403335557038025,3.0,3.0,0.0,3.0,61,victory,1,0,,0,37,35,0:0|1:0|1:1|2:0|2:1|2:7|3:1|3:7|3:8|4:1|4:7|4:8|5:1|5:8|5:9|6:1|6:2|6:5|6:8|6:9|7:2|7:3|7:5|7:6|7:7|7:8|7:9|8:2|8:3|8:4|8:5|8:7|8:8|8:9|9:3,2549
698,2426,0.5396731154102735,3.0,3.0,0.0,3.0,50,victory,1,0,,0,35,31,0:0|1:0|1:1|1:3|1:4|1:5|1:6|2:1|2:2|2:3|2:6|2:7|3:1|3:2|3:7|4:1|4:2|4:7|5:1|5:2|5:7|5:8|6:1|6:2|6:7|6:8|7:1|7:2|7:7|7:8|8:8,2549
699,2427,0.5390126751167446,3.0,3.0,0.0,3.0,42,victory,1,0,,0,32,32,0:0|1:0|2:0|2:1|2:2|2:7|3:0|3:1|3:2|3:7|4:0|4:1|4:2|4:7|5:1|5:2|5:7|6:1|6:2|6:7|7:2|7:3|7:7|7:8|8:3|8:6|8:7|8:8|9:3|9:4|9:5|9:6,2549
700,2428,0.5383522348232155,3.0,3.0,0.0,3.0,58,victory,1,0,,0,43,37,0:0|0:1|0:2|0:3|1:1|1:2|2:1|2:7|3:1|3:2|3:6|3:7|4:1|4:2|4:7|5:1|5:7|6:0|6:1|6:2|6:7|7:2|7:3|7:4|7:6|7:7|7:8|8:2|8:3|8:4|8:5|8:6|8:7|8:8|9:5|9:6|9:7,2550
701,2429,0.5376917945296864,3.0,3.0,0.0,3.0,67,victory,1,0,,0,38,37,0:0|1:0|2:0|2:7|3:0|3:7|3:8|4:0|4:6|4:7|4:8|5:0|5:1|5:8|6:1|6:2|6:4|6:8|7:1|7:2|7:3|7:4|7:5|7:6|7:7|7:8|8:1|8:4|8:5|8:6|8:7|8:8|9:4|9:5|9:6|9:7|9:8,2550
702,2430,0.5370313542361574,3.0,3.0,0.0,3.0,50,victory,1,0,,0,38,36,0:0|1:0|2:0|2:7|3:0|3:1|3:7|3:8|4:0|4:1|4:8|4:9|5:0|5:1|5:2|5:3|5:8|6:2|6:8|6:9|7:2|7:3|7:4|7:5|7:6|7:7|7:8|7:9|8:4|8:5|8:6|8:7|8:8|8:9|9:5|9:6,2550
703,2431,0.5363709139426285,3.0,3.0,0.0,3.0,62,victory,1,0,,0,40,36,0:0|1:0|2:0|2:1|2:2|2:3|2:7|3:2|3:7|4:2|4:7|4:8|5:1|5:2|5:8|6:1|6:2|6:3|6:8|7:2|7:3|7:4|7:5|7:6|7:7|7:8|8:3|8:4|8:5|8:6|8:7|8:8|9:3|9:4|9:6|9:7,2550
704,2432,0.5357104736490994,2.0,2.0,0.0,2.0,50,death,0,1,monster,0,34,29,0:0|1:0|2:0|3:0|3:8|4:0|4:1|4:8|5:0|5:1|5:8|6:1|6:2|6:3|6:8|7:1|7:2|7:3|7:4|7:5|7:6|7:8|8:2|8:3|8:4|8:5|8:6|8:7|8:8,2550
705,2433,0.5350500333555703,1.0,1.0,0.0,1.0,31,death,0,1,monster,0,24,21,0:0|1:0|1:1|1:2|2:1|2:2|3:1|3:2|4:1|4:2|5:0|5:1|6:1|7:1|7:2|8:2|8:3|8:4|8:5|8:6|9:5,2551
706,2434,0.5343895930620413,1.0,1.0,0.0,1.0,37,death,0,1,monster,0,24,24,0:0|0:1|1:1|1:2|2:0|2:1|3:0|4:0|5:0|6:0|6:1|6:2|7:0|7:1|7:2|7:3|8:0|8:1|8:2|8:3|8:5|9:3|9:4|9:5,2551
707,2435,0.5337291527685124,3.0,3.0,0.0,3.0,60,victory,1,0,,0,40,34,0:0|1:0|2:0|2:1|2:7|3:1|3:7|4:1|4:7|5:1|5:2|5:7|6:1|6:2|6:3|6:4|6:6|6:7|6:8|7:1|7:2|7:3|7:4|7:5|7:6|7:7|7:8|8:0|8:1|8:4|8:7|8:8|9:7|9:8,2551
708,2436,0.5330687124749833,3.0,3.0,0.0,3.0,51,victory,1,0,,0,36,34,0:0|1:0|2:0|2:7|2:8|3:0|3:8|4:0|4:8|5:0|5:1|5:2|5:8|6:0|6:1|6:2|6:3|6:8|6:9|7:0|7:2|7:5|7:6|7:9|8:2|8:3|8:4|8:5|8:6|8:7|8:8|8:9|9:5|9:6,2551
709,2437,0.5324082721814543,3.0,3.0,0.0,3.0,47,victory,1,0,,0,34,33,0:0|0:1|1:0|1:1|2:0|2:1|2:6|2:7|3:0|3:1|3:6|3:7|4:0|4:1|4:7|5:0|5:1|5:7|6:1|6:2|6:7|7:2|7:3|7:7|8:3|8:4|8:5|8:7|8:8|9:5|9:6|9:7|9:8,2552
710,2438,0.5317478318879253,3.0,3.0,0.0,3.0,71,victory,1,0,,0,43,41,0:0|1:0|2:0|2:1|2:7|3:0|3:1|3:7|3:8|3:9|4:0|4:1|4:7|4:8|4:9|5:0|5:1|5:2|5:3|5:7|5:8|5:9|6:1|6:2|6:3|6:8|7:2|7:3|7:8|8:3|8:4|8:5|8:6|8:7|8:8|9:3|9:4|9:5|9:6|9:7|9:8,2552
711,2439,0.5310873915943962,3.0,3.0,0.0,3.0,45,victory,1,0,,0,33,31,0:0|0:1|1:0|2:0|2:7|3:0|3:7|3:8|4:0|4:1|4:8|5:1|5:7|5:8|6:1|6:2|6:7|7:2|7:3|7:7|8:3|8:4|8:5|8:6|8:7|8:8|9:3|9:4|9:5|9:7|9:8,2552
712,2440,0.5304269513008673,3.0,3.0,0.0,3.0,54,victory,1,0,,0,36,35,0:0|0:1|1:1|2:0|2:1|2:7|3:0|3:7|3:8|3:9|4:0|4:1|4:7|4:8|5:0|5:1|5:2|5:7|5:8|5:9|6:0|6:1|6:2|6:8|6:9|7:2|7:7|7:8|8:2|8:3|8:4|8:5|8:6|8:7|8:8,2552
713,2441,0.5297665110073382,3.0,3.0,0.0,3.0,65,victory,1,0,,0,38,37,0:0|0:1|1:0|1:1|2:0|2:7|3:0|3:7|3:8|4:0|4:8|5:0|5:1|5:8|5:9|6:1|6:2|6:3|6:6|6:9|7:2|7:3|7:5|7:6|7:7|7:8|7:9|8:3|8:4|8:5|8:6|8:7|8:8|9:4|9:5|9:6|9:7,2552
714,2442,0.5291060707138092,3.0,3.0,0.0,3.0,59,victory,1,0,,0,42,38,0:0|1:0|1:7|1:8|2:0|2:2|2:7|2:8|3:0|3:2|3:8|4:0|4:1|4:2|4:7|4:8|5:1|5:2|5:3|5:7|5:8|6:2|6:3|6:7|6:8|7:1|7:2|7:3|7:4|7:7|7:8|8:2|8:3|8:4|8:5|8:6|8:7|8:8,2552
715,2443,0.5284456304202803,1.0,1.0,0.0,1.0,30,death,0,1,monster,0,27,20,0:0|1:0|2:0|3:0|4:0|5:0|5:1|6:1|6:2|7:2|7:3|7:4|7:7|8:3|8:4|8:5|8:6|8:7|9:6|9:7,2552
716,2444,0.5277851901267512,3.0,3.0,0.0,3.0,74,victory,1,0,,0,42,36,0:0|1:0|1:7|1:8|2:0|2:7|2:8|2:9|3:0|3:8|3:9|4:0|4:8|4:9|5:0|5:1|5:3|5:8|6:1|6:2|6:3|6:4|6:8|7:1|7:2|7:3|7:4|7:8|8:3|8:4|8:5|8:6|8:7|8:8|9:6|9:7,2552
717,2445,0.5271247498332221,0.0,0.0,0.0,0.0,16,death,0,1,monster,0,12,11,0:0|1:0|2:0|2:1|3:1|3:2|4:2|5:2|5:3|5:4|6:2,2552
718,2446,0.5264643095396931,3.0,3.0,0.0,3.0,47,victory,1,0,,0,37,34,0:0|1:0|2:0|2:1|2:7|3:1|3:7|4:1|4:7|5:1|5:7|5:9|6:1|6:2|6:7|6:8|6:9|7:0|7:1|7:2|7:7|7:8|7:9|8:1|8:2|8:3|8:4|8:5|8:7|8:8|8:9|9:5|9:6|9:7,2552
719,2447,0.5258038692461642,1.0,1.0,0.0,1.0,57,death,0,1,monster,0,32,26,0:0|0:1|0:2|0:3|0:4|0:5|0:6|0:7|1:0|1:1|1:2|1:4|1:5|1:6|1:7|2:6|2:7|2:8|3:8|4:8|4:9|5:8|5:9|6:8|7:7|7:8,2552
720,2448,0.5251434289526351,3.0,3.0,0.0,3.0,52,victory,1,0,,0,41,38,0:0|1:0|2:0|2:7|3:0|3:7|3:8|4:0|4:7|4:8|5:0|5:1|5:4|5:5|5:8|5:9|6:1|6:2|6:4|6:5|6:8|6:9|7:1|7:2|7:3|7:4|7:5|7:6|7:8|8:3|8:4|8:5|8:6|8:7|8:8|9:3|9:4|9:5,2553
721,2449,0.524482988659106,2.0,2.0,0.0,2.0,35,death,0,1,monster,0,30,24,0:0|1:0|1:1|2:1|3:1|4:1|5:1|6:1|7:1|7:2|7:3|7:4|7:5|8:3|8:4|8:5|8:7|8:8|9:4|9:5|9:6|9:7|9:8|9:9,2553
722,2450,0.5238225483655771,2.0,2.0,0.0,2.0,37,death,0,1,monster,0,30,28,0:0|1:0|2:0|2:1|3:1|4:1|5:1|6:0|6:1|6:2|6:6|7:0|7:1|7:2|7:3|7:6|7:7|8:0|8:1|8:2|8:3|8:4|8:5|8:6|8:7|8:8|9:3|9:4,2554
723,2451,0.5231621080720481,2.0,2.0,0.0,2.0,81,death,0,1,monster,0,50,37,0:0|1:0|2:0|3:0|4:0|4:1|4:6|5:1|5:2|5:6|5:7|5:8|5:9|6:0|6:1|6:2|6:6|6:7|6:8|6:9|7:2|7:3|7:6|7:7|7:8|7:9|8:3|8:4|8:5|8:6|8:7|8:8|9:3|9:4|9:5|9:6|9:7,2554
724,2452,0.522501667778519,3.0,3.0,0.0,3.0,76,victory,1,0,,0,41,37,0:0|1:0|2:0|2:7|3:0|3:7|3:8|3:9|4:0|4:7|4:8|4:9|5:0|5:1|5:8|6:0|6:1|6:2|6:3|6:8|6:9|7:0|7:1|7:2|7:3|7:7|7:8|7:9|8:0|8:1|8:3|8:4|8:5|8:6|8:7|8:8|9:8,2554
725,2453,0.52184122748499,3.0,3.0,0.0,3.0,60,victory,1,0,,0,37,35,0:0|1:0|1:1|1:9|2:1|2:7|2:8|2:9|3:1|3:8|3:9|4:1|4:8|5:1|5:8|5:9|6:1|6:8|6:9|7:0|7:1|7:2|7:3|7:8|7:9|8:2|8:3|8:4|8:7|8:8|9:4|9:5|9:6|9:7|9:8,2554
726,2454,0.5211807871914609,2.0,2.0,0.0,2.0,50,death,0,1,monster,0,33,32,0:0|1:0|2:0|2:1|2:7|2:8|3:0|3:8|4:0|4:8|4:9|5:0|5:8|6:0|6:1|6:8|6:9|7:1|7:2|7:3|7:9|8:3|8:6|8:7|8:8|8:9|9:3|9:4|9:5|9:6|9:8|9:9,2554
727,2455,0.5205203468979319,3.0,3.0,0.0,3.0,69,victory,1,0,,0,44,44,0:0|1:0|1:1|1:2|2:0|2:1|2:7|3:0|3:1|3:2|3:7|4:0|4:2|4:7|5:2|5:3|5:5|5:6|5:7|5:8|6:2|6:3|6:5|6:6|6:7|6:8|7:1|7:2|7:3|7:8|8:1|8:2|8:3|8:4|8:5|8:7|8:8|9:1|9:2|9:3|9:4|9:5|9:6|9:7,2554
728,2456,0.519859906604403,3.0,3.0,0.0,3.0,45,victory,1,0,,0,37,33,0:0|1:0|2:0|2:1|2:7|3:0|3:1|3:7|4:0|4:2|4:7|5:0|5:1|5:2|5:7|5:8|6:2|6:5|6:6|6:7|6:8|7:2|7:3|7:5|7:6|7:7|7:8|8:3|8:4|8:5|8:6|8:7|8:8,2554
729,2457,0.5191994663108739,3.0,3.0,0.0,3.0,41,victory,1,0,,0,29,28,0:0|1:0|2:0|2:7|3:0|3:7|4:0|4:7|4:8|5:0|5:1|5:8|6:1|6:2|6:8|7:2|7:3|7:4|7:7|7:8|8:4|8:7|8:8|9:3|9:4|9:5|9:6|9:7,2554
730,2458,0.5185390260173449,3.0,3.0,0.0,3.0,44,victory,1,0,,0,34,33,0:0|1:0|2:0|2:7|3:0|3:7|3:8|4:0|4:7|4:8|5:0|5:1|5:7|6:0|6:1|6:7|7:0|7:1|7:2|7:3|7:7|7:8|8:0|8:1|8:2|8:3|8:4|8:7|8:8|9:4|9:5|9:6|9:7,2554
731,2459,0.5178785857238158,3.0,3.0,0.0,3.0,83,victory,1,0,,0,44,41,0:0|0:1|1:1|2:1|2:7|2:8|3:1|3:8|4:0|4:1|4:2|4:8|5:0|5:1|5:2|5:3|5:6|5:7|5:8|5:9|6:0|6:1|6:2|6:3|6:6|6:7|6:8|6:9|7:1|7:2|7:3|7:8|7:9|8:3|8:4|8:5|8:6|8:7|8:8|8:9|9:7,2554
732,2460,0.5172181454302869,3.0,3.0,0.0,3.0,53,victory,1,0,,0,35,30,0:0|0:1|1:1|2:1|2:7|3:1|3:7|4:1|4:7|4:8|5:1|5:7|5:8|6:1|6:8|7:1|7:2|7:3|7:6|7:8|8:3|8:4|8:5|8:6|8:7|8:8|9:3|9:4|9:5|9:6,2554
733,2461,0.5165577051367578,2.0,2.0,0.0,2.0,55,death,0,1,monster,0,41,35,0:0|1:0|2:0|2:1|3:1|4:1|4:7|4:8|5:1|5:6|5:7|5:8|6:1|6:3|6:4|6:6|6:8|6:9|7:1|7:2|7:3|7:4|7:9|8:1|8:2|8:3|8:7|8:8|8:9|9:2|9:3|9:4|9:5|9:6|9:7,2554
734,2462,0.5158972648432288,1.0,1.0,0.0,1.0,34,death,0,1,monster,0,20,20,0:0|0:1|1:1|2:1|3:1|3:2|4:1|4:2|5:0|5:1|5:2|6:0|6:1|7:0|7:1|7:2|7:3|8:3|9:3|9:4,2554
735,2463,0.5152368245496999,3.0,3.0,0.0,3.0,58,victory,1,0,,0,40,37,0:0|1:0|2:0|2:7|2:8|2:9|3:0|3:8|3:9|4:0|4:1|4:8|5:1|5:8|6:1|6:3|6:8|6:9|7:1|7:2|7:3|7:4|7:7|7:8|7:9|8:3|8:4|8:7|8:8|8:9|9:2|9:3|9:4|9:5|9:6|9:7|9:8,2554
736,2464,0.5145763842561708,2.0,2.0,0.0,2.0,53,death,0,1,monster,0,35,30,0:0|1:0|2:0|3:0|4:0|5:0|5:1|5:8|5:9|6:0|6:1|6:7|6:8|6:9|7:0|7:1|7:2|7:3|7:4|7:5|7:6|7:7|7:8|7:9|8:3|8:4|8:5|8:6|8:7|8:8,2554
737,2465,0.5139159439626417,1.0,1.0,0.0,1.0,54,death,0,1,monster,0,30,24,0:0|0:1|0:2|1:0|1:1|1:2|2:0|3:0|4:0|4:2|4:4|5:0|5:1|5:2|5:3|5:4|5:5|6:0|6:1|6:2|6:3|6:4|7:2|8:2,2554
738,2466,0.5132555036691128,3.0,3.0,0.0,3.0,70,victory,1,0,,0,46,36,0:0|1:0|2:0|2:7|3:0|3:6|3:7|3:8|3:9|4:0|4:1|4:6|4:7|4:8|4:9|5:1|5:3|5:9|6:1|6:2|6:3|6:9|7:2|7:3|7:4|7:5|7:6|7:7|7:8|7:9|8:6|8:7|8:8|8:9|9:6|9:7,2556
739,2467,0.5125950633755838,3.0,3.0,0.0,3.0,92,victory,1,0,,0,55,44,0:0|1:0|2:0|2:7|3:0|3:6|3:7|4:0|4:6|4:7|4:8|5:0|5:1|5:8|5:9|6:1|6:2|6:3|6:8|6:9|7:0|7:1|7:2|7:3|7:4|7:7|7:8|7:9|8:1|8:2|8:3|8:4|8:6|8:7|8:8|8:9|9:1|9:2|9:3|9:4|9:5|9:6|9:7|9:8,2558
740,2468,0.5119346230820547,2.0,2.0,0.0,2.0,53,death,0,1,monster,0,30,27,0:0|1:0|2:0|2:1|3:0|4:0|4:1|5:1|5:2|6:0|6:1|6:2|7:2|7:3|7:6|7:7|7:8|8:3|8:4|8:6|8:7|8:8|9:3|9:4|9:5|9:6|9:7,2558
741,2469,0.5112741827885257,3.0,3.0,0.0,3.0,47,victory,1,0,,0,34,32,0:0|0:1|1:0|1:1|2:0|2:7|3:0|3:1|3:7|4:0|4:1|4:7|5:1|5:7|6:1|6:5|6:6|6:7|7:1|7:2|7:3|7:4|7:5|7:6|7:7|7:8|8:3|8:4|8:5|8:6|8:7|8:8,2558
742,2470,0.5106137424949966,3.0,3.0,0.0,3.0,46,victory,1,0,,0,33,31,0:0|1:0|2:0|2:6|2:7|3:0|3:1|3:2|3:6|3:7|4:2|4:6|4:7|5:2|5:6|6:2|6:6|6:7|7:2|7:3|7:4|7:5|7:6|7:7|8:3|8:6|8:7|8:8|9:6|9:7|9:8,2558
743,2471,0.5099533022014677,1.0,1.0,0.0,1.0,44,death,0,1,monster,0,29,24,0:0|1:0|1:1|1:2|2:0|2:1|2:2|3:0|3:1|4:0|4:1|4:2|5:0|5:1|5:2|5:3|6:1|7:1|7:2|8:1|8:2|9:2|9:3|9:4,2559
744,2472,0.5092928619079387,2.0,2.0,0.0,2.0,50,death,0,1,monster,0,30,29,0:0|0:1|1:0|1:1|2:0|3:0|3:7|4:0|4:7|4:8|5:0|5:1|5:7|5:8|6:1|6:7|7:1|7:2|7:3|7:5|7:7|8:3|8:4|8:5|8:6|8:7|8:8|9:4|9:7,2559
745,2473,0.5086324216144096,3.0,3.0,0.0,3.0,50,victory,1,0,,0,36,33,0:0|1:0|2:0|2:7|3:0|3:6|3:7|4:0|4:1|4:5|4:6|5:0|5:1|5:6|5:7|6:0|6:1|6:2|6:3|6:4|6:6|6:7|7:2|7:3|7:4|7:7|7:8|8:3|8:4|8:5|8:6|8:7|8:8,2559
746,2474,0.5079719813208805,1.0,1.0,0.0,1.0,19,death,0,1,monster,0,16,12,0:0|1:0|2:0|2:1|3:1|3:2|4:2|5:2|5:3|5:4|6:2|7:2,2560
747,2475,0.5073115410273515,2.0,2.0,0.0,2.0,51,death,0,1,monster,0,37,28,0:0|1:0|2:0|3:0|4:0|5:0|5:1|5:2|5:3|6:2|6:3|6:5|7:1|7:2|7:3|7:5|7:6|7:7|8:2|8:3|8:4|8:5|8:6|8:7|8:8|9:7|9:8|9:9,2564
748,2476,0.5066511007338226,2.0,2.0,0.0,2.0,69,death,0,1,monster,0,43,38,0:0|1:0|1:1|2:0|2:1|2:5|2:6|2:7|3:0|3:4|3:5|3:6|3:7|4:0|4:4|4:5|4:6|4:7|5:0|5:5|5:6|5:7|6:0|6:1|6:5|6:7|7:0|7:1|7:2|7:3|7:5|7:7|8:2|8:3|8:4|8:5|8:6|8:7,2566
749,2477,0.5059906604402935,3.0,3.0,0.0,3.0,40,victory,1,0,,0,27,27,0:0|1:0|2:0|2:7|3:0|3:7|4:0|4:1|4:7|5:1|5:7|6:1|6:7|6:8|7:1|7:2|7:3|7:6|7:8|8:3|8:4|8:5|8:6|8:7|8:8|9:3|9:4,2566
750,2478,0.5053302201467645,3.0,3.0,0.0,3.0,65,victory,1,0,,0,36,33,0:0|1:0|2:0|2:7|3:0|3:7|4:0|4:1|4:7|4:8|4:9|5:1|5:7|5:8|5:9|6:0|6:1|6:2|6:7|6:8|6:9|7:2|7:6|7:8|7:9|8:2|8:3|8:4|8:5|8:6|8:7|8:8|8:9,2566
751,2479,0.5046697798532355,3.0,3.0,0.0,3.0,52,victory,1,0,,0,37,36,0:0|0:7|0:8|1:0|1:5|1:6|1:7|1:8|2:0|2:5|2:6|2:7|3:0|3:6|4:0|4:6|5:0|5:1|5:2|5:5|5:6|6:2|6:3|6:6|7:2|7:3|7:5|7:6|7:7|7:8|8:3|8:4|8:5|8:6|8:7|8:8,2569
752,2480,0.5040093395597065,2.0,2.0,0.0,2.0,68,death,0,1,monster,0,40,40,0:0|1:0|1:7|1:8|2:0|2:8|3:0|3:8|4:0|4:1|4:7|4:8|5:1|5:2|5:7|5:8|6:2|6:8|6:9|7:0|7:1|7:2|7:5|7:8|7:9|8:0|8:1|8:2|8:3|8:4|8:5|8:6|8:7|8:8|8:9|9:4|9:5|9:6|9:7|9:8,2571
753,2481,0.5033488992661774,3.0,3.0,0.0,3.0,78,victory,1,0,,0,48,42,0:0|1:0|2:0|2:7|3:0|3:4|3:5|3:6|3:7|4:0|4:4|4:5|4:6|4:7|5:0|5:1|5:4|5:5|5:6|5:7|5:8|6:1|6:3|6:6|6:7|6:8|6:9|7:1|7:2|7:3|7:5|7:7|7:8|7:9|8:3|8:4|8:5|8:6|8:7|8:8|8:9|9:5,2571
754,2482,0.5026884589726484,3.0,3.0,0.0,3.0,96,victory,1,0,,0,63,47,0:0|0:1|1:0|1:1|2:0|2:1|2:7|2:8|2:9|3:0|3:7|3:8|3:9|4:0|4:2|4:6|4:7|4:8|5:0|5:1|5:2|5:5|5:6|5:7|6:1|6:2|6:6|6:7|6:8|7:1|7:2|7:3|7:6|7:7|7:8|8:2|8:3|8:4|8:5|8:6|8:7|8:8|9:1|9:2|9:3|9:4|9:5,2572
755,2483,0.5020280186791195,3.0,3.0,0.0,3.0,67,victory,1,0,,0,43,35,0:0|0:1|1:0|2:0|2:7|3:0|3:6|3:7|4:0|4:5|4:6|5:0|5:1|5:2|5:5|6:2|6:3|6:5|7:2|7:3|7:5|8:2|8:3|8:5|8:6|8:7|8:8|9:1|9:2|9:3|9:4|9:5|9:6|9:7|9:8,2574
756,2484,0.5013675783855904,2.0,2.0,0.0,2.0,64,death,0,1,monster,0,42,40,0:0|1:0|2:0|3:0|3:1|3:2|3:6|3:7|4:0|4:1|4:2|4:7|4:8|5:0|5:1|5:2|5:7|5:8|6:1|6:2|6:3|6:4|6:5|6:6|6:7|6:8|6:9|7:2|7:4|7:5|7:7|7:9|8:2|8:3|8:4|8:5|8:6|8:7|8:8|8:9,2574
757,2485,0.5007071380920614,1.0,1.0,0.0,1.0,28,death,0,1,monster,0,23,23,0:0|1:0|1:1|2:1|3:0|3:1|4:0|4:1|5:0|5:1|6:1|6:2|7:1|7:2|7:3|7:4|7:5|7:7|8:5|8:6|8:7|9:6|9:7,2574
758,2486,0.5000466977985323,3.0,3.0,0.0,3.0,55,victory,1,0,,0,34,31,0:0|1:0|2:0|2:7|3:0|3:7|3:8|4:0|4:7|5:0|5:1|5:2|5:7|6:0|6:1|6:2|6:6|6:7|7:1|7:2|7:3|7:4|7:5|7:6|7:7|8:1|8:6|8:7|8:8|9:6|9:7,2574
759,2487,0.4993862575050033,3.0,3.0,0.0,3.0,52,victory,1,0,,0,40,36,0:0|0:1|0:2|1:1|1:2|2:1|2:7|3:0|3:1|3:7|3:8|4:0|4:7|4:8|4:9|5:0|5:1|5:2|5:7|5:8|6:2|6:8|6:9|7:2|7:3|7:4|7:5|7:6|7:8|7:9|8:5|8:6|8:7|8:8|8:9|9:7,2574
760,2488,0.49872581721147435,3.0,3.0,0.0,3.0,55,victory,1,0,,0,41,40,0:0|0:7|1:0|1:6|1:7|1:8|2:0|2:7|2:8|3:0|3:7|3:8|3:9|4:0|4:7|4:8|5:0|5:1|5:2|5:6|5:7|5:8|6:2|6:4|6:5|6:6|6:8|6:9|7:2|7:3|7:4|7:5|7:6|7:8|7:9|8:4|8:5|8:6|8:7|8:8,2577
761,2489,0.4980653769179453,3.0,3.0,0.0,3.0,47,victory,1,0,,0,39,35,0:0|0:1|1:0|2:0|2:7|3:0|3:6|3:7|3:8|3:9|4:0|4:6|4:7|4:8|4:9|5:0|5:1|5:8|5:9|6:1|6:9|7:1|7:2|7:3|7:4|7:8|7:9|8:4|8:5|8:6|8:8|8:9|9:6|9:7|9:8,2577
762,2490,0.4974049366244163,3.0,3.0,0.0,3.0,31,victory,1,0,,0,27,27,0:0|1:0|2:0|2:7|3:0|3:7|3:8|4:0|4:1|4:8|5:0|5:1|5:2|5:8|6:2|6:8|7:2|7:3|7:8|8:3|8:4|8:7|8:8|9:4|9:5|9:6|9:7,2577
763,2491,0.49674449633088724,3.0,3.0,0.0,3.0,62,victory,1,0,,0,34,31,0:0|1:0|2:0|2:7|3:0|3:7|4:0|4:1|4:7|5:0|5:1|5:2|5:7|6:1|6:2|6:3|6:7|7:2|7:3|7:4|7:5|7:6|7:7|7:8|8:5|8:6|8:7|8:8|9:6|9:7|9:8,2577
764,2492,0.49608405603735817,3.0,3.0,0.0,3.0,42,victory,1,0,,0,30,29,0:0|1:0|2:0|2:7|2:8|2:9|3:0|3:7|3:8|3:9|4:0|4:7|4:8|5:0|5:1|5:2|5:8|6:2|6:8|7:1|7:2|7:3|7:4|7:5|7:8|8:5|8:6|8:7|8:8,2577
765,2493,0.4954236157438292,1.0,1.0,0.0,1.0,69,death,0,1,monster,0,33,27,0:0|1:0|1:1|2:0|2:1|2:2|3:1|3:2|4:2|5:2|6:2|7:2|7:5|7:6|8:2|8:3|8:4|8:5|8:6|8:7|8:8|9:3|9:4|9:5|9:6|9:7|9:8,2577
766,2494,0.49476317545030013,3.0,3.0,0.0,3.0,44,victory,1,0,,0,31,31,0:0|1:0|2:0|2:7|3:0|3:7|3:8|4:0|4:1|4:7|4:8|4:9|5:0|5:1|5:2|5:7|5:8|6:1|6:2|6:7|7:2|7:3|7:4|7:5|7:7|7:8|8:5|8:6|8:7|8:8|9:8,2577
767,2495,0.4941027351567713,3.0,3.0,0.0,3.0,71,victory,1,0,,0,49,38,0:0|0:1|0:2|1:0|1:1|1:2|2:0|2:1|2:7|3:1|3:6|3:7|4:1|4:2|4:6|5:0|5:1|5:2|5:6|5:7|6:2|6:3|6:5|6:6|6:7|7:1|7:2|7:3|7:4|7:5|7:6|8:3|8:4|8:6|8:7|8:8|9:6|9:7,2581
768,2496,0.4934422948632422,3.0,3.0,0.0,3.0,64,victory,1,0,,0,43,38,0:0|1:0|2:0|2:1|2:7|2:8|2:9|3:1|3:8|3:9|4:1|4:8|4:9|5:1|5:2|5:9|6:1|6:2|6:7|6:8|6:9|7:0|7:1|7:2|7:3|7:4|7:5|7:7|7:8|7:9|8:1|8:2|8:3|8:5|8:6|8:7|8:8|9:6,2581
769,2497,0.49278185456971313,2.0,2.0,0.0,2.0,42,death,0,1,monster,0,33,33,0:0|0:1|1:0|1:1|2:1|3:1|3:2|3:4|3:5|3:6|4:1|4:2|4:6|5:1|5:2|5:3|5:6|5:7|6:2|6:3|6:7|6:8|7:2|7:3|7:4|7:5|7:8|8:5|8:6|8:7|8:8|9:5|9:6,2581
770,2498,0.49212141427618417,3.0,3.0,0.0,3.0,52,victory,1,0,,0,31,30,0:0|1:0|2:0|2:7|2:8|2:9|3:0|3:8|3:9|4:0|4:8|5:0|5:1|5:8|6:1|6:8|7:1|7:2|7:3|7:4|7:5|7:8|8:4|8:5|8:6|8:7|8:8|9:4|9:5|9:6,2581
771,2499,0.4914609739826551,1.0,1.0,0.0,1.0,29,death,0,1,monster,0,28,23,0:0|1:0|2:0|3:0|4:0|4:5|5:0|5:1|5:2|5:3|5:4|5:5|6:1|6:2|6:3|6:4|7:1|7:2|7:3|7:4|8:3|8:4|8:5,2581
772,2500,0.49080053368912613,3.0,3.0,0.0,3.0,81,victory,1,0,,0,45,35,0:0|1:0|1:9|2:0|2:7|2:8|2:9|3:0|3:7|3:8|3:9|4:0|4:7|4:8|4:9|5:0|5:1|5:7|5:8|5:9|6:1|6:2|6:3|6:8|7:1|7:2|7:8|8:1|8:2|8:3|8:4|8:5|8:6|8:7|8:8,2584
773,2501,0.49014009339559705,3.0,3.0,0.0,3.0,24,victory,1,0,,0,24,24,0:0|1:0|1:1|2:1|2:7|3:1|3:7|4:1|4:7|5:1|5:2|5:7|6:2|6:7|7:2|7:3|7:7|7:8|8:3|8:4|8:5|8:6|8:7|8:8,2584
774,2502,0.489479653102068,3.0,3.0,0.0,3.0,43,victory,1,0,,0,34,33,0:0|1:0|2:0|2:7|3:0|3:7|4:0|4:4|4:7|4:8|5:0|5:1|5:2|5:3|5:4|5:8|6:2|6:3|6:8|6:9|7:2|7:3|7:9|8:3|8:4|8:5|8:6|8:7|8:8|8:9|9:3|9:4|9:5,2585
775,2503,0.488819212808539,3.0,3.0,0.0,3.0,75,victory,1,0,,0,43,37,0:0|1:0|1:1|2:0|2:1|2:7|2:8|3:0|3:1|3:7|3:8|3:9|4:1|4:8|5:1|5:8|5:9|6:1|6:2|6:5|6:8|6:9|7:1|7:2|7:3|7:4|7:5|7:6|7:8|8:2|8:5|8:6|8:7|8:8|9:5|9:6|9:8,2585
776,2504,0.48815877251500994,3.0,3.0,0.0,3.0,46,victory,1,0,,0,33,32,0:0|0:1|1:0|2:0|2:7|3:0|3:7|3:8|4:0|4:1|4:7|4:8|4:9|5:0|5:1|5:8|5:9|6:1|6:2|6:3|6:8|7:0|7:1|7:2|7:3|7:4|7:5|7:8|8:5|8:6|8:7|8:8,2585
777,2505,0.4874983322214811,2.0,2.0,0.0,2.0,39,death,0,1,monster,0,26,25,0:0|1:0|2:0|3:0|4:0|4:1|5:0|5:1|6:1|6:2|6:3|6:8|6:9|7:2|7:3|7:8|7:9|8:2|8:3|8:4|8:5|8:6|8:7|8:8|9:6,2585
778,2506,0.486837891927952,2.0,2.0,0.0,2.0,66,death,0,1,monster,0,39,35,0:0|1:0|2:0|2:1|3:1|3:8|3:9|4:1|4:2|4:7|4:8|4:9|5:0|5:1|5:2|5:7|5:8|5:9|6:1|6:2|6:7|6:8|7:1|7:2|7:3|7:4|7:5|7:6|7:8|8:3|8:4|8:5|8:6|8:7|8:8,2585
779,2507,0.48617745163442294,3.0,3.0,0.0,3.0,80,victory,1,0,,0,47,41,0:0|1:0|2:0|2:1|2:7|3:0|3:4|3:5|3:6|3:7|4:0|4:5|4:6|4:7|4:8|5:0|5:1|5:2|5:7|5:8|6:2|6:7|6:8|7:2|7:4|7:5|7:6|7:7|7:8|8:2|8:4|8:5|8:6|8:7|8:8|9:2|9:3|9:4|9:5|9:6|9:8,2585
780,2508,0.485517011340894,1.0,1.0,0.0,1.0,21,death,0,1,monster,0,14,14,0:0|0:1|1:0|2:0|3:0|3:1|4:0|4:1|5:1|6:1|6:2|6:3|7:2|7:3,2585
781,2509,0.4848565710473649,2.0,2.0,0.0,2.0,41,death,0,1,monster,0,30,28,0:0|1:0|2:0|2:1|3:0|3:1|4:0|5:0|5:1|5:2|5:7|5:8|6:2|6:6|6:7|6:8|6:9|7:2|7:3|7:4|7:5|7:8|7:9|8:5|8:6|8:7|8:8|8:9,2585
782,2510,0.48419613075383594,2.0,2.0,0.0,2.0,36,death,0,1,monster,0,29,26,0:0|1:0|2:0|3:0|4:0|4:7|4:8|5:0|5:1|5:8|5:9|6:1|6:9|7:1|7:2|7:7|7:8|7:9|8:1|8:2|8:3|8:4|8:5|8:6|8:7|8:8,2585
783,2511,0.48353569046030687,3.0,3.0,0.0,3.0,50,victory,1,0,,0,34,33,0:0|1:0|2:0|2:7|3:0|3:7|4:0|4:7|4:8|5:0|5:1|5:8|6:0|6:1|6:2|6:8|7:0|7:1|7:2|7:3|7:4|7:5|7:6|7:8|8:0|8:1|8:2|8:3|8:4|8:6|8:7|8:8|9:7,2585
784,2512,0.4828752501667778,3.0,3.0,0.0,3.0,53,victory,1,0,,0,34,30,0:0|1:0|2:0|2:1|2:7|3:1|3:7|4:1|4:7|5:0|5:1|5:6|5:7|6:0|6:1|6:2|6:4|6:6|6:7|7:0|7:2|7:3|7:4|7:5|7:6|8:0|8:5|8:6|8:7|8:8,2585
785,2513,0.48221480987324883,3.0,3.0,0.0,3.0,51,victory,1,0,,0,34,33,0:0|0:1|1:0|2:0|2:7|3:0|3:7|3:8|4:0|4:1|4:7|4:8|5:0|5:1|5:8|6:0|6:1|6:2|6:8|7:1|7:2|7:3|7:8|8:2|8:3|8:4|8:6|8:7|8:8|9:4|9:5|9:6|9:8,2585
786,2514,0.48155436957971975,3.0,3.0,0.0,3.0,33,victory,1,0,,0,28,28,0:0|1:0|2:0|2:1|2:7|3:1|3:7|4:1|4:7|4:8|5:1|5:2|5:7|5:8|6:2|6:7|7:2|7:3|7:7|7:8|8:3|8:6|8:7|8:8|9:3|9:4|9:5|9:6,2585
787,2515,0.4808939292861909,3.0,3.0,0.0,3.0,45,victory,1,0,,0,30,29,0:0|0:1|1:0|2:0|2:7|3:0|3:7|4:0|4:7|4:8|5:0|5:1|5:2|5:8|6:1|6:2|6:8|6:9|7:1|7:2|7:8|7:9|8:2|8:3|8:4|8:5|8:6|8:7|8:8,2585
788,2516,0.48023348899266183,3.0,3.0,0.0,3.0,45,victory,1,0,,0,33,32,0:0|1:0|2:0|2:7|3:0|3:6|3:7|4:0|4:6|4:7|4:8|5:0|5:1|5:2|5:8|5:9|6:2|6:9|7:2|7:3|7:7|7:8|7:9|8:2|8:3|8:4|8:5|8:6|8:7|8:8|9:5|9:6,2585
789,2517,0.47957304869913275,3.0,3.0,0.0,3.0,49,victory,1,0,,0,35,33,0:0|1:0|2:0|2:7|3:0|3:7|3:8|4:0|4:7|4:8|5:0|5:1|5:2|5:8|6:2|6:5|6:6|6:8|7:2|7:5|7:6|7:8|8:2|8:3|8:4|8:5|8:6|8:7|8:8|9:3|9:4|9:5|9:6,2586
790,2518,0.4789126084056038,2.0,2.0,0.0,2.0,59,death,0,1,monster,0,33,31,0:0|1:0|2:0|3:0|3:1|3:6|3:7|4:0|4:1|4:6|4:7|4:8|5:0|5:1|5:4|5:8|6:1|6:2|6:4|6:8|7:1|7:2|7:3|7:4|7:8|8:4|8:5|8:6|8:7|8:8|9:6,2586
791,2519,0.4782521681120747,3.0,3.0,0.0,3.0,61,victory,1,0,,0,34,33,0:0|1:0|2:0|2:1|2:2|2:7|3:0|3:2|3:7|4:0|4:1|4:2|4:7|5:1|5:2|5:3|5:7|5:8|6:2|6:3|6:4|6:8|7:2|7:3|7:4|7:5|7:8|8:3|8:4|8:5|8:6|8:7|8:8,2586
792,2520,0.47759172781854575,3.0,3.0,0.0,3.0,92,victory,1,0,,0,53,42,0:0|0:1|1:1|1:2|1:3|2:2|2:3|2:7|3:1|3:2|3:6|3:7|4:1|4:2|4:6|4:7|4:8|5:1|5:2|5:7|5:8|5:9|6:2|6:5|6:8|6:9|7:2|7:3|7:4|7:5|7:7|7:9|8:5|8:6|8:7|8:8|8:9|9:4|9:5|9:6|9:7|9:8,2587
793,2521,0.4769312875250167,3.0,3.0,0.0,3.0,44,victory,1,0,,0,34,32,0:0|1:0|1:1|2:0|2:1|2:7|3:0|3:6|3:7|4:0|4:1|4:6|4:7|4:8|5:0|5:1|5:2|5:7|5:8|6:2|6:4|6:8|7:1|7:2|7:3|7:4|7:8|8:4|8:5|8:6|8:7|8:8,2587
794,2522,0.4762708472314876,3.0,3.0,0.0,3.0,44,victory,1,0,,0,26,25,0:0|0:1|1:1|2:1|2:2|2:3|2:7|3:2|3:7|4:2|4:7|4:8|5:2|5:8|6:2|6:8|7:2|7:3|7:4|7:5|7:8|8:5|8:6|8:7|8:8,2587
795,2523,0.47561040693795864,3.0,3.0,0.0,3.0,67,victory,1,0,,0,45,38,0:0|1:0|2:0|2:7|3:0|3:7|3:8|4:0|4:7|4:8|4:9|5:0|5:1|5:6|5:7|5:8|5:9|6:1|6:5|6:6|6:7|6:8|6:9|7:1|7:2|7:3|7:5|7:6|7:7|7:8|8:2|8:3|8:4|8:5|8:6|8:7|8:8|9:7,2588
796,2524,0.47494996664442957,3.0,3.0,0.0,3.0,48,victory,1,0,,0,36,32,0:0|1:0|2:0|2:2|2:3|2:7|3:0|3:2|3:7|4:0|4:2|4:7|4:8|5:0|5:1|5:2|5:8|6:1|6:2|6:8|7:1|7:2|7:3|7:8|8:3|8:7|8:8|9:3|9:4|9:5|9:6|9:7,2588
797,2525,0.4742895263509006,1.0,1.0,0.0,1.0,44,death,0,1,monster,0,27,25,0:0|1:0|2:0|3:0|4:0|5:0|5:1|6:0|6:1|6:3|6:4|7:1|7:2|7:3|7:5|7:7|8:2|8:3|8:5|8:6|8:7|9:3|9:4|9:5|9:6,2588
798,2526,0.47362908605737164,2.0,2.0,0.0,2.0,60,death,0,1,monster,0,43,32,0:0|1:0|2:0|3:0|3:1|3:7|3:8|3:9|4:0|4:1|4:6|4:7|5:0|5:1|5:7|6:1|6:7|6:8|7:1|7:2|7:3|7:7|7:8|7:9|8:3|8:4|8:5|8:6|8:7|8:8|8:9|9:9,2589
799,2527,0.47296864576384257,3.0,3.0,0.0,3.0,46,victory,1,0,,0,34,31,0:0|1:0|2:0|2:7|3:0|3:7|4:0|4:2|4:7|5:0|5:1|5:2|5:7|6:1|6:2|6:3|6:7|7:2|7:3|7:7|7:8|7:9|8:3|8:4|8:5|8:6|8:7|8:8|9:3|9:4|9:5,2589
800,2528,0.4723082054703136,3.0,3.0,0.0,3.0,36,victory,1,0,,0,31,29,0:0|1:0|2:0|2:7|3:0|3:7|4:0|4:7|4:8|5:0|5:1|5:8|6:1|6:8|6:9|7:1|7:2|7:3|7:8|8:3|8:4|8:5|8:6|8:8|9:4|9:5|9:6|9:7|9:8,2589
801,2529,0.47164776517678453,3.0,3.0,0.0,3.0,49,victory,1,0,,0,29,27,0:0|1:0|2:0|2:1|2:2|2:7|3:0|3:2|3:7|4:1|4:2|4:7|4:8|5:1|5:2|5:8|6:2|6:8|7:2|7:3|7:8|8:3|8:4|8:5|8:6|8:7|8:8,2589
802,2530,0.47098732488325556,1.0,1.0,0.0,1.0,26,death,0,1,monster,0,21,18,0:0|1:0|2:0|3:0|4:0|5:0|5:3|6:0|6:1|6:2|6:3|6:4|7:2|7:3|7:4|8:3|8:4|8:5,2589
803,2531,0.4703268845897265,3.0,3.0,0.0,3.0,49,victory,1,0,,0,30,30,0:0|1:0|1:1|2:1|2:7|3:1|3:7|3:8|4:0|4:1|4:8|5:0|5:1|5:8|6:1|6:8|7:1|7:2|7:3|7:4|7:7|7:8|8:4|8:5|8:6|8:7|8:8|9:4|9:5|9:8,2589
804,2532,0.4696664442961974,3.0,3.0,0.0,3.0,48,victory,1,0,,0,31,30,0:0|0:1|1:0|2:0|2:6|2:7|3:0|3:6|4:0|4:1|4:5|4:6|5:1|5:5|5:6|6:1|6:6|6:7|7:1|7:2|7:3|7:6|7:7|7:8|8:3|8:4|8:5|8:6|8:7|8:8,2589
805,2533,0.46900600400266845,3.0,3.0,0.0,3.0,58,victory,1,0,,0,38,35,0:0|1:0|2:0|2:7|3:0|3:7|4:0|4:7|5:0|5:1|5:7|6:1|6:5|6:6|6:7|6:8|6:9|7:1|7:2|7:3|7:7|7:9|8:1|8:3|8:4|8:5|8:6|8:7|8:8|8:9|9:2|9:3|9:4|9:5|9:6,2589
806,2534,0.4683455637091394,3.0,3.0,0.0,3.0,46,victory,1,0,,0,35,34,0:0|1:0|2:0|2:6|2:7|3:0|3:6|4:0|4:6|4:7|5:0|5:1|5:7|6:0|6:1|6:3|6:6|6:7|7:1|7:2|7:3|7:6|7:7|7:8|8:3|8:4|8:5|8:6|8:7|8:8|9:4|9:5|9:7|9:8,2589
807,2535,0.4676851234156104,3.0,3.0,0.0,3.0,49,victory,1,0,,0,36,34,0:0|1:0|2:0|2:7|3:0|3:7|4:0|4:1|4:7|4:8|5:0|5:1|5:8|5:9|6:1|6:8|6:9|7:0|7:1|7:2|7:6|7:7|7:8|7:9|8:2|8:3|8:6|8:7|8:8|8:9|9:3|9:4|9:5|9:6,2590
808,2536,0.46702468312208145,3.0,3.0,0.0,3.0,70,victory,1,0,,0,45,39,0:0|1:0|2:0|2:1|2:7|3:0|3:1|3:7|3:8|4:0|4:1|4:7|4:8|5:0|5:1|5:8|6:0|6:1|6:3|6:4|6:8|7:1|7:2|7:3|7:4|7:5|7:6|7:7|7:8|7:9|8:1|8:4|8:5|8:6|8:7|8:8|8:9|9:8|9:9,2590
809,2537,0.4663642428285524,3.0,3.0,0.0,3.0,45,victory,1,0,,0,32,32,0:0|1:0|2:0|2:1|2:7|3:0|3:1|3:6|3:7|3:8|4:1|4:6|4:7|5:1|5:7|6:1|6:2|6:7|6:8|7:0|7:1|7:2|7:3|7:8|8:0|8:1|8:3|8:4|8:5|8:6|8:7|8:8,2590
810,2538,0.4657038025350234,3.0,3.0,0.0,3.0,68,victory,1,0,,0,37,37,0:0|1:0|1:8|1:9|2:0|2:7|2:8|2:9|3:0|3:1|3:2|3:6|3:7|3:8|4:0|4:1|4:2|4:7|4:8|5:0|5:1|5:8|6:1|6:2|6:8|6:9|7:2|7:3|7:8|7:9|8:3|8:4|8:5|8:6|8:7|8:8|8:9,2590
811,2539,0.46504336224149434,3.0,3.0,0.0,3.0,46,victory,1,0,,0,34,33,0:0|1:0|2:0|2:7|3:0|3:6|3:7|4:0|4:1|4:2|4:6|4:7|5:0|5:1|5:2|5:3|5:7|6:2|6:6|6:7|7:2|7:3|7:6|7:7|7:8|8:3|8:4|8:5|8:6|8:7|8:8|9:4|9:5,2590
812,2540,0.4643829219479654,2.0,2.0,0.0,2.0,52,death,0,1,monster,0,37,30,0:0|1:0|2:0|3:0|4:0|5:0|5:1|5:2|5:9|6:1|6:2|6:3|6:4|6:7|6:8|6:9|7:2|7:3|7:4|7:7|7:8|7:9|8:2|8:3|8:4|8:5|8:6|8:7|8:8|9:8,2590
813,2541,0.4637224816544363,1.0,1.0,0.0,1.0,54,death,0,1,monster,0,34,23,0:0|1:0|2:0|3:0|4:0|5:0|5:1|6:1|6:2|6:5|7:2|7:3|7:4|7:5|8:3|8:4|8:5|8:6|8:7|9:3|9:4|9:5|9:6,2590
814,2542,0.46306204136090723,3.0,3.0,0.0,3.0,45,victory,1,0,,0,33,32,0:0|1:0|2:0|2:7|3:0|3:7|4:0|4:7|5:0|5:1|5:7|6:0|6:1|6:6|6:7|6:8|7:1|7:2|7:4|7:5|7:6|7:7|8:2|8:3|8:4|8:5|8:6|8:7|8:8|9:6|9:7|9:8,2590
815,2543,0.46240160106737827,3.0,3.0,0.0,3.0,43,victory,1,0,,0,33,31,0:0|1:0|2:0|2:7|3:0|3:6|3:7|4:0|4:5|4:6|4:7|4:8|5:0|5:1|5:8|5:9|6:0|6:1|6:2|6:8|6:9|7:2|7:9|8:2|8:3|8:4|8:5|8:6|8:7|8:8|8:9,2590
816,2544,0.4617411607738492,3.0,3.0,0.0,3.0,38,victory,1,0,,0,31,29,0:0|1:0|1:1|2:1|2:7|3:1|3:7|4:1|4:6|4:7|4:8|4:9|5:1|5:8|5:9|6:1|6:2|6:8|6:9|7:2|7:3|7:8|7:9|8:3|8:4|8:5|8:6|8:7|8:8,2590
817,2545,0.4610807204803202,3.0,3.0,0.0,3.0,61,victory,1,0,,0,48,40,0:0|0:1|1:0|2:0|2:1|2:7|3:0|3:1|3:2|3:7|4:2|4:5|4:6|4:7|4:8|4:9|5:2|5:5|5:6|5:7|5:8|5:9|6:2|6:6|6:7|6:8|6:9|7:1|7:2|7:3|7:8|8:3|8:4|8:5|8:6|8:7|8:8|9:3|9:4|9:5,2590
818,2546,0.46042028018679115,3.0,3.0,0.0,3.0,50,victory,1,0,,0,34,32,0:0|1:0|1:1|1:2|2:1|2:7|3:1|3:7|4:1|4:7|4:8|5:1|5:8|6:0|6:1|6:2|6:4|6:8|6:9|7:1|7:2|7:3|7:4|7:5|7:9|8:3|8:4|8:5|8:6|8:7|8:8|8:9,2590
819,2547,0.4597598398932622,2.0,2.0,0.0,2.0,57,death,0,1,monster,0,39,36,0:0|1:0|1:1|2:0|2:1|3:0|3:6|3:7|3:8|4:0|4:5|4:6|4:7|4:8|5:0|5:1|5:2|5:5|5:6|5:7|6:2|6:7|7:2|7:3|7:5|7:6|7:7|7:8|8:3|8:4|8:5|8:6|8:7|8:8|9:5|9:7,2590
820,2548,0.4590993995997332,3.0,3.0,0.0,3.0,35,victory,1,0,,0,31,30,0:0|1:0|2:0|2:7|3:0|3:7|4:0|4:7|4:8|5:0|5:1|5:8|6:1|6:2|6:8|6:9|7:1|7:2|7:3|7:8|7:9|8:3|8:5|8:6|8:7|8:8|9:3|9:4|9:5|9:7,2590
821,2549,0.45843895930620415,3.0,3.0,0.0,3.0,49,victory,1,0,,0,35,33,0:0|1:0|2:0|2:7|3:0|3:7|4:0|4:1|4:7|4:8|5:0|5:1|5:2|5:8|6:2|6:8|7:1|7:2|7:3|7:6|7:8|8:1|8:2|8:3|8:4|8:5|8:6|8:7|8:8|9:4|9:5|9:6|9:7,2590
822,2550,0.4577785190126752,2.0,2.0,0.0,2.0,45,death,0,1,monster,0,28,24,0:0|1:0|2:0|3:0|4:0|5:0|5:1|5:2|6:2|7:1|7:2|7:3|7:4|7:8|8:3|8:4|8:6|8:7|8:8|9:2|9:3|9:4|9:5|9:6,2590
823,2551,0.4571180787191461,3.0,3.0,0.0,3.0,68,victory,1,0,,0,42,39,0:0|0:1|0:2|0:3|0:4|1:4|2:2|2:3|2:4|2:7|3:2|3:7|4:2|4:7|5:2|5:7|5:8|6:2|6:5|6:6|6:8|7:2|7:3|7:4|7:5|7:6|7:8|7:9|8:2|8:3|8:4|8:5|8:6|8:7|8:8|9:4|9:5|9:6|9:8,2590
824,2552,0.45645763842561704,1.0,1.0,0.0,1.0,27,death,0,1,monster,0,18,15,0:0|1:0|2:0|3:0|4:0|5:0|5:1|5:2|6:0|6:1|6:2|7:1|7:2|7:3|8:3,2590
825,2553,0.4557971981320881,1.0,1.0,0.0,1.0,20,death,0,1,monster,0,15,15,0:0|0:1|1:0|2:0|3:0|4:0|4:1|5:0|5:1|6:1|7:1|7:2|7:3|8:3|8:4,2590
826,2554,0.455136757838559,3.0,3.0,0.0,3.0,51,victory,1,0,,0,39,33,0:0|1:0|1:1|2:0|2:1|2:7|3:0|3:1|3:2|3:6|3:7|4:1|4:2|4:7|4:8|5:1|5:2|5:8|6:1|6:8|7:1|7:2|7:3|7:5|7:8|8:3|8:4|8:5|8:6|8:7|8:8|9:5|9:6,2590
827,2555,0.45447631754503004,3.0,3.0,0.0,3.0,76,victory,1,0,,0,55,46,0:0|0:1|0:2|0:9|1:1|1:2|1:9|2:1|2:7|2:8|2:9|3:1|3:7|3:8|3:9|4:1|4:7|4:8|5:1|5:2|5:7|5:8|5:9|6:0|6:1|6:2|6:3|6:5|6:6|6:7|6:8|6:9|7:0|7:1|7:2|7:3|7:5|7:6|7:7|7:8|7:9|8:3|8:4|8:5|8:8|9:3,2590
828,2556,0.45381587725150097,3.0,3.0,0.0,3.0,57,victory,1,0,,0,38,34,0:0|1:0|1:1|1:7|1:8|1:9|2:1|2:7|2:8|2:9|3:1|3:7|3:8|4:0|4:1|4:7|5:0|5:7|6:0|6:1|6:6|6:7|7:1|7:2|7:3|7:4|7:6|7:7|8:1|8:4|8:5|8:6|8:7|8:8,2590
829,2557,0.453155436957972,3.0,3.0,0.0,3.0,60,victory,1,0,,0,48,36,0:0|1:0|2:0|2:7|3:0|3:1|3:2|3:5|3:6|3:7|3:8|4:0|4:1|4:2|4:8|4:9|5:1|5:8|5:9|6:1|6:2|6:8|7:2|7:6|7:7|7:8|8:2|8:3|8:5|8:6|8:7|8:8|9:3|9:4|9:5|9:6,2590
830,2558,0.45249499666444304,3.0,3.0,0.0,3.0,42,victory,1,0,,0,35,30,0:0|1:0|2:0|2:7|3:0|3:7|3:8|4:0|4:7|4:8|5:0|5:1|5:2|5:8|6:2|6:8|7:2|7:3|7:5|7:6|7:7|7:8|8:3|8:4|8:5|8:6|8:7|8:8|9:7|9:8,2590
831,2559,0.45183455637091396,3.0,3.0,0.0,3.0,40,victory,1,0,,0,33,32,0:0|1:0|2:0|2:6|2:7|3:0|3:6|3:7|4:0|4:1|4:7|4:8|4:9|5:1|5:2|5:7|5:8|5:9|6:1|6:2|6:4|6:8|7:2|7:3|7:4|7:5|7:8|8:4|8:5|8:6|8:7|8:8,2591
832,2560,0.451174116077385,3.0,3.0,0.0,3.0,60,victory,1,0,,0,41,40,0:0|0:6|0:7|1:0|1:1|1:6|1:7|2:0|2:1|2:2|2:6|2:7|3:2|3:5|3:6|4:1|4:2|4:5|4:6|4:8|5:1|5:6|5:7|5:8|5:9|6:1|6:2|6:9|7:1|7:2|7:3|7:7|7:9|8:3|8:4|8:5|8:6|8:7|8:8|8:9,2591
833,2561,0.4505136757838559,2.0,2.0,0.0,2.0,34,death,0,1,monster,0,27,25,0:0|1:0|2:0|3:0|4:0|4:1|4:7|4:8|5:1|5:2|5:3|5:8|6:2|6:6|6:7|6:8|7:2|7:8|8:2|8:3|8:4|8:5|8:6|8:7|8:8,2591
834,2562,0.44985323549032685,2.0,2.0,0.0,2.0,55,death,0,1,monster,0,36,34,0:0|1:0|2:0|3:0|3:7|3:8|4:0|4:7|4:8|5:0|5:1|5:2|5:7|5:8|6:1|6:2|6:3|6:6|6:7|6:8|6:9|7:1|7:2|7:3|7:5|7:8|7:9|8:3|8:4|8:5|8:6|8:7|8:8|8:9,2591
835,2563,0.4491927951967979,3.0,3.0,0.0,3.0,52,victory,1,0,,0,30,29,0:0|1:0|2:0|2:7|3:0|3:5|3:6|3:7|4:0|4:6|4:7|4:8|5:0|5:1|5:6|5:7|5:8|6:1|6:2|6:8|7:2|7:3|7:4|7:5|7:8|8:5|8:6|8:7|8:8,2591
836,2564,0.4485323549032688,2.0,2.0,0.0,2.0,52,death,0,1,monster,0,35,32,0:0|1:0|2:0|3:0|3:1|4:1|4:7|4:8|5:1|5:7|5:8|6:1|6:2|6:3|6:7|6:8|7:2|7:3|7:4|7:8|8:2|8:3|8:4|8:5|8:6|8:7|8:8|9:2|9:3|9:4|9:7|9:8,2591
837,2565,0.44787191460973985,3.0,3.0,0.0,3.0,52,victory,1,0,,0,33,32,0:0|1:0|2:0|2:7|3:0|3:7|4:0|4:7|5:0|5:1|5:6|5:7|6:1|6:2|6:5|6:6|6:7|6:8|7:2|7:3|7:6|7:7|7:8|8:3|8:5|8:6|8:7|8:8|9:3|9:4|9:5|9:6,2591
838,2566,0.4472114743162108,1.0,1.0,0.0,1.0,40,death,0,1,monster,0,31,25,0:0|1:0|2:0|3:0|3:1|4:0|4:1|5:0|5:1|6:1|6:2|6:7|7:2|7:3|7:4|7:5|7:6|7:7|7:8|8:4|8:5|8:7|9:4|9:5|9:7,2591
839,2567,0.4465510340226818,3.0,3.0,0.0,3.0,32,victory,1,0,,0,27,26,0:0|1:0|2:0|2:7|3:0|3:7|4:0|4:7|4:8|5:0|5:8|6:0|6:1|6:2|6:8|6:9|7:2|7:3|7:9|8:3|8:4|8:5|8:6|8:7|8:8|8:9,2591
840,2568,0.44589059372915285,1.0,1.0,0.0,1.0,25,death,0,1,monster,0,22,17,0:0|0:1|0:2|1:1|1:2|2:1|3:1|4:1|5:1|6:1|7:1|7:2|7:3|8:3|8:4|9:3|9:4,2591
841,2569,0.4452301534356238,2.0,2.0,0.0,2.0,60,death,0,1,monster,0,33,32,0:0|1:0|2:0|2:1|3:1|4:1|4:8|5:1|5:2|5:3|5:8|6:1|6:2|6:8|6:9|7:1|7:2|7:3|7:8|8:1|8:2|8:3|8:4|8:5|8:6|8:7|8:8|9:1|9:2|9:3|9:4|9:5,2591
842,2570,0.4445697131420948,2.0,2.0,0.0,2.0,55,death,0,1,monster,0,38,31,0:0|1:0|2:0|3:0|4:0|5:0|5:1|5:8|6:1|6:2|6:3|6:6|6:7|6:8|6:9|7:2|7:3|7:6|7:7|7:8|7:9|8:2|8:3|8:4|8:5|8:6|8:7|8:8|9:4|9:5|9:8,2591
843,2571,0.44390927284856574,2.0,2.0,0.0,2.0,33,death,0,1,monster,0,28,28,0:0|1:0|2:0|3:0|4:0|4:8|4:9|5:0|5:1|5:8|6:0|6:1|6:2|6:8|6:9|7:2|7:3|7:4|7:9|8:3|8:4|8:5|8:6|8:7|8:8|8:9|9:4|9:9,2591
844,2572,0.44324883255503666,1.0,1.0,0.0,1.0,66,death,0,1,monster,0,39,25,0:0|1:0|2:0|3:0|4:0|5:0|5:1|5:2|6:0|6:1|6:2|7:2|7:3|7:4|7:5|7:6|8:3|8:4|8:5|8:6|9:2|9:3|9:4|9:5|9:6,2591
845,2573,0.4425883922615077,3.0,3.0,0.0,3.0,62,victory,1,0,,0,41,36,0:0|1:0|2:0|2:7|3:0|3:6|3:7|3:8|3:9|4:0|4:6|4:8|4:9|5:0|5:6|5:7|5:8|5:9|6:0|6:1|6:2|6:7|6:8|6:9|7:2|7:3|7:8|8:2|8:3|8:4|8:5|8:6|8:7|8:8|9:2|9:3,2591
846,2574,0.4419279519679786,3.0,3.0,0.0,3.0,45,victory,1,0,,0,32,28,0:0|1:0|2:0|2:7|3:0|3:7|4:0|4:7|5:0|5:1|5:7|6:0|6:1|6:2|6:3|6:7|7:1|7:2|7:3|7:7|8:2|8:3|8:4|8:5|8:6|8:7|8:8|9:7,2591
847,2575,0.44126751167444955,3.0,3.0,0.0,3.0,46,victory,1,0,,0,37,32,0:0|1:0|2:0|2:7|3:0|3:6|3:7|4:0|4:7|4:8|5:0|5:1|5:8|6:1|6:2|6:8|6:9|7:2|7:3|7:4|7:7|7:8|7:9|8:3|8:4|8:5|8:6|8:7|8:8|9:6|9:7|9:8,2591
848,2576,0.4406070713809206,3.0,3.0,0.0,3.0,74,victory,1,0,,0,43,41,0:0|1:0|1:1|2:1|2:7|3:0|3:1|3:7|4:0|4:1|4:7|4:8|5:0|5:1|5:7|5:8|6:0|6:1|6:3|6:4|6:8|6:9|7:0|7:1|7:2|7:3|7:4|7:6|7:7|7:8|7:9|8:3|8:4|8:5|8:6|8:7|8:8|9:3|9:4|9:5|9:7,2591
849,2577,0.4399466310873915,3.0,3.0,0.0,3.0,43,victory,1,0,,0,34,32,0:0|1:0|2:0|2:7|3:0|3:7|4:0|4:7|4:8|4:9|5:0|5:8|5:9|6:0|6:1|6:2|6:7|6:8|7:2|7:3|7:7|8:1|8:2|8:3|8:5|8:6|8:7|8:8|9:3|9:4|9:5|9:6,2591
850,2578,0.43928619079386266,3.0,3.0,0.0,3.0,39,victory,1,0,,0,32,32,0:0|1:0|2:0|2:7|3:0|3:7|4:0|4:7|4:8|5:0|5:1|5:2|5:3|5:7|6:1|6:2|6:7|6:8|7:1|7:2|7:8|8:0|8:1|8:2|8:3|8:4|8:5|8:6|8:7|8:8|9:6|9:7,2591
851,2579,0.4386257505003336,3.0,3.0,0.0,3.0,56,victory,1,0,,0,38,33,0:0|1:0|1:1|2:0|2:1|2:7|3:0|3:1|3:7|3:8|3:9|4:1|4:8|4:9|5:1|5:8|5:9|6:1|6:2|6:8|6:9|7:1|7:2|7:8|7:9|8:1|8:2|8:3|8:4|8:5|8:6|8:7|8:8,2591
852,2580,0.4379653102068045,1.0,1.0,0.0,1.0,93,death,0,1,monster,0,53,32,0:0|1:0|2:0|3:0|3:2|4:0|4:1|4:2|5:0|5:1|5:2|6:0|6:1|6:2|6:3|6:6|6:7|7:2|7:3|7:4|7:6|7:7|8:1|8:2|8:4|8:5|8:6|9:1|9:2|9:3|9:4|9:5,2592
853,2581,0.43730486991327555,1.0,1.0,0.0,1.0,31,death,0,1,monster,0,22,18,0:0|1:0|2:0|3:0|4:0|5:0|5:1|6:1|6:2|7:1|7:2|7:3|7:4|8:2|8:3|8:4|9:2|9:3,2592
854,2582,0.4366444296197465,0.0,0.0,0.0,0.0,32,death,0,1,monster,0,19,15,0:0|0:1|1:0|1:1|1:2|2:0|2:1|3:0|3:1|4:0|4:1|5:0|5:1|6:0|6:1,2594
855,2583,0.4359839893262175,3.0,3.0,0.0,3.0,58,victory,1,0,,0,40,34,0:0|1:0|2:0|2:1|2:2|2:7|3:2|3:7|4:2|4:6|4:7|4:8|5:1|5:2|5:6|5:7|5:8|6:2|6:3|6:7|6:8|6:9|7:2|7:3|7:8|7:9|8:3|8:4|8:5|8:6|8:7|8:8|9:4|9:5,2594
856,2584,0.43532354903268844,0.0,0.0,0.0,0.0,14,death,0,1,monster,0,11,9,0:0|1:0|2:0|3:0|4:0|5:0|5:1|6:1|6:2,2594
857,2585,0.43466310873915937,3.0,3.0,0.0,3.0,45,victory,1,0,,0,33,31,0:0|1:0|2:0|2:7|3:0|3:1|3:7|4:0|4:1|4:7|4:8|4:9|5:0|5:1|5:7|6:1|6:7|6:8|7:1|7:2|7:3|7:4|7:8|8:4|8:5|8:6|8:8|9:6|9:7|9:8|9:9,2594
858,2586,0.4340026684456304,3.0,3.0,0.0,3.0,38,victory,1,0,,0,32,31,0:0|1:0|2:0|2:1|2:7|3:1|3:7|4:0|4:1|4:7|4:8|4:9|5:0|5:1|5:2|5:3|5:9|6:2|6:3|6:9|7:2|7:3|7:8|7:9|8:3|8:4|8:5|8:6|8:7|8:8|9:8,2594
859,2587,0.4333422281521013,2.0,2.0,0.0,2.0,60,death,0,1,monster,0,42,32,0:0|0:1|0:2|1:1|1:2|2:1|2:2|3:2|4:2|5:2|5:3|6:2|6:3|6:7|6:8|6:9|7:2|7:3|7:4|7:5|7:6|7:7|7:8|8:3|8:4|8:5|8:6|8:7|8:8|9:5|9:6|9:7,2595
860,2588,0.4326817878585725,3.0,3.0,0.0,3.0,39,victory,1,0,,0,30,30,0:0|1:0|2:0|2:7|3:0|3:7|4:0|4:7|4:8|5:0|5:1|5:8|6:1|6:8|7:1|7:2|7:3|7:4|7:5|7:6|7:8|8:1|8:3|8:4|8:5|8:6|8:7|8:8|9:4|9:5,2595
861,2589,0.4320213475650434,3.0,3.0,0.0,3.0,53,victory,1,0,,0,37,34,0:0|1:0|2:0|2:7|3:0|3:6|3:7|4:0|4:6|4:7|4:8|5:0|5:1|5:2|5:3|5:4|5:8|6:1|6:2|6:3|6:4|6:8|7:2|7:3|7:4|7:8|8:3|8:4|8:5|8:6|8:7|8:8|9:5|9:6,2595
862,2590,0.4313609072715143,2.0,2.0,0.0,2.0,50,death,0,1,monster,0,32,27,0:0|1:0|2:0|3:0|4:0|5:0|5:1|5:2|6:2|7:1|7:2|7:3|7:4|7:6|7:7|7:8|8:3|8:4|8:5|8:6|8:7|8:8|8:9|9:4|9:5|9:8|9:9,2596
863,2591,0.43070046697798536,1.0,1.0,0.0,1.0,37,death,0,1,monster,0,26,25,0:0|1:0|2:0|3:0|4:0|5:0|5:1|5:4|5:5|6:0|6:1|6:2|6:4|6:5|6:6|7:2|7:3|7:4|7:5|8:2|8:3|8:4|8:5|8:6|9:6,2597
864,2592,0.4300400266844563,3.0,3.0,0.0,3.0,39,victory,1,0,,0,30,29,0:0|1:0|2:0|2:1|2:7|3:0|3:1|3:2|3:6|3:7|4:2|4:6|4:7|4:8|5:2|5:8|6:1|6:2|6:7|6:8|7:2|7:3|7:7|8:3|8:4|8:5|8:6|8:7|8:8,2597
865,2593,0.4293795863909273,1.0,1.0,0.0,1.0,35,death,0,1,monster,0,24,21,0:0|1:0|2:0|3:0|4:0|5:0|5:1|6:1|6:2|6:3|6:4|7:2|7:3|7:4|7:5|7:6|8:3|8:4|8:5|8:6|9:5,2597
866,2594,0.42871914609739825,2.0,2.0,0.0,2.0,39,death,0,1,monster,0,30,24,0:0|1:0|2:0|3:0|4:0|4:1|4:2|5:0|5:1|5:2|6:1|6:2|6:3|7:2|7:3|8:3|8:4|8:5|8:6|8:7|8:8|9:5|9:7|9:8,2597
867,2595,0.4280587058038692,3.0,3.0,0.0,3.0,46,victory,1,0,,0,38,36,0:0|1:0|1:7|2:0|2:5|2:6|2:7|3:0|3:4|3:5|3:6|4:0|4:1|4:4|4:5|4:6|4:7|5:0|5:1|5:4|5:7|6:0|6:1|6:2|6:4|6:6|6:7|7:2|7:3|7:4|7:6|8:3|8:4|8:6|8:7|8:8,2599
868,2596,0.4273982655103402,3.0,3.0,0.0,3.0,43,victory,1,0,,0,31,29,0:0|0:1|1:0|2:0|2:1|2:7|3:0|3:1|3:2|3:7|4:2|4:7|5:2|5:7|6:2|6:6|6:7|7:2|7:6|7:7|8:2|8:3|8:4|8:5|8:6|8:7|8:8|9:7|9:8,2599
869,2597,0.42673782521681114,3.0,3.0,0.0,3.0,48,victory,1,0,,0,31,31,0:0|1:0|1:1|2:0|2:1|2:7|3:1|3:7|3:8|4:1|4:8|5:1|5:8|6:1|6:2|6:7|6:8|7:2|7:3|7:5|7:7|7:8|8:3|8:4|8:5|8:6|8:7|8:8|9:3|9:4|9:8,2599
870,2598,0.4260773849232822,2.0,2.0,0.0,2.0,44,death,0,1,monster,0,34,27,0:0|1:0|1:1|2:1|3:1|4:1|4:7|4:8|5:1|5:7|6:1|6:2|6:7|6:8|7:2|7:8|8:2|8:3|8:4|8:5|8:6|8:7|8:8|9:4|9:5|9:7|9:8,2599
871,2599,0.4254169446297532,2.0,2.0,0.0,2.0,62,death,0,1,monster,0,34,30,0:0|1:0|2:0|3:0|3:1|4:0|4:1|5:0|5:1|5:2|5:8|6:1|6:2|6:8|7:2|7:3|7:5|7:8|8:2|8:3|8:5|8:6|8:7|8:8|9:3|9:4|9:5|9:6|9:7|9:8,2599
872,2600,0.42475650433622414,3.0,3.0,0.0,3.0,47,victory,1,0,,0,36,34,0:0|0:1|1:0|1:1|2:1|2:6|2:7|3:1|3:6|4:1|4:5|4:6|4:7|4:8|5:1|5:7|6:1|6:2|6:3|6:7|6:8|7:1|7:2|7:3|7:7|7:8|8:3|8:5|8:6|8:7|8:8|9:3|9:4|9:5,2599
873,2601,0.4240960640426952,1.0,1.0,0.0,1.0,26,death,0,1,monster,0,23,20,0:0|1:0|2:0|3:0|4:0|5:0|6:0|6:1|6:2|7:2|7:3|7:4|7:5|8:2|8:3|8:4|8:5|8:6|9:4|9:5,2599
874,2602,0.4234356237491661,3.0,3.0,0.0,3.0,93,victory,1,0,,0,55,46,0:0|1:0|2:0|2:1|2:2|2:7|3:0|3:1|3:2|3:7|4:0|4:1|4:2|4:7|4:8|5:0|5:1|5:2|5:8|6:0|6:1|6:2|6:5|6:6|6:8|6:9|7:0|7:1|7:2|7:3|7:4|7:5|7:6|7:7|7:9|8:3|8:4|8:5|8:7|8:8|8:9|9:3|9:4|9:5|9:7|9:9,2599
875,2603,0.42277518345563714,3.0,3.0,0.0,3.0,45,victory,1,0,,0,33,31,0:0|1:0|2:0|2:7|3:0|3:7|4:0|4:7|5:0|5:2|5:7|6:0|6:1|6:2|6:7|6:8|6:9|7:2|7:3|7:9|8:3|8:4|8:5|8:6|8:7|8:8|8:9|9:3|9:4|9:5|9:6,2599
876,2604,0.42211474316210806,3.0,3.0,0.0,3.0,49,victory,1,0,,0,38,32,0:0|0:1|1:0|1:1|2:1|2:7|3:1|3:7|3:8|4:1|4:7|4:8|5:1|5:7|5:8|6:1|6:2|6:7|6:8|6:9|7:2|7:3|7:5|7:8|8:3|8:5|8:6|8:7|8:8|9:3|9:4|9:5,2599
877,2605,0.421454302868579,3.0,3.0,0.0,3.0,41,victory,1,0,,0,33,33,0:0|1:0|2:0|2:7|3:0|3:6|3:7|4:0|4:6|4:7|4:8|4:9|5:0|5:1|5:7|5:8|5:9|6:1|6:2|6:7|6:8|7:1|7:2|7:3|7:4|7:8|8:3|8:4|8:5|8:6|8:7|8:8|9:5,2599
878,2606,0.42079386257505,3.0,3.0,0.0,3.0,48,victory,1,0,,0,37,33,0:0|1:0|2:0|2:7|3:0|3:7|4:0|4:7|4:8|5:0|5:1|5:2|5:8|6:0|6:1|6:2|6:3|6:4|6:8|6:9|7:2|7:3|7:4|7:5|7:8|7:9|8:3|8:4|8:5|8:6|8:7|8:8|9:3,2599
879,2607,0.42013342228152095,1.0,1.0,0.0,1.0,28,death,0,1,monster,0,21,20,0:0|0:1|1:0|1:1|1:2|2:1|3:1|4:1|4:2|5:1|5:2|6:1|6:2|7:1|7:2|8:2|8:3|8:4|8:5|9:5,2599
880,2608,0.419472981987992,3.0,3.0,0.0,3.0,53,victory,1,0,,0,34,34,0:0|1:0|2:0|2:7|3:0|3:7|4:0|4:7|4:8|4:9|5:0|5:1|5:8|5:9|6:1|6:2|6:8|6:9|7:2|7:3|7:4|7:5|7:8|7:9|8:1|8:2|8:3|8:4|8:5|8:6|8:7|8:8|9:6|9:7,2599
881,2609,0.418812541694463,2.0,2.0,0.0,2.0,40,death,0,1,monster,0,32,31,0:0|0:1|1:0|2:0|3:0|3:1|4:0|4:1|4:6|4:7|5:0|5:1|5:7|5:8|6:1|6:2|6:8|7:2|7:3|7:6|7:7|7:8|8:3|8:4|8:5|8:6|8:7|8:8|9:3|9:4|9:5,2599
882,2610,0.41815210140093395,3.0,3.0,0.0,3.0,35,victory,1,0,,0,29,26,0:0|1:0|1:1|2:1|2:7|3:1|3:7|4:1|4:7|5:1|5:7|6:0|6:1|6:2|6:7|7:1|7:2|7:3|7:7|8:2|8:3|8:4|8:5|8:6|8:7|8:8,2599
883,2611,0.417491661107405,3.0,3.0,0.0,3.0,37,victory,1,0,,0,29,29,0:0|0:1|1:0|2:0|2:1|2:7|3:1|3:7|4:1|4:7|4:8|5:1|5:8|6:1|6:2|6:8|7:2|7:3|7:8|8:2|8:3|8:4|8:5|8:6|8:7|8:8|9:2|9:3|9:8,2599
884,2612,0.4168312208138759,1.0,1.0,0.0,1.0,26,death,0,1,monster,0,18,17,0:0|0:1|0:2|1:0|1:1|1:2|2:1|3:1|4:1|5:1|6:1|7:1|7:2|7:3|7:4|8:1|8:3,2599
885,2613,0.41617078052034695,3.0,3.0,0.0,3.0,49,victory,1,0,,0,33,32,0:0|1:0|2:0|2:7|3:0|3:7|4:0|4:1|4:7|5:0|5:1|5:2|5:7|6:0|6:1|6:2|6:7|7:0|7:1|7:2|7:7|8:1|8:2|8:3|8:7|8:8|9:3|9:4|9:5|9:6|9:7|9:8,2599
886,2614,0.4155103402268179,3.0,3.0,0.0,3.0,43,victory,1,0,,0,30,29,0:0|1:0|2:0|2:7|3:0|3:7|4:0|4:7|4:8|5:0|5:1|5:2|5:7|5:8|6:2|6:8|7:2|7:8|8:2|8:3|8:6|8:7|8:8|9:3|9:4|9:5|9:6|9:7|9:8,2599
887,2615,0.4148498999332888,3.0,3.0,0.0,3.0,49,victory,1,0,,0,33,33,0:0|1:0|2:0|2:7|3:0|3:7|4:0|4:7|4:8|4:9|5:0|5:1|5:8|5:9|6:1|6:2|6:7|6:8|7:2|7:6|7:7|7:8|8:1|8:2|8:3|8:4|8:5|8:6|8:7|8:8|9:3|9:4|9:5,2599
888,2616,0.41418945963975984,2.0,2.0,0.0,2.0,40,death,0,1,monster,0,28,26,0:0|1:0|2:0|2:1|3:1|4:1|5:1|5:2|6:1|6:2|7:2|7:6|7:7|8:2|8:3|8:4|8:5|8:6|8:7|8:8|9:4|9:5|9:6|9:7|9:8|9:9,2601
889,2617,0.41352901934623076,3.0,3.0,0.0,3.0,42,victory,1,0,,0,31,29,0:0|1:0|2:0|2:7|3:0|3:7|4:0|4:7|4:8|4:9|5:0|5:1|5:8|5:9|6:1|6:2|6:8|6:9|7:1|7:2|7:9|8:2|8:3|8:4|8:5|8:6|8:7|8:8|8:9,2601
890,2618,0.4128685790527018,3.0,3.0,0.0,3.0,41,victory,1,0,,0,32,30,0:0|1:0|2:0|2:7|3:0|3:7|3:8|4:0|4:1|4:8|4:9|5:1|5:8|5:9|6:1|6:2|6:8|7:2|7:5|7:8|8:1|8:2|8:3|8:4|8:5|8:6|8:7|8:8|9:7|9:8,2601
891,2619,0.4122081387591727,1.0,1.0,0.0,1.0,25,death,0,1,monster,0,17,17,0:0|1:0|2:0|3:0|4:0|5:0|5:1|6:1|6:2|6:5|7:2|7:5|8:2|8:3|8:4|8:5|8:6,2601
892,2620,0.41154769846564376,3.0,3.0,0.0,3.0,31,victory,1,0,,0,27,27,0:0|1:0|2:0|2:7|3:0|3:7|4:0|4:7|4:8|5:0|5:1|5:2|5:8|6:1|6:2|6:8|7:2|7:8|8:2|8:3|8:4|8:5|8:6|8:7|8:8|9:7|9:8,2601
893,2621,0.4108872581721148,3.0,3.0,0.0,3.0,36,victory,1,0,,0,32,31,0:0|1:0|2:0|2:7|3:0|3:1|3:2|3:7|4:1|4:2|4:7|4:8|5:2|5:7|5:8|6:2|6:8|7:2|7:6|7:7|7:8|8:2|8:3|8:4|8:5|8:6|8:7|8:8|9:4|9:5|9:8,2601
894,2622,0.4102268178785857,3.0,3.0,0.0,3.0,59,victory,1,0,,0,39,34,0:0|1:0|2:0|2:5|2:6|2:7|3:0|3:6|4:0|4:1|4:5|4:6|4:7|4:8|5:0|5:1|5:5|5:6|5:7|6:1|6:2|6:7|7:2|7:7|8:2|8:3|8:5|8:6|8:7|8:8|9:2|9:3|9:4|9:5,2601
895,2623,0.40956637758505676,3.0,3.0,0.0,3.0,37,victory,1,0,,0,33,30,0:0|1:0|2:0|2:7|3:0|3:5|3:6|3:7|3:8|4:0|4:6|4:7|4:8|4:9|5:0|5:1|5:2|5:8|6:2|6:8|7:1|7:2|7:8|8:2|8:3|8:4|8:5|8:6|8:7|8:8,2601
896,2624,0.4089059372915277,3.0,3.0,0.0,3.0,31,victory,1,0,,0,25,25,0:0|1:0|2:0|2:7|3:0|3:7|4:0|4:7|4:8|5:0|5:8|6:0|6:1|6:2|6:3|6:8|7:2|7:3|7:4|7:8|8:4|8:5|8:6|8:7|8:8,2601
897,2625,0.4082454969979986,3.0,3.0,0.0,3.0,51,victory,1,0,,0,38,36,0:0|1:0|2:0|2:7|3:0|3:6|3:7|4:0|4:6|4:7|4:8|5:0|5:1|5:2|5:3|5:8|6:1|6:2|6:3|6:8|7:2|7:3|7:6|7:7|7:8|8:2|8:3|8:4|8:5|8:6|8:7|8:8|9:2|9:3|9:4|9:5,2601
898,2626,0.40758505670446965,3.0,3.0,0.0,3.0,96,victory,1,0,,0,62,44,0:0|0:1|0:2|1:0|2:0|2:7|3:0|3:6|3:7|4:0|4:1|4:5|4:6|4:7|4:8|5:0|5:1|5:7|5:8|6:0|6:1|6:7|6:8|6:9|7:0|7:1|7:2|7:3|7:4|7:5|7:6|7:7|7:8|7:9|8:3|8:4|8:5|8:6|8:7|8:8|8:9|9:7|9:8|9:9,2601
899,2627,0.4069246164109406,3.0,3.0,0.0,3.0,61,victory,1,0,,0,41,34,0:0|0:1|1:0|2:0|2:7|3:0|3:6|3:7|3:8|4:0|4:5|4:6|4:7|4:8|5:0|5:1|5:2|5:6|5:7|5:8|5:9|6:0|6:1|6:2|6:8|7:2|7:8|8:2|8:3|8:4|8:5|8:6|8:7|8:8,2601
900,2628,0.4062641761174116,3.0,3.0,0.0,3.0,78,victory,1,0,,0,57,41,0:0|1:0|2:0|2:1|2:7|3:0|3:7|3:8|4:0|4:6|4:7|5:0|5:1|5:4|5:5|5:6|5:7|5:8|6:0|6:1|6:2|6:4|6:5|6:6|6:7|6:8|7:2|7:3|7:5|7:6|7:7|7:8|8:2|8:3|8:4|8:5|8:6|8:7|8:8|9:5|9:6,2603
901,2629,0.40560373582388254,3.0,3.0,0.0,3.0,45,victory,1,0,,0,31,30,0:0|1:0|2:0|2:7|3:0|3:7|4:0|4:7|4:8|5:0|5:8|5:9|6:0|6:1|6:2|6:8|7:0|7:1|7:2|7:8|8:2|8:3|8:4|8:5|8:6|8:7|8:8|9:3|9:4|9:5,2603
902,2630,0.4049432955303536,3.0,3.0,0.0,3.0,49,victory,1,0,,0,34,32,0:0|0:1|1:0|2:0|2:7|3:0|3:1|3:7|3:8|3:9|4:0|4:1|4:8|4:9|5:0|5:1|5:2|5:8|6:1|6:2|6:3|6:8|7:1|7:2|7:8|8:2|8:3|8:4|8:5|8:6|8:7|8:8,2603
903,2631,0.4042828552368246,3.0,3.0,0.0,3.0,52,victory,1,0,,0,38,33,0:0|1:0|2:0|2:7|3:0|3:6|3:7|3:8|4:0|4:8|5:0|5:1|5:8|6:0|6:1|6:2|6:8|6:9|7:2|7:4|7:7|7:8|7:9|8:2|8:3|8:4|8:5|8:6|8:7|8:8|8:9|9:7|9:8,2603
904,2632,0.40362241494329554,3.0,3.0,0.0,3.0,36,victory,1,0,,0,30,28,0:0|1:0|2:0|2:7|3:0|3:7|3:8|4:0|4:7|4:8|5:0|5:8|6:0|6:8|7:0|7:1|7:2|7:8|8:2|8:3|8:5|8:6|8:7|8:8|8:9|9:3|9:4|9:5,2603
905,2633,0.4029619746497666,3.0,3.0,0.0,3.0,43,victory,1,0,,0,33,29,0:0|1:0|2:0|2:7|3:0|3:1|3:7|3:8|4:1|4:2|4:7|5:2|5:7|6:2|6:7|7:2|7:3|7:7|8:2|8:3|8:4|8:5|8:6|8:7|8:8|9:3|9:4|9:7|9:8,2603
906,2634,0.4023015343562375,2.0,2.0,0.0,2.0,26,death,0,1,monster,0,26,26,0:0|1:0|2:0|3:0|3:1|4:1|4:2|5:1|5:2|6:2|7:2|7:5|7:6|7:7|7:8|8:2|8:3|8:4|8:5|8:6|8:7|8:8|9:3|9:4|9:7|9:8,2603
907,2635,0.4016410940627084,3.0,3.0,0.0,3.0,48,victory,1,0,,0,35,34,0:0|1:0|2:0|2:7|3:0|3:6|3:7|3:8|4:0|4:1|4:6|4:7|4:8|5:0|5:1|5:8|6:0|6:1|6:2|6:8|6:9|7:2|7:8|7:9|8:2|8:5|8:6|8:7|8:8|8:9|9:2|9:3|9:4|9:5,2603
908,2636,0.40098065376917946,3.0,3.0,0.0,3.0,36,victory,1,0,,0,31,28,0:0|1:0|2:0|2:7|3:0|3:6|3:7|4:0|4:6|4:7|5:0|5:7|5:8|6:0|6:8|7:0|7:1|7:2|7:3|7:8|8:0|8:3|8:4|8:5|8:6|8:7|8:8|9:5,2603
909,2637,0.4003202134756504,3.0,3.0,0.0,3.0,46,victory,1,0,,0,34,33,0:0|1:0|2:0|2:7|3:0|3:1|3:7|4:1|4:2|4:7|4:8|4:9|5:1|5:2|5:8|5:9|6:1|6:2|6:8|7:2|7:6|7:7|7:8|8:2|8:4|8:5|8:6|8:7|8:8|9:2|9:3|9:4|9:5,2603
910,2638,0.3996597731821214,3.0,3.0,0.0,3.0,34,victory,1,0,,0,26,26,0:0|1:0|2:0|2:1|2:7|3:1|3:7|4:1|4:7|4:8|4:9|5:1|5:8|6:1|6:2|6:8|7:2|7:7|7:8|8:2|8:3|8:4|8:5|8:6|8:7|8:8,2603
911,2639,0.39899933288859235,3.0,3.0,0.0,3.0,46,victory,1,0,,0,34,32,0:0|0:1|1:0|2:0|2:7|3:0|3:7|3:8|4:0|4:1|4:7|4:8|5:0|5:1|5:8|6:0|6:1|6:2|6:8|7:2|7:4|7:5|7:6|7:7|7:8|8:2|8:3|8:4|8:7|8:8|9:7|9:8,2603
912,2640,0.3983388925950634,3.0,3.0,0.0,3.0,55,victory,1,0,,0,44,40,0:0|1:0|2:0|2:7|3:0|3:7|4:0|4:5|4:6|4:7|5:0|5:1|5:6|5:7|5:8|5:9|6:1|6:2|6:3|6:6|6:7|6:8|6:9|7:1|7:2|7:3|7:6|7:7|7:8|7:9|8:1|8:2|8:3|8:4|8:5|8:6|8:7|8:8|8:9|9:9,2604
913,2641,0.3976784523015344,3.0,3.0,0.0,3.0,61,victory,1,0,,0,45,41,0:0|1:0|1:1|2:1|2:7|3:0|3:1|3:7|4:0|4:2|4:7|4:8|5:0|5:1|5:2|5:7|5:8|6:0|6:1|6:2|6:3|6:4|6:8|6:9|7:1|7:2|7:3|7:4|7:9|8:2|8:3|8:4|8:5|8:6|8:7|8:8|8:9|9:2|9:3|9:4|9:5,2604
914,2642,0.39701801200800535,3.0,3.0,0.0,3.0,37,victory,1,0,,0,30,29,0:0|1:0|2:0|2:7|3:0|3:7|4:0|4:7|4:8|4:9|5:0|5:7|5:8|6:0|6:1|6:2|6:8|6:9|7:2|7:9|8:2|8:3|8:4|8:5|8:6|8:7|8:8|8:9|9:9,2604
915,2643,0.3963575717144764,3.0,3.0,0.0,3.0,38,victory,1,0,,0,27,27,0:0|1:0|2:0|2:7|3:0|3:7|4:0|4:7|5:0|5:2|5:7|6:0|6:1|6:2|6:7|6:8|7:2|7:6|7:7|7:8|8:2|8:3|8:4|8:5|8:6|8:7|8:8,2604
916,2644,0.3956971314209473,3.0,3.0,0.0,3.0,33,victory,1,0,,0,30,29,0:0|1:0|2:0|2:7|3:0|3:7|3:8|4:0|4:8|5:0|5:8|6:0|6:1|6:2|6:7|6:8|7:2|7:8|8:2|8:3|8:4|8:5|8:6|8:8|9:3|9:4|9:6|9:7|9:8,2604
917,2645,0.39503669112741824,3.0,3.0,0.0,3.0,62,victory,1,0,,0,39,36,0:0|1:0|1:1|1:2|2:0|2:7|3:0|3:7|4:0|4:7|4:8|5:0|5:8|5:9|6:0|6:1|6:8|6:9|7:1|7:2|7:4|7:8|7:9|8:2|8:3|8:4|8:5|8:6|8:7|8:8|9:2|9:3|9:4|9:5|9:6|9:8,2604
918,2646,0.3943762508338893,1.0,1.0,0.0,1.0,32,death,0,1,monster,0,21,18,0:0|1:0|2:0|3:0|4:0|5:0|6:0|6:1|6:2|7:2|8:2|8:3|8:4|9:2|9:3|9:4|9:5|9:6,2604
919,2647,0.3937158105403602,1.0,1.0,0.0,1.0,24,death,0,1,monster,0,21,17,0:0|0:1|1:0|2:0|2:1|3:1|4:0|4:1|5:0|6:0|6:1|7:1|7:2|8:0|8:1|9:1|9:2,2607
920,2648,0.39305537024683124,2.0,2.0,0.0,2.0,57,death,0,1,monster,0,42,31,0:0|0:1|1:0|2:0|3:0|4:0|5:0|5:7|5:8|6:0|6:1|6:2|6:3|6:7|6:8|6:9|7:1|7:2|7:3|7:7|7:8|7:9|8:3|8:4|8:5|8:6|8:7|8:8|8:9|9:8|9:9,2607
921,2649,0.39239492995330216,3.0,3.0,0.0,3.0,81,victory,1,0,,0,56,38,0:0|0:1|0:2|1:2|2:2|2:7|3:2|3:7|4:2|4:7|4:8|5:2|5:8|6:2|6:3|6:8|7:1|7:2|7:3|7:4|7:5|7:6|7:8|8:2|8:3|8:4|8:5|8:6|8:7|8:8|9:1|9:2|9:3|9:4|9:5|9:6|9:7|9:8,2608
922,2650,0.3917344896597731,3.0,3.0,0.0,3.0,46,victory,1,0,,0,34,31,0:0|1:0|2:0|2:7|3:0|3:7|3:8|4:0|4:7|4:8|5:0|5:8|5:9|6:0|6:1|6:2|6:8|6:9|7:2|7:6|7:7|7:8|7:9|8:2|8:3|8:4|8:5|8:6|8:7|8:8|9:5,2608
923,2651,0.39107404936624424,3.0,3.0,0.0,3.0,37,victory,1,0,,0,31,30,0:0|1:0|2:0|2:6|2:7|3:0|3:6|3:7|4:0|4:1|4:6|4:7|4:8|5:0|5:1|5:8|6:0|6:1|6:2|6:8|7:2|7:4|7:8|8:2|8:3|8:4|8:5|8:6|8:7|8:8,2608
924,2652,0.39041360907271516,3.0,3.0,0.0,3.0,44,victory,1,0,,0,32,31,0:0|0:1|1:0|2:0|2:7|3:0|3:7|4:0|4:1|4:7|4:8|4:9|5:1|5:8|5:9|6:0|6:1|6:2|6:8|7:1|7:2|7:7|7:8|8:2|8:3|8:4|8:5|8:6|8:7|8:8|9:5,2608
925,2653,0.3897531687791862,2.0,2.0,0.0,2.0,23,death,0,1,monster,0,23,19,0:0|1:0|2:0|3:0|4:0|5:0|6:0|7:0|7:1|7:2|7:7|8:2|8:3|8:4|8:5|8:6|8:7|8:8|9:7,2609
926,2654,0.3890927284856571,3.0,3.0,0.0,3.0,27,victory,1,0,,0,27,27,0:0|1:0|2:0|2:7|3:0|3:7|4:0|4:7|4:8|5:0|5:8|6:0|6:1|6:2|6:8|7:2|7:8|8:2|8:4|8:5|8:6|8:7|8:8|9:2|9:3|9:4|9:8,2609
927,2655,0.38843228819212805,3.0,3.0,0.0,3.0,37,victory,1,0,,0,33,31,0:0|1:0|2:0|2:1|2:7|3:1|3:7|4:1|4:2|4:7|4:8|5:2|5:8|6:2|6:8|6:9|7:0|7:1|7:2|7:8|7:9|8:2|8:3|8:4|8:5|8:6|8:7|8:8|9:5|9:7|9:8,2609
928,2656,0.3877718478985991,3.0,3.0,0.0,3.0,41,victory,1,0,,0,31,27,0:0|1:0|2:0|2:7|3:0|3:7|3:8|4:0|4:8|5:0|5:8|6:0|6:1|6:2|6:8|7:2|7:4|7:5|7:8|8:2|8:3|8:4|8:5|8:6|8:7|8:8|9:4,2609
929,2657,0.38711140760507,2.0,2.0,0.0,2.0,42,death,0,1,monster,0,29,27,0:0|1:0|2:0|2:7|3:0|3:7|3:8|4:0|4:7|4:8|4:9|5:0|5:7|5:8|6:0|6:1|6:2|6:8|7:2|7:8|8:2|8:3|8:4|8:5|8:6|8:7|8:8,2609
930,2658,0.38645096731154105,3.0,3.0,0.0,3.0,36,victory,1,0,,0,29,28,0:0|1:0|1:1|2:1|2:7|3:1|3:7|3:8|4:1|4:7|4:8|5:1|5:8|6:1|6:2|6:8|6:9|7:2|7:6|7:8|7:9|8:2|8:3|8:4|8:5|8:6|8:7|8:8,2609
931,2659,0.385790527018012,3.0,3.0,0.0,3.0,54,victory,1,0,,0,36,32,0:0|1:0|2:0|2:7|3:0|3:7|4:0|4:7|4:8|5:0|5:1|5:7|5:8|5:9|6:0|6:1|6:2|6:6|6:7|6:8|6:9|7:2|7:8|7:9|8:2|8:3|8:4|8:5|8:6|8:7|8:8|9:5,2610
932,2660,0.3851300867244829,3.0,3.0,0.0,3.0,56,victory,1,0,,0,37,34,0:0|1:0|2:0|2:1|2:2|2:7|3:0|3:1|3:7|4:0|4:7|5:0|5:7|5:8|5:9|6:0|6:1|6:2|6:6|6:7|6:8|7:1|7:2|7:7|7:8|8:1|8:2|8:3|8:4|8:5|8:6|8:7|8:8|9:2,2610
933,2661,0.38446964643095405,2.0,2.0,0.0,2.0,56,death,0,1,monster,0,36,31,0:0|0:1|1:0|2:0|2:1|3:1|3:2|4:1|4:2|5:2|5:7|5:8|6:2|6:7|6:8|6:9|7:1|7:2|7:3|7:7|7:8|8:1|8:2|8:3|8:4|8:5|8:6|8:7|8:8|9:2|9:3,2610
934,2662,0.383809206137425,3.0,3.0,0.0,3.0,38,victory,1,0,,0,31,29,0:0|1:0|2:0|2:7|2:8|3:0|3:7|3:8|4:0|4:7|4:8|5:0|5:8|6:0|6:1|6:2|6:6|6:7|6:8|7:2|7:4|7:6|7:8|8:2|8:3|8:4|8:5|8:6|8:8,2611
935,2663,0.383148765843896,3.0,3.0,0.0,3.0,34,victory,1,0,,0,29,29,0:0|1:0|2:0|2:7|3:0|3:1|3:7|3:8|4:1|4:7|4:8|5:1|5:8|6:1|6:2|6:8|7:2|7:8|8:2|8:3|8:4|8:5|8:6|8:7|8:8|9:3|9:4|9:7|9:8,2611
936,2664,0.38248832555036694,3.0,3.0,0.0,3.0,27,victory,1,0,,0,24,24,0:0|1:0|2:0|2:7|3:0|3:1|3:2|3:7|4:2|4:7|4:8|5:2|5:8|6:2|6:8|7:2|7:8|8:2|8:3|8:4|8:5|8:6|8:7|8:8,2611
937,2665,0.38182788525683786,3.0,3.0,0.0,3.0,64,victory,1,0,,0,46,40,0:0|0:1|1:0|1:1|1:2|2:0|2:1|2:7|3:0|3:1|3:6|3:7|4:0|4:6|4:7|4:8|5:0|5:2|5:3|5:7|5:8|6:0|6:1|6:2|6:3|6:5|6:6|6:7|6:8|7:2|7:5|7:6|7:8|8:2|8:3|8:4|8:5|8:6|8:7|8:8,2611
938,2666,0.3811674449633089,3.0,3.0,0.0,3.0,49,victory,1,0,,0,31,31,0:0|0:1|1:0|2:0|2:7|3:0|3:7|4:0|4:7|4:8|5:0|5:8|6:0|6:1|6:2|6:8|7:2|7:4|7:5|7:8|8:2|8:3|8:4|8:5|8:6|8:7|8:8|9:3|9:4|9:7|9:8,2611
939,2667,0.3805070046697798,3.0,3.0,0.0,3.0,41,victory,1,0,,0,30,30,0:0|1:0|2:0|2:7|3:0|3:7|3:8|4:0|4:8|4:9|5:0|5:1|5:8|5:9|6:1|6:2|6:8|6:9|7:2|7:3|7:8|7:9|8:3|8:4|8:5|8:6|8:7|8:8|8:9|9:6,2611
940,2668,0.37984656437625086,3.0,3.0,0.0,3.0,37,victory,1,0,,0,29,28,0:0|1:0|2:0|2:7|3:0|3:7|4:0|4:7|4:8|4:9|5:0|5:2|5:8|6:0|6:1|6:2|6:8|7:1|7:2|7:8|8:1|8:2|8:3|8:4|8:5|8:6|8:7|8:8,2611
941,2669,0.3791861240827218,3.0,3.0,0.0,3.0,43,victory,1,0,,0,34,32,0:0|1:0|2:0|2:7|3:0|3:7|4:0|4:1|4:7|4:8|5:0|5:1|5:8|6:1|6:2|6:8|7:2|7:4|7:8|8:1|8:2|8:4|8:5|8:6|8:7|8:8|9:1|9:2|9:3|9:4|9:7|9:8,2611
942,2670,0.3785256837891927,3.0,3.0,0.0,3.0,40,victory,1,0,,0,28,28,0:0|1:0|2:0|2:7|3:0|3:7|3:8|4:0|4:8|5:0|5:8|6:0|6:1|6:2|6:8|6:9|7:2|7:7|7:9|8:2|8:3|8:4|8:5|8:6|8:7|8:8|8:9|9:8,2611
943,2671,0.37786524349566375,3.0,3.0,0.0,3.0,48,victory,1,0,,0,35,33,0:0|1:0|2:0|2:7|3:0|3:6|3:7|4:0|4:7|4:8|5:0|5:1|5:8|6:1|6:2|6:3|6:8|6:9|7:2|7:3|7:4|7:8|7:9|8:2|8:3|8:4|8:5|8:6|8:7|8:8|9:5|9:7|9:8,2611
944,2672,0.3772048032021348,3.0,3.0,0.0,3.0,29,victory,1,0,,0,25,25,0:0|1:0|2:0|2:7|3:0|3:7|4:0|4:7|4:8|5:0|5:8|6:0|6:1|6:2|6:8|7:2|7:6|7:8|8:2|8:3|8:4|8:5|8:6|8:7|8:8,2611
945,2673,0.3765443629086058,3.0,3.0,0.0,3.0,63,victory,1,0,,0,39,35,0:0|1:0|2:0|2:6|2:7|3:0|3:1|3:6|4:0|4:1|4:2|4:5|4:6|4:7|4:8|5:2|5:6|5:7|5:8|6:2|6:7|6:8|6:9|7:2|7:3|7:8|7:9|8:2|8:3|8:4|8:5|8:6|8:7|8:8|8:9,2611
946,2674,0.37588392261507675,2.0,2.0,0.0,2.0,48,death,0,1,monster,0,32,27,0:0|1:0|2:0|3:0|4:0|5:0|5:8|5:9|6:0|6:1|6:2|6:8|6:9|7:2|7:8|7:9|8:1|8:2|8:3|8:4|8:5|8:6|8:7|8:8|9:3|9:4|9:5,2611
947,2675,0.3752234823215477,3.0,3.0,0.0,3.0,56,victory,1,0,,0,39,34,0:0|1:0|2:0|2:7|2:8|3:0|3:1|3:8|4:0|4:1|4:7|4:8|4:9|5:0|5:7|5:8|6:0|6:1|6:7|6:8|7:1|7:2|7:3|7:7|7:8|8:2|8:3|8:4|8:5|8:6|8:7|8:8|9:7|9:8,2611
948,2676,0.3745630420280187,3.0,3.0,0.0,3.0,73,victory,1,0,,0,58,42,0:0|1:0|1:1|2:1|2:7|3:1|3:5|3:6|3:7|3:8|4:1|4:5|4:7|4:8|5:0|5:1|5:5|5:7|5:8|6:0|6:5|6:6|6:7|6:8|6:9|7:0|7:1|7:2|7:5|7:8|7:9|8:2|8:3|8:4|8:5|8:6|8:7|8:8|8:9|9:7|9:8|9:9,2612
949,2677,0.37390260173448964,3.0,3.0,0.0,3.0,32,victory,1,0,,0,24,24,0:0|1:0|2:0|2:7|3:0|3:7|4:0|4:7|4:8|5:0|5:8|6:0|6:1|6:8|7:1|7:2|7:8|8:2|8:3|8:4|8:5|8:6|8:7|8:8,2612
950,2678,0.3732421614409607,3.0,3.0,0.0,3.0,47,victory,1,0,,0,36,32,0:0|1:0|1:1|2:0|2:1|2:7|2:8|2:9|3:1|3:9|4:1|4:8|4:9|5:1|5:2|5:8|5:9|6:0|6:1|6:2|6:8|7:2|7:8|8:2|8:4|8:5|8:6|8:7|8:8|9:2|9:3|9:4,2612
951,2679,0.3725817211474316,2.0,2.0,0.0,2.0,84,death,0,1,monster,0,43,34,0:0|1:0|2:0|2:1|3:1|4:1|4:7|4:8|4:9|5:1|5:7|5:8|5:9|6:1|6:2|6:3|6:7|6:8|6:9|7:2|7:7|7:8|7:9|8:1|8:2|8:3|8:4|8:5|8:6|8:7|8:8|8:9|9:3|9:4,2612
952,2680,0.3719212808539025,2.0,2.0,0.0,2.0,53,death,0,1,monster,0,41,33,0:0|1:0|2:0|3:0|4:0|5:0|5:2|5:5|5:8|5:9|6:0|6:1|6:2|6:5|6:6|6:7|6:8|6:9|7:2|7:6|7:7|7:8|7:9|8:2|8:3|8:4|8:5|8:6|8:7|8:8|9:3|9:4|9:5,2612
953,2681,0.37126084056037356,3.0,3.0,0.0,3.0,38,victory,1,0,,0,29,29,0:0|0:1|0:2|1:0|1:1|1:2|2:1|2:7|3:0|3:1|3:7|4:0|4:7|4:8|5:0|5:8|6:0|6:8|7:0|7:1|7:2|7:3|7:8|8:3|8:4|8:5|8:6|8:7|8:8,2612
954,2682,0.3706004002668446,3.0,3.0,0.0,3.0,43,victory,1,0,,0,30,27,0:0|1:0|2:0|2:7|3:0|3:7|3:8|4:0|4:7|4:8|5:0|5:7|5:8|6:0|6:1|6:2|6:8|7:2|7:8|8:2|8:3|8:4|8:5|8:6|8:7|8:8|9:8,2612
955,2683,0.36993995997331564,2.0,2.0,0.0,2.0,51,death,0,1,monster,0,34,34,0:0|1:0|1:1|2:0|2:1|3:0|4:0|4:2|5:0|5:2|5:3|5:7|5:8|6:0|6:1|6:2|6:3|6:4|6:8|6:9|7:2|7:3|7:9|8:2|8:3|8:4|8:5|8:6|8:7|8:8|8:9|9:3|9:4|9:9,2612
956,2684,0.36927951967978656,1.0,1.0,0.0,1.0,37,death,0,1,monster,0,25,22,0:0|1:0|2:0|3:0|4:0|5:0|5:1|6:0|6:1|6:2|6:3|6:4|7:1|7:2|7:4|8:2|8:3|8:4|8:5|9:2|9:3|9:4,2612
957,2685,0.3686190793862575,1.0,1.0,0.0,1.0,22,death,0,1,monster,0,19,19,0:0|1:0|2:0|3:0|4:0|5:0|5:1|6:0|6:1|6:7|7:1|7:2|7:6|7:7|8:2|8:3|8:4|8:5|8:6,2612
958,2686,0.3679586390927285,3.0,3.0,0.0,3.0,29,victory,1,0,,0,27,27,0:0|1:0|2:0|2:7|3:0|3:7|4:0|4:7|4:8|5:0|5:8|6:0|6:1|6:8|7:1|7:2|7:7|7:8|8:2|8:3|8:4|8:5|8:6|8:8|9:6|9:7|9:8,2612
959,2687,0.36729819879919945,3.0,3.0,0.0,3.0,37,victory,1,0,,0,29,29,0:0|1:0|2:0|2:7|3:0|3:7|4:0|4:7|4:8|5:0|5:8|6:0|6:1|6:8|7:1|7:2|7:3|7:8|8:1|8:2|8:3|8:4|8:5|8:6|8:7|8:8|9:2|9:3|9:4,2612
960,2688,0.3666377585056705,3.0,3.0,0.0,3.0,40,victory,1,0,,0,30,30,0:0|0:1|1:0|2:0|2:7|3:0|3:7|4:0|4:7|5:0|5:7|6:0|6:1|6:5|6:7|7:1|7:2|7:5|7:7|7:8|8:2|8:3|8:4|8:5|8:6|8:7|8:8|9:5|9:7|9:8,2612
961,2689,0.3659773182121414,3.0,3.0,0.0,3.0,46,victory,1,0,,0,31,31,0:0|1:0|2:0|2:7|3:0|3:6|3:7|4:0|4:6|4:7|4:8|5:0|5:6|5:7|5:8|6:0|6:1|6:7|6:8|7:1|7:2|7:5|7:8|7:9|8:2|8:3|8:4|8:5|8:6|8:7|8:8,2612
962,2690,0.36531687791861234,1.0,1.0,0.0,1.0,28,death,0,1,monster,0,21,18,0:0|1:0|2:0|3:0|4:0|5:0|6:0|7:0|7:1|7:2|7:3|8:0|8:2|8:3|8:4|9:0|9:3|9:4,2612
963,2691,0.3646564376250834,3.0,3.0,0.0,3.0,42,victory,1,0,,0,29,29,0:0|0:1|1:0|1:1|1:2|2:0|2:1|2:2|2:7|2:8|3:0|3:8|4:0|4:8|5:0|5:1|5:8|6:1|6:8|7:1|7:2|7:8|8:2|8:3|8:4|8:5|8:6|8:7|8:8,2612
964,2692,0.3639959973315544,2.0,2.0,0.0,2.0,37,death,0,1,monster,0,28,24,0:0|1:0|2:0|3:0|3:1|4:1|5:1|6:1|6:6|6:7|6:8|6:9|7:1|7:2|7:7|7:8|7:9|8:2|8:3|8:4|8:5|8:6|8:7|8:8,2612
965,2693,0.36333555703802545,3.0,3.0,0.0,3.0,46,victory,1,0,,0,33,33,0:0|1:0|1:1|2:0|2:7|3:0|3:6|3:7|4:0|4:6|4:7|4:8|5:0|5:6|5:8|6:0|6:1|6:2|6:8|7:1|7:2|7:8|8:2|8:3|8:4|8:5|8:6|8:7|8:8|9:2|9:3|9:4|9:5,2612
966,2694,0.3626751167444964,2.0,2.0,0.0,2.0,33,death,0,1,monster,0,30,28,0:0|1:0|2:0|3:0|4:0|5:0|5:4|5:5|5:6|5:7|6:0|6:1|6:2|6:4|6:7|7:2|7:3|7:7|7:8|8:2|8:3|8:5|8:6|8:7|8:8|9:3|9:4|9:5,2615
967,2695,0.3620146764509673,3.0,3.0,0.0,3.0,45,victory,1,0,,0,31,31,0:0|1:0|2:0|2:7|3:0|3:7|4:0|4:1|4:7|4:8|5:0|5:1|5:8|6:0|6:1|6:8|7:1|7:2|7:8|7:9|8:2|8:3|8:4|8:5|8:6|8:7|8:8|8:9|9:3|9:4|9:5,2615
968,2696,0.36135423615743834,3.0,3.0,0.0,3.0,44,victory,1,0,,0,30,30,0:0|1:0|2:0|2:7|3:0|3:7|3:8|4:0|4:7|4:8|4:9|5:0|5:1|5:8|6:0|6:1|6:8|7:1|7:2|7:8|8:1|8:2|8:3|8:4|8:5|8:6|8:8|9:6|9:7|9:8,2615
969,2697,0.36069379586390926,3.0,3.0,0.0,3.0,43,victory,1,0,,0,32,28,0:0|1:0|1:1|2:1|2:7|3:1|3:7|3:8|4:0|4:1|4:7|4:8|5:1|5:8|6:1|6:8|7:1|7:2|7:7|7:8|8:2|8:3|8:4|8:5|8:6|8:7|8:8|9:4,2615
970,2698,0.3600333555703803,3.0,3.0,0.0,3.0,27,victory,1,0,,0,25,25,0:0|1:0|2:0|2:7|3:0|3:7|4:0|4:7|4:8|5:0|5:8|6:0|6:1|6:8|7:1|7:2|7:8|8:2|8:3|8:4|8:5|8:6|8:7|8:8|9:5,2615
971,2699,0.3593729152768512,3.0,3.0,0.0,3.0,46,victory,1,0,,0,31,30,0:0|1:0|2:0|2:7|3:0|3:7|4:0|4:7|4:8|5:0|5:7|5:8|6:0|6:1|6:2|6:8|7:0|7:1|7:2|7:7|7:8|8:2|8:3|8:4|8:5|8:6|8:8|9:6|9:7|9:8,2615
972,2700,0.35871247498332215,3.0,3.0,0.0,3.0,34,victory,1,0,,0,28,27,0:0|1:0|2:0|2:7|3:0|3:7|4:0|4:1|4:7|4:8|5:1|5:8|5:9|6:1|6:9|7:1|7:2|7:8|7:9|8:1|8:2|8:3|8:4|8:5|8:6|8:7|8:8,2615
973,2701,0.3580520346897932,3.0,3.0,0.0,3.0,59,victory,1,0,,0,39,39,0:0|0:1|1:0|2:0|2:7|3:0|3:5|3:6|3:7|4:0|4:6|4:7|4:8|5:0|5:6|5:7|5:8|5:9|6:0|6:1|6:2|6:3|6:6|7:1|7:2|7:3|7:6|7:7|7:8|8:2|8:3|8:4|8:5|8:6|8:7|8:8|9:6|9:7|9:8,2615
974,2702,0.3573915943962641,3.0,3.0,0.0,3.0,40,victory,1,0,,0,30,29,0:0|1:0|2:0|2:7|2:8|3:0|3:8|4:0|4:8|5:0|5:8|5:9|6:0|6:1|6:8|6:9|7:1|7:2|7:7|7:8|7:9|8:2|8:3|8:4|8:5|8:6|8:7|8:8|8:9,2615
975,2703,0.35673115410273526,3.0,3.0,0.0,3.0,51,victory,1,0,,0,41,33,0:0|0:1|1:0|2:0|2:7|3:0|3:7|4:0|4:7|5:0|5:7|6:0|6:1|6:2|6:7|6:8|6:9|7:2|7:7|7:8|7:9|8:1|8:2|8:3|8:4|8:5|8:6|8:7|8:8|9:5|9:6|9:7|9:8,2615
976,2704,0.3560707138092062,2.0,2.0,0.0,2.0,59,death,0,1,monster,0,39,25,0:0|1:0|2:0|3:0|4:0|5:0|6:0|6:1|6:8|7:1|7:2|7:5|7:8|8:2|8:3|8:4|8:5|8:6|8:7|8:8|8:9|9:5|9:6|9:7|9:8,2615
977,2705,0.3554102735156771,2.0,2.0,0.0,2.0,31,death,0,1,monster,0,26,26,0:0|0:1|1:1|1:2|2:1|2:2|3:2|4:2|5:2|5:6|5:7|6:2|6:7|6:8|7:1|7:2|7:7|7:8|8:2|8:3|8:4|8:5|8:6|8:7|8:8|9:4,2615
978,2706,0.35474983322214815,3.0,3.0,0.0,3.0,29,victory,1,0,,0,26,26,0:0|1:0|2:0|2:7|3:0|3:7|4:0|4:1|4:7|4:8|5:0|5:1|5:8|6:0|6:1|6:8|7:1|7:2|7:8|8:2|8:3|8:4|8:5|8:6|8:7|8:8,2615
979,2707,0.3540893929286191,1.0,1.0,0.0,1.0,19,death,0,1,monster,0,18,18,0:0|1:0|2:0|3:0|4:0|4:1|5:1|6:1|7:1|7:2|8:2|8:3|8:4|8:5|9:1|9:2|9:3|9:4,2615
980,2708,0.3534289526350901,3.0,3.0,0.0,3.0,31,victory,1,0,,0,26,25,0:0|1:0|2:0|2:7|3:0|3:7|4:0|4:7|4:8|5:0|5:8|6:0|6:1|6:8|7:1|7:2|7:7|7:8|8:2|8:3|8:4|8:5|8:6|8:7|8:8,2615
981,2709,0.35276851234156104,3.0,3.0,0.0,3.0,33,victory,1,0,,0,30,29,0:0|1:0|2:0|2:7|3:0|3:7|4:0|4:7|4:8|5:0|5:2|5:7|5:8|6:0|6:1|6:2|6:3|6:8|7:2|7:3|7:8|8:3|8:4|8:5|8:6|8:7|8:8|9:3|9:4,2615
982,2710,0.35210807204803196,3.0,3.0,0.0,3.0,41,victory,1,0,,0,35,31,0:0|1:0|2:0|2:7|3:0|3:1|3:7|4:1|4:7|5:1|5:2|5:7|6:2|6:5|6:6|6:7|7:1|7:2|7:3|7:4|7:5|7:6|7:7|8:2|8:3|8:4|8:5|8:6|8:7|8:8|9:5,2615
983,2711,0.351447631754503,3.0,3.0,0.0,3.0,31,victory,1,0,,0,28,27,0:0|0:1|1:1|2:1|2:7|3:1|3:7|4:1|4:7|4:8|5:1|5:8|6:0|6:1|6:2|6:8|7:2|7:7|7:8|8:1|8:2|8:3|8:4|8:5|8:6|8:7|8:8,2615
984,2712,0.3507871914609739,3.0,3.0,0.0,3.0,43,victory,1,0,,0,32,26,0:0|1:0|2:0|2:7|3:0|3:1|3:7|4:1|4:2|4:7|5:2|5:7|6:2|6:7|6:8|7:2|7:7|7:8|8:2|8:3|8:4|8:5|8:6|8:7|8:8|9:8,2615
985,2713,0.35012675116744507,3.0,3.0,0.0,3.0,39,victory,1,0,,0,30,28,0:0|1:0|2:0|2:7|3:0|3:1|3:6|3:7|4:1|4:6|4:7|4:8|5:1|5:8|6:1|6:8|7:1|7:2|7:4|7:8|8:2|8:3|8:4|8:5|8:6|8:7|8:8|9:5,2615
986,2714,0.349466310873916,3.0,3.0,0.0,3.0,41,victory,1,0,,0,33,28,0:0|1:0|2:0|2:7|3:0|3:6|3:7|3:8|4:0|4:7|4:8|4:9|5:0|5:8|6:0|6:1|6:8|6:9|7:1|7:2|7:8|8:2|8:3|8:4|8:5|8:6|8:7|8:8,2615
987,2715,0.3488058705803869,2.0,2.0,0.0,2.0,47,death,0,1,monster,0,36,34,0:0|0:1|1:0|2:0|2:1|3:0|3:1|4:0|4:1|4:2|4:7|4:8|4:9|5:2|5:7|5:8|6:2|6:8|6:9|7:2|7:6|7:7|7:9|8:2|8:3|8:4|8:5|8:6|8:7|8:8|8:9|9:2|9:3|9:4,2615
988,2716,0.34814543028685796,3.0,3.0,0.0,3.0,62,victory,1,0,,0,46,32,0:0|1:0|2:0|2:7|3:0|3:7|3:8|4:0|4:8|5:0|5:8|6:0|6:1|6:8|6:9|7:1|7:2|7:6|7:7|7:8|7:9|8:2|8:3|8:4|8:5|8:6|8:7|8:8|9:5|9:6|9:7|9:8,2616
989,2717,0.3474849899933289,1.0,1.0,0.0,1.0,30,death,0,1,monster,0,21,20,0:0|1:0|2:0|3:0|4:0|5:0|6:0|6:1|7:1|7:2|7:5|8:1|8:2|8:4|8:5|9:1|9:2|9:3|9:4|9:5,2616
990,2718,0.3468245496997999,3.0,3.0,0.0,3.0,52,victory,1,0,,0,34,33,0:0|1:0|2:0|2:7|3:0|3:7|4:0|4:7|4:8|5:0|5:8|5:9|6:0|6:1|6:8|6:9|7:0|7:1|7:2|7:7|7:8|7:9|8:0|8:1|8:2|8:3|8:4|8:5|8:6|8:7|8:8|8:9|9:6,2616
991,2719,0.34616410940627085,2.0,2.0,0.0,2.0,27,death,0,1,monster,0,25,25,0:0|1:0|2:0|3:0|4:0|5:0|5:8|5:9|6:0|6:1|6:6|6:9|7:1|7:2|7:5|7:6|7:7|7:8|7:9|8:2|8:3|8:4|8:5|8:7|8:8,2616
992,2720,0.3455036691127418,3.0,3.0,0.0,3.0,38,victory,1,0,,0,28,27,0:0|1:0|2:0|2:7|3:0|3:7|3:8|4:0|4:8|4:9|5:0|5:8|5:9|6:0|6:1|6:7|6:8|7:1|7:2|7:3|7:8|8:3|8:4|8:5|8:6|8:7|8:8,2616
993,2721,0.3448432288192128,3.0,3.0,0.0,3.0,34,victory,1,0,,0,29,28,0:0|1:0|2:0|2:7|3:0|3:7|4:0|4:7|4:8|4:9|5:0|5:7|5:8|6:0|6:2|6:8|7:0|7:1|7:2|7:8|8:1|8:2|8:3|8:4|8:5|8:6|8:7|8:8,2616
994,2722,0.34418278852568374,3.0,3.0,0.0,3.0,36,victory,1,0,,0,28,28,0:0|0:1|0:2|1:2|2:2|2:7|3:2|3:7|4:1|4:2|4:7|5:1|5:7|6:1|6:3|6:7|7:1|7:2|7:3|7:7|7:8|8:3|8:4|8:5|8:6|8:7|8:8|9:8,2616
995,2723,0.3435223482321548,3.0,3.0,0.0,3.0,35,victory,1,0,,0,30,29,0:0|0:1|1:1|2:1|2:7|3:1|3:7|3:8|4:1|4:8|5:1|5:8|5:9|6:1|6:8|7:1|7:2|7:8|8:1|8:2|8:3|8:4|8:5|8:6|8:7|8:8|9:7|9:8|9:9,2616
996,2724,0.3428619079386258,3.0,3.0,0.0,3.0,37,victory,1,0,,0,28,27,0:0|1:0|2:0|2:7|3:0|3:7|3:8|3:9|4:0|4:8|5:0|5:8|6:0|6:2|6:8|7:0|7:1|7:2|7:3|7:8|8:2|8:3|8:4|8:5|8:6|8:7|8:8,2616
997,2725,0.34220146764509674,3.0,3.0,0.0,3.0,56,victory,1,0,,0,34,33,0:0|0:1|1:0|2:0|2:7|3:0|3:7|4:0|4:7|5:0|5:1|5:7|5:8|6:0|6:1|6:5|6:7|6:8|6:9|7:1|7:2|7:5|7:6|7:8|8:2|8:3|8:4|8:5|8:6|8:7|8:8|9:5|9:6,2616
998,2726,0.34154102735156777,3.0,3.0,0.0,3.0,66,victory,1,0,,0,42,32,0:0|1:0|2:0|2:7|3:0|3:7|3:8|3:9|4:0|4:8|5:0|5:8|5:9|6:0|6:1|6:2|6:7|6:8|6:9|7:1|7:2|7:7|7:8|7:9|8:1|8:2|8:3|8:4|8:5|8:6|8:7|8:8,2616
999,2727,0.3408805870580387,1.0,1.0,0.0,1.0,18,death,0,1,monster,0,17,16,0:0|0:1|0:2|0:3|1:2|1:3|1:4|1:6|1:7|2:4|2:5|2:6|2:7|2:8|3:7|3:8,2617
1000,2728,0.34022014676450973,3.0,3.0,0.0,3.0,56,victory,1,0,,0,37,36,0:0|1:0|1:1|1:2|2:1|2:2|2:7|3:0|3:1|3:6|3:7|3:8|4:0|4:8|5:0|5:8|6:0|6:1|6:2|6:8|7:1|7:2|7:3|7:4|7:5|7:6|7:8|8:3|8:4|8:5|8:6|8:7|8:8|9:4|9:5|9:6,2617
1001,2729,0.33955970647098066,3.0,3.0,0.0,3.0,29,victory,1,0,,0,28,28,0:0|1:0|2:0|2:6|2:7|3:0|3:6|3:7|4:0|4:7|5:0|5:7|5:8|6:0|6:1|6:8|6:9|7:1|7:2|7:3|7:8|7:9|8:3|8:4|8:5|8:6|8:7|8:8,2617
1002,2730,0.3388992661774516,3.0,3.0,0.0,3.0,38,victory,1,0,,0,29,26,0:0|1:0|2:0|2:7|3:0|3:7|3:8|4:0|4:8|5:0|5:8|6:0|6:1|6:8|7:1|7:2|7:7|7:8|8:1|8:2|8:3|8:4|8:5|8:6|8:7|8:8,2617
1003,2731,0.3382388258839226,3.0,3.0,0.0,3.0,42,victory,1,0,,0,37,35,0:0|1:0|2:0|2:7|3:0|3:1|3:7|4:0|4:1|4:5|4:6|4:7|5:1|5:2|5:5|5:6|5:7|5:8|6:1|6:2|6:5|6:6|6:7|6:8|7:1|7:2|7:5|7:8|8:2|8:3|8:4|8:5|8:6|8:7|8:8,2617
1004,2732,0.33757838559039355,3.0,3.0,0.0,3.0,29,victory,1,0,,0,27,26,0:0|1:0|2:0|2:7|3:0|3:7|3:8|4:0|4:7|4:8|5:0|5:8|6:0|6:1|6:2|6:8|7:2|7:3|7:8|8:3|8:4|8:5|8:6|8:7|8:8|9:5,2617
1005,2733,0.3369179452968646,3.0,3.0,0.0,3.0,51,victory,1,0,,0,36,32,0:0|1:0|2:0|2:1|2:7|3:1|3:7|3:8|4:1|4:7|4:8|4:9|5:1|5:7|5:8|5:9|6:1|6:6|6:7|6:8|7:1|7:2|7:8|8:2|8:3|8:4|8:5|8:6|8:7|8:8|9:2|9:3,2617
1006,2734,0.3362575050033356,3.0,3.0,0.0,3.0,35,victory,1,0,,0,28,28,0:0|1:0|2:0|2:7|3:0|3:7|3:8|4:0|4:8|5:0|5:8|6:0|6:1|6:8|7:1|7:2|7:6|7:7|7:8|8:2|8:3|8:4|8:5|8:6|8:7|8:8|9:3|9:4,2617
1007,2735,0.33559706470980655,3.0,3.0,0.0,3.0,37,victory,1,0,,0,33,31,0:0|1:0|2:0|2:7|3:0|3:7|3:8|4:0|4:8|5:0|5:8|6:0|6:1|6:8|7:0|7:1|7:2|7:8|7:9|8:0|8:1|8:2|8:3|8:4|8:5|8:6|8:7|8:8|8:9|9:5|9:8,2617
1008,2736,0.3349366244162776,3.0,3.0,0.0,3.0,33,victory,1,0,,0,30,28,0:0|1:0|2:0|2:7|3:0|3:7|3:8|4:0|4:8|5:0|5:8|6:0|6:8|7:0|7:1|7:2|7:4|7:8|8:2|8:3|8:4|8:5|8:6|8:7|8:8|9:5|9:8|9:9,2617
1009,2737,0.3342761841227485,2.0,2.0,0.0,2.0,44,death,0,1,monster,0,39,39,0:0|0:6|0:7|0:8|0:9|1:0|1:6|1:9|2:0|2:9|3:0|3:1|3:7|3:8|3:9|4:1|4:7|4:8|5:1|5:2|5:8|6:1|6:2|6:8|7:1|7:2|7:3|7:5|7:6|7:7|7:8|7:9|8:2|8:3|8:4|8:5|8:7|8:8|8:9,2621
1010,2738,0.33361574382921955,3.0,3.0,0.0,3.0,43,victory,1,0,,0,34,33,0:0|1:0|2:0|2:7|3:0|3:7|3:8|3:9|4:0|4:8|5:0|5:7|5:8|6:0|6:1|6:6|6:7|7:0|7:1|7:2|7:7|7:8|7:9|8:1|8:2|8:3|8:4|8:5|8:6|8:7|8:8|8:9|9:4,2621
1011,2739,0.33295530353569047,3.0,3.0,0.0,3.0,42,victory,1,0,,0,28,26,0:0|0:1|1:0|2:0|2:7|3:0|3:7|3:8|4:0|4:8|5:0|5:8|6:0|6:1|6:8|7:1|7:2|7:7|7:8|8:2|8:3|8:4|8:5|8:6|8:7|8:8,2621
1012,2740,0.3322948632421614,3.0,3.0,0.0,3.0,37,victory,1,0,,0,34,32,0:0|1:0|1:1|1:2|2:0|2:1|2:7|3:0|3:7|4:0|4:7|5:0|5:7|5:8|6:0|6:1|6:8|7:1|7:2|7:7|7:8|8:2|8:5|8:6|8:7|8:8|9:2|9:3|9:4|9:5|9:7|9:8,2621
1013,2741,0.33163442294863243,3.0,3.0,0.0,3.0,45,victory,1,0,,0,33,29,0:0|1:0|2:0|2:7|3:0|3:4|3:5|3:6|3:7|3:8|4:0|4:5|4:7|4:8|5:0|5:8|6:0|6:1|6:8|7:1|7:2|7:8|8:2|8:3|8:4|8:5|8:6|8:7|8:8,2622
1014,2742,0.33097398265510336,3.0,3.0,0.0,3.0,30,victory,1,0,,0,27,27,0:0|1:0|2:0|2:7|3:0|3:1|3:7|3:8|4:1|4:8|5:1|5:8|6:0|6:1|6:8|7:1|7:2|7:8|8:2|8:3|8:4|8:5|8:6|8:7|8:8|9:3|9:4,2622
1015,2743,0.3303135423615744,3.0,3.0,0.0,3.0,48,victory,1,0,,0,34,33,0:0|0:1|1:0|1:1|2:1|2:2|2:6|2:7|3:1|3:6|4:1|4:6|4:7|4:8|5:1|5:8|6:0|6:1|6:8|6:9|7:0|7:1|7:2|7:8|8:1|8:2|8:3|8:4|8:5|8:6|8:7|8:8|9:7,2622
1016,2744,0.32965310206804543,3.0,3.0,0.0,3.0,43,victory,1,0,,0,30,27,0:0|1:0|2:0|2:7|2:8|3:0|3:8|4:0|4:8|5:0|5:8|5:9|6:0|6:1|6:8|7:1|7:2|7:8|8:2|8:3|8:4|8:5|8:6|8:7|8:8|9:3|9:4,2622
1017,2745,0.32899266177451636,3.0,3.0,0.0,3.0,30,victory,1,0,,0,28,27,0:0|1:0|2:0|2:7|3:0|3:7|3:8|4:0|4:7|4:8|5:0|5:8|6:0|6:1|6:8|6:9|7:1|7:2|7:8|8:1|8:2|8:3|8:4|8:5|8:6|8:7|8:8,2622
1018,2746,0.3283322214809874,3.0,3.0,0.0,3.0,44,victory,1,0,,0,32,29,0:0|0:1|1:0|2:0|2:7|3:0|3:7|3:8|4:0|4:8|5:0|5:8|6:0|6:1|6:8|7:0|7:1|7:2|7:8|7:9|8:2|8:3|8:4|8:5|8:6|8:7|8:8|8:9|9:4,2622
1019,2747,0.3276717811874583,2.0,2.0,0.0,2.0,43,death,0,1,monster,0,31,26,0:0|1:0|2:0|3:0|4:0|5:0|5:8|6:0|6:1|6:8|6:9|7:0|7:1|7:2|7:8|7:9|8:1|8:2|8:3|8:4|8:5|8:6|8:7|8:8|8:9|9:6,2622
1020,2748,0.32701134089392936,3.0,3.0,0.0,3.0,36,victory,1,0,,0,29,28,0:0|1:0|2:0|2:7|2:8|3:0|3:7|3:8|4:0|4:8|5:0|5:1|5:7|5:8|6:1|6:8|7:1|7:2|7:8|8:2|8:3|8:4|8:5|8:6|8:7|8:8|9:4|9:5,2622
1021,2749,0.3263509006004003,3.0,3.0,0.0,3.0,51,victory,1,0,,0,34,30,0:0|1:0|2:0|2:7|3:0|3:6|3:7|3:8|3:9|4:0|4:7|4:8|5:0|5:7|5:8|6:0|6:1|6:2|6:8|7:1|7:2|7:5|7:8|8:2|8:3|8:4|8:5|8:6|8:7|8:8,2622
1022,2750,0.3256904603068712,3.0,3.0,0.0,3.0,45,victory,1,0,,0,31,31,0:0|1:0|2:0|2:7|3:0|3:7|4:0|4:1|4:7|4:8|5:1|5:2|5:8|6:1|6:2|6:8|6:9|7:0|7:1|7:2|7:8|8:2|8:3|8:4|8:5|8:6|8:7|8:8|9:7|9:8|9:9,2622
1023,2751,0.32503002001334225,1.0,1.0,0.0,1.0,24,death,0,1,monster,0,17,16,0:0|1:0|2:0|3:0|4:0|5:0|6:0|6:1|7:1|7:2|7:3|7:5|8:3|8:4|8:5|8:6,2622
1024,2752,0.3243695797198132,3.0,3.0,0.0,3.0,44,victory,1,0,,0,31,31,0:0|1:0|2:0|2:7|3:0|3:1|3:7|4:0|4:7|5:0|5:7|6:0|6:1|6:7|6:8|7:1|7:2|7:3|7:4|7:8|8:1|8:2|8:3|8:4|8:5|8:6|8:7|8:8|9:2|9:3|9:4,2622
1025,2753,0.3237091394262842,3.0,3.0,0.0,3.0,25,victory,1,0,,0,25,25,0:0|1:0|2:0|2:7|3:0|3:6|3:7|4:0|4:7|4:8|5:0|5:8|6:0|6:1|6:8|7:1|7:2|7:8|8:2|8:3|8:4|8:5|8:6|8:7|8:8,2622
1026,2754,0.32304869913275513,3.0,3.0,0.0,3.0,41,victory,1,0,,0,29,28,0:0|1:0|2:0|2:7|3:0|3:7|4:0|4:1|4:7|4:8|5:0|5:1|5:8|6:0|6:1|6:8|7:0|7:1|7:2|7:8|7:9|8:2|8:3|8:4|8:5|8:6|8:7|8:8,2622
1027,2755,0.32238825883922617,3.0,3.0,0.0,3.0,39,victory,1,0,,0,28,27,0:0|1:0|2:0|2:7|3:0|3:7|3:8|4:0|4:7|4:8|5:0|5:2|5:8|6:0|6:1|6:2|6:8|7:1|7:2|7:8|8:2|8:3|8:4|8:5|8:6|8:7|8:8,2622
1028,2756,0.3217278185456972,3.0,3.0,0.0,3.0,27,victory,1,0,,0,28,28,0:0|1:0|2:0|2:7|3:0|3:6|3:7|4:0|4:6|4:7|4:8|5:0|5:1|5:6|5:7|5:8|6:1|6:8|7:1|7:2|7:3|7:4|7:8|8:4|8:5|8:6|8:7|8:8,2622
1029,2757,0.32106737825216813,3.0,3.0,0.0,3.0,62,victory,1,0,,0,40,35,0:0|1:0|2:0|2:7|3:0|3:7|3:8|4:0|4:8|5:0|5:8|6:0|6:1|6:6|6:7|6:8|6:9|7:1|7:2|7:6|7:7|7:8|7:9|8:2|8:3|8:4|8:5|8:6|8:7|8:8|9:4|9:5|9:6|9:7|9:8,2622
1030,2758,0.32040693795863917,3.0,3.0,0.0,3.0,57,victory,1,0,,0,42,34,0:0|1:0|2:0|2:1|2:7|3:0|3:1|3:7|4:0|4:7|4:8|5:0|5:8|6:0|6:8|6:9|7:0|7:1|7:2|7:3|7:5|7:6|7:7|7:8|7:9|8:3|8:4|8:5|8:7|8:8|8:9|9:7|9:8|9:9,2622
1031,2759,0.3197464976651101,3.0,3.0,0.0,3.0,41,victory,1,0,,0,33,30,0:0|1:0|2:0|2:7|3:0|3:1|3:2|3:7|4:1|4:2|4:7|4:8|5:2|5:3|5:8|6:3|6:8|7:2|7:3|7:4|7:8|7:9|8:2|8:3|8:4|8:5|8:6|8:7|8:8|8:9,2622
1032,2760,0.319086057371581,3.0,3.0,0.0,3.0,36,victory,1,0,,0,28,28,0:0|1:0|2:0|2:7|3:0|3:7|4:0|4:7|4:8|5:0|5:8|6:0|6:1|6:8|7:0|7:1|7:2|7:8|8:2|8:3|8:4|8:5|8:6|8:7|8:8|9:2|9:3|9:4,2622
1033,2761,0.31842561707805206,3.0,3.0,0.0,3.0,28,victory,1,0,,0,25,25,0:0|1:0|2:0|2:7|3:0|3:7|4:0|4:7|4:8|5:0|5:8|6:0|6:1|6:8|7:1|7:2|7:8|8:1|8:2|8:3|8:4|8:5|8:6|8:7|8:8,2622
1034,2762,0.317765176784523,3.0,3.0,0.0,3.0,58,victory,1,0,,0,44,37,0:0|1:0|2:0|2:7|3:0|3:7|4:0|4:7|4:8|5:0|5:1|5:5|5:6|5:8|6:0|6:1|6:5|6:6|6:7|6:8|7:0|7:1|7:2|7:5|7:6|7:7|7:8|8:2|8:3|8:4|8:5|8:6|8:7|8:8|9:3|9:4|9:6,2622
1035,2763,0.3171047364909939,3.0,3.0,0.0,3.0,42,victory,1,0,,0,31,28,0:0|1:0|2:0|2:7|3:0|3:7|4:0|4:1|4:7|5:0|5:1|5:7|6:0|6:1|6:6|6:7|6:8|7:1|7:2|7:8|8:2|8:3|8:4|8:5|8:6|8:7|8:8|9:7,2622
1036,2764,0.31644429619746495,3.0,3.0,0.0,3.0,36,victory,1,0,,0,29,29,0:0|1:0|2:0|2:7|3:0|3:7|4:0|4:7|4:8|5:0|5:8|6:0|6:1|6:8|7:1|7:2|7:7|7:8|8:2|8:5|8:6|8:8|9:2|9:3|9:4|9:5|9:6|9:7|9:8,2622
1037,2765,0.315783855903936,3.0,3.0,0.0,3.0,34,victory,1,0,,0,28,27,0:0|1:0|2:0|2:7|3:0|3:7|3:8|4:0|4:7|4:8|5:0|5:8|6:0|6:1|6:8|7:0|7:1|7:2|7:8|8:2|8:3|8:4|8:5|8:6|8:7|8:8|9:5,2622
1038,2766,0.315123415610407,3.0,3.0,0.0,3.0,58,victory,1,0,,0,38,35,0:0|1:0|2:0|2:7|3:0|3:6|3:7|3:8|4:0|4:7|4:8|5:0|5:1|5:8|6:0|6:1|6:8|7:1|7:2|7:3|7:7|7:8|7:9|8:2|8:3|8:4|8:5|8:6|8:7|8:8|8:9|9:2|9:3|9:4|9:6,2622
1039,2767,0.31446297531687795,3.0,3.0,0.0,3.0,90,victory,1,0,,0,49,36,0:0|1:0|2:0|2:7|3:0|3:7|3:8|4:0|4:7|4:8|5:0|5:7|6:0|6:1|6:6|6:7|7:1|7:2|7:5|7:6|7:7|7:8|8:2|8:3|8:4|8:5|8:6|8:7|8:8|9:2|9:3|9:4|9:6|9:7|9:8|9:9,2622
1040,2768,0.31380253502334887,3.0,3.0,0.0,3.0,35,victory,1,0,,0,29,28,0:0|1:0|2:0|2:1|2:7|3:1|3:7|4:1|4:7|4:8|5:1|5:2|5:7|5:8|5:9|6:2|6:9|7:2|7:8|7:9|8:2|8:3|8:4|8:5|8:6|8:7|8:8|9:5,2622
1041,2769,0.3131420947298199,3.0,3.0,0.0,3.0,78,victory,1,0,,0,52,39,0:0|1:0|2:0|2:6|2:7|3:0|3:6|3:7|4:0|4:7|4:8|4:9|5:0|5:7|5:8|5:9|6:0|6:6|6:7|6:8|6:9|7:0|7:1|7:2|7:4|7:5|7:7|7:8|7:9|8:1|8:2|8:3|8:4|8:5|8:6|8:7|8:8|8:9|9:5,2622
1042,2770,0.31248165443629083,3.0,3.0,0.0,3.0,57,victory,1,0,,0,35,30,0:0|1:0|2:0|2:1|2:7|3:0|3:7|4:0|4:7|4:8|4:9|5:0|5:8|6:0|6:1|6:8|6:9|7:1|7:2|7:7|7:8|8:2|8:3|8:4|8:5|8:6|8:7|8:8|9:7|9:8,2622
1043,2771,0.31182121414276187,3.0,3.0,0.0,3.0,29,victory,1,0,,0,29,27,0:0|1:0|2:0|2:7|3:0|3:7|4:0|4:7|4:8|5:0|5:7|5:8|6:0|6:8|6:9|7:0|7:1|7:2|7:7|7:8|8:2|8:3|8:4|8:5|8:6|8:7|8:8,2622
1044,2772,0.3111607738492328,3.0,3.0,0.0,3.0,54,victory,1,0,,0,34,30,0:0|1:0|2:0|2:1|2:7|3:1|3:7|4:0|4:1|4:7|4:8|5:0|5:8|6:0|6:1|6:2|6:8|6:9|7:1|7:2|7:8|7:9|8:1|8:2|8:3|8:4|8:5|8:6|8:7|8:8,2622
1045,2773,0.3105003335557037,3.0,3.0,0.0,3.0,39,victory,1,0,,0,27,26,0:0|0:1|1:0|2:0|2:7|3:0|3:7|4:0|4:7|4:8|5:0|5:8|6:0|6:1|6:8|7:1|7:2|7:8|7:9|8:2|8:3|8:4|8:5|8:6|8:7|8:8,2622
1046,2774,0.30983989326217476,3.0,3.0,0.0,3.0,32,victory,1,0,,0,26,26,0:0|1:0|2:0|2:7|3:0|3:6|3:7|4:0|4:6|4:7|5:0|5:7|5:8|6:0|6:1|6:8|7:1|7:2|7:8|8:2|8:3|8:4|8:5|8:6|8:7|8:8,2622
1047,2775,0.3091794529686457,3.0,3.0,0.0,3.0,31,victory,1,0,,0,26,26,0:0|1:0|2:0|2:1|2:7|3:1|3:7|4:1|4:7|4:8|5:1|5:8|6:1|6:8|7:1|7:2|7:8|8:2|8:3|8:4|8:5|8:6|8:7|8:8|9:5|9:8,2622
1048,2776,0.30851901267511683,3.0,3.0,0.0,3.0,47,victory,1,0,,0,35,31,0:0|1:0|2:0|2:7|2:8|3:0|3:7|3:8|4:0|4:7|4:8|4:9|5:0|5:7|5:8|5:9|6:0|6:1|6:8|7:1|7:2|7:8|7:9|8:2|8:3|8:4|8:5|8:6|8:7|8:8|9:6,2622
1049,2777,0.30785857238158776,2.0,2.0,0.0,2.0,45,death,0,1,monster,0,32,23,0:0|1:0|2:0|3:0|4:0|5:0|6:0|6:1|6:2|7:1|7:2|7:7|7:8|8:2|8:3|8:4|8:5|8:6|8:7|8:8|9:3|9:7|9:8,2622
1050,2778,0.3071981320880587,3.0,3.0,0.0,3.0,33,victory,1,0,,0,30,29,0:0|1:0|2:0|2:7|3:0|3:7|3:8|3:9|4:0|4:7|4:8|4:9|5:0|5:8|6:0|6:1|6:8|7:1|7:2|7:8|8:2|8:3|8:4|8:5|8:6|8:7|8:8|9:3|9:4,2622
1051,2779,0.3065376917945297,3.0,3.0,0.0,3.0,31,victory,1,0,,0,26,26,0:0|1:0|2:0|2:7|3:0|3:7|4:0|4:7|4:8|4:9|5:0|5:8|6:0|6:1|6:8|7:1|7:2|7:7|7:8|8:2|8:3|8:4|8:5|8:6|8:7|8:8,2622
1052,2780,0.30587725150100065,3.0,3.0,0.0,3.0,43,victory,1,0,,0,37,34,0:0|1:0|2:0|2:7|3:0|3:6|3:7|4:0|4:5|4:6|5:0|5:5|5:6|6:0|6:1|6:2|6:4|6:5|6:6|6:7|6:8|7:2|7:3|7:4|7:5|7:8|7:9|8:2|8:3|8:4|8:5|8:6|8:7|8:8,2624
1053,2781,0.3052168112074717,0.0,0.0,0.0,0.0,11,death,0,1,monster,0,9,6,0:0|1:0|2:0|3:0|4:0|5:0,2625
1054,2782,0.3045563709139426,3.0,3.0,0.0,3.0,35,victory,1,0,,0,28,27,0:0|1:0|2:0|2:7|3:0|3:7|3:8|4:0|4:7|4:8|5:0|5:7|6:0|6:1|6:6|6:7|6:8|7:1|7:2|7:8|8:2|8:3|8:4|8:5|8:6|8:7|8:8,2625
1055,2783,0.30389593062041353,3.0,3.0,0.0,3.0,29,victory,1,0,,0,27,27,0:0|1:0|2:0|2:7|3:0|3:7|4:0|4:7|4:8|4:9|5:0|5:1|5:8|6:1|6:8|7:1|7:2|7:8|7:9|8:2|8:3|8:4|8:5|8:6|8:7|8:8|8:9,2625
1056,2784,0.30323549032688457,3.0,3.0,0.0,3.0,29,victory,1,0,,0,26,26,0:0|1:0|2:0|2:7|3:0|3:7|4:0|4:7|4:8|5:0|5:8|6:0|6:1|6:8|6:9|7:1|7:2|7:8|8:2|8:3|8:4|8:5|8:6|8:7|8:8|9:5,2625
1057,2785,0.3025750500333555,3.0,3.0,0.0,3.0,36,victory,1,0,,0,29,29,0:0|1:0|2:0|2:7|3:0|3:1|3:7|4:1|4:7|4:8|4:9|5:0|5:1|5:8|6:0|6:1|6:8|7:1|7:2|7:8|8:2|8:3|8:4|8:5|8:6|8:7|8:8|9:7|9:8,2625
1058,2786,0.30191460973982664,3.0,3.0,0.0,3.0,35,victory,1,0,,0,29,28,0:0|1:0|2:0|2:7|3:0|3:7|3:8|4:0|4:7|4:8|5:0|5:8|6:0|6:1|6:8|7:1|7:2|7:3|7:8|8:2|8:3|8:4|8:5|8:6|8:7|8:8|9:4|9:5,2625
1059,2787,0.30125416944629757,3.0,3.0,0.0,3.0,33,victory,1,0,,0,30,29,0:0|1:0|2:0|2:7|3:0|3:7|3:8|3:9|4:0|4:7|4:8|5:0|5:8|5:9|6:0|6:1|6:8|7:1|7:2|7:8|8:2|8:3|8:5|8:6|8:7|8:8|9:3|9:4|9:5,2625
1060,2788,0.3005937291527685,3.0,3.0,0.0,3.0,36,victory,1,0,,0,31,30,0:0|1:0|2:0|2:7|3:0|3:7|4:0|4:7|4:8|5:0|5:8|6:0|6:1|6:2|6:3|6:8|6:9|7:2|7:3|7:5|7:8|7:9|8:2|8:3|8:4|8:5|8:6|8:7|8:8|8:9,2625
1061,2789,0.29993328885923953,3.0,3.0,0.0,3.0,39,victory,1,0,,0,30,30,0:0|1:0|1:1|2:1|2:7|3:1|3:7|4:1|4:7|4:8|5:0|5:1|5:8|6:0|6:7|6:8|7:0|7:1|7:2|7:3|7:8|8:2|8:3|8:4|8:5|8:6|8:7|8:8|9:7|9:8,2625
1062,2790,0.29927284856571046,3.0,3.0,0.0,3.0,29,victory,1,0,,0,27,27,0:0|1:0|2:0|2:7|3:0|3:7|4:0|4:1|4:7|4:8|5:1|5:8|6:1|6:8|7:1|7:2|7:3|7:8|7:9|8:2|8:3|8:4|8:5|8:6|8:7|8:8|8:9,2625
1063,2791,0.2986124082721815,3.0,3.0,0.0,3.0,36,victory,1,0,,0,29,28,0:0|1:0|2:0|2:1|2:7|3:0|3:1|3:7|4:1|4:7|5:0|5:1|5:7|5:8|6:1|6:8|6:9|7:1|7:2|7:8|8:2|8:3|8:4|8:5|8:6|8:7|8:8|9:4,2625
1064,2792,0.2979519679786524,1.0,1.0,0.0,1.0,35,death,0,1,monster,0,27,20,0:0|1:0|2:0|3:0|4:0|5:0|6:0|6:1|7:1|7:2|7:3|7:4|8:2|8:3|8:4|9:1|9:2|9:3|9:4|9:5,2626
1065,2793,0.29729152768512335,3.0,3.0,0.0,3.0,32,victory,1,0,,0,29,29,0:0|1:0|2:0|2:6|2:7|3:0|3:1|3:6|3:7|4:1|4:7|4:8|5:1|5:8|6:1|6:8|7:1|7:2|7:7|7:8|8:2|8:3|8:4|8:5|8:6|8:7|8:8|9:7|9:8,2626
1066,2794,0.2966310873915944,3.0,3.0,0.0,3.0,31,victory,1,0,,0,30,29,0:0|1:0|2:0|2:7|3:0|3:6|3:7|4:0|4:5|4:6|5:0|5:5|5:6|6:0|6:1|6:2|6:6|6:8|7:2|7:6|7:7|7:8|8:2|8:3|8:4|8:5|8:6|8:7|8:8,2626
1067,2795,0.2959706470980653,3.0,3.0,0.0,3.0,41,victory,1,0,,0,28,28,0:0|0:1|1:0|2:0|2:7|3:0|3:1|3:7|4:1|4:7|4:8|5:1|5:8|6:1|6:2|6:8|7:1|7:2|7:3|7:8|8:2|8:3|8:4|8:5|8:6|8:7|8:8|9:4,2626
1068,2796,0.29531020680453635,3.0,3.0,0.0,3.0,27,victory,1,0,,0,26,26,0:0|1:0|2:0|2:7|3:0|3:7|4:0|4:7|4:8|5:0|5:8|6:0|6:1|6:8|7:1|7:2|7:3|7:8|7:9|8:3|8:4|8:5|8:6|8:7|8:8|8:9,2626
1069,2797,0.2946497665110074,3.0,3.0,0.0,3.0,36,victory,1,0,,0,27,27,0:0|1:0|2:0|2:7|2:8|3:0|3:8|4:0|4:8|5:0|5:1|5:8|6:0|6:1|6:2|6:8|7:1|7:2|7:7|7:8|8:2|8:3|8:4|8:5|8:6|8:7|8:8,2626
1070,2798,0.2939893262174783,3.0,3.0,0.0,3.0,56,victory,1,0,,0,39,29,0:0|1:0|2:0|2:1|2:7|3:1|3:6|3:7|4:1|4:7|5:1|5:7|6:1|6:6|6:7|7:1|7:2|7:5|7:6|8:2|8:3|8:4|8:5|8:6|8:7|8:8|9:4|9:5|9:6,2626
1071,2799,0.29332888592394935,3.0,3.0,0.0,3.0,33,victory,1,0,,0,27,27,0:0|0:1|1:0|2:0|2:7|3:0|3:7|4:0|4:7|4:8|5:0|5:1|5:8|6:0|6:1|6:8|6:9|7:1|7:2|7:8|8:2|8:3|8:4|8:5|8:6|8:7|8:8,2626
1072,2800,0.29266844563042027,2.0,2.0,0.0,2.0,39,death,0,1,monster,0,28,24,0:0|0:1|1:0|2:0|3:0|4:0|4:6|4:7|4:8|5:0|5:8|6:0|6:1|6:8|7:1|7:2|7:8|8:2|8:3|8:4|8:5|8:6|8:7|8:8,2626
1073,2801,0.2920080053368913,3.0,3.0,0.0,3.0,46,victory,1,0,,0,39,32,0:0|1:0|2:0|2:7|3:0|3:5|3:6|3:7|4:0|4:6|4:7|5:0|5:6|5:7|5:8|6:0|6:1|6:7|6:8|6:9|7:1|7:2|7:4|7:7|7:8|8:2|8:3|8:4|8:5|8:6|8:7|8:8,2626
1074,2802,0.29134756504336223,3.0,3.0,0.0,3.0,43,victory,1,0,,0,35,30,0:0|1:0|2:0|2:7|3:0|3:6|3:7|4:0|4:4|4:5|4:6|4:7|5:0|5:7|5:8|6:0|6:1|6:8|7:1|7:2|7:6|7:7|7:8|8:2|8:3|8:4|8:5|8:6|8:7|8:8,2626
1075,2803,0.29068712474983316,3.0,3.0,0.0,3.0,39,victory,1,0,,0,35,30,0:0|1:0|2:0|2:7|3:0|3:6|3:7|4:0|4:5|4:6|4:7|5:0|5:4|5:5|6:0|6:1|6:4|7:1|7:2|7:4|7:5|8:2|8:3|8:4|8:5|8:6|8:7|8:8|9:6|9:8,2627
1076,2804,0.2900266844563042,3.0,3.0,0.0,3.0,33,victory,1,0,,0,28,28,0:0|1:0|1:1|2:0|2:7|3:0|3:7|4:0|4:7|4:8|5:0|5:8|6:0|6:1|6:8|6:9|7:1|7:2|7:3|7:8|7:9|8:2|8:3|8:4|8:5|8:6|8:7|8:8,2627
1077,2805,0.2893662441627751,3.0,3.0,0.0,3.0,34,victory,1,0,,0,26,26,0:0|1:0|2:0|2:7|3:0|3:7|4:0|4:7|4:8|5:0|5:8|6:0|6:1|6:8|7:1|7:2|7:8|8:2|8:3|8:4|8:5|8:6|8:7|8:8|9:3|9:4,2627
1078,2806,0.28870580386924616,3.0,3.0,0.0,3.0,45,victory,1,0,,0,36,32,0:0|1:0|2:0|2:7|3:0|3:7|3:8|4:0|4:7|4:8|5:0|5:7|5:8|6:0|6:1|6:2|6:3|6:8|7:1|7:2|7:3|7:8|8:1|8:2|8:4|8:5|8:6|8:7|8:8|9:2|9:3|9:4,2627
1079,2807,0.2880453635757172,3.0,3.0,0.0,3.0,54,victory,1,0,,0,31,30,0:0|1:0|2:0|2:7|3:0|3:7|3:8|4:0|4:7|4:8|5:0|5:7|5:8|6:0|6:1|6:7|6:8|7:1|7:2|7:8|8:2|8:3|8:4|8:5|8:6|8:7|8:8|9:5|9:6|9:7,2627
1080,2808,0.2873849232821881,3.0,3.0,0.0,3.0,31,victory,1,0,,0,29,28,0:0|1:0|2:0|2:1|2:7|3:0|3:1|3:7|4:1|4:7|4:8|5:1|5:8|6:1|6:8|7:1|7:2|7:7|7:8|8:2|8:3|8:4|8:5|8:6|8:7|8:8|9:7|9:8,2627
1081,2809,0.28672448298865916,3.0,3.0,0.0,3.0,38,victory,1,0,,0,28,27,0:0|1:0|2:0|2:7|3:0|3:7|4:0|4:7|4:8|5:0|5:8|6:0|6:1|6:8|7:1|7:2|7:3|7:6|7:7|7:8|8:2|8:3|8:4|8:5|8:6|8:7|8:8,2627
1082,2810,0.2860640426951301,3.0,3.0,0.0,3.0,35,victory,1,0,,0,26,26,0:0|1:0|2:0|2:7|3:0|3:7|4:0|4:1|4:7|4:8|5:1|5:8|6:1|6:8|7:1|7:2|7:3|7:8|8:3|8:4|8:5|8:6|8:7|8:8|9:7|9:8,2627
1083,2811,0.2854036024016011,3.0,3.0,0.0,3.0,45,victory,1,0,,0,32,30,0:0|1:0|2:0|2:7|3:0|3:6|3:7|4:0|4:7|5:0|5:7|5:8|5:9|6:0|6:8|7:0|7:1|7:2|7:7|7:8|7:9|8:0|8:1|8:2|8:3|8:4|8:5|8:6|8:7|8:8,2628
1084,2812,0.28474316210807205,3.0,3.0,0.0,3.0,32,victory,1,0,,0,29,27,0:0|1:0|2:0|2:7|3:0|3:7|4:0|4:7|4:8|5:0|5:8|6:0|6:1|6:8|7:1|7:2|7:6|7:7|7:8|8:2|8:3|8:4|8:5|8:6|8:7|8:8|9:6,2629
1085,2813,0.28408272181454297,2.0,2.0,0.0,2.0,33,death,0,1,monster,0,33,24,0:0|1:0|2:0|3:0|4:0|5:0|6:0|6:1|6:8|6:9|7:1|7:2|7:7|7:8|7:9|8:2|8:3|8:4|8:5|8:6|8:7|8:8|8:9|9:4,2630
1086,2814,0.283422281521014,3.0,3.0,0.0,3.0,40,victory,1,0,,0,34,29,0:0|1:0|2:0|2:7|3:0|3:7|4:0|4:1|4:7|4:8|5:1|5:2|5:8|5:9|6:2|6:8|6:9|7:2|7:8|7:9|8:1|8:2|8:3|8:4|8:5|8:6|8:7|8:8|9:2,2630
1087,2815,0.28276184122748493,3.0,3.0,0.0,3.0,39,victory,1,0,,0,32,32,0:0|0:1|1:0|2:0|2:7|3:0|3:7|3:8|4:0|4:7|4:8|5:0|5:8|6:0|6:1|6:8|6:9|7:1|7:2|7:4|7:8|7:9|8:2|8:3|8:4|8:5|8:6|8:7|8:8|8:9|9:3|9:4,2630
1088,2816,0.28210140093395597,3.0,3.0,0.0,3.0,29,victory,1,0,,0,28,26,0:0|1:0|2:0|2:7|3:0|3:7|4:0|4:7|4:8|5:0|5:8|6:0|6:1|6:8|7:1|7:2|7:8|8:2|8:3|8:4|8:5|8:6|8:7|8:8|9:7|9:8,2630
1089,2817,0.281440960640427,3.0,3.0,0.0,3.0,36,victory,1,0,,0,30,30,0:0|1:0|2:0|2:7|3:0|3:6|3:7|4:0|4:6|4:7|4:8|5:0|5:8|6:0|6:1|6:2|6:8|6:9|7:2|7:5|7:7|7:8|8:2|8:3|8:4|8:5|8:6|8:7|8:8|9:5,2630
1090,2818,0.28078052034689793,3.0,3.0,0.0,3.0,52,victory,1,0,,0,36,31,0:0|1:0|2:0|2:1|2:7|3:1|3:2|3:7|3:8|3:9|4:2|4:7|4:8|4:9|5:2|5:7|5:8|5:9|6:2|6:8|6:9|7:2|7:5|7:8|8:2|8:3|8:4|8:5|8:6|8:7|8:8,2630
1091,2819,0.28012008005336897,3.0,3.0,0.0,3.0,36,victory,1,0,,0,28,28,0:0|1:0|2:0|2:7|3:0|3:7|3:8|3:9|4:0|4:8|4:9|5:0|5:1|5:8|5:9|6:0|6:1|6:8|7:1|7:2|7:3|7:8|8:3|8:4|8:5|8:6|8:7|8:8,2630
1092,2820,0.2794596397598399,3.0,3.0,0.0,3.0,36,victory,1,0,,0,28,28,0:0|1:0|2:0|2:7|3:0|3:7|3:8|4:0|4:7|5:0|5:7|5:8|6:0|6:1|6:8|7:1|7:2|7:4|7:8|7:9|8:2|8:3|8:4|8:5|8:6|8:7|8:8|8:9,2630
1093,2821,0.27879919946631093,2.0,2.0,0.0,2.0,88,death,0,1,monster,0,49,37,0:0|1:0|2:0|3:0|3:6|3:7|3:8|4:0|4:6|4:8|5:0|5:6|5:7|5:8|6:0|6:1|6:4|6:8|7:1|7:2|7:3|7:4|7:5|7:6|7:7|7:8|8:2|8:3|8:4|8:5|8:6|8:7|8:8|9:2|9:4|9:5|9:6,2631
1094,2822,0.27813875917278186,3.0,3.0,0.0,3.0,50,victory,1,0,,0,35,31,0:0|0:1|1:0|2:0|2:7|3:0|3:7|4:0|4:7|4:8|5:0|5:8|6:0|6:1|6:8|7:1|7:2|7:8|8:1|8:2|8:3|8:4|8:5|8:6|8:7|8:8|9:3|9:4|9:7|9:8|9:9,2631
1095,2823,0.2774783188792528,3.0,3.0,0.0,3.0,29,victory,1,0,,0,25,24,0:0|1:0|2:0|2:7|3:0|3:7|4:0|4:7|4:8|5:0|5:8|6:0|6:1|6:2|6:8|7:2|7:8|8:2|8:3|8:4|8:5|8:6|8:7|8:8,2631
1096,2824,0.2768178785857238,3.0,3.0,0.0,3.0,39,victory,1,0,,0,35,33,0:0|1:0|2:0|2:7|3:0|3:4|3:5|3:6|3:7|4:0|4:6|4:7|4:8|5:0|5:6|5:7|5:8|6:0|6:1|6:7|6:8|7:1|7:2|7:8|7:9|8:2|8:3|8:4|8:5|8:6|8:7|8:8|9:4,2631
1097,2825,0.27615743829219475,3.0,3.0,0.0,3.0,28,victory,1,0,,0,26,25,0:0|1:0|2:0|2:1|2:2|2:7|3:2|3:7|4:2|4:7|4:8|5:2|5:8|6:2|6:8|7:2|7:8|8:2|8:3|8:4|8:5|8:6|8:7|8:8|9:8,2631
1098,2826,0.2754969979986658,3.0,3.0,0.0,3.0,38,victory,1,0,,0,28,28,0:0|1:0|2:0|2:7|3:0|3:7|4:0|4:7|4:8|5:0|5:7|5:8|6:0|6:1|6:8|7:0|7:1|7:2|7:8|8:2|8:3|8:5|8:6|8:7|8:8|9:3|9:4|9:5,2631
1099,2827,0.2748365577051367,3.0,3.0,0.0,3.0,30,victory,1,0,,0,28,27,0:0|1:0|2:0|2:7|3:0|3:6|3:7|4:0|4:6|4:7|4:8|5:0|5:8|6:0|6:1|6:8|7:1|7:2|7:8|8:2|8:3|8:4|8:5|8:6|8:7|8:8|9:6,2631
1100,2828,0.27417611741160774,3.0,3.0,0.0,3.0,31,victory,1,0,,0,29,28,0:0|1:0|2:0|2:1|2:7|3:1|3:7|3:8|4:1|4:8|5:1|5:8|6:1|6:8|7:1|7:2|7:8|7:9|8:2|8:3|8:4|8:5|8:6|8:7|8:8|8:9|9:7|9:8,2631
1101,2829,0.2735156771180788,3.0,3.0,0.0,3.0,36,victory,1,0,,0,28,28,0:0|1:0|1:1|2:1|2:7|3:1|3:7|4:1|4:7|4:8|4:9|5:1|5:8|5:9|6:1|6:8|7:1|7:2|7:3|7:8|8:2|8:3|8:4|8:5|8:6|8:7|8:8|9:6,2631
1102,2830,0.2728552368245497,3.0,3.0,0.0,3.0,29,victory,1,0,,0,27,25,0:0|1:0|2:0|2:7|3:0|3:7|3:8|4:0|4:8|5:0|5:8|6:0|6:1|6:8|7:1|7:2|7:8|8:2|8:3|8:4|8:5|8:6|8:7|8:8|9:6,2631
1103,2831,0.27219479653102074,3.0,3.0,0.0,3.0,40,victory,1,0,,0,34,30,0:0|1:0|2:0|2:7|3:0|3:7|4:0|4:7|5:0|5:7|6:0|6:1|6:6|6:7|7:0|7:1|7:2|7:6|7:7|7:8|8:2|8:3|8:4|8:5|8:6|8:7|8:8|8:9|9:8|9:9,2631
1104,2832,0.27153435623749167,3.0,3.0,0.0,3.0,30,victory,1,0,,0,25,24,0:0|1:0|2:0|2:7|3:0|3:7|4:0|4:7|4:8|5:0|5:8|6:0|6:1|6:8|7:1|7:2|7:8|8:2|8:3|8:4|8:5|8:6|8:7|8:8,2631
1105,2833,0.2708739159439626,2.0,2.0,0.0,2.0,38,death,0,1,monster,0,28,27,0:0|1:0|2:0|3:0|3:1|4:0|4:1|4:8|4:9|5:1|5:8|6:1|6:8|7:1|7:2|7:6|7:7|7:8|7:9|8:2|8:3|8:4|8:5|8:6|8:7|8:8|9:8,2631
1106,2834,0.27021347565043363,1.0,1.0,0.0,1.0,25,death,0,1,monster,0,22,21,0:0|1:0|2:0|2:1|3:1|4:1|5:1|6:1|6:2|7:1|7:2|7:3|7:6|7:7|8:2|8:3|8:4|8:5|8:6|8:7|9:4,2631
1107,2835,0.26955303535690456,3.0,3.0,0.0,3.0,37,victory,1,0,,0,27,27,0:0|0:1|1:0|2:0|2:7|3:0|3:7|4:0|4:7|4:8|5:0|5:8|6:0|6:1|6:8|7:1|7:2|7:6|7:7|7:8|8:2|8:3|8:4|8:5|8:6|8:7|8:8,2631
1108,2836,0.2688925950633756,1.0,1.0,0.0,1.0,16,death,0,1,monster,0,15,15,0:0|1:0|2:0|3:0|4:0|5:0|5:1|6:1|7:1|7:2|8:2|8:3|8:4|9:3|9:4,2631
1109,2837,0.2682321547698465,3.0,3.0,0.0,3.0,35,victory,1,0,,0,24,24,0:0|1:0|2:0|2:7|3:0|3:7|4:0|4:7|4:8|5:0|5:8|6:0|6:1|6:8|7:1|7:2|7:8|8:2|8:3|8:4|8:5|8:6|8:7|8:8,2631
1110,2838,0.26757171447631756,3.0,3.0,0.0,3.0,29,victory,1,0,,0,27,27,0:0|1:0|2:0|2:1|2:7|2:8|3:1|3:8|4:1|4:8|5:1|5:2|5:8|6:1|6:2|6:3|6:8|7:2|7:8|8:2|8:3|8:4|8:5|8:6|8:7|8:8|9:5,2631
1111,2839,0.2669112741827886,3.0,3.0,0.0,3.0,23,victory,1,0,,0,24,24,0:0|1:0|2:0|2:7|3:0|3:7|4:0|4:7|5:0|5:7|5:8|6:0|6:1|6:8|7:1|7:2|7:8|8:2|8:3|8:4|8:5|8:6|8:7|8:8,2631
1112,2840,0.2662508338892595,3.0,3.0,0.0,3.0,68,victory,1,0,,0,38,31,0:0|1:0|1:1|2:1|2:7|3:1|3:7|4:1|4:7|4:8|5:1|5:8|6:0|6:1|6:8|6:9|7:1|7:2|7:3|7:8|7:9|8:3|8:4|8:5|8:6|8:7|8:8|9:5|9:6|9:7|9:8,2631
1113,2841,0.26559039359573056,3.0,3.0,0.0,3.0,39,victory,1,0,,0,30,28,0:0|1:0|2:0|2:1|2:7|3:1|3:7|4:1|4:7|5:1|5:7|5:8|6:0|6:1|6:2|6:8|7:1|7:2|7:8|8:1|8:2|8:3|8:4|8:5|8:6|8:7|8:8|9:8,2631
1114,2842,0.2649299533022015,3.0,3.0,0.0,3.0,45,victory,1,0,,0,35,29,0:0|1:0|2:0|2:1|2:7|3:1|3:7|4:1|4:7|4:8|5:0|5:1|5:8|6:0|6:1|6:2|6:8|7:0|7:1|7:2|7:8|8:2|8:3|8:4|8:5|8:6|8:7|8:8|9:4,2631
1115,2843,0.2642695130086724,3.0,3.0,0.0,3.0,31,victory,1,0,,0,27,27,0:0|1:0|2:0|2:1|2:7|3:1|3:7|4:1|4:7|4:8|5:1|5:8|6:1|6:8|7:1|7:2|7:7|7:8|8:1|8:2|8:3|8:4|8:5|8:6|8:7|8:8|9:6,2631
1116,2844,0.26360907271514344,3.0,3.0,0.0,3.0,29,victory,1,0,,0,26,26,0:0|1:0|2:0|2:1|2:7|3:1|3:7|4:1|4:7|4:8|5:1|5:8|5:9|6:1|6:2|6:8|7:2|7:7|7:8|8:2|8:3|8:4|8:5|8:6|8:7|8:8,2631
1117,2845,0.26294863242161437,3.0,3.0,0.0,3.0,25,victory,1,0,,0,25,25,0:0|1:0|2:0|2:7|3:0|3:7|4:0|4:7|4:8|5:0|5:8|6:0|6:1|6:2|6:8|7:2|7:7|7:8|8:2|8:3|8:4|8:5|8:6|8:7|8:8,2631
1118,2846,0.2622881921280854,1.0,1.0,0.0,1.0,21,death,0,1,monster,0,22,20,0:0|1:0|2:0|3:0|3:1|4:1|4:2|5:2|6:2|6:7|6:8|6:9|7:2|7:6|7:7|8:2|8:3|8:4|8:5|8:6,2632
1119,2847,0.26162775183455633,3.0,3.0,0.0,3.0,28,victory,1,0,,0,26,26,0:0|1:0|2:0|2:7|3:0|3:7|4:0|4:7|4:8|5:0|5:8|6:0|6:1|6:2|6:8|7:2|7:8|8:2|8:3|8:4|8:5|8:6|8:7|8:8|9:3|9:4,2632
1120,2848,0.26096731154102726,2.0,2.0,0.0,2.0,31,death,0,1,monster,0,24,24,0:0|1:0|2:0|3:0|4:0|4:8|5:0|5:2|5:8|6:0|6:1|6:2|6:8|7:2|7:8|8:2|8:3|8:4|8:5|8:6|8:7|8:8|9:4|9:8,2632
1121,2849,0.2603068712474984,3.0,3.0,0.0,3.0,34,victory,1,0,,0,26,26,0:0|1:0|2:0|2:7|3:0|3:7|4:0|4:6|4:7|4:8|5:0|5:8|6:0|6:1|6:2|6:8|7:2|7:8|8:2|8:3|8:4|8:5|8:6|8:7|8:8|9:6,2632
1122,2850,0.25964643095396933,3.0,3.0,0.0,3.0,42,victory,1,0,,0,30,27,0:0|1:0|2:0|2:7|3:0|3:7|4:0|4:7|4:8|5:0|5:1|5:2|5:8|6:0|6:1|6:2|6:8|7:2|7:8|8:2|8:3|8:4|8:5|8:6|8:7|8:8|9:6,2632
1123,2851,0.25898599066044037,3.0,3.0,0.0,3.0,35,victory,1,0,,0,29,29,0:0|1:0|2:0|2:1|2:7|3:1|3:7|4:1|4:7|4:8|4:9|5:1|5:8|6:0|6:1|6:2|6:8|6:9|7:2|7:8|8:2|8:4|8:5|8:6|8:7|8:8|9:2|9:3|9:4,2632
1124,2852,0.2583255503669113,3.0,3.0,0.0,3.0,34,victory,1,0,,0,31,31,0:0|1:0|2:0|2:7|3:0|3:7|4:0|4:7|4:8|4:9|5:0|5:8|6:0|6:8|7:0|7:1|7:2|7:4|7:5|7:7|7:8|8:0|8:2|8:3|8:4|8:5|8:6|8:7|8:8|9:3|9:4,2632
1125,2853,0.2576651100733822,2.0,2.0,0.0,2.0,37,death,0,1,monster,0,26,22,0:0|1:0|2:0|3:0|4:0|5:0|6:0|6:1|6:2|6:3|7:2|8:2|8:3|8:4|8:5|8:6|8:7|8:8|9:3|9:4|9:6|9:8,2633
1126,2854,0.25700466977985326,3.0,3.0,0.0,3.0,47,victory,1,0,,0,32,32,0:0|1:0|2:0|2:1|2:7|3:1|3:6|3:7|3:8|4:1|4:7|4:8|5:1|5:8|5:9|6:1|6:2|6:3|6:8|7:2|7:8|8:1|8:2|8:3|8:4|8:5|8:6|8:7|8:8|9:4|9:5|9:6,2633
1127,2855,0.2563442294863242,3.0,3.0,0.0,3.0,31,victory,1,0,,0,28,27,0:0|1:0|2:0|2:7|3:0|3:7|4:0|4:6|4:7|4:8|5:0|5:2|5:6|5:8|6:0|6:1|6:2|6:8|7:2|7:8|8:2|8:3|8:4|8:5|8:6|8:7|8:8,2633
1128,2856,0.2556837891927952,3.0,3.0,0.0,3.0,46,victory,1,0,,0,35,28,0:0|1:0|2:0|2:7|3:0|3:7|4:0|4:7|4:8|5:0|5:8|6:0|6:1|6:2|6:8|7:2|7:7|7:8|8:2|8:4|8:5|8:6|8:7|8:8|9:2|9:3|9:4|9:8,2633
1129,2857,0.25502334889926614,2.0,2.0,0.0,2.0,35,death,0,1,monster,0,29,25,0:0|0:1|1:0|2:0|3:0|4:0|4:1|5:0|5:1|6:1|6:2|6:8|7:2|7:7|7:8|8:2|8:3|8:4|8:5|8:6|8:7|8:8|8:9|9:7|9:8,2633
1130,2858,0.25436290860573707,3.0,3.0,0.0,3.0,25,victory,1,0,,0,24,24,0:0|1:0|2:0|2:7|3:0|3:7|4:0|4:7|4:8|5:0|5:8|6:0|6:1|6:2|6:8|7:2|7:8|8:2|8:3|8:4|8:5|8:6|8:7|8:8,2633
1131,2859,0.2537024683122082,3.0,3.0,0.0,3.0,47,victory,1,0,,0,38,32,0:0|1:0|2:0|2:7|3:0|3:6|3:7|4:0|4:6|5:0|5:6|6:0|6:1|6:2|6:4|6:5|6:6|6:7|7:0|7:1|7:2|7:4|7:5|7:8|8:1|8:2|8:3|8:4|8:5|8:6|8:7|8:8,2633
1132,2860,0.25304202801867914,3.0,3.0,0.0,3.0,31,victory,1,0,,0,27,26,0:0|1:0|2:0|2:7|3:0|3:7|3:8|4:0|4:1|4:7|4:8|5:1|5:8|6:1|6:2|6:8|7:2|7:8|7:9|8:2|8:3|8:4|8:5|8:6|8:7|8:8,2633
1133,2861,0.2523815877251502,3.0,3.0,0.0,3.0,37,victory,1,0,,0,33,30,0:0|1:0|2:0|2:6|2:7|3:0|3:6|3:7|4:0|4:5|4:6|4:7|5:0|5:6|5:7|5:8|6:0|6:1|6:2|6:3|6:8|7:2|7:8|8:2|8:3|8:4|8:5|8:6|8:7|8:8,2633
1134,2862,0.2517211474316211,3.0,3.0,0.0,3.0,69,victory,1,0,,0,45,31,0:0|1:0|2:0|2:7|3:0|3:7|4:0|4:7|4:8|4:9|5:0|5:8|5:9|6:0|6:1|6:2|6:8|7:2|7:3|7:4|7:5|7:6|7:7|7:8|8:2|8:3|8:4|8:5|8:6|8:7|8:8,2633
1135,2863,0.25106070713809203,3.0,3.0,0.0,3.0,29,victory,1,0,,0,26,26,0:0|1:0|2:0|2:7|3:0|3:7|4:0|4:1|4:7|4:8|5:0|5:2|5:8|6:0|6:1|6:2|6:8|7:2|7:8|8:2|8:3|8:4|8:5|8:6|8:7|8:8,2633
1136,2864,0.25040026684456307,2.0,2.0,0.0,2.0,26,death,0,1,monster,0,24,22,0:0|1:0|2:0|3:0|4:0|4:8|5:0|5:8|5:9|6:0|6:1|6:2|6:8|7:2|7:8|8:2|8:3|8:4|8:5|8:6|8:7|8:8,2633
1137,2865,0.249739826551034,3.0,3.0,0.0,3.0,25,victory,1,0,,0,26,26,0:0|1:0|2:0|2:7|3:0|3:7|4:0|4:7|5:0|5:7|6:0|6:1|6:2|6:7|6:8|7:2|7:8|8:2|8:3|8:4|8:5|8:6|8:7|8:8|9:7|9:8,2633
1138,2866,0.24907938625750503,3.0,3.0,0.0,3.0,39,victory,1,0,,0,32,26,0:0|1:0|2:0|2:7|3:0|3:1|3:2|3:7|4:2|4:6|4:7|5:2|5:7|6:2|6:3|6:7|6:8|7:2|7:8|8:2|8:3|8:4|8:5|8:6|8:7|8:8,2633
1139,2867,0.24841894596397596,2.0,2.0,0.0,2.0,31,death,0,1,monster,0,22,22,0:0|1:0|2:0|3:0|4:0|5:0|5:1|6:0|6:1|6:2|7:2|7:3|8:2|8:3|8:4|8:5|8:6|8:7|8:8|8:9|9:6|9:7,2633
1140,2868,0.24775850567044688,3.0,3.0,0.0,3.0,29,victory,1,0,,0,25,25,0:0|1:0|2:0|2:7|3:0|3:7|4:0|4:7|4:8|5:0|5:8|6:0|6:1|6:2|6:8|7:2|7:3|7:8|8:3|8:4|8:5|8:6|8:7|8:8|9:5,2633
1141,2869,0.24709806537691803,3.0,3.0,0.0,3.0,35,victory,1,0,,0,27,27,0:0|1:0|2:0|2:7|3:0|3:7|4:0|4:7|4:8|5:0|5:8|6:0|6:1|6:2|6:8|7:1|7:2|7:3|7:8|8:2|8:3|8:4|8:5|8:6|8:7|8:8|9:8,2633
1142,2870,0.24643762508338896,3.0,3.0,0.0,3.0,32,victory,1,0,,0,31,27,0:0|1:0|2:0|2:7|3:0|3:7|4:0|4:7|4:8|5:0|5:8|6:0|6:1|6:2|6:8|7:2|7:8|8:2|8:5|8:6|8:7|8:8|9:2|9:3|9:4|9:5|9:6,2633
1143,2871,0.24577718478986,3.0,3.0,0.0,3.0,30,victory,1,0,,0,28,28,0:0|1:0|2:0|2:7|3:0|3:7|4:0|4:7|5:0|5:7|6:0|6:1|6:2|6:7|6:8|7:2|7:5|7:8|8:1|8:2|8:3|8:4|8:5|8:6|8:7|8:8|9:7|9:8,2633
1144,2872,0.24511674449633092,3.0,3.0,0.0,3.0,64,victory,1,0,,0,46,35,0:0|1:0|2:0|2:7|3:0|3:7|4:0|4:7|4:8|4:9|5:0|5:7|5:8|5:9|6:0|6:1|6:2|6:7|6:9|7:2|7:5|7:6|7:7|7:8|7:9|8:2|8:4|8:5|8:6|8:7|8:8|8:9|9:2|9:3|9:4,2633
1145,2873,0.24445630420280184,3.0,3.0,0.0,3.0,57,victory,1,0,,0,45,37,0:0|0:1|1:0|2:0|2:7|3:0|3:5|3:6|3:7|3:8|4:0|4:1|4:4|4:5|4:6|4:7|5:1|5:2|5:7|5:8|5:9|6:2|6:7|6:8|6:9|7:2|7:7|7:8|7:9|8:2|8:3|8:4|8:5|8:6|8:7|8:8|9:8,2633
1146,2874,0.24379586390927288,1.0,1.0,0.0,1.0,22,death,0,1,monster,0,20,18,0:0|1:0|2:0|3:0|4:0|5:0|6:0|6:1|6:2|7:2|7:3|7:4|7:5|8:2|8:3|8:4|8:5|8:6,2633
1147,2875,0.2431354236157438,3.0,3.0,0.0,3.0,49,victory,1,0,,0,39,29,0:0|1:0|2:0|2:1|2:7|3:1|3:7|4:1|4:7|5:1|5:7|5:8|6:1|6:2|6:8|7:2|7:3|7:4|7:8|8:2|8:3|8:4|8:5|8:6|8:7|8:8|9:3|9:4|9:5,2633
1148,2876,0.24247498332221484,3.0,3.0,0.0,3.0,43,victory,1,0,,0,36,35,0:0|1:0|2:0|2:7|3:0|3:1|3:6|3:7|4:0|4:1|4:6|4:7|4:8|5:1|5:2|5:6|5:8|6:1|6:2|6:8|6:9|7:2|7:4|7:5|7:7|7:8|8:2|8:3|8:4|8:5|8:6|8:7|8:8|9:3|9:4,2633
1149,2877,0.24181454302868577,1.0,1.0,0.0,1.0,20,death,0,1,monster,0,16,16,0:0|1:0|2:0|3:0|4:0|4:1|5:0|5:1|6:1|6:2|6:3|7:2|7:3|8:2|8:3|8:4,2633
1150,2878,0.2411541027351567,3.0,3.0,0.0,3.0,39,victory,1,0,,0,28,27,0:0|1:0|2:0|2:7|3:0|3:7|4:0|4:7|4:8|4:9|5:0|5:8|6:0|6:1|6:2|6:8|6:9|7:2|7:7|7:8|8:2|8:3|8:4|8:5|8:6|8:7|8:8,2633
1151,2879,0.24049366244162773,2.0,2.0,0.0,2.0,31,death,0,1,monster,0,30,26,0:0|1:0|2:0|3:0|3:6|3:7|3:8|4:0|4:6|4:7|4:8|5:0|5:8|6:0|6:1|6:2|6:8|7:2|7:8|8:2|8:3|8:4|8:5|8:6|8:7|8:8,2633
1152,2880,0.23983322214809877,3.0,3.0,0.0,3.0,57,victory,1,0,,0,37,32,0:0|1:0|2:0|2:1|2:7|3:1|3:7|4:1|4:7|4:8|5:1|5:2|5:8|6:1|6:2|6:3|6:8|7:2|7:8|7:9|8:2|8:4|8:5|8:6|8:7|8:8|8:9|9:2|9:3|9:4|9:5|9:7,2633
1153,2881,0.2391727818545698,3.0,3.0,0.0,3.0,27,victory,1,0,,0,26,26,0:0|1:0|2:0|2:7|3:0|3:7|4:0|4:7|4:8|5:0|5:8|6:0|6:1|6:8|7:1|7:2|7:4|7:8|8:2|8:3|8:4|8:5|8:6|8:7|8:8|9:5,2633
1154,2882,0.23851234156104073,3.0,3.0,0.0,3.0,28,victory,1,0,,0,27,27,0:0|1:0|2:0|2:7|3:0|3:1|3:7|4:1|4:2|4:7|5:1|5:2|5:7|6:2|6:7|6:8|7:2|7:8|8:2|8:4|8:5|8:6|8:7|8:8|9:2|9:3|9:4,2633
1155,2883,0.23785190126751166,3.0,3.0,0.0,3.0,45,victory,1,0,,0,38,34,0:0|1:0|2:0|2:7|3:0|3:6|3:7|3:8|3:9|4:0|4:6|4:7|4:8|4:9|5:0|5:6|5:7|5:8|5:9|6:0|6:1|6:2|6:8|6:9|7:2|7:8|8:1|8:2|8:3|8:4|8:5|8:6|8:7|8:8,2633
1156,2884,0.2371914609739827,3.0,3.0,0.0,3.0,31,victory,1,0,,0,27,27,0:0|1:0|2:0|2:7|3:0|3:7|3:8|4:0|4:7|4:8|5:0|5:7|5:8|6:0|6:1|6:2|6:8|7:2|7:8|7:9|8:2|8:3|8:4|8:5|8:6|8:7|8:8,2633
1157,2885,0.23653102068045362,1.0,1.0,0.0,1.0,54,death,0,1,monster,0,35,25,0:0|1:0|2:0|3:0|4:0|5:0|6:0|6:1|6:2|6:5|6:6|7:2|7:5|7:6|7:7|8:2|8:3|8:4|8:5|8:6|9:2|9:3|9:4|9:5|9:6,2633
1158,2886,0.23587058038692466,3.0,3.0,0.0,3.0,23,victory,1,0,,0,24,24,0:0|1:0|2:0|2:7|3:0|3:7|4:0|4:7|4:8|5:0|5:8|6:0|6:1|6:2|6:8|7:2|7:8|8:2|8:3|8:4|8:5|8:6|8:7|8:8,2633
1159,2887,0.23521014009339558,3.0,3.0,0.0,3.0,23,victory,1,0,,0,24,24,0:0|1:0|2:0|2:7|3:0|3:7|4:0|4:7|4:8|5:0|5:8|6:0|6:1|6:2|6:8|7:2|7:8|8:2|8:3|8:4|8:5|8:6|8:7|8:8,2633
1160,2888,0.2345496997998665,3.0,3.0,0.0,3.0,38,victory,1,0,,0,37,34,0:0|1:0|2:0|2:7|3:0|3:7|4:0|4:1|4:2|4:7|4:8|5:0|5:1|5:2|5:3|5:8|6:0|6:1|6:2|6:3|6:8|7:0|7:1|7:2|7:3|7:8|8:3|8:4|8:5|8:6|8:7|8:8|9:3|9:4,2634
1161,2889,0.23388925950633754,3.0,3.0,0.0,3.0,29,victory,1,0,,0,28,27,0:0|1:0|2:0|2:7|3:0|3:7|4:0|4:7|4:8|5:0|5:2|5:8|6:0|6:1|6:2|6:8|7:2|7:4|7:5|7:8|8:2|8:3|8:4|8:5|8:6|8:7|8:8,2634
1162,2890,0.23322881921280858,3.0,3.0,0.0,3.0,31,victory,1,0,,0,28,27,0:0|1:0|2:0|2:7|3:0|3:7|4:0|4:6|4:7|5:0|5:1|5:7|5:8|6:0|6:1|6:2|6:8|7:2|7:8|8:2|8:3|8:4|8:5|8:6|8:7|8:8|9:6,2634
1163,2891,0.23256837891927962,3.0,3.0,0.0,3.0,35,victory,1,0,,0,27,26,0:0|1:0|2:0|2:7|3:0|3:7|4:0|4:7|4:8|5:0|5:1|5:7|5:8|6:1|6:2|6:8|7:1|7:2|7:8|8:2|8:3|8:4|8:5|8:6|8:7|8:8,2634
1164,2892,0.23190793862575054,3.0,3.0,0.0,3.0,31,victory,1,0,,0,27,27,0:0|1:0|1:1|2:1|2:7|3:1|3:2|3:7|4:2|4:7|4:8|5:2|5:7|5:8|6:2|6:6|6:7|6:8|7:2|7:8|8:2|8:3|8:4|8:5|8:6|8:7|8:8,2634
1165,2893,0.23124749833222147,2.0,2.0,0.0,2.0,39,death,0,1,monster,0,31,25,0:0|1:0|2:0|3:0|4:0|4:7|5:0|5:7|6:0|6:7|6:8|7:0|7:1|7:2|7:3|7:8|8:3|8:4|8:5|8:6|8:7|8:8|9:4|9:7|9:8,2634
1166,2894,0.2305870580386925,3.0,3.0,0.0,3.0,34,victory,1,0,,0,28,28,0:0|1:0|2:0|2:7|3:0|3:7|3:8|4:0|4:7|4:8|4:9|5:0|5:8|6:0|6:1|6:2|6:8|7:2|7:6|7:7|7:8|8:2|8:3|8:4|8:5|8:6|8:7|8:8,2634
1167,2895,0.22992661774516343,3.0,3.0,0.0,3.0,50,victory,1,0,,0,33,32,0:0|0:1|1:0|1:1|1:2|2:0|2:5|2:6|2:7|3:0|3:5|4:0|4:5|4:6|4:7|4:8|5:0|5:8|6:0|6:1|6:2|6:8|7:2|7:7|7:8|8:2|8:3|8:4|8:5|8:6|8:7|8:8,2634
1168,2896,0.22926617745163447,3.0,3.0,0.0,3.0,44,victory,1,0,,0,39,34,0:0|1:0|2:0|2:7|3:0|3:5|3:6|3:7|4:0|4:5|4:7|5:0|5:5|5:6|5:7|6:0|6:1|6:2|6:6|6:7|7:2|7:3|7:4|7:6|7:7|7:8|8:2|8:3|8:4|8:5|8:6|8:8|9:4|9:5,2636
1169,2897,0.2286057371581054,3.0,3.0,0.0,3.0,43,victory,1,0,,0,34,26,0:0|1:0|1:1|2:1|2:7|3:1|3:7|4:1|4:7|4:8|5:1|5:8|6:1|6:2|6:8|7:2|7:3|7:4|7:5|7:7|7:8|8:5|8:6|8:7|8:8|9:8,2636
1170,2898,0.22794529686457632,3.0,3.0,0.0,3.0,27,victory,1,0,,0,25,25,0:0|0:1|1:0|1:1|2:1|2:7|3:1|3:7|4:1|4:7|5:1|5:7|6:1|6:2|6:7|6:8|7:2|7:8|8:2|8:3|8:4|8:5|8:6|8:7|8:8,2636
1171,2899,0.22728485657104736,3.0,3.0,0.0,3.0,27,victory,1,0,,0,26,26,0:0|1:0|2:0|2:7|3:0|3:7|4:0|4:7|4:8|5:0|5:8|6:0|6:1|6:2|6:8|7:2|7:8|8:2|8:3|8:4|8:5|8:6|8:7|8:8|9:7|9:8,2636
1172,2900,0.22662441627751828,3.0,3.0,0.0,3.0,30,victory,1,0,,0,27,26,0:0|1:0|2:0|2:7|3:0|3:7|3:8|4:0|4:8|5:0|5:8|6:0|6:1|6:2|6:8|7:2|7:3|7:5|7:8|8:3|8:4|8:5|8:6|8:7|8:8|9:6,2636
1173,2901,0.22596397598398943,3.0,3.0,0.0,3.0,32,victory,1,0,,0,27,26,0:0|1:0|2:0|2:7|3:0|3:7|4:0|4:7|5:0|5:7|5:8|6:0|6:1|6:2|6:8|7:2|7:8|8:2|8:3|8:4|8:5|8:6|8:7|8:8|9:7|9:8,2636
1174,2902,0.22530353569046035,2.0,2.0,0.0,2.0,29,death,0,1,monster,0,29,29,0:0|1:0|2:0|3:0|3:4|3:5|3:6|3:7|4:0|4:4|4:5|4:6|4:7|4:8|5:0|5:8|6:0|6:1|6:2|6:8|7:2|7:8|8:2|8:3|8:4|8:5|8:6|8:7|8:8,2636
1175,2903,0.22464309539693128,2.0,2.0,0.0,2.0,45,death,0,1,monster,0,34,30,0:0|1:0|2:0|2:8|3:0|3:7|3:8|4:0|4:7|5:0|5:7|5:8|6:0|6:1|6:2|6:7|6:8|6:9|7:2|7:7|7:8|7:9|8:2|8:3|8:4|8:5|8:6|8:7|8:8|8:9,2636
1176,2904,0.22398265510340232,3.0,3.0,0.0,3.0,37,victory,1,0,,0,32,31,0:0|1:0|1:1|2:1|2:7|3:1|3:6|3:7|4:1|4:6|4:7|4:8|4:9|5:0|5:1|5:8|5:9|6:0|6:1|6:2|6:8|6:9|7:2|7:8|8:2|8:3|8:4|8:5|8:6|8:7|8:8,2636
1177,2905,0.22332221480987324,3.0,3.0,0.0,3.0,35,victory,1,0,,0,29,29,0:0|1:0|2:0|2:7|3:0|3:7|4:0|4:7|5:0|5:2|5:7|6:0|6:1|6:2|6:7|6:8|7:2|7:7|7:8|8:2|8:3|8:4|8:5|8:6|8:7|8:8|9:2|9:3|9:4,2636
1178,2906,0.22266177451634428,3.0,3.0,0.0,3.0,25,victory,1,0,,0,25,24,0:0|1:0|2:0|2:7|3:0|3:7|3:8|4:0|4:8|5:0|5:8|6:0|6:1|6:2|6:8|7:2|7:8|8:2|8:3|8:4|8:5|8:6|8:7|8:8,2636
1179,2907,0.2220013342228152,3.0,3.0,0.0,3.0,29,victory,1,0,,0,25,25,0:0|1:0|2:0|2:7|3:0|3:7|4:0|4:7|4:8|5:0|5:8|6:0|6:1|6:2|6:8|7:2|7:8|7:9|8:2|8:3|8:4|8:5|8:6|8:7|8:8,2636
1180,2908,0.22134089392928613,3.0,3.0,0.0,3.0,27,victory,1,0,,0,26,26,0:0|1:0|2:0|2:7|3:0|3:7|4:0|4:7|4:8|5:0|5:8|6:0|6:1|6:2|6:8|7:2|7:8|7:9|8:2|8:3|8:4|8:5|8:6|8:7|8:8|8:9,2636
1181,2909,0.22068045363575717,3.0,3.0,0.0,3.0,56,victory,1,0,,0,43,36,0:0|1:0|2:0|2:7|3:0|3:6|3:7|3:8|4:0|4:6|4:7|5:0|5:7|6:0|6:1|6:2|6:7|6:8|7:2|7:4|7:5|7:7|7:8|8:2|8:3|8:4|8:5|8:6|8:7|8:8|8:9|9:5|9:6|9:7|9:8|9:9,2636
1182,2910,0.2200200133422281,2.0,2.0,0.0,2.0,34,death,0,1,monster,0,27,25,0:0|1:0|2:0|3:0|3:7|3:8|4:0|4:8|4:9|5:0|5:1|5:2|5:8|6:1|6:2|6:8|7:2|7:8|8:2|8:3|8:4|8:5|8:6|8:7|8:8,2636
1183,2911,0.21935957304869924,3.0,3.0,0.0,3.0,35,victory,1,0,,0,29,27,0:0|1:0|2:0|2:7|3:0|3:7|4:0|4:2|4:7|4:8|5:0|5:2|5:8|6:0|6:1|6:2|6:8|7:2|7:6|7:8|8:2|8:3|8:4|8:5|8:6|8:7|8:8,2636
1184,2912,0.21869913275517017,3.0,3.0,0.0,3.0,31,victory,1,0,,0,28,28,0:0|1:0|2:0|2:7|3:0|3:1|3:7|4:1|4:7|4:8|5:1|5:8|6:1|6:2|6:8|6:9|7:2|7:7|7:8|8:2|8:3|8:4|8:5|8:6|8:7|8:8|9:7|9:8,2636
1185,2913,0.2180386924616411,3.0,3.0,0.0,3.0,31,victory,1,0,,0,26,26,0:0|1:0|2:0|2:7|3:0|3:7|4:0|4:7|4:8|5:0|5:8|6:0|6:1|6:2|6:8|7:2|7:7|7:8|8:2|8:3|8:4|8:5|8:6|8:7|8:8|8:9,2636
1186,2914,0.21737825216811213,3.0,3.0,0.0,3.0,31,victory,1,0,,0,27,27,0:0|1:0|2:0|2:7|3:0|3:7|4:0|4:6|4:7|4:8|5:0|5:8|6:0|6:8|7:0|7:1|7:2|7:8|8:0|8:1|8:2|8:3|8:4|8:5|8:6|8:7|8:8,2636
1187,2915,0.21671781187458306,3.0,3.0,0.0,3.0,32,victory,1,0,,0,25,25,0:0|1:0|2:0|2:7|3:0|3:7|4:0|4:7|4:8|5:0|5:8|6:0|6:1|6:2|6:8|7:2|7:3|7:8|8:2|8:3|8:4|8:5|8:6|8:7|8:8,2636
1188,2916,0.2160573715810541,3.0,3.0,0.0,3.0,39,victory,1,0,,0,30,30,0:0|1:0|1:1|1:2|2:0|2:1|2:7|3:0|3:7|4:0|4:7|4:8|5:0|5:8|6:0|6:1|6:2|6:8|7:2|7:7|7:8|7:9|8:2|8:3|8:4|8:5|8:6|8:7|8:8|8:9,2636
1189,2917,0.21539693128752502,3.0,3.0,0.0,3.0,36,victory,1,0,,0,29,28,0:0|1:0|2:0|2:1|2:7|3:1|3:7|4:1|4:7|4:8|5:1|5:8|6:1|6:2|6:8|7:2|7:7|7:8|8:2|8:3|8:5|8:6|8:7|8:8|9:2|9:3|9:4|9:5,2636
1190,2918,0.21473649099399594,3.0,3.0,0.0,3.0,47,victory,1,0,,0,35,33,0:0|1:0|2:0|2:7|3:0|3:7|3:8|4:0|4:7|4:8|5:0|5:2|5:8|6:0|6:1|6:2|6:8|6:9|7:1|7:2|7:9|8:2|8:3|8:4|8:5|8:6|8:7|8:8|8:9|9:3|9:4|9:8|9:9,2636
1191,2919,0.21407605070046698,3.0,3.0,0.0,3.0,67,victory,1,0,,0,48,34,0:0|1:0|2:0|2:7|3:0|3:7|3:8|4:0|4:7|4:8|5:0|5:7|5:8|6:0|6:1|6:8|6:9|7:1|7:2|7:8|7:9|8:1|8:2|8:4|8:5|8:6|8:7|8:8|9:1|9:2|9:3|9:4|9:7|9:8,2636
1192,2920,0.2134156104069379,3.0,3.0,0.0,3.0,25,victory,1,0,,0,24,24,0:0|1:0|2:0|2:1|2:7|3:1|3:7|4:1|4:7|4:8|5:1|5:8|6:1|6:2|6:8|7:2|7:8|8:2|8:3|8:4|8:5|8:6|8:7|8:8,2636
1193,2921,0.21275517011340905,3.0,3.0,0.0,3.0,44,victory,1,0,,0,35,28,0:0|1:0|2:0|2:7|3:0|3:7|4:0|4:7|4:8|5:0|5:2|5:8|6:0|6:1|6:2|6:8|7:2|7:3|7:4|7:8|8:1|8:2|8:3|8:4|8:5|8:6|8:7|8:8,2636
1194,2922,0.21209472981987998,3.0,3.0,0.0,3.0,46,victory,1,0,,0,35,30,0:0|1:0|2:0|2:6|2:7|3:0|3:6|4:0|4:6|4:7|5:0|5:7|6:0|6:1|6:2|6:7|6:8|6:9|7:2|7:8|7:9|8:2|8:3|8:4|8:5|8:6|8:7|8:8|9:5|9:6,2636
1195,2923,0.2114342895263509,3.0,3.0,0.0,3.0,32,victory,1,0,,0,30,29,0:0|1:0|2:0|2:7|3:0|3:7|4:0|4:7|4:8|5:0|5:8|6:0|6:1|6:2|6:8|7:2|7:4|7:5|7:8|8:2|8:3|8:4|8:5|8:6|8:7|8:8|9:3|9:4|9:5,2636
1196,2924,0.21077384923282194,3.0,3.0,0.0,3.0,35,victory,1,0,,0,31,30,0:0|1:0|1:6|1:7|2:0|2:6|2:7|3:0|3:5|3:6|4:0|4:5|4:6|4:7|4:8|5:0|5:8|6:0|6:1|6:2|6:8|7:2|7:8|8:2|8:3|8:4|8:5|8:6|8:7|8:8,2637
1197,2925,0.21011340893929287,2.0,2.0,0.0,2.0,22,death,0,1,monster,0,20,20,0:0|1:0|2:0|3:0|4:0|5:0|5:8|6:0|6:1|6:2|6:8|7:2|7:8|8:2|8:3|8:4|8:5|8:6|8:7|8:8,2637
1198,2926,0.2094529686457639,3.0,3.0,0.0,3.0,29,victory,1,0,,0,26,26,0:0|1:0|2:0|2:7|3:0|3:7|4:0|4:7|5:0|5:7|6:0|6:1|6:2|6:7|6:8|7:2|7:6|7:8|8:2|8:3|8:4|8:5|8:6|8:7|8:8|9:6,2637
1199,2927,0.20879252835223483,3.0,3.0,0.0,3.0,24,victory,1,0,,0,24,24,0:0|1:0|2:0|2:7|3:0|3:7|4:0|4:7|4:8|5:0|5:8|6:0|6:1|6:2|6:8|7:2|7:8|8:2|8:3|8:4|8:5|8:6|8:7|8:8,2637
1200,2928,0.20813208805870576,3.0,3.0,0.0,3.0,31,victory,1,0,,0,25,24,0:0|1:0|2:0|2:7|3:0|3:7|4:0|4:7|4:8|5:0|5:8|6:0|6:1|6:2|6:8|7:2|7:8|8:2|8:3|8:4|8:5|8:6|8:7|8:8,2637
1201,2929,0.2074716477651768,3.0,3.0,0.0,3.0,36,victory,1,0,,0,27,27,0:0|1:0|2:0|2:7|3:0|3:7|4:0|4:7|4:8|4:9|5:0|5:8|5:9|6:0|6:8|7:0|7:1|7:2|7:3|7:4|7:8|8:3|8:4|8:5|8:6|8:7|8:8,2637
1202,2930,0.20681120747164772,3.0,3.0,0.0,3.0,54,victory,1,0,,0,37,31,0:0|1:0|2:0|2:7|3:0|3:7|4:0|4:7|4:8|5:0|5:7|5:8|6:0|6:1|6:2|6:7|6:8|7:2|7:7|7:8|7:9|8:2|8:3|8:4|8:5|8:6|8:7|8:8|8:9|9:7|9:8,2637
1203,2931,0.20615076717811875,3.0,3.0,0.0,3.0,43,victory,1,0,,0,41,32,0:0|1:0|2:0|2:7|3:0|3:1|3:7|4:1|4:7|4:8|5:1|5:2|5:3|5:4|5:8|6:1|6:2|6:3|6:4|6:8|7:2|7:3|7:4|7:8|8:1|8:2|8:3|8:4|8:5|8:6|8:7|8:8,2639
1204,2932,0.2054903268845898,3.0,3.0,0.0,3.0,35,victory,1,0,,0,26,26,0:0|1:0|2:0|2:7|3:0|3:7|4:0|4:6|4:7|4:8|5:0|5:8|6:0|6:1|6:2|6:8|7:2|7:7|7:8|8:2|8:3|8:4|8:5|8:6|8:7|8:8,2639
1205,2933,0.20482988659106072,3.0,3.0,0.0,3.0,33,victory,1,0,,0,27,27,0:0|0:1|1:0|1:1|2:0|2:7|3:0|3:7|4:0|4:7|4:8|5:0|5:2|5:8|6:0|6:1|6:2|6:8|7:2|7:8|8:2|8:3|8:4|8:5|8:6|8:7|8:8,2639
1206,2934,0.20416944629753175,3.0,3.0,0.0,3.0,33,victory,1,0,,0,27,27,0:0|1:0|2:0|2:7|3:0|3:7|4:0|4:7|4:8|5:0|5:8|6:0|6:1|6:2|6:4|6:8|7:2|7:4|7:8|7:9|8:2|8:3|8:4|8:5|8:6|8:7|8:8,2639
1207,2935,0.20350900600400268,3.0,3.0,0.0,3.0,27,victory,1,0,,0,28,27,0:0|1:0|2:0|2:7|3:0|3:7|4:0|4:7|4:8|5:0|5:7|5:8|6:0|6:1|6:2|6:8|7:2|7:8|8:2|8:3|8:4|8:5|8:6|8:7|8:8|9:3|9:4,2639
1208,2936,0.20284856571047372,3.0,3.0,0.0,3.0,72,victory,1,0,,0,42,34,0:0|1:0|2:0|2:7|3:0|3:5|3:6|3:7|3:8|4:0|4:7|4:8|4:9|5:0|5:1|5:7|5:8|6:0|6:1|6:2|6:3|6:7|6:8|7:2|7:8|8:2|8:3|8:4|8:5|8:6|8:7|8:8|9:6|9:8,2639
1209,2937,0.20218812541694464,3.0,3.0,0.0,3.0,32,victory,1,0,,0,30,27,0:0|1:0|2:0|2:7|3:0|3:6|3:7|4:0|4:6|5:0|5:6|6:0|6:1|6:2|6:6|7:2|7:4|7:6|7:7|8:2|8:3|8:4|8:5|8:6|8:7|8:8|9:4,2639
1210,2938,0.20152768512341557,3.0,3.0,0.0,3.0,59,victory,1,0,,0,42,32,0:0|1:0|2:0|2:7|3:0|3:7|4:0|4:7|4:8|5:0|5:8|5:9|6:0|6:1|6:2|6:3|6:8|6:9|7:2|7:3|7:7|7:8|8:3|8:4|8:5|8:6|8:7|8:8|9:2|9:3|9:4|9:6,2639
1211,2939,0.2008672448298866,3.0,3.0,0.0,3.0,33,victory,1,0,,0,31,29,0:0|1:0|2:0|2:7|3:0|3:7|4:0|4:7|5:0|5:2|5:7|6:0|6:1|6:2|6:7|6:8|7:2|7:3|7:6|7:8|7:9|8:3|8:4|8:5|8:6|8:7|8:8|8:9|9:9,2639
1212,2940,0.20020680453635753,3.0,3.0,0.0,3.0,33,victory,1,0,,0,29,28,0:0|0:1|1:0|2:0|2:7|3:0|3:7|4:0|4:7|4:8|5:0|5:1|5:8|6:0|6:1|6:2|6:8|6:9|7:2|7:4|7:8|8:2|8:3|8:4|8:5|8:6|8:7|8:8,2639
1213,2941,0.19954636424282857,3.0,3.0,0.0,3.0,33,victory,1,0,,0,30,30,0:0|1:0|1:1|2:1|2:7|3:1|3:2|3:7|3:8|4:2|4:7|4:8|5:1|5:2|5:8|6:1|6:2|6:8|7:2|7:8|8:2|8:3|8:4|8:5|8:6|8:7|8:8|9:2|9:7|9:8,2639
1214,2942,0.1988859239492996,3.0,3.0,0.0,3.0,30,victory,1,0,,0,28,28,0:0|1:0|2:0|2:7|3:0|3:6|3:7|4:0|4:7|4:8|5:0|5:8|6:0|6:1|6:2|6:8|7:2|7:3|7:8|8:2|8:3|8:5|8:6|8:7|8:8|9:3|9:4|9:5,2639
1215,2943,0.19822548365577053,3.0,3.0,0.0,3.0,53,victory,1,0,,0,40,35,0:0|1:0|2:0|2:7|3:0|3:5|3:6|3:7|4:0|4:5|4:6|4:7|4:8|5:0|5:6|5:7|5:8|6:0|6:1|6:2|6:5|6:6|6:7|6:8|7:2|7:6|7:7|7:8|8:2|8:3|8:4|8:5|8:6|8:7|8:8,2639
1216,2944,0.19756504336224157,2.0,2.0,0.0,2.0,50,death,0,1,monster,0,29,23,0:0|1:0|2:0|3:0|3:1|4:1|5:1|6:1|6:2|6:3|7:2|7:7|7:8|8:2|8:3|8:4|8:5|8:6|8:7|8:8|9:2|9:3|9:8,2639
1217,2945,0.1969046030687125,3.0,3.0,0.0,3.0,28,victory,1,0,,0,26,26,0:0|1:0|2:0|2:7|3:0|3:7|4:0|4:7|4:8|4:9|5:0|5:8|6:0|6:1|6:2|6:8|7:2|7:8|8:2|8:3|8:4|8:5|8:6|8:7|8:8|9:6,2639
1218,2946,0.19624416277518353,3.0,3.0,0.0,3.0,30,victory,1,0,,0,27,27,0:0|1:0|2:0|2:7|3:0|3:6|3:7|4:0|4:6|4:7|4:8|5:0|5:7|5:8|6:0|6:1|6:2|6:8|7:2|7:8|8:2|8:3|8:4|8:5|8:6|8:7|8:8,2639
1219,2947,0.19558372248165445,1.0,1.0,0.0,1.0,64,death,0,1,monster,0,34,23,0:0|1:0|2:0|3:0|4:0|5:0|6:0|6:1|6:2|6:5|6:6|6:7|7:2|7:5|7:6|7:7|8:2|8:3|8:4|8:5|8:6|8:7|9:6,2639
1220,2948,0.19492328218812538,0.0,0.0,0.0,0.0,14,death,0,1,monster,0,14,12,0:0|1:0|2:0|3:0|4:0|4:1|4:2|5:0|5:1|5:2|6:1|6:2,2640
1221,2949,0.19426284189459642,3.0,3.0,0.0,3.0,43,victory,1,0,,0,34,27,0:0|1:0|2:0|2:1|2:7|3:1|3:7|4:1|4:7|4:8|5:1|5:8|5:9|6:1|6:2|6:8|6:9|7:2|7:8|7:9|8:2|8:3|8:4|8:5|8:6|8:7|8:8,2640
1222,2950,0.19360240160106734,3.0,3.0,0.0,3.0,29,victory,1,0,,0,26,26,0:0|1:0|2:0|2:7|3:0|3:7|4:0|4:7|5:0|5:7|6:0|6:1|6:2|6:7|6:8|7:2|7:4|7:5|7:8|8:2|8:3|8:4|8:5|8:6|8:7|8:8,2640
1223,2951,0.19294196130753827,3.0,3.0,0.0,3.0,31,victory,1,0,,0,29,26,0:0|1:0|2:0|2:7|3:0|3:7|3:8|4:0|4:7|4:8|5:0|5:8|6:0|6:1|6:2|6:8|7:1|7:2|7:8|8:2|8:3|8:4|8:5|8:6|8:7|8:8,2640
1224,2952,0.1922815210140093,2.0,2.0,0.0,2.0,47,death,0,1,monster,0,34,25,0:0|1:0|2:0|3:0|3:1|4:0|4:1|5:1|6:1|6:2|6:8|7:2|7:7|7:8|7:9|8:2|8:3|8:4|8:5|8:6|8:7|8:8|8:9|9:7|9:8,2641
1225,2953,0.19162108072048034,3.0,3.0,0.0,3.0,32,victory,1,0,,0,27,27,0:0|1:0|2:0|2:7|3:0|3:7|4:0|4:7|4:8|5:0|5:8|6:0|6:1|6:2|6:3|6:8|7:2|7:7|7:8|7:9|8:2|8:3|8:4|8:5|8:6|8:7|8:8,2641
1226,2954,0.19096064042695138,3.0,3.0,0.0,3.0,29,victory,1,0,,0,27,26,0:0|1:0|2:0|2:7|3:0|3:1|3:7|4:1|4:7|4:8|5:1|5:8|6:1|6:2|6:8|7:2|7:8|8:2|8:3|8:4|8:5|8:6|8:7|8:8|9:3|9:4,2641
1227,2955,0.1903002001334223,3.0,3.0,0.0,3.0,28,victory,1,0,,0,26,26,0:0|1:0|2:0|2:7|3:0|3:6|3:7|4:0|4:6|4:7|4:8|5:0|5:8|6:0|6:1|6:2|6:8|7:2|7:8|8:2|8:3|8:4|8:5|8:6|8:7|8:8,2641
1228,2956,0.18963975983989323,2.0,2.0,0.0,2.0,23,death,0,1,monster,0,22,22,0:0|1:0|2:0|3:0|4:0|5:0|5:8|6:0|6:1|6:2|6:8|7:2|7:8|7:9|8:2|8:3|8:4|8:5|8:6|8:7|8:8|8:9,2641
1229,2957,0.18897931954636427,3.0,3.0,0.0,3.0,56,victory,1,0,,0,40,29,0:0|1:0|2:0|2:7|3:0|3:7|4:0|4:7|5:0|5:7|6:0|6:1|6:2|6:7|6:8|7:2|7:7|7:8|7:9|8:2|8:3|8:4|8:5|8:6|8:7|8:8|8:9|9:6|9:9,2641
1230,2958,0.1883188792528352,3.0,3.0,0.0,3.0,39,victory,1,0,,0,33,32,0:0|1:0|2:0|2:7|3:0|3:6|3:7|4:0|4:5|4:6|5:0|5:5|5:6|5:7|5:8|6:0|6:1|6:2|6:7|6:8|7:2|7:7|7:8|8:2|8:3|8:4|8:5|8:6|8:7|8:8|9:3|9:4,2641
1231,2959,0.18765843895930623,3.0,3.0,0.0,3.0,25,victory,1,0,,0,25,24,0:0|1:0|2:0|2:7|3:0|3:7|4:0|4:7|4:8|5:0|5:8|6:0|6:1|6:2|6:8|7:2|7:8|8:2|8:3|8:4|8:5|8:6|8:7|8:8,2641
1232,2960,0.18699799866577715,3.0,3.0,0.0,3.0,31,victory,1,0,,0,30,25,0:0|1:0|2:0|2:7|3:0|3:7|4:0|4:7|5:0|5:7|5:8|6:0|6:1|6:2|6:8|6:9|7:2|7:3|7:8|8:3|8:4|8:5|8:6|8:7|8:8,2641
1233,2961,0.18633755837224808,3.0,3.0,0.0,3.0,66,victory,1,0,,0,41,34,0:0|1:0|2:0|2:7|3:0|3:7|4:0|4:7|4:8|5:0|5:2|5:8|6:0|6:1|6:2|6:8|7:2|7:4|7:6|7:8|8:0|8:1|8:2|8:3|8:4|8:5|8:6|8:7|8:8|9:0|9:1|9:2|9:3|9:4,2641
1234,2962,0.18567711807871912,3.0,3.0,0.0,3.0,42,victory,1,0,,0,32,28,0:0|1:0|2:0|2:7|3:0|3:7|4:0|4:7|4:8|4:9|5:0|5:8|6:0|6:1|6:2|6:3|6:8|6:9|7:2|7:8|7:9|8:2|8:3|8:4|8:5|8:6|8:7|8:8,2641
1235,2963,0.18501667778519015,3.0,3.0,0.0,3.0,29,victory,1,0,,0,28,27,0:0|1:0|2:0|2:7|3:0|3:7|4:0|4:7|4:8|5:0|5:8|6:0|6:1|6:2|6:8|7:2|7:5|7:6|7:7|7:8|8:2|8:3|8:4|8:5|8:6|8:7|8:8,2641
1236,2964,0.1843562374916612,3.0,3.0,0.0,3.0,38,victory,1,0,,0,28,25,0:0|1:0|2:0|2:7|3:0|3:7|4:0|4:7|4:8|5:0|5:8|6:0|6:1|6:2|6:8|7:2|7:7|7:8|8:2|8:3|8:4|8:5|8:6|8:7|8:8,2641
1237,2965,0.18369579719813212,3.0,3.0,0.0,3.0,26,victory,1,0,,0,24,24,0:0|1:0|2:0|2:7|3:0|3:7|4:0|4:7|4:8|5:0|5:8|6:0|6:1|6:2|6:8|7:2|7:8|8:2|8:3|8:4|8:5|8:6|8:7|8:8,2641
1238,2966,0.18303535690460304,3.0,3.0,0.0,3.0,31,victory,1,0,,0,28,28,0:0|1:0|2:0|2:7|3:0|3:6|3:7|4:0|4:6|5:0|5:1|5:6|5:7|5:8|6:0|6:1|6:8|7:0|7:1|7:2|7:8|8:2|8:3|8:4|8:5|8:6|8:7|8:8,2641
1239,2967,0.18237491661107408,3.0,3.0,0.0,3.0,35,victory,1,0,,0,27,27,0:0|1:0|2:0|2:7|3:0|3:7|4:0|4:7|4:8|5:0|5:8|6:0|6:2|6:8|7:0|7:1|7:2|7:8|8:2|8:3|8:4|8:5|8:6|8:7|8:8|9:7|9:8,2641
1240,2968,0.181714476317545,3.0,3.0,0.0,3.0,32,victory,1,0,,0,25,25,0:0|1:0|2:0|2:7|3:0|3:7|4:0|4:7|4:8|5:0|5:8|6:0|6:1|6:2|6:8|7:2|7:7|7:8|8:2|8:3|8:4|8:5|8:6|8:7|8:8,2641
1241,2969,0.18105403602401604,1.0,1.0,0.0,1.0,23,death,0,1,monster,0,20,15,0:0|1:0|2:0|3:0|4:0|5:0|6:0|6:1|7:1|7:2|8:2|8:3|9:1|9:2|9:3,2641
1242,2970,0.18039359573048697,3.0,3.0,0.0,3.0,45,victory,1,0,,0,32,29,0:0|1:0|2:0|2:7|3:0|3:5|3:6|3:7|4:0|4:6|5:0|5:6|5:7|5:8|6:0|6:1|6:2|6:8|7:2|7:7|7:8|8:2|8:3|8:4|8:5|8:6|8:7|8:8|9:7,2641
1243,2971,0.1797331554369579,3.0,3.0,0.0,3.0,28,victory,1,0,,0,26,26,0:0|1:0|2:0|2:7|2:8|3:0|3:7|3:8|4:0|4:7|5:0|5:7|6:0|6:1|6:2|6:7|6:8|7:2|7:8|8:2|8:3|8:4|8:5|8:6|8:7|8:8,2641
1244,2972,0.17907271514342893,3.0,3.0,0.0,3.0,33,victory,1,0,,0,26,26,0:0|1:0|2:0|2:7|3:0|3:7|4:0|4:7|4:8|5:0|5:2|5:7|5:8|6:0|6:1|6:2|6:8|7:2|7:8|8:2|8:3|8:4|8:5|8:6|8:7|8:8,2641
1245,2973,0.17841227484989997,3.0,3.0,0.0,3.0,35,victory,1,0,,0,31,27,0:0|1:0|2:0|2:7|3:0|3:7|4:0|4:7|5:0|5:7|6:0|6:1|6:2|6:5|6:6|6:7|7:2|7:5|7:6|8:2|8:3|8:4|8:5|8:6|8:7|8:8|9:4,2641
1246,2974,0.177751834556371,3.0,3.0,0.0,3.0,31,victory,1,0,,0,27,27,0:0|1:0|2:0|2:7|3:0|3:7|4:0|4:7|4:8|5:0|5:8|6:0|6:1|6:2|6:8|7:0|7:1|7:2|7:8|8:0|8:2|8:3|8:4|8:5|8:6|8:7|8:8,2641
1247,2975,0.17709139426284193,3.0,3.0,0.0,3.0,31,victory,1,0,,0,27,26,0:0|1:0|2:0|2:7|3:0|3:7|3:8|4:0|4:7|4:8|5:0|5:8|6:0|6:1|6:2|6:8|7:1|7:2|7:8|8:2|8:3|8:4|8:5|8:6|8:7|8:8,2641
1248,2976,0.17643095396931285,3.0,3.0,0.0,3.0,31,victory,1,0,,0,30,30,0:0|1:0|2:0|2:7|3:0|3:6|3:7|4:0|4:6|4:7|4:8|5:0|5:7|5:8|6:0|6:1|6:2|6:8|7:2|7:8|8:2|8:4|8:5|8:6|8:7|8:8|9:2|9:3|9:4|9:6,2641
1249,2977,0.1757705136757839,3.0,3.0,0.0,3.0,37,victory,1,0,,0,36,32,0:0|0:6|0:7|1:0|1:6|1:7|1:8|2:0|2:7|2:8|3:0|3:7|3:8|4:0|4:7|4:8|5:0|5:8|6:0|6:1|6:2|6:8|7:2|7:8|8:2|8:3|8:4|8:5|8:6|8:7|8:8|9:8,2642
1250,2978,0.17511007338225482,3.0,3.0,0.0,3.0,26,victory,1,0,,0,26,25,0:0|1:0|2:0|2:7|3:0|3:7|4:0|4:7|5:0|5:7|5:8|6:0|6:1|6:2|6:7|6:8|7:2|7:8|8:2|8:3|8:4|8:5|8:6|8:7|8:8,2642
1251,2979,0.17444963308872585,3.0,3.0,0.0,3.0,43,victory,1,0,,0,31,27,0:0|1:0|2:0|2:7|3:0|3:7|4:0|4:7|5:0|5:7|6:0|6:1|6:2|6:7|7:2|7:5|7:6|7:7|7:8|8:2|8:3|8:4|8:5|8:6|8:7|8:8|9:6,2642
1252,2980,0.17378919279519678,3.0,3.0,0.0,3.0,35,victory,1,0,,0,31,28,0:0|1:0|2:0|2:7|3:0|3:7|3:8|4:0|4:7|4:8|5:0|5:7|5:8|6:0|6:1|6:2|6:8|7:2|7:8|8:2|8:4|8:5|8:6|8:7|8:8|9:2|9:3|9:4,2642
1253,2981,0.1731287525016677,3.0,3.0,0.0,3.0,29,victory,1,0,,0,28,28,0:0|1:0|2:0|2:7|3:0|3:7|4:0|4:1|4:7|4:8|5:0|5:1|5:2|5:8|6:2|6:8|7:2|7:8|7:9|8:2|8:3|8:5|8:6|8:7|8:8|9:3|9:4|9:5,2642
1254,2982,0.17246831220813874,3.0,3.0,0.0,3.0,39,victory,1,0,,0,37,32,0:0|1:0|2:0|2:7|3:0|3:6|3:7|3:8|4:0|4:8|5:0|5:7|5:8|6:0|6:1|6:2|6:7|6:8|6:9|7:2|7:7|7:8|7:9|8:2|8:4|8:5|8:6|8:7|8:8|9:2|9:3|9:4,2642
1255,2983,0.17180787191460967,3.0,3.0,0.0,3.0,30,victory,1,0,,0,28,27,0:0|1:0|2:0|2:7|3:0|3:6|3:7|4:0|4:7|4:8|5:0|5:8|6:0|6:1|6:2|6:8|7:2|7:8|8:2|8:4|8:5|8:6|8:7|8:8|9:2|9:3|9:4,2642
1256,2984,0.17114743162108081,3.0,3.0,0.0,3.0,33,victory,1,0,,0,28,27,0:0|1:0|2:0|2:7|3:0|3:7|4:0|4:7|4:8|5:0|5:8|6:0|6:1|6:2|6:8|7:2|7:8|8:2|8:4|8:5|8:6|8:7|8:8|9:2|9:3|9:4|9:7,2642
1257,2985,0.17048699132755174,3.0,3.0,0.0,3.0,37,victory,1,0,,0,30,26,0:0|1:0|2:0|2:7|3:0|3:7|4:0|4:7|5:0|5:7|6:0|6:1|6:2|6:7|7:2|7:7|8:1|8:2|8:3|8:4|8:5|8:6|8:7|8:8|9:7|9:8,2642
1258,2986,0.16982655103402267,0.0,0.0,0.0,0.0,14,death,0,1,monster,0,15,12,0:0|1:0|2:0|3:0|3:2|4:0|4:1|4:2|5:0|5:2|6:1|6:2,2644
1259,2987,0.1691661107404937,3.0,3.0,0.0,3.0,29,victory,1,0,,0,27,27,0:0|1:0|2:0|2:7|3:0|3:7|4:0|4:7|4:8|5:0|5:8|6:0|6:1|6:2|6:8|7:2|7:8|8:1|8:2|8:3|8:4|8:5|8:6|8:7|8:8|9:3|9:4,2644
1260,2988,0.16850567044696463,2.0,2.0,0.0,2.0,36,death,0,1,monster,0,29,23,0:0|1:0|2:0|3:0|4:0|5:0|6:0|6:1|6:2|7:1|7:2|7:3|8:2|8:3|8:4|8:5|8:6|8:7|8:8|9:6|9:7|9:8|9:9,2644
1261,2989,0.16784523015343566,3.0,3.0,0.0,3.0,26,victory,1,0,,0,24,24,0:0|1:0|2:0|2:1|2:7|3:1|3:7|4:1|4:7|4:8|5:1|5:8|6:1|6:2|6:8|7:2|7:8|8:2|8:3|8:4|8:5|8:6|8:7|8:8,2644
1262,2990,0.1671847898599066,3.0,3.0,0.0,3.0,34,victory,1,0,,0,28,27,0:0|1:0|2:0|2:7|3:0|3:7|4:0|4:7|5:0|5:7|5:8|6:0|6:1|6:2|6:8|6:9|7:2|7:8|8:2|8:3|8:4|8:5|8:6|8:7|8:8|9:3|9:4,2644
1263,2991,0.16652434956637752,3.0,3.0,0.0,3.0,37,victory,1,0,,0,27,26,0:0|1:0|2:0|2:7|3:0|3:7|4:0|4:7|4:8|5:0|5:1|5:8|6:0|6:1|6:2|6:8|7:2|7:8|7:9|8:2|8:3|8:4|8:5|8:6|8:7|8:8,2644
1264,2992,0.16586390927284855,3.0,3.0,0.0,3.0,25,victory,1,0,,0,25,25,0:0|1:0|2:0|2:7|3:0|3:7|4:0|4:7|4:8|5:0|5:2|5:8|6:0|6:1|6:2|6:8|7:2|7:8|8:2|8:3|8:4|8:5|8:6|8:7|8:8,2644
1265,2993,0.16520346897931948,3.0,3.0,0.0,3.0,29,victory,1,0,,0,27,27,0:0|0:1|1:0|2:0|2:7|3:0|3:7|4:0|4:1|4:7|4:8|5:1|5:8|5:9|6:1|6:2|6:3|6:8|7:2|7:8|8:2|8:3|8:4|8:5|8:6|8:7|8:8,2644
1266,2994,0.16454302868579063,3.0,3.0,0.0,3.0,33,victory,1,0,,0,29,28,0:0|1:0|2:0|2:7|3:0|3:7|4:0|4:7|4:8|5:0|5:1|5:8|6:0|6:1|6:2|6:8|7:2|7:8|8:1|8:2|8:3|8:4|8:5|8:6|8:7|8:8|9:3|9:4,2644
1267,2995,0.16388258839226155,3.0,3.0,0.0,3.0,46,victory,1,0,,0,35,28,0:0|0:1|1:0|2:0|2:7|3:0|3:6|3:7|3:8|4:0|4:7|4:8|5:0|5:8|6:0|6:1|6:2|6:8|6:9|7:2|7:8|8:2|8:3|8:4|8:5|8:6|8:7|8:8,2644
1268,2996,0.16322214809873248,3.0,3.0,0.0,3.0,27,victory,1,0,,0,27,27,0:0|1:0|2:0|2:7|3:0|3:7|4:0|4:7|4:8|4:9|5:0|5:8|6:0|6:1|6:2|6:8|7:2|7:8|8:2|8:5|8:6|8:7|8:8|9:2|9:3|9:4|9:5,2644
1269,2997,0.16256170780520351,1.0,1.0,0.0,1.0,31,death,0,1,monster,0,20,18,0:0|1:0|2:0|2:1|3:1|4:1|5:1|6:1|6:2|7:2|8:2|8:3|8:4|8:5|8:6|8:7|9:5|9:6,2644
1270,2998,0.16190126751167444,3.0,3.0,0.0,3.0,29,victory,1,0,,0,30,28,0:0|1:0|2:0|2:7|3:0|3:7|4:0|4:7|5:0|5:7|5:8|6:0|6:1|6:2|6:8|7:2|7:8|7:9|8:2|8:3|8:4|8:5|8:6|8:8|8:9|9:6|9:7|9:8,2644
1271,2999,0.16124082721814548,3.0,3.0,0.0,3.0,25,victory,1,0,,0,25,25,0:0|1:0|2:0|2:7|3:0|3:7|4:0|4:7|4:8|5:0|5:8|6:0|6:1|6:2|6:8|7:2|7:8|8:2|8:3|8:4|8:5|8:6|8:7|8:8|9:6,2644
1272,3000,0.1605803869246164,1.0,1.0,0.0,1.0,22,death,0,1,monster,0,21,21,0:0|1:0|2:0|3:0|4:0|4:2|5:0|5:2|6:0|6:1|6:2|7:2|7:6|7:7|8:2|8:4|8:5|8:6|9:2|9:3|9:4,2644
1273,3001,0.15991994663108733,3.0,3.0,0.0,3.0,47,victory,1,0,,0,41,36,0:0|1:0|2:0|2:7|3:0|3:6|3:7|4:0|4:6|4:7|4:8|5:0|5:5|5:6|5:7|5:8|5:9|6:0|6:1|6:2|6:5|6:6|6:7|6:8|6:9|7:2|7:6|7:7|7:8|8:2|8:3|8:4|8:5|8:6|8:7|8:8,2644
1274,3002,0.15925950633755837,3.0,3.0,0.0,3.0,28,victory,1,0,,0,27,26,0:0|1:0|2:0|2:7|3:0|3:7|4:0|4:7|5:0|5:7|6:0|6:1|6:2|6:7|6:8|6:9|7:2|7:8|8:2|8:3|8:4|8:5|8:6|8:7|8:8|9:4,2644
1275,3003,0.1585990660440293,3.0,3.0,0.0,3.0,36,victory,1,0,,0,29,29,0:0|1:0|2:0|2:7|3:0|3:7|4:0|4:7|4:8|4:9|5:0|5:7|6:0|6:1|6:2|6:7|6:8|7:0|7:1|7:2|7:8|8:1|8:2|8:3|8:4|8:5|8:6|8:7|8:8,2644
1276,3004,0.15793862575050033,3.0,3.0,0.0,3.0,32,victory,1,0,,0,26,25,0:0|1:0|1:1|2:1|2:7|3:1|3:7|4:1|4:7|4:8|5:1|5:8|6:1|6:2|6:8|7:2|7:8|8:2|8:3|8:4|8:5|8:6|8:7|8:8|9:4,2644
1277,3005,0.15727818545697136,3.0,3.0,0.0,3.0,25,victory,1,0,,0,25,25,0:0|1:0|2:0|2:7|3:0|3:7|4:0|4:7|4:8|5:0|5:8|6:0|6:1|6:2|6:3|6:8|7:2|7:8|8:2|8:3|8:4|8:5|8:6|8:7|8:8,2644
1278,3006,0.1566177451634423,3.0,3.0,0.0,3.0,33,victory,1,0,,0,27,27,0:0|1:0|2:0|2:7|3:0|3:7|4:0|4:7|4:8|5:0|5:8|6:0|6:1|6:2|6:8|6:9|7:2|7:8|7:9|8:2|8:3|8:4|8:5|8:6|8:7|8:8|8:9,2644
1279,3007,0.15595730486991333,3.0,3.0,0.0,3.0,36,victory,1,0,,0,32,29,0:0|1:0|2:0|2:7|3:0|3:7|3:8|3:9|4:0|4:7|4:8|4:9|5:0|5:8|6:0|6:1|6:2|6:8|7:2|7:8|8:2|8:3|8:4|8:5|8:6|8:7|8:8|9:4|9:8,2644
1280,3008,0.15529686457638425,3.0,3.0,0.0,3.0,25,victory,1,0,,0,25,25,0:0|1:0|2:0|2:1|2:7|3:1|3:7|4:1|4:7|4:8|5:1|5:8|6:1|6:2|6:8|7:2|7:3|7:8|8:2|8:3|8:4|8:5|8:6|8:7|8:8,2644
1281,3009,0.1546364242828553,3.0,3.0,0.0,3.0,29,victory,1,0,,0,27,27,0:0|1:0|2:0|2:7|2:8|3:0|3:7|3:8|3:9|4:0|4:7|4:8|5:0|5:8|6:0|6:1|6:2|6:8|7:2|7:8|8:2|8:3|8:4|8:5|8:6|8:7|8:8,2644
1282,3010,0.15397598398932621,3.0,3.0,0.0,3.0,27,victory,1,0,,0,24,24,0:0|1:0|2:0|2:7|3:0|3:7|4:0|4:7|5:0|5:7|6:0|6:1|6:2|6:7|6:8|7:2|7:8|8:2|8:3|8:4|8:5|8:6|8:7|8:8,2644
1283,3011,0.15331554369579714,3.0,3.0,0.0,3.0,57,victory,1,0,,0,37,27,0:0|1:0|2:0|2:7|3:0|3:7|4:0|4:7|5:0|5:7|6:0|6:1|6:2|6:7|6:8|7:2|7:5|7:7|7:8|7:9|8:2|8:3|8:4|8:5|8:6|8:7|8:8,2644
1284,3012,0.15265510340226818,3.0,3.0,0.0,3.0,23,victory,1,0,,0,24,24,0:0|1:0|2:0|2:7|3:0|3:1|3:7|4:1|4:7|4:8|5:1|5:8|6:1|6:2|6:8|7:2|7:8|8:2|8:3|8:4|8:5|8:6|8:7|8:8,2644
1285,3013,0.1519946631087391,3.0,3.0,0.0,3.0,48,victory,1,0,,0,36,30,0:0|1:0|2:0|2:7|3:0|3:7|3:8|4:0|4:7|4:8|5:0|5:8|6:0|6:1|6:2|6:8|7:2|7:3|7:4|7:8|8:2|8:3|8:4|8:5|8:6|8:7|8:8|9:2|9:3|9:4,2644
1286,3014,0.15133422281521014,3.0,3.0,0.0,3.0,41,victory,1,0,,0,34,26,0:0|1:0|2:0|2:7|3:0|3:7|4:0|4:7|5:0|5:7|6:0|6:1|6:2|6:7|6:8|7:2|7:6|7:8|8:2|8:3|8:4|8:5|8:6|8:7|8:8|9:8,2644
1287,3015,0.15067378252168118,2.0,2.0,0.0,2.0,39,death,0,1,monster,0,34,30,0:0|1:0|2:0|3:0|3:7|3:8|4:0|4:7|4:8|5:0|5:2|5:3|5:8|6:0|6:1|6:2|6:3|6:7|6:8|6:9|7:2|7:7|7:8|8:2|8:3|8:4|8:5|8:6|8:7|8:8,2644
1288,3016,0.1500133422281521,3.0,3.0,0.0,3.0,33,victory,1,0,,0,30,29,0:0|0:1|1:0|2:0|2:7|3:0|3:6|3:7|4:0|4:6|4:7|4:8|5:0|5:1|5:8|6:1|6:2|6:8|7:1|7:2|7:5|7:8|8:2|8:3|8:4|8:5|8:6|8:7|8:8,2644
1289,3017,0.14935290193462314,3.0,3.0,0.0,3.0,27,victory,1,0,,0,26,26,0:0|0:1|1:0|2:0|2:7|3:0|3:7|4:0|4:7|4:8|5:0|5:8|6:0|6:1|6:2|6:8|7:2|7:8|8:2|8:3|8:4|8:5|8:6|8:7|8:8|9:5,2644
1290,3018,0.14869246164109406,3.0,3.0,0.0,3.0,57,victory,1,0,,0,44,34,0:0|1:0|2:0|2:7|3:0|3:5|3:6|3:7|4:0|4:4|4:5|4:6|4:7|4:8|5:0|5:5|5:8|6:0|6:8|7:0|7:1|7:2|7:7|7:8|8:2|8:3|8:4|8:5|8:6|8:7|8:8|8:9|9:8|9:9,2644
1291,3019,0.1480320213475651,3.0,3.0,0.0,3.0,31,victory,1,0,,0,27,26,0:0|1:0|2:0|2:7|3:0|3:7|4:0|4:7|4:8|5:0|5:2|5:7|5:8|6:0|6:1|6:2|6:8|7:2|7:3|7:8|8:3|8:4|8:5|8:6|8:7|8:8,2644
1292,3020,0.14737158105403603,3.0,3.0,0.0,3.0,57,victory,1,0,,0,41,34,0:0|1:0|2:0|2:7|3:0|3:6|3:7|4:0|4:6|4:7|4:8|5:0|5:8|5:9|6:0|6:1|6:2|6:3|6:8|7:2|7:3|7:4|7:7|7:8|8:2|8:3|8:4|8:5|8:6|8:7|8:8|9:1|9:2|9:3,2644
1293,3021,0.14671114076050695,3.0,3.0,0.0,3.0,69,victory,1,0,,0,51,32,0:0|1:0|2:0|2:7|3:0|3:7|4:0|4:7|5:0|5:7|5:8|6:0|6:1|6:2|6:6|6:7|6:8|6:9|7:2|7:6|7:7|7:8|7:9|8:2|8:3|8:4|8:5|8:6|8:7|8:8|9:7|9:8,2644
1294,3022,0.146050700466978,3.0,3.0,0.0,3.0,53,victory,1,0,,0,37,30,0:0|1:0|2:0|2:7|3:0|3:7|4:0|4:7|4:8|5:0|5:8|6:0|6:1|6:2|6:8|7:2|7:3|7:4|7:8|8:2|8:3|8:4|8:5|8:6|8:7|8:8|9:4|9:7|9:8|9:9,2644
1295,3023,0.14539026017344892,3.0,3.0,0.0,3.0,46,victory,1,0,,0,37,29,0:0|1:0|2:0|2:7|3:0|3:7|4:0|4:1|4:7|4:8|5:1|5:7|5:8|6:1|6:2|6:8|6:9|7:2|7:7|7:8|7:9|8:2|8:3|8:4|8:5|8:6|8:7|8:8|9:7,2644
1296,3024,0.14472981987991995,3.0,3.0,0.0,3.0,35,victory,1,0,,0,33,28,0:0|1:0|2:0|2:7|3:0|3:7|4:0|4:7|4:8|5:0|5:8|6:0|6:1|6:2|6:8|7:2|7:8|7:9|8:2|8:3|8:4|8:5|8:6|8:7|8:8|8:9|9:8|9:9,2644
1297,3025,0.14406937958639088,3.0,3.0,0.0,3.0,29,victory,1,0,,0,29,27,0:0|1:0|2:0|2:7|3:0|3:7|4:0|4:7|4:8|5:0|5:7|5:8|6:0|6:1|6:2|6:8|7:2|7:8|8:2|8:3|8:4|8:8|9:4|9:5|9:6|9:7|9:8,2645
1298,3026,0.14340893929286191,3.0,3.0,0.0,3.0,35,victory,1,0,,0,32,28,0:0|1:0|2:0|2:7|3:0|3:7|4:0|4:7|4:8|5:0|5:8|5:9|6:0|6:1|6:2|6:8|6:9|7:2|7:8|7:9|8:2|8:3|8:4|8:5|8:6|8:7|8:8|9:4,2645
1299,3027,0.14274849899933295,2.0,2.0,0.0,2.0,26,death,0,1,monster,0,23,21,0:0|1:0|2:0|3:0|4:0|5:0|6:0|6:1|6:2|6:8|6:9|7:2|7:7|7:8|8:2|8:3|8:4|8:5|8:6|8:7|8:8,2645
1300,3028,0.14208805870580388,3.0,3.0,0.0,3.0,24,victory,1,0,,0,24,24,0:0|1:0|2:0|2:7|3:0|3:7|4:0|4:7|4:8|5:0|5:8|6:0|6:1|6:2|6:8|7:2|7:8|8:2|8:3|8:4|8:5|8:6|8:7|8:8,2645
1301,3029,0.1414276184122749,3.0,3.0,0.0,3.0,60,victory,1,0,,0,40,30,0:0|1:0|2:0|2:7|3:0|3:7|4:0|4:7|4:8|5:0|5:8|6:0|6:1|6:2|6:8|7:2|7:6|7:7|7:8|8:2|8:3|8:4|8:5|8:6|8:7|8:8|9:5|9:6|9:7|9:8,2645
1302,3030,0.14076717811874584,3.0,3.0,0.0,3.0,29,victory,1,0,,0,25,25,0:0|1:0|2:0|2:7|3:0|3:7|4:0|4:7|4:8|5:0|5:2|5:8|6:0|6:1|6:2|6:8|7:2|7:8|8:2|8:3|8:4|8:5|8:6|8:7|8:8,2645
1303,3031,0.14010673782521677,3.0,3.0,0.0,3.0,33,victory,1,0,,0,30,30,0:0|1:0|1:1|2:1|2:7|3:1|3:6|3:7|4:1|4:6|4:7|5:0|5:1|5:7|6:0|6:1|6:2|6:7|6:8|7:2|7:8|8:2|8:3|8:4|8:5|8:6|8:7|8:8|9:5|9:8,2645
1304,3032,0.1394462975316878,3.0,3.0,0.0,3.0,28,victory,1,0,,0,25,25,0:0|1:0|2:0|2:7|3:0|3:7|3:8|4:0|4:8|5:0|5:8|6:0|6:1|6:2|6:8|7:1|7:2|7:8|8:2|8:3|8:4|8:5|8:6|8:7|8:8,2645
1305,3033,0.13878585723815873,3.0,3.0,0.0,3.0,35,victory,1,0,,0,30,28,0:0|1:0|2:0|2:1|2:7|3:1|3:6|3:7|4:1|4:5|4:6|4:7|5:1|5:7|6:1|6:2|6:7|6:8|7:2|7:7|7:8|8:2|8:3|8:4|8:5|8:6|8:7|8:8,2645
1306,3034,0.13812541694462976,3.0,3.0,0.0,3.0,31,victory,1,0,,0,27,26,0:0|1:0|2:0|2:1|2:7|3:0|3:1|3:7|4:0|4:1|4:7|4:8|5:1|5:8|6:1|6:2|6:8|7:2|7:8|8:2|8:3|8:4|8:5|8:6|8:7|8:8,2645
1307,3035,0.1374649766511007,3.0,3.0,0.0,3.0,55,victory,1,0,,0,42,30,0:0|1:0|2:0|2:7|3:0|3:7|4:0|4:7|4:8|5:0|5:8|6:0|6:1|6:2|6:8|7:2|7:7|7:8|7:9|8:2|8:3|8:4|8:5|8:6|8:7|8:8|9:4|9:6|9:7|9:8,2645
1308,3036,0.13680453635757173,3.0,3.0,0.0,3.0,61,victory,1,0,,0,35,27,0:0|1:0|2:0|2:7|3:0|3:7|4:0|4:7|4:8|5:0|5:8|6:0|6:1|6:2|6:8|7:2|7:3|7:8|7:9|8:2|8:3|8:4|8:5|8:6|8:7|8:8|8:9,2645
1309,3037,0.13614409606404276,1.0,1.0,0.0,1.0,23,death,0,1,monster,0,20,18,0:0|1:0|2:0|3:0|4:0|5:0|6:0|6:6|7:0|7:1|7:2|7:5|7:6|8:0|8:2|8:3|8:4|8:5,2645
1310,3038,0.1354836557705137,3.0,3.0,0.0,3.0,27,victory,1,0,,0,26,26,0:0|1:0|2:0|2:7|3:0|3:7|4:0|4:1|4:7|4:8|5:1|5:8|6:1|6:2|6:8|7:2|7:4|7:8|8:2|8:3|8:4|8:5|8:6|8:7|8:8|9:4,2645
1311,3039,0.13482321547698473,3.0,3.0,0.0,3.0,30,victory,1,0,,0,27,26,0:0|1:0|2:0|2:7|3:0|3:7|4:0|4:7|4:8|5:0|5:7|5:8|6:0|6:1|6:2|6:7|6:8|7:2|7:8|8:2|8:3|8:4|8:5|8:6|8:7|8:8,2645
1312,3040,0.13416277518345565,3.0,3.0,0.0,3.0,31,victory,1,0,,0,28,28,0:0|1:0|2:0|2:7|3:0|3:7|4:0|4:7|4:8|5:0|5:1|5:2|5:8|6:1|6:2|6:8|7:2|7:7|7:8|8:2|8:4|8:5|8:6|8:7|8:8|9:2|9:3|9:4,2645
1313,3041,0.13350233488992658,3.0,3.0,0.0,3.0,31,victory,1,0,,0,27,27,0:0|1:0|2:0|2:7|3:0|3:7|4:0|4:7|4:8|5:0|5:2|5:8|6:0|6:1|6:2|6:8|7:2|7:5|7:8|8:2|8:3|8:4|8:5|8:6|8:7|8:8|9:4,2645
1314,3042,0.13284189459639761,3.0,3.0,0.0,3.0,32,victory,1,0,,0,26,26,0:0|1:0|2:0|2:7|3:0|3:7|4:0|4:7|5:0|5:7|6:0|6:1|6:2|6:3|6:7|6:8|7:2|7:8|8:1|8:2|8:3|8:4|8:5|8:6|8:7|8:8,2645
1315,3043,0.13218145430286854,3.0,3.0,0.0,3.0,29,victory,1,0,,0,25,25,0:0|1:0|2:0|2:7|3:0|3:7|4:0|4:6|4:7|4:8|5:0|5:8|6:0|6:1|6:2|6:8|7:2|7:8|8:2|8:3|8:4|8:5|8:6|8:7|8:8,2645
1316,3044,0.13152101400933958,3.0,3.0,0.0,3.0,29,victory,1,0,,0,27,26,0:0|1:0|2:0|2:7|3:0|3:1|3:7|4:1|4:7|5:1|5:7|6:1|6:2|6:6|6:7|7:2|7:6|7:7|7:8|8:2|8:3|8:4|8:5|8:6|8:7|8:8,2645
1317,3045,0.1308605737158105,3.0,3.0,0.0,3.0,54,victory,1,0,,0,38,34,0:0|1:0|2:0|2:5|2:6|2:7|3:0|3:4|3:5|3:6|3:7|4:0|4:6|4:7|5:0|5:6|5:7|6:0|6:7|6:8|6:9|7:0|7:1|7:2|7:7|7:8|7:9|8:2|8:3|8:4|8:5|8:6|8:7|8:8,2645
1318,3046,0.13020013342228154,3.0,3.0,0.0,3.0,25,victory,1,0,,0,26,26,0:0|1:0|2:0|2:7|3:0|3:7|4:0|4:7|4:8|5:0|5:8|6:0|6:1|6:2|6:8|7:2|7:8|8:2|8:4|8:5|8:6|8:7|8:8|9:2|9:3|9:4,2645
1319,3047,0.12953969312875258,3.0,3.0,0.0,3.0,29,victory,1,0,,0,25,25,0:0|1:0|2:0|2:7|3:0|3:7|4:0|4:7|4:8|5:0|5:2|5:8|6:0|6:1|6:2|6:8|7:2|7:8|8:2|8:3|8:4|8:5|8:6|8:7|8:8,2645
1320,3048,0.1288792528352235,1.0,1.0,0.0,1.0,16,death,0,1,monster,0,17,14,0:0|1:0|2:0|3:0|4:0|5:0|6:0|6:1|6:2|7:2|8:2|9:2|9:3|9:4,2646
1321,3049,0.12821881254169454,3.0,3.0,0.0,3.0,55,victory,1,0,,0,42,33,0:0|1:0|2:0|2:7|3:0|3:6|3:7|4:0|4:6|4:7|4:8|5:0|5:8|6:0|6:1|6:2|6:5|6:6|6:8|7:2|7:4|7:5|7:6|7:7|7:8|8:2|8:3|8:4|8:5|8:7|8:8|9:4|9:5,2646
1322,3050,0.12755837224816546,2.0,2.0,0.0,2.0,33,death,0,1,monster,0,22,20,0:0|1:0|2:0|3:0|4:0|5:0|6:0|6:1|6:2|7:2|8:2|8:3|8:4|8:5|8:6|8:7|8:8|9:6|9:8|9:9,2646
1323,3051,0.1268979319546364,2.0,2.0,0.0,2.0,30,death,0,1,monster,0,24,21,0:0|1:0|2:0|3:0|4:0|5:0|6:0|6:1|6:2|7:2|7:7|7:8|7:9|8:2|8:3|8:4|8:5|8:6|8:7|8:8|9:8,2646
1324,3052,0.12623749166110743,3.0,3.0,0.0,3.0,41,victory,1,0,,0,36,31,0:0|1:0|2:0|2:7|3:0|3:7|4:0|4:7|4:8|5:0|5:8|6:0|6:1|6:2|6:6|6:7|6:8|6:9|7:2|7:6|7:7|7:8|7:9|8:2|8:3|8:4|8:5|8:6|8:7|8:8|8:9,2646
1325,3053,0.12557705136757835,3.0,3.0,0.0,3.0,31,victory,1,0,,0,30,29,0:0|1:0|2:0|2:6|2:7|3:0|3:6|4:0|4:6|4:7|5:0|5:7|5:8|6:0|6:8|6:9|7:0|7:1|7:2|7:6|7:8|7:9|8:2|8:3|8:4|8:5|8:6|8:7|8:8,2646
1326,3054,0.12491661107404939,3.0,3.0,0.0,3.0,25,victory,1,0,,0,24,24,0:0|1:0|2:0|2:7|3:0|3:7|4:0|4:7|4:8|5:0|5:8|6:0|6:1|6:2|6:8|7:2|7:8|8:2|8:3|8:4|8:5|8:6|8:7|8:8,2646
1327,3055,0.12425617078052031,3.0,3.0,0.0,3.0,25,victory,1,0,,0,25,25,0:0|1:0|2:0|2:7|3:0|3:7|4:0|4:7|4:8|5:0|5:2|5:8|6:0|6:1|6:2|6:8|7:2|7:8|8:2|8:3|8:4|8:5|8:6|8:7|8:8,2646
1328,3056,0.12359573048699124,3.0,3.0,0.0,3.0,25,victory,1,0,,0,24,24,0:0|1:0|2:0|2:7|3:0|3:7|4:0|4:7|4:8|5:0|5:8|6:0|6:1|6:2|6:8|7:2|7:8|8:2|8:3|8:4|8:5|8:6|8:7|8:8,2646
1329,3057,0.12293529019346239,3.0,3.0,0.0,3.0,101,victory,1,0,,0,74,48,0:0|1:0|2:0|2:7|2:8|3:0|3:6|3:7|3:8|4:0|4:5|4:6|4:8|4:9|5:0|5:3|5:5|5:6|5:8|6:0|6:1|6:2|6:3|6:4|6:6|6:7|6:8|7:2|7:3|7:4|7:8|7:9|8:1|8:2|8:3|8:4|8:5|8:6|8:7|8:8|8:9|9:1|9:2|9:3|9:4|9:5|9:6|9:8,2646
1330,3058,0.12227484989993331,1.0,1.0,0.0,1.0,23,death,0,1,monster,0,21,15,0:0|1:0|2:0|3:0|4:0|5:0|6:0|6:1|6:2|7:2|7:3|7:4|8:2|8:3|8:4,2646
1331,3059,0.12161440960640435,3.0,3.0,0.0,3.0,29,victory,1,0,,0,25,25,0:0|1:0|2:0|2:1|2:7|3:1|3:7|4:1|4:7|4:8|5:1|5:8|6:1|6:2|6:8|7:2|7:3|7:8|8:2|8:3|8:4|8:5|8:6|8:7|8:8,2646
1332,3060,0.12095396931287528,3.0,3.0,0.0,3.0,31,victory,1,0,,0,30,27,0:0|1:0|2:0|2:7|3:0|3:6|3:7|4:0|4:6|4:7|4:8|5:0|5:8|6:0|6:1|6:2|6:8|7:2|7:8|7:9|8:2|8:3|8:4|8:5|8:6|8:7|8:8,2646
1333,3061,0.1202935290193462,3.0,3.0,0.0,3.0,25,victory,1,0,,0,26,26,0:0|1:0|2:0|2:7|3:0|3:7|4:0|4:7|4:8|5:0|5:8|6:0|6:1|6:2|6:8|7:2|7:8|8:2|8:4|8:5|8:6|8:7|8:8|9:2|9:3|9:4,2646
1334,3062,0.11963308872581724,3.0,3.0,0.0,3.0,31,victory,1,0,,0,28,26,0:0|1:0|2:0|2:7|3:0|3:7|4:0|4:7|5:0|5:7|5:8|6:0|6:1|6:2|6:8|6:9|7:2|7:8|7:9|8:2|8:3|8:4|8:5|8:6|8:7|8:8,2646
1335,3063,0.11897264843228816,3.0,3.0,0.0,3.0,23,victory,1,0,,0,24,24,0:0|1:0|2:0|2:7|3:0|3:7|4:0|4:7|4:8|5:0|5:8|6:0|6:1|6:2|6:8|7:2|7:8|8:2|8:3|8:4|8:5|8:6|8:7|8:8,2646
1336,3064,0.1183122081387592,3.0,3.0,0.0,3.0,23,victory,1,0,,0,24,24,0:0|1:0|2:0|2:7|3:0|3:7|4:0|4:7|4:8|5:0|5:8|6:0|6:1|6:2|6:8|7:2|7:8|8:2|8:3|8:4|8:5|8:6|8:7|8:8,2646
1337,3065,0.11765176784523013,3.0,3.0,0.0,3.0,27,victory,1,0,,0,28,27,0:0|1:0|2:0|2:7|3:0|3:6|3:7|4:0|4:6|4:7|4:8|5:0|5:7|5:8|6:0|6:1|6:2|6:8|7:2|7:8|8:2|8:3|8:4|8:5|8:6|8:7|8:8,2646
1338,3066,0.11699132755170105,3.0,3.0,0.0,3.0,27,victory,1,0,,0,26,26,0:0|1:0|2:0|2:7|3:0|3:7|4:0|4:7|4:8|5:0|5:8|6:0|6:1|6:2|6:8|7:2|7:8|8:2|8:4|8:5|8:6|8:7|8:8|9:2|9:3|9:4,2646
1339,3067,0.1163308872581722,1.0,1.0,0.0,1.0,28,death,0,1,monster,0,23,17,0:0|1:0|2:0|3:0|4:0|5:0|5:1|6:1|6:2|7:2|7:3|7:4|7:5|8:2|8:3|8:4|8:5,2646
1340,3068,0.11567044696464313,3.0,3.0,0.0,3.0,35,victory,1,0,,0,29,25,0:0|1:0|2:0|2:7|3:0|3:7|4:0|4:7|4:8|4:9|5:0|5:8|6:0|6:1|6:2|6:8|7:2|7:8|8:2|8:3|8:4|8:5|8:6|8:7|8:8,2646
1341,3069,0.11501000667111416,2.0,2.0,0.0,2.0,28,death,0,1,monster,0,27,26,0:0|1:0|2:0|3:0|3:7|3:8|4:0|4:7|4:8|5:0|5:2|5:7|5:8|6:0|6:1|6:2|6:8|7:2|7:8|8:2|8:3|8:4|8:5|8:6|8:7|8:8,2646
1342,3070,0.11434956637758509,3.0,3.0,0.0,3.0,35,victory,1,0,,0,31,26,0:0|1:0|2:0|2:7|3:0|3:7|4:0|4:7|4:8|5:0|5:1|5:8|6:0|6:1|6:2|6:8|7:2|7:8|7:9|8:2|8:3|8:4|8:5|8:6|8:7|8:8,2646
1343,3071,0.11368912608405601,3.0,3.0,0.0,3.0,27,victory,1,0,,0,26,26,0:0|1:0|2:0|2:7|3:0|3:7|4:0|4:1|4:7|4:8|5:1|5:2|5:8|6:1|6:2|6:8|7:2|7:8|8:2|8:3|8:4|8:5|8:6|8:7|8:8|9:4,2646
1344,3072,0.11302868579052705,3.0,3.0,0.0,3.0,27,victory,1,0,,0,27,26,0:0|1:0|1:1|2:1|2:6|2:7|3:1|3:6|4:1|4:6|4:7|5:1|5:7|6:1|6:2|6:7|6:8|7:2|7:8|8:2|8:3|8:4|8:5|8:6|8:7|8:8,2646
1345,3073,0.11236824549699798,2.0,2.0,0.0,2.0,46,death,0,1,monster,0,32,22,0:0|1:0|2:0|3:0|4:0|5:0|6:0|6:1|6:2|6:7|6:8|7:2|7:7|7:8|8:2|8:3|8:4|8:5|8:6|8:7|8:8|9:8,2646
1346,3074,0.11170780520346901,3.0,3.0,0.0,3.0,30,victory,1,0,,0,27,26,0:0|1:0|2:0|2:7|3:0|3:7|3:8|4:0|4:8|5:0|5:8|6:0|6:1|6:2|6:8|7:2|7:8|7:9|8:2|8:3|8:4|8:5|8:6|8:7|8:8|8:9,2646
1347,3075,0.11104736490993994,3.0,3.0,0.0,3.0,37,victory,1,0,,0,30,27,0:0|1:0|2:0|2:7|3:0|3:7|4:0|4:7|4:8|4:9|5:0|5:7|5:8|6:0|6:1|6:2|6:8|7:2|7:3|7:8|8:2|8:3|8:4|8:5|8:6|8:7|8:8,2646
1348,3076,0.11038692461641086,3.0,3.0,0.0,3.0,31,victory,1,0,,0,29,26,0:0|1:0|2:0|2:7|3:0|3:7|3:8|4:0|4:7|4:8|5:0|5:8|6:0|6:1|6:2|6:8|7:2|7:8|8:2|8:3|8:4|8:5|8:6|8:7|8:8|9:4,2646
1349,3077,0.1097264843228819,3.0,3.0,0.0,3.0,68,victory,1,0,,0,40,30,0:0|1:0|2:0|2:6|2:7|3:0|3:6|4:0|4:6|4:7|5:0|5:7|5:8|6:0|6:1|6:2|6:7|6:8|6:9|7:2|7:7|7:8|7:9|8:2|8:3|8:4|8:5|8:6|8:7|8:8,2646
1350,3078,0.10906604402935294,3.0,3.0,0.0,3.0,27,victory,1,0,,0,26,25,0:0|1:0|2:0|2:7|3:0|3:7|4:0|4:7|5:0|5:2|5:7|6:0|6:1|6:2|6:7|6:8|7:2|7:8|8:2|8:3|8:4|8:5|8:6|8:7|8:8,2646
1351,3079,0.10840560373582397,3.0,3.0,0.0,3.0,33,victory,1,0,,0,29,29,0:0|1:0|2:0|2:7|2:8|3:0|3:7|3:8|4:0|4:7|4:8|5:0|5:8|6:0|6:1|6:2|6:8|7:1|7:2|7:8|8:2|8:4|8:5|8:6|8:7|8:8|9:2|9:3|9:4,2646
1352,3080,0.1077451634422949,3.0,3.0,0.0,3.0,25,victory,1,0,,0,24,24,0:0|1:0|2:0|2:7|3:0|3:7|4:0|4:7|4:8|5:0|5:8|6:0|6:1|6:2|6:8|7:2|7:8|8:2|8:3|8:4|8:5|8:6|8:7|8:8,2646
1353,3081,0.10708472314876583,3.0,3.0,0.0,3.0,26,victory,1,0,,0,25,25,0:0|1:0|2:0|2:7|3:0|3:7|4:0|4:7|5:0|5:7|5:8|6:0|6:1|6:2|6:8|7:2|7:4|7:8|8:2|8:3|8:4|8:5|8:6|8:7|8:8,2646
1354,3082,0.10642428285523686,2.0,2.0,0.0,2.0,30,death,0,1,monster,0,27,26,0:0|1:0|2:0|3:0|4:0|5:0|5:8|5:9|6:0|6:1|6:2|6:7|6:8|6:9|7:2|7:3|7:6|7:8|8:2|8:3|8:4|8:5|8:6|8:7|8:8|9:5,2646
1355,3083,0.10576384256170779,3.0,3.0,0.0,3.0,31,victory,1,0,,0,29,29,0:0|0:1|1:0|2:0|2:7|3:0|3:7|4:0|4:7|4:8|5:0|5:8|6:0|6:1|6:2|6:6|6:8|7:2|7:6|7:8|8:2|8:3|8:4|8:5|8:6|8:7|8:8|9:5|9:6,2646
1356,3084,0.10510340226817882,3.0,3.0,0.0,3.0,31,victory,1,0,,0,27,27,0:0|1:0|2:0|2:7|3:0|3:6|3:7|4:0|4:1|4:7|4:8|5:1|5:8|6:1|6:2|6:8|7:2|7:4|7:8|8:1|8:2|8:3|8:4|8:5|8:6|8:7|8:8,2646
1357,3085,0.10444296197464975,3.0,3.0,0.0,3.0,44,victory,1,0,,0,37,27,0:0|1:0|1:1|2:1|2:7|3:0|3:1|3:7|4:0|4:7|4:8|5:0|5:8|6:0|6:1|6:2|6:8|7:2|7:8|8:2|8:3|8:4|8:5|8:6|8:7|8:8|9:8,2646
1358,3086,0.10378252168112068,3.0,3.0,0.0,3.0,29,victory,1,0,,0,29,26,0:0|1:0|2:0|2:7|3:0|3:7|4:0|4:1|4:7|4:8|5:1|5:8|6:1|6:2|6:8|7:2|7:5|7:6|7:8|8:2|8:3|8:4|8:5|8:6|8:7|8:8,2646
1359,3087,0.10312208138759171,3.0,3.0,0.0,3.0,25,victory,1,0,,0,24,24,0:0|1:0|2:0|2:7|3:0|3:7|4:0|4:7|5:0|5:7|6:0|6:1|6:2|6:7|6:8|7:2|7:8|8:2|8:3|8:4|8:5|8:6|8:7|8:8,2646
1360,3088,0.10246164109406275,3.0,3.0,0.0,3.0,25,victory,1,0,,0,26,25,0:0|1:0|2:0|2:7|3:0|3:7|4:0|4:7|4:8|4:9|5:0|5:8|6:0|6:8|7:0|7:1|7:2|7:8|8:2|8:3|8:4|8:5|8:6|8:7|8:8,2646
1361,3089,0.10180120080053379,3.0,3.0,0.0,3.0,27,victory,1,0,,0,27,25,0:0|1:0|2:0|2:7|3:0|3:7|4:0|4:7|4:8|5:0|5:8|6:0|6:1|6:2|6:8|6:9|7:2|7:8|8:2|8:3|8:4|8:5|8:6|8:7|8:8,2646
1362,3090,0.10114076050700471,3.0,3.0,0.0,3.0,25,victory,1,0,,0,26,26,0:0|1:0|2:0|2:7|2:8|3:0|3:7|3:8|4:0|4:7|4:8|5:0|5:8|6:0|6:1|6:2|6:8|7:2|7:8|8:2|8:3|8:4|8:5|8:6|8:7|8:8,2646
1363,3091,0.10048032021347564,3.0,3.0,0.0,3.0,37,victory,1,0,,0,32,30,0:0|1:0|2:0|2:7|2:8|3:0|3:8|4:0|4:7|4:8|5:0|5:7|5:8|6:0|6:1|6:2|6:7|6:8|7:1|7:2|7:8|7:9|8:2|8:3|8:4|8:5|8:6|8:7|8:8|8:9,2646
1364,3092,0.09981987991994667,3.0,3.0,0.0,3.0,27,victory,1,0,,0,25,25,0:0|1:0|2:0|2:7|3:0|3:6|3:7|4:0|4:7|4:8|5:0|5:8|6:0|6:1|6:2|6:8|7:2|7:8|8:2|8:3|8:4|8:5|8:6|8:7|8:8,2646
1365,3093,0.0991594396264176,3.0,3.0,0.0,3.0,30,victory,1,0,,0,26,26,0:0|1:0|2:0|2:7|3:0|3:7|4:0|4:7|4:8|5:0|5:8|6:0|6:1|6:2|6:8|7:2|7:7|7:8|7:9|8:2|8:3|8:4|8:5|8:6|8:7|8:8,2646
1366,3094,0.09849899933288864,3.0,3.0,0.0,3.0,29,victory,1,0,,0,25,25,0:0|1:0|2:0|2:7|3:0|3:7|4:0|4:7|4:8|5:0|5:8|6:0|6:1|6:2|6:8|7:2|7:8|8:2|8:3|8:4|8:5|8:6|8:7|8:8|9:8,2646
1367,3095,0.09783855903935956,3.0,3.0,0.0,3.0,27,victory,1,0,,0,25,25,0:0|1:0|2:0|2:7|3:0|3:7|4:0|4:7|5:0|5:7|5:8|6:0|6:1|6:2|6:8|6:9|7:2|7:8|8:2|8:3|8:4|8:5|8:6|8:7|8:8,2646
1368,3096,0.09717811874583049,3.0,3.0,0.0,3.0,25,victory,1,0,,0,26,26,0:0|1:0|2:0|2:7|2:8|3:0|3:7|3:8|4:0|4:7|4:8|5:0|5:8|6:0|6:1|6:2|6:8|7:2|7:8|8:2|8:3|8:4|8:5|8:6|8:7|8:8,2646
1369,3097,0.09651767845230153,3.0,3.0,0.0,3.0,53,victory,1,0,,0,37,27,0:0|1:0|2:0|2:7|3:0|3:7|4:0|4:7|4:8|5:0|5:8|6:0|6:1|6:2|6:8|6:9|7:2|7:7|7:8|7:9|8:2|8:3|8:4|8:5|8:6|8:7|8:8,2646
1370,3098,0.09585723815877256,3.0,3.0,0.0,3.0,25,victory,1,0,,0,25,25,0:0|1:0|2:0|2:7|3:0|3:7|4:0|4:7|4:8|5:0|5:8|6:0|6:1|6:2|6:8|6:9|7:2|7:8|8:2|8:3|8:4|8:5|8:6|8:7|8:8,2646
1371,3099,0.0951967978652436,3.0,3.0,0.0,3.0,25,victory,1,0,,0,24,24,0:0|1:0|2:0|2:7|3:0|3:7|4:0|4:7|4:8|5:0|5:8|6:0|6:1|6:2|6:8|7:2|7:8|8:2|8:3|8:4|8:5|8:6|8:7|8:8,2646
1372,3100,0.09453635757171452,3.0,3.0,0.0,3.0,39,victory,1,0,,0,31,28,0:0|1:0|2:0|2:7|3:0|3:7|4:0|4:7|5:0|5:7|5:8|6:0|6:1|6:2|6:8|6:9|7:2|7:7|7:8|7:9|8:2|8:3|8:4|8:5|8:6|8:7|8:8|8:9,2646
1373,3101,0.09387591727818545,3.0,3.0,0.0,3.0,23,victory,1,0,,0,24,24,0:0|1:0|2:0|2:7|2:8|3:0|3:8|4:0|4:8|5:0|5:8|6:0|6:8|7:0|7:1|7:2|7:8|8:2|8:3|8:4|8:5|8:6|8:7|8:8,2646
1374,3102,0.09321547698465649,2.0,2.0,0.0,2.0,31,death,0,1,monster,0,26,24,0:0|1:0|2:0|3:0|4:0|5:0|5:7|5:8|6:0|6:1|6:2|6:7|6:8|7:2|7:8|7:9|8:2|8:3|8:4|8:5|8:6|8:7|8:8|8:9,2646
1375,3103,0.09255503669112741,3.0,3.0,0.0,3.0,57,victory,1,0,,0,42,29,0:0|1:0|2:0|2:7|3:0|3:7|4:0|4:7|5:0|5:7|6:0|6:1|6:2|6:7|6:8|6:9|7:2|7:3|7:8|7:9|8:3|8:4|8:5|8:6|8:7|8:8|8:9|9:7|9:9,2646
1376,3104,0.09189459639759845,3.0,3.0,0.0,3.0,31,victory,1,0,,0,29,25,0:0|1:0|2:0|2:7|3:0|3:7|4:0|4:7|4:8|5:0|5:8|6:0|6:1|6:2|6:8|6:9|7:2|7:8|8:2|8:3|8:4|8:5|8:6|8:7|8:8,2646
1377,3105,0.09123415610406937,3.0,3.0,0.0,3.0,23,victory,1,0,,0,24,24,0:0|1:0|2:0|2:7|3:0|3:7|4:0|4:7|4:8|5:0|5:8|6:0|6:1|6:2|6:8|7:2|7:8|8:2|8:3|8:4|8:5|8:6|8:7|8:8,2646
1378,3106,0.0905737158105403,3.0,3.0,0.0,3.0,44,victory,1,0,,0,35,28,0:0|1:0|2:0|2:7|3:0|3:7|4:0|4:7|4:8|5:0|5:8|5:9|6:0|6:1|6:2|6:8|6:9|7:2|7:7|7:8|7:9|8:2|8:3|8:4|8:5|8:6|8:7|8:8,2646
1379,3107,0.08991327551701134,3.0,3.0,0.0,3.0,29,victory,1,0,,0,27,27,0:0|1:0|2:0|2:6|2:7|3:0|3:6|4:0|4:6|4:7|4:8|5:0|5:8|6:0|6:1|6:2|6:8|7:1|7:2|7:8|8:2|8:3|8:4|8:5|8:6|8:7|8:8,2646
1380,3108,0.08925283522348226,3.0,3.0,0.0,3.0,26,victory,1,0,,0,25,24,0:0|1:0|2:0|2:7|3:0|3:7|4:0|4:7|4:8|5:0|5:8|6:0|6:1|6:2|6:8|7:2|7:8|8:2|8:3|8:4|8:5|8:6|8:7|8:8,2646
1381,3109,0.08859239492995341,3.0,3.0,0.0,3.0,71,victory,1,0,,0,43,32,0:0|1:0|2:0|2:7|3:0|3:7|4:0|4:7|5:0|5:7|5:8|6:0|6:1|6:2|6:6|6:7|6:8|6:9|7:2|7:5|7:6|7:7|7:8|8:2|8:3|8:4|8:5|8:6|8:7|8:8|9:5|9:6,2646
1382,3110,0.08793195463642434,3.0,3.0,0.0,3.0,47,victory,1,0,,0,34,29,0:0|1:0|2:0|2:7|3:0|3:7|4:0|4:7|4:8|5:0|5:8|6:0|6:1|6:2|6:6|6:8|7:2|7:3|7:4|7:6|7:8|8:2|8:3|8:4|8:5|8:6|8:7|8:8|9:8,2646
1383,3111,0.08727151434289526,3.0,3.0,0.0,3.0,39,victory,1,0,,0,31,27,0:0|1:0|1:1|2:1|2:7|2:8|3:1|3:7|3:8|4:1|4:7|4:8|5:1|5:8|6:1|6:2|6:8|7:2|7:8|8:2|8:3|8:4|8:5|8:6|8:7|8:8|9:7,2646
1384,3112,0.0866110740493663,3.0,3.0,0.0,3.0,57,victory,1,0,,0,36,29,0:0|1:0|1:1|2:1|2:7|3:1|3:6|3:7|4:1|4:7|5:1|5:7|6:1|6:2|6:7|6:8|7:2|7:7|7:8|7:9|8:2|8:3|8:4|8:5|8:6|8:7|8:8|8:9|9:7,2646
1385,3113,0.08595063375583722,3.0,3.0,0.0,3.0,25,victory,1,0,,0,24,24,0:0|1:0|2:0|2:7|3:0|3:7|4:0|4:7|4:8|5:0|5:8|6:0|6:1|6:2|6:8|7:2|7:8|8:2|8:3|8:4|8:5|8:6|8:7|8:8,2646
1386,3114,0.08529019346230826,3.0,3.0,0.0,3.0,31,victory,1,0,,0,31,28,0:0|1:0|2:0|2:7|3:0|3:7|4:0|4:7|4:8|5:0|5:8|6:0|6:1|6:2|6:8|7:2|7:6|7:8|7:9|8:2|8:3|8:4|8:5|8:6|8:7|8:8|8:9|9:6,2646
1387,3115,0.08462975316877919,3.0,3.0,0.0,3.0,28,victory,1,0,,0,26,25,0:0|1:0|2:0|2:7|3:0|3:7|4:0|4:6|4:7|5:0|5:7|5:8|6:0|6:1|6:2|6:8|7:2|7:8|8:2|8:3|8:4|8:5|8:6|8:7|8:8,2646
1388,3116,0.08396931287525011,2.0,2.0,0.0,2.0,25,death,0,1,monster,0,24,21,0:0|1:0|2:0|3:0|4:0|5:0|6:0|6:1|6:2|7:2|7:7|7:8|8:2|8:3|8:4|8:5|8:6|8:7|8:8|9:7|9:8,2646
1389,3117,0.08330887258172115,3.0,3.0,0.0,3.0,23,victory,1,0,,0,24,24,0:0|1:0|2:0|2:7|3:0|3:7|4:0|4:7|4:8|5:0|5:8|6:0|6:1|6:2|6:8|7:2|7:8|8:2|8:3|8:4|8:5|8:6|8:7|8:8,2646
1390,3118,0.08264843228819208,3.0,3.0,0.0,3.0,37,victory,1,0,,0,27,26,0:0|1:0|2:0|2:7|3:0|3:7|4:0|4:7|4:8|5:0|5:8|6:0|6:8|7:0|7:1|7:2|7:7|7:8|7:9|8:2|8:3|8:4|8:5|8:6|8:7|8:8,2646
1391,3119,0.08198799199466322,3.0,3.0,0.0,3.0,27,victory,1,0,,0,25,25,0:0|1:0|2:0|2:7|3:0|3:7|4:0|4:7|4:8|5:0|5:8|6:0|6:1|6:2|6:8|7:2|7:7|7:8|8:2|8:3|8:4|8:5|8:6|8:7|8:8,2646
1392,3120,0.08132755170113415,3.0,3.0,0.0,3.0,23,victory,1,0,,0,24,24,0:0|1:0|2:0|2:7|3:0|3:7|4:0|4:7|5:0|5:7|6:0|6:1|6:2|6:7|6:8|7:2|7:8|8:2|8:3|8:4|8:5|8:6|8:7|8:8,2646
1393,3121,0.08066711140760507,3.0,3.0,0.0,3.0,25,victory,1,0,,0,26,25,0:0|1:0|2:0|2:7|3:0|3:7|4:0|4:7|4:8|5:0|5:8|5:9|6:0|6:1|6:2|6:8|7:2|7:8|8:2|8:3|8:4|8:5|8:6|8:7|8:8,2646
1394,3122,0.08000667111407611,3.0,3.0,0.0,3.0,37,victory,1,0,,0,28,24,0:0|1:0|2:0|2:7|3:0|3:7|4:0|4:7|5:0|5:7|6:0|6:1|6:2|6:7|6:8|7:2|7:8|8:2|8:3|8:4|8:5|8:6|8:7|8:8,2646
1395,3123,0.07934623082054704,3.0,3.0,0.0,3.0,29,victory,1,0,,0,26,25,0:0|1:0|2:0|2:7|3:0|3:7|4:0|4:7|4:8|5:0|5:8|6:0|6:8|7:0|7:1|7:2|7:4|7:8|8:2|8:3|8:4|8:5|8:6|8:7|8:8,2646
1396,3124,0.07868579052701807,3.0,3.0,0.0,3.0,25,victory,1,0,,0,25,25,0:0|1:0|2:0|2:7|3:0|3:7|4:0|4:7|4:8|5:0|5:8|6:0|6:1|6:2|6:8|7:2|7:8|7:9|8:2|8:3|8:4|8:5|8:6|8:7|8:8,2646
1397,3125,0.078025350233489,3.0,3.0,0.0,3.0,25,victory,1,0,,0,25,25,0:0|1:0|2:0|2:7|3:0|3:7|4:0|4:7|4:8|5:0|5:8|6:0|6:1|6:2|6:8|7:1|7:2|7:8|8:2|8:3|8:4|8:5|8:6|8:7|8:8,2646
1398,3126,0.07736490993995992,3.0,3.0,0.0,3.0,27,victory,1,0,,0,26,25,0:0|1:0|2:0|2:7|3:0|3:7|4:0|4:7|5:0|5:7|5:8|6:0|6:1|6:2|6:7|6:8|7:2|7:8|8:2|8:3|8:4|8:5|8:6|8:7|8:8,2646
1399,3127,0.07670446964643096,1.0,1.0,0.0,1.0,14,death,0,1,monster,0,14,10,0:0|1:0|2:0|3:0|4:0|5:0|6:0|6:1|6:2|7:2,2647
1400,3128,0.07604402935290189,3.0,3.0,0.0,3.0,65,victory,1,0,,0,44,32,0:0|1:0|2:0|2:7|3:0|3:5|3:6|3:7|4:0|4:5|4:6|4:7|4:8|5:0|5:7|5:8|6:0|6:1|6:2|6:8|7:2|7:3|7:4|7:5|7:8|8:2|8:3|8:4|8:5|8:6|8:7|8:8,2647
1401,3129,0.07538358905937292,2.0,2.0,0.0,2.0,25,death,0,1,monster,0,25,22,0:0|1:0|2:0|3:0|3:8|4:0|4:8|5:0|5:8|6:0|6:1|6:2|6:8|7:2|7:8|8:2|8:3|8:4|8:5|8:6|8:7|8:8,2647
1402,3130,0.07472314876584396,3.0,3.0,0.0,3.0,25,victory,1,0,,0,26,26,0:0|1:0|2:0|2:7|3:0|3:7|4:0|4:7|4:8|5:0|5:8|6:0|6:1|6:2|6:8|7:2|7:8|8:2|8:4|8:5|8:6|8:7|8:8|9:2|9:3|9:4,2647
1403,3131,0.07406270847231489,3.0,3.0,0.0,3.0,23,victory,1,0,,0,24,24,0:0|1:0|2:0|2:7|3:0|3:7|4:0|4:7|4:8|5:0|5:8|6:0|6:1|6:2|6:8|7:2|7:8|8:2|8:3|8:4|8:5|8:6|8:7|8:8,2647
1404,3132,0.07340226817878592,3.0,3.0,0.0,3.0,23,victory,1,0,,0,24,24,0:0|1:0|2:0|2:7|3:0|3:7|4:0|4:7|4:8|5:0|5:8|6:0|6:1|6:2|6:8|7:2|7:8|8:2|8:3|8:4|8:5|8:6|8:7|8:8,2647
1405,3133,0.07274182788525685,3.0,3.0,0.0,3.0,25,victory,1,0,,0,26,26,0:0|1:0|2:0|2:7|3:0|3:7|4:0|4:7|4:8|5:0|5:8|6:0|6:1|6:2|6:8|7:2|7:8|8:2|8:3|8:4|8:5|8:6|8:7|8:8|9:3|9:4,2647
1406,3134,0.07208138759172789,3.0,3.0,0.0,3.0,25,victory,1,0,,0,25,24,0:0|1:0|2:0|2:7|3:0|3:7|4:0|4:7|4:8|5:0|5:8|6:0|6:1|6:2|6:8|7:2|7:8|8:2|8:3|8:4|8:5|8:6|8:7|8:8,2647
1407,3135,0.07142094729819881,2.0,2.0,0.0,2.0,25,death,0,1,monster,0,25,24,0:0|1:0|2:0|3:0|3:7|4:0|4:7|4:8|5:0|5:8|6:0|6:1|6:2|6:8|7:2|7:8|8:1|8:2|8:3|8:4|8:5|8:6|8:7|8:8,2647
1408,3136,0.07076050700466974,3.0,3.0,0.0,3.0,25,victory,1,0,,0,25,24,0:0|1:0|2:0|2:7|3:0|3:7|4:0|4:7|5:0|5:7|5:8|6:0|6:1|6:2|6:8|7:2|7:8|8:2|8:3|8:4|8:5|8:6|8:7|8:8,2647
1409,3137,0.07010006671114077,3.0,3.0,0.0,3.0,25,victory,1,0,,0,24,24,0:0|1:0|2:0|2:7|2:8|3:0|3:8|4:0|4:8|5:0|5:8|6:0|6:1|6:2|6:8|7:2|7:8|8:2|8:3|8:4|8:5|8:6|8:7|8:8,2647
1410,3138,0.0694396264176117,2.0,2.0,0.0,2.0,27,death,0,1,monster,0,25,21,0:0|1:0|2:0|3:0|4:0|5:0|6:0|7:0|7:1|7:2|7:8|7:9|8:2|8:3|8:4|8:5|8:6|8:7|8:8|8:9|9:8,2647
1411,3139,0.06877918612408263,2.0,2.0,0.0,2.0,22,death,0,1,monster,0,23,22,0:0|1:0|1:1|2:1|3:1|3:8|4:1|4:8|5:1|5:8|6:1|6:2|6:8|7:2|7:8|8:2|8:3|8:4|8:5|8:6|8:7|8:8,2647
1412,3140,0.06811874583055377,3.0,3.0,0.0,3.0,24,victory,1,0,,0,24,24,0:0|1:0|2:0|2:7|3:0|3:7|4:0|4:7|4:8|5:0|5:8|6:0|6:1|6:2|6:8|7:2|7:8|8:2|8:3|8:4|8:5|8:6|8:7|8:8,2647
1413,3141,0.0674583055370247,3.0,3.0,0.0,3.0,63,victory,1,0,,0,39,28,0:0|1:0|2:0|2:7|3:0|3:1|3:7|4:1|4:7|5:1|5:7|5:8|6:1|6:2|6:7|6:8|7:2|7:7|7:8|8:2|8:3|8:4|8:5|8:6|8:7|8:8|9:6|9:7,2647
1414,3142,0.06679786524349574,3.0,3.0,0.0,3.0,46,victory,1,0,,0,31,26,0:0|1:0|2:0|2:7|3:0|3:7|4:0|4:7|5:0|5:7|5:8|6:0|6:7|6:8|6:9|7:0|7:1|7:2|7:8|8:2|8:3|8:4|8:5|8:6|8:7|8:8,2647
1415,3143,0.06613742494996666,3.0,3.0,0.0,3.0,23,victory,1,0,,0,24,24,0:0|1:0|2:0|2:7|3:0|3:7|4:0|4:7|4:8|5:0|5:8|6:0|6:1|6:2|6:8|7:2|7:8|8:2|8:3|8:4|8:5|8:6|8:7|8:8,2647
1416,3144,0.06547698465643759,3.0,3.0,0.0,3.0,29,victory,1,0,,0,28,25,0:0|1:0|2:0|2:7|3:0|3:7|4:0|4:7|5:0|5:7|6:0|6:1|6:2|6:6|6:7|7:2|7:6|7:7|8:2|8:3|8:4|8:5|8:6|8:7|8:8,2647
1417,3145,0.06481654436290862,3.0,3.0,0.0,3.0,23,victory,1,0,,0,24,24,0:0|1:0|2:0|2:7|3:0|3:7|4:0|4:7|4:8|5:0|5:8|6:0|6:1|6:2|6:8|7:2|7:8|8:2|8:3|8:4|8:5|8:6|8:7|8:8,2647
1418,3146,0.06415610406937955,3.0,3.0,0.0,3.0,25,victory,1,0,,0,26,26,0:0|1:0|2:0|2:7|3:0|3:7|4:0|4:7|4:8|5:0|5:8|6:0|6:1|6:2|6:8|7:2|7:8|8:2|8:4|8:5|8:6|8:7|8:8|9:2|9:3|9:4,2647
1419,3147,0.06349566377585059,3.0,3.0,0.0,3.0,37,victory,1,0,,0,30,27,0:0|1:0|2:0|2:6|2:7|3:0|3:6|4:0|4:6|4:7|5:0|5:7|6:0|6:1|6:2|6:7|6:8|6:9|7:2|7:8|8:2|8:3|8:4|8:5|8:6|8:7|8:8,2647
1420,3148,0.06283522348232151,3.0,3.0,0.0,3.0,25,victory,1,0,,0,25,24,0:0|1:0|2:0|2:7|3:0|3:7|4:0|4:7|4:8|5:0|5:8|6:0|6:1|6:2|6:8|7:2|7:8|8:2|8:3|8:4|8:5|8:6|8:7|8:8,2647
1421,3149,0.06217478318879244,3.0,3.0,0.0,3.0,35,victory,1,0,,0,29,26,0:0|1:0|2:0|2:7|3:0|3:7|4:0|4:7|4:8|4:9|5:0|5:7|5:8|6:0|6:1|6:2|6:8|7:2|7:8|8:2|8:3|8:4|8:5|8:6|8:7|8:8,2647
1422,3150,0.061514342895263585,3.0,3.0,0.0,3.0,27,victory,1,0,,0,28,27,0:0|1:0|2:0|2:7|3:0|3:7|4:0|4:7|4:8|5:0|5:8|6:0|6:1|6:2|6:8|7:2|7:8|8:2|8:3|8:4|8:5|8:6|8:7|8:8|9:3|9:4|9:5,2647
1423,3151,0.06085390260173451,3.0,3.0,0.0,3.0,29,victory,1,0,,0,28,28,0:0|1:0|2:0|2:7|3:0|3:1|3:6|3:7|4:1|4:6|4:7|5:0|5:1|5:7|5:8|6:0|6:1|6:2|6:8|7:2|7:8|8:2|8:3|8:4|8:5|8:6|8:7|8:8,2647
1424,3152,0.06019346230820555,3.0,3.0,0.0,3.0,31,victory,1,0,,0,29,28,0:0|0:7|0:8|1:0|1:7|1:8|2:0|2:7|2:8|3:0|3:8|4:0|4:8|5:0|5:8|6:0|6:1|6:2|6:8|7:2|7:8|8:2|8:3|8:4|8:5|8:6|8:7|8:8,2647
1425,3153,0.05953302201467647,3.0,3.0,0.0,3.0,87,victory,1,0,,0,48,32,0:0|1:0|2:0|2:7|3:0|3:7|4:0|4:7|5:0|5:1|5:7|6:0|6:1|6:2|6:4|6:5|6:6|6:7|7:2|7:4|7:5|7:6|8:2|8:3|8:4|8:5|8:6|8:7|8:8|9:3|9:4|9:5,2647
1426,3154,0.0588725817211474,3.0,3.0,0.0,3.0,41,victory,1,0,,0,34,27,0:0|1:0|2:0|2:7|3:0|3:7|4:0|4:7|4:8|5:0|5:7|5:8|6:0|6:1|6:2|6:8|6:9|7:2|7:8|7:9|8:2|8:3|8:4|8:5|8:6|8:7|8:8,2647
1427,3155,0.058212141427618436,3.0,3.0,0.0,3.0,26,victory,1,0,,0,26,26,0:0|1:0|2:0|2:7|3:0|3:7|4:0|4:7|4:8|5:0|5:8|6:0|6:1|6:2|6:8|6:9|7:2|7:8|7:9|8:2|8:3|8:4|8:5|8:6|8:7|8:8,2647
1428,3156,0.05755170113408936,3.0,3.0,0.0,3.0,25,victory,1,0,,0,25,25,0:0|1:0|2:0|2:7|3:0|3:7|4:0|4:7|5:0|5:7|6:0|6:1|6:2|6:7|6:8|7:2|7:8|8:2|8:3|8:4|8:5|8:6|8:7|8:8|9:8,2647
1429,3157,0.0568912608405604,3.0,3.0,0.0,3.0,36,victory,1,0,,0,30,28,0:0|1:0|2:0|2:7|3:0|3:7|4:0|4:7|4:8|5:0|5:8|6:0|6:1|6:2|6:5|6:6|6:8|7:2|7:5|7:6|7:8|8:2|8:3|8:4|8:5|8:6|8:7|8:8,2647
1430,3158,0.056230820547031324,3.0,3.0,0.0,3.0,27,victory,1,0,,0,27,25,0:0|1:0|2:0|2:7|3:0|3:7|4:0|4:7|4:8|5:0|5:8|6:0|6:1|6:2|6:8|7:2|7:5|7:8|8:2|8:3|8:4|8:5|8:6|8:7|8:8,2647
1431,3159,0.05557038025350225,3.0,3.0,0.0,3.0,25,victory,1,0,,0,25,24,0:0|1:0|2:0|2:7|3:0|3:7|4:0|4:7|4:8|5:0|5:8|6:0|6:1|6:2|6:8|7:2|7:8|8:2|8:3|8:4|8:5|8:6|8:7|8:8,2647
1432,3160,0.054909939959973286,3.0,3.0,0.0,3.0,91,victory,1,0,,0,52,34,0:0|1:0|2:0|2:7|3:0|3:7|4:0|4:7|5:0|5:5|5:6|5:7|5:8|6:0|6:1|6:2|6:5|6:6|6:7|6:8|7:2|7:6|7:7|7:8|7:9|8:2|8:3|8:4|8:5|8:6|8:7|8:8|9:7|9:8,2647
1433,3161,0.05424949966644432,3.0,3.0,0.0,3.0,29,victory,1,0,,0,27,26,0:0|0:1|1:0|2:0|2:7|3:0|3:6|3:7|4:0|4:7|4:8|5:0|5:8|6:0|6:1|6:2|6:8|7:2|7:8|8:2|8:3|8:4|8:5|8:6|8:7|8:8,2647
1434,3162,0.05358905937291536,3.0,3.0,0.0,3.0,27,victory,1,0,,0,27,25,0:0|1:0|2:0|2:7|3:0|3:7|4:0|4:7|4:8|5:0|5:8|6:0|6:1|6:2|6:8|7:2|7:8|8:2|8:3|8:4|8:5|8:6|8:7|8:8|9:4,2647
1435,3163,0.052928619079386285,3.0,3.0,0.0,3.0,37,victory,1,0,,0,31,26,0:0|1:0|2:0|2:7|3:0|3:7|4:0|4:7|4:8|5:0|5:7|5:8|6:0|6:1|6:2|6:7|6:8|7:2|7:8|8:2|8:3|8:4|8:5|8:6|8:7|8:8,2647
1436,3164,0.05226817878585721,2.0,2.0,0.0,2.0,36,death,0,1,monster,0,34,28,0:0|1:0|2:0|2:6|3:0|3:5|3:6|4:0|4:6|4:7|4:8|4:9|5:0|5:7|5:8|6:0|6:1|6:2|6:8|7:2|7:8|8:2|8:3|8:4|8:5|8:6|8:7|8:8,2647
1437,3165,0.05160773849232825,3.0,3.0,0.0,3.0,23,victory,1,0,,0,24,24,0:0|1:0|2:0|2:7|3:0|3:7|4:0|4:7|4:8|5:0|5:8|6:0|6:1|6:2|6:8|7:2|7:8|8:2|8:3|8:4|8:5|8:6|8:7|8:8,2647
1438,3166,0.050947298198799174,3.0,3.0,0.0,3.0,23,victory,1,0,,0,24,24,0:0|1:0|2:0|2:7|3:0|3:7|4:0|4:7|4:8|5:0|5:8|6:0|6:1|6:2|6:8|7:2|7:8|8:2|8:3|8:4|8:5|8:6|8:7|8:8,2647
1439,3167,0.05028685790527021,3.0,3.0,0.0,3.0,23,victory,1,0,,0,24,24,0:0|1:0|2:0|2:7|3:0|3:7|4:0|4:7|4:8|5:0|5:8|6:0|6:1|6:2|6:8|7:2|7:8|8:2|8:3|8:4|8:5|8:6|8:7|8:8,2647
1440,3168,0.049626417611741136,3.0,3.0,0.0,3.0,33,victory,1,0,,0,30,28,0:0|1:0|2:0|2:7|3:0|3:6|3:7|4:0|4:5|4:6|5:0|5:5|5:6|5:7|6:0|6:1|6:2|6:7|6:8|7:2|7:8|8:2|8:3|8:4|8:5|8:6|8:7|8:8,2647
1441,3169,0.04896597731821206,3.0,3.0,0.0,3.0,27,victory,1,0,,0,27,27,0:0|1:0|2:0|2:7|2:8|3:0|3:7|3:8|4:0|4:7|4:8|5:0|5:8|5:9|6:0|6:1|6:2|6:8|7:2|7:8|8:2|8:3|8:4|8:5|8:6|8:7|8:8,2647
1442,3170,0.0483055370246831,3.0,3.0,0.0,3.0,28,victory,1,0,,0,27,27,0:0|1:0|2:0|2:7|2:8|3:0|3:7|3:8|4:0|4:7|4:8|5:0|5:8|6:0|6:8|7:0|7:1|7:2|7:8|8:1|8:2|8:3|8:4|8:5|8:6|8:7|8:8,2647
1443,3171,0.047645096731154135,3.0,3.0,0.0,3.0,47,victory,1,0,,0,37,29,0:0|1:0|2:0|2:7|3:0|3:7|4:0|4:7|4:8|5:0|5:8|6:0|6:1|6:2|6:8|7:2|7:4|7:5|7:6|7:8|7:9|8:2|8:3|8:4|8:5|8:6|8:7|8:8|9:6,2647
1444,3172,0.04698465643762517,3.0,3.0,0.0,3.0,25,victory,1,0,,0,25,25,0:0|1:0|2:0|2:7|3:0|3:7|4:0|4:7|5:0|5:7|5:8|6:0|6:1|6:2|6:8|7:2|7:8|8:2|8:3|8:4|8:5|8:6|8:7|8:8|9:5,2647
1445,3173,0.0463242161440961,3.0,3.0,0.0,3.0,31,victory,1,0,,0,28,27,0:0|1:0|2:0|2:7|3:0|3:6|3:7|4:0|4:6|4:7|4:8|4:9|5:0|5:8|6:0|6:1|6:2|6:8|7:2|7:8|8:2|8:3|8:4|8:5|8:6|8:7|8:8,2647
1446,3174,0.04566377585056702,3.0,3.0,0.0,3.0,25,victory,1,0,,0,25,25,0:0|1:0|2:0|2:7|3:0|3:7|4:0|4:7|4:8|5:0|5:8|6:0|6:1|6:2|6:8|7:2|7:8|7:9|8:2|8:3|8:4|8:5|8:6|8:7|8:8,2647
1447,3175,0.04500333555703806,3.0,3.0,0.0,3.0,25,victory,1,0,,0,24,24,0:0|1:0|2:0|2:7|3:0|3:7|4:0|4:7|4:8|5:0|5:8|6:0|6:1|6:2|6:8|7:2|7:8|8:2|8:3|8:4|8:5|8:6|8:7|8:8,2647
1448,3176,0.044342895263508986,3.0,3.0,0.0,3.0,30,victory,1,0,,0,26,25,0:0|0:1|1:0|2:0|2:7|3:0|3:7|4:0|4:7|4:8|5:0|5:8|6:0|6:1|6:8|7:1|7:2|7:3|7:8|8:3|8:4|8:5|8:6|8:7|8:8,2647
1449,3177,0.04368245496998002,3.0,3.0,0.0,3.0,23,victory,1,0,,0,24,24,0:0|1:0|2:0|2:7|3:0|3:7|4:0|4:7|4:8|5:0|5:8|6:0|6:1|6:2|6:8|7:2|7:8|8:2|8:3|8:4|8:5|8:6|8:7|8:8,2647
1450,3178,0.04302201467645095,3.0,3.0,0.0,3.0,27,victory,1,0,,0,27,26,0:0|1:0|2:0|2:7|3:0|3:7|4:0|4:7|4:8|5:0|5:8|6:0|6:1|6:2|6:8|7:2|7:7|7:8|8:1|8:2|8:3|8:4|8:5|8:6|8:7|8:8,2647
1451,3179,0.042361574382921874,3.0,3.0,0.0,3.0,33,victory,1,0,,0,27,26,0:0|1:0|2:0|2:7|3:0|3:7|4:0|4:7|4:8|5:0|5:8|5:9|6:0|6:1|6:2|6:8|7:2|7:3|7:7|7:8|8:3|8:4|8:5|8:6|8:7|8:8,2647
1452,3180,0.04170113408939291,3.0,3.0,0.0,3.0,27,victory,1,0,,0,26,25,0:0|1:0|2:0|2:7|3:0|3:7|4:0|4:7|4:8|5:0|5:7|5:8|6:0|6:1|6:2|6:8|7:2|7:8|8:2|8:3|8:4|8:5|8:6|8:7|8:8,2647
1453,3181,0.041040693795863836,3.0,3.0,0.0,3.0,33,victory,1,0,,0,32,29,0:0|1:0|2:0|2:7|3:0|3:7|4:0|4:7|4:8|5:0|5:8|6:0|6:1|6:2|6:8|7:2|7:8|7:9|8:2|8:3|8:4|8:5|8:6|8:7|8:8|8:9|9:5|9:6|9:8,2647
1454,3182,0.040380253502334984,3.0,3.0,0.0,3.0,26,victory,1,0,,0,26,26,0:0|1:0|2:0|2:7|3:0|3:6|3:7|4:0|4:6|4:7|5:0|5:7|5:8|6:0|6:1|6:2|6:8|7:2|7:8|8:2|8:3|8:4|8:5|8:6|8:7|8:8,2647
1455,3183,0.03971981320880591,3.0,3.0,0.0,3.0,31,victory,1,0,,0,28,27,0:0|1:0|2:0|2:7|2:8|3:0|3:7|3:8|4:0|4:7|4:8|4:9|5:0|5:8|6:0|6:1|6:2|6:8|7:2|7:8|8:2|8:3|8:4|8:5|8:6|8:7|8:8,2647
1456,3184,0.039059372915276835,3.0,3.0,0.0,3.0,27,victory,1,0,,0,27,25,0:0|1:0|2:0|2:1|2:7|3:1|3:7|4:1|4:7|4:8|4:9|5:1|5:8|6:1|6:2|6:8|7:2|7:8|8:2|8:3|8:4|8:5|8:6|8:7|8:8,2647
1457,3185,0.03839893262174787,3.0,3.0,0.0,3.0,41,victory,1,0,,0,35,29,0:0|1:0|2:0|2:7|3:0|3:5|3:6|3:7|4:0|4:6|4:7|4:8|4:9|5:0|5:8|6:0|6:1|6:2|6:8|7:2|7:8|8:2|8:3|8:4|8:5|8:6|8:7|8:8|9:7,2647
1458,3186,0.0377384923282188,3.0,3.0,0.0,3.0,33,victory,1,0,,0,33,29,0:0|1:0|2:0|2:7|3:0|3:7|4:0|4:7|4:8|5:0|5:8|6:0|6:1|6:2|6:4|6:5|6:6|6:7|6:8|7:2|7:4|7:5|8:2|8:3|8:4|8:5|8:6|8:7|8:8,2647
1459,3187,0.037078052034689835,3.0,3.0,0.0,3.0,27,victory,1,0,,0,26,26,0:0|1:0|2:0|2:7|3:0|3:7|4:0|4:7|4:8|5:0|5:8|6:0|6:1|6:2|6:8|7:2|7:8|7:9|8:2|8:3|8:4|8:5|8:6|8:7|8:8|8:9,2647
1460,3188,0.03641761174116076,3.0,3.0,0.0,3.0,24,victory,1,0,,0,24,24,0:0|1:0|2:0|2:7|3:0|3:7|4:0|4:7|4:8|5:0|5:8|6:0|6:1|6:2|6:8|7:2|7:8|8:2|8:3|8:4|8:5|8:6|8:7|8:8,2647
1461,3189,0.035757171447631686,3.0,3.0,0.0,3.0,28,victory,1,0,,0,27,24,0:0|1:0|2:0|2:7|3:0|3:7|4:0|4:7|4:8|5:0|5:8|6:0|6:1|6:2|6:8|7:2|7:8|8:2|8:3|8:4|8:5|8:6|8:7|8:8,2647
1462,3190,0.03509673115410272,3.0,3.0,0.0,3.0,23,victory,1,0,,0,24,24,0:0|1:0|2:0|2:7|3:0|3:7|4:0|4:7|4:8|5:0|5:8|6:0|6:1|6:2|6:8|7:2|7:8|8:2|8:3|8:4|8:5|8:6|8:7|8:8,2647
1463,3191,0.03443629086057365,3.0,3.0,0.0,3.0,35,victory,1,0,,0,33,28,0:0|1:0|2:0|2:7|2:8|3:0|3:8|4:0|4:7|4:8|5:0|5:8|6:0|6:1|6:2|6:6|6:8|7:2|7:6|7:7|7:8|8:2|8:3|8:4|8:5|8:6|8:7|8:8,2647
1464,3192,0.033775850567044796,3.0,3.0,0.0,3.0,25,victory,1,0,,0,24,24,0:0|1:0|2:0|2:7|3:0|3:7|4:0|4:7|5:0|5:7|6:0|6:1|6:2|6:7|6:8|7:2|7:8|8:2|8:3|8:4|8:5|8:6|8:7|8:8,2647
1465,3193,0.03311541027351572,3.0,3.0,0.0,3.0,23,victory,1,0,,0,24,24,0:0|1:0|2:0|2:7|3:0|3:7|4:0|4:7|4:8|5:0|5:8|6:0|6:1|6:2|6:8|7:2|7:8|8:2|8:3|8:4|8:5|8:6|8:7|8:8,2647
1466,3194,0.03245496997998665,3.0,3.0,0.0,3.0,47,victory,1,0,,0,35,30,0:0|1:0|2:0|2:7|3:0|3:7|4:0|4:7|4:8|4:9|5:0|5:7|5:8|5:9|6:0|6:1|6:2|6:3|6:9|7:2|7:8|7:9|8:2|8:3|8:4|8:5|8:6|8:7|8:8|9:8,2647
1467,3195,0.031794529686457684,3.0,3.0,0.0,3.0,57,victory,1,0,,0,43,31,0:0|1:0|2:0|2:7|3:0|3:6|3:7|4:0|4:6|4:7|4:8|4:9|5:0|5:8|5:9|6:0|6:1|6:2|6:8|6:9|7:2|7:7|7:8|8:2|8:3|8:4|8:5|8:6|8:7|8:8|9:8,2647
1468,3196,0.03113408939292861,3.0,3.0,0.0,3.0,35,victory,1,0,,0,29,26,0:0|1:0|2:0|2:7|3:0|3:7|4:0|4:7|5:0|5:7|5:8|6:0|6:1|6:2|6:7|6:8|7:2|7:8|8:2|8:3|8:4|8:5|8:6|8:7|8:8|9:6,2647
1469,3197,0.030473649099399647,3.0,3.0,0.0,3.0,23,victory,1,0,,0,24,24,0:0|1:0|2:0|2:7|3:0|3:7|4:0|4:7|4:8|5:0|5:8|6:0|6:1|6:2|6:8|7:2|7:8|8:2|8:3|8:4|8:5|8:6|8:7|8:8,2647
1470,3198,0.029813208805870572,3.0,3.0,0.0,3.0,38,victory,1,0,,0,34,28,0:0|1:0|2:0|2:7|3:0|3:7|4:0|4:7|4:8|5:0|5:8|6:0|6:1|6:2|6:8|7:2|7:8|8:2|8:3|8:4|8:5|8:6|8:7|8:8|9:3|9:4|9:5|9:6,2647
1471,3199,0.029152768512341498,3.0,3.0,0.0,3.0,25,victory,1,0,,0,26,26,0:0|1:0|2:0|2:7|3:0|3:7|4:0|4:7|4:8|5:0|5:8|6:0|6:1|6:2|6:8|6:9|7:2|7:9|8:2|8:3|8:4|8:5|8:6|8:7|8:8|8:9,2647
1472,3200,0.028492328218812535,3.0,3.0,0.0,3.0,25,victory,1,0,,0,26,25,0:0|1:0|2:0|2:7|3:0|3:7|4:0|4:7|4:8|5:0|5:8|6:0|6:1|6:2|6:8|6:9|7:2|7:8|8:2|8:3|8:4|8:5|8:6|8:7|8:8,2647
1473,3201,0.02783188792528346,3.0,3.0,0.0,3.0,26,victory,1,0,,0,24,24,0:0|1:0|2:0|2:7|3:0|3:7|4:0|4:7|4:8|5:0|5:8|6:0|6:1|6:2|6:8|7:2|7:8|8:2|8:3|8:4|8:5|8:6|8:7|8:8,2647
1474,3202,0.027171447631754497,3.0,3.0,0.0,3.0,25,victory,1,0,,0,25,25,0:0|1:0|2:0|2:7|3:0|3:7|4:0|4:7|4:8|5:0|5:8|6:0|6:1|6:2|6:3|6:8|7:2|7:8|8:2|8:3|8:4|8:5|8:6|8:7|8:8,2647
1475,3203,0.026511007338225534,3.0,3.0,0.0,3.0,25,victory,1,0,,0,24,24,0:0|1:0|2:0|2:7|3:0|3:7|4:0|4:7|4:8|5:0|5:8|6:0|6:1|6:2|6:8|7:2|7:8|8:2|8:3|8:4|8:5|8:6|8:7|8:8,2647
1476,3204,0.02585056704469646,3.0,3.0,0.0,3.0,29,victory,1,0,,0,27,26,0:0|1:0|2:0|2:7|3:0|3:7|3:8|4:0|4:7|4:8|5:0|5:8|6:0|6:1|6:2|6:8|7:2|7:8|8:2|8:3|8:4|8:5|8:6|8:7|8:8|9:4,2647
1477,3205,0.025190126751167496,3.0,3.0,0.0,3.0,27,victory,1,0,,0,28,26,0:0|1:0|2:0|2:7|2:8|3:0|3:7|3:8|4:0|4:7|4:8|5:0|5:8|6:0|6:1|6:2|6:8|7:2|7:8|8:2|8:3|8:4|8:5|8:6|8:7|8:8,2647
1478,3206,0.024529686457638422,3.0,3.0,0.0,3.0,25,victory,1,0,,0,26,26,0:0|1:0|2:0|2:7|3:0|3:7|4:0|4:7|4:8|5:0|5:8|6:0|6:1|6:2|6:8|7:2|7:8|8:2|8:3|8:4|8:5|8:6|8:7|8:8|9:3|9:4,2647
1479,3207,0.02386924616410946,3.0,3.0,0.0,3.0,23,victory,1,0,,0,24,24,0:0|1:0|2:0|2:7|3:0|3:7|4:0|4:7|4:8|5:0|5:8|6:0|6:1|6:2|6:8|7:2|7:8|8:2|8:3|8:4|8:5|8:6|8:7|8:8,2647
1480,3208,0.023208805870580385,3.0,3.0,0.0,3.0,68,victory,1,0,,0,45,30,0:0|1:0|2:0|2:7|3:0|3:7|4:0|4:7|5:0|5:7|6:0|6:1|6:6|6:7|6:8|6:9|7:1|7:2|7:6|7:7|7:8|8:2|8:3|8:4|8:5|8:6|8:7|8:8|9:7|9:8,2647
1481,3209,0.02254836557705131,3.0,3.0,0.0,3.0,33,victory,1,0,,0,29,26,0:0|1:0|2:0|2:7|3:0|3:7|4:0|4:7|4:8|5:0|5:8|6:0|6:1|6:2|6:8|7:2|7:3|7:8|8:2|8:3|8:4|8:5|8:6|8:7|8:8|9:4,2647
1482,3210,0.021887925283522347,3.0,3.0,0.0,3.0,25,victory,1,0,,0,26,26,0:0|1:0|2:0|2:7|3:0|3:7|4:0|4:7|4:8|5:0|5:8|6:0|6:1|6:2|6:8|7:2|7:8|8:2|8:4|8:5|8:6|8:7|8:8|9:2|9:3|9:4,2647
1483,3211,0.021227484989993273,3.0,3.0,0.0,3.0,23,victory,1,0,,0,24,24,0:0|1:0|2:0|2:7|3:0|3:7|4:0|4:7|4:8|5:0|5:8|6:0|6:1|6:2|6:8|7:2|7:8|8:2|8:3|8:4|8:5|8:6|8:7|8:8,2647
1484,3212,0.02056704469646431,3.0,3.0,0.0,3.0,33,victory,1,0,,0,32,30,0:0|1:0|2:0|2:7|3:0|3:6|3:7|4:0|4:6|4:7|4:8|4:9|5:0|5:1|5:8|5:9|6:0|6:1|6:2|6:8|6:9|7:2|7:8|8:2|8:3|8:4|8:5|8:6|8:7|8:8,2647
1485,3213,0.019906604402935346,3.0,3.0,0.0,3.0,23,victory,1,0,,0,24,24,0:0|1:0|2:0|2:7|3:0|3:7|4:0|4:7|4:8|5:0|5:8|6:0|6:1|6:2|6:8|7:2|7:8|8:2|8:3|8:4|8:5|8:6|8:7|8:8,2647
1486,3214,0.019246164109406272,3.0,3.0,0.0,3.0,25,victory,1,0,,0,25,25,0:0|1:0|2:0|2:7|3:0|3:7|4:0|4:7|4:8|5:0|5:8|6:0|6:1|6:2|6:3|6:8|7:2|7:8|8:2|8:3|8:4|8:5|8:6|8:7|8:8,2647
1487,3215,0.01858572381587731,2.0,2.0,0.0,2.0,28,death,0,1,monster,0,22,22,0:0|1:0|2:0|3:0|4:0|5:0|5:7|5:8|6:0|6:1|6:2|6:8|7:2|7:8|8:2|8:3|8:4|8:5|8:6|8:7|8:8|9:5,2647
1488,3216,0.017925283522348234,3.0,3.0,0.0,3.0,27,victory,1,0,,0,25,24,0:0|1:0|2:0|2:7|3:0|3:7|4:0|4:7|4:8|5:0|5:8|6:0|6:1|6:2|6:8|7:2|7:8|8:2|8:3|8:4|8:5|8:6|8:7|8:8,2647
1489,3217,0.01726484322881927,3.0,3.0,0.0,3.0,23,victory,1,0,,0,24,24,0:0|1:0|2:0|2:7|3:0|3:7|4:0|4:7|4:8|5:0|5:8|6:0|6:1|6:2|6:8|7:2|7:3|7:8|8:3|8:4|8:5|8:6|8:7|8:8,2647
1490,3218,0.016604402935290197,3.0,3.0,0.0,3.0,27,victory,1,0,,0,26,25,0:0|1:0|2:0|2:7|3:0|3:7|4:0|4:7|5:0|5:7|6:0|6:1|6:2|6:7|6:8|7:2|7:7|7:8|8:2|8:3|8:4|8:5|8:6|8:7|8:8,2647
1491,3219,0.015943962641761122,3.0,3.0,0.0,3.0,29,victory,1,0,,0,29,27,0:0|1:0|2:0|2:7|2:8|3:0|3:8|4:0|4:7|4:8|5:0|5:7|5:8|6:0|6:1|6:2|6:7|6:8|7:2|7:8|8:2|8:3|8:4|8:5|8:6|8:7|8:8,2647
1492,3220,0.01528352234823216,3.0,3.0,0.0,3.0,53,victory,1,0,,0,34,27,0:0|1:0|2:0|2:7|3:0|3:7|4:0|4:7|4:8|5:0|5:8|6:0|6:1|6:2|6:8|7:2|7:8|7:9|8:2|8:3|8:4|8:5|8:6|8:7|8:8|9:5|9:8,2647
1493,3221,0.014623082054703085,3.0,3.0,0.0,3.0,25,victory,1,0,,0,25,24,0:0|1:0|2:0|2:7|3:0|3:7|4:0|4:7|5:0|5:7|6:0|6:1|6:2|6:7|6:8|7:2|7:8|8:2|8:3|8:4|8:5|8:6|8:7|8:8,2647
1494,3222,0.013962641761174122,3.0,3.0,0.0,3.0,23,victory,1,0,,0,24,24,0:0|1:0|2:0|2:7|3:0|3:7|4:0|4:7|4:8|5:0|5:8|6:0|6:1|6:2|6:8|7:2|7:8|8:2|8:3|8:4|8:5|8:6|8:7|8:8,2647
1495,3223,0.013302201467645158,3.0,3.0,0.0,3.0,25,victory,1,0,,0,26,25,0:0|1:0|2:0|2:7|3:0|3:7|4:0|4:7|4:8|5:0|5:7|5:8|6:0|6:1|6:2|6:8|7:2|7:8|8:2|8:3|8:4|8:5|8:6|8:7|8:8,2647
1496,3224,0.012641761174116084,3.0,3.0,0.0,3.0,25,victory,1,0,,0,26,26,0:0|1:0|2:0|2:7|2:8|3:0|3:7|3:8|4:0|4:7|4:8|5:0|5:8|6:0|6:8|7:0|7:1|7:2|7:8|8:2|8:3|8:4|8:5|8:6|8:7|8:8,2647
1497,3225,0.01198132088058712,3.0,3.0,0.0,3.0,23,victory,1,0,,0,24,24,0:0|1:0|2:0|2:7|3:0|3:7|4:0|4:7|4:8|5:0|5:8|6:0|6:1|6:2|6:8|7:2|7:8|8:2|8:3|8:4|8:5|8:6|8:7|8:8,2647
1498,3226,0.011320880587058046,3.0,3.0,0.0,3.0,23,victory,1,0,,0,24,24,0:0|1:0|2:0|2:7|3:0|3:7|4:0|4:7|4:8|5:0|5:8|6:0|6:1|6:2|6:8|7:2|7:8|8:2|8:3|8:4|8:5|8:6|8:7|8:8,2647
1499,3227,0.010660440293529083,3.0,3.0,0.0,3.0,23,victory,1,0,,0,24,24,0:0|1:0|2:0|2:7|3:0|3:7|4:0|4:7|4:8|5:0|5:8|6:0|6:1|6:2|6:8|7:2|7:8|8:2|8:3|8:4|8:5|8:6|8:7|8:8,2647
1500,3228,0.010000000000000009,3.0,3.0,0.0,3.0,23,victory,1,0,,0,24,24,0:0|1:0|2:0|2:7|3:0|3:7|4:0|4:7|4:8|5:0|5:8|6:0|6:1|6:2|6:8|7:2|7:8|8:2|8:3|8:4|8:5|8:6|8:7|8:8,2647
