episode,seed,epsilon,episode_reward,extrinsic_reward,intrinsic_reward,learning_reward,steps,status,victory,death,death_cause,truncated,unique_states,unique_positions,visited_positions,q_table_states
1,1729,1.0,0.0,0.0,0.0,0.0,50,truncated,0,0,,1,11,11,3:1|4:1|4:2|4:3|5:1|5:2|6:1|6:2|7:1|7:2|8:1,11
2,1730,0.9996832277425809,0.0,0.0,0.0,0.0,6,death,0,1,fire,0,5,5,6:2|7:1|7:2|8:1|8:2,11
3,1731,0.9993664554851617,0.0,0.0,0.0,0.0,50,truncated,0,0,,1,12,12,2:1|3:1|4:1|4:2|4:3|5:1|5:2|6:1|6:2|7:1|7:2|8:1,12
4,1732,0.9990496832277426,0.0,0.0,0.0,0.0,4,death,0,1,fire,0,3,3,7:1|8:1|8:2,12
5,1733,0.9987329109703235,0.0,0.0,0.0,0.0,15,death,0,1,fire,0,9,9,6:4|6:5|7:1|7:2|7:3|7:4|7:5|8:1|8:4,17
6,1734,0.9984161387129044,0.0,0.0,0.0,0.0,50,truncated,0,0,,1,9,9,4:1|4:2|4:3|4:4|4:5|5:2|6:1|6:2|7:1,19
7,1735,0.9980993664554851,0.0,0.0,0.0,0.0,43,death,0,1,fire,0,13,13,4:1|4:2|4:3|5:1|5:2|6:1|6:2|6:3|7:1|7:2|7:3|8:1|8:2,20
8,1736,0.997782594198066,0.0,0.0,0.0,0.0,3,death,0,1,fire,0,3,3,7:1|8:1|8:2,20
9,1737,0.9974658219406469,0.0,0.0,0.0,0.0,20,death,0,1,fire,0,9,9,5:1|5:2|6:1|6:2|6:3|7:1|7:2|8:1|8:2,20
10,1738,0.9971490496832277,0.0,0.0,0.0,0.0,50,truncated,0,0,,1,12,12,2:1|2:2|2:3|3:1|4:1|4:2|4:3|4:4|5:1|6:1|7:1|8:1,22
11,1739,0.9968322774258086,1.0,1.0,0.0,1.0,30,victory,1,0,,0,16,16,4:1|4:2|5:1|5:2|5:8|6:2|6:3|6:4|6:5|6:6|6:7|6:8|7:1|7:2|7:8|8:1,26
12,1740,0.9965155051683895,0.0,0.0,0.0,0.0,8,death,0,1,fire,0,3,3,7:1|8:1|8:2,26
13,1741,0.9961987329109703,0.0,0.0,0.0,0.0,17,death,0,1,fire,0,9,9,4:1|4:2|5:1|5:2|6:1|6:2|7:1|8:1|8:2,26
14,1742,0.9958819606535512,0.0,0.0,0.0,0.0,22,death,0,1,fire,0,9,9,6:2|6:3|6:4|6:5|7:1|7:2|7:3|8:1|8:2,26
15,1743,0.9955651883961321,0.0,0.0,0.0,0.0,10,death,0,1,fire,0,9,9,6:3|6:4|6:5|7:1|7:2|7:3|7:4|7:5|8:5,26
16,1744,0.995248416138713,0.0,0.0,0.0,0.0,19,death,0,1,fire,0,6,6,6:1|6:2|7:1|7:2|7:3|8:2,26
17,1745,0.9949316438812937,0.0,0.0,0.0,0.0,50,truncated,0,0,,1,11,11,2:1|2:2|3:1|4:1|4:2|5:1|5:2|6:1|6:2|7:1|8:1,26
18,1746,0.9946148716238746,0.0,0.0,0.0,0.0,9,death,0,1,fire,0,6,6,6:2|6:3|7:1|7:2|8:1|8:2,26
19,1747,0.9942980993664555,0.0,0.0,0.0,0.0,4,death,0,1,fire,0,5,5,6:1|6:2|7:1|7:2|8:2,26
20,1748,0.9939813271090363,0.0,0.0,0.0,0.0,34,death,0,1,fire,0,13,13,3:1|4:1|4:2|4:3|5:1|5:2|6:1|6:2|7:1|7:2|7:3|8:1|8:3,26
21,1749,0.9936645548516172,0.0,0.0,0.0,0.0,5,death,0,1,fire,0,4,4,7:1|7:2|7:3|8:3,26
22,1750,0.9933477825941981,0.0,0.0,0.0,0.0,4,death,0,1,fire,0,3,3,7:1|7:2|8:2,26
23,1751,0.9930310103367789,0.0,0.0,0.0,0.0,25,death,0,1,fire,0,13,13,4:2|4:3|5:2|6:2|6:3|6:4|6:5|7:1|7:2|7:3|7:4|7:5|8:5,26
24,1752,0.9927142380793598,0.0,0.0,0.0,0.0,2,death,0,1,fire,0,3,3,7:1|7:2|8:2,26
25,1753,0.9923974658219407,0.0,0.0,0.0,0.0,29,death,0,1,fire,0,15,15,4:1|5:1|5:2|6:1|6:2|6:3|6:4|6:5|7:1|7:2|7:3|7:4|7:5|7:6|8:6,27
26,1754,0.9920806935645216,0.0,0.0,0.0,0.0,46,death,0,1,fire,0,14,14,6:1|6:2|6:3|6:4|6:5|6:6|7:1|7:2|7:3|7:4|7:5|7:6|8:1|8:5,27
27,1755,0.9917639213071023,0.0,0.0,0.0,0.0,4,death,0,1,fire,0,3,3,7:1|8:1|8:2,27
28,1756,0.9914471490496832,0.0,0.0,0.0,0.0,20,death,0,1,fire,0,8,8,6:2|6:3|6:4|7:1|7:2|7:3|8:1|8:2,27
29,1757,0.9911303767922641,0.0,0.0,0.0,0.0,20,death,0,1,fire,0,9,9,4:1|4:2|5:1|5:2|6:1|6:2|7:1|7:2|8:2,27
30,1758,0.9908136045348449,0.0,0.0,0.0,0.0,24,death,0,1,fire,0,13,13,4:1|4:2|5:1|5:2|6:1|6:2|6:3|6:4|7:1|7:2|7:3|7:4|8:3,27
31,1759,0.9904968322774258,0.0,0.0,0.0,0.0,4,death,0,1,fire,0,3,3,7:1|8:1|8:2,27
32,1760,0.9901800600200067,0.0,0.0,0.0,0.0,50,death,0,1,fire,0,18,18,2:1|2:2|2:3|3:1|4:1|4:2|4:3|5:1|5:2|6:1|6:2|6:3|6:4|6:5|7:1|7:2|7:5|8:5,27
33,1761,0.9898632877625876,0.0,0.0,0.0,0.0,29,death,0,1,fire,0,9,9,5:1|5:2|6:1|6:2|6:3|7:1|7:2|7:3|8:2,27
34,1762,0.9895465155051684,0.0,0.0,0.0,0.0,17,death,0,1,fire,0,6,6,6:1|6:2|7:1|7:2|8:1|8:2,27
35,1763,0.9892297432477493,0.0,0.0,0.0,0.0,3,death,0,1,fire,0,3,3,7:1|7:2|8:2,27
36,1764,0.9889129709903302,0.0,0.0,0.0,0.0,5,death,0,1,fire,0,4,4,7:1|7:2|8:1|8:2,27
37,1765,0.9885961987329109,0.0,0.0,0.0,0.0,8,death,0,1,fire,0,7,7,6:1|6:2|6:3|6:4|7:1|7:3|8:3,27
38,1766,0.9882794264754918,0.0,0.0,0.0,0.0,5,death,0,1,fire,0,3,3,7:1|8:1|8:2,27
39,1767,0.9879626542180727,0.0,0.0,0.0,0.0,4,death,0,1,fire,0,4,4,6:1|7:1|8:1|8:2,27
40,1768,0.9876458819606535,0.0,0.0,0.0,0.0,50,truncated,0,0,,1,10,10,4:1|4:2|5:1|5:2|6:1|6:2|6:3|7:1|7:2|8:1,27
41,1769,0.9873291097032344,0.0,0.0,0.0,0.0,9,death,0,1,fire,0,7,7,6:4|7:1|7:2|7:3|7:4|8:1|8:4,27
42,1770,0.9870123374458153,0.0,0.0,0.0,0.0,50,truncated,0,0,,1,9,9,4:1|4:2|4:3|4:4|5:1|5:2|6:1|6:2|7:1,27
43,1771,0.9866955651883962,0.0,0.0,0.0,0.0,4,death,0,1,fire,0,4,4,6:1|7:1|8:1|8:2,27
44,1772,0.986378792930977,0.0,0.0,0.0,0.0,4,death,0,1,fire,0,3,3,7:1|8:1|8:2,27
45,1773,0.9860620206735579,0.0,0.0,0.0,0.0,50,truncated,0,0,,1,10,10,3:1|4:1|4:2|4:3|4:4|4:5|4:6|5:1|6:1|7:1,28
46,1774,0.9857452484161388,0.0,0.0,0.0,0.0,50,truncated,0,0,,1,12,12,2:1|2:2|3:1|4:1|4:2|5:1|5:2|6:1|6:2|7:1|7:2|8:1,28
47,1775,0.9854284761587195,0.0,0.0,0.0,0.0,7,death,0,1,fire,0,3,3,7:1|8:1|8:2,28
48,1776,0.9851117039013004,0.0,0.0,0.0,0.0,2,death,0,1,fire,0,3,3,7:1|7:2|8:2,28
49,1777,0.9847949316438813,0.0,0.0,0.0,0.0,15,death,0,1,fire,0,10,10,4:1|4:2|5:1|5:2|6:1|6:2|7:1|7:2|7:3|8:3,28
50,1778,0.9844781593864621,0.0,0.0,0.0,0.0,2,death,0,1,fire,0,3,3,7:1|7:2|8:2,28
51,1779,0.984161387129043,0.0,0.0,0.0,0.0,8,death,0,1,fire,0,4,4,6:1|7:1|8:1|8:2,28
52,1780,0.9838446148716239,0.0,0.0,0.0,0.0,7,death,0,1,fire,0,6,6,6:1|6:2|7:1|7:2|8:1|8:2,28
53,1781,0.9835278426142048,0.0,0.0,0.0,0.0,2,death,0,1,fire,0,3,3,7:1|8:1|8:2,28
54,1782,0.9832110703567856,0.0,0.0,0.0,0.0,3,death,0,1,fire,0,4,4,7:1|7:2|7:3|8:3,28
55,1783,0.9828942980993665,0.0,0.0,0.0,0.0,8,death,0,1,fire,0,6,6,7:1|7:2|7:3|7:4|8:1|8:4,28
56,1784,0.9825775258419474,0.0,0.0,0.0,0.0,9,death,0,1,fire,0,4,4,6:1|7:1|8:1|8:2,28
57,1785,0.9822607535845281,0.0,0.0,0.0,0.0,19,death,0,1,fire,0,7,7,6:1|6:2|6:3|7:1|7:2|8:1|8:2,28
58,1786,0.981943981327109,0.0,0.0,0.0,0.0,8,death,0,1,fire,0,5,5,6:1|6:2|7:1|7:2|8:2,28
59,1787,0.9816272090696899,0.0,0.0,0.0,0.0,3,death,0,1,fire,0,3,3,7:1|8:1|8:2,28
60,1788,0.9813104368122707,0.0,0.0,0.0,0.0,2,death,0,1,fire,0,3,3,7:1|8:1|8:2,28
61,1789,0.9809936645548516,0.0,0.0,0.0,0.0,2,death,0,1,fire,0,3,3,7:1|7:2|8:2,28
62,1790,0.9806768922974325,0.0,0.0,0.0,0.0,2,death,0,1,fire,0,3,3,7:1|8:1|8:2,28
63,1791,0.9803601200400134,0.0,0.0,0.0,0.0,50,truncated,0,0,,1,10,10,2:1|2:2|2:3|2:4|2:5|3:1|4:1|5:1|6:1|7:1,30
64,1792,0.9800433477825942,0.0,0.0,0.0,0.0,8,death,0,1,fire,0,7,7,6:2|6:3|7:1|7:2|7:3|7:4|8:4,30
65,1793,0.9797265755251751,0.0,0.0,0.0,0.0,4,death,0,1,fire,0,4,4,6:2|7:1|7:2|8:2,30
66,1794,0.979409803267756,0.0,0.0,0.0,0.0,2,death,0,1,fire,0,3,3,7:1|8:1|8:2,30
67,1795,0.9790930310103367,0.0,0.0,0.0,0.0,6,death,0,1,fire,0,3,3,7:1|8:1|8:2,30
68,1796,0.9787762587529176,0.0,0.0,0.0,0.0,20,death,0,1,fire,0,7,7,5:1|6:1|6:2|7:1|7:2|7:3|8:3,30
69,1797,0.9784594864954985,0.0,0.0,0.0,0.0,50,truncated,0,0,,1,18,18,3:1|4:1|4:2|4:3|4:4|4:5|4:6|5:1|5:2|5:6|6:1|6:2|6:3|6:4|6:5|6:6|7:1|7:5,31
70,1798,0.9781427142380794,0.0,0.0,0.0,0.0,9,death,0,1,fire,0,6,6,6:3|6:4|7:1|7:2|7:3|8:3,31
71,1799,0.9778259419806602,0.0,0.0,0.0,0.0,50,truncated,0,0,,1,13,13,2:1|3:1|4:1|4:2|4:3|5:1|5:2|6:1|6:2|6:3|7:1|7:2|8:1,31
72,1800,0.9775091697232411,0.0,0.0,0.0,0.0,2,death,0,1,fire,0,3,3,7:1|7:2|8:2,31
73,1801,0.977192397465822,1.0,1.0,0.0,1.0,18,victory,1,0,,0,14,14,6:1|6:2|6:3|6:4|6:5|6:6|6:7|6:8|7:1|7:2|7:4|7:5|7:6|7:8,31
74,1802,0.9768756252084028,0.0,0.0,0.0,0.0,5,death,0,1,fire,0,3,3,7:1|8:1|8:2,31
75,1803,0.9765588529509837,0.0,0.0,0.0,0.0,3,death,0,1,fire,0,3,3,7:1|8:1|8:2,31
76,1804,0.9762420806935646,0.0,0.0,0.0,0.0,17,death,0,1,fire,0,5,5,6:1|7:1|7:2|8:1|8:2,31
77,1805,0.9759253084361453,0.0,0.0,0.0,0.0,11,death,0,1,fire,0,7,7,6:1|6:2|6:3|7:1|7:2|7:3|8:2,31
78,1806,0.9756085361787262,0.0,0.0,0.0,0.0,4,death,0,1,fire,0,4,4,7:1|7:2|7:3|8:2,31
79,1807,0.9752917639213071,0.0,0.0,0.0,0.0,4,death,0,1,fire,0,4,4,7:1|7:2|8:1|8:2,31
80,1808,0.974974991663888,0.0,0.0,0.0,0.0,2,death,0,1,fire,0,3,3,7:1|7:2|8:2,31
81,1809,0.9746582194064688,0.0,0.0,0.0,0.0,8,death,0,1,fire,0,3,3,7:1|8:1|8:2,31
82,1810,0.9743414471490497,0.0,0.0,0.0,0.0,50,truncated,0,0,,1,13,13,2:1|2:2|2:3|2:4|2:5|2:6|3:1|4:1|4:2|5:1|6:1|6:2|7:1,32
83,1811,0.9740246748916306,0.0,0.0,0.0,0.0,33,death,0,1,fire,0,9,9,4:1|4:2|5:1|5:2|6:1|6:2|7:1|8:1|8:2,32
84,1812,0.9737079026342114,0.0,0.0,0.0,0.0,6,death,0,1,fire,0,5,5,6:1|6:2|7:1|7:2|8:2,32
85,1813,0.9733911303767923,0.0,0.0,0.0,0.0,5,death,0,1,fire,0,3,3,7:1|8:1|8:2,32
86,1814,0.9730743581193732,0.0,0.0,0.0,0.0,4,death,0,1,fire,0,3,3,7:1|8:1|8:2,32
87,1815,0.9727575858619539,0.0,0.0,0.0,0.0,3,death,0,1,fire,0,3,3,7:1|8:1|8:2,32
88,1816,0.9724408136045348,0.0,0.0,0.0,0.0,4,death,0,1,fire,0,3,3,7:1|8:1|8:2,32
89,1817,0.9721240413471157,0.0,0.0,0.0,0.0,5,death,0,1,fire,0,3,3,7:1|8:1|8:2,32
90,1818,0.9718072690896966,0.0,0.0,0.0,0.0,11,death,0,1,fire,0,3,3,7:1|8:1|8:2,32
91,1819,0.9714904968322774,0.0,0.0,0.0,0.0,11,death,0,1,fire,0,4,4,6:1|7:1|8:1|8:2,32
92,1820,0.9711737245748583,0.0,0.0,0.0,0.0,27,death,0,1,fire,0,9,9,6:1|6:2|6:3|6:4|7:1|7:2|7:3|7:4|8:4,32
93,1821,0.9708569523174392,0.0,0.0,0.0,0.0,3,death,0,1,fire,0,3,3,7:1|7:2|8:2,32
94,1822,0.97054018006002,0.0,0.0,0.0,0.0,50,truncated,0,0,,1,11,11,4:1|4:2|4:3|4:4|5:1|5:2|6:1|6:2|6:3|7:1|7:2,32
95,1823,0.9702234078026009,0.0,0.0,0.0,0.0,2,death,0,1,fire,0,3,3,7:1|8:1|8:2,32
96,1824,0.9699066355451818,0.0,0.0,0.0,0.0,50,truncated,0,0,,1,13,13,4:2|4:3|5:1|5:2|6:1|6:2|6:3|6:4|7:1|7:2|7:3|7:4|8:1,32
97,1825,0.9695898632877626,0.0,0.0,0.0,0.0,2,death,0,1,fire,0,3,3,7:1|7:2|8:2,32
98,1826,0.9692730910303434,0.0,0.0,0.0,0.0,41,death,0,1,fire,0,12,12,2:1|3:1|4:1|4:2|5:1|5:2|6:1|6:2|7:1|7:2|7:3|8:3,32
99,1827,0.9689563187729243,0.0,0.0,0.0,0.0,4,death,0,1,fire,0,4,4,6:2|7:1|7:2|8:2,32
100,1828,0.9686395465155052,0.0,0.0,0.0,0.0,4,death,0,1,fire,0,3,3,7:1|8:1|8:2,32
101,1829,0.968322774258086,0.0,0.0,0.0,0.0,50,truncated,0,0,,1,15,15,2:1|3:1|4:1|4:2|5:1|5:2|6:1|6:2|6:3|6:4|7:1|7:2|7:3|7:4|8:1,32
102,1830,0.9680060020006669,0.0,0.0,0.0,0.0,5,death,0,1,fire,0,3,3,7:1|8:1|8:2,32
103,1831,0.9676892297432478,0.0,0.0,0.0,0.0,50,truncated,0,0,,1,12,12,2:1|2:2|2:3|3:1|4:1|4:2|4:3|5:1|5:2|6:1|7:1|7:2,32
104,1832,0.9673724574858286,0.0,0.0,0.0,0.0,10,death,0,1,fire,0,4,4,6:1|7:1|8:1|8:2,32
105,1833,0.9670556852284095,0.0,0.0,0.0,0.0,3,death,0,1,fire,0,3,3,7:1|7:2|8:2,32
106,1834,0.9667389129709903,0.0,0.0,0.0,0.0,2,death,0,1,fire,0,3,3,7:1|8:1|8:2,32
107,1835,0.9664221407135712,0.0,0.0,0.0,0.0,2,death,0,1,fire,0,3,3,7:1|8:1|8:2,32
108,1836,0.966105368456152,0.0,0.0,0.0,0.0,50,truncated,0,0,,1,11,11,3:1|4:1|4:2|5:1|5:2|6:1|6:2|6:3|7:1|7:2|7:3,32
109,1837,0.9657885961987329,0.0,0.0,0.0,0.0,24,death,0,1,fire,0,10,10,3:1|4:1|5:1|5:2|6:1|6:2|7:1|7:2|8:1|8:2,32
110,1838,0.9654718239413138,0.0,0.0,0.0,0.0,10,death,0,1,fire,0,6,6,6:3|7:1|7:2|7:3|8:1|8:2,32
111,1839,0.9651550516838946,0.0,0.0,0.0,0.0,8,death,0,1,fire,0,4,4,7:1|7:2|8:1|8:2,32
112,1840,0.9648382794264755,0.0,0.0,0.0,0.0,2,death,0,1,fire,0,3,3,7:1|7:2|8:2,32
113,1841,0.9645215071690564,0.0,0.0,0.0,0.0,50,truncated,0,0,,1,24,24,2:3|2:4|2:5|2:6|2:7|3:7|4:1|4:2|4:3|4:4|4:5|4:6|4:7|4:8|5:1|5:2|5:6|5:7|5:8|6:1|6:2|6:7|7:1|7:2,37
114,1842,0.9642047349116372,0.0,0.0,0.0,0.0,50,truncated,0,0,,1,15,15,2:1|2:2|2:3|3:1|4:1|4:2|5:1|5:2|6:1|6:2|6:3|6:4|7:1|7:2|7:3,37
115,1843,0.9638879626542181,0.0,0.0,0.0,0.0,12,death,0,1,fire,0,11,11,5:1|5:2|6:1|6:2|6:3|6:4|6:5|7:1|7:5|7:6|8:6,37
116,1844,0.963571190396799,0.0,0.0,0.0,0.0,9,death,0,1,fire,0,6,6,6:1|6:2|7:1|7:2|8:1|8:2,37
117,1845,0.9632544181393798,0.0,0.0,0.0,0.0,23,death,0,1,fire,0,8,8,3:1|4:1|5:1|5:2|6:1|7:1|8:1|8:2,37
118,1846,0.9629376458819606,0.0,0.0,0.0,0.0,19,death,0,1,fire,0,8,8,5:1|6:1|6:2|6:3|7:1|7:2|7:3|8:3,37
119,1847,0.9626208736245415,0.0,0.0,0.0,0.0,8,death,0,1,fire,0,7,7,6:1|6:2|6:3|7:1|7:2|7:3|8:3,37
120,1848,0.9623041013671224,0.0,0.0,0.0,0.0,4,death,0,1,fire,0,3,3,7:1|8:1|8:2,37
121,1849,0.9619873291097032,0.0,0.0,0.0,0.0,50,truncated,0,0,,1,12,12,2:1|2:2|3:1|4:1|4:2|4:3|5:1|5:2|6:1|6:2|7:1|7:2,37
122,1850,0.9616705568522841,0.0,0.0,0.0,0.0,14,death,0,1,fire,0,8,8,3:1|4:1|5:1|5:2|6:2|7:1|7:2|8:2,37
123,1851,0.961353784594865,0.0,0.0,0.0,0.0,50,truncated,0,0,,1,13,13,2:1|2:2|2:3|2:4|3:1|4:1|5:1|5:2|6:2|6:3|7:1|7:2|8:1,37
124,1852,0.9610370123374459,0.0,0.0,0.0,0.0,2,death,0,1,fire,0,3,3,7:1|8:1|8:2,37
125,1853,0.9607202400800267,0.0,0.0,0.0,0.0,50,truncated,0,0,,1,11,11,2:1|3:1|4:1|4:2|5:1|5:2|6:1|6:2|6:3|7:1|7:2,37
126,1854,0.9604034678226075,0.0,0.0,0.0,0.0,3,death,0,1,fire,0,3,3,7:1|8:1|8:2,37
127,1855,0.9600866955651884,0.0,0.0,0.0,0.0,5,death,0,1,fire,0,4,4,6:1|7:1|7:2|8:2,37
128,1856,0.9597699233077692,0.0,0.0,0.0,0.0,30,death,0,1,fire,0,13,13,5:2|5:6|6:1|6:2|6:3|6:4|6:5|6:6|7:1|7:4|7:5|7:6|8:6,37
129,1857,0.9594531510503501,0.0,0.0,0.0,0.0,4,death,0,1,fire,0,4,4,7:1|7:2|7:3|8:2,37
130,1858,0.959136378792931,0.0,0.0,0.0,0.0,14,death,0,1,fire,0,8,8,4:2|5:2|6:1|6:2|7:1|7:2|8:1|8:2,37
131,1859,0.9588196065355118,0.0,0.0,0.0,0.0,4,death,0,1,fire,0,3,3,7:1|8:1|8:2,37
132,1860,0.9585028342780927,0.0,0.0,0.0,0.0,50,truncated,0,0,,1,9,9,4:1|4:2|5:1|5:2|6:1|6:2|7:1|7:2|8:1,37
133,1861,0.9581860620206736,0.0,0.0,0.0,0.0,2,death,0,1,fire,0,3,3,7:1|8:1|8:2,37
134,1862,0.9578692897632545,0.0,0.0,0.0,0.0,5,death,0,1,fire,0,4,4,7:1|7:2|7:3|8:3,37
135,1863,0.9575525175058353,0.0,0.0,0.0,0.0,50,truncated,0,0,,1,13,13,4:1|4:2|4:3|4:4|4:5|5:1|5:2|6:1|6:2|6:3|6:4|7:1|7:2,37
136,1864,0.9572357452484161,0.0,0.0,0.0,0.0,7,death,0,1,fire,0,4,4,7:1|7:2|8:1|8:2,37
137,1865,0.956918972990997,0.0,0.0,0.0,0.0,50,truncated,0,0,,1,15,15,4:1|4:2|4:3|4:4|4:5|5:1|5:2|6:1|6:2|6:3|6:4|7:1|7:2|7:3|7:4,37
138,1866,0.9566022007335778,0.0,0.0,0.0,0.0,50,truncated,0,0,,1,17,17,2:7|2:8|3:7|3:8|4:1|4:2|4:3|4:4|4:5|4:6|4:7|4:8|5:1|5:2|6:1|7:1|8:1,39
139,1867,0.9562854284761587,0.0,0.0,0.0,0.0,50,truncated,0,0,,1,13,13,2:1|2:2|3:1|4:1|4:2|4:3|4:4|4:5|4:6|4:7|5:1|6:1|7:1,39
140,1868,0.9559686562187396,0.0,0.0,0.0,0.0,14,death,0,1,fire,0,6,6,5:1|6:1|6:2|7:1|8:1|8:2,39
141,1869,0.9556518839613204,0.0,0.0,0.0,0.0,50,truncated,0,0,,1,12,12,2:1|2:2|3:1|4:1|4:2|4:3|5:1|5:2|6:1|6:2|6:3|7:1,39
142,1870,0.9553351117039013,0.0,0.0,0.0,0.0,4,death,0,1,fire,0,3,3,7:1|8:1|8:2,39
143,1871,0.9550183394464822,0.0,0.0,0.0,0.0,19,death,0,1,fire,0,8,8,5:1|5:2|6:1|6:2|7:1|7:2|8:1|8:2,39
144,1872,0.9547015671890631,0.0,0.0,0.0,0.0,20,death,0,1,fire,0,9,9,5:1|6:1|6:2|6:3|7:1|7:2|7:3|8:1|8:2,39
145,1873,0.9543847949316439,0.0,0.0,0.0,0.0,6,death,0,1,fire,0,3,3,7:1|7:2|8:2,39
146,1874,0.9540680226742247,0.0,0.0,0.0,0.0,26,death,0,1,fire,0,9,9,4:2|5:1|5:2|6:1|6:2|7:1|7:2|8:1|8:2,39
147,1875,0.9537512504168056,0.0,0.0,0.0,0.0,7,death,0,1,fire,0,3,3,7:1|7:2|8:2,39
148,1876,0.9534344781593864,0.0,0.0,0.0,0.0,8,death,0,1,fire,0,4,4,6:1|7:1|8:1|8:2,39
149,1877,0.9531177059019673,0.0,0.0,0.0,0.0,50,truncated,0,0,,1,13,13,2:1|2:2|3:1|4:1|4:2|4:3|4:4|4:5|5:1|5:2|6:2|7:1|7:2,39
150,1878,0.9528009336445482,0.0,0.0,0.0,0.0,15,death,0,1,fire,0,11,11,5:1|5:2|6:1|6:2|6:3|6:4|6:5|7:1|7:3|7:5|8:5,39
151,1879,0.952484161387129,0.0,0.0,0.0,0.0,5,death,0,1,fire,0,3,3,7:1|8:1|8:2,39
152,1880,0.9521673891297099,0.0,0.0,0.0,0.0,4,death,0,1,fire,0,4,4,7:1|7:2|8:1|8:2,39
153,1881,0.9518506168722908,0.0,0.0,0.0,0.0,3,death,0,1,fire,0,3,3,7:1|8:1|8:2,39
154,1882,0.9515338446148717,0.0,0.0,0.0,0.0,2,death,0,1,fire,0,3,3,7:1|8:1|8:2,39
155,1883,0.9512170723574525,0.0,0.0,0.0,0.0,2,death,0,1,fire,0,3,3,7:1|8:1|8:2,39
156,1884,0.9509003001000333,0.0,0.0,0.0,0.0,3,death,0,1,fire,0,3,3,7:1|8:1|8:2,39
157,1885,0.9505835278426142,0.0,0.0,0.0,0.0,50,truncated,0,0,,1,13,13,3:1|4:1|4:2|4:3|4:4|4:5|4:6|5:1|5:2|6:1|7:1|7:2|7:3,39
158,1886,0.950266755585195,0.0,0.0,0.0,0.0,3,death,0,1,fire,0,4,4,7:1|7:2|7:3|8:3,39
159,1887,0.9499499833277759,0.0,0.0,0.0,0.0,50,truncated,0,0,,1,14,14,3:1|4:1|4:2|4:3|4:4|5:1|5:2|6:1|6:2|7:1|7:2|7:3|7:4|8:1,39
160,1888,0.9496332110703568,0.0,0.0,0.0,0.0,50,truncated,0,0,,1,10,10,3:1|4:1|4:2|5:1|5:2|6:1|6:2|7:1|7:2|8:1,39
161,1889,0.9493164388129376,1.0,1.0,0.0,1.0,12,victory,1,0,,0,12,12,5:6|5:7|6:5|6:6|6:7|6:8|7:1|7:2|7:3|7:4|7:5|7:8,39
162,1890,0.9489996665555185,0.0,0.0,0.0,0.0,50,truncated,0,0,,1,12,12,3:1|4:1|4:2|4:3|4:4|4:5|5:1|5:2|6:1|6:2|7:1|7:2,39
163,1891,0.9486828942980994,0.0,0.0,0.0,0.0,19,death,0,1,fire,0,8,8,5:1|5:2|6:1|6:2|7:1|7:2|8:1|8:2,39
164,1892,0.9483661220406803,0.0,0.0,0.0,0.0,12,death,0,1,fire,0,8,8,4:2|5:1|5:2|6:1|6:2|7:1|7:2|8:2,39
165,1893,0.948049349783261,0.0,0.0,0.0,0.0,5,death,0,1,fire,0,5,5,7:1|7:2|7:3|8:1|8:3,39
166,1894,0.947732577525842,0.0,0.0,0.0,0.0,7,death,0,1,fire,0,3,3,7:1|8:1|8:2,39
167,1895,0.9474158052684228,0.0,0.0,0.0,0.0,4,death,0,1,fire,0,4,4,6:1|7:1|8:1|8:2,39
168,1896,0.9470990330110036,0.0,0.0,0.0,0.0,8,death,0,1,fire,0,5,5,6:3|7:1|7:2|7:3|8:3,39
169,1897,0.9467822607535845,0.0,0.0,0.0,0.0,18,death,0,1,fire,0,5,5,5:1|6:1|7:1|8:1|8:2,39
170,1898,0.9464654884961654,0.0,0.0,0.0,0.0,2,death,0,1,fire,0,3,3,7:1|8:1|8:2,39
171,1899,0.9461487162387463,0.0,0.0,0.0,0.0,13,death,0,1,fire,0,4,4,6:1|7:1|8:1|8:2,39
172,1900,0.9458319439813271,0.0,0.0,0.0,0.0,10,death,0,1,fire,0,5,5,7:1|7:2|7:3|8:1|8:2,39
173,1901,0.945515171723908,0.0,0.0,0.0,0.0,5,death,0,1,fire,0,3,3,7:1|8:1|8:2,39
174,1902,0.9451983994664889,0.0,0.0,0.0,0.0,6,death,0,1,fire,0,4,4,6:1|7:1|8:1|8:2,39
175,1903,0.9448816272090697,0.0,0.0,0.0,0.0,37,death,0,1,fire,0,13,13,5:1|5:2|6:1|6:2|6:3|6:4|7:1|7:2|7:3|7:4|7:5|8:1|8:4,39
176,1904,0.9445648549516505,0.0,0.0,0.0,0.0,6,death,0,1,fire,0,5,5,5:1|6:1|7:1|8:1|8:2,39
177,1905,0.9442480826942314,0.0,0.0,0.0,0.0,50,truncated,0,0,,1,20,20,2:2|2:3|2:4|2:5|2:6|2:7|3:7|4:2|4:3|4:4|4:5|4:6|4:7|5:1|5:2|6:1|6:2|6:3|7:1|8:1,39
178,1906,0.9439313104368123,0.0,0.0,0.0,0.0,21,death,0,1,fire,0,9,9,4:1|4:2|5:1|5:2|6:1|6:2|7:1|8:1|8:2,39
179,1907,0.9436145381793931,0.0,0.0,0.0,0.0,3,death,0,1,fire,0,3,3,7:1|8:1|8:2,39
180,1908,0.943297765921974,0.0,0.0,0.0,0.0,32,death,0,1,fire,0,12,12,3:1|4:1|5:1|6:1|6:2|6:3|6:4|7:1|7:2|7:3|8:1|8:2,39
181,1909,0.9429809936645549,0.0,0.0,0.0,0.0,13,death,0,1,fire,0,8,8,5:1|6:1|6:2|6:3|7:1|7:2|7:3|8:3,39
182,1910,0.9426642214071357,0.0,0.0,0.0,0.0,7,death,0,1,fire,0,5,5,6:3|7:1|7:2|7:3|8:3,39
183,1911,0.9423474491497166,0.0,0.0,0.0,0.0,50,truncated,0,0,,1,14,14,2:1|2:2|2:3|2:4|2:5|3:1|4:1|5:1|5:2|6:1|6:2|7:1|7:2|8:1,39
184,1912,0.9420306768922975,0.0,0.0,0.0,0.0,3,death,0,1,fire,0,4,4,7:1|7:2|7:3|8:3,39
185,1913,0.9417139046348783,0.0,0.0,0.0,0.0,2,death,0,1,fire,0,3,3,7:1|7:2|8:2,39
186,1914,0.9413971323774591,0.0,0.0,0.0,0.0,14,death,0,1,fire,0,11,11,6:1|6:2|6:3|6:4|6:5|7:1|7:2|7:4|7:5|7:6|8:6,39
187,1915,0.94108036012004,0.0,0.0,0.0,0.0,6,death,0,1,fire,0,4,4,7:1|7:2|8:1|8:2,39
188,1916,0.9407635878626208,0.0,0.0,0.0,0.0,10,death,0,1,fire,0,5,5,6:1|6:2|7:1|7:2|8:2,39
189,1917,0.9404468156052017,0.0,0.0,0.0,0.0,50,truncated,0,0,,1,13,13,2:1|3:1|4:1|4:2|4:3|4:4|4:5|4:6|4:7|5:1|5:6|6:1|7:1,39
190,1918,0.9401300433477826,0.0,0.0,0.0,0.0,5,death,0,1,fire,0,3,3,7:1|8:1|8:2,39
191,1919,0.9398132710903635,0.0,0.0,0.0,0.0,4,death,0,1,fire,0,3,3,7:1|8:1|8:2,39
192,1920,0.9394964988329443,0.0,0.0,0.0,0.0,22,death,0,1,fire,0,11,11,4:1|4:2|5:1|5:2|6:1|6:2|6:3|7:1|7:2|7:3|8:3,39
193,1921,0.9391797265755252,0.0,0.0,0.0,0.0,5,death,0,1,fire,0,3,3,7:1|8:1|8:2,39
194,1922,0.9388629543181061,0.0,0.0,0.0,0.0,50,truncated,0,0,,1,12,12,2:1|2:2|2:3|3:1|4:1|4:2|5:1|5:2|6:1|6:2|7:1|7:2,39
195,1923,0.9385461820606869,0.0,0.0,0.0,0.0,27,death,0,1,fire,0,11,11,4:1|5:1|5:2|6:1|6:2|6:3|7:1|7:2|7:3|8:1|8:2,39
196,1924,0.9382294098032677,0.0,0.0,0.0,0.0,6,death,0,1,fire,0,5,5,6:1|6:2|7:1|7:2|8:2,39
197,1925,0.9379126375458486,0.0,0.0,0.0,0.0,16,death,0,1,fire,0,6,6,5:1|6:1|7:1|7:2|7:3|8:2,39
198,1926,0.9375958652884295,0.0,0.0,0.0,0.0,20,death,0,1,fire,0,8,8,6:1|6:2|6:3|6:4|7:1|7:2|7:3|8:2,39
199,1927,0.9372790930310103,0.0,0.0,0.0,0.0,30,death,0,1,fire,0,12,12,4:1|5:1|5:2|6:1|6:2|6:3|6:4|7:1|7:2|7:3|7:4|8:4,39
200,1928,0.9369623207735912,0.0,0.0,0.0,0.0,50,truncated,0,0,,1,18,18,2:7|2:8|3:7|3:8|4:1|4:2|4:3|4:4|4:5|4:6|4:7|4:8|5:1|6:1|6:2|6:3|7:1|7:2,39
201,1929,0.9366455485161721,0.0,0.0,0.0,0.0,28,death,0,1,fire,0,12,12,6:1|6:2|6:3|6:4|6:5|7:1|7:2|7:3|7:4|7:5|8:1|8:5,39
202,1930,0.9363287762587529,0.0,0.0,0.0,0.0,4,death,0,1,fire,0,4,4,6:1|7:1|8:1|8:2,39
203,1931,0.9360120040013338,0.0,0.0,0.0,0.0,4,death,0,1,fire,0,3,3,7:1|7:2|8:2,39
204,1932,0.9356952317439147,0.0,0.0,0.0,0.0,28,death,0,1,fire,0,12,12,5:1|5:2|6:1|6:2|6:3|6:4|6:5|7:1|7:2|7:3|8:1|8:2,39
205,1933,0.9353784594864956,0.0,0.0,0.0,0.0,2,death,0,1,fire,0,3,3,7:1|8:1|8:2,39
206,1934,0.9350616872290763,0.0,0.0,0.0,0.0,33,death,0,1,fire,0,13,13,2:1|2:2|3:1|4:1|4:2|5:1|5:2|6:1|6:2|7:1|7:2|8:1|8:2,39
207,1935,0.9347449149716572,0.0,0.0,0.0,0.0,4,death,0,1,fire,0,3,3,7:1|8:1|8:2,39
208,1936,0.934428142714238,0.0,0.0,0.0,0.0,22,death,0,1,fire,0,9,9,4:1|4:2|5:1|6:1|6:2|7:1|7:2|8:1|8:2,39
209,1937,0.9341113704568189,0.0,0.0,0.0,0.0,27,death,0,1,fire,0,11,11,6:1|6:2|6:3|7:1|7:2|7:3|7:4|7:5|7:6|8:1|8:5,39
210,1938,0.9337945981993998,0.0,0.0,0.0,0.0,6,death,0,1,fire,0,6,6,6:1|6:2|6:3|7:1|7:3|8:3,39
211,1939,0.9334778259419807,0.0,0.0,0.0,0.0,50,truncated,0,0,,1,16,16,2:1|2:2|2:3|3:1|4:1|5:1|6:1|6:2|6:3|6:5|7:1|7:2|7:3|7:4|7:5|8:1,39
212,1940,0.9331610536845615,0.0,0.0,0.0,0.0,50,truncated,0,0,,1,12,12,2:1|3:1|4:1|4:2|4:3|4:4|4:5|5:1|5:2|6:1|7:1|8:1,39
213,1941,0.9328442814271424,0.0,0.0,0.0,0.0,5,death,0,1,fire,0,3,3,7:1|8:1|8:2,39
214,1942,0.9325275091697233,0.0,0.0,0.0,0.0,9,death,0,1,fire,0,8,8,6:1|6:2|6:3|6:4|7:1|7:3|7:4|8:4,39
215,1943,0.932210736912304,0.0,0.0,0.0,0.0,22,death,0,1,fire,0,11,11,6:1|6:2|6:3|6:4|7:1|7:2|7:3|7:4|7:5|8:1|8:4,39
216,1944,0.9318939646548849,0.0,0.0,0.0,0.0,7,death,0,1,fire,0,6,6,6:1|6:2|7:1|7:2|7:3|8:3,39
217,1945,0.9315771923974658,0.0,0.0,0.0,0.0,43,death,0,1,fire,0,15,15,3:1|4:1|4:2|5:1|5:2|6:1|6:2|6:3|6:4|7:1|7:2|7:3|7:4|8:1|8:3,39
218,1946,0.9312604201400467,0.0,0.0,0.0,0.0,18,death,0,1,fire,0,7,7,6:1|6:2|7:1|7:2|7:3|8:1|8:2,39
219,1947,0.9309436478826275,0.0,0.0,0.0,0.0,36,death,0,1,fire,0,14,14,4:1|4:2|5:1|5:2|6:1|6:2|6:3|6:4|7:1|7:2|7:3|7:4|8:1|8:2,39
220,1948,0.9306268756252084,0.0,0.0,0.0,0.0,6,death,0,1,fire,0,3,3,7:1|8:1|8:2,39
221,1949,0.9303101033677893,0.0,0.0,0.0,0.0,13,death,0,1,fire,0,9,9,5:1|5:2|6:1|6:2|6:3|7:1|7:3|7:4|8:4,39
222,1950,0.9299933311103701,0.0,0.0,0.0,0.0,45,death,0,1,fire,0,16,16,2:1|2:2|2:3|3:1|4:1|4:2|5:1|5:2|6:1|6:2|6:3|6:4|7:1|7:3|7:4|8:4,39
223,1951,0.929676558852951,0.0,0.0,0.0,0.0,50,truncated,0,0,,1,11,11,4:1|4:2|4:3|4:4|4:5|5:1|5:2|6:1|6:2|7:1|8:1,39
224,1952,0.9293597865955319,0.0,0.0,0.0,0.0,50,truncated,0,0,,1,9,9,4:1|4:2|4:3|4:4|5:1|5:2|6:1|6:2|7:1,39
225,1953,0.9290430143381128,0.0,0.0,0.0,0.0,2,death,0,1,fire,0,3,3,7:1|7:2|8:2,39
226,1954,0.9287262420806935,0.0,0.0,0.0,0.0,50,truncated,0,0,,1,11,11,2:1|2:2|3:1|4:1|4:2|4:3|4:4|5:2|6:1|6:2|7:1,39
227,1955,0.9284094698232744,0.0,0.0,0.0,0.0,2,death,0,1,fire,0,3,3,7:1|7:2|8:2,39
228,1956,0.9280926975658553,0.0,0.0,0.0,0.0,27,death,0,1,fire,0,16,16,5:6|5:7|5:8|6:2|6:3|6:4|6:5|6:6|6:7|6:8|7:1|7:2|7:3|7:5|7:6|8:5,39
229,1957,0.9277759253084361,0.0,0.0,0.0,0.0,7,death,0,1,fire,0,5,5,5:1|6:1|7:1|8:1|8:2,39
230,1958,0.927459153051017,0.0,0.0,0.0,0.0,4,death,0,1,fire,0,4,4,6:1|7:1|8:1|8:2,39
231,1959,0.9271423807935979,0.0,0.0,0.0,0.0,6,death,0,1,fire,0,4,4,6:1|7:1|8:1|8:2,39
232,1960,0.9268256085361787,0.0,0.0,0.0,0.0,50,truncated,0,0,,1,10,10,4:1|4:2|4:3|4:4|4:5|5:2|6:1|6:2|6:3|7:1,39
233,1961,0.9265088362787596,0.0,0.0,0.0,0.0,36,death,0,1,fire,0,17,17,3:1|4:1|4:2|4:3|4:4|4:5|4:6|5:1|5:2|5:6|6:1|6:2|6:6|7:1|7:5|7:6|8:5,39
234,1962,0.9261920640213405,0.0,0.0,0.0,0.0,4,death,0,1,fire,0,3,3,7:1|8:1|8:2,39
235,1963,0.9258752917639214,1.0,1.0,0.0,1.0,26,victory,1,0,,0,12,12,5:6|6:5|6:6|6:7|7:1|7:2|7:3|7:4|7:5|7:6|7:7|7:8,40
236,1964,0.9255585195065021,0.0,0.0,0.0,0.0,11,death,0,1,fire,0,7,7,6:1|6:2|6:3|7:1|7:3|8:1|8:3,40
237,1965,0.925241747249083,0.0,0.0,0.0,0.0,2,death,0,1,fire,0,3,3,7:1|7:2|8:2,40
238,1966,0.9249249749916639,0.0,0.0,0.0,0.0,50,truncated,0,0,,1,9,9,2:1|2:2|2:3|3:1|4:1|5:1|6:1|7:1|8:1,40
239,1967,0.9246082027342447,0.0,0.0,0.0,0.0,10,death,0,1,fire,0,6,6,6:2|7:1|7:2|7:3|8:1|8:2,40
240,1968,0.9242914304768256,0.0,0.0,0.0,0.0,25,death,0,1,fire,0,10,10,5:1|6:1|6:2|6:3|7:1|7:2|7:3|7:4|8:1|8:4,40
241,1969,0.9239746582194065,0.0,0.0,0.0,0.0,42,death,0,1,fire,0,10,10,4:1|4:2|5:1|5:2|6:1|6:2|7:1|7:2|8:1|8:2,40
242,1970,0.9236578859619873,0.0,0.0,0.0,0.0,2,death,0,1,fire,0,3,3,7:1|8:1|8:2,40
243,1971,0.9233411137045682,0.0,0.0,0.0,0.0,8,death,0,1,fire,0,4,4,7:1|7:2|8:1|8:2,40
244,1972,0.9230243414471491,0.0,0.0,0.0,0.0,50,truncated,0,0,,1,19,19,2:1|2:2|2:3|2:4|3:1|4:1|4:2|5:2|6:2|6:3|6:4|6:5|7:1|7:2|7:3|7:4|7:5|7:6|8:1,40
245,1973,0.92270756918973,0.0,0.0,0.0,0.0,8,death,0,1,fire,0,7,7,5:1|5:2|6:1|6:2|7:1|7:2|8:2,40
246,1974,0.9223907969323107,0.0,0.0,0.0,0.0,22,death,0,1,fire,0,8,8,5:1|5:2|6:1|6:2|7:1|7:2|8:1|8:2,40
247,1975,0.9220740246748916,0.0,0.0,0.0,0.0,50,truncated,0,0,,1,15,15,4:1|4:5|4:6|4:7|5:1|5:2|5:6|6:1|6:2|6:3|6:4|6:5|6:6|7:1|8:1,40
248,1976,0.9217572524174725,0.0,0.0,0.0,0.0,4,death,0,1,fire,0,4,4,7:1|7:2|7:3|8:3,40
249,1977,0.9214404801600533,0.0,0.0,0.0,0.0,27,death,0,1,fire,0,10,10,5:1|5:2|6:1|6:2|6:3|6:4|7:1|7:3|7:4|8:3,40
250,1978,0.9211237079026342,0.0,0.0,0.0,0.0,50,truncated,0,0,,1,12,12,3:1|4:1|4:2|4:3|4:4|4:5|5:1|5:2|6:1|6:2|7:1|7:2,40
251,1979,0.9208069356452151,0.0,0.0,0.0,0.0,5,death,0,1,fire,0,4,4,7:1|7:2|7:3|8:2,40
252,1980,0.920490163387796,0.0,0.0,0.0,0.0,50,truncated,0,0,,1,25,25,2:7|2:8|3:7|3:8|4:1|4:2|4:7|4:8|5:1|5:2|5:6|5:7|5:8|6:1|6:2|6:3|6:4|6:5|6:6|6:7|7:1|7:2|7:3|7:4|7:5,40
253,1981,0.9201733911303768,0.0,0.0,0.0,0.0,50,truncated,0,0,,1,13,13,2:1|2:2|2:3|2:4|2:5|3:1|4:1|4:2|4:3|5:1|5:2|6:1|7:1,40
254,1982,0.9198566188729577,0.0,0.0,0.0,0.0,15,death,0,1,fire,0,11,11,6:2|6:3|6:4|6:5|6:6|7:1|7:2|7:4|7:5|7:6|8:4,40
255,1983,0.9195398466155386,0.0,0.0,0.0,0.0,6,death,0,1,fire,0,4,4,6:2|7:1|7:2|8:2,40
256,1984,0.9192230743581193,0.0,0.0,0.0,0.0,7,death,0,1,fire,0,7,7,6:1|6:2|6:3|7:1|7:2|7:3|8:2,40
257,1985,0.9189063021007002,0.0,0.0,0.0,0.0,10,death,0,1,fire,0,8,8,6:1|6:2|7:1|7:2|7:3|7:4|7:5|8:4,40
258,1986,0.9185895298432811,0.0,0.0,0.0,0.0,4,death,0,1,fire,0,3,3,7:1|8:1|8:2,40
259,1987,0.918272757585862,0.0,0.0,0.0,0.0,3,death,0,1,fire,0,3,3,7:1|7:2|8:2,40
260,1988,0.9179559853284428,0.0,0.0,0.0,0.0,3,death,0,1,fire,0,4,4,7:1|7:2|7:3|8:3,40
261,1989,0.9176392130710237,0.0,0.0,0.0,0.0,3,death,0,1,fire,0,4,4,7:1|7:2|7:3|8:3,40
262,1990,0.9173224408136045,0.0,0.0,0.0,0.0,13,death,0,1,fire,0,5,5,5:1|6:1|7:1|7:2|8:2,40
263,1991,0.9170056685561854,0.0,0.0,0.0,0.0,8,death,0,1,fire,0,7,7,6:1|6:2|6:3|7:1|7:2|7:3|8:3,40
264,1992,0.9166888962987663,0.0,0.0,0.0,0.0,50,truncated,0,0,,1,17,17,3:7|3:8|4:1|4:2|4:3|4:4|4:5|4:6|4:7|4:8|5:1|5:2|5:7|5:8|6:1|6:2|7:1,40
265,1993,0.9163721240413472,0.0,0.0,0.0,0.0,26,death,0,1,fire,0,10,10,5:1|5:2|6:1|6:2|7:1|7:2|7:3|7:4|7:5|8:5,40
266,1994,0.9160553517839279,0.0,0.0,0.0,0.0,50,truncated,0,0,,1,11,11,4:1|4:2|4:3|5:1|5:2|6:1|6:2|7:1|7:2|7:3|8:1,40
267,1995,0.9157385795265088,0.0,0.0,0.0,0.0,35,death,0,1,fire,0,12,12,4:1|4:2|5:1|5:2|6:1|6:2|6:3|7:1|7:2|7:3|8:1|8:3,40
268,1996,0.9154218072690897,0.0,0.0,0.0,0.0,2,death,0,1,fire,0,3,3,7:1|8:1|8:2,40
269,1997,0.9151050350116705,0.0,0.0,0.0,0.0,7,death,0,1,fire,0,6,6,6:3|7:1|7:2|7:3|7:4|8:4,40
270,1998,0.9147882627542514,0.0,0.0,0.0,0.0,2,death,0,1,fire,0,3,3,7:1|7:2|8:2,40
271,1999,0.9144714904968323,0.0,0.0,0.0,0.0,23,death,0,1,fire,0,10,10,5:2|6:2|6:3|6:4|7:1|7:2|7:3|7:4|7:5|8:4,40
272,2000,0.9141547182394132,0.0,0.0,0.0,0.0,2,death,0,1,fire,0,3,3,7:1|7:2|8:2,40
273,2001,0.913837945981994,1.0,1.0,0.0,1.0,25,victory,1,0,,0,15,15,4:1|4:2|4:3|4:4|4:5|4:6|4:7|5:1|5:7|5:8|6:1|6:8|7:1|7:8|8:1,40
274,2002,0.9135211737245749,0.0,0.0,0.0,0.0,8,death,0,1,fire,0,4,4,7:1|7:2|8:1|8:2,40
275,2003,0.9132044014671558,0.0,0.0,0.0,0.0,22,death,0,1,fire,0,14,14,5:6|6:1|6:2|6:3|6:4|6:5|6:6|7:1|7:2|7:3|7:5|7:6|7:7|8:7,40
276,2004,0.9128876292097365,0.0,0.0,0.0,0.0,7,death,0,1,fire,0,4,4,6:1|7:1|8:1|8:2,40
277,2005,0.9125708569523174,0.0,0.0,0.0,0.0,3,death,0,1,fire,0,3,3,7:1|8:1|8:2,40
278,2006,0.9122540846948983,0.0,0.0,0.0,0.0,12,death,0,1,fire,0,8,8,5:1|6:1|6:2|6:3|7:1|7:3|8:1|8:3,40
279,2007,0.9119373124374792,0.0,0.0,0.0,0.0,12,death,0,1,fire,0,7,7,6:3|6:4|7:1|7:2|7:3|7:4|8:3,40
280,2008,0.91162054018006,0.0,0.0,0.0,0.0,50,truncated,0,0,,1,10,10,2:1|3:1|4:1|4:2|4:3|4:4|5:1|5:2|6:1|7:1,40
281,2009,0.9113037679226409,0.0,0.0,0.0,0.0,2,death,0,1,fire,0,3,3,7:1|7:2|8:2,40
282,2010,0.9109869956652218,0.0,0.0,0.0,0.0,5,death,0,1,fire,0,6,6,6:1|6:2|6:3|7:1|7:3|8:3,40
283,2011,0.9106702234078026,0.0,0.0,0.0,0.0,10,death,0,1,fire,0,3,3,7:1|8:1|8:2,40
284,2012,0.9103534511503835,0.0,0.0,0.0,0.0,5,death,0,1,fire,0,6,6,6:2|6:3|7:1|7:2|7:3|8:3,40
285,2013,0.9100366788929644,0.0,0.0,0.0,0.0,28,death,0,1,fire,0,9,9,4:1|5:1|5:2|6:1|6:2|7:1|7:2|8:1|8:2,40
286,2014,0.9097199066355451,0.0,0.0,0.0,0.0,50,truncated,0,0,,1,12,12,2:1|2:2|2:3|3:1|4:1|4:2|4:3|4:4|5:1|5:2|6:1|7:1,40
287,2015,0.909403134378126,0.0,0.0,0.0,0.0,16,death,0,1,fire,0,7,7,6:1|6:2|6:3|7:1|7:2|7:3|8:3,40
288,2016,0.9090863621207069,0.0,0.0,0.0,0.0,27,death,0,1,fire,0,16,16,5:1|6:1|6:2|6:3|6:4|6:5|6:6|6:7|7:1|7:2|7:3|7:4|7:5|7:6|7:7|8:5,40
289,2017,0.9087695898632877,0.0,0.0,0.0,0.0,15,death,0,1,fire,0,8,8,4:2|5:1|5:2|6:1|6:2|7:1|7:2|8:2,40
290,2018,0.9084528176058686,0.0,0.0,0.0,0.0,7,death,0,1,fire,0,8,8,6:3|6:4|6:5|7:1|7:2|7:3|7:5|8:5,40
291,2019,0.9081360453484495,0.0,0.0,0.0,0.0,41,death,0,1,fire,0,9,9,2:1|2:2|3:1|4:1|5:1|6:1|7:1|7:2|8:2,40
292,2020,0.9078192730910304,0.0,0.0,0.0,0.0,4,death,0,1,fire,0,3,3,7:1|8:1|8:2,40
293,2021,0.9075025008336112,0.0,0.0,0.0,0.0,50,truncated,0,0,,1,11,11,2:1|3:1|4:1|4:2|4:3|5:1|5:2|6:1|6:2|7:1|7:2,40
294,2022,0.9071857285761921,0.0,0.0,0.0,0.0,50,truncated,0,0,,1,13,13,3:1|4:1|4:2|4:3|4:4|4:5|5:1|5:2|6:1|6:2|7:1|7:2|8:1,40
295,2023,0.906868956318773,0.0,0.0,0.0,0.0,27,death,0,1,fire,0,11,11,4:1|4:2|4:3|5:1|5:2|6:1|6:2|6:3|7:1|7:2|8:2,40
296,2024,0.9065521840613537,0.0,0.0,0.0,0.0,5,death,0,1,fire,0,5,5,7:1|7:2|7:3|7:4|8:3,40
297,2025,0.9062354118039346,0.0,0.0,0.0,0.0,50,truncated,0,0,,1,18,18,2:1|2:2|2:3|2:4|2:5|2:6|2:7|3:1|3:7|4:1|4:7|5:1|6:1|6:2|6:3|7:1|7:2|7:3,40
298,2026,0.9059186395465155,0.0,0.0,0.0,0.0,6,death,0,1,fire,0,4,4,7:1|7:2|8:1|8:2,40
299,2027,0.9056018672890964,0.0,0.0,0.0,0.0,4,death,0,1,fire,0,3,3,7:1|8:1|8:2,40
300,2028,0.9052850950316772,0.0,0.0,0.0,0.0,19,death,0,1,fire,0,5,5,5:1|6:1|7:1|8:1|8:2,40
301,2029,0.9049683227742581,0.0,0.0,0.0,0.0,17,death,0,1,fire,0,9,9,5:1|5:2|6:1|6:2|7:1|7:2|7:3|7:4|8:2,40
302,2030,0.904651550516839,0.0,0.0,0.0,0.0,6,death,0,1,fire,0,3,3,7:1|8:1|8:2,40
303,2031,0.9043347782594198,0.0,0.0,0.0,0.0,50,truncated,0,0,,1,20,20,2:6|2:7|2:8|3:7|3:8|4:6|4:7|4:8|5:6|5:7|5:8|6:6|6:7|6:8|7:1|7:2|7:3|7:4|7:5|7:6,40
304,2032,0.9040180060020007,0.0,0.0,0.0,0.0,6,death,0,1,fire,0,6,6,7:1|7:2|7:3|7:4|7:5|8:5,40
305,2033,0.9037012337445816,0.0,0.0,0.0,0.0,16,death,0,1,fire,0,8,8,5:1|6:1|6:2|6:3|7:1|7:2|7:3|8:3,40
306,2034,0.9033844614871624,0.0,0.0,0.0,0.0,2,death,0,1,fire,0,3,3,7:1|8:1|8:2,40
307,2035,0.9030676892297432,0.0,0.0,0.0,0.0,8,death,0,1,fire,0,5,5,7:1|7:2|7:3|8:1|8:2,40
308,2036,0.9027509169723241,0.0,0.0,0.0,0.0,3,death,0,1,fire,0,3,3,7:1|8:1|8:2,40
309,2037,0.9024341447149049,0.0,0.0,0.0,0.0,18,death,0,1,fire,0,7,7,5:2|6:1|6:2|7:1|7:2|7:3|8:3,40
310,2038,0.9021173724574858,0.0,0.0,0.0,0.0,50,truncated,0,0,,1,14,14,4:1|4:2|5:1|5:2|6:1|6:2|6:3|6:4|6:5|7:1|7:2|7:3|7:4|7:5,40
311,2039,0.9018006002000667,0.0,0.0,0.0,0.0,16,death,0,1,fire,0,6,6,6:2|6:3|7:1|7:2|7:3|8:3,40
312,2040,0.9014838279426476,0.0,0.0,0.0,0.0,12,death,0,1,fire,0,7,7,7:1|7:2|7:3|7:4|7:5|8:1|8:5,40
313,2041,0.9011670556852284,0.0,0.0,0.0,0.0,21,death,0,1,fire,0,9,9,5:1|6:1|6:2|6:3|7:1|7:3|7:4|8:1|8:4,40
314,2042,0.9008502834278093,0.0,0.0,0.0,0.0,7,death,0,1,fire,0,4,4,7:1|7:2|8:1|8:2,40
315,2043,0.9005335111703902,0.0,0.0,0.0,0.0,2,death,0,1,fire,0,3,3,7:1|8:1|8:2,40
316,2044,0.9002167389129709,1.0,1.0,0.0,1.0,24,victory,1,0,,0,14,14,5:7|6:1|6:3|6:4|6:5|6:6|6:7|6:8|7:1|7:2|7:3|7:4|7:7|7:8,40
317,2045,0.8998999666555518,0.0,0.0,0.0,0.0,12,death,0,1,fire,0,8,8,6:1|6:2|6:3|7:1|7:2|7:3|8:1|8:3,40
318,2046,0.8995831943981327,0.0,0.0,0.0,0.0,4,death,0,1,fire,0,3,3,7:1|8:1|8:2,40
319,2047,0.8992664221407136,0.0,0.0,0.0,0.0,3,death,0,1,fire,0,3,3,7:1|8:1|8:2,40
320,2048,0.8989496498832944,0.0,0.0,0.0,0.0,7,death,0,1,fire,0,5,5,6:1|7:1|7:2|8:1|8:2,40
321,2049,0.8986328776258753,0.0,0.0,0.0,0.0,8,death,0,1,fire,0,5,5,6:1|7:1|7:2|7:3|8:3,40
322,2050,0.8983161053684562,0.0,0.0,0.0,0.0,50,truncated,0,0,,1,12,12,2:1|3:1|4:1|4:2|4:3|4:4|4:5|5:1|5:2|6:1|7:1|8:1,40
323,2051,0.897999333111037,0.0,0.0,0.0,0.0,23,death,0,1,fire,0,5,5,6:1|7:1|7:2|8:1|8:2,40
324,2052,0.8976825608536179,0.0,0.0,0.0,0.0,6,death,0,1,fire,0,6,6,6:1|6:2|6:3|7:1|7:3|8:3,40
325,2053,0.8973657885961988,0.0,0.0,0.0,0.0,15,death,0,1,fire,0,8,8,5:1|5:2|6:1|6:2|7:1|7:2|8:1|8:2,40
326,2054,0.8970490163387796,0.0,0.0,0.0,0.0,12,death,0,1,fire,0,7,7,6:1|6:2|7:1|7:2|7:3|7:4|8:3,40
327,2055,0.8967322440813604,0.0,0.0,0.0,0.0,2,death,0,1,fire,0,3,3,7:1|7:2|8:2,40
328,2056,0.8964154718239413,0.0,0.0,0.0,0.0,2,death,0,1,fire,0,3,3,7:1|8:1|8:2,40
329,2057,0.8960986995665222,0.0,0.0,0.0,0.0,21,death,0,1,fire,0,9,9,6:1|6:2|6:3|6:4|7:1|7:2|7:3|7:4|8:2,40
330,2058,0.895781927309103,0.0,0.0,0.0,0.0,6,death,0,1,fire,0,7,7,6:3|6:4|7:1|7:2|7:3|7:4|8:4,40
331,2059,0.8954651550516839,0.0,0.0,0.0,0.0,2,death,0,1,fire,0,3,3,7:1|7:2|8:2,40
332,2060,0.8951483827942648,1.0,1.0,0.0,1.0,30,victory,1,0,,0,16,16,4:2|4:3|4:4|4:5|4:6|4:7|4:8|5:2|5:7|6:1|6:2|6:7|7:1|7:7|7:8|8:1,40
333,2061,0.8948316105368457,0.0,0.0,0.0,0.0,4,death,0,1,fire,0,4,4,6:1|7:1|8:1|8:2,40
334,2062,0.8945148382794265,0.0,0.0,0.0,0.0,4,death,0,1,fire,0,3,3,7:1|7:2|8:2,40
335,2063,0.8941980660220074,0.0,0.0,0.0,0.0,50,truncated,0,0,,1,11,11,2:1|2:2|3:1|4:1|4:2|4:3|5:1|5:2|6:1|6:2|7:1,40
336,2064,0.8938812937645882,0.0,0.0,0.0,0.0,2,death,0,1,fire,0,3,3,7:1|8:1|8:2,40
337,2065,0.893564521507169,0.0,0.0,0.0,0.0,14,death,0,1,fire,0,9,9,6:1|6:2|6:3|6:4|7:1|7:2|7:3|8:1|8:3,40
338,2066,0.8932477492497499,0.0,0.0,0.0,0.0,50,truncated,0,0,,1,10,10,2:1|2:2|2:3|3:1|4:1|4:2|5:1|5:2|6:1|7:1,40
339,2067,0.8929309769923308,0.0,0.0,0.0,0.0,20,death,0,1,fire,0,11,11,5:1|5:2|6:1|6:2|6:3|6:4|7:1|7:4|7:5|7:6|8:4,40
340,2068,0.8926142047349117,0.0,0.0,0.0,0.0,8,death,0,1,fire,0,5,5,7:1|7:2|7:3|7:4|8:4,40
341,2069,0.8922974324774925,0.0,0.0,0.0,0.0,13,death,0,1,fire,0,7,7,6:3|7:1|7:2|7:3|7:4|8:1|8:3,40
342,2070,0.8919806602200734,0.0,0.0,0.0,0.0,8,death,0,1,fire,0,5,5,7:1|7:2|7:3|8:1|8:2,40
343,2071,0.8916638879626542,1.0,1.0,0.0,1.0,35,victory,1,0,,0,18,18,4:2|4:3|4:4|4:5|4:6|4:7|5:2|5:6|5:7|6:1|6:2|6:6|6:7|6:8|7:1|7:2|7:8|8:1,40
344,2072,0.8913471157052351,0.0,0.0,0.0,0.0,4,death,0,1,fire,0,5,5,7:1|7:2|7:3|7:4|8:4,40
345,2073,0.891030343447816,0.0,0.0,0.0,0.0,2,death,0,1,fire,0,3,3,7:1|7:2|8:2,40
346,2074,0.8907135711903968,0.0,0.0,0.0,0.0,4,death,0,1,fire,0,5,5,6:1|6:2|7:1|7:2|8:2,40
347,2075,0.8903967989329776,0.0,0.0,0.0,0.0,10,death,0,1,fire,0,6,6,6:1|6:2|6:3|7:1|7:3|8:3,40
348,2076,0.8900800266755585,0.0,0.0,0.0,0.0,26,death,0,1,fire,0,19,19,4:1|4:2|4:3|4:4|4:5|4:6|5:1|5:2|5:6|5:7|6:1|6:5|6:6|6:7|6:8|7:1|7:5|7:6|8:6,40
349,2077,0.8897632544181394,0.0,0.0,0.0,0.0,10,death,0,1,fire,0,7,7,6:1|6:2|6:3|7:1|7:2|7:3|8:3,40
350,2078,0.8894464821607202,0.0,0.0,0.0,0.0,49,death,0,1,fire,0,16,16,4:2|4:3|4:4|4:5|5:1|5:2|6:1|6:2|6:3|6:4|7:1|7:2|7:3|7:4|8:1|8:3,40
351,2079,0.8891297099033011,0.0,0.0,0.0,0.0,50,truncated,0,0,,1,11,11,2:1|2:2|2:3|2:4|3:1|4:1|5:1|5:2|6:1|6:2|7:1,40
352,2080,0.888812937645882,0.0,0.0,0.0,0.0,50,truncated,0,0,,1,14,14,2:1|2:2|2:3|2:4|2:5|2:6|2:7|3:1|4:1|5:1|5:2|6:1|6:2|7:1,40
353,2081,0.8884961653884629,0.0,0.0,0.0,0.0,50,truncated,0,0,,1,16,16,4:1|4:2|4:3|4:4|4:5|4:6|4:7|5:1|5:2|5:6|5:7|6:1|6:2|7:1|7:2|8:1,40
354,2082,0.8881793931310437,0.0,0.0,0.0,0.0,21,death,0,1,fire,0,5,5,5:1|6:1|7:1|8:1|8:2,40
355,2083,0.8878626208736246,0.0,0.0,0.0,0.0,3,death,0,1,fire,0,4,4,7:1|7:2|7:3|8:3,40
356,2084,0.8875458486162054,0.0,0.0,0.0,0.0,12,death,0,1,fire,0,7,7,6:1|6:2|7:1|7:2|7:3|8:1|8:2,40
357,2085,0.8872290763587862,0.0,0.0,0.0,0.0,3,death,0,1,fire,0,3,3,7:1|8:1|8:2,40
358,2086,0.8869123041013671,0.0,0.0,0.0,0.0,6,death,0,1,fire,0,5,5,7:1|7:2|7:3|8:1|8:3,40
359,2087,0.886595531843948,0.0,0.0,0.0,0.0,3,death,0,1,fire,0,3,3,7:1|8:1|8:2,40
360,2088,0.8862787595865289,0.0,0.0,0.0,0.0,24,death,0,1,fire,0,8,8,6:1|6:2|6:3|7:1|7:2|7:3|8:1|8:3,40
361,2089,0.8859619873291097,0.0,0.0,0.0,0.0,3,death,0,1,fire,0,3,3,7:1|8:1|8:2,40
362,2090,0.8856452150716906,0.0,0.0,0.0,0.0,17,death,0,1,fire,0,12,12,6:1|6:2|6:3|6:4|6:5|6:6|7:1|7:2|7:6|7:7|8:1|8:7,40
363,2091,0.8853284428142715,0.0,0.0,0.0,0.0,12,death,0,1,fire,0,6,6,6:1|6:2|7:1|7:2|8:1|8:2,40
364,2092,0.8850116705568523,0.0,0.0,0.0,0.0,6,death,0,1,fire,0,5,5,7:1|7:2|7:3|7:4|8:4,40
365,2093,0.8846948982994332,0.0,0.0,0.0,0.0,37,death,0,1,fire,0,10,10,5:1|5:2|6:1|6:2|6:3|7:1|7:2|7:3|8:1|8:2,40
366,2094,0.884378126042014,0.0,0.0,0.0,0.0,4,death,0,1,fire,0,3,3,7:1|8:1|8:2,40
367,2095,0.8840613537845948,0.0,0.0,0.0,0.0,50,truncated,0,0,,1,9,9,4:1|4:2|4:3|4:4|5:1|5:2|6:2|7:1|7:2,40
368,2096,0.8837445815271757,0.0,0.0,0.0,0.0,6,death,0,1,fire,0,4,4,6:1|7:1|8:1|8:2,40
369,2097,0.8834278092697566,0.0,0.0,0.0,0.0,50,truncated,0,0,,1,11,11,4:1|4:2|4:3|4:4|4:5|5:1|5:2|6:1|6:2|7:1|8:1,40
370,2098,0.8831110370123374,0.0,0.0,0.0,0.0,14,death,0,1,fire,0,9,9,6:1|6:2|6:3|6:4|6:5|6:6|7:1|7:5|8:5,40
371,2099,0.8827942647549183,0.0,0.0,0.0,0.0,50,truncated,0,0,,1,14,14,5:1|6:1|6:2|6:3|6:4|6:5|6:6|6:7|7:1|7:4|7:5|7:6|7:7|8:1,40
372,2100,0.8824774924974992,0.0,0.0,0.0,0.0,25,death,0,1,fire,0,9,9,6:1|6:2|6:3|6:4|7:1|7:2|7:3|7:4|8:4,40
373,2101,0.8821607202400801,0.0,0.0,0.0,0.0,9,death,0,1,fire,0,10,10,6:3|6:4|6:5|6:6|7:1|7:2|7:3|7:6|7:7|8:7,40
374,2102,0.8818439479826609,0.0,0.0,0.0,0.0,2,death,0,1,fire,0,3,3,7:1|7:2|8:2,40
375,2103,0.8815271757252418,0.0,0.0,0.0,0.0,4,death,0,1,fire,0,4,4,6:2|7:1|7:2|8:2,40
376,2104,0.8812104034678226,0.0,0.0,0.0,0.0,15,death,0,1,fire,0,7,7,6:1|6:3|6:4|7:1|7:2|7:3|8:2,40
377,2105,0.8808936312104034,0.0,0.0,0.0,0.0,25,death,0,1,fire,0,10,10,6:1|6:2|6:3|6:4|7:1|7:2|7:3|7:4|8:1|8:2,40
378,2106,0.8805768589529843,0.0,0.0,0.0,0.0,13,death,0,1,fire,0,7,7,6:1|6:2|6:3|7:1|7:2|7:3|8:3,40
379,2107,0.8802600866955652,0.0,0.0,0.0,0.0,7,death,0,1,fire,0,4,4,6:1|7:1|8:1|8:2,40
380,2108,0.8799433144381461,0.0,0.0,0.0,0.0,3,death,0,1,fire,0,3,3,7:1|8:1|8:2,40
381,2109,0.8796265421807269,0.0,0.0,0.0,0.0,11,death,0,1,fire,0,7,7,6:2|6:3|7:1|7:2|7:3|7:4|8:4,40
382,2110,0.8793097699233078,0.0,0.0,0.0,0.0,8,death,0,1,fire,0,7,7,6:3|6:4|7:1|7:2|7:3|7:4|8:3,40
383,2111,0.8789929976658887,0.0,0.0,0.0,0.0,50,truncated,0,0,,1,21,21,2:4|2:5|2:6|2:7|3:7|4:6|4:7|5:2|5:6|5:7|6:1|6:2|6:4|6:5|6:6|6:7|7:1|7:2|7:3|7:4|7:5,40
384,2112,0.8786762254084695,0.0,0.0,0.0,0.0,10,death,0,1,fire,0,6,6,6:1|6:2|7:1|7:2|8:1|8:2,40
385,2113,0.8783594531510504,0.0,0.0,0.0,0.0,3,death,0,1,fire,0,3,3,7:1|7:2|8:2,40
386,2114,0.8780426808936312,0.0,0.0,0.0,0.0,3,death,0,1,fire,0,4,4,7:1|7:2|7:3|8:3,40
387,2115,0.877725908636212,0.0,0.0,0.0,0.0,25,death,0,1,fire,0,10,10,6:3|6:4|6:5|6:6|7:1|7:2|7:3|7:4|7:5|8:4,40
388,2116,0.8774091363787929,0.0,0.0,0.0,0.0,14,death,0,1,fire,0,8,8,6:1|6:2|6:3|6:4|7:1|7:2|7:3|8:2,40
389,2117,0.8770923641213738,1.0,1.0,0.0,1.0,31,victory,1,0,,0,19,19,4:1|4:2|4:3|4:4|5:1|5:2|5:8|6:1|6:2|6:3|6:4|6:5|6:6|6:7|6:8|7:1|7:2|7:3|7:8,40
390,2118,0.8767755918639547,0.0,0.0,0.0,0.0,5,death,0,1,fire,0,4,4,7:1|7:2|8:1|8:2,40
391,2119,0.8764588196065355,0.0,0.0,0.0,0.0,15,death,0,1,fire,0,7,7,6:2|6:3|6:4|7:1|7:2|7:3|8:3,40
392,2120,0.8761420473491164,1.0,1.0,0.0,1.0,41,victory,1,0,,0,14,14,5:7|6:1|6:2|6:3|6:4|6:5|6:6|6:7|7:1|7:2|7:3|7:5|7:7|7:8,40
393,2121,0.8758252750916973,0.0,0.0,0.0,0.0,50,truncated,0,0,,1,11,11,4:1|4:2|5:1|5:2|6:1|6:2|6:3|7:1|7:2|7:3|8:1,40
394,2122,0.8755085028342781,1.0,1.0,0.0,1.0,40,victory,1,0,,0,18,18,4:4|4:5|4:6|4:7|5:6|5:7|5:8|6:2|6:3|6:4|6:5|6:6|6:8|7:1|7:2|7:4|7:5|7:8,40
395,2123,0.875191730576859,0.0,0.0,0.0,0.0,42,death,0,1,fire,0,14,14,2:1|2:2|2:3|3:1|4:1|4:2|5:1|5:2|6:1|6:2|7:1|7:2|8:1|8:2,40
396,2124,0.8748749583194398,0.0,0.0,0.0,0.0,2,death,0,1,fire,0,3,3,7:1|7:2|8:2,40
397,2125,0.8745581860620206,0.0,0.0,0.0,0.0,19,death,0,1,fire,0,11,11,6:1|6:2|6:3|6:4|6:5|7:1|7:2|7:3|7:4|7:5|8:5,40
398,2126,0.8742414138046015,0.0,0.0,0.0,0.0,4,death,0,1,fire,0,3,3,7:1|8:1|8:2,40
399,2127,0.8739246415471824,0.0,0.0,0.0,0.0,2,death,0,1,fire,0,3,3,7:1|7:2|8:2,40
400,2128,0.8736078692897633,0.0,0.0,0.0,0.0,14,death,0,1,fire,0,9,9,4:2|5:2|6:1|6:2|6:3|7:1|7:2|7:3|8:2,40
401,2129,0.8732910970323441,0.0,0.0,0.0,0.0,3,death,0,1,fire,0,4,4,7:1|7:2|7:3|8:3,40
402,2130,0.872974324774925,0.0,0.0,0.0,0.0,5,death,0,1,fire,0,4,4,7:1|7:2|8:1|8:2,40
403,2131,0.8726575525175058,0.0,0.0,0.0,0.0,5,death,0,1,fire,0,3,3,7:1|8:1|8:2,40
404,2132,0.8723407802600867,0.0,0.0,0.0,0.0,2,death,0,1,fire,0,3,3,7:1|7:2|8:2,40
405,2133,0.8720240080026675,1.0,1.0,0.0,1.0,50,victory,1,0,,0,18,18,5:2|5:6|5:7|5:8|6:1|6:2|6:3|6:4|6:5|6:6|6:7|6:8|7:1|7:2|7:3|7:4|7:8|8:1,40
406,2134,0.8717072357452484,1.0,1.0,0.0,1.0,36,victory,1,0,,0,16,16,4:1|4:2|4:3|4:4|4:5|4:6|4:7|5:1|5:6|5:7|6:1|6:6|6:7|6:8|7:1|7:8,40
407,2135,0.8713904634878293,0.0,0.0,0.0,0.0,2,death,0,1,fire,0,3,3,7:1|8:1|8:2,40
408,2136,0.8710736912304101,0.0,0.0,0.0,0.0,50,truncated,0,0,,1,19,19,3:8|4:7|4:8|5:2|5:7|5:8|6:1|6:2|6:3|6:4|6:5|6:6|6:7|6:8|7:1|7:3|7:4|7:5|7:6,40
409,2137,0.870756918972991,0.0,0.0,0.0,0.0,14,death,0,1,fire,0,10,10,6:1|6:2|6:3|6:4|7:1|7:2|7:3|7:4|8:1|8:2,40
410,2138,0.8704401467155719,0.0,0.0,0.0,0.0,4,death,0,1,fire,0,5,5,7:1|7:2|7:3|7:4|8:4,40
411,2139,0.8701233744581527,0.0,0.0,0.0,0.0,29,death,0,1,fire,0,10,10,5:1|5:2|6:1|6:2|7:1|7:2|7:3|7:4|8:1|8:3,40
412,2140,0.8698066022007336,0.0,0.0,0.0,0.0,7,death,0,1,fire,0,4,4,6:1|7:1|8:1|8:2,40
413,2141,0.8694898299433145,0.0,0.0,0.0,0.0,3,death,0,1,fire,0,3,3,7:1|7:2|8:2,40
414,2142,0.8691730576858954,0.0,0.0,0.0,0.0,5,death,0,1,fire,0,4,4,7:1|7:2|8:1|8:2,40
415,2143,0.8688562854284761,0.0,0.0,0.0,0.0,26,death,0,1,fire,0,11,11,5:1|6:1|6:2|6:3|6:4|7:1|7:2|7:3|7:4|8:1|8:2,40
416,2144,0.868539513171057,0.0,0.0,0.0,0.0,50,truncated,0,0,,1,17,17,2:7|2:8|3:7|3:8|4:1|4:2|4:3|4:4|4:5|4:6|4:7|4:8|5:1|5:2|6:1|6:2|7:1,40
417,2145,0.8682227409136378,0.0,0.0,0.0,0.0,4,death,0,1,fire,0,4,4,6:1|7:1|7:2|8:2,40
418,2146,0.8679059686562187,0.0,0.0,0.0,0.0,50,truncated,0,0,,1,19,19,2:7|3:7|3:8|4:2|4:3|4:4|4:5|4:6|4:7|4:8|5:1|5:2|5:7|6:1|6:2|6:5|6:6|6:7|7:1,40
419,2147,0.8675891963987996,0.0,0.0,0.0,0.0,2,death,0,1,fire,0,3,3,7:1|8:1|8:2,40
420,2148,0.8672724241413805,0.0,0.0,0.0,0.0,22,death,0,1,fire,0,14,14,4:1|5:1|5:2|6:1|6:2|6:3|6:4|6:5|6:6|7:1|7:6|7:7|8:1|8:7,40
421,2149,0.8669556518839614,0.0,0.0,0.0,0.0,14,death,0,1,fire,0,8,8,6:2|6:3|6:4|7:1|7:2|7:3|7:4|8:2,40
422,2150,0.8666388796265422,0.0,0.0,0.0,0.0,2,death,0,1,fire,0,3,3,7:1|8:1|8:2,40
423,2151,0.8663221073691231,0.0,0.0,0.0,0.0,2,death,0,1,fire,0,3,3,7:1|8:1|8:2,40
424,2152,0.8660053351117039,0.0,0.0,0.0,0.0,3,death,0,1,fire,0,3,3,7:1|8:1|8:2,40
425,2153,0.8656885628542847,0.0,0.0,0.0,0.0,37,death,0,1,fire,0,17,17,5:8|6:1|6:2|6:3|6:4|6:5|6:6|6:7|6:8|7:1|7:2|7:4|7:5|7:6|7:7|8:1|8:5,40
426,2154,0.8653717905968656,0.0,0.0,0.0,0.0,41,death,0,1,fire,0,12,12,2:1|2:2|3:1|4:1|5:1|5:2|6:2|6:3|7:1|7:2|7:3|8:2,40
427,2155,0.8650550183394465,0.0,0.0,0.0,0.0,12,death,0,1,fire,0,7,7,6:1|6:2|6:3|7:1|7:2|7:3|8:3,40
428,2156,0.8647382460820273,0.0,0.0,0.0,0.0,39,death,0,1,fire,0,17,17,4:1|4:2|5:1|5:2|6:1|6:2|6:3|6:4|6:5|6:6|7:1|7:2|7:3|7:4|7:6|8:1|8:6,40
429,2157,0.8644214738246082,0.0,0.0,0.0,0.0,2,death,0,1,fire,0,3,3,7:1|8:1|8:2,40
430,2158,0.8641047015671891,0.0,0.0,0.0,0.0,6,death,0,1,fire,0,4,4,6:1|7:1|7:2|8:2,40
431,2159,0.8637879293097699,1.0,1.0,0.0,1.0,43,victory,1,0,,0,18,18,4:5|4:6|4:7|4:8|5:6|5:7|5:8|6:1|6:2|6:3|6:4|6:5|6:6|6:7|6:8|7:1|7:8|8:1,40
432,2160,0.8634711570523508,0.0,0.0,0.0,0.0,2,death,0,1,fire,0,3,3,7:1|7:2|8:2,40
433,2161,0.8631543847949317,0.0,0.0,0.0,0.0,18,death,0,1,fire,0,12,12,5:1|5:2|6:1|6:2|6:3|6:4|7:1|7:4|7:5|7:6|8:1|8:6,40
434,2162,0.8628376125375126,0.0,0.0,0.0,0.0,15,death,0,1,fire,0,10,10,4:2|5:1|5:2|6:1|6:2|6:3|7:1|7:3|7:4|8:4,40
435,2163,0.8625208402800933,0.0,0.0,0.0,0.0,2,death,0,1,fire,0,3,3,7:1|8:1|8:2,40
436,2164,0.8622040680226742,0.0,0.0,0.0,0.0,4,death,0,1,fire,0,4,4,7:1|7:2|8:1|8:2,40
437,2165,0.8618872957652551,0.0,0.0,0.0,0.0,13,death,0,1,fire,0,10,10,6:1|6:2|6:3|6:4|6:5|7:1|7:4|7:5|8:1|8:4,40
438,2166,0.8615705235078359,0.0,0.0,0.0,0.0,2,death,0,1,fire,0,3,3,7:1|7:2|8:2,40
439,2167,0.8612537512504168,0.0,0.0,0.0,0.0,4,death,0,1,fire,0,3,3,7:1|7:2|8:2,40
440,2168,0.8609369789929977,0.0,0.0,0.0,0.0,2,death,0,1,fire,0,3,3,7:1|7:2|8:2,40
441,2169,0.8606202067355786,0.0,0.0,0.0,0.0,18,death,0,1,fire,0,12,12,6:1|6:3|6:4|6:5|6:6|7:1|7:2|7:3|7:4|7:5|7:6|8:6,40
442,2170,0.8603034344781594,0.0,0.0,0.0,0.0,2,death,0,1,fire,0,3,3,7:1|8:1|8:2,40
443,2171,0.8599866622207403,0.0,0.0,0.0,0.0,16,death,0,1,fire,0,8,8,5:1|5:2|6:1|6:2|7:1|7:2|7:3|8:3,40
444,2172,0.859669889963321,0.0,0.0,0.0,0.0,35,death,0,1,fire,0,11,11,6:1|6:2|6:3|6:4|6:5|7:1|7:2|7:3|7:4|8:1|8:4,40
445,2173,0.859353117705902,0.0,0.0,0.0,0.0,3,death,0,1,fire,0,3,3,7:1|8:1|8:2,40
446,2174,0.8590363454484828,0.0,0.0,0.0,0.0,50,truncated,0,0,,1,19,19,3:1|4:1|4:2|4:4|4:5|4:6|5:1|5:2|5:6|6:1|6:2|6:3|6:4|6:5|6:6|6:7|7:1|7:4|8:1,40
447,2175,0.8587195731910637,1.0,1.0,0.0,1.0,35,victory,1,0,,0,15,15,5:7|6:1|6:2|6:3|6:4|6:5|6:6|6:7|6:8|7:1|7:2|7:5|7:6|7:8|8:1,40
448,2176,0.8584028009336445,1.0,1.0,0.0,1.0,11,victory,1,0,,0,10,10,6:3|6:4|6:5|6:6|6:7|6:8|7:1|7:2|7:3|7:8,40
449,2177,0.8580860286762254,0.0,0.0,0.0,0.0,14,death,0,1,fire,0,7,7,5:1|5:2|6:1|6:2|7:1|7:2|8:2,40
450,2178,0.8577692564188063,0.0,0.0,0.0,0.0,27,death,0,1,fire,0,13,13,3:1|4:1|5:1|5:2|6:1|6:2|6:3|6:4|7:1|7:3|7:4|8:1|8:3,40
451,2179,0.8574524841613871,0.0,0.0,0.0,0.0,3,death,0,1,fire,0,4,4,7:1|7:2|7:3|8:3,40
452,2180,0.857135711903968,0.0,0.0,0.0,0.0,50,death,0,1,fire,0,17,17,3:1|4:1|4:2|5:1|5:2|6:1|6:2|6:3|6:4|6:5|6:6|6:7|7:1|7:2|7:6|7:7|8:7,40
453,2181,0.8568189396465489,0.0,0.0,0.0,0.0,9,death,0,1,fire,0,6,6,6:1|6:2|7:1|7:2|7:3|8:3,40
454,2182,0.8565021673891298,0.0,0.0,0.0,0.0,5,death,0,1,fire,0,3,3,7:1|8:1|8:2,40
455,2183,0.8561853951317105,0.0,0.0,0.0,0.0,3,death,0,1,fire,0,3,3,7:1|8:1|8:2,40
456,2184,0.8558686228742914,0.0,0.0,0.0,0.0,14,death,0,1,fire,0,9,9,5:2|6:1|6:2|6:3|7:1|7:2|7:3|7:4|8:4,40
457,2185,0.8555518506168723,0.0,0.0,0.0,0.0,2,death,0,1,fire,0,3,3,7:1|8:1|8:2,40
458,2186,0.8552350783594531,0.0,0.0,0.0,0.0,20,death,0,1,fire,0,9,9,4:1|4:2|5:2|6:1|6:2|7:1|7:2|8:1|8:2,40
459,2187,0.854918306102034,0.0,0.0,0.0,0.0,50,truncated,0,0,,1,23,23,2:7|2:8|3:7|3:8|4:6|4:7|4:8|5:1|5:2|5:6|5:7|5:8|6:1|6:2|6:3|6:4|6:5|6:6|6:7|6:8|7:1|7:2|7:6,40
460,2188,0.8546015338446149,0.0,0.0,0.0,0.0,9,death,0,1,fire,0,4,4,7:1|7:2|8:1|8:2,40
461,2189,0.8542847615871958,0.0,0.0,0.0,0.0,15,death,0,1,fire,0,10,10,6:1|6:2|6:3|6:4|6:5|6:6|7:1|7:4|7:5|8:4,40
462,2190,0.8539679893297766,0.0,0.0,0.0,0.0,21,death,0,1,fire,0,13,13,4:1|5:1|5:2|6:1|6:2|6:3|6:4|7:1|7:2|7:3|7:4|7:5|8:4,40
463,2191,0.8536512170723575,0.0,0.0,0.0,0.0,9,death,0,1,fire,0,7,7,6:1|6:2|6:3|7:1|7:2|7:3|8:3,40
464,2192,0.8533344448149383,0.0,0.0,0.0,0.0,18,death,0,1,fire,0,15,15,5:1|5:2|6:1|6:2|6:3|6:4|6:5|6:6|7:1|7:2|7:3|7:4|7:5|7:6|8:6,40
465,2193,0.8530176725575191,0.0,0.0,0.0,0.0,4,death,0,1,fire,0,5,5,7:1|7:2|7:3|7:4|8:4,40
466,2194,0.8527009003001,0.0,0.0,0.0,0.0,13,death,0,1,fire,0,4,4,7:1|7:2|8:1|8:2,40
467,2195,0.8523841280426809,0.0,0.0,0.0,0.0,49,death,0,1,fire,0,13,13,4:1|4:2|5:1|5:2|6:1|6:2|6:3|6:4|7:1|7:2|7:3|8:1|8:2,40
468,2196,0.8520673557852618,0.0,0.0,0.0,0.0,17,death,0,1,fire,0,10,10,6:1|6:2|6:3|6:4|6:5|7:1|7:2|7:3|7:4|8:2,40
469,2197,0.8517505835278426,0.0,0.0,0.0,0.0,5,death,0,1,fire,0,3,3,7:1|8:1|8:2,40
470,2198,0.8514338112704235,0.0,0.0,0.0,0.0,50,truncated,0,0,,1,17,17,4:5|4:6|4:7|4:8|5:6|5:7|5:8|6:2|6:3|6:4|6:5|6:6|7:1|7:2|7:4|7:5|8:1,40
471,2199,0.8511170390130043,0.0,0.0,0.0,0.0,3,death,0,1,fire,0,3,3,7:1|8:1|8:2,40
472,2200,0.8508002667555852,1.0,1.0,0.0,1.0,40,victory,1,0,,0,15,15,4:2|4:3|4:4|4:5|4:6|4:7|5:2|5:6|5:7|6:1|6:2|6:7|7:1|7:7|7:8,40
473,2201,0.8504834944981661,1.0,1.0,0.0,1.0,11,victory,1,0,,0,10,10,6:3|6:4|6:5|6:6|6:7|7:1|7:2|7:3|7:7|7:8,40
474,2202,0.850166722240747,0.0,0.0,0.0,0.0,21,death,0,1,fire,0,9,9,6:1|6:2|6:3|6:4|7:1|7:2|7:3|7:4|8:3,40
475,2203,0.8498499499833277,0.0,0.0,0.0,0.0,18,death,0,1,fire,0,9,9,6:1|6:2|6:3|6:4|7:1|7:2|7:3|8:1|8:2,40
476,2204,0.8495331777259086,0.0,0.0,0.0,0.0,11,death,0,1,fire,0,8,8,6:1|6:2|6:3|6:4|6:5|7:1|7:5|8:5,40
477,2205,0.8492164054684895,0.0,0.0,0.0,0.0,2,death,0,1,fire,0,3,3,7:1|7:2|8:2,40
478,2206,0.8488996332110703,0.0,0.0,0.0,0.0,19,death,0,1,fire,0,8,8,5:2|6:1|6:2|7:1|7:2|7:3|8:1|8:2,40
479,2207,0.8485828609536512,0.0,0.0,0.0,0.0,5,death,0,1,fire,0,4,4,6:1|7:1|8:1|8:2,40
480,2208,0.8482660886962321,0.0,0.0,0.0,0.0,43,death,0,1,fire,0,21,21,3:7|3:8|4:6|4:7|4:8|5:6|5:7|5:8|6:1|6:2|6:3|6:4|6:5|6:6|6:7|6:8|7:1|7:2|7:7|8:1|8:7,40
481,2209,0.847949316438813,0.0,0.0,0.0,0.0,30,death,0,1,fire,0,16,16,4:1|5:1|5:2|6:1|6:2|6:3|6:4|6:5|7:1|7:2|7:3|7:4|7:5|7:6|7:7|8:5,40
482,2210,0.8476325441813938,0.0,0.0,0.0,0.0,50,truncated,0,0,,1,10,10,4:1|4:2|5:1|5:2|6:1|6:2|7:1|7:2|7:3|8:1,40
483,2211,0.8473157719239747,0.0,0.0,0.0,0.0,34,death,0,1,fire,0,13,13,5:1|5:2|6:1|6:2|6:3|6:4|6:5|7:1|7:2|7:3|7:4|7:5|8:2,40
484,2212,0.8469989996665556,1.0,1.0,0.0,1.0,47,victory,1,0,,0,18,18,4:2|4:3|4:4|4:5|4:6|4:7|4:8|5:2|5:7|5:8|6:1|6:2|6:7|6:8|7:1|7:2|7:8|8:1,40
485,2213,0.8466822274091363,0.0,0.0,0.0,0.0,3,death,0,1,fire,0,3,3,7:1|8:1|8:2,40
486,2214,0.8463654551517172,0.0,0.0,0.0,0.0,5,death,0,1,fire,0,3,3,7:1|8:1|8:2,40
487,2215,0.8460486828942981,0.0,0.0,0.0,0.0,3,death,0,1,fire,0,3,3,7:1|8:1|8:2,40
488,2216,0.845731910636879,0.0,0.0,0.0,0.0,6,death,0,1,fire,0,5,5,6:1|7:1|7:2|7:3|8:3,40
489,2217,0.8454151383794598,0.0,0.0,0.0,0.0,8,death,0,1,fire,0,7,7,6:2|6:3|7:1|7:2|7:3|7:4|8:2,40
490,2218,0.8450983661220407,0.0,0.0,0.0,0.0,6,death,0,1,fire,0,7,7,6:1|6:2|6:3|7:1|7:3|7:4|8:4,40
491,2219,0.8447815938646215,0.0,0.0,0.0,0.0,42,death,0,1,fire,0,11,11,4:1|4:2|5:1|5:2|6:1|6:2|6:3|7:1|7:2|8:1|8:2,40
492,2220,0.8444648216072024,0.0,0.0,0.0,0.0,5,death,0,1,fire,0,3,3,7:1|8:1|8:2,40
493,2221,0.8441480493497833,1.0,1.0,0.0,1.0,35,victory,1,0,,0,20,20,4:2|4:4|4:5|4:6|4:7|4:8|5:1|5:2|5:6|5:7|5:8|6:1|6:2|6:3|6:4|6:5|6:6|6:8|7:1|7:8,40
494,2222,0.8438312770923642,0.0,0.0,0.0,0.0,8,death,0,1,fire,0,7,7,6:1|6:2|7:1|7:2|7:3|8:1|8:2,40
495,2223,0.843514504834945,0.0,0.0,0.0,0.0,14,death,0,1,fire,0,3,3,7:1|8:1|8:2,40
496,2224,0.8431977325775258,0.0,0.0,0.0,0.0,31,death,0,1,fire,0,13,13,6:1|6:2|6:3|6:5|6:6|7:1|7:2|7:3|7:4|7:5|7:6|7:7|8:7,40
497,2225,0.8428809603201067,0.0,0.0,0.0,0.0,35,death,0,1,fire,0,15,15,5:2|6:1|6:2|6:3|6:4|6:5|6:6|6:7|7:1|7:2|7:3|7:4|7:5|7:6|8:6,40
498,2226,0.8425641880626875,0.0,0.0,0.0,0.0,50,truncated,0,0,,1,20,20,3:1|4:1|4:2|4:3|4:4|4:5|5:1|5:2|5:6|5:7|5:8|6:1|6:2|6:3|6:4|6:5|6:6|6:8|7:1|7:5,40
499,2227,0.8422474158052684,0.0,0.0,0.0,0.0,10,death,0,1,fire,0,7,7,6:2|6:3|7:1|7:2|7:3|7:4|8:2,40
500,2228,0.8419306435478493,0.0,0.0,0.0,0.0,42,death,0,1,fire,0,14,14,4:1|4:2|5:1|5:2|6:1|6:2|6:3|6:4|6:5|7:1|7:2|7:3|7:4|8:3,40
501,2229,0.8416138712904302,0.0,0.0,0.0,0.0,28,death,0,1,fire,0,14,14,6:1|6:2|6:3|6:4|6:5|6:6|7:1|7:2|7:3|7:4|7:5|7:6|7:7|8:6,40
502,2230,0.841297099033011,0.0,0.0,0.0,0.0,6,death,0,1,fire,0,4,4,6:1|7:1|8:1|8:2,40
503,2231,0.8409803267755919,0.0,0.0,0.0,0.0,16,death,0,1,fire,0,11,11,6:1|6:2|6:3|6:4|6:5|7:1|7:2|7:3|7:5|7:6|8:6,40
504,2232,0.8406635545181728,0.0,0.0,0.0,0.0,6,death,0,1,fire,0,4,4,7:1|7:2|8:1|8:2,40
505,2233,0.8403467822607535,0.0,0.0,0.0,0.0,40,death,0,1,fire,0,10,10,4:1|4:2|5:1|5:2|6:1|6:2|6:3|7:1|7:2|8:2,40
506,2234,0.8400300100033344,0.0,0.0,0.0,0.0,19,death,0,1,fire,0,11,11,6:2|6:3|6:4|6:5|6:6|6:7|7:1|7:2|7:6|7:7|8:7,40
507,2235,0.8397132377459153,0.0,0.0,0.0,0.0,21,death,0,1,fire,0,13,13,5:6|5:7|6:1|6:2|6:3|6:4|6:5|6:6|6:7|7:1|7:3|7:7|8:7,40
508,2236,0.8393964654884962,0.0,0.0,0.0,0.0,40,death,0,1,fire,0,10,10,4:1|4:2|5:1|5:2|6:1|6:2|6:3|7:1|7:2|8:2,40
509,2237,0.839079693231077,1.0,1.0,0.0,1.0,18,victory,1,0,,0,14,14,6:1|6:2|6:3|6:4|6:5|6:6|6:7|6:8|7:1|7:2|7:3|7:4|7:5|7:8,40
510,2238,0.8387629209736579,1.0,1.0,0.0,1.0,17,victory,1,0,,0,11,11,5:7|6:1|6:2|6:3|6:4|6:5|6:6|6:7|7:1|7:7|7:8,40
511,2239,0.8384461487162388,0.0,0.0,0.0,0.0,16,death,0,1,fire,0,8,8,4:2|5:2|6:1|6:2|6:3|7:1|7:2|8:2,40
512,2240,0.8381293764588196,0.0,0.0,0.0,0.0,30,death,0,1,fire,0,7,7,5:1|6:1|6:2|7:1|7:2|8:1|8:2,40
513,2241,0.8378126042014005,0.0,0.0,0.0,0.0,50,truncated,0,0,,1,17,17,5:1|5:6|5:7|5:8|6:1|6:2|6:3|6:4|6:5|6:6|6:7|7:1|7:3|7:4|7:6|7:7|8:1,40
514,2242,0.8374958319439814,0.0,0.0,0.0,0.0,9,death,0,1,fire,0,6,6,6:1|6:2|6:3|7:1|7:2|8:2,40
515,2243,0.8371790596865623,0.0,0.0,0.0,0.0,11,death,0,1,fire,0,9,9,5:2|6:2|6:3|6:4|7:1|7:2|7:3|7:4|8:3,40
516,2244,0.836862287429143,1.0,1.0,0.0,1.0,21,victory,1,0,,0,13,13,5:1|5:6|5:7|6:1|6:2|6:3|6:4|6:5|6:6|6:7|6:8|7:1|7:8,40
517,2245,0.8365455151717239,0.0,0.0,0.0,0.0,19,death,0,1,fire,0,9,9,5:1|5:2|6:1|6:2|6:3|7:1|7:3|8:1|8:3,40
518,2246,0.8362287429143047,0.0,0.0,0.0,0.0,45,death,0,1,fire,0,13,13,4:1|4:2|5:1|5:2|6:1|6:2|6:3|6:4|7:1|7:2|7:3|7:4|8:4,40
519,2247,0.8359119706568856,0.0,0.0,0.0,0.0,23,death,0,1,fire,0,14,14,4:2|5:1|5:2|6:1|6:2|6:3|6:4|7:1|7:2|7:3|7:4|7:5|7:6|8:6,40
520,2248,0.8355951983994665,0.0,0.0,0.0,0.0,2,death,0,1,fire,0,3,3,7:1|7:2|8:2,40
521,2249,0.8352784261420474,0.0,0.0,0.0,0.0,44,death,0,1,fire,0,12,12,5:1|5:2|6:1|6:2|6:3|6:4|7:1|7:2|7:3|7:4|8:1|8:4,40
522,2250,0.8349616538846282,0.0,0.0,0.0,0.0,17,death,0,1,fire,0,11,11,5:1|5:2|6:1|6:2|6:3|6:4|7:1|7:2|7:3|7:4|8:3,40
523,2251,0.8346448816272091,0.0,0.0,0.0,0.0,9,death,0,1,fire,0,7,7,6:4|7:1|7:2|7:3|7:4|8:1|8:4,40
524,2252,0.83432810936979,1.0,1.0,0.0,1.0,20,victory,1,0,,0,16,16,4:2|4:3|4:4|4:5|4:6|4:7|4:8|5:2|5:7|5:8|6:1|6:2|6:8|7:1|7:2|7:8,40
525,2253,0.8340113371123707,0.0,0.0,0.0,0.0,8,death,0,1,fire,0,6,6,6:1|6:2|6:3|7:1|7:3|8:3,40
526,2254,0.8336945648549516,0.0,0.0,0.0,0.0,3,death,0,1,fire,0,3,3,7:1|8:1|8:2,40
527,2255,0.8333777925975325,0.0,0.0,0.0,0.0,12,death,0,1,fire,0,7,7,6:1|6:2|7:1|7:2|7:3|8:1|8:2,40
528,2256,0.8330610203401134,1.0,1.0,0.0,1.0,23,victory,1,0,,0,13,13,6:1|6:2|6:3|6:4|6:5|7:1|7:2|7:3|7:4|7:5|7:6|7:7|7:8,40
529,2257,0.8327442480826943,0.0,0.0,0.0,0.0,30,death,0,1,fire,0,12,12,6:2|6:3|6:4|6:5|7:1|7:2|7:3|7:4|7:5|7:6|7:7|8:7,40
530,2258,0.8324274758252751,0.0,0.0,0.0,0.0,35,death,0,1,fire,0,15,15,2:1|2:2|3:1|4:1|5:1|5:2|6:1|6:2|6:3|6:4|7:1|7:2|7:3|7:4|8:4,40
531,2259,0.832110703567856,1.0,1.0,0.0,1.0,24,victory,1,0,,0,16,16,4:2|5:2|6:1|6:2|6:3|6:4|6:5|6:6|6:7|6:8|7:1|7:2|7:3|7:7|7:8|8:1,40
532,2260,0.8317939313104368,0.0,0.0,0.0,0.0,28,death,0,1,fire,0,13,13,5:1|6:1|6:2|6:3|6:4|6:5|6:6|7:1|7:2|7:3|7:4|7:5|8:4,40
533,2261,0.8314771590530177,0.0,0.0,0.0,0.0,8,death,0,1,fire,0,7,7,6:1|6:2|6:3|6:4|7:1|7:3|8:3,40
534,2262,0.8311603867955986,0.0,0.0,0.0,0.0,11,death,0,1,fire,0,9,9,6:2|6:3|6:4|7:1|7:2|7:3|7:4|8:1|8:4,40
535,2263,0.8308436145381795,0.0,0.0,0.0,0.0,19,death,0,1,fire,0,9,9,6:1|6:2|6:3|6:4|7:1|7:2|7:3|7:4|8:4,40
536,2264,0.8305268422807602,0.0,0.0,0.0,0.0,50,truncated,0,0,,1,22,22,2:4|2:5|2:6|2:7|2:8|3:7|3:8|4:1|4:7|5:1|5:2|5:7|6:1|6:2|6:3|6:4|6:5|6:6|6:7|7:1|7:2|8:1,40
537,2265,0.8302100700233411,0.0,0.0,0.0,0.0,17,death,0,1,fire,0,6,6,6:1|6:2|7:1|7:2|7:3|8:2,40
538,2266,0.8298932977659219,0.0,0.0,0.0,0.0,2,death,0,1,fire,0,3,3,7:1|8:1|8:2,40
539,2267,0.8295765255085028,0.0,0.0,0.0,0.0,17,death,0,1,fire,0,9,9,4:1|5:1|5:2|6:1|6:2|7:1|7:2|8:1|8:2,40
540,2268,0.8292597532510837,0.0,0.0,0.0,0.0,14,death,0,1,fire,0,9,9,6:1|6:2|6:3|6:4|7:1|7:3|7:4|7:5|8:5,40
541,2269,0.8289429809936646,0.0,0.0,0.0,0.0,12,death,0,1,fire,0,9,9,5:1|5:2|6:1|6:2|6:3|7:1|7:2|7:3|8:3,40
542,2270,0.8286262087362455,0.0,0.0,0.0,0.0,2,death,0,1,fire,0,3,3,7:1|8:1|8:2,40
543,2271,0.8283094364788263,0.0,0.0,0.0,0.0,9,death,0,1,fire,0,6,6,5:1|6:1|6:2|7:1|8:1|8:2,40
544,2272,0.8279926642214072,0.0,0.0,0.0,0.0,21,death,0,1,fire,0,9,9,6:1|6:3|6:4|7:1|7:2|7:3|7:4|8:1|8:2,40
545,2273,0.8276758919639879,0.0,0.0,0.0,0.0,8,death,0,1,fire,0,6,6,6:2|6:3|7:1|7:2|7:3|8:3,40
546,2274,0.8273591197065688,0.0,0.0,0.0,0.0,38,death,0,1,fire,0,9,9,5:1|5:2|6:1|6:2|6:3|7:1|7:2|8:1|8:2,40
547,2275,0.8270423474491497,0.0,0.0,0.0,0.0,22,death,0,1,fire,0,10,10,6:1|6:4|6:5|7:1|7:2|7:3|7:4|7:5|8:1|8:5,40
548,2276,0.8267255751917306,0.0,0.0,0.0,0.0,14,death,0,1,fire,0,8,8,5:2|6:1|6:2|6:3|7:1|7:2|7:3|8:2,40
549,2277,0.8264088029343114,0.0,0.0,0.0,0.0,49,death,0,1,fire,0,13,13,4:2|5:1|5:2|6:1|6:2|6:3|6:4|7:1|7:2|7:3|7:4|8:1|8:4,40
550,2278,0.8260920306768923,1.0,1.0,0.0,1.0,22,victory,1,0,,0,14,14,6:2|6:3|6:4|6:5|6:6|6:7|6:8|7:1|7:2|7:3|7:4|7:5|7:8|8:1,40
551,2279,0.8257752584194732,1.0,1.0,0.0,1.0,40,victory,1,0,,0,14,14,6:3|6:4|6:5|6:6|6:7|6:8|7:1|7:2|7:3|7:4|7:5|7:6|7:7|7:8,40
552,2280,0.825458486162054,0.0,0.0,0.0,0.0,2,death,0,1,fire,0,3,3,7:1|7:2|8:2,40
553,2281,0.8251417139046349,0.0,0.0,0.0,0.0,5,death,0,1,fire,0,4,4,7:1|7:2|7:3|8:3,40
554,2282,0.8248249416472158,0.0,0.0,0.0,0.0,2,death,0,1,fire,0,3,3,7:1|7:2|8:2,40
555,2283,0.8245081693897967,0.0,0.0,0.0,0.0,3,death,0,1,fire,0,3,3,7:1|8:1|8:2,40
556,2284,0.8241913971323774,0.0,0.0,0.0,0.0,2,death,0,1,fire,0,3,3,7:1|8:1|8:2,40
557,2285,0.8238746248749583,0.0,0.0,0.0,0.0,4,death,0,1,fire,0,3,3,7:1|8:1|8:2,40
558,2286,0.8235578526175392,0.0,0.0,0.0,0.0,2,death,0,1,fire,0,3,3,7:1|7:2|8:2,40
559,2287,0.82324108036012,0.0,0.0,0.0,0.0,7,death,0,1,fire,0,5,5,7:1|7:2|7:3|8:1|8:3,40
560,2288,0.8229243081027009,0.0,0.0,0.0,0.0,9,death,0,1,fire,0,3,3,7:1|8:1|8:2,40
561,2289,0.8226075358452818,0.0,0.0,0.0,0.0,29,death,0,1,fire,0,13,13,5:1|5:2|6:1|6:2|6:3|6:4|6:5|6:6|6:7|7:1|7:2|7:3|8:2,40
562,2290,0.8222907635878627,1.0,1.0,0.0,1.0,49,victory,1,0,,0,15,15,4:2|5:1|5:2|6:1|6:2|6:3|6:4|6:5|6:6|6:7|6:8|7:1|7:2|7:3|7:8,40
563,2291,0.8219739913304435,1.0,1.0,0.0,1.0,47,victory,1,0,,0,20,20,2:8|3:7|3:8|4:6|4:7|4:8|5:6|5:7|5:8|6:1|6:2|6:3|6:4|6:5|6:6|6:7|6:8|7:1|7:8|8:1,40
564,2292,0.8216572190730244,0.0,0.0,0.0,0.0,50,truncated,0,0,,1,18,18,4:1|4:2|4:3|4:4|4:5|4:6|5:1|5:2|5:6|6:1|6:2|6:3|6:4|6:6|7:1|7:2|7:3|7:4,40
565,2293,0.8213404468156051,0.0,0.0,0.0,0.0,10,death,0,1,fire,0,3,3,7:1|8:1|8:2,40
566,2294,0.821023674558186,1.0,1.0,0.0,1.0,24,victory,1,0,,0,13,13,5:1|5:8|6:1|6:2|6:3|6:4|6:5|6:6|6:7|6:8|7:1|7:7|7:8,40
567,2295,0.8207069023007669,0.0,0.0,0.0,0.0,22,death,0,1,fire,0,12,12,5:1|5:2|6:1|6:2|6:3|6:4|6:5|7:1|7:2|7:3|7:5|8:5,40
568,2296,0.8203901300433478,0.0,0.0,0.0,0.0,27,death,0,1,fire,0,12,12,2:1|2:2|3:1|4:1|5:1|5:2|6:1|6:2|6:3|7:1|7:2|8:2,40
569,2297,0.8200733577859286,0.0,0.0,0.0,0.0,18,death,0,1,fire,0,10,10,6:1|6:2|6:3|6:4|6:5|7:1|7:2|7:3|7:4|8:3,40
570,2298,0.8197565855285095,0.0,0.0,0.0,0.0,10,death,0,1,fire,0,7,7,6:1|6:2|6:3|6:4|7:1|7:4|8:4,40
571,2299,0.8194398132710904,0.0,0.0,0.0,0.0,4,death,0,1,fire,0,4,4,7:1|7:2|8:1|8:2,40
572,2300,0.8191230410136713,0.0,0.0,0.0,0.0,15,death,0,1,fire,0,13,13,6:1|6:2|6:3|6:4|6:5|6:6|6:7|7:1|7:4|7:5|7:6|7:7|8:5,40
573,2301,0.8188062687562521,1.0,1.0,0.0,1.0,16,victory,1,0,,0,11,11,6:2|6:3|6:4|6:5|6:6|6:7|7:1|7:2|7:7|7:8|8:1,40
574,2302,0.818489496498833,1.0,1.0,0.0,1.0,45,victory,1,0,,0,21,21,4:1|4:2|5:1|5:2|5:6|5:7|5:8|6:1|6:2|6:3|6:4|6:5|6:6|6:7|6:8|7:1|7:2|7:3|7:4|7:8|8:1,40
575,2303,0.8181727242414139,0.0,0.0,0.0,0.0,13,death,0,1,fire,0,7,7,6:1|6:2|7:1|7:2|7:3|8:1|8:3,40
576,2304,0.8178559519839947,0.0,0.0,0.0,0.0,26,death,0,1,fire,0,9,9,6:2|6:3|6:4|7:1|7:2|7:3|7:4|8:1|8:2,40
577,2305,0.8175391797265755,0.0,0.0,0.0,0.0,13,death,0,1,fire,0,6,6,6:1|7:1|7:2|7:3|8:1|8:2,40
578,2306,0.8172224074691564,0.0,0.0,0.0,0.0,2,death,0,1,fire,0,3,3,7:1|8:1|8:2,40
579,2307,0.8169056352117372,0.0,0.0,0.0,0.0,16,death,0,1,fire,0,9,9,6:1|6:2|6:3|6:4|7:1|7:2|7:3|7:4|8:2,40
580,2308,0.8165888629543181,0.0,0.0,0.0,0.0,6,death,0,1,fire,0,5,5,7:1|7:2|7:3|8:1|8:2,40
581,2309,0.816272090696899,0.0,0.0,0.0,0.0,3,death,0,1,fire,0,4,4,7:1|7:2|7:3|8:3,40
582,2310,0.8159553184394799,0.0,0.0,0.0,0.0,15,death,0,1,fire,0,6,6,6:1|6:2|7:1|7:2|8:1|8:2,40
583,2311,0.8156385461820607,0.0,0.0,0.0,0.0,7,death,0,1,fire,0,6,6,5:1|6:1|6:2|7:1|7:2|8:2,40
584,2312,0.8153217739246416,1.0,1.0,0.0,1.0,25,victory,1,0,,0,14,14,5:6|5:7|6:1|6:2|6:3|6:4|6:5|6:6|6:7|7:1|7:2|7:3|7:7|7:8,40
585,2313,0.8150050016672223,0.0,0.0,0.0,0.0,12,death,0,1,fire,0,7,7,5:2|6:1|6:2|6:3|7:1|7:3|8:3,40
586,2314,0.8146882294098032,0.0,0.0,0.0,0.0,2,death,0,1,fire,0,3,3,7:1|7:2|8:2,40
587,2315,0.8143714571523841,0.0,0.0,0.0,0.0,6,death,0,1,fire,0,5,5,6:1|7:1|7:2|8:1|8:2,40
588,2316,0.814054684894965,0.0,0.0,0.0,0.0,4,death,0,1,fire,0,3,3,7:1|8:1|8:2,40
589,2317,0.8137379126375459,0.0,0.0,0.0,0.0,40,death,0,1,fire,0,18,18,3:1|4:1|4:2|4:6|5:1|5:2|5:6|6:1|6:2|6:3|6:4|6:5|6:6|7:1|7:4|7:5|7:6|8:5,40
590,2318,0.8134211403801267,0.0,0.0,0.0,0.0,9,death,0,1,fire,0,7,7,5:1|5:2|6:1|6:2|7:1|7:2|8:2,40
591,2319,0.8131043681227076,0.0,0.0,0.0,0.0,3,death,0,1,fire,0,4,4,7:1|7:2|7:3|8:3,40
592,2320,0.8127875958652885,0.0,0.0,0.0,0.0,11,death,0,1,fire,0,9,9,5:1|5:2|6:2|6:3|7:1|7:2|7:3|8:1|8:3,40
593,2321,0.8124708236078693,0.0,0.0,0.0,0.0,2,death,0,1,fire,0,3,3,7:1|8:1|8:2,40
594,2322,0.8121540513504502,0.0,0.0,0.0,0.0,10,death,0,1,fire,0,8,8,6:1|6:2|6:3|7:1|7:3|7:4|7:5|8:4,40
595,2323,0.811837279093031,0.0,0.0,0.0,0.0,6,death,0,1,fire,0,6,6,6:1|6:2|7:1|7:2|8:1|8:2,40
596,2324,0.8115205068356119,0.0,0.0,0.0,0.0,23,death,0,1,fire,0,13,13,6:1|6:2|6:3|6:4|6:5|6:6|7:1|7:2|7:3|7:4|7:5|7:6|8:5,40
597,2325,0.8112037345781927,0.0,0.0,0.0,0.0,50,truncated,0,0,,1,21,21,2:7|2:8|3:7|3:8|4:7|4:8|5:6|5:7|5:8|6:2|6:3|6:4|6:5|6:6|6:7|7:1|7:2|7:4|7:5|7:6|8:1,40
598,2326,0.8108869623207736,0.0,0.0,0.0,0.0,2,death,0,1,fire,0,3,3,7:1|7:2|8:2,40
599,2327,0.8105701900633544,0.0,0.0,0.0,0.0,38,death,0,1,fire,0,12,12,2:1|3:1|4:1|4:2|5:1|5:2|6:1|6:2|6:3|7:1|7:3|8:3,40
600,2328,0.8102534178059353,1.0,1.0,0.0,1.0,31,victory,1,0,,0,14,14,3:1|4:1|5:1|5:2|6:1|6:2|6:3|6:4|6:5|6:6|6:7|6:8|7:1|7:8,40
601,2329,0.8099366455485162,0.0,0.0,0.0,0.0,25,death,0,1,fire,0,15,15,3:1|4:1|4:2|5:1|5:2|6:1|6:2|6:3|6:4|6:5|6:6|7:1|7:5|7:6|8:6,40
602,2330,0.8096198732910971,0.0,0.0,0.0,0.0,5,death,0,1,fire,0,4,4,6:1|7:1|7:2|8:2,40
603,2331,0.809303101033678,0.0,0.0,0.0,0.0,6,death,0,1,fire,0,6,6,6:2|6:3|7:1|7:2|7:3|8:3,40
604,2332,0.8089863287762588,0.0,0.0,0.0,0.0,13,death,0,1,fire,0,10,10,6:1|6:2|6:3|7:1|7:2|7:3|7:4|7:5|7:6|8:6,40
605,2333,0.8086695565188396,1.0,1.0,0.0,1.0,18,victory,1,0,,0,13,13,5:7|5:8|6:1|6:3|6:4|6:5|6:6|6:7|6:8|7:1|7:2|7:3|7:8,40
606,2334,0.8083527842614204,0.0,0.0,0.0,0.0,8,death,0,1,fire,0,5,5,6:1|6:2|7:1|7:2|8:2,40
607,2335,0.8080360120040013,0.0,0.0,0.0,0.0,2,death,0,1,fire,0,3,3,7:1|7:2|8:2,40
608,2336,0.8077192397465822,0.0,0.0,0.0,0.0,18,death,0,1,fire,0,9,9,6:2|6:3|6:4|6:5|7:1|7:2|7:4|7:5|8:4,40
609,2337,0.8074024674891631,0.0,0.0,0.0,0.0,9,death,0,1,fire,0,5,5,7:1|7:2|7:3|8:1|8:3,40
610,2338,0.8070856952317439,1.0,1.0,0.0,1.0,35,victory,1,0,,0,15,15,4:1|5:1|5:2|6:1|6:2|6:3|6:4|6:5|6:6|6:7|6:8|7:1|7:2|7:8|8:1,40
611,2339,0.8067689229743248,0.0,0.0,0.0,0.0,6,death,0,1,fire,0,6,6,6:1|6:2|6:3|7:1|7:3|8:3,40
612,2340,0.8064521507169057,0.0,0.0,0.0,0.0,25,death,0,1,fire,0,9,9,5:1|6:1|6:2|6:3|7:1|7:2|7:3|8:1|8:3,40
613,2341,0.8061353784594865,1.0,1.0,0.0,1.0,17,victory,1,0,,0,13,13,5:6|5:7|6:1|6:2|6:3|6:4|6:5|6:6|6:7|6:8|7:1|7:8|8:1,40
614,2342,0.8058186062020674,0.0,0.0,0.0,0.0,50,truncated,0,0,,1,21,21,2:3|2:4|2:5|2:6|2:7|2:8|3:7|3:8|4:6|4:7|5:1|5:2|5:6|6:1|6:2|6:3|6:4|6:5|6:6|7:1|7:2,40
615,2343,0.8055018339446482,0.0,0.0,0.0,0.0,7,death,0,1,fire,0,6,6,6:2|7:1|7:2|7:3|8:1|8:3,40
616,2344,0.8051850616872291,0.0,0.0,0.0,0.0,17,death,0,1,fire,0,8,8,5:2|6:2|6:3|7:1|7:2|7:3|8:1|8:3,40
617,2345,0.8048682894298099,1.0,1.0,0.0,1.0,34,victory,1,0,,0,17,17,4:1|5:1|5:2|5:6|5:7|6:1|6:2|6:3|6:4|6:5|6:6|6:7|7:1|7:2|7:3|7:7|7:8,40
618,2346,0.8045515171723908,1.0,1.0,0.0,1.0,39,victory,1,0,,0,16,16,5:7|6:1|6:2|6:3|6:4|6:5|6:6|6:7|6:8|7:1|7:2|7:3|7:4|7:5|7:8|8:1,40
619,2347,0.8042347449149717,0.0,0.0,0.0,0.0,22,death,0,1,fire,0,9,9,6:1|6:2|6:3|6:4|7:1|7:2|7:3|7:4|8:2,40
620,2348,0.8039179726575525,0.0,0.0,0.0,0.0,18,death,0,1,fire,0,14,14,5:1|5:2|5:6|6:1|6:2|6:3|6:4|6:5|6:6|7:1|7:4|7:5|7:6|8:4,40
621,2349,0.8036012004001334,0.0,0.0,0.0,0.0,35,death,0,1,fire,0,13,13,5:2|6:1|6:2|6:3|6:4|6:5|6:6|7:1|7:2|7:3|7:5|8:1|8:2,40
622,2350,0.8032844281427143,0.0,0.0,0.0,0.0,25,death,0,1,fire,0,12,12,6:1|6:2|6:3|6:4|6:5|7:1|7:2|7:4|7:5|7:6|8:1|8:6,40
623,2351,0.8029676558852952,0.0,0.0,0.0,0.0,2,death,0,1,fire,0,3,3,7:1|8:1|8:2,40
624,2352,0.802650883627876,1.0,1.0,0.0,1.0,29,victory,1,0,,0,16,16,4:6|4:8|5:6|5:7|5:8|6:1|6:2|6:3|6:4|6:5|6:6|6:7|6:8|7:1|7:8|8:1,40
625,2353,0.8023341113704568,0.0,0.0,0.0,0.0,4,death,0,1,fire,0,5,5,6:1|6:2|7:1|7:2|8:2,40
626,2354,0.8020173391130376,0.0,0.0,0.0,0.0,2,death,0,1,fire,0,3,3,7:1|8:1|8:2,40
627,2355,0.8017005668556185,0.0,0.0,0.0,0.0,26,death,0,1,fire,0,13,13,6:1|6:2|6:3|6:4|6:5|6:6|7:1|7:2|7:3|7:4|7:5|7:6|8:6,40
628,2356,0.8013837945981994,0.0,0.0,0.0,0.0,3,death,0,1,fire,0,4,4,7:1|7:2|7:3|8:3,40
629,2357,0.8010670223407803,0.0,0.0,0.0,0.0,8,death,0,1,fire,0,3,3,7:1|8:1|8:2,40
630,2358,0.8007502500833611,0.0,0.0,0.0,0.0,16,death,0,1,fire,0,11,11,5:1|6:1|6:2|6:3|6:4|6:5|6:6|6:7|7:1|7:7|8:7,40
631,2359,0.800433477825942,0.0,0.0,0.0,0.0,15,death,0,1,fire,0,8,8,6:1|6:2|6:3|6:4|7:1|7:3|7:4|8:3,40
632,2360,0.8001167055685229,1.0,1.0,0.0,1.0,22,victory,1,0,,0,17,17,4:7|4:8|5:7|5:8|6:1|6:2|6:3|6:4|6:5|6:6|6:7|6:8|7:1|7:5|7:6|7:7|7:8,40
633,2361,0.7997999333111037,0.0,0.0,0.0,0.0,50,truncated,0,0,,1,15,15,4:1|4:2|4:3|4:4|4:5|4:6|4:7|4:8|5:1|5:2|6:1|6:2|7:1|7:2|8:1,40
634,2362,0.7994831610536846,0.0,0.0,0.0,0.0,18,death,0,1,fire,0,10,10,4:1|4:2|5:2|6:1|6:2|6:3|6:4|7:1|7:4|8:4,40
635,2363,0.7991663887962654,0.0,0.0,0.0,0.0,3,death,0,1,fire,0,3,3,7:1|8:1|8:2,40
636,2364,0.7988496165388463,0.0,0.0,0.0,0.0,42,death,0,1,fire,0,15,15,4:1|4:2|4:3|5:1|5:2|6:1|6:2|6:3|6:4|6:5|7:1|7:2|7:5|8:1|8:5,40
637,2365,0.7985328442814271,0.0,0.0,0.0,0.0,50,truncated,0,0,,1,12,12,5:1|5:2|6:1|6:2|6:3|6:4|6:5|6:6|7:1|7:2|7:3|8:1,40
638,2366,0.798216072024008,0.0,0.0,0.0,0.0,8,death,0,1,fire,0,4,4,6:1|7:1|7:2|8:2,40
639,2367,0.7978992997665889,0.0,0.0,0.0,0.0,10,death,0,1,fire,0,7,7,5:1|5:2|6:1|6:2|7:1|7:2|8:2,40
640,2368,0.7975825275091697,1.0,1.0,0.0,1.0,34,victory,1,0,,0,14,14,5:2|5:6|5:7|6:2|6:3|6:4|6:5|6:6|6:7|6:8|7:1|7:2|7:8|8:1,40
641,2369,0.7972657552517506,1.0,1.0,0.0,1.0,42,victory,1,0,,0,19,19,3:7|3:8|4:6|4:7|4:8|5:6|5:7|5:8|6:1|6:2|6:3|6:4|6:5|6:6|6:7|6:8|7:1|7:7|7:8,40
642,2370,0.7969489829943315,0.0,0.0,0.0,0.0,2,death,0,1,fire,0,3,3,7:1|8:1|8:2,40
643,2371,0.7966322107369124,0.0,0.0,0.0,0.0,50,truncated,0,0,,1,10,10,4:1|5:1|5:2|6:1|6:2|6:3|7:1|7:2|7:3|8:1,40
644,2372,0.7963154384794932,0.0,0.0,0.0,0.0,18,death,0,1,fire,0,7,7,5:2|6:1|6:2|6:3|7:1|7:2|8:2,40
645,2373,0.795998666222074,0.0,0.0,0.0,0.0,7,death,0,1,fire,0,6,6,5:1|6:1|6:2|7:1|7:2|8:2,40
646,2374,0.7956818939646548,0.0,0.0,0.0,0.0,2,death,0,1,fire,0,3,3,7:1|7:2|8:2,40
647,2375,0.7953651217072357,0.0,0.0,0.0,0.0,45,death,0,1,fire,0,14,14,2:1|2:2|3:1|4:1|4:2|5:1|5:2|6:1|6:2|6:3|7:1|7:2|7:3|8:3,40
648,2376,0.7950483494498166,0.0,0.0,0.0,0.0,22,death,0,1,fire,0,16,16,4:2|5:1|5:2|5:7|6:1|6:2|6:3|6:4|6:5|6:6|6:7|6:8|7:1|7:4|7:7|8:7,40
649,2377,0.7947315771923975,0.0,0.0,0.0,0.0,47,death,0,1,fire,0,13,13,4:1|5:1|5:2|6:1|6:2|6:3|6:4|6:5|6:6|7:1|7:2|7:5|8:5,40
650,2378,0.7944148049349784,0.0,0.0,0.0,0.0,15,death,0,1,fire,0,8,8,4:2|5:2|6:1|6:2|7:1|7:2|8:1|8:2,40
651,2379,0.7940980326775592,1.0,1.0,0.0,1.0,35,victory,1,0,,0,17,17,4:6|5:2|5:6|5:7|5:8|6:1|6:2|6:3|6:4|6:5|6:6|6:8|7:1|7:2|7:3|7:8|8:1,40
652,2380,0.7937812604201401,0.0,0.0,0.0,0.0,4,death,0,1,fire,0,3,3,7:1|8:1|8:2,40
653,2381,0.7934644881627209,0.0,0.0,0.0,0.0,7,death,0,1,fire,0,6,6,6:1|6:2|6:3|7:1|7:3|8:3,40
654,2382,0.7931477159053018,0.0,0.0,0.0,0.0,9,death,0,1,fire,0,5,5,5:1|6:1|7:1|8:1|8:2,40
655,2383,0.7928309436478826,0.0,0.0,0.0,0.0,50,truncated,0,0,,1,19,19,2:6|2:7|2:8|3:7|3:8|4:2|4:3|4:4|4:5|4:6|4:7|5:2|5:6|5:7|6:1|6:2|6:6|6:7|7:1,40
656,2384,0.7925141713904635,0.0,0.0,0.0,0.0,2,death,0,1,fire,0,3,3,7:1|7:2|8:2,40
657,2385,0.7921973991330443,0.0,0.0,0.0,0.0,12,death,0,1,fire,0,6,6,6:1|6:2|6:3|7:1|7:3|8:3,40
658,2386,0.7918806268756252,0.0,0.0,0.0,0.0,6,death,0,1,fire,0,4,4,7:1|7:2|8:1|8:2,40
659,2387,0.7915638546182061,1.0,1.0,0.0,1.0,17,victory,1,0,,0,10,10,6:2|6:3|6:4|6:5|6:6|6:7|6:8|7:1|7:2|7:8,40
660,2388,0.7912470823607869,0.0,0.0,0.0,0.0,5,death,0,1,fire,0,4,4,6:1|7:1|8:1|8:2,40
661,2389,0.7909303101033678,0.0,0.0,0.0,0.0,50,truncated,0,0,,1,11,11,4:1|4:2|4:3|5:1|5:2|6:1|6:2|6:3|7:1|7:2|7:3,40
662,2390,0.7906135378459487,0.0,0.0,0.0,0.0,26,death,0,1,fire,0,13,13,6:1|6:2|6:3|6:4|6:5|7:1|7:2|7:3|7:4|7:5|7:6|8:1|8:3,40
663,2391,0.7902967655885296,0.0,0.0,0.0,0.0,19,death,0,1,fire,0,8,8,4:2|5:1|5:2|6:1|6:2|7:1|7:2|8:2,40
664,2392,0.7899799933311104,0.0,0.0,0.0,0.0,4,death,0,1,fire,0,3,3,7:1|8:1|8:2,40
665,2393,0.7896632210736912,0.0,0.0,0.0,0.0,20,death,0,1,fire,0,9,9,4:2|4:3|5:1|5:2|6:1|6:2|7:1|7:2|8:2,40
666,2394,0.7893464488162721,0.0,0.0,0.0,0.0,26,death,0,1,fire,0,10,10,3:1|4:1|5:1|5:2|6:1|6:2|7:1|7:2|8:1|8:2,40
667,2395,0.7890296765588529,0.0,0.0,0.0,0.0,50,truncated,0,0,,1,20,20,3:7|4:6|4:7|5:6|5:7|6:1|6:2|6:3|6:4|6:5|6:6|6:7|7:1|7:2|7:3|7:4|7:5|7:6|7:7|8:1,40
668,2396,0.7887129043014338,1.0,1.0,0.0,1.0,24,victory,1,0,,0,15,15,4:1|4:2|5:1|5:2|6:1|6:2|6:3|6:4|6:5|6:6|6:7|6:8|7:1|7:3|7:8,40
669,2397,0.7883961320440147,0.0,0.0,0.0,0.0,6,death,0,1,fire,0,4,4,7:1|7:2|8:1|8:2,40
670,2398,0.7880793597865956,0.0,0.0,0.0,0.0,15,death,0,1,fire,0,7,7,5:1|6:1|7:1|7:2|7:3|8:1|8:3,40
671,2399,0.7877625875291764,1.0,1.0,0.0,1.0,12,victory,1,0,,0,11,11,5:2|6:1|6:2|6:3|6:4|6:5|6:6|6:7|6:8|7:1|7:8,40
672,2400,0.7874458152717573,0.0,0.0,0.0,0.0,10,death,0,1,fire,0,6,6,6:2|6:3|7:1|7:2|7:3|8:2,40
673,2401,0.7871290430143381,0.0,0.0,0.0,0.0,24,death,0,1,fire,0,10,10,5:2|6:2|6:3|6:4|7:1|7:2|7:3|7:4|8:1|8:4,40
674,2402,0.786812270756919,0.0,0.0,0.0,0.0,2,death,0,1,fire,0,3,3,7:1|7:2|8:2,40
675,2403,0.7864954984994998,0.0,0.0,0.0,0.0,33,death,0,1,fire,0,15,15,5:1|5:2|5:6|6:1|6:2|6:3|6:4|6:5|6:6|7:1|7:2|7:3|7:6|8:1|8:6,40
676,2404,0.7861787262420807,0.0,0.0,0.0,0.0,3,death,0,1,fire,0,3,3,7:1|8:1|8:2,40
677,2405,0.7858619539846615,0.0,0.0,0.0,0.0,46,death,0,1,fire,0,21,21,2:7|2:8|3:7|3:8|4:6|4:7|4:8|5:6|5:7|5:8|6:1|6:2|6:3|6:4|6:5|6:6|6:7|6:8|7:1|7:7|8:7,40
678,2406,0.7855451817272424,0.0,0.0,0.0,0.0,19,death,0,1,fire,0,10,10,6:1|6:2|6:3|6:4|7:1|7:2|7:3|7:4|8:1|8:3,40
679,2407,0.7852284094698233,0.0,0.0,0.0,0.0,7,death,0,1,fire,0,5,5,6:1|7:1|7:2|7:3|8:2,40
680,2408,0.7849116372124041,0.0,0.0,0.0,0.0,3,death,0,1,fire,0,3,3,7:1|7:2|8:2,40
681,2409,0.784594864954985,1.0,1.0,0.0,1.0,27,victory,1,0,,0,14,14,6:1|6:2|6:4|6:5|6:6|6:7|6:8|7:1|7:2|7:3|7:4|7:6|7:7|7:8,40
682,2410,0.7842780926975659,0.0,0.0,0.0,0.0,21,death,0,1,fire,0,10,10,4:1|5:1|5:2|6:1|6:2|6:3|7:1|7:2|7:3|8:2,40
683,2411,0.7839613204401468,1.0,1.0,0.0,1.0,28,victory,1,0,,0,15,15,5:1|5:2|6:1|6:2|6:3|6:4|6:5|6:6|6:7|6:8|7:1|7:4|7:5|7:6|7:8,40
684,2412,0.7836445481827276,0.0,0.0,0.0,0.0,23,death,0,1,fire,0,13,13,5:7|6:1|6:2|6:3|6:4|6:5|6:6|6:7|7:1|7:2|7:5|7:6|8:5,40
685,2413,0.7833277759253084,0.0,0.0,0.0,0.0,8,death,0,1,fire,0,6,6,6:3|7:1|7:2|7:3|8:1|8:3,40
686,2414,0.7830110036678893,0.0,0.0,0.0,0.0,16,death,0,1,fire,0,7,7,6:1|6:2|6:3|7:1|7:2|7:3|8:2,40
687,2415,0.7826942314104701,0.0,0.0,0.0,0.0,3,death,0,1,fire,0,4,4,7:1|7:2|7:3|8:3,40
688,2416,0.782377459153051,0.0,0.0,0.0,0.0,31,death,0,1,fire,0,13,13,4:2|4:3|5:1|5:2|6:1|6:2|6:3|6:4|7:1|7:2|7:3|7:4|8:4,40
689,2417,0.7820606868956319,0.0,0.0,0.0,0.0,7,death,0,1,fire,0,5,5,6:1|7:1|7:2|7:3|8:3,40
690,2418,0.7817439146382128,0.0,0.0,0.0,0.0,7,death,0,1,fire,0,6,6,6:1|6:2|7:1|7:2|7:3|8:3,40
691,2419,0.7814271423807936,1.0,1.0,0.0,1.0,24,victory,1,0,,0,14,14,4:8|5:8|6:2|6:3|6:4|6:5|6:6|6:7|6:8|7:1|7:2|7:3|7:4|7:8,40
692,2420,0.7811103701233745,0.0,0.0,0.0,0.0,2,death,0,1,fire,0,3,3,7:1|8:1|8:2,40
693,2421,0.7807935978659553,0.0,0.0,0.0,0.0,2,death,0,1,fire,0,3,3,7:1|7:2|8:2,40
694,2422,0.7804768256085362,1.0,1.0,0.0,1.0,41,victory,1,0,,0,16,16,5:2|5:6|6:2|6:3|6:4|6:5|6:6|6:7|6:8|7:1|7:2|7:3|7:4|7:6|7:7|7:8,40
695,2423,0.780160053351117,0.0,0.0,0.0,0.0,17,death,0,1,fire,0,6,6,6:1|6:2|6:3|7:1|7:2|8:2,40
696,2424,0.7798432810936979,0.0,0.0,0.0,0.0,13,death,0,1,fire,0,6,6,6:2|6:3|7:1|7:2|7:3|8:2,40
697,2425,0.7795265088362788,0.0,0.0,0.0,0.0,8,death,0,1,fire,0,5,5,6:1|7:1|7:2|8:1|8:2,40
698,2426,0.7792097365788596,0.0,0.0,0.0,0.0,10,death,0,1,fire,0,8,8,6:1|6:2|6:3|7:1|7:2|7:3|8:1|8:3,40
699,2427,0.7788929643214405,0.0,0.0,0.0,0.0,2,death,0,1,fire,0,3,3,7:1|7:2|8:2,40
700,2428,0.7785761920640213,0.0,0.0,0.0,0.0,50,truncated,0,0,,1,10,10,3:1|4:1|5:1|5:2|6:1|6:2|6:3|7:1|7:2|7:3,40
701,2429,0.7782594198066022,0.0,0.0,0.0,0.0,22,death,0,1,fire,0,11,11,5:6|6:5|6:6|7:1|7:2|7:3|7:4|7:5|7:6|8:1|8:5,40
702,2430,0.7779426475491831,1.0,1.0,0.0,1.0,41,victory,1,0,,0,17,17,5:7|5:8|6:2|6:3|6:4|6:5|6:6|6:7|6:8|7:1|7:2|7:3|7:4|7:5|7:6|7:7|7:8,40
703,2431,0.777625875291764,0.0,0.0,0.0,0.0,6,death,0,1,fire,0,5,5,6:1|6:2|7:1|7:2|8:2,40
704,2432,0.7773091030343448,0.0,0.0,0.0,0.0,4,death,0,1,fire,0,4,4,7:1|7:2|7:3|8:3,40
705,2433,0.7769923307769256,0.0,0.0,0.0,0.0,9,death,0,1,fire,0,6,6,5:2|6:1|6:2|7:1|7:2|8:2,40
706,2434,0.7766755585195065,0.0,0.0,0.0,0.0,4,death,0,1,fire,0,4,4,6:1|7:1|8:1|8:2,40
707,2435,0.7763587862620873,0.0,0.0,0.0,0.0,5,death,0,1,fire,0,4,4,7:1|7:2|8:1|8:2,40
708,2436,0.7760420140046682,0.0,0.0,0.0,0.0,2,death,0,1,fire,0,3,3,7:1|7:2|8:2,40
709,2437,0.7757252417472491,0.0,0.0,0.0,0.0,5,death,0,1,fire,0,6,6,6:2|6:3|7:1|7:2|7:3|8:3,40
710,2438,0.77540846948983,0.0,0.0,0.0,0.0,10,death,0,1,fire,0,6,6,5:2|6:1|6:2|7:1|7:2|8:2,40
711,2439,0.7750916972324109,0.0,0.0,0.0,0.0,8,death,0,1,fire,0,5,5,7:1|7:2|7:3|8:1|8:3,40
712,2440,0.7747749249749917,0.0,0.0,0.0,0.0,33,death,0,1,fire,0,11,11,5:1|5:2|6:1|6:2|6:3|6:4|6:5|7:1|7:2|7:3|8:3,40
713,2441,0.7744581527175726,0.0,0.0,0.0,0.0,27,death,0,1,fire,0,10,10,4:1|5:1|5:2|6:1|6:2|6:3|7:1|7:2|7:3|8:2,40
714,2442,0.7741413804601533,0.0,0.0,0.0,0.0,18,death,0,1,fire,0,10,10,4:2|5:1|5:2|6:1|6:2|6:3|7:1|7:3|7:4|8:4,40
715,2443,0.7738246082027342,0.0,0.0,0.0,0.0,19,death,0,1,fire,0,10,10,6:1|6:2|6:3|6:4|6:5|7:1|7:2|7:5|8:1|8:5,40
716,2444,0.7735078359453151,0.0,0.0,0.0,0.0,7,death,0,1,fire,0,6,6,6:2|6:3|7:1|7:2|7:3|8:3,40
717,2445,0.773191063687896,1.0,1.0,0.0,1.0,31,victory,1,0,,0,16,16,3:1|4:1|5:1|5:6|5:7|5:8|6:1|6:2|6:3|6:4|6:5|6:6|6:8|7:1|7:8|8:1,40
718,2446,0.7728742914304768,1.0,1.0,0.0,1.0,29,victory,1,0,,0,17,17,4:8|5:2|5:6|5:7|5:8|6:2|6:3|6:4|6:5|6:6|6:7|6:8|7:1|7:2|7:3|7:7|7:8,40
719,2447,0.7725575191730577,0.0,0.0,0.0,0.0,50,truncated,0,0,,1,19,19,2:7|3:7|3:8|4:4|4:5|4:6|4:7|4:8|5:6|5:7|5:8|6:2|6:3|6:4|6:5|6:6|7:1|7:2|7:3,40
720,2448,0.7722407469156385,1.0,1.0,0.0,1.0,38,victory,1,0,,0,15,15,5:6|5:7|5:8|6:1|6:2|6:3|6:4|6:5|6:6|6:7|6:8|7:1|7:2|7:3|7:8,40
721,2449,0.7719239746582194,0.0,0.0,0.0,0.0,2,death,0,1,fire,0,3,3,7:1|7:2|8:2,40
722,2450,0.7716072024008003,0.0,0.0,0.0,0.0,2,death,0,1,fire,0,3,3,7:1|8:1|8:2,40
723,2451,0.7712904301433812,1.0,1.0,0.0,1.0,23,victory,1,0,,0,14,14,4:8|5:6|5:7|5:8|6:3|6:4|6:5|6:6|6:8|7:1|7:2|7:3|7:8|8:1,40
724,2452,0.770973657885962,0.0,0.0,0.0,0.0,4,death,0,1,fire,0,3,3,7:1|8:1|8:2,40
725,2453,0.7706568856285428,0.0,0.0,0.0,0.0,5,death,0,1,fire,0,5,5,7:1|7:2|7:3|8:1|8:3,40
726,2454,0.7703401133711237,0.0,0.0,0.0,0.0,29,death,0,1,fire,0,14,14,4:1|4:2|5:1|5:2|6:1|6:2|6:3|6:4|6:5|6:6|7:1|7:2|7:6|8:6,40
727,2455,0.7700233411137045,0.0,0.0,0.0,0.0,9,death,0,1,fire,0,4,4,6:1|7:1|7:2|8:2,40
728,2456,0.7697065688562854,0.0,0.0,0.0,0.0,22,death,0,1,fire,0,11,11,6:1|6:2|6:3|6:4|6:5|7:1|7:2|7:3|7:4|7:5|8:5,40
729,2457,0.7693897965988663,0.0,0.0,0.0,0.0,14,death,0,1,fire,0,7,7,5:2|6:2|6:3|7:1|7:2|8:1|8:2,40
730,2458,0.7690730243414472,0.0,0.0,0.0,0.0,25,death,0,1,fire,0,11,11,5:2|6:2|6:3|6:4|6:5|7:1|7:2|7:3|7:4|7:5|8:2,40
731,2459,0.768756252084028,0.0,0.0,0.0,0.0,2,death,0,1,fire,0,3,3,7:1|7:2|8:2,40
732,2460,0.7684394798266089,1.0,1.0,0.0,1.0,31,victory,1,0,,0,14,14,5:7|6:2|6:3|6:4|6:5|6:6|6:7|6:8|7:1|7:2|7:3|7:5|7:7|7:8,40
733,2461,0.7681227075691898,1.0,1.0,0.0,1.0,40,victory,1,0,,0,19,19,4:2|5:1|5:2|5:6|5:7|5:8|6:1|6:2|6:3|6:4|6:5|6:6|6:8|7:1|7:2|7:3|7:4|7:8|8:1,40
734,2462,0.7678059353117705,0.0,0.0,0.0,0.0,40,death,0,1,fire,0,10,10,4:1|4:2|5:1|5:2|6:1|6:2|7:1|7:2|8:1|8:2,40
735,2463,0.7674891630543514,0.0,0.0,0.0,0.0,10,death,0,1,fire,0,9,9,6:1|6:2|6:3|6:4|6:5|7:1|7:4|7:5|8:5,40
736,2464,0.7671723907969323,1.0,1.0,0.0,1.0,25,victory,1,0,,0,15,15,4:7|5:6|5:7|5:8|6:1|6:2|6:3|6:4|6:5|6:6|6:7|6:8|7:1|7:4|7:8,40
737,2465,0.7668556185395132,0.0,0.0,0.0,0.0,50,truncated,0,0,,1,21,21,4:1|4:2|4:7|5:1|5:2|5:6|5:7|5:8|6:1|6:2|6:3|6:4|6:5|6:6|6:7|7:1|7:2|7:3|7:5|7:6|7:7,40
738,2466,0.766538846282094,0.0,0.0,0.0,0.0,4,death,0,1,fire,0,4,4,7:1|7:2|8:1|8:2,40
739,2467,0.7662220740246749,0.0,0.0,0.0,0.0,2,death,0,1,fire,0,3,3,7:1|7:2|8:2,40
740,2468,0.7659053017672558,0.0,0.0,0.0,0.0,11,death,0,1,fire,0,9,9,6:1|6:2|6:3|6:4|6:5|7:1|7:4|7:5|8:4,40
741,2469,0.7655885295098366,1.0,1.0,0.0,1.0,20,victory,1,0,,0,10,10,6:2|6:3|6:4|6:5|6:6|6:7|6:8|7:1|7:2|7:8,40
742,2470,0.7652717572524175,0.0,0.0,0.0,0.0,18,death,0,1,fire,0,12,12,5:6|6:1|6:3|6:4|6:5|6:6|7:1|7:2|7:3|7:4|7:5|8:5,40
743,2471,0.7649549849949984,1.0,1.0,0.0,1.0,29,victory,1,0,,0,13,13,6:2|6:3|6:4|6:5|6:6|6:7|6:8|7:1|7:2|7:4|7:5|7:6|7:8,40
744,2472,0.7646382127375793,0.0,0.0,0.0,0.0,2,death,0,1,fire,0,3,3,7:1|7:2|8:2,40
745,2473,0.76432144048016,0.0,0.0,0.0,0.0,8,death,0,1,fire,0,4,4,7:1|7:2|8:1|8:2,40
746,2474,0.7640046682227409,1.0,1.0,0.0,1.0,20,victory,1,0,,0,14,14,4:8|5:7|5:8|6:1|6:2|6:3|6:4|6:5|6:6|6:7|6:8|7:1|7:8|8:1,40
747,2475,0.7636878959653217,0.0,0.0,0.0,0.0,2,death,0,1,fire,0,3,3,7:1|8:1|8:2,40
748,2476,0.7633711237079026,0.0,0.0,0.0,0.0,11,death,0,1,fire,0,7,7,6:1|6:2|6:3|6:4|7:1|7:4|8:4,40
749,2477,0.7630543514504835,1.0,1.0,0.0,1.0,36,victory,1,0,,0,18,18,2:7|2:8|3:7|3:8|4:7|5:6|5:7|5:8|6:1|6:2|6:3|6:4|6:5|6:6|6:8|7:1|7:5|7:8,40
750,2478,0.7627375791930644,1.0,1.0,0.0,1.0,50,victory,1,0,,0,14,14,5:2|6:1|6:2|6:3|6:4|6:5|6:6|6:7|7:1|7:3|7:4|7:5|7:7|7:8,40
751,2479,0.7624208069356453,0.0,0.0,0.0,0.0,24,death,0,1,fire,0,11,11,5:1|5:2|6:1|6:2|6:3|6:4|7:1|7:2|7:3|8:1|8:3,40
752,2480,0.7621040346782261,0.0,0.0,0.0,0.0,50,truncated,0,0,,1,16,16,4:1|5:1|5:2|6:1|6:2|6:3|6:4|6:5|6:6|6:7|7:1|7:2|7:3|7:4|7:5|7:6,40
753,2481,0.761787262420807,0.0,0.0,0.0,0.0,2,death,0,1,fire,0,3,3,7:1|8:1|8:2,40
754,2482,0.7614704901633877,0.0,0.0,0.0,0.0,12,death,0,1,fire,0,9,9,6:1|6:2|6:3|6:4|6:5|7:1|7:3|7:5|8:5,40
755,2483,0.7611537179059686,0.0,0.0,0.0,0.0,22,death,0,1,fire,0,9,9,5:1|5:2|6:2|6:3|6:4|7:1|7:2|7:4|8:4,40
756,2484,0.7608369456485495,0.0,0.0,0.0,0.0,29,death,0,1,fire,0,17,17,4:1|4:2|5:2|6:1|6:2|6:3|6:4|6:5|6:6|6:7|6:8|7:1|7:2|7:5|7:6|7:7|8:6,40
757,2485,0.7605201733911304,1.0,1.0,0.0,1.0,16,victory,1,0,,0,14,14,4:2|4:3|4:4|4:5|4:6|4:7|5:1|5:2|5:7|5:8|6:1|6:8|7:1|7:8,40
758,2486,0.7602034011337112,0.0,0.0,0.0,0.0,47,death,0,1,fire,0,14,14,4:1|5:1|6:1|6:2|6:3|6:4|6:5|7:1|7:2|7:3|7:4|7:5|8:1|8:5,40
759,2487,0.7598866288762921,1.0,1.0,0.0,1.0,39,victory,1,0,,0,15,15,6:1|6:2|6:3|6:4|6:5|6:6|6:7|6:8|7:1|7:2|7:3|7:5|7:6|7:8|8:1,40
760,2488,0.7595698566188729,0.0,0.0,0.0,0.0,38,death,0,1,fire,0,20,20,3:1|4:1|4:2|4:8|5:1|5:2|5:7|5:8|6:1|6:2|6:3|6:4|6:5|6:6|6:7|6:8|7:1|7:6|7:7|8:6,40
761,2489,0.7592530843614538,0.0,0.0,0.0,0.0,8,death,0,1,fire,0,4,4,7:1|7:2|8:1|8:2,40
762,2490,0.7589363121040347,0.0,0.0,0.0,0.0,4,death,0,1,fire,0,4,4,7:1|7:2|7:3|8:3,40
763,2491,0.7586195398466156,1.0,1.0,0.0,1.0,14,victory,1,0,,0,11,11,6:1|6:2|6:3|6:4|6:5|6:6|6:7|7:1|7:7|7:8|8:1,40
764,2492,0.7583027675891965,0.0,0.0,0.0,0.0,50,truncated,0,0,,1,17,17,2:6|2:7|3:7|4:6|4:7|5:2|5:6|5:7|5:8|6:1|6:2|6:3|6:4|6:5|6:6|7:1|7:2,40
765,2493,0.7579859953317772,1.0,1.0,0.0,1.0,37,victory,1,0,,0,17,17,3:1|4:1|4:2|5:1|5:2|6:1|6:2|6:3|6:4|6:5|6:6|6:7|7:1|7:2|7:3|7:7|7:8,40
766,2494,0.7576692230743581,0.0,0.0,0.0,0.0,7,death,0,1,fire,0,5,5,6:1|6:2|7:1|7:2|8:2,40
767,2495,0.7573524508169389,0.0,0.0,0.0,0.0,31,death,0,1,fire,0,14,14,4:1|5:1|5:2|6:1|6:2|6:3|6:4|6:5|7:1|7:2|7:3|7:4|8:1|8:3,40
768,2496,0.7570356785595198,1.0,1.0,0.0,1.0,26,victory,1,0,,0,13,13,4:1|5:1|5:2|6:1|6:2|6:3|6:4|6:5|6:6|7:1|7:6|7:7|7:8,40
769,2497,0.7567189063021007,1.0,1.0,0.0,1.0,16,victory,1,0,,0,12,12,6:1|6:2|6:3|6:4|6:5|6:6|6:7|7:1|7:3|7:4|7:7|7:8,40
770,2498,0.7564021340446816,0.0,0.0,0.0,0.0,22,death,0,1,fire,0,14,14,4:7|5:2|5:7|6:1|6:2|6:3|6:4|6:5|6:6|6:7|7:1|7:4|7:7|8:7,40
771,2499,0.7560853617872624,1.0,1.0,0.0,1.0,15,victory,1,0,,0,10,10,6:1|6:2|6:3|6:4|6:5|6:6|6:7|7:1|7:7|7:8,40
772,2500,0.7557685895298433,0.0,0.0,0.0,0.0,2,death,0,1,fire,0,3,3,7:1|8:1|8:2,40
773,2501,0.7554518172724242,0.0,0.0,0.0,0.0,34,death,0,1,fire,0,16,16,3:1|4:1|4:2|4:3|5:1|5:2|6:1|6:2|6:3|6:4|6:5|7:1|7:3|7:5|8:1|8:5,40
774,2502,0.7551350450150051,1.0,1.0,0.0,1.0,41,victory,1,0,,0,13,13,5:6|6:1|6:2|6:3|6:4|6:5|6:6|6:7|7:1|7:4|7:5|7:7|7:8,40
775,2503,0.7548182727575858,0.0,0.0,0.0,0.0,12,death,0,1,fire,0,6,6,6:1|6:2|7:1|7:2|8:1|8:2,40
776,2504,0.7545015005001667,0.0,0.0,0.0,0.0,29,death,0,1,fire,0,8,8,6:1|6:2|6:3|6:4|6:5|7:1|7:4|8:4,40
777,2505,0.7541847282427476,1.0,1.0,0.0,1.0,27,victory,1,0,,0,15,15,5:6|6:1|6:2|6:3|6:4|6:5|6:6|6:7|6:8|7:1|7:2|7:3|7:4|7:8|8:1,40
778,2506,0.7538679559853285,0.0,0.0,0.0,0.0,18,death,0,1,fire,0,13,13,3:1|4:1|5:1|5:2|6:1|6:2|6:3|7:1|7:3|7:4|7:5|8:1|8:5,40
779,2507,0.7535511837279093,1.0,1.0,0.0,1.0,27,victory,1,0,,0,16,16,5:6|5:7|5:8|6:3|6:4|6:5|6:6|6:7|6:8|7:1|7:2|7:3|7:4|7:5|7:8|8:1,40
780,2508,0.7532344114704902,0.0,0.0,0.0,0.0,20,death,0,1,fire,0,12,12,6:1|6:2|6:3|6:4|6:5|6:6|7:1|7:3|7:5|7:6|8:1|8:5,40
781,2509,0.7529176392130711,0.0,0.0,0.0,0.0,43,death,0,1,fire,0,15,15,4:2|5:1|5:2|6:1|6:2|6:3|6:4|6:5|6:6|7:1|7:4|7:5|7:6|8:1|8:4,40
782,2510,0.7526008669556519,0.0,0.0,0.0,0.0,26,death,0,1,fire,0,10,10,5:1|5:2|6:1|6:2|6:3|7:1|7:2|7:3|8:1|8:3,40
783,2511,0.7522840946982328,1.0,1.0,0.0,1.0,31,victory,1,0,,0,12,12,6:2|6:3|6:4|6:5|6:6|6:7|6:8|7:1|7:2|7:4|7:6|7:8,40
784,2512,0.7519673224408137,1.0,1.0,0.0,1.0,14,victory,1,0,,0,12,12,5:2|5:6|6:1|6:2|6:3|6:4|6:5|6:6|6:7|6:8|7:1|7:8,40
785,2513,0.7516505501833946,0.0,0.0,0.0,0.0,26,death,0,1,fire,0,11,11,4:1|4:2|5:1|5:2|6:1|6:2|6:3|7:1|7:2|7:3|8:2,40
786,2514,0.7513337779259753,0.0,0.0,0.0,0.0,16,death,0,1,fire,0,11,11,6:1|6:2|6:3|6:4|6:5|6:6|7:1|7:5|7:6|8:1|8:6,40
787,2515,0.7510170056685562,0.0,0.0,0.0,0.0,19,death,0,1,fire,0,14,14,3:1|4:1|5:1|5:2|6:1|6:2|6:3|6:4|6:5|6:6|7:1|7:6|7:7|8:7,40
788,2516,0.750700233411137,1.0,1.0,0.0,1.0,29,victory,1,0,,0,16,16,5:6|5:8|6:1|6:2|6:3|6:4|6:5|6:6|6:7|6:8|7:1|7:4|7:5|7:6|7:7|7:8,40
789,2517,0.7503834611537179,1.0,1.0,0.0,1.0,25,victory,1,0,,0,16,16,5:2|5:6|5:7|5:8|6:1|6:2|6:3|6:4|6:5|6:6|6:7|6:8|7:1|7:3|7:7|7:8,40
790,2518,0.7500666888962988,1.0,1.0,0.0,1.0,27,victory,1,0,,0,18,18,3:1|4:1|4:2|4:3|4:4|4:5|4:6|4:7|5:1|5:2|5:7|5:8|6:1|6:2|6:3|6:8|7:1|7:8,40
791,2519,0.7497499166388797,0.0,0.0,0.0,0.0,17,death,0,1,fire,0,7,7,6:1|6:2|6:3|7:1|7:2|7:3|8:2,40
792,2520,0.7494331443814605,0.0,0.0,0.0,0.0,14,death,0,1,fire,0,11,11,5:2|6:2|6:3|6:4|6:5|6:6|7:1|7:2|7:5|7:6|8:6,40
793,2521,0.7491163721240414,0.0,0.0,0.0,0.0,10,death,0,1,fire,0,7,7,6:1|6:2|6:3|7:1|7:3|7:4|8:4,40
794,2522,0.7487995998666223,0.0,0.0,0.0,0.0,10,death,0,1,fire,0,8,8,6:1|6:2|6:3|6:4|7:1|7:4|7:5|8:5,40
795,2523,0.748482827609203,0.0,0.0,0.0,0.0,4,death,0,1,fire,0,3,3,7:1|8:1|8:2,40
796,2524,0.7481660553517839,1.0,1.0,0.0,1.0,23,victory,1,0,,0,12,12,6:1|6:2|6:4|6:5|6:6|6:7|7:1|7:2|7:3|7:4|7:7|7:8,40
797,2525,0.7478492830943648,0.0,0.0,0.0,0.0,10,death,0,1,fire,0,6,6,5:1|6:1|7:1|7:2|8:1|8:2,40
798,2526,0.7475325108369457,0.0,0.0,0.0,0.0,31,death,0,1,fire,0,13,13,4:1|5:1|5:2|6:1|6:2|6:3|6:4|7:1|7:2|7:3|7:4|8:1|8:3,40
799,2527,0.7472157385795265,0.0,0.0,0.0,0.0,20,death,0,1,fire,0,13,13,6:1|6:2|6:3|6:4|6:7|6:8|7:1|7:4|7:5|7:6|7:7|8:1|8:7,40
800,2528,0.7468989663221074,1.0,1.0,0.0,1.0,46,victory,1,0,,0,20,20,3:7|4:6|4:7|5:6|5:7|5:8|6:1|6:3|6:4|6:5|6:6|6:7|6:8|7:1|7:2|7:3|7:6|7:7|7:8|8:1,40
801,2529,0.7465821940646882,0.0,0.0,0.0,0.0,3,death,0,1,fire,0,3,3,7:1|8:1|8:2,40
802,2530,0.7462654218072691,0.0,0.0,0.0,0.0,7,death,0,1,fire,0,7,7,6:2|6:3|6:4|7:1|7:2|7:4|8:4,40
803,2531,0.74594864954985,1.0,1.0,0.0,1.0,14,victory,1,0,,0,10,10,6:1|6:2|6:3|6:4|6:5|6:6|6:7|6:8|7:1|7:8,40
804,2532,0.7456318772924309,0.0,0.0,0.0,0.0,2,death,0,1,fire,0,3,3,7:1|8:1|8:2,40
805,2533,0.7453151050350116,0.0,0.0,0.0,0.0,7,death,0,1,fire,0,7,7,6:4|7:1|7:2|7:3|7:4|7:5|8:5,40
806,2534,0.7449983327775925,0.0,0.0,0.0,0.0,2,death,0,1,fire,0,3,3,7:1|8:1|8:2,40
807,2535,0.7446815605201733,0.0,0.0,0.0,0.0,29,death,0,1,fire,0,17,17,4:1|5:1|5:7|6:1|6:2|6:3|6:4|6:5|6:6|6:7|7:1|7:3|7:4|7:6|7:7|8:1|8:7,40
808,2536,0.7443647882627542,0.0,0.0,0.0,0.0,9,death,0,1,fire,0,5,5,6:1|6:2|7:1|7:2|8:2,40
809,2537,0.7440480160053351,0.0,0.0,0.0,0.0,15,death,0,1,fire,0,11,11,5:2|6:1|6:2|6:3|6:4|6:5|7:1|7:3|7:4|7:5|8:5,40
810,2538,0.743731243747916,0.0,0.0,0.0,0.0,23,death,0,1,fire,0,15,15,5:1|6:1|6:2|6:3|6:4|6:5|6:6|6:7|7:1|7:3|7:4|7:5|7:6|8:1|8:3,40
811,2539,0.7434144714904969,0.0,0.0,0.0,0.0,17,death,0,1,fire,0,9,9,6:1|6:2|6:3|6:4|6:5|7:1|7:5|8:1|8:5,40
812,2540,0.7430976992330778,0.0,0.0,0.0,0.0,3,death,0,1,fire,0,3,3,7:1|8:1|8:2,40
813,2541,0.7427809269756586,0.0,0.0,0.0,0.0,11,death,0,1,fire,0,7,7,5:1|5:2|6:1|6:2|7:1|8:1|8:2,40
814,2542,0.7424641547182393,0.0,0.0,0.0,0.0,50,truncated,0,0,,1,11,11,6:1|6:2|6:3|6:4|6:5|6:6|7:1|7:2|7:3|7:4|7:5,40
815,2543,0.7421473824608202,1.0,1.0,0.0,1.0,39,victory,1,0,,0,16,16,4:2|5:2|5:7|5:8|6:2|6:3|6:4|6:5|6:6|6:7|6:8|7:1|7:2|7:3|7:7|7:8,40
816,2544,0.7418306102034011,0.0,0.0,0.0,0.0,20,death,0,1,fire,0,10,10,4:1|4:2|4:3|5:1|5:2|6:1|6:2|7:1|7:2|8:2,40
817,2545,0.741513837945982,0.0,0.0,0.0,0.0,10,death,0,1,fire,0,6,6,6:1|6:2|7:1|7:2|7:3|8:2,40
818,2546,0.7411970656885629,0.0,0.0,0.0,0.0,6,death,0,1,fire,0,4,4,7:1|7:2|8:1|8:2,40
819,2547,0.7408802934311438,1.0,1.0,0.0,1.0,31,victory,1,0,,0,15,15,4:5|4:6|5:6|5:7|6:1|6:2|6:3|6:4|6:5|6:6|6:7|7:1|7:5|7:7|7:8,40
820,2548,0.7405635211737246,0.0,0.0,0.0,0.0,50,truncated,0,0,,1,9,9,5:1|5:2|6:1|6:2|6:3|6:4|7:1|7:2|7:3,40
821,2549,0.7402467489163054,0.0,0.0,0.0,0.0,4,death,0,1,fire,0,4,4,7:1|7:2|8:1|8:2,40
822,2550,0.7399299766588863,0.0,0.0,0.0,0.0,9,death,0,1,fire,0,5,5,6:2|7:1|7:2|8:1|8:2,40
823,2551,0.7396132044014672,0.0,0.0,0.0,0.0,6,death,0,1,fire,0,5,5,5:1|6:1|7:1|7:2|8:2,40
824,2552,0.739296432144048,0.0,0.0,0.0,0.0,4,death,0,1,fire,0,3,3,7:1|8:1|8:2,40
825,2553,0.738979659886629,1.0,1.0,0.0,1.0,13,victory,1,0,,0,10,10,6:1|6:2|6:3|6:4|6:5|6:6|7:1|7:6|7:7|7:8,40
826,2554,0.7386628876292098,0.0,0.0,0.0,0.0,2,death,0,1,fire,0,3,3,7:1|7:2|8:2,40
827,2555,0.7383461153717906,1.0,1.0,0.0,1.0,22,victory,1,0,,0,13,13,6:1|6:2|6:3|6:4|6:5|6:6|6:7|6:8|7:1|7:2|7:3|7:8|8:1,40
828,2556,0.7380293431143714,0.0,0.0,0.0,0.0,50,truncated,0,0,,1,14,14,3:1|4:1|4:2|5:1|5:2|6:1|6:2|6:3|6:4|6:5|7:1|7:2|7:3|7:5,40
829,2557,0.7377125708569523,0.0,0.0,0.0,0.0,15,death,0,1,fire,0,8,8,5:2|6:2|6:3|6:4|7:1|7:2|7:4|8:4,40
830,2558,0.7373957985995332,1.0,1.0,0.0,1.0,28,victory,1,0,,0,17,17,5:6|5:7|5:8|6:1|6:2|6:3|6:4|6:5|6:6|6:7|6:8|7:1|7:2|7:5|7:6|7:7|7:8,40
831,2559,0.7370790263421141,1.0,1.0,0.0,1.0,37,victory,1,0,,0,19,19,4:6|4:7|4:8|5:6|5:8|6:1|6:2|6:3|6:4|6:5|6:6|6:7|6:8|7:1|7:2|7:3|7:5|7:8|8:1,40
832,2560,0.736762254084695,0.0,0.0,0.0,0.0,50,truncated,0,0,,1,9,9,3:1|4:1|4:2|5:1|5:2|6:1|6:2|6:3|7:1,40
833,2561,0.7364454818272758,0.0,0.0,0.0,0.0,13,death,0,1,fire,0,5,5,6:2|7:1|7:2|8:1|8:2,40
834,2562,0.7361287095698567,1.0,1.0,0.0,1.0,28,victory,1,0,,0,16,16,4:6|4:7|5:6|5:7|6:2|6:3|6:4|6:5|6:6|6:7|7:1|7:2|7:3|7:4|7:7|7:8,40
835,2563,0.7358119373124374,0.0,0.0,0.0,0.0,21,death,0,1,fire,0,11,11,5:2|6:1|6:2|6:3|6:4|6:5|7:1|7:2|7:5|8:1|8:5,40
836,2564,0.7354951650550183,1.0,1.0,0.0,1.0,16,victory,1,0,,0,11,11,6:2|6:3|6:4|6:5|6:6|7:1|7:2|7:5|7:6|7:7|7:8,40
837,2565,0.7351783927975992,1.0,1.0,0.0,1.0,37,victory,1,0,,0,18,18,3:7|3:8|4:7|4:8|5:6|5:7|5:8|6:2|6:3|6:4|6:5|6:6|6:7|6:8|7:1|7:2|7:7|7:8,40
838,2566,0.7348616205401801,0.0,0.0,0.0,0.0,8,death,0,1,fire,0,5,5,6:1|6:2|7:1|7:2|8:2,40
839,2567,0.734544848282761,1.0,1.0,0.0,1.0,31,victory,1,0,,0,17,17,4:6|4:7|4:8|5:7|5:8|6:2|6:3|6:4|6:5|6:6|6:7|6:8|7:1|7:2|7:4|7:5|7:8,40
840,2568,0.7342280760253418,1.0,1.0,0.0,1.0,21,victory,1,0,,0,14,14,6:2|6:3|6:4|6:5|6:6|6:7|6:8|7:1|7:2|7:3|7:4|7:6|7:7|7:8,40
841,2569,0.7339113037679227,0.0,0.0,0.0,0.0,5,death,0,1,fire,0,5,5,7:1|7:2|7:3|8:1|8:3,40
842,2570,0.7335945315105035,0.0,0.0,0.0,0.0,18,death,0,1,fire,0,10,10,5:1|5:2|6:1|6:2|6:3|7:1|7:2|7:3|8:1|8:3,40
843,2571,0.7332777592530844,0.0,0.0,0.0,0.0,2,death,0,1,fire,0,3,3,7:1|8:1|8:2,40
844,2572,0.7329609869956653,0.0,0.0,0.0,0.0,24,death,0,1,fire,0,10,10,6:2|6:3|6:4|7:1|7:2|7:3|7:4|7:5|8:1|8:3,40
845,2573,0.7326442147382461,0.0,0.0,0.0,0.0,5,death,0,1,fire,0,5,5,6:3|7:1|7:2|7:3|8:3,40
846,2574,0.7323274424808269,0.0,0.0,0.0,0.0,14,death,0,1,fire,0,7,7,6:1|6:2|6:3|7:1|7:2|7:3|8:2,40
847,2575,0.7320106702234078,1.0,1.0,0.0,1.0,39,victory,1,0,,0,20,20,3:7|4:6|4:7|4:8|5:6|5:7|5:8|6:1|6:2|6:3|6:4|6:5|6:6|6:8|7:1|7:2|7:3|7:5|7:6|7:8,40
848,2576,0.7316938979659886,0.0,0.0,0.0,0.0,12,death,0,1,fire,0,7,7,6:2|6:3|7:1|7:2|7:3|8:1|8:2,40
849,2577,0.7313771257085695,0.0,0.0,0.0,0.0,10,death,0,1,fire,0,8,8,6:2|6:3|6:4|7:1|7:2|7:3|7:4|8:4,40
850,2578,0.7310603534511504,0.0,0.0,0.0,0.0,23,death,0,1,fire,0,10,10,6:1|6:2|6:3|6:4|6:5|7:1|7:3|7:4|7:5|8:5,40
851,2579,0.7307435811937313,0.0,0.0,0.0,0.0,7,death,0,1,fire,0,7,7,6:1|6:2|6:3|7:1|7:2|7:3|8:2,40
852,2580,0.7304268089363121,0.0,0.0,0.0,0.0,5,death,0,1,fire,0,3,3,7:1|7:2|8:2,40
853,2581,0.730110036678893,0.0,0.0,0.0,0.0,12,death,0,1,fire,0,7,7,5:2|6:2|6:3|7:1|7:2|7:3|8:3,40
854,2582,0.7297932644214739,1.0,1.0,0.0,1.0,49,victory,1,0,,0,23,23,4:1|4:2|4:6|4:7|5:1|5:2|5:6|5:7|5:8|6:1|6:2|6:3|6:4|6:5|6:6|6:7|6:8|7:1|7:2|7:4|7:5|7:7|7:8,40
855,2583,0.7294764921640546,0.0,0.0,0.0,0.0,32,death,0,1,fire,0,18,18,4:1|4:2|4:3|5:1|5:2|6:1|6:2|6:3|6:4|6:5|7:1|7:2|7:3|7:5|7:6|7:7|8:1|8:7,40
856,2584,0.7291597199066355,1.0,1.0,0.0,1.0,27,victory,1,0,,0,14,14,5:6|5:7|5:8|6:3|6:4|6:5|6:6|6:7|6:8|7:1|7:2|7:3|7:4|7:8,40
857,2585,0.7288429476492164,1.0,1.0,0.0,1.0,36,victory,1,0,,0,15,15,4:5|4:6|5:6|6:3|6:4|6:5|6:6|6:7|6:8|7:1|7:2|7:3|7:5|7:6|7:8,40
858,2586,0.7285261753917973,0.0,0.0,0.0,0.0,6,death,0,1,fire,0,4,4,7:1|7:2|8:1|8:2,40
859,2587,0.7282094031343782,0.0,0.0,0.0,0.0,3,death,0,1,fire,0,3,3,7:1|8:1|8:2,40
860,2588,0.727892630876959,0.0,0.0,0.0,0.0,12,death,0,1,fire,0,10,10,6:2|6:3|6:4|6:5|6:6|7:1|7:2|7:3|7:6|8:6,40
861,2589,0.7275758586195398,0.0,0.0,0.0,0.0,4,death,0,1,fire,0,3,3,7:1|8:1|8:2,40
862,2590,0.7272590863621207,0.0,0.0,0.0,0.0,18,death,0,1,fire,0,12,12,6:2|6:3|6:4|6:5|6:6|6:7|7:1|7:2|7:4|7:6|7:7|8:6,40
863,2591,0.7269423141047016,0.0,0.0,0.0,0.0,4,death,0,1,fire,0,5,5,7:1|7:2|7:3|7:4|8:4,40
864,2592,0.7266255418472825,1.0,1.0,0.0,1.0,38,victory,1,0,,0,16,16,5:2|5:6|6:1|6:2|6:3|6:4|6:5|6:6|6:7|7:1|7:2|7:3|7:6|7:7|7:8|8:1,40
865,2593,0.7263087695898633,0.0,0.0,0.0,0.0,37,death,0,1,fire,0,11,11,5:1|5:2|6:1|6:2|6:3|6:4|7:1|7:2|7:3|7:4|8:2,40
866,2594,0.7259919973324442,1.0,1.0,0.0,1.0,17,victory,1,0,,0,13,13,5:6|5:7|5:8|6:1|6:2|6:3|6:4|6:5|6:6|6:7|6:8|7:1|7:8,40
867,2595,0.725675225075025,1.0,1.0,0.0,1.0,22,victory,1,0,,0,14,14,4:1|5:1|5:7|5:8|6:1|6:2|6:3|6:4|6:5|6:6|6:7|6:8|7:1|7:8,40
868,2596,0.7253584528176058,0.0,0.0,0.0,0.0,2,death,0,1,fire,0,3,3,7:1|7:2|8:2,40
869,2597,0.7250416805601867,0.0,0.0,0.0,0.0,31,death,0,1,fire,0,10,10,4:1|4:2|5:1|5:2|6:1|6:2|6:3|7:1|7:2|8:2,40
870,2598,0.7247249083027676,0.0,0.0,0.0,0.0,50,truncated,0,0,,1,11,11,2:1|2:2|3:1|4:1|5:1|5:2|6:1|6:2|6:3|7:1|7:2,40
871,2599,0.7244081360453485,0.0,0.0,0.0,0.0,16,death,0,1,fire,0,10,10,5:1|5:2|6:1|6:2|6:3|6:4|7:1|7:2|7:4|8:4,40
872,2600,0.7240913637879294,1.0,1.0,0.0,1.0,29,victory,1,0,,0,17,17,4:8|5:6|5:7|5:8|6:1|6:2|6:3|6:4|6:5|6:6|6:7|6:8|7:1|7:2|7:6|7:7|7:8,40
873,2601,0.7237745915305103,1.0,1.0,0.0,1.0,16,victory,1,0,,0,12,12,6:2|6:3|6:4|6:5|6:6|6:7|6:8|7:1|7:2|7:3|7:8|8:1,40
874,2602,0.723457819273091,1.0,1.0,0.0,1.0,35,victory,1,0,,0,13,13,6:3|6:4|6:5|6:6|6:7|6:8|7:1|7:2|7:3|7:4|7:5|7:6|7:8,40
875,2603,0.723141047015672,0.0,0.0,0.0,0.0,9,death,0,1,fire,0,8,8,6:2|6:3|6:4|6:5|7:1|7:2|7:5|8:5,40
876,2604,0.7228242747582527,0.0,0.0,0.0,0.0,49,death,0,1,fire,0,16,16,3:1|4:1|5:1|5:2|6:1|6:2|6:3|6:4|6:5|7:1|7:2|7:3|7:4|7:5|8:1|8:5,40
877,2605,0.7225075025008336,0.0,0.0,0.0,0.0,14,death,0,1,fire,0,7,7,6:1|6:2|6:3|7:1|7:3|8:1|8:3,40
878,2606,0.7221907302434145,0.0,0.0,0.0,0.0,4,death,0,1,fire,0,4,4,6:1|7:1|7:2|8:2,40
879,2607,0.7218739579859954,0.0,0.0,0.0,0.0,7,death,0,1,fire,0,4,4,7:1|7:2|8:1|8:2,40
880,2608,0.7215571857285762,1.0,1.0,0.0,1.0,31,victory,1,0,,0,14,14,6:1|6:2|6:3|6:4|6:5|6:6|6:7|7:1|7:2|7:3|7:4|7:7|7:8|8:1,40
881,2609,0.7212404134711571,0.0,0.0,0.0,0.0,8,death,0,1,fire,0,7,7,6:2|6:3|6:4|7:1|7:2|7:4|8:4,40
882,2610,0.7209236412137379,0.0,0.0,0.0,0.0,26,death,0,1,fire,0,13,13,6:1|6:2|6:3|6:4|6:5|6:6|6:7|7:1|7:2|7:3|7:4|7:7|8:7,40
883,2611,0.7206068689563188,0.0,0.0,0.0,0.0,9,death,0,1,fire,0,6,6,6:2|6:3|7:1|7:2|7:3|8:3,40
884,2612,0.7202900966988997,1.0,1.0,0.0,1.0,23,victory,1,0,,0,11,11,6:1|6:2|6:3|6:4|6:5|6:6|6:7|7:1|7:6|7:7|7:8,40
885,2613,0.7199733244414805,0.0,0.0,0.0,0.0,2,death,0,1,fire,0,3,3,7:1|7:2|8:2,40
886,2614,0.7196565521840614,0.0,0.0,0.0,0.0,50,truncated,0,0,,1,16,16,3:1|4:1|4:2|5:2|6:1|6:2|6:3|6:4|6:5|6:6|6:7|7:1|7:2|7:3|7:5|8:1,40
887,2615,0.7193397799266422,0.0,0.0,0.0,0.0,19,death,0,1,fire,0,12,12,6:3|6:4|6:5|6:6|6:7|7:1|7:2|7:3|7:5|7:6|7:7|8:5,40
888,2616,0.7190230076692231,0.0,0.0,0.0,0.0,15,death,0,1,fire,0,9,9,6:1|6:2|6:3|7:1|7:2|7:3|7:4|8:1|8:4,40
889,2617,0.7187062354118039,0.0,0.0,0.0,0.0,2,death,0,1,fire,0,3,3,7:1|7:2|8:2,40
890,2618,0.7183894631543848,0.0,0.0,0.0,0.0,2,death,0,1,fire,0,3,3,7:1|8:1|8:2,40
891,2619,0.7180726908969657,0.0,0.0,0.0,0.0,23,death,0,1,fire,0,11,11,5:1|5:2|6:2|6:3|6:4|6:5|7:1|7:2|7:3|7:5|8:5,40
892,2620,0.7177559186395466,0.0,0.0,0.0,0.0,2,death,0,1,fire,0,3,3,7:1|8:1|8:2,40
893,2621,0.7174391463821274,0.0,0.0,0.0,0.0,20,death,0,1,fire,0,15,15,5:1|5:2|6:1|6:2|6:3|6:4|6:5|6:6|6:7|7:1|7:3|7:4|7:5|7:6|8:3,40
894,2622,0.7171223741247083,1.0,1.0,0.0,1.0,41,victory,1,0,,0,19,19,4:1|4:2|4:3|4:4|4:5|4:6|4:7|5:2|5:6|5:7|5:8|6:1|6:2|6:3|6:6|6:7|6:8|7:1|7:8,40
895,2623,0.716805601867289,0.0,0.0,0.0,0.0,38,death,0,1,fire,0,15,15,3:1|4:1|5:1|5:2|6:1|6:2|6:3|6:4|6:5|6:6|6:7|7:1|7:5|7:7|8:7,40
896,2624,0.7164888296098699,0.0,0.0,0.0,0.0,27,death,0,1,fire,0,10,10,6:1|6:2|6:3|6:4|6:5|7:1|7:3|7:4|7:5|8:5,40
897,2625,0.7161720573524508,1.0,1.0,0.0,1.0,24,victory,1,0,,0,17,17,4:5|4:6|4:7|5:6|5:7|5:8|6:2|6:3|6:4|6:5|6:6|6:7|6:8|7:1|7:2|7:3|7:8,40
898,2626,0.7158552850950317,0.0,0.0,0.0,0.0,25,death,0,1,fire,0,13,13,5:6|6:2|6:3|6:4|6:5|6:6|7:1|7:2|7:4|7:5|7:6|7:7|8:7,40
899,2627,0.7155385128376126,0.0,0.0,0.0,0.0,7,death,0,1,fire,0,8,8,7:1|7:2|7:3|7:4|7:5|7:6|7:7|8:7,40
900,2628,0.7152217405801934,0.0,0.0,0.0,0.0,2,death,0,1,fire,0,3,3,7:1|7:2|8:2,40
901,2629,0.7149049683227743,0.0,0.0,0.0,0.0,18,death,0,1,fire,0,12,12,6:1|6:2|6:3|6:4|6:5|7:1|7:2|7:3|7:4|7:5|8:1|8:2,40
902,2630,0.7145881960653551,0.0,0.0,0.0,0.0,50,truncated,0,0,,1,23,23,3:7|3:8|4:2|4:3|4:5|4:6|4:7|4:8|5:1|5:2|5:7|5:8|6:1|6:2|6:3|6:4|6:5|6:6|6:7|7:1|7:2|7:3|7:5,40
903,2631,0.714271423807936,0.0,0.0,0.0,0.0,14,death,0,1,fire,0,9,9,6:2|6:3|6:4|7:1|7:2|7:3|7:4|8:1|8:4,40
904,2632,0.7139546515505169,1.0,1.0,0.0,1.0,17,victory,1,0,,0,12,12,6:2|6:3|6:4|6:5|6:6|6:7|6:8|7:1|7:2|7:3|7:8|8:1,40
905,2633,0.7136378792930977,0.0,0.0,0.0,0.0,3,death,0,1,fire,0,4,4,7:1|7:2|7:3|8:3,40
906,2634,0.7133211070356786,0.0,0.0,0.0,0.0,8,death,0,1,fire,0,4,4,7:1|7:2|7:3|8:3,40
907,2635,0.7130043347782594,1.0,1.0,0.0,1.0,30,victory,1,0,,0,13,13,6:1|6:2|6:3|6:4|6:5|6:6|6:7|6:8|7:1|7:2|7:3|7:8|8:1,40
908,2636,0.7126875625208402,0.0,0.0,0.0,0.0,28,death,0,1,fire,0,14,14,5:1|5:2|6:1|6:2|6:3|6:4|6:5|6:6|7:1|7:3|7:4|7:5|7:6|8:6,40
909,2637,0.7123707902634211,0.0,0.0,0.0,0.0,23,death,0,1,fire,0,9,9,4:1|5:1|6:1|6:2|7:1|7:2|7:3|8:1|8:2,40
910,2638,0.712054018006002,0.0,0.0,0.0,0.0,14,death,0,1,fire,0,8,8,6:3|6:4|7:1|7:2|7:3|7:4|8:1|8:4,40
911,2639,0.7117372457485829,1.0,1.0,0.0,1.0,34,victory,1,0,,0,15,15,5:1|5:2|6:1|6:2|6:3|6:4|6:5|6:6|6:7|6:8|7:1|7:2|7:3|7:4|7:8,40
912,2640,0.7114204734911638,0.0,0.0,0.0,0.0,4,death,0,1,fire,0,4,4,7:1|7:2|7:3|8:2,40
913,2641,0.7111037012337447,0.0,0.0,0.0,0.0,48,death,0,1,fire,0,20,20,3:7|4:7|5:6|5:7|5:8|6:2|6:3|6:4|6:5|6:6|6:7|6:8|7:1|7:2|7:3|7:4|7:5|7:6|7:7|8:7,40
914,2642,0.7107869289763254,0.0,0.0,0.0,0.0,7,death,0,1,fire,0,6,6,6:2|6:3|7:1|7:2|7:3|8:3,40
915,2643,0.7104701567189062,1.0,1.0,0.0,1.0,32,victory,1,0,,0,16,16,4:2|5:2|5:6|6:1|6:2|6:3|6:4|6:5|6:6|6:7|6:8|7:1|7:4|7:5|7:6|7:8,40
916,2644,0.7101533844614871,0.0,0.0,0.0,0.0,31,death,0,1,fire,0,12,12,5:6|6:3|6:4|6:5|6:6|7:1|7:2|7:3|7:4|7:5|7:6|8:5,40
917,2645,0.709836612204068,0.0,0.0,0.0,0.0,9,death,0,1,fire,0,6,6,7:1|7:2|7:3|7:4|7:5|8:5,40
918,2646,0.7095198399466489,1.0,1.0,0.0,1.0,14,victory,1,0,,0,14,14,5:7|5:8|6:3|6:4|6:5|6:6|6:7|6:8|7:1|7:2|7:3|7:6|7:7|7:8,40
919,2647,0.7092030676892298,0.0,0.0,0.0,0.0,9,death,0,1,fire,0,8,8,5:1|6:1|6:2|6:3|7:1|7:2|7:3|8:3,40
920,2648,0.7088862954318107,0.0,0.0,0.0,0.0,4,death,0,1,fire,0,4,4,7:1|7:2|7:3|8:2,40
921,2649,0.7085695231743915,0.0,0.0,0.0,0.0,5,death,0,1,fire,0,6,6,6:2|6:3|7:1|7:2|7:3|8:3,40
922,2650,0.7082527509169724,0.0,0.0,0.0,0.0,20,death,0,1,fire,0,11,11,4:1|5:1|6:1|6:2|6:3|6:4|6:5|6:6|7:1|7:6|8:6,40
923,2651,0.7079359786595532,0.0,0.0,0.0,0.0,24,death,0,1,fire,0,6,6,5:1|6:1|7:1|7:2|8:1|8:2,40
924,2652,0.707619206402134,0.0,0.0,0.0,0.0,16,death,0,1,fire,0,8,8,6:2|6:3|6:4|7:1|7:2|7:3|7:4|8:3,40
925,2653,0.7073024341447149,0.0,0.0,0.0,0.0,11,death,0,1,fire,0,11,11,6:1|6:2|6:3|6:4|6:5|6:6|6:7|7:1|7:2|7:7|8:7,40
926,2654,0.7069856618872958,0.0,0.0,0.0,0.0,19,death,0,1,fire,0,9,9,4:2|5:1|5:2|6:1|6:2|7:1|7:2|8:1|8:2,40
927,2655,0.7066688896298766,0.0,0.0,0.0,0.0,23,death,0,1,fire,0,14,14,5:6|6:2|6:3|6:4|6:5|6:6|6:7|6:8|7:1|7:2|7:6|7:7|8:1|8:7,40
928,2656,0.7063521173724575,0.0,0.0,0.0,0.0,3,death,0,1,fire,0,3,3,7:1|8:1|8:2,40
929,2657,0.7060353451150383,1.0,1.0,0.0,1.0,18,victory,1,0,,0,12,12,6:2|6:3|6:4|6:5|6:6|6:7|6:8|7:1|7:2|7:3|7:4|7:8,40
930,2658,0.7057185728576192,0.0,0.0,0.0,0.0,3,death,0,1,fire,0,4,4,7:1|7:2|7:3|8:3,40
931,2659,0.7054018006002001,1.0,1.0,0.0,1.0,24,victory,1,0,,0,14,14,5:7|6:2|6:3|6:4|6:5|6:6|6:7|6:8|7:1|7:2|7:3|7:4|7:8|8:1,40
932,2660,0.705085028342781,1.0,1.0,0.0,1.0,15,victory,1,0,,0,10,10,6:3|6:4|6:5|6:6|6:7|6:8|7:1|7:2|7:3|7:8,40
933,2661,0.7047682560853619,0.0,0.0,0.0,0.0,50,truncated,0,0,,1,21,21,2:4|2:5|2:6|2:7|3:7|4:5|4:6|4:7|5:6|5:7|6:1|6:2|6:3|6:4|6:5|6:6|6:7|7:1|7:3|7:4|7:7,40
934,2662,0.7044514838279426,0.0,0.0,0.0,0.0,3,death,0,1,fire,0,3,3,7:1|8:1|8:2,40
935,2663,0.7041347115705235,0.0,0.0,0.0,0.0,5,death,0,1,fire,0,5,5,6:2|7:1|7:2|7:3|8:3,40
936,2664,0.7038179393131043,0.0,0.0,0.0,0.0,2,death,0,1,fire,0,3,3,7:1|7:2|8:2,40
937,2665,0.7035011670556852,1.0,1.0,0.0,1.0,19,victory,1,0,,0,13,13,5:7|5:8|6:1|6:2|6:3|6:4|6:5|6:6|6:7|6:8|7:1|7:7|7:8,40
938,2666,0.7031843947982661,0.0,0.0,0.0,0.0,32,death,0,1,fire,0,10,10,6:2|6:3|6:4|6:5|7:1|7:2|7:4|7:5|8:1|8:4,40
939,2667,0.702867622540847,1.0,1.0,0.0,1.0,12,victory,1,0,,0,11,11,5:1|6:1|6:2|6:3|6:4|6:5|6:6|7:1|7:6|7:7|7:8,40
940,2668,0.7025508502834278,1.0,1.0,0.0,1.0,43,victory,1,0,,0,18,18,4:6|4:7|4:8|5:6|5:8|6:2|6:3|6:4|6:5|6:6|6:7|6:8|7:1|7:2|7:4|7:5|7:8|8:1,40
941,2669,0.7022340780260087,1.0,1.0,0.0,1.0,11,victory,1,0,,0,10,10,6:2|6:3|6:4|6:5|6:6|7:1|7:2|7:6|7:7|7:8,40
942,2670,0.7019173057685895,1.0,1.0,0.0,1.0,42,victory,1,0,,0,17,17,5:6|5:7|5:8|6:1|6:2|6:3|6:4|6:5|6:6|6:7|6:8|7:1|7:3|7:4|7:5|7:8|8:1,40
943,2671,0.7016005335111704,0.0,0.0,0.0,0.0,7,death,0,1,fire,0,5,5,6:1|6:2|7:1|7:2|8:2,40
944,2672,0.7012837612537512,1.0,1.0,0.0,1.0,24,victory,1,0,,0,14,14,5:2|6:1|6:2|6:3|6:4|6:5|6:6|6:7|6:8|7:1|7:2|7:3|7:7|7:8,40
945,2673,0.7009669889963321,0.0,0.0,0.0,0.0,7,death,0,1,fire,0,6,6,6:1|6:2|7:1|7:2|8:1|8:2,40
946,2674,0.700650216738913,0.0,0.0,0.0,0.0,4,death,0,1,fire,0,4,4,7:1|7:2|7:3|8:3,40
947,2675,0.7003334444814938,1.0,1.0,0.0,1.0,21,victory,1,0,,0,15,15,5:7|6:2|6:3|6:4|6:5|6:6|6:7|6:8|7:1|7:2|7:3|7:5|7:6|7:7|7:8,40
948,2676,0.7000166722240747,0.0,0.0,0.0,0.0,8,death,0,1,fire,0,6,6,6:1|6:2|6:3|7:1|7:3|8:3,40
949,2677,0.6996998999666555,1.0,1.0,0.0,1.0,28,victory,1,0,,0,15,15,5:2|6:1|6:2|6:3|6:4|6:5|6:6|6:7|6:8|7:1|7:2|7:3|7:4|7:5|7:8,40
950,2678,0.6993831277092364,1.0,1.0,0.0,1.0,18,victory,1,0,,0,13,13,5:6|5:7|5:8|6:1|6:2|6:3|6:4|6:5|6:6|6:7|6:8|7:1|7:8,40
951,2679,0.6990663554518173,1.0,1.0,0.0,1.0,30,victory,1,0,,0,12,12,5:2|6:1|6:2|6:3|6:4|6:5|6:6|6:7|6:8|7:1|7:3|7:8,40
952,2680,0.6987495831943982,0.0,0.0,0.0,0.0,30,death,0,1,fire,0,13,13,5:1|5:2|6:1|6:2|6:3|6:4|6:5|7:1|7:3|7:4|7:5|8:1|8:3,40
953,2681,0.6984328109369791,0.0,0.0,0.0,0.0,17,death,0,1,fire,0,9,9,6:1|6:2|6:3|6:4|7:1|7:2|7:4|8:1|8:4,40
954,2682,0.69811603867956,0.0,0.0,0.0,0.0,6,death,0,1,fire,0,3,3,7:1|8:1|8:2,40
955,2683,0.6977992664221406,1.0,1.0,0.0,1.0,34,victory,1,0,,0,17,17,4:2|4:3|5:1|5:2|5:7|5:8|6:1|6:2|6:3|6:4|6:5|6:6|6:7|6:8|7:1|7:2|7:8,40
956,2684,0.6974824941647215,0.0,0.0,0.0,0.0,11,death,0,1,fire,0,8,8,5:2|6:1|6:2|6:3|7:1|7:3|8:1|8:3,40
957,2685,0.6971657219073024,0.0,0.0,0.0,0.0,24,death,0,1,fire,0,12,12,5:1|6:1|6:2|6:3|6:4|6:5|6:6|7:1|7:6|7:7|8:1|8:7,40
958,2686,0.6968489496498833,1.0,1.0,0.0,1.0,38,victory,1,0,,0,22,22,3:7|3:8|4:6|4:7|4:8|5:6|5:7|5:8|6:1|6:2|6:3|6:4|6:5|6:6|6:7|6:8|7:1|7:2|7:3|7:4|7:5|7:8,40
959,2687,0.6965321773924642,0.0,0.0,0.0,0.0,22,death,0,1,fire,0,11,11,5:1|5:2|6:1|6:2|6:3|6:4|6:5|6:6|7:1|7:5|8:5,40
960,2688,0.6962154051350451,0.0,0.0,0.0,0.0,17,death,0,1,fire,0,11,11,6:1|6:2|6:3|6:4|6:5|6:6|7:1|7:2|7:6|7:7|8:7,40
961,2689,0.695898632877626,0.0,0.0,0.0,0.0,25,death,0,1,fire,0,9,9,5:1|5:2|6:1|6:2|6:3|6:4|7:1|7:2|8:2,40
962,2690,0.6955818606202068,0.0,0.0,0.0,0.0,17,death,0,1,fire,0,11,11,6:3|6:4|6:5|6:6|7:1|7:2|7:3|7:4|7:6|7:7|8:7,40
963,2691,0.6952650883627876,1.0,1.0,0.0,1.0,22,victory,1,0,,0,13,13,5:1|6:1|6:2|6:3|6:4|6:5|6:6|6:7|7:1|7:5|7:6|7:7|7:8,40
964,2692,0.6949483161053684,0.0,0.0,0.0,0.0,12,death,0,1,fire,0,11,11,6:1|6:2|6:3|6:4|7:1|7:3|7:4|7:5|7:6|7:7|8:7,40
965,2693,0.6946315438479493,0.0,0.0,0.0,0.0,19,death,0,1,fire,0,10,10,5:1|5:2|6:1|6:2|6:3|6:4|6:5|7:1|7:5|8:5,40
966,2694,0.6943147715905302,0.0,0.0,0.0,0.0,3,death,0,1,fire,0,3,3,7:1|8:1|8:2,40
967,2695,0.6939979993331111,0.0,0.0,0.0,0.0,30,death,0,1,fire,0,10,10,4:2|4:3|5:1|5:2|6:1|6:2|7:1|7:2|8:1|8:2,40
968,2696,0.6936812270756919,0.0,0.0,0.0,0.0,8,death,0,1,fire,0,4,4,6:1|7:1|8:1|8:2,40
969,2697,0.6933644548182728,0.0,0.0,0.0,0.0,18,death,0,1,fire,0,9,9,6:1|6:2|6:3|6:4|7:1|7:2|7:3|7:4|8:4,40
970,2698,0.6930476825608536,0.0,0.0,0.0,0.0,16,death,0,1,fire,0,10,10,5:1|6:1|6:2|6:3|6:4|6:5|7:1|7:5|8:1|8:5,40
971,2699,0.6927309103034345,0.0,0.0,0.0,0.0,2,death,0,1,fire,0,3,3,7:1|7:2|8:2,40
972,2700,0.6924141380460154,0.0,0.0,0.0,0.0,50,truncated,0,0,,1,18,18,2:7|2:8|3:7|3:8|4:6|4:7|4:8|5:7|5:8|6:1|6:2|6:3|6:4|6:5|6:6|6:7|6:8|7:1,40
973,2701,0.6920973657885963,0.0,0.0,0.0,0.0,3,death,0,1,fire,0,3,3,7:1|7:2|8:2,40
974,2702,0.691780593531177,1.0,1.0,0.0,1.0,34,victory,1,0,,0,16,16,4:1|5:1|5:2|5:7|5:8|6:1|6:2|6:3|6:4|6:5|6:6|6:7|6:8|7:1|7:8|8:1,40
975,2703,0.6914638212737579,1.0,1.0,0.0,1.0,14,victory,1,0,,0,11,11,5:1|6:1|6:2|6:3|6:4|6:5|6:6|6:7|7:1|7:7|7:8,40
976,2704,0.6911470490163388,1.0,1.0,0.0,1.0,9,victory,1,0,,0,10,10,6:3|6:4|6:5|6:6|6:7|6:8|7:1|7:2|7:3|7:8,40
977,2705,0.6908302767589196,1.0,1.0,0.0,1.0,47,victory,1,0,,0,21,21,4:1|4:2|4:6|4:7|5:1|5:2|5:6|5:7|5:8|6:1|6:2|6:3|6:4|6:5|6:6|6:7|6:8|7:1|7:2|7:3|7:8,40
978,2706,0.6905135045015005,1.0,1.0,0.0,1.0,38,victory,1,0,,0,16,16,4:1|5:1|5:2|5:7|5:8|6:1|6:2|6:3|6:4|6:5|6:6|6:7|6:8|7:1|7:8|8:1,40
979,2707,0.6901967322440814,0.0,0.0,0.0,0.0,8,death,0,1,fire,0,6,6,5:2|6:1|6:2|7:1|7:2|8:2,40
980,2708,0.6898799599866623,0.0,0.0,0.0,0.0,4,death,0,1,fire,0,4,4,6:1|7:1|7:2|8:2,40
981,2709,0.6895631877292431,0.0,0.0,0.0,0.0,37,death,0,1,fire,0,10,10,6:3|6:4|6:5|6:6|7:1|7:2|7:3|7:4|7:5|8:5,40
982,2710,0.689246415471824,0.0,0.0,0.0,0.0,10,death,0,1,fire,0,8,8,5:2|6:1|6:2|6:3|7:1|7:3|8:1|8:3,40
983,2711,0.6889296432144048,1.0,1.0,0.0,1.0,18,victory,1,0,,0,13,13,6:3|6:4|6:5|6:6|6:7|6:8|7:1|7:2|7:3|7:4|7:5|7:7|7:8,40
984,2712,0.6886128709569856,1.0,1.0,0.0,1.0,18,victory,1,0,,0,14,14,5:6|5:7|5:8|6:1|6:2|6:3|6:4|6:5|6:6|6:7|6:8|7:1|7:2|7:8,40
985,2713,0.6882960986995665,0.0,0.0,0.0,0.0,20,death,0,1,fire,0,12,12,6:1|6:2|6:3|6:4|6:5|6:6|6:7|7:1|7:4|7:5|7:7|8:7,40
986,2714,0.6879793264421474,0.0,0.0,0.0,0.0,38,death,0,1,fire,0,12,12,4:1|5:1|5:2|6:1|6:2|6:3|6:4|6:5|7:1|7:2|7:5|8:5,40
987,2715,0.6876625541847282,0.0,0.0,0.0,0.0,24,death,0,1,fire,0,8,8,4:1|5:1|5:2|6:1|6:2|7:1|8:1|8:2,40
988,2716,0.6873457819273091,1.0,1.0,0.0,1.0,22,victory,1,0,,0,11,11,6:1|6:2|6:3|6:4|6:5|6:6|6:7|6:8|7:1|7:5|7:8,40
989,2717,0.6870290096698899,0.0,0.0,0.0,0.0,30,death,0,1,fire,0,12,12,4:1|4:2|5:1|5:2|6:1|6:2|6:3|6:4|7:1|7:4|8:1|8:4,40
990,2718,0.6867122374124708,1.0,1.0,0.0,1.0,20,victory,1,0,,0,11,11,5:1|6:1|6:2|6:3|6:4|6:5|6:6|6:7|6:8|7:1|7:8,40
991,2719,0.6863954651550517,0.0,0.0,0.0,0.0,2,death,0,1,fire,0,3,3,7:1|7:2|8:2,40
992,2720,0.6860786928976326,1.0,1.0,0.0,1.0,39,victory,1,0,,0,24,24,2:7|3:7|3:8|4:7|4:8|5:1|5:2|5:7|5:8|6:1|6:2|6:3|6:4|6:5|6:6|6:7|6:8|7:1|7:2|7:3|7:4|7:5|7:7|7:8,40
993,2721,0.6857619206402135,0.0,0.0,0.0,0.0,4,death,0,1,fire,0,3,3,7:1|8:1|8:2,40
994,2722,0.6854451483827944,1.0,1.0,0.0,1.0,37,victory,1,0,,0,20,20,4:6|4:7|4:8|5:2|5:6|5:8|6:1|6:2|6:3|6:4|6:5|6:6|6:7|6:8|7:1|7:2|7:3|7:4|7:5|7:8,40
995,2723,0.6851283761253751,1.0,1.0,0.0,1.0,26,victory,1,0,,0,14,14,4:2|5:2|6:1|6:2|6:3|6:4|6:5|6:6|6:7|6:8|7:1|7:2|7:3|7:8,40
996,2724,0.6848116038679559,1.0,1.0,0.0,1.0,13,victory,1,0,,0,12,12,5:6|5:7|5:8|6:2|6:3|6:4|6:5|6:6|6:8|7:1|7:2|7:8,40
997,2725,0.6844948316105368,0.0,0.0,0.0,0.0,39,death,0,1,fire,0,13,13,5:1|6:1|6:2|6:3|6:4|6:5|6:6|7:1|7:2|7:3|7:4|7:5|8:4,40
998,2726,0.6841780593531177,1.0,1.0,0.0,1.0,15,victory,1,0,,0,15,15,4:8|5:7|5:8|6:1|6:2|6:3|6:4|6:5|6:6|6:7|6:8|7:1|7:2|7:3|7:8,40
999,2727,0.6838612870956986,1.0,1.0,0.0,1.0,30,victory,1,0,,0,20,20,4:4|4:5|4:6|4:7|4:8|5:6|5:7|5:8|6:1|6:2|6:3|6:4|6:5|6:6|6:7|7:1|7:4|7:5|7:7|7:8,40
1000,2728,0.6835445148382795,0.0,0.0,0.0,0.0,50,truncated,0,0,,1,19,19,2:8|3:8|4:6|4:7|4:8|5:6|5:7|5:8|6:3|6:4|6:5|6:6|6:7|6:8|7:1|7:2|7:3|7:4|7:5,40
1001,2729,0.6832277425808604,0.0,0.0,0.0,0.0,13,death,0,1,fire,0,7,7,6:1|6:2|6:3|7:1|7:2|7:3|8:3,40
1002,2730,0.6829109703234412,0.0,0.0,0.0,0.0,28,death,0,1,fire,0,9,9,4:1|5:1|6:1|6:2|7:1|7:2|7:3|8:1|8:3,40
1003,2731,0.682594198066022,1.0,1.0,0.0,1.0,17,victory,1,0,,0,13,13,5:6|6:1|6:2|6:3|6:4|6:5|6:6|6:7|6:8|7:1|7:6|7:7|7:8,40
1004,2732,0.6822774258086028,0.0,0.0,0.0,0.0,5,death,0,1,fire,0,5,5,6:2|7:1|7:2|7:3|8:3,40
1005,2733,0.6819606535511837,0.0,0.0,0.0,0.0,21,death,0,1,fire,0,11,11,6:1|6:2|6:3|6:4|6:5|7:1|7:2|7:3|7:4|7:5|8:3,40
1006,2734,0.6816438812937646,1.0,1.0,0.0,1.0,26,victory,1,0,,0,13,13,5:1|6:1|6:2|6:3|6:4|6:5|6:6|6:7|6:8|7:1|7:2|7:3|7:8,40
1007,2735,0.6813271090363455,0.0,0.0,0.0,0.0,31,death,0,1,fire,0,16,16,5:1|5:2|6:1|6:2|6:3|6:4|6:5|7:1|7:2|7:3|7:4|7:5|7:6|7:7|8:1|8:7,40
1008,2736,0.6810103367789264,1.0,1.0,0.0,1.0,44,victory,1,0,,0,16,16,3:1|4:1|4:2|5:1|5:2|5:8|6:1|6:2|6:3|6:4|6:5|6:6|6:7|6:8|7:1|7:8,40
1009,2737,0.6806935645215072,1.0,1.0,0.0,1.0,43,victory,1,0,,0,19,19,3:1|4:1|4:2|5:1|5:2|5:7|5:8|6:1|6:2|6:3|6:4|6:5|6:6|6:7|6:8|7:1|7:6|7:8|8:1,40
1010,2738,0.680376792264088,1.0,1.0,0.0,1.0,33,victory,1,0,,0,20,20,3:7|3:8|4:6|4:7|4:8|5:6|5:7|5:8|6:1|6:2|6:5|6:6|6:7|6:8|7:1|7:2|7:3|7:4|7:5|7:8,40
1011,2739,0.6800600200066689,0.0,0.0,0.0,0.0,45,death,0,1,fire,0,13,13,3:1|4:1|4:2|5:1|5:2|6:1|6:2|6:3|6:4|7:1|7:3|8:1|8:3,40
1012,2740,0.6797432477492498,1.0,1.0,0.0,1.0,17,victory,1,0,,0,13,13,5:2|6:1|6:2|6:3|6:4|6:5|6:6|6:7|6:8|7:1|7:7|7:8|8:1,40
1013,2741,0.6794264754918307,1.0,1.0,0.0,1.0,26,victory,1,0,,0,15,15,5:2|5:8|6:1|6:2|6:3|6:4|6:5|6:6|6:7|6:8|7:1|7:4|7:5|7:8|8:1,40
1014,2742,0.6791097032344116,0.0,0.0,0.0,0.0,2,death,0,1,fire,0,3,3,7:1|7:2|8:2,40
1015,2743,0.6787929309769923,0.0,0.0,0.0,0.0,28,death,0,1,fire,0,9,9,6:1|6:2|6:3|6:4|7:1|7:2|7:3|7:4|8:4,40
1016,2744,0.6784761587195732,0.0,0.0,0.0,0.0,3,death,0,1,fire,0,3,3,7:1|7:2|8:2,40
1017,2745,0.678159386462154,0.0,0.0,0.0,0.0,9,death,0,1,fire,0,7,7,6:1|6:2|6:3|7:1|7:2|7:3|8:3,40
1018,2746,0.6778426142047349,0.0,0.0,0.0,0.0,2,death,0,1,fire,0,3,3,7:1|7:2|8:2,40
1019,2747,0.6775258419473158,0.0,0.0,0.0,0.0,9,death,0,1,fire,0,5,5,6:1|7:1|7:2|8:1|8:2,40
1020,2748,0.6772090696898967,1.0,1.0,0.0,1.0,36,victory,1,0,,0,17,17,5:1|5:2|5:7|6:1|6:2|6:3|6:4|6:5|6:6|6:7|6:8|7:1|7:3|7:4|7:5|7:7|7:8,40
1021,2749,0.6768922974324776,0.0,0.0,0.0,0.0,10,death,0,1,fire,0,6,6,6:1|6:2|7:1|7:2|7:3|8:3,40
1022,2750,0.6765755251750584,0.0,0.0,0.0,0.0,4,death,0,1,fire,0,4,4,7:1|7:2|8:1|8:2,40
1023,2751,0.6762587529176393,1.0,1.0,0.0,1.0,13,victory,1,0,,0,12,12,6:1|6:2|6:7|6:8|7:1|7:2|7:3|7:4|7:5|7:6|7:7|7:8,40
1024,2752,0.67594198066022,0.0,0.0,0.0,0.0,7,death,0,1,fire,0,6,6,5:2|6:1|6:2|7:1|7:2|8:2,40
1025,2753,0.6756252084028009,1.0,1.0,0.0,1.0,25,victory,1,0,,0,14,14,4:7|5:7|5:8|6:1|6:2|6:3|6:4|6:5|6:6|6:7|6:8|7:1|7:7|7:8,40
1026,2754,0.6753084361453818,1.0,1.0,0.0,1.0,39,victory,1,0,,0,16,16,5:1|5:2|6:1|6:2|6:3|6:4|6:5|6:6|6:7|6:8|7:1|7:2|7:3|7:4|7:5|7:8,40
1027,2755,0.6749916638879627,0.0,0.0,0.0,0.0,26,death,0,1,fire,0,13,13,6:1|6:2|6:3|6:4|6:5|6:6|6:7|7:1|7:3|7:6|7:7|8:1|8:7,40
1028,2756,0.6746748916305435,1.0,1.0,0.0,1.0,25,victory,1,0,,0,14,14,5:7|5:8|6:1|6:2|6:3|6:4|6:5|6:6|6:7|6:8|7:1|7:5|7:6|7:8,40
1029,2757,0.6743581193731244,1.0,1.0,0.0,1.0,17,victory,1,0,,0,11,11,6:1|6:2|6:3|6:4|6:5|6:6|6:7|7:1|7:3|7:7|7:8,40
1030,2758,0.6740413471157052,1.0,1.0,0.0,1.0,16,victory,1,0,,0,11,11,5:1|6:1|6:2|6:3|6:4|6:5|6:6|6:7|6:8|7:1|7:8,40
1031,2759,0.6737245748582861,0.0,0.0,0.0,0.0,17,death,0,1,fire,0,9,9,5:1|6:1|6:2|6:3|7:1|7:2|7:3|8:1|8:3,40
1032,2760,0.673407802600867,1.0,1.0,0.0,1.0,26,victory,1,0,,0,13,13,4:2|5:1|5:2|6:1|6:2|6:3|6:4|6:5|6:6|6:7|6:8|7:1|7:8,40
1033,2761,0.6730910303434479,0.0,0.0,0.0,0.0,23,death,0,1,fire,0,10,10,4:2|5:1|5:2|6:1|6:2|6:3|6:4|7:1|7:3|8:3,40
1034,2762,0.6727742580860286,0.0,0.0,0.0,0.0,3,death,0,1,fire,0,3,3,7:1|8:1|8:2,40
1035,2763,0.6724574858286095,1.0,1.0,0.0,1.0,34,victory,1,0,,0,20,20,3:8|4:6|4:7|4:8|5:1|5:2|5:6|5:7|5:8|6:1|6:2|6:3|6:4|6:5|6:6|6:7|6:8|7:1|7:4|7:8,40
1036,2764,0.6721407135711903,1.0,1.0,0.0,1.0,37,victory,1,0,,0,17,17,4:7|5:7|5:8|6:1|6:2|6:3|6:4|6:5|6:6|6:7|6:8|7:1|7:4|7:5|7:6|7:7|7:8,40
1037,2765,0.6718239413137712,0.0,0.0,0.0,0.0,20,death,0,1,fire,0,11,11,5:1|5:2|6:1|6:2|6:3|6:4|6:5|7:1|7:2|7:5|8:5,40
1038,2766,0.6715071690563521,0.0,0.0,0.0,0.0,2,death,0,1,fire,0,3,3,7:1|8:1|8:2,40
1039,2767,0.671190396798933,0.0,0.0,0.0,0.0,22,death,0,1,fire,0,10,10,5:1|6:1|6:2|6:3|6:4|7:1|7:2|7:4|8:1|8:4,40
1040,2768,0.6708736245415139,1.0,1.0,0.0,1.0,15,victory,1,0,,0,13,13,4:7|5:7|5:8|6:1|6:2|6:3|6:4|6:5|6:6|6:7|6:8|7:1|7:8,40
1041,2769,0.6705568522840948,1.0,1.0,0.0,1.0,11,victory,1,0,,0,12,12,6:1|6:2|6:3|6:4|6:7|6:8|7:1|7:4|7:5|7:6|7:7|7:8,40
1042,2770,0.6702400800266756,1.0,1.0,0.0,1.0,28,victory,1,0,,0,17,17,3:7|3:8|4:7|4:8|5:6|5:7|5:8|6:1|6:2|6:3|6:4|6:5|6:6|6:7|6:8|7:1|7:8,40
1043,2771,0.6699233077692563,1.0,1.0,0.0,1.0,36,victory,1,0,,0,21,21,3:7|4:6|4:7|4:8|5:1|5:2|5:6|5:7|5:8|6:1|6:2|6:3|6:4|6:5|6:6|6:7|6:8|7:1|7:2|7:8|8:1,40
1044,2772,0.6696065355118372,1.0,1.0,0.0,1.0,17,victory,1,0,,0,12,12,5:6|5:7|6:3|6:4|6:5|6:6|6:7|6:8|7:1|7:2|7:3|7:8,40
1045,2773,0.6692897632544181,0.0,0.0,0.0,0.0,50,truncated,0,0,,1,19,19,3:7|3:8|4:7|4:8|5:6|5:7|5:8|6:1|6:3|6:4|6:5|6:6|6:7|6:8|7:1|7:2|7:3|7:5|7:6,40
1046,2774,0.668972990996999,1.0,1.0,0.0,1.0,14,victory,1,0,,0,12,12,6:3|6:4|6:5|6:6|6:7|6:8|7:1|7:2|7:3|7:4|7:8|8:1,40
1047,2775,0.6686562187395799,0.0,0.0,0.0,0.0,2,death,0,1,fire,0,3,3,7:1|7:2|8:2,40
1048,2776,0.6683394464821608,1.0,1.0,0.0,1.0,15,victory,1,0,,0,11,11,5:6|6:1|6:2|6:3|6:4|6:5|6:6|6:7|6:8|7:1|7:8,40
1049,2777,0.6680226742247416,0.0,0.0,0.0,0.0,50,truncated,0,0,,1,19,19,4:7|4:8|5:2|5:6|5:7|5:8|6:1|6:2|6:3|6:4|6:5|6:6|6:7|6:8|7:1|7:2|7:3|7:5|8:1,40
1050,2778,0.6677059019673224,1.0,1.0,0.0,1.0,21,victory,1,0,,0,13,13,5:1|5:2|6:1|6:2|6:3|6:4|6:5|6:6|6:7|6:8|7:1|7:7|7:8,40
1051,2779,0.6673891297099033,0.0,0.0,0.0,0.0,14,death,0,1,fire,0,6,6,4:1|5:1|6:1|7:1|8:1|8:2,40
1052,2780,0.6670723574524842,1.0,1.0,0.0,1.0,13,victory,1,0,,0,10,10,6:3|6:4|6:5|6:6|7:1|7:2|7:3|7:6|7:7|7:8,40
1053,2781,0.6667555851950651,0.0,0.0,0.0,0.0,7,death,0,1,fire,0,6,6,6:1|6:3|7:1|7:2|7:3|8:3,40
1054,2782,0.666438812937646,1.0,1.0,0.0,1.0,20,victory,1,0,,0,13,13,5:7|5:8|6:3|6:4|6:5|6:6|6:7|6:8|7:1|7:2|7:3|7:4|7:8,40
1055,2783,0.6661220406802268,1.0,1.0,0.0,1.0,24,victory,1,0,,0,13,13,5:2|5:6|6:1|6:2|6:3|6:4|6:5|6:6|6:7|6:8|7:1|7:2|7:8,40
1056,2784,0.6658052684228076,0.0,0.0,0.0,0.0,26,death,0,1,fire,0,15,15,5:6|6:2|6:3|6:4|6:5|6:6|6:7|6:8|7:1|7:2|7:3|7:6|7:7|8:1|8:6,40
1057,2785,0.6654884961653885,0.0,0.0,0.0,0.0,16,death,0,1,fire,0,8,8,6:1|6:2|6:3|6:4|7:1|7:3|7:4|8:4,40
1058,2786,0.6651717239079693,0.0,0.0,0.0,0.0,4,death,0,1,fire,0,5,5,6:1|6:2|7:1|7:2|8:2,40
1059,2787,0.6648549516505502,0.0,0.0,0.0,0.0,50,truncated,0,0,,1,13,13,4:1|4:2|4:3|4:4|4:5|5:1|5:2|6:1|6:2|6:3|7:1|7:2|7:3,40
1060,2788,0.6645381793931311,1.0,1.0,0.0,1.0,10,victory,1,0,,0,10,10,6:1|6:2|6:3|6:4|6:5|6:6|6:7|6:8|7:1|7:8,40
1061,2789,0.664221407135712,0.0,0.0,0.0,0.0,2,death,0,1,fire,0,3,3,7:1|7:2|8:2,40
1062,2790,0.6639046348782928,1.0,1.0,0.0,1.0,32,victory,1,0,,0,14,14,5:1|5:2|6:1|6:2|6:3|6:4|6:5|6:6|6:7|6:8|7:1|7:2|7:5|7:8,40
1063,2791,0.6635878626208737,0.0,0.0,0.0,0.0,8,death,0,1,fire,0,6,6,6:1|6:2|6:3|7:1|7:3|8:3,40
1064,2792,0.6632710903634544,0.0,0.0,0.0,0.0,21,death,0,1,fire,0,11,11,4:1|5:1|5:2|6:1|6:2|6:3|6:4|7:1|7:2|7:3|8:3,40
1065,2793,0.6629543181060353,0.0,0.0,0.0,0.0,11,death,0,1,fire,0,8,8,4:2|5:2|6:2|6:3|7:1|7:2|7:3|8:2,40
1066,2794,0.6626375458486162,1.0,1.0,0.0,1.0,25,victory,1,0,,0,15,15,4:7|5:7|6:1|6:2|6:3|6:4|6:5|6:6|6:7|6:8|7:1|7:6|7:7|7:8|8:1,40
1067,2795,0.6623207735911971,0.0,0.0,0.0,0.0,4,death,0,1,fire,0,3,3,7:1|8:1|8:2,40
1068,2796,0.662004001333778,1.0,1.0,0.0,1.0,14,victory,1,0,,0,13,13,5:6|5:7|6:3|6:4|6:5|6:6|6:7|7:1|7:2|7:3|7:6|7:7|7:8,40
1069,2797,0.6616872290763588,1.0,1.0,0.0,1.0,29,victory,1,0,,0,15,15,5:7|5:8|6:1|6:2|6:3|6:4|6:5|6:6|6:7|6:8|7:1|7:3|7:4|7:7|7:8,40
1070,2798,0.6613704568189397,0.0,0.0,0.0,0.0,46,death,0,1,fire,0,15,15,4:1|4:2|5:1|5:2|6:1|6:2|6:3|6:4|6:5|7:1|7:2|7:3|7:4|7:5|8:5,40
1071,2799,0.6610536845615205,0.0,0.0,0.0,0.0,6,death,0,1,fire,0,5,5,6:1|6:2|7:1|7:2|8:2,40
1072,2800,0.6607369123041014,0.0,0.0,0.0,0.0,20,death,0,1,fire,0,10,10,5:2|6:1|6:2|6:3|6:4|7:1|7:2|7:3|7:4|8:3,40
1073,2801,0.6604201400466823,0.0,0.0,0.0,0.0,17,death,0,1,fire,0,9,9,6:1|6:2|6:3|6:4|6:5|6:6|7:1|7:5|8:5,40
1074,2802,0.6601033677892632,1.0,1.0,0.0,1.0,26,victory,1,0,,0,15,15,5:1|5:7|5:8|6:1|6:2|6:3|6:4|6:5|6:6|6:7|6:8|7:1|7:5|7:8|8:1,40
1075,2803,0.6597865955318439,0.0,0.0,0.0,0.0,14,death,0,1,fire,0,10,10,6:1|6:2|6:3|6:4|6:5|6:6|6:7|7:1|7:6|8:6,40
1076,2804,0.6594698232744248,1.0,1.0,0.0,1.0,15,victory,1,0,,0,10,10,6:1|6:2|6:3|6:4|6:5|7:1|7:5|7:6|7:7|7:8,40
1077,2805,0.6591530510170056,0.0,0.0,0.0,0.0,5,death,0,1,fire,0,4,4,7:1|7:2|7:3|8:2,40
1078,2806,0.6588362787595865,0.0,0.0,0.0,0.0,15,death,0,1,fire,0,6,6,6:1|6:2|7:1|7:2|8:1|8:2,40
1079,2807,0.6585195065021674,0.0,0.0,0.0,0.0,21,death,0,1,fire,0,11,11,5:2|6:1|6:2|6:3|6:4|6:5|6:6|7:1|7:4|7:6|8:6,40
1080,2808,0.6582027342447483,1.0,1.0,0.0,1.0,22,victory,1,0,,0,13,13,6:1|6:2|6:3|6:4|6:5|6:6|6:7|6:8|7:1|7:2|7:3|7:4|7:8,40
1081,2809,0.6578859619873292,0.0,0.0,0.0,0.0,34,death,0,1,fire,0,12,12,4:1|5:1|5:2|6:1|6:2|6:3|6:4|7:1|7:3|7:4|8:1|8:4,40
1082,2810,0.65756918972991,0.0,0.0,0.0,0.0,4,death,0,1,fire,0,4,4,7:1|7:2|8:1|8:2,40
1083,2811,0.6572524174724909,0.0,0.0,0.0,0.0,8,death,0,1,fire,0,8,8,6:1|6:2|6:3|7:1|7:3|7:4|7:5|8:4,40
1084,2812,0.6569356452150716,1.0,1.0,0.0,1.0,28,victory,1,0,,0,18,18,4:7|4:8|5:6|5:7|5:8|6:1|6:2|6:3|6:4|6:5|6:6|6:7|7:1|7:4|7:5|7:6|7:7|7:8,40
1085,2813,0.6566188729576525,0.0,0.0,0.0,0.0,9,death,0,1,fire,0,7,7,6:1|6:2|6:3|7:1|7:3|8:1|8:3,40
1086,2814,0.6563021007002334,0.0,0.0,0.0,0.0,7,death,0,1,fire,0,6,6,6:1|6:2|7:1|7:2|7:3|8:3,40
1087,2815,0.6559853284428143,1.0,1.0,0.0,1.0,48,victory,1,0,,0,15,15,5:1|5:2|6:1|6:2|6:3|6:4|6:5|6:6|6:7|6:8|7:1|7:3|7:4|7:5|7:8,40
1088,2816,0.6556685561853952,0.0,0.0,0.0,0.0,32,death,0,1,fire,0,15,15,4:5|4:6|5:1|5:2|5:6|6:1|6:2|6:3|6:4|6:5|6:6|6:7|7:1|7:7|8:7,40
1089,2817,0.655351783927976,1.0,1.0,0.0,1.0,16,victory,1,0,,0,12,12,5:2|6:1|6:2|6:3|6:4|6:5|6:6|7:1|7:6|7:7|7:8|8:1,40
1090,2818,0.6550350116705568,1.0,1.0,0.0,1.0,26,victory,1,0,,0,17,17,4:7|5:7|5:8|6:1|6:2|6:3|6:4|6:5|6:6|6:7|6:8|7:1|7:3|7:4|7:6|7:7|7:8,40
1091,2819,0.6547182394131377,0.0,0.0,0.0,0.0,7,death,0,1,fire,0,6,6,7:1|7:2|7:3|7:4|8:1|8:3,40
1092,2820,0.6544014671557186,1.0,1.0,0.0,1.0,47,victory,1,0,,0,20,20,4:8|5:1|5:2|5:8|6:1|6:2|6:3|6:4|6:5|6:6|6:7|6:8|7:1|7:2|7:3|7:4|7:6|7:7|7:8|8:1,40
1093,2821,0.6540846948982995,0.0,0.0,0.0,0.0,10,death,0,1,fire,0,8,8,5:1|6:1|6:2|6:3|7:1|7:2|7:3|8:2,40
1094,2822,0.6537679226408804,1.0,1.0,0.0,1.0,11,victory,1,0,,0,11,11,5:6|6:1|6:2|6:3|6:4|6:5|6:6|6:7|6:8|7:1|7:8,40
1095,2823,0.6534511503834612,1.0,1.0,0.0,1.0,30,victory,1,0,,0,14,14,5:1|5:2|6:1|6:2|6:3|6:4|6:5|6:6|6:7|6:8|7:1|7:2|7:3|7:8,40
1096,2824,0.653134378126042,0.0,0.0,0.0,0.0,2,death,0,1,fire,0,3,3,7:1|7:2|8:2,40
1097,2825,0.6528176058686228,0.0,0.0,0.0,0.0,21,death,0,1,fire,0,15,15,4:1|4:2|5:1|5:2|6:1|6:2|6:3|6:4|6:5|7:1|7:4|7:5|7:6|8:1|8:6,40
1098,2826,0.6525008336112037,1.0,1.0,0.0,1.0,21,victory,1,0,,0,14,14,5:2|5:8|6:1|6:2|6:3|6:4|6:5|6:6|6:7|6:8|7:1|7:2|7:4|7:8,40
1099,2827,0.6521840613537846,0.0,0.0,0.0,0.0,2,death,0,1,fire,0,3,3,7:1|7:2|8:2,40
1100,2828,0.6518672890963655,0.0,0.0,0.0,0.0,2,death,0,1,fire,0,3,3,7:1|7:2|8:2,40
1101,2829,0.6515505168389464,0.0,0.0,0.0,0.0,27,death,0,1,fire,0,11,11,4:2|5:1|5:2|6:1|6:2|6:3|6:4|6:5|7:1|7:5|8:5,40
1102,2830,0.6512337445815273,0.0,0.0,0.0,0.0,2,death,0,1,fire,0,3,3,7:1|7:2|8:2,40
1103,2831,0.6509169723241081,1.0,1.0,0.0,1.0,37,victory,1,0,,0,13,13,5:1|5:8|6:1|6:2|6:3|6:4|6:5|6:6|6:7|6:8|7:1|7:3|7:8,40
1104,2832,0.650600200066689,1.0,1.0,0.0,1.0,39,victory,1,0,,0,14,14,4:1|5:1|5:7|6:1|6:2|6:3|6:4|6:5|6:6|6:7|6:8|7:1|7:2|7:8,40
1105,2833,0.6502834278092697,1.0,1.0,0.0,1.0,19,victory,1,0,,0,12,12,5:7|5:8|6:1|6:2|6:3|6:4|6:5|6:6|6:7|6:8|7:1|7:8,40
1106,2834,0.6499666555518506,0.0,0.0,0.0,0.0,3,death,0,1,fire,0,4,4,7:1|7:2|7:3|8:3,40
1107,2835,0.6496498832944315,0.0,0.0,0.0,0.0,7,death,0,1,fire,0,8,8,6:2|6:3|6:4|6:5|7:1|7:2|7:5|8:5,40
1108,2836,0.6493331110370124,0.0,0.0,0.0,0.0,5,death,0,1,fire,0,6,6,6:2|6:3|7:1|7:2|7:3|8:3,40
1109,2837,0.6490163387795932,1.0,1.0,0.0,1.0,22,victory,1,0,,0,13,13,5:6|6:1|6:2|6:3|6:4|6:5|6:6|6:7|7:1|7:4|7:5|7:7|7:8,40
1110,2838,0.6486995665221741,1.0,1.0,0.0,1.0,19,victory,1,0,,0,11,11,6:1|6:2|6:3|6:4|6:5|6:6|6:7|7:1|7:3|7:7|7:8,40
1111,2839,0.6483827942647549,1.0,1.0,0.0,1.0,23,victory,1,0,,0,15,15,6:1|6:2|6:3|6:4|6:5|6:6|6:7|6:8|7:1|7:3|7:4|7:5|7:6|7:7|7:8,40
1112,2840,0.6480660220073358,1.0,1.0,0.0,1.0,19,victory,1,0,,0,14,14,5:1|5:2|5:6|6:1|6:2|6:3|6:4|6:5|6:6|6:7|7:1|7:6|7:7|7:8,40
1113,2841,0.6477492497499167,0.0,0.0,0.0,0.0,23,death,0,1,fire,0,16,16,4:2|4:3|4:4|4:5|4:6|4:7|5:1|5:2|5:7|6:1|6:2|6:6|6:7|7:1|7:6|8:6,40
1114,2842,0.6474324774924975,0.0,0.0,0.0,0.0,15,death,0,1,fire,0,12,12,6:1|6:2|6:3|6:4|6:5|6:6|6:7|7:1|7:3|7:4|7:7|8:7,40
1115,2843,0.6471157052350784,1.0,1.0,0.0,1.0,17,victory,1,0,,0,12,12,5:2|6:2|6:3|6:4|6:5|6:6|6:7|6:8|7:1|7:2|7:3|7:8,40
1116,2844,0.6467989329776592,1.0,1.0,0.0,1.0,32,victory,1,0,,0,14,14,5:6|5:7|5:8|6:1|6:2|6:3|6:4|6:5|6:6|6:7|6:8|7:1|7:4|7:8,40
1117,2845,0.6464821607202401,0.0,0.0,0.0,0.0,14,death,0,1,fire,0,9,9,6:1|6:2|6:3|6:4|7:1|7:2|7:3|7:4|8:4,40
1118,2846,0.6461653884628209,0.0,0.0,0.0,0.0,2,death,0,1,fire,0,3,3,7:1|7:2|8:2,40
1119,2847,0.6458486162054018,0.0,0.0,0.0,0.0,11,death,0,1,fire,0,10,10,6:1|6:2|6:3|6:4|6:5|6:6|6:7|7:1|7:6|8:6,40
1120,2848,0.6455318439479827,0.0,0.0,0.0,0.0,34,death,0,1,fire,0,14,14,5:1|5:2|6:1|6:2|6:3|6:4|6:5|7:1|7:2|7:4|7:5|7:6|7:7|8:7,40
1121,2849,0.6452150716905636,1.0,1.0,0.0,1.0,15,victory,1,0,,0,13,13,6:1|6:2|6:3|6:4|6:5|6:6|6:7|6:8|7:1|7:2|7:3|7:8|8:1,40
1122,2850,0.6448982994331444,0.0,0.0,0.0,0.0,4,death,0,1,fire,0,4,4,7:1|7:2|8:1|8:2,40
1123,2851,0.6445815271757253,1.0,1.0,0.0,1.0,32,victory,1,0,,0,14,14,4:1|5:1|5:2|6:1|6:2|6:3|6:4|6:5|6:6|6:7|6:8|7:1|7:8|8:1,40
1124,2852,0.644264754918306,1.0,1.0,0.0,1.0,12,victory,1,0,,0,11,11,5:1|6:1|6:2|6:3|6:4|6:5|6:6|7:1|7:6|7:7|7:8,40
1125,2853,0.6439479826608869,1.0,1.0,0.0,1.0,17,victory,1,0,,0,11,11,6:2|6:3|6:4|6:5|6:6|6:7|6:8|7:1|7:2|7:3|7:8,40
1126,2854,0.6436312104034678,0.0,0.0,0.0,0.0,16,death,0,1,fire,0,10,10,6:1|6:2|6:3|6:4|6:5|7:1|7:5|7:6|7:7|8:7,40
1127,2855,0.6433144381460487,0.0,0.0,0.0,0.0,12,death,0,1,fire,0,10,10,6:1|6:2|6:3|6:4|6:5|6:6|6:7|7:1|7:7|8:7,40
1128,2856,0.6429976658886296,1.0,1.0,0.0,1.0,23,victory,1,0,,0,13,13,5:7|5:8|6:1|6:2|6:3|6:4|6:5|6:6|6:7|6:8|7:1|7:4|7:8,40
1129,2857,0.6426808936312104,0.0,0.0,0.0,0.0,33,death,0,1,fire,0,13,13,4:1|5:1|5:2|6:1|6:2|6:3|7:1|7:2|7:3|7:4|7:5|8:1|8:5,40
1130,2858,0.6423641213737913,1.0,1.0,0.0,1.0,13,victory,1,0,,0,12,12,5:6|6:3|6:4|6:5|6:6|6:7|6:8|7:1|7:2|7:3|7:7|7:8,40
1131,2859,0.6420473491163721,1.0,1.0,0.0,1.0,18,victory,1,0,,0,10,10,6:1|6:2|6:3|6:4|6:5|6:6|6:7|6:8|7:1|7:8,40
1132,2860,0.641730576858953,0.0,0.0,0.0,0.0,6,death,0,1,fire,0,6,6,6:1|6:2|6:3|7:1|7:3|8:3,40
1133,2861,0.6414138046015339,1.0,1.0,0.0,1.0,18,victory,1,0,,0,11,11,5:6|6:1|6:2|6:3|6:4|6:5|6:6|6:7|7:1|7:7|7:8,40
1134,2862,0.6410970323441147,1.0,1.0,0.0,1.0,17,victory,1,0,,0,12,12,5:7|6:3|6:4|6:5|6:6|6:7|6:8|7:1|7:2|7:3|7:4|7:8,40
1135,2863,0.6407802600866956,0.0,0.0,0.0,0.0,4,death,0,1,fire,0,4,4,6:2|7:1|7:2|8:2,40
1136,2864,0.6404634878292765,0.0,0.0,0.0,0.0,9,death,0,1,fire,0,5,5,6:1|7:1|7:2|8:1|8:2,40
1137,2865,0.6401467155718572,1.0,1.0,0.0,1.0,20,victory,1,0,,0,10,10,6:1|6:2|6:3|6:4|6:5|6:6|6:7|6:8|7:1|7:8,40
1138,2866,0.6398299433144381,0.0,0.0,0.0,0.0,12,death,0,1,fire,0,8,8,6:1|6:3|6:4|7:1|7:2|7:3|7:4|8:3,40
1139,2867,0.639513171057019,0.0,0.0,0.0,0.0,46,death,0,1,fire,0,17,17,4:1|4:2|5:1|5:2|6:1|6:2|6:3|6:4|6:5|6:6|7:1|7:4|7:5|7:6|7:7|8:1|8:7,40
1140,2868,0.6391963987995999,1.0,1.0,0.0,1.0,21,victory,1,0,,0,15,15,5:8|6:1|6:2|6:3|6:4|6:5|6:6|6:7|6:8|7:1|7:2|7:3|7:6|7:7|7:8,40
1141,2869,0.6388796265421808,1.0,1.0,0.0,1.0,43,victory,1,0,,0,17,17,4:6|4:7|5:6|5:7|5:8|6:1|6:2|6:3|6:4|6:5|6:6|6:7|6:8|7:1|7:3|7:4|7:8,40
1142,2870,0.6385628542847617,1.0,1.0,0.0,1.0,11,victory,1,0,,0,10,10,6:1|6:2|6:3|6:4|6:5|7:1|7:5|7:6|7:7|7:8,40
1143,2871,0.6382460820273426,0.0,0.0,0.0,0.0,28,death,0,1,fire,0,9,9,6:1|6:2|6:3|6:4|7:1|7:2|7:3|7:4|8:2,40
1144,2872,0.6379293097699233,1.0,1.0,0.0,1.0,18,victory,1,0,,0,12,12,5:7|6:1|6:2|6:3|6:4|6:5|6:6|6:7|6:8|7:1|7:7|7:8,40
1145,2873,0.6376125375125041,0.0,0.0,0.0,0.0,2,death,0,1,fire,0,3,3,7:1|7:2|8:2,40
1146,2874,0.637295765255085,1.0,1.0,0.0,1.0,21,victory,1,0,,0,15,15,5:8|6:1|6:2|6:3|6:4|6:5|6:6|6:7|6:8|7:1|7:2|7:3|7:4|7:5|7:8,40
1147,2875,0.6369789929976659,0.0,0.0,0.0,0.0,17,death,0,1,fire,0,14,14,5:6|5:7|6:1|6:2|6:3|6:4|6:5|6:6|6:7|7:1|7:2|7:3|7:7|8:7,40
1148,2876,0.6366622207402468,1.0,1.0,0.0,1.0,33,victory,1,0,,0,14,14,4:8|5:2|5:7|5:8|6:1|6:2|6:3|6:4|6:5|6:6|6:7|6:8|7:1|7:8,40
1149,2877,0.6363454484828277,1.0,1.0,0.0,1.0,15,victory,1,0,,0,12,12,6:1|6:2|6:3|6:4|6:5|6:6|6:7|6:8|7:1|7:5|7:6|7:8,40
1150,2878,0.6360286762254085,0.0,0.0,0.0,0.0,10,death,0,1,fire,0,7,7,5:1|6:1|6:2|6:3|7:1|7:3|8:3,40
1151,2879,0.6357119039679894,1.0,1.0,0.0,1.0,16,victory,1,0,,0,12,12,5:8|6:2|6:3|6:4|6:5|6:6|6:7|6:8|7:1|7:2|7:3|7:8,40
1152,2880,0.6353951317105702,1.0,1.0,0.0,1.0,17,victory,1,0,,0,11,11,6:1|6:2|6:3|6:4|6:5|6:6|6:7|6:8|7:1|7:4|7:8,40
1153,2881,0.635078359453151,0.0,0.0,0.0,0.0,19,death,0,1,fire,0,10,10,6:1|6:2|6:3|6:4|6:5|7:1|7:2|7:3|7:5|8:5,40
1154,2882,0.634761587195732,1.0,1.0,0.0,1.0,16,victory,1,0,,0,13,13,5:8|6:1|6:2|6:3|6:4|6:5|6:6|6:7|6:8|7:1|7:2|7:3|7:8,40
1155,2883,0.6344448149383128,1.0,1.0,0.0,1.0,23,victory,1,0,,0,14,14,5:6|5:7|5:8|6:1|6:2|6:3|6:4|6:5|6:6|6:7|7:1|7:6|7:7|7:8,40
1156,2884,0.6341280426808936,1.0,1.0,0.0,1.0,15,victory,1,0,,0,13,13,4:6|5:6|5:7|6:3|6:4|6:5|6:6|6:7|6:8|7:1|7:2|7:3|7:8,40
1157,2885,0.6338112704234745,1.0,1.0,0.0,1.0,28,victory,1,0,,0,14,14,5:2|6:1|6:2|6:3|6:4|6:5|6:7|7:1|7:2|7:3|7:5|7:6|7:7|7:8,40
1158,2886,0.6334944981660554,0.0,0.0,0.0,0.0,2,death,0,1,fire,0,3,3,7:1|8:1|8:2,40
1159,2887,0.6331777259086362,1.0,1.0,0.0,1.0,18,victory,1,0,,0,13,13,5:1|5:7|5:8|6:1|6:2|6:3|6:4|6:5|6:6|6:7|6:8|7:1|7:8,40
1160,2888,0.6328609536512171,0.0,0.0,0.0,0.0,50,truncated,0,0,,1,19,19,4:2|4:3|4:4|4:5|4:6|5:2|5:6|6:1|6:2|6:3|6:4|6:5|6:6|6:7|7:1|7:2|7:3|7:4|7:5,40
1161,2889,0.632544181393798,1.0,1.0,0.0,1.0,35,victory,1,0,,0,15,15,4:2|4:3|5:1|5:2|6:1|6:2|6:3|6:4|6:5|6:6|6:7|6:8|7:1|7:4|7:8,40
1162,2890,0.6322274091363789,1.0,1.0,0.0,1.0,17,victory,1,0,,0,12,12,6:1|6:2|6:3|6:4|6:5|6:6|6:7|7:1|7:2|7:3|7:7|7:8,40
1163,2891,0.6319106368789597,1.0,1.0,0.0,1.0,15,victory,1,0,,0,11,11,6:1|6:2|6:3|6:4|6:5|6:6|6:7|7:1|7:7|7:8|8:1,40
1164,2892,0.6315938646215405,1.0,1.0,0.0,1.0,28,victory,1,0,,0,14,14,4:8|5:1|5:8|6:1|6:2|6:3|6:4|6:5|6:6|6:7|6:8|7:1|7:8|8:1,40
1165,2893,0.6312770923641213,1.0,1.0,0.0,1.0,24,victory,1,0,,0,12,12,5:2|6:1|6:2|6:3|6:4|6:5|6:6|6:7|6:8|7:1|7:2|7:8,40
1166,2894,0.6309603201067022,1.0,1.0,0.0,1.0,15,victory,1,0,,0,11,11,5:2|6:1|6:2|6:3|6:4|6:5|6:6|6:7|6:8|7:1|7:8,40
1167,2895,0.6306435478492831,1.0,1.0,0.0,1.0,18,victory,1,0,,0,12,12,6:1|6:2|6:3|6:4|6:5|6:6|7:1|7:4|7:6|7:7|7:8|8:1,40
1168,2896,0.630326775591864,0.0,0.0,0.0,0.0,21,death,0,1,fire,0,12,12,5:1|5:2|6:1|6:2|6:3|6:4|6:5|7:1|7:2|7:3|7:4|8:4,40
1169,2897,0.6300100033344448,0.0,0.0,0.0,0.0,42,death,0,1,fire,0,17,17,5:6|5:7|6:1|6:2|6:3|6:4|6:5|6:6|6:7|7:1|7:2|7:3|7:5|7:6|7:7|8:1|8:5,40
1170,2898,0.6296932310770257,0.0,0.0,0.0,0.0,4,death,0,1,fire,0,4,4,6:1|7:1|7:2|8:2,40
1171,2899,0.6293764588196065,1.0,1.0,0.0,1.0,17,victory,1,0,,0,16,16,4:7|4:8|5:1|5:2|5:7|5:8|6:1|6:2|6:3|6:4|6:5|6:6|6:7|6:8|7:1|7:8,40
1172,2900,0.6290596865621874,1.0,1.0,0.0,1.0,46,victory,1,0,,0,25,25,3:7|4:1|4:2|4:3|4:4|4:6|4:7|4:8|5:1|5:2|5:6|5:7|5:8|6:1|6:2|6:3|6:4|6:5|6:6|6:8|7:1|7:4|7:5|7:6|7:8,40
1173,2901,0.6287429143047683,0.0,0.0,0.0,0.0,27,death,0,1,fire,0,10,10,4:2|5:1|5:2|6:1|6:2|6:3|6:4|7:1|7:3|8:3,40
1174,2902,0.6284261420473491,1.0,1.0,0.0,1.0,11,victory,1,0,,0,11,11,6:3|6:4|6:5|6:6|6:7|6:8|7:1|7:2|7:3|7:7|7:8,40
1175,2903,0.62810936978993,0.0,0.0,0.0,0.0,4,death,0,1,fire,0,5,5,6:1|6:2|7:1|7:2|8:2,40
1176,2904,0.6277925975325109,1.0,1.0,0.0,1.0,20,victory,1,0,,0,13,13,5:1|6:1|6:2|6:3|6:4|6:5|6:6|6:7|6:8|7:1|7:4|7:5|7:8,40
1177,2905,0.6274758252750917,0.0,0.0,0.0,0.0,18,death,0,1,fire,0,12,12,5:1|5:2|6:1|6:2|6:3|6:4|6:5|7:1|7:2|7:3|7:4|8:4,40
1178,2906,0.6271590530176725,1.0,1.0,0.0,1.0,22,victory,1,0,,0,13,13,5:1|5:2|5:6|6:1|6:2|6:3|6:4|6:5|6:6|6:7|6:8|7:1|7:8,40
1179,2907,0.6268422807602534,0.0,0.0,0.0,0.0,50,truncated,0,0,,1,19,19,3:7|4:7|4:8|5:6|5:7|5:8|6:2|6:3|6:4|6:5|6:6|6:7|6:8|7:1|7:2|7:3|7:4|7:5|8:1,40
1180,2908,0.6265255085028343,0.0,0.0,0.0,0.0,14,death,0,1,fire,0,11,11,6:1|6:2|6:3|6:4|6:5|7:1|7:4|7:5|7:6|7:7|8:7,40
1181,2909,0.6262087362454152,1.0,1.0,0.0,1.0,25,victory,1,0,,0,13,13,5:1|6:1|6:2|6:3|6:4|6:5|6:6|6:7|6:8|7:1|7:5|7:6|7:8,40
1182,2910,0.6258919639879961,0.0,0.0,0.0,0.0,50,truncated,0,0,,1,22,22,4:4|4:5|4:6|4:7|4:8|5:6|5:7|5:8|6:1|6:2|6:3|6:4|6:5|6:6|6:7|6:8|7:1|7:4|7:5|7:6|7:7|8:1,40
1183,2911,0.625575191730577,0.0,0.0,0.0,0.0,5,death,0,1,fire,0,4,4,7:1|7:2|7:3|8:2,40
1184,2912,0.6252584194731577,1.0,1.0,0.0,1.0,20,victory,1,0,,0,13,13,5:6|6:1|6:2|6:3|6:4|6:5|6:6|6:7|6:8|7:1|7:3|7:4|7:8,40
1185,2913,0.6249416472157385,1.0,1.0,0.0,1.0,22,victory,1,0,,0,12,12,6:1|6:2|6:3|6:4|6:5|6:6|7:1|7:4|7:5|7:6|7:7|7:8,40
1186,2914,0.6246248749583194,1.0,1.0,0.0,1.0,23,victory,1,0,,0,12,12,6:1|6:2|6:3|6:4|6:5|7:1|7:2|7:3|7:5|7:6|7:7|7:8,40
1187,2915,0.6243081027009003,1.0,1.0,0.0,1.0,16,victory,1,0,,0,14,14,4:7|5:7|6:1|6:2|6:3|6:4|6:5|6:6|6:7|6:8|7:1|7:2|7:3|7:8,40
1188,2916,0.6239913304434812,0.0,0.0,0.0,0.0,33,death,0,1,fire,0,11,11,6:1|6:2|6:3|6:4|6:5|7:1|7:2|7:3|7:5|7:6|8:6,40
1189,2917,0.6236745581860621,0.0,0.0,0.0,0.0,10,death,0,1,fire,0,6,6,6:3|6:4|7:1|7:2|7:3|8:3,40
1190,2918,0.623357785928643,1.0,1.0,0.0,1.0,9,victory,1,0,,0,10,10,6:1|6:2|6:3|6:4|6:5|6:6|6:7|6:8|7:1|7:8,40
1191,2919,0.6230410136712238,1.0,1.0,0.0,1.0,9,victory,1,0,,0,10,10,6:3|6:4|6:5|6:6|6:7|6:8|7:1|7:2|7:3|7:8,40
1192,2920,0.6227242414138046,0.0,0.0,0.0,0.0,11,death,0,1,fire,0,8,8,6:1|6:2|6:3|6:4|7:1|7:3|7:4|8:4,40
1193,2921,0.6224074691563855,0.0,0.0,0.0,0.0,12,death,0,1,fire,0,10,10,6:1|6:2|6:3|6:4|6:5|6:6|7:1|7:6|7:7|8:7,40
1194,2922,0.6220906968989663,1.0,1.0,0.0,1.0,28,victory,1,0,,0,15,15,3:7|4:7|5:6|5:7|6:1|6:2|6:3|6:4|6:5|6:6|6:7|6:8|7:1|7:3|7:8,40
1195,2923,0.6217739246415472,1.0,1.0,0.0,1.0,40,victory,1,0,,0,20,20,3:7|4:6|4:7|5:1|5:2|5:6|5:7|6:1|6:2|6:4|6:5|6:6|6:7|6:8|7:1|7:2|7:3|7:4|7:7|7:8,40
1196,2924,0.6214571523841281,1.0,1.0,0.0,1.0,20,victory,1,0,,0,13,13,5:2|6:1|6:2|6:3|6:4|7:1|7:2|7:3|7:4|7:5|7:6|7:7|7:8,40
1197,2925,0.6211403801267089,0.0,0.0,0.0,0.0,2,death,0,1,fire,0,3,3,7:1|7:2|8:2,40
1198,2926,0.6208236078692898,0.0,0.0,0.0,0.0,19,death,0,1,fire,0,12,12,5:1|5:2|6:1|6:2|6:3|6:4|6:5|6:6|7:1|7:5|8:1|8:5,40
1199,2927,0.6205068356118706,1.0,1.0,0.0,1.0,13,victory,1,0,,0,10,10,6:1|6:2|6:3|6:4|6:5|6:6|7:1|7:6|7:7|7:8,40
1200,2928,0.6201900633544515,1.0,1.0,0.0,1.0,28,victory,1,0,,0,13,13,6:1|6:2|6:3|6:4|6:5|6:6|6:7|6:8|7:1|7:2|7:3|7:8|8:1,40
1201,2929,0.6198732910970324,1.0,1.0,0.0,1.0,21,victory,1,0,,0,13,13,6:1|6:2|6:3|6:4|6:5|6:6|7:1|7:3|7:4|7:5|7:6|7:7|7:8,40
1202,2930,0.6195565188396133,0.0,0.0,0.0,0.0,7,death,0,1,fire,0,5,5,7:1|7:2|7:3|8:1|8:2,40
1203,2931,0.619239746582194,0.0,0.0,0.0,0.0,10,death,0,1,fire,0,7,7,6:1|6:2|6:3|7:1|7:2|7:3|8:3,40
1204,2932,0.6189229743247749,0.0,0.0,0.0,0.0,25,death,0,1,fire,0,12,12,5:6|6:1|6:2|6:3|6:4|6:5|6:6|6:7|6:8|7:1|7:7|8:7,40
1205,2933,0.6186062020673558,1.0,1.0,0.0,1.0,21,victory,1,0,,0,14,14,5:7|5:8|6:3|6:4|6:5|6:7|6:8|7:1|7:2|7:3|7:5|7:6|7:7|7:8,40
1206,2934,0.6182894298099366,0.0,0.0,0.0,0.0,9,death,0,1,fire,0,7,7,5:2|6:1|6:2|6:3|7:1|7:3|8:3,40
1207,2935,0.6179726575525175,1.0,1.0,0.0,1.0,33,victory,1,0,,0,16,16,4:2|4:3|4:4|5:2|6:1|6:2|6:3|6:4|6:5|6:6|6:7|6:8|7:1|7:7|7:8|8:1,40
1208,2936,0.6176558852950984,1.0,1.0,0.0,1.0,19,victory,1,0,,0,12,12,5:2|6:1|6:2|6:3|6:4|6:5|7:1|7:4|7:5|7:6|7:7|7:8,40
1209,2937,0.6173391130376793,1.0,1.0,0.0,1.0,24,victory,1,0,,0,11,11,5:7|6:1|6:2|6:3|6:4|6:5|6:6|6:7|6:8|7:1|7:8,40
1210,2938,0.6170223407802601,0.0,0.0,0.0,0.0,15,death,0,1,fire,0,10,10,4:1|5:1|5:2|6:1|6:2|6:3|6:4|7:1|7:4|8:4,40
1211,2939,0.616705568522841,1.0,1.0,0.0,1.0,15,victory,1,0,,0,12,12,6:1|6:2|6:3|6:4|6:5|6:6|6:7|7:1|7:3|7:4|7:7|7:8,40
1212,2940,0.6163887962654218,0.0,0.0,0.0,0.0,6,death,0,1,fire,0,4,4,6:1|7:1|7:2|8:2,40
1213,2941,0.6160720240080026,0.0,0.0,0.0,0.0,5,death,0,1,fire,0,3,3,7:1|8:1|8:2,40
1214,2942,0.6157552517505835,0.0,0.0,0.0,0.0,23,death,0,1,fire,0,10,10,6:1|6:2|6:3|6:4|6:5|6:6|7:1|7:5|8:1|8:5,40
1215,2943,0.6154384794931644,1.0,1.0,0.0,1.0,16,victory,1,0,,0,11,11,5:1|6:1|6:2|6:3|6:4|6:5|7:1|7:5|7:6|7:7|7:8,40
1216,2944,0.6151217072357452,0.0,0.0,0.0,0.0,6,death,0,1,fire,0,5,5,7:1|7:2|7:3|8:1|8:3,40
1217,2945,0.6148049349783261,0.0,0.0,0.0,0.0,12,death,0,1,fire,0,8,8,6:1|6:2|6:3|6:4|6:5|7:1|7:5|8:5,40
1218,2946,0.6144881627209069,0.0,0.0,0.0,0.0,2,death,0,1,fire,0,3,3,7:1|7:2|8:2,40
1219,2947,0.6141713904634878,1.0,1.0,0.0,1.0,15,victory,1,0,,0,14,14,5:1|5:2|6:1|6:2|6:3|6:4|6:5|6:6|6:7|6:8|7:1|7:2|7:3|7:8,40
1220,2948,0.6138546182060687,0.0,0.0,0.0,0.0,7,death,0,1,fire,0,8,8,6:1|6:2|6:3|6:4|6:5|7:1|7:5|8:5,40
1221,2949,0.6135378459486496,1.0,1.0,0.0,1.0,28,victory,1,0,,0,16,16,4:2|4:6|5:1|5:2|5:6|6:1|6:2|6:3|6:4|6:5|6:6|6:7|6:8|7:1|7:2|7:8,40
1222,2950,0.6132210736912305,0.0,0.0,0.0,0.0,23,death,0,1,fire,0,12,12,6:1|6:2|6:3|6:4|6:5|6:6|7:1|7:2|7:3|7:6|7:7|8:7,40
1223,2951,0.6129043014338114,1.0,1.0,0.0,1.0,25,victory,1,0,,0,16,16,5:1|5:2|6:1|6:2|6:3|6:4|6:5|6:7|6:8|7:1|7:2|7:5|7:6|7:7|7:8|8:1,40
1224,2952,0.6125875291763921,1.0,1.0,0.0,1.0,19,victory,1,0,,0,15,15,4:2|5:1|5:2|6:1|6:2|6:3|6:4|6:5|6:6|6:7|6:8|7:1|7:4|7:5|7:8,40
1225,2953,0.6122707569189729,0.0,0.0,0.0,0.0,31,death,0,1,fire,0,14,14,5:1|5:2|6:1|6:2|6:3|6:4|6:5|6:6|6:7|7:1|7:5|7:6|7:7|8:7,40
1226,2954,0.6119539846615538,0.0,0.0,0.0,0.0,10,death,0,1,fire,0,8,8,5:2|6:1|6:2|7:1|7:2|7:3|8:1|8:2,40
1227,2955,0.6116372124041347,0.0,0.0,0.0,0.0,26,death,0,1,fire,0,11,11,6:2|6:3|6:4|6:5|7:1|7:2|7:5|7:6|7:7|8:1|8:7,40
1228,2956,0.6113204401467156,1.0,1.0,0.0,1.0,33,victory,1,0,,0,15,15,5:7|5:8|6:1|6:2|6:3|6:4|6:5|6:6|6:7|6:8|7:1|7:2|7:3|7:8|8:1,40
1229,2957,0.6110036678892965,1.0,1.0,0.0,1.0,23,victory,1,0,,0,13,13,5:1|6:1|6:2|6:3|6:4|6:5|6:6|6:7|6:8|7:1|7:3|7:4|7:8,40
1230,2958,0.6106868956318774,0.0,0.0,0.0,0.0,4,death,0,1,fire,0,5,5,7:1|7:2|7:3|7:4|8:4,40
1231,2959,0.6103701233744582,0.0,0.0,0.0,0.0,12,death,0,1,fire,0,10,10,6:1|6:2|6:3|6:4|7:1|7:2|7:3|7:4|7:5|8:5,40
1232,2960,0.610053351117039,1.0,1.0,0.0,1.0,23,victory,1,0,,0,12,12,5:1|6:1|6:2|6:3|6:4|6:5|6:6|6:7|6:8|7:1|7:8|8:1,40
1233,2961,0.6097365788596198,0.0,0.0,0.0,0.0,20,death,0,1,fire,0,12,12,6:1|6:2|6:3|6:4|6:5|6:6|7:1|7:3|7:4|7:5|7:6|8:6,40
1234,2962,0.6094198066022007,1.0,1.0,0.0,1.0,25,victory,1,0,,0,14,14,3:1|4:1|5:1|5:8|6:1|6:2|6:3|6:4|6:5|6:6|6:7|6:8|7:1|7:8,40
1235,2963,0.6091030343447816,1.0,1.0,0.0,1.0,32,victory,1,0,,0,14,14,4:1|5:1|6:1|6:2|6:3|6:4|6:5|6:6|6:7|7:1|7:3|7:4|7:7|7:8,40
1236,2964,0.6087862620873625,0.0,0.0,0.0,0.0,15,death,0,1,fire,0,10,10,6:1|6:2|6:3|6:4|6:5|7:1|7:5|7:6|7:7|8:7,40
1237,2965,0.6084694898299434,0.0,0.0,0.0,0.0,24,death,0,1,fire,0,13,13,5:6|6:1|6:2|6:3|6:4|6:5|6:6|6:7|7:1|7:2|7:5|7:6|8:6,40
1238,2966,0.6081527175725242,1.0,1.0,0.0,1.0,49,victory,1,0,,0,21,21,3:8|4:2|4:3|4:4|4:5|4:6|4:7|4:8|5:2|5:6|5:7|5:8|6:1|6:2|6:3|6:6|6:7|6:8|7:1|7:3|7:8,40
1239,2967,0.6078359453151051,1.0,1.0,0.0,1.0,12,victory,1,0,,0,11,11,6:1|6:2|6:3|6:4|6:5|6:6|6:7|7:1|7:2|7:7|7:8,40
1240,2968,0.6075191730576859,0.0,0.0,0.0,0.0,20,death,0,1,fire,0,11,11,6:1|6:2|6:3|6:4|6:5|6:6|7:1|7:2|7:3|7:6|8:6,40
1241,2969,0.6072024008002668,0.0,0.0,0.0,0.0,5,death,0,1,fire,0,6,6,6:1|6:2|6:3|7:1|7:3|8:3,40
1242,2970,0.6068856285428477,1.0,1.0,0.0,1.0,14,victory,1,0,,0,11,11,6:2|6:3|6:4|6:5|6:6|6:7|6:8|7:1|7:2|7:3|7:8,40
1243,2971,0.6065688562854286,0.0,0.0,0.0,0.0,10,death,0,1,fire,0,7,7,5:2|6:1|6:2|6:3|7:1|7:3|8:3,40
1244,2972,0.6062520840280093,0.0,0.0,0.0,0.0,14,death,0,1,fire,0,10,10,5:1|6:1|6:2|6:3|6:4|6:5|6:6|7:1|7:6|8:6,40
1245,2973,0.6059353117705902,1.0,1.0,0.0,1.0,28,victory,1,0,,0,15,15,3:1|4:1|5:1|5:2|6:1|6:2|6:3|6:4|6:5|6:6|6:7|6:8|7:1|7:4|7:8,40
1246,2974,0.605618539513171,1.0,1.0,0.0,1.0,18,victory,1,0,,0,13,13,6:1|6:2|6:3|6:4|6:5|6:6|6:7|6:8|7:1|7:2|7:3|7:4|7:8,40
1247,2975,0.6053017672557519,0.0,0.0,0.0,0.0,12,death,0,1,fire,0,9,9,5:2|6:1|6:2|6:3|6:4|6:5|7:1|7:4|8:4,40
1248,2976,0.6049849949983328,1.0,1.0,0.0,1.0,30,victory,1,0,,0,16,16,4:2|5:1|5:2|5:7|5:8|6:1|6:2|6:3|6:4|6:5|6:6|6:7|6:8|7:1|7:4|7:8,40
1249,2977,0.6046682227409137,1.0,1.0,0.0,1.0,24,victory,1,0,,0,14,14,5:2|6:1|6:2|6:3|6:4|6:5|6:6|6:7|6:8|7:1|7:5|7:6|7:8|8:1,40
1250,2978,0.6043514504834946,1.0,1.0,0.0,1.0,37,victory,1,0,,0,15,15,4:2|5:1|5:2|6:1|6:2|6:3|6:4|6:5|6:6|6:7|6:8|7:1|7:4|7:8|8:1,40
1251,2979,0.6040346782260754,1.0,1.0,0.0,1.0,18,victory,1,0,,0,12,12,6:1|6:2|6:3|6:4|6:5|6:6|6:7|6:8|7:1|7:3|7:4|7:8,40
1252,2980,0.6037179059686563,0.0,0.0,0.0,0.0,4,death,0,1,fire,0,5,5,6:1|6:2|7:1|7:2|8:2,40
1253,2981,0.603401133711237,0.0,0.0,0.0,0.0,50,truncated,0,0,,1,18,18,3:7|4:7|4:8|5:1|5:6|5:7|5:8|6:1|6:2|6:3|6:4|6:5|6:6|6:7|6:8|7:1|7:5|7:6,40
1254,2982,0.6030843614538179,0.0,0.0,0.0,0.0,12,death,0,1,fire,0,8,8,6:1|6:2|6:3|6:4|6:5|7:1|7:5|8:5,40
1255,2983,0.6027675891963988,0.0,0.0,0.0,0.0,2,death,0,1,fire,0,3,3,7:1|8:1|8:2,40
1256,2984,0.6024508169389797,0.0,0.0,0.0,0.0,3,death,0,1,fire,0,4,4,7:1|7:2|7:3|8:3,40
1257,2985,0.6021340446815605,0.0,0.0,0.0,0.0,21,death,0,1,fire,0,12,12,4:2|5:2|6:1|6:2|6:3|6:4|6:5|6:6|7:1|7:3|7:6|8:6,40
1258,2986,0.6018172724241414,0.0,0.0,0.0,0.0,26,death,0,1,fire,0,12,12,6:1|6:2|6:3|6:4|6:5|6:6|7:1|7:4|7:5|7:6|8:1|8:6,40
1259,2987,0.6015005001667222,0.0,0.0,0.0,0.0,7,death,0,1,fire,0,6,6,6:1|6:2|6:3|7:1|7:3|8:3,40
1260,2988,0.6011837279093031,1.0,1.0,0.0,1.0,16,victory,1,0,,0,13,13,6:1|6:2|6:3|6:4|6:5|6:6|6:7|6:8|7:1|7:3|7:4|7:5|7:8,40
1261,2989,0.600866955651884,1.0,1.0,0.0,1.0,25,victory,1,0,,0,13,13,6:1|6:2|6:3|6:4|6:5|6:6|6:7|6:8|7:1|7:2|7:5|7:8|8:1,40
1262,2990,0.6005501833944649,0.0,0.0,0.0,0.0,3,death,0,1,fire,0,4,4,7:1|7:2|7:3|8:3,40
1263,2991,0.6002334111370458,1.0,1.0,0.0,1.0,26,victory,1,0,,0,19,19,4:2|4:3|4:4|4:5|4:6|4:7|5:2|5:7|6:1|6:2|6:3|6:4|6:5|6:6|6:7|7:1|7:6|7:7|7:8,40
1264,2992,0.5999166388796265,1.0,1.0,0.0,1.0,22,victory,1,0,,0,15,15,4:2|5:1|5:2|6:1|6:2|6:3|6:4|6:5|6:6|7:1|7:4|7:5|7:6|7:7|7:8,40
1265,2993,0.5995998666222074,0.0,0.0,0.0,0.0,13,death,0,1,fire,0,10,10,5:6|6:1|6:2|6:3|6:4|6:5|6:6|7:1|7:6|8:6,40
1266,2994,0.5992830943647882,0.0,0.0,0.0,0.0,19,death,0,1,fire,0,11,11,4:2|5:2|6:1|6:2|6:3|6:4|6:5|7:1|7:3|7:4|8:4,40
1267,2995,0.5989663221073691,1.0,1.0,0.0,1.0,18,victory,1,0,,0,13,13,6:1|6:2|6:3|6:4|6:5|6:6|6:7|6:8|7:1|7:3|7:6|7:8|8:1,40
1268,2996,0.59864954984995,0.0,0.0,0.0,0.0,9,death,0,1,fire,0,9,9,5:2|6:1|6:2|6:3|6:4|6:5|7:1|7:5|8:5,40
1269,2997,0.5983327775925309,0.0,0.0,0.0,0.0,11,death,0,1,fire,0,8,8,5:2|6:1|6:2|6:3|6:4|7:1|7:4|8:4,40
1270,2998,0.5980160053351118,1.0,1.0,0.0,1.0,21,victory,1,0,,0,11,11,5:6|6:2|6:3|6:4|6:5|6:6|6:7|6:8|7:1|7:2|7:8,40
1271,2999,0.5976992330776926,1.0,1.0,0.0,1.0,16,victory,1,0,,0,10,10,6:1|6:2|6:3|6:4|6:5|7:1|7:5|7:6|7:7|7:8,40
1272,3000,0.5973824608202734,1.0,1.0,0.0,1.0,32,victory,1,0,,0,11,11,5:6|6:1|6:2|6:3|6:4|6:5|6:6|6:7|6:8|7:1|7:8,40
1273,3001,0.5970656885628542,1.0,1.0,0.0,1.0,20,victory,1,0,,0,11,11,5:2|6:1|6:2|6:3|6:4|6:5|6:6|6:7|7:1|7:7|7:8,40
1274,3002,0.5967489163054351,0.0,0.0,0.0,0.0,8,death,0,1,fire,0,8,8,6:1|6:2|6:3|6:4|6:5|7:1|7:5|8:5,40
1275,3003,0.596432144048016,1.0,1.0,0.0,1.0,18,victory,1,0,,0,11,11,6:1|6:2|6:3|6:4|6:5|6:6|6:7|6:8|7:1|7:3|7:8,40
1276,3004,0.5961153717905969,0.0,0.0,0.0,0.0,26,death,0,1,fire,0,14,14,5:2|5:6|6:1|6:2|6:3|6:4|6:5|6:6|7:1|7:2|7:3|7:4|7:6|8:6,40
1277,3005,0.5957985995331778,0.0,0.0,0.0,0.0,9,death,0,1,fire,0,7,7,6:1|6:2|6:3|7:1|7:2|7:3|8:2,40
1278,3006,0.5954818272757586,1.0,1.0,0.0,1.0,34,victory,1,0,,0,14,14,4:1|5:1|6:1|6:2|6:3|6:4|6:5|6:6|6:7|7:1|7:3|7:4|7:7|7:8,40
1279,3007,0.5951650550183394,1.0,1.0,0.0,1.0,23,victory,1,0,,0,14,14,5:1|6:1|6:2|6:3|6:4|6:5|6:6|6:7|6:8|7:1|7:2|7:3|7:5|7:8,40
1280,3008,0.5948482827609203,1.0,1.0,0.0,1.0,20,victory,1,0,,0,14,14,4:2|5:2|6:1|6:2|6:3|6:4|6:5|6:6|6:7|6:8|7:1|7:4|7:6|7:8,40
1281,3009,0.5945315105035012,0.0,0.0,0.0,0.0,4,death,0,1,fire,0,3,3,7:1|8:1|8:2,40
1282,3010,0.5942147382460821,0.0,0.0,0.0,0.0,40,death,0,1,fire,0,13,13,2:1|3:1|4:1|5:1|5:2|6:1|6:2|6:3|6:4|6:5|7:1|7:5|8:5,40
1283,3011,0.593897965988663,0.0,0.0,0.0,0.0,12,death,0,1,fire,0,10,10,5:6|6:1|6:2|6:3|6:4|6:5|6:6|7:1|7:6|8:6,40
1284,3012,0.5935811937312439,1.0,1.0,0.0,1.0,24,victory,1,0,,0,14,14,5:1|6:1|6:2|6:3|6:4|6:5|6:6|6:7|6:8|7:1|7:2|7:3|7:4|7:8,40
1285,3013,0.5932644214738246,0.0,0.0,0.0,0.0,50,truncated,0,0,,1,17,17,3:7|4:6|4:7|5:1|5:6|5:7|6:1|6:2|6:3|6:4|6:5|6:6|6:7|7:1|7:5|7:6|8:1,40
1286,3014,0.5929476492164055,1.0,1.0,0.0,1.0,31,victory,1,0,,0,14,14,5:1|5:2|6:1|6:2|6:3|6:4|6:5|6:6|7:1|7:2|7:6|7:7|7:8|8:1,40
1287,3015,0.5926308769589863,1.0,1.0,0.0,1.0,15,victory,1,0,,0,12,12,5:2|6:1|6:2|6:3|6:4|6:5|6:6|6:7|6:8|7:1|7:4|7:8,40
1288,3016,0.5923141047015672,1.0,1.0,0.0,1.0,14,victory,1,0,,0,11,11,6:1|6:2|6:3|6:4|6:5|6:6|6:7|6:8|7:1|7:2|7:8,40
1289,3017,0.5919973324441481,1.0,1.0,0.0,1.0,21,victory,1,0,,0,13,13,4:8|5:8|6:1|6:2|6:3|6:4|6:5|6:6|6:7|6:8|7:1|7:5|7:8,40
1290,3018,0.591680560186729,1.0,1.0,0.0,1.0,11,victory,1,0,,0,10,10,6:1|6:2|6:3|6:4|6:5|6:6|6:7|7:1|7:7|7:8,40
1291,3019,0.5913637879293098,1.0,1.0,0.0,1.0,16,victory,1,0,,0,14,14,6:1|6:2|6:3|6:4|6:5|6:6|6:7|6:8|7:1|7:3|7:4|7:5|7:6|7:8,40
1292,3020,0.5910470156718907,1.0,1.0,0.0,1.0,30,victory,1,0,,0,13,13,5:6|5:7|6:1|6:2|6:3|6:4|6:5|6:6|6:7|6:8|7:1|7:8|8:1,40
1293,3021,0.5907302434144714,1.0,1.0,0.0,1.0,21,victory,1,0,,0,13,13,5:6|6:1|6:2|6:3|6:4|6:5|6:6|6:7|6:8|7:1|7:2|7:3|7:8,40
1294,3022,0.5904134711570523,1.0,1.0,0.0,1.0,15,victory,1,0,,0,12,12,5:2|5:7|6:2|6:3|6:4|6:5|6:6|6:7|7:1|7:2|7:7|7:8,40
1295,3023,0.5900966988996332,0.0,0.0,0.0,0.0,19,death,0,1,fire,0,8,8,6:1|6:2|6:3|6:4|7:1|7:4|7:5|8:5,40
1296,3024,0.5897799266422141,0.0,0.0,0.0,0.0,13,death,0,1,fire,0,7,7,6:1|6:2|6:3|6:4|7:1|7:3|8:3,40
1297,3025,0.589463154384795,0.0,0.0,0.0,0.0,13,death,0,1,fire,0,10,10,5:1|5:2|6:1|6:2|6:3|6:4|7:1|7:3|7:4|8:3,40
1298,3026,0.5891463821273758,1.0,1.0,0.0,1.0,22,victory,1,0,,0,17,17,3:7|3:8|4:6|4:7|4:8|5:6|5:7|6:1|6:2|6:3|6:4|6:5|6:6|6:7|7:1|7:7|7:8,40
1299,3027,0.5888296098699567,1.0,1.0,0.0,1.0,19,victory,1,0,,0,12,12,6:1|6:2|6:3|6:4|6:5|6:6|6:7|6:8|7:1|7:4|7:8|8:1,40
1300,3028,0.5885128376125375,1.0,1.0,0.0,1.0,16,victory,1,0,,0,13,13,4:2|5:1|5:2|6:1|6:2|6:3|6:4|6:5|6:6|6:7|6:8|7:1|7:8,40
1301,3029,0.5881960653551184,1.0,1.0,0.0,1.0,14,victory,1,0,,0,10,10,6:1|6:2|6:3|6:4|6:5|6:6|6:7|6:8|7:1|7:8,40
1302,3030,0.5878792930976993,0.0,0.0,0.0,0.0,15,death,0,1,fire,0,12,12,4:1|5:1|6:1|6:2|6:3|6:4|6:5|6:6|7:1|7:6|7:7|8:7,40
1303,3031,0.5875625208402802,0.0,0.0,0.0,0.0,2,death,0,1,fire,0,3,3,7:1|7:2|8:2,40
1304,3032,0.5872457485828609,0.0,0.0,0.0,0.0,26,death,0,1,fire,0,12,12,5:1|5:2|6:1|6:2|6:3|6:4|6:5|6:6|7:1|7:5|8:1|8:5,40
1305,3033,0.5869289763254418,0.0,0.0,0.0,0.0,10,death,0,1,fire,0,10,10,6:1|6:2|6:3|6:4|6:5|7:1|7:5|7:6|7:7|8:7,40
1306,3034,0.5866122040680226,0.0,0.0,0.0,0.0,6,death,0,1,fire,0,4,4,6:2|7:1|7:2|8:2,40
1307,3035,0.5862954318106035,1.0,1.0,0.0,1.0,30,victory,1,0,,0,13,13,5:2|5:6|6:1|6:2|6:3|6:4|6:5|6:6|6:7|7:1|7:7|7:8|8:1,40
1308,3036,0.5859786595531844,0.0,0.0,0.0,0.0,23,death,0,1,fire,0,16,16,4:1|4:2|4:3|5:1|5:2|6:1|6:2|6:3|6:4|6:5|6:6|7:1|7:2|7:6|7:7|8:7,40
1309,3037,0.5856618872957653,1.0,1.0,0.0,1.0,20,victory,1,0,,0,14,14,5:1|5:2|5:7|6:1|6:2|6:3|6:4|6:5|6:6|6:7|6:8|7:1|7:2|7:8,40
1310,3038,0.5853451150383462,1.0,1.0,0.0,1.0,23,victory,1,0,,0,15,15,5:1|5:2|6:1|6:2|6:3|6:4|6:5|6:6|6:7|6:8|7:1|7:2|7:3|7:5|7:8,40
1311,3039,0.585028342780927,0.0,0.0,0.0,0.0,28,death,0,1,fire,0,12,12,5:6|6:1|6:2|6:3|6:4|6:5|6:6|6:7|7:1|7:6|7:7|8:7,40
1312,3040,0.5847115705235079,0.0,0.0,0.0,0.0,23,death,0,1,fire,0,12,12,5:2|6:1|6:2|6:3|6:4|6:5|6:6|7:1|7:3|7:5|7:6|8:6,40
1313,3041,0.5843947982660886,1.0,1.0,0.0,1.0,17,victory,1,0,,0,12,12,6:1|6:2|6:3|6:4|6:5|6:6|6:7|6:8|7:1|7:3|7:4|7:8,40
1314,3042,0.5840780260086695,1.0,1.0,0.0,1.0,11,victory,1,0,,0,10,10,6:1|6:2|6:3|6:4|6:5|6:6|6:7|6:8|7:1|7:8,40
1315,3043,0.5837612537512504,1.0,1.0,0.0,1.0,29,victory,1,0,,0,16,16,4:1|5:1|5:6|5:7|6:1|6:2|6:3|6:4|6:5|6:6|6:7|7:1|7:3|7:4|7:7|7:8,40
1316,3044,0.5834444814938313,1.0,1.0,0.0,1.0,22,victory,1,0,,0,15,15,4:2|5:2|5:7|5:8|6:1|6:2|6:3|6:4|6:5|6:6|6:7|6:8|7:1|7:2|7:8,40
1317,3045,0.5831277092364122,1.0,1.0,0.0,1.0,12,victory,1,0,,0,11,11,6:1|6:2|6:3|6:4|6:5|6:6|6:7|6:8|7:1|7:3|7:8,40
1318,3046,0.5828109369789931,1.0,1.0,0.0,1.0,14,victory,1,0,,0,11,11,6:1|6:2|6:3|6:4|6:5|6:6|6:7|6:8|7:1|7:2|7:8,40
1319,3047,0.5824941647215738,1.0,1.0,0.0,1.0,34,victory,1,0,,0,17,17,3:1|4:1|4:2|5:1|5:2|5:6|5:7|6:1|6:2|6:3|6:4|6:5|6:6|6:7|7:1|7:7|7:8,40
1320,3048,0.5821773924641547,1.0,1.0,0.0,1.0,14,victory,1,0,,0,11,11,5:2|6:1|6:2|6:3|6:4|6:5|6:6|6:7|6:8|7:1|7:8,40
1321,3049,0.5818606202067356,0.0,0.0,0.0,0.0,13,death,0,1,fire,0,10,10,6:1|6:2|6:3|6:4|6:5|6:6|7:1|7:5|7:6|8:5,40
1322,3050,0.5815438479493165,0.0,0.0,0.0,0.0,11,death,0,1,fire,0,8,8,5:2|6:1|6:2|6:3|6:4|7:1|7:3|8:3,40
1323,3051,0.5812270756918974,0.0,0.0,0.0,0.0,14,death,0,1,fire,0,11,11,6:1|6:2|6:3|6:4|6:5|6:6|7:1|7:2|7:3|7:6|8:6,40
1324,3052,0.5809103034344782,1.0,1.0,0.0,1.0,16,victory,1,0,,0,12,12,5:2|6:1|6:2|6:3|6:4|6:5|6:6|6:7|7:1|7:3|7:7|7:8,40
1325,3053,0.580593531177059,0.0,0.0,0.0,0.0,20,death,0,1,fire,0,15,15,4:7|5:6|5:7|6:1|6:2|6:3|6:4|6:5|6:6|6:7|7:1|7:5|7:6|7:7|8:7,40
1326,3054,0.5802767589196399,1.0,1.0,0.0,1.0,30,victory,1,0,,0,15,15,6:1|6:2|6:3|6:4|6:5|6:6|6:7|6:8|7:1|7:4|7:5|7:6|7:7|7:8|8:1,40
1327,3055,0.5799599866622207,0.0,0.0,0.0,0.0,9,death,0,1,fire,0,7,7,4:2|5:2|6:1|6:2|7:1|7:2|8:2,40
1328,3056,0.5796432144048016,1.0,1.0,0.0,1.0,17,victory,1,0,,0,15,15,5:7|5:8|6:2|6:3|6:4|6:5|6:6|6:7|6:8|7:1|7:2|7:3|7:4|7:8|8:1,40
1329,3057,0.5793264421473825,1.0,1.0,0.0,1.0,11,victory,1,0,,0,10,10,6:1|6:2|6:3|6:4|6:5|6:6|6:7|6:8|7:1|7:8,40
1330,3058,0.5790096698899634,0.0,0.0,0.0,0.0,28,death,0,1,fire,0,19,19,4:6|4:7|5:6|5:7|5:8|6:1|6:2|6:3|6:4|6:5|6:6|6:7|6:8|7:1|7:4|7:5|7:6|7:7|8:6,40
1331,3059,0.5786928976325443,1.0,1.0,0.0,1.0,40,victory,1,0,,0,17,17,4:2|4:8|5:2|5:6|5:7|5:8|6:1|6:2|6:3|6:4|6:5|6:6|6:7|6:8|7:1|7:2|7:8,40
1332,3060,0.5783761253751251,1.0,1.0,0.0,1.0,22,victory,1,0,,0,11,11,5:7|6:1|6:2|6:3|6:4|6:5|6:6|6:7|6:8|7:1|7:8,40
1333,3061,0.578059353117706,1.0,1.0,0.0,1.0,13,victory,1,0,,0,10,10,6:1|6:2|6:3|6:4|6:5|6:6|6:7|7:1|7:7|7:8,40
1334,3062,0.5777425808602867,0.0,0.0,0.0,0.0,6,death,0,1,fire,0,7,7,6:1|6:2|6:3|7:1|7:3|7:4|8:4,40
1335,3063,0.5774258086028676,1.0,1.0,0.0,1.0,9,victory,1,0,,0,10,10,6:1|6:2|6:3|6:4|6:5|6:6|6:7|6:8|7:1|7:8,40
1336,3064,0.5771090363454485,1.0,1.0,0.0,1.0,14,victory,1,0,,0,11,11,5:6|6:1|6:2|6:3|6:4|6:5|6:6|6:7|6:8|7:1|7:8,40
1337,3065,0.5767922640880294,1.0,1.0,0.0,1.0,16,victory,1,0,,0,10,10,6:2|6:3|6:4|6:5|6:6|6:7|6:8|7:1|7:2|7:8,40
1338,3066,0.5764754918306102,1.0,1.0,0.0,1.0,31,victory,1,0,,0,16,16,4:1|5:1|5:2|6:1|6:2|6:3|6:4|6:5|6:6|6:7|7:1|7:2|7:3|7:4|7:7|7:8,40
1339,3067,0.5761587195731911,0.0,0.0,0.0,0.0,10,death,0,1,fire,0,10,10,5:2|6:1|6:2|6:3|6:4|6:5|7:1|7:4|7:5|8:4,40
1340,3068,0.5758419473157719,1.0,1.0,0.0,1.0,25,victory,1,0,,0,15,15,5:2|5:6|5:8|6:1|6:2|6:3|6:4|6:5|6:6|6:7|6:8|7:1|7:4|7:5|7:8,40
1341,3069,0.5755251750583528,1.0,1.0,0.0,1.0,28,victory,1,0,,0,15,15,4:7|5:6|5:7|5:8|6:1|6:2|6:3|6:4|6:5|6:6|6:7|6:8|7:1|7:5|7:8,40
1342,3070,0.5752084028009337,1.0,1.0,0.0,1.0,32,victory,1,0,,0,12,12,6:2|6:3|6:4|6:5|6:6|6:7|6:8|7:1|7:2|7:3|7:6|7:8,40
1343,3071,0.5748916305435146,1.0,1.0,0.0,1.0,25,victory,1,0,,0,14,14,5:6|5:8|6:1|6:2|6:3|6:4|6:5|6:6|6:7|6:8|7:1|7:5|7:6|7:8,40
1344,3072,0.5745748582860954,1.0,1.0,0.0,1.0,17,victory,1,0,,0,11,11,6:3|6:4|6:5|6:6|6:7|6:8|7:1|7:2|7:3|7:8|8:1,40
1345,3073,0.5742580860286762,0.0,0.0,0.0,0.0,6,death,0,1,fire,0,4,4,6:1|7:1|8:1|8:2,40
1346,3074,0.5739413137712571,0.0,0.0,0.0,0.0,4,death,0,1,fire,0,3,3,7:1|7:2|8:2,40
1347,3075,0.5736245415138379,1.0,1.0,0.0,1.0,21,victory,1,0,,0,13,13,5:1|5:2|6:1|6:2|6:3|6:4|6:5|6:6|6:7|6:8|7:1|7:5|7:8,40
1348,3076,0.5733077692564188,1.0,1.0,0.0,1.0,19,victory,1,0,,0,13,13,5:7|6:1|6:2|6:3|6:4|6:5|6:6|6:7|6:8|7:1|7:2|7:3|7:8,40
1349,3077,0.5729909969989997,1.0,1.0,0.0,1.0,13,victory,1,0,,0,11,11,6:1|6:2|6:3|6:4|6:5|6:6|6:7|6:8|7:1|7:5|7:8,40
1350,3078,0.5726742247415806,1.0,1.0,0.0,1.0,15,victory,1,0,,0,11,11,6:1|6:2|6:3|6:4|6:5|6:6|6:7|6:8|7:1|7:6|7:8,40
1351,3079,0.5723574524841614,0.0,0.0,0.0,0.0,11,death,0,1,fire,0,11,11,6:1|6:2|6:3|6:4|6:5|6:6|7:1|7:2|7:6|7:7|8:7,40
1352,3080,0.5720406802267423,0.0,0.0,0.0,0.0,10,death,0,1,fire,0,7,7,5:2|6:2|6:3|7:1|7:2|7:3|8:3,40
1353,3081,0.571723907969323,1.0,1.0,0.0,1.0,21,victory,1,0,,0,13,13,5:8|6:2|6:3|6:4|6:5|6:6|6:7|6:8|7:1|7:2|7:3|7:4|7:8,40
1354,3082,0.5714071357119039,1.0,1.0,0.0,1.0,29,victory,1,0,,0,17,17,4:6|4:7|4:8|5:6|5:8|6:1|6:2|6:3|6:4|6:5|6:6|6:8|7:1|7:5|7:6|7:8|8:1,40
1355,3083,0.5710903634544848,1.0,1.0,0.0,1.0,22,victory,1,0,,0,16,16,4:5|4:6|4:7|4:8|5:6|5:7|6:1|6:2|6:3|6:4|6:5|6:6|6:7|6:8|7:1|7:8,40
1356,3084,0.5707735911970657,0.0,0.0,0.0,0.0,7,death,0,1,fire,0,7,7,6:2|6:3|7:1|7:2|7:3|8:1|8:3,40
1357,3085,0.5704568189396466,1.0,1.0,0.0,1.0,25,victory,1,0,,0,17,17,5:6|5:8|6:1|6:2|6:3|6:4|6:5|6:6|6:7|6:8|7:1|7:3|7:4|7:5|7:6|7:7|7:8,40
1358,3086,0.5701400466822275,1.0,1.0,0.0,1.0,16,victory,1,0,,0,12,12,6:1|6:2|6:3|6:4|6:5|6:6|6:7|7:1|7:4|7:5|7:7|7:8,40
1359,3087,0.5698232744248083,0.0,0.0,0.0,0.0,8,death,0,1,fire,0,4,4,6:1|7:1|8:1|8:2,40
1360,3088,0.5695065021673891,1.0,1.0,0.0,1.0,21,victory,1,0,,0,13,13,5:6|5:7|6:1|6:2|6:3|6:4|6:5|6:6|6:7|6:8|7:1|7:5|7:8,40
1361,3089,0.56918972990997,1.0,1.0,0.0,1.0,15,victory,1,0,,0,12,12,5:6|5:7|6:1|6:2|6:3|6:4|6:5|6:6|6:7|7:1|7:7|7:8,40
1362,3090,0.5688729576525509,1.0,1.0,0.0,1.0,28,victory,1,0,,0,14,14,6:1|6:2|6:3|6:4|6:5|6:6|6:7|7:1|7:4|7:5|7:6|7:7|7:8|8:1,40
1363,3091,0.5685561853951318,1.0,1.0,0.0,1.0,18,victory,1,0,,0,12,12,5:6|6:1|6:2|6:3|6:4|6:5|6:6|6:7|7:1|7:2|7:7|7:8,40
1364,3092,0.5682394131377126,0.0,0.0,0.0,0.0,14,death,0,1,fire,0,11,11,6:1|6:2|6:3|6:4|6:5|6:6|7:1|7:4|7:5|8:1|8:5,40
1365,3093,0.5679226408802935,0.0,0.0,0.0,0.0,18,death,0,1,fire,0,18,18,3:7|3:8|4:6|4:7|4:8|5:6|5:7|5:8|6:1|6:2|6:3|6:4|6:5|6:6|6:7|7:1|7:7|8:7,40
1366,3094,0.5676058686228743,1.0,1.0,0.0,1.0,27,victory,1,0,,0,17,17,4:1|4:2|5:1|5:2|5:8|6:1|6:2|6:4|6:5|6:6|6:7|6:8|7:1|7:2|7:3|7:4|7:8,40
1367,3095,0.5672890963654551,0.0,0.0,0.0,0.0,7,death,0,1,fire,0,4,4,6:1|7:1|7:2|8:2,40
1368,3096,0.566972324108036,1.0,1.0,0.0,1.0,13,victory,1,0,,0,10,10,6:1|6:2|6:3|6:4|6:5|6:6|6:7|6:8|7:1|7:8,40
1369,3097,0.5666555518506169,1.0,1.0,0.0,1.0,13,victory,1,0,,0,11,11,5:6|6:1|6:2|6:3|6:4|6:5|6:6|6:7|6:8|7:1|7:8,40
1370,3098,0.5663387795931978,1.0,1.0,0.0,1.0,22,victory,1,0,,0,12,12,6:1|6:2|6:3|6:4|6:5|6:6|6:7|7:1|7:2|7:3|7:7|7:8,40
1371,3099,0.5660220073357787,1.0,1.0,0.0,1.0,14,victory,1,0,,0,11,11,6:1|6:2|6:3|6:4|6:5|6:6|6:7|7:1|7:6|7:7|7:8,40
1372,3100,0.5657052350783596,1.0,1.0,0.0,1.0,25,victory,1,0,,0,14,14,5:2|6:1|6:2|6:3|6:4|6:5|6:6|6:7|6:8|7:1|7:2|7:3|7:6|7:8,40
1373,3101,0.5653884628209404,1.0,1.0,0.0,1.0,14,victory,1,0,,0,10,10,6:1|6:2|6:3|6:4|6:5|6:6|6:7|6:8|7:1|7:8,40
1374,3102,0.5650716905635211,0.0,0.0,0.0,0.0,2,death,0,1,fire,0,3,3,7:1|7:2|8:2,40
1375,3103,0.564754918306102,1.0,1.0,0.0,1.0,19,victory,1,0,,0,12,12,5:1|6:1|6:2|6:3|6:4|6:5|6:6|6:7|6:8|7:1|7:2|7:8,40
1376,3104,0.5644381460486829,1.0,1.0,0.0,1.0,17,victory,1,0,,0,15,15,4:7|4:8|5:1|5:7|5:8|6:1|6:2|6:3|6:4|6:5|6:6|6:7|6:8|7:1|7:8,40
1377,3105,0.5641213737912638,1.0,1.0,0.0,1.0,9,victory,1,0,,0,10,10,6:1|6:2|6:3|6:4|6:5|6:6|6:7|6:8|7:1|7:8,40
1378,3106,0.5638046015338447,0.0,0.0,0.0,0.0,42,death,0,1,fire,0,18,18,5:6|5:7|5:8|6:1|6:2|6:3|6:4|6:5|6:6|6:7|6:8|7:1|7:2|7:3|7:5|7:6|7:7|8:7,40
1379,3107,0.5634878292764255,0.0,0.0,0.0,0.0,24,death,0,1,fire,0,14,14,6:1|6:2|6:3|6:4|6:5|6:6|7:1|7:2|7:4|7:5|7:6|7:7|8:1|8:7,40
1380,3108,0.5631710570190064,1.0,1.0,0.0,1.0,23,victory,1,0,,0,14,14,4:1|5:1|5:2|6:1|6:2|6:3|6:4|6:5|6:6|6:7|6:8|7:1|7:8|8:1,40
1381,3109,0.5628542847615872,1.0,1.0,0.0,1.0,35,victory,1,0,,0,16,16,5:1|5:2|5:6|5:7|6:1|6:2|6:3|6:4|6:5|6:6|6:7|6:8|7:1|7:2|7:6|7:8,40
1382,3110,0.5625375125041681,0.0,0.0,0.0,0.0,2,death,0,1,fire,0,3,3,7:1|8:1|8:2,40
1383,3111,0.562220740246749,0.0,0.0,0.0,0.0,14,death,0,1,fire,0,8,8,5:2|6:1|6:2|6:3|7:1|7:2|7:3|8:3,40
1384,3112,0.5619039679893298,1.0,1.0,0.0,1.0,11,victory,1,0,,0,11,11,6:1|6:2|6:3|6:4|6:5|6:6|6:7|7:1|7:2|7:7|7:8,40
1385,3113,0.5615871957319106,1.0,1.0,0.0,1.0,31,victory,1,0,,0,18,18,4:2|4:3|5:1|5:2|5:7|5:8|6:1|6:2|6:3|6:4|6:5|6:6|6:7|6:8|7:1|7:5|7:7|7:8,40
1386,3114,0.5612704234744915,1.0,1.0,0.0,1.0,37,victory,1,0,,0,19,19,3:7|4:7|5:6|5:7|5:8|6:1|6:2|6:3|6:4|6:5|6:6|6:7|6:8|7:1|7:2|7:4|7:7|7:8|8:1,40
1387,3115,0.5609536512170724,0.0,0.0,0.0,0.0,8,death,0,1,fire,0,6,6,5:1|6:1|6:2|7:1|7:2|8:2,40
1388,3116,0.5606368789596532,0.0,0.0,0.0,0.0,16,death,0,1,fire,0,11,11,5:6|6:1|6:2|6:3|6:4|6:5|6:6|7:1|7:3|7:5|8:5,40
1389,3117,0.5603201067022341,1.0,1.0,0.0,1.0,15,victory,1,0,,0,10,10,6:2|6:3|6:4|6:5|6:6|6:7|6:8|7:1|7:2|7:8,40
1390,3118,0.560003334444815,0.0,0.0,0.0,0.0,2,death,0,1,fire,0,3,3,7:1|7:2|8:2,40
1391,3119,0.5596865621873959,1.0,1.0,0.0,1.0,12,victory,1,0,,0,11,11,5:1|6:1|6:2|6:3|6:4|6:5|6:6|6:7|6:8|7:1|7:8,40
1392,3120,0.5593697899299767,1.0,1.0,0.0,1.0,13,victory,1,0,,0,11,11,5:1|6:1|6:2|6:3|6:4|6:5|6:6|6:7|6:8|7:1|7:8,40
1393,3121,0.5590530176725576,0.0,0.0,0.0,0.0,2,death,0,1,fire,0,3,3,7:1|7:2|8:2,40
1394,3122,0.5587362454151383,1.0,1.0,0.0,1.0,46,victory,1,0,,0,16,16,4:2|5:1|5:2|6:1|6:2|6:3|6:4|6:5|6:6|6:7|6:8|7:1|7:3|7:4|7:8|8:1,40
1395,3123,0.5584194731577192,1.0,1.0,0.0,1.0,22,victory,1,0,,0,13,13,4:8|5:2|5:8|6:1|6:2|6:3|6:4|6:5|6:6|6:7|6:8|7:1|7:8,40
1396,3124,0.5581027009003001,0.0,0.0,0.0,0.0,15,death,0,1,fire,0,10,10,3:1|4:1|5:1|6:1|6:2|6:3|6:4|7:1|7:4|8:4,40
1397,3125,0.557785928642881,0.0,0.0,0.0,0.0,50,truncated,0,0,,1,15,15,5:1|5:2|6:1|6:2|6:3|6:4|6:5|6:6|6:7|7:1|7:2|7:3|7:4|7:5|8:1,40
1398,3126,0.5574691563854618,1.0,1.0,0.0,1.0,12,victory,1,0,,0,11,11,6:1|6:2|6:3|6:4|6:5|6:6|6:7|6:8|7:1|7:7|7:8,40
1399,3127,0.5571523841280427,1.0,1.0,0.0,1.0,19,victory,1,0,,0,11,11,5:8|6:1|6:2|6:3|6:4|6:5|6:6|6:7|6:8|7:1|7:8,40
1400,3128,0.5568356118706235,1.0,1.0,0.0,1.0,16,victory,1,0,,0,10,10,6:1|6:2|6:3|6:4|6:5|6:6|6:7|6:8|7:1|7:8,40
1401,3129,0.5565188396132044,0.0,0.0,0.0,0.0,2,death,0,1,fire,0,3,3,7:1|8:1|8:2,40
1402,3130,0.5562020673557853,1.0,1.0,0.0,1.0,30,victory,1,0,,0,14,14,5:1|6:1|6:2|6:3|6:4|6:5|6:6|6:7|7:1|7:2|7:3|7:7|7:8|8:1,40
1403,3131,0.5558852950983662,1.0,1.0,0.0,1.0,27,victory,1,0,,0,13,13,5:1|5:8|6:1|6:2|6:3|6:4|6:5|6:6|6:7|6:8|7:1|7:3|7:8,40
1404,3132,0.555568522840947,0.0,0.0,0.0,0.0,6,death,0,1,fire,0,5,5,6:1|6:2|7:1|7:2|8:2,40
1405,3133,0.5552517505835279,1.0,1.0,0.0,1.0,18,victory,1,0,,0,13,13,5:6|5:7|6:1|6:2|6:3|6:4|6:5|6:6|6:7|6:8|7:1|7:2|7:8,40
1406,3134,0.5549349783261087,1.0,1.0,0.0,1.0,17,victory,1,0,,0,13,13,6:1|6:2|6:3|6:4|6:5|6:6|6:7|7:1|7:4|7:5|7:6|7:7|7:8,40
1407,3135,0.5546182060686895,0.0,0.0,0.0,0.0,15,death,0,1,fire,0,10,10,5:1|5:2|6:1|6:2|6:3|6:4|6:5|7:1|7:5|8:5,40
1408,3136,0.5543014338112704,1.0,1.0,0.0,1.0,13,victory,1,0,,0,11,11,6:1|6:2|6:3|6:4|6:5|6:6|6:7|6:8|7:1|7:2|7:8,40
1409,3137,0.5539846615538513,1.0,1.0,0.0,1.0,35,victory,1,0,,0,13,13,5:8|6:2|6:3|6:4|6:5|6:6|6:7|6:8|7:1|7:2|7:5|7:8|8:1,40
1410,3138,0.5536678892964322,0.0,0.0,0.0,0.0,14,death,0,1,fire,0,10,10,6:1|6:2|6:3|6:4|6:5|7:1|7:2|7:3|7:5|8:5,40
1411,3139,0.5533511170390131,1.0,1.0,0.0,1.0,26,victory,1,0,,0,16,16,5:1|5:6|5:7|5:8|6:1|6:2|6:3|6:4|6:5|6:6|6:7|6:8|7:1|7:2|7:3|7:8,40
1412,3140,0.553034344781594,1.0,1.0,0.0,1.0,19,victory,1,0,,0,12,12,5:1|6:1|6:2|6:3|6:4|6:5|6:6|6:7|7:1|7:3|7:7|7:8,40
1413,3141,0.5527175725241747,0.0,0.0,0.0,0.0,11,death,0,1,fire,0,8,8,5:1|6:1|6:2|6:3|6:4|7:1|7:4|8:4,40
1414,3142,0.5524008002667555,0.0,0.0,0.0,0.0,46,death,0,1,fire,0,14,14,5:2|6:1|6:2|6:3|6:4|6:5|6:6|6:7|7:1|7:2|7:3|7:4|7:7|8:7,40
1415,3143,0.5520840280093364,0.0,0.0,0.0,0.0,17,death,0,1,fire,0,11,11,6:1|6:2|6:3|6:4|6:5|6:6|6:7|7:1|7:7|8:1|8:7,40
1416,3144,0.5517672557519173,1.0,1.0,0.0,1.0,17,victory,1,0,,0,11,11,5:7|6:1|6:2|6:3|6:4|6:5|6:6|6:7|6:8|7:1|7:8,40
1417,3145,0.5514504834944982,1.0,1.0,0.0,1.0,25,victory,1,0,,0,16,16,6:1|6:2|6:3|6:4|6:5|6:6|6:7|6:8|7:1|7:2|7:3|7:4|7:5|7:6|7:8|8:1,40
1418,3146,0.5511337112370791,1.0,1.0,0.0,1.0,16,victory,1,0,,0,12,12,6:2|6:3|6:4|6:5|6:6|6:7|7:1|7:2|7:5|7:6|7:7|7:8,40
1419,3147,0.55081693897966,1.0,1.0,0.0,1.0,12,victory,1,0,,0,11,11,5:2|6:1|6:2|6:3|6:4|6:5|6:6|6:7|6:8|7:1|7:8,40
1420,3148,0.5505001667222408,1.0,1.0,0.0,1.0,35,victory,1,0,,0,18,18,4:1|4:2|4:8|5:1|5:2|5:8|6:1|6:2|6:3|6:4|6:5|6:6|6:7|6:8|7:1|7:4|7:8|8:1,40
1421,3149,0.5501833944648217,1.0,1.0,0.0,1.0,32,victory,1,0,,0,15,15,5:1|6:1|6:2|6:3|6:4|6:5|6:6|6:7|6:8|7:1|7:2|7:3|7:6|7:8|8:1,40
1422,3150,0.5498666222074025,1.0,1.0,0.0,1.0,29,victory,1,0,,0,19,19,4:6|4:7|5:6|5:7|6:1|6:2|6:3|6:4|6:5|6:6|6:7|6:8|7:1|7:2|7:5|7:6|7:7|7:8|8:1,40
1423,3151,0.5495498499499833,1.0,1.0,0.0,1.0,10,victory,1,0,,0,10,10,6:1|6:2|6:3|6:4|6:5|6:6|6:7|6:8|7:1|7:8,40
1424,3152,0.5492330776925642,1.0,1.0,0.0,1.0,13,victory,1,0,,0,12,12,6:1|6:2|6:3|6:4|6:5|6:6|6:7|6:8|7:1|7:4|7:5|7:8,40
1425,3153,0.5489163054351451,0.0,0.0,0.0,0.0,2,death,0,1,fire,0,3,3,7:1|8:1|8:2,40
1426,3154,0.5485995331777259,0.0,0.0,0.0,0.0,3,death,0,1,fire,0,3,3,7:1|8:1|8:2,40
1427,3155,0.5482827609203068,1.0,1.0,0.0,1.0,17,victory,1,0,,0,11,11,6:1|6:2|6:3|6:4|6:5|6:6|6:7|6:8|7:1|7:8|8:1,40
1428,3156,0.5479659886628876,0.0,0.0,0.0,0.0,21,death,0,1,fire,0,11,11,4:2|5:1|5:2|6:1|6:2|6:3|6:4|7:1|7:4|7:5|8:5,40
1429,3157,0.5476492164054685,0.0,0.0,0.0,0.0,19,death,0,1,fire,0,13,13,5:1|6:1|6:2|6:3|6:4|6:5|6:6|6:7|7:1|7:5|7:6|7:7|8:5,40
1430,3158,0.5473324441480494,1.0,1.0,0.0,1.0,14,victory,1,0,,0,11,11,6:1|6:2|6:3|6:4|6:5|6:6|6:7|6:8|7:1|7:2|7:8,40
1431,3159,0.5470156718906303,0.0,0.0,0.0,0.0,18,death,0,1,fire,0,14,14,5:1|6:1|6:2|6:3|6:4|6:5|6:6|6:7|6:8|7:1|7:3|7:4|7:7|8:7,40
1432,3160,0.5466988996332112,0.0,0.0,0.0,0.0,17,death,0,1,fire,0,8,8,5:2|6:1|6:2|6:3|7:1|7:3|8:1|8:3,40
1433,3161,0.546382127375792,1.0,1.0,0.0,1.0,15,victory,1,0,,0,10,10,6:1|6:2|6:3|6:4|6:5|6:6|6:7|6:8|7:1|7:8,40
1434,3162,0.5460653551183728,0.0,0.0,0.0,0.0,16,death,0,1,fire,0,7,7,5:1|6:1|6:2|6:3|7:1|7:3|8:3,40
1435,3163,0.5457485828609536,1.0,1.0,0.0,1.0,38,victory,1,0,,0,15,15,4:1|5:1|5:6|6:1|6:2|6:3|6:4|6:5|6:6|6:7|6:8|7:1|7:2|7:3|7:8,40
1436,3164,0.5454318106035345,0.0,0.0,0.0,0.0,7,death,0,1,fire,0,8,8,6:1|6:2|6:3|6:4|6:5|7:1|7:5|8:5,40
1437,3165,0.5451150383461154,1.0,1.0,0.0,1.0,29,victory,1,0,,0,12,12,5:2|6:1|6:2|6:3|6:4|6:5|6:6|6:7|6:8|7:1|7:2|7:8,40
1438,3166,0.5447982660886963,1.0,1.0,0.0,1.0,22,victory,1,0,,0,12,12,5:2|5:8|6:1|6:2|6:3|6:4|6:5|6:6|6:7|6:8|7:1|7:8,40
1439,3167,0.5444814938312771,1.0,1.0,0.0,1.0,38,victory,1,0,,0,14,14,6:1|6:2|6:3|6:4|6:5|6:6|6:7|7:1|7:2|7:3|7:4|7:5|7:7|7:8,40
1440,3168,0.544164721573858,0.0,0.0,0.0,0.0,14,death,0,1,fire,0,10,10,6:1|6:2|6:3|6:5|7:1|7:2|7:3|7:4|7:5|8:5,40
1441,3169,0.5438479493164388,1.0,1.0,0.0,1.0,33,victory,1,0,,0,17,17,5:1|5:2|5:6|6:1|6:2|6:3|6:4|6:5|6:6|6:7|6:8|7:1|7:2|7:3|7:6|7:8|8:1,40
1442,3170,0.5435311770590197,1.0,1.0,0.0,1.0,16,victory,1,0,,0,12,12,5:6|6:1|6:2|6:3|6:4|6:5|6:6|6:7|6:8|7:1|7:6|7:8,40
1443,3171,0.5432144048016005,1.0,1.0,0.0,1.0,13,victory,1,0,,0,10,10,6:1|6:2|6:3|6:4|6:5|6:6|6:7|6:8|7:1|7:8,40
1444,3172,0.5428976325441814,1.0,1.0,0.0,1.0,12,victory,1,0,,0,11,11,6:1|6:2|6:3|6:4|6:5|6:6|6:7|7:1|7:5|7:7|7:8,40
1445,3173,0.5425808602867623,1.0,1.0,0.0,1.0,18,victory,1,0,,0,12,12,5:7|6:1|6:2|6:3|6:4|6:5|6:6|6:7|6:8|7:1|7:6|7:8,40
1446,3174,0.5422640880293431,1.0,1.0,0.0,1.0,22,victory,1,0,,0,12,12,5:8|6:1|6:2|6:3|6:4|6:5|6:6|6:7|6:8|7:1|7:8|8:1,40
1447,3175,0.5419473157719239,1.0,1.0,0.0,1.0,20,victory,1,0,,0,11,11,6:2|6:3|6:4|6:5|6:6|6:7|6:8|7:1|7:2|7:5|7:8,40
1448,3176,0.5416305435145048,1.0,1.0,0.0,1.0,24,victory,1,0,,0,13,13,6:1|6:2|6:3|6:4|6:5|6:6|7:1|7:2|7:3|7:6|7:7|7:8|8:1,40
1449,3177,0.5413137712570857,1.0,1.0,0.0,1.0,30,victory,1,0,,0,19,19,4:2|5:1|5:2|5:6|5:7|6:1|6:2|6:3|6:4|6:5|6:6|6:7|6:8|7:1|7:5|7:6|7:7|7:8|8:1,40
1450,3178,0.5409969989996666,1.0,1.0,0.0,1.0,9,victory,1,0,,0,10,10,6:1|6:2|6:3|6:4|6:5|6:6|6:7|6:8|7:1|7:8,40
1451,3179,0.5406802267422475,0.0,0.0,0.0,0.0,50,truncated,0,0,,1,10,10,4:1|4:2|5:1|5:2|6:1|6:2|6:3|7:1|7:2|8:1,40
1452,3180,0.5403634544848284,0.0,0.0,0.0,0.0,4,death,0,1,fire,0,5,5,6:1|6:2|7:1|7:2|8:2,40
1453,3181,0.5400466822274091,1.0,1.0,0.0,1.0,13,victory,1,0,,0,12,12,5:2|5:6|6:1|6:2|6:3|6:4|6:5|6:6|6:7|6:8|7:1|7:8,40
1454,3182,0.5397299099699899,1.0,1.0,0.0,1.0,38,victory,1,0,,0,18,18,3:7|4:6|4:7|5:6|5:7|5:8|6:1|6:2|6:3|6:4|6:5|6:6|6:7|6:8|7:1|7:2|7:4|7:8,40
1455,3183,0.5394131377125708,1.0,1.0,0.0,1.0,34,victory,1,0,,0,16,16,4:6|4:7|4:8|5:6|5:7|5:8|6:1|6:2|6:3|6:4|6:5|6:6|6:7|6:8|7:1|7:8,40
1456,3184,0.5390963654551517,0.0,0.0,0.0,0.0,19,death,0,1,fire,0,11,11,6:1|6:2|6:3|6:4|6:5|6:6|7:1|7:2|7:6|7:7|8:7,40
1457,3185,0.5387795931977326,1.0,1.0,0.0,1.0,23,victory,1,0,,0,13,13,6:1|6:2|6:3|6:4|6:5|6:6|6:7|6:8|7:1|7:2|7:5|7:6|7:8,40
1458,3186,0.5384628209403135,0.0,0.0,0.0,0.0,6,death,0,1,fire,0,6,6,6:1|6:2|7:1|7:2|8:1|8:2,40
1459,3187,0.5381460486828944,1.0,1.0,0.0,1.0,24,victory,1,0,,0,15,15,5:1|5:2|6:1|6:2|6:3|6:4|6:5|6:6|6:7|6:8|7:1|7:2|7:3|7:4|7:8,40
1460,3188,0.5378292764254752,1.0,1.0,0.0,1.0,19,victory,1,0,,0,11,11,5:2|6:1|6:2|6:3|6:4|6:5|6:6|6:7|6:8|7:1|7:8,40
1461,3189,0.537512504168056,0.0,0.0,0.0,0.0,7,death,0,1,fire,0,6,6,6:1|6:2|6:3|7:1|7:3|8:3,40
1462,3190,0.5371957319106369,1.0,1.0,0.0,1.0,27,victory,1,0,,0,15,15,5:1|5:2|6:1|6:2|6:3|6:4|6:5|6:6|6:7|6:8|7:1|7:5|7:6|7:8|8:1,40
1463,3191,0.5368789596532177,1.0,1.0,0.0,1.0,22,victory,1,0,,0,14,14,5:1|5:2|6:1|6:2|6:3|6:4|6:5|6:6|6:7|6:8|7:1|7:4|7:5|7:8,40
1464,3192,0.5365621873957986,1.0,1.0,0.0,1.0,9,victory,1,0,,0,10,10,6:2|6:3|6:4|6:5|6:6|6:7|6:8|7:1|7:2|7:8,40
1465,3193,0.5362454151383795,1.0,1.0,0.0,1.0,40,victory,1,0,,0,17,17,4:1|4:2|5:1|5:2|6:1|6:2|6:3|6:4|6:5|6:6|6:7|7:1|7:4|7:5|7:6|7:7|7:8,40
1466,3194,0.5359286428809604,1.0,1.0,0.0,1.0,23,victory,1,0,,0,13,13,6:2|6:3|6:4|6:5|6:6|6:7|6:8|7:1|7:2|7:4|7:5|7:6|7:8,40
1467,3195,0.5356118706235412,1.0,1.0,0.0,1.0,17,victory,1,0,,0,14,14,5:2|5:7|5:8|6:1|6:2|6:3|6:4|6:5|6:6|6:7|6:8|7:1|7:2|7:8,40
1468,3196,0.5352950983661221,1.0,1.0,0.0,1.0,32,victory,1,0,,0,15,15,5:2|5:7|6:1|6:2|6:3|6:4|6:5|6:6|6:7|6:8|7:1|7:4|7:5|7:7|7:8,40
1469,3197,0.5349783261087029,0.0,0.0,0.0,0.0,3,death,0,1,fire,0,3,3,7:1|8:1|8:2,40
1470,3198,0.5346615538512838,1.0,1.0,0.0,1.0,27,victory,1,0,,0,11,11,6:1|6:2|6:3|6:4|6:5|6:6|6:7|6:8|7:1|7:2|7:8,40
1471,3199,0.5343447815938647,1.0,1.0,0.0,1.0,21,victory,1,0,,0,12,12,5:6|6:1|6:2|6:3|6:4|6:5|6:6|6:7|6:8|7:1|7:2|7:8,40
1472,3200,0.5340280093364456,1.0,1.0,0.0,1.0,14,victory,1,0,,0,12,12,5:1|6:1|6:2|6:3|6:4|6:5|6:6|6:7|6:8|7:1|7:5|7:8,40
1473,3201,0.5337112370790263,1.0,1.0,0.0,1.0,32,victory,1,0,,0,14,14,5:6|5:8|6:1|6:2|6:3|6:4|6:5|6:6|6:7|6:8|7:1|7:2|7:4|7:8,40
1474,3202,0.5333944648216072,1.0,1.0,0.0,1.0,20,victory,1,0,,0,12,12,6:1|6:2|6:3|6:4|6:5|6:6|6:7|6:8|7:1|7:4|7:5|7:8,40
1475,3203,0.533077692564188,0.0,0.0,0.0,0.0,7,death,0,1,fire,0,7,7,6:1|6:2|6:3|6:4|7:1|7:4|8:4,40
1476,3204,0.5327609203067689,0.0,0.0,0.0,0.0,11,death,0,1,fire,0,10,10,5:2|6:1|6:2|6:3|6:4|6:5|6:6|7:1|7:6|8:6,40
1477,3205,0.5324441480493498,0.0,0.0,0.0,0.0,15,death,0,1,fire,0,9,9,6:1|6:2|6:3|6:4|7:1|7:2|7:3|7:4|8:4,40
1478,3206,0.5321273757919307,0.0,0.0,0.0,0.0,26,death,0,1,fire,0,16,16,4:6|5:2|5:6|5:7|6:1|6:2|6:3|6:4|6:5|6:6|6:7|7:1|7:2|7:5|7:7|8:7,40
1479,3207,0.5318106035345116,1.0,1.0,0.0,1.0,26,victory,1,0,,0,17,17,4:8|5:1|5:2|5:7|5:8|6:1|6:2|6:3|6:4|6:5|6:6|6:7|6:8|7:1|7:4|7:8|8:1,40
1480,3208,0.5314938312770924,0.0,0.0,0.0,0.0,20,death,0,1,fire,0,12,12,6:1|6:2|6:3|6:4|6:5|6:6|6:7|7:1|7:5|7:6|7:7|8:7,40
1481,3209,0.5311770590196733,1.0,1.0,0.0,1.0,24,victory,1,0,,0,13,13,6:1|6:2|6:3|6:4|6:5|6:6|6:7|6:8|7:1|7:4|7:5|7:7|7:8,40
1482,3210,0.530860286762254,1.0,1.0,0.0,1.0,28,victory,1,0,,0,12,12,4:8|5:8|6:1|6:2|6:3|6:4|6:5|6:6|6:7|6:8|7:1|7:8,40
1483,3211,0.530543514504835,0.0,0.0,0.0,0.0,4,death,0,1,fire,0,4,4,6:2|7:1|7:2|8:2,40
1484,3212,0.5302267422474158,1.0,1.0,0.0,1.0,32,victory,1,0,,0,19,19,3:1|4:1|4:2|4:6|5:1|5:2|5:6|6:1|6:2|6:3|6:4|6:5|6:6|6:7|6:8|7:1|7:2|7:8|8:1,40
1485,3213,0.5299099699899967,1.0,1.0,0.0,1.0,12,victory,1,0,,0,10,10,6:2|6:3|6:4|6:5|6:6|6:7|6:8|7:1|7:2|7:8,40
1486,3214,0.5295931977325775,1.0,1.0,0.0,1.0,34,victory,1,0,,0,15,15,5:2|5:6|5:7|6:1|6:2|6:3|6:4|6:5|6:6|6:7|6:8|7:1|7:4|7:5|7:8,40
1487,3215,0.5292764254751584,1.0,1.0,0.0,1.0,14,victory,1,0,,0,11,11,6:1|6:2|6:3|6:4|6:5|6:6|6:7|7:1|7:2|7:7|7:8,40
1488,3216,0.5289596532177392,1.0,1.0,0.0,1.0,25,victory,1,0,,0,12,12,5:2|5:6|6:1|6:2|6:3|6:4|6:5|6:6|6:7|6:8|7:1|7:8,40
1489,3217,0.5286428809603201,1.0,1.0,0.0,1.0,13,victory,1,0,,0,10,10,6:1|6:2|6:3|6:4|6:5|6:6|6:7|6:8|7:1|7:8,40
1490,3218,0.528326108702901,1.0,1.0,0.0,1.0,22,victory,1,0,,0,12,12,5:1|5:2|6:1|6:2|6:3|6:4|6:5|6:6|6:7|6:8|7:1|7:8,40
1491,3219,0.5280093364454819,0.0,0.0,0.0,0.0,12,death,0,1,fire,0,8,8,6:1|6:2|6:3|7:1|7:2|7:3|8:1|8:3,40
1492,3220,0.5276925641880628,1.0,1.0,0.0,1.0,16,victory,1,0,,0,13,13,4:6|5:6|6:1|6:2|6:3|6:4|6:5|6:6|6:7|6:8|7:1|7:6|7:8,40
1493,3221,0.5273757919306435,0.0,0.0,0.0,0.0,4,death,0,1,fire,0,4,4,7:1|7:2|8:1|8:2,40
1494,3222,0.5270590196732244,0.0,0.0,0.0,0.0,50,truncated,0,0,,1,18,18,3:7|3:8|4:7|4:8|5:6|5:7|5:8|6:1|6:2|6:3|6:4|6:5|6:6|6:7|6:8|7:1|7:6|7:7,40
1495,3223,0.5267422474158052,1.0,1.0,0.0,1.0,9,victory,1,0,,0,10,10,6:3|6:4|6:5|6:6|6:7|6:8|7:1|7:2|7:3|7:8,40
1496,3224,0.5264254751583861,1.0,1.0,0.0,1.0,27,victory,1,0,,0,14,14,5:6|6:1|6:2|6:3|6:4|6:5|6:6|6:7|7:1|7:3|7:4|7:5|7:7|7:8,40
1497,3225,0.526108702900967,1.0,1.0,0.0,1.0,16,victory,1,0,,0,11,11,6:1|6:2|6:3|6:4|6:5|6:6|6:7|6:8|7:1|7:2|7:8,40
1498,3226,0.5257919306435479,1.0,1.0,0.0,1.0,19,victory,1,0,,0,12,12,5:6|6:1|6:2|6:3|6:4|6:5|6:6|6:7|6:8|7:1|7:2|7:8,40
1499,3227,0.5254751583861288,1.0,1.0,0.0,1.0,24,victory,1,0,,0,15,15,4:8|5:8|6:1|6:2|6:3|6:4|6:5|6:6|6:7|6:8|7:1|7:2|7:4|7:8|8:1,40
1500,3228,0.5251583861287097,1.0,1.0,0.0,1.0,14,victory,1,0,,0,11,11,6:1|6:2|6:3|6:4|6:5|6:6|6:7|7:1|7:7|7:8|8:1,40
1501,3229,0.5248416138712905,1.0,1.0,0.0,1.0,13,victory,1,0,,0,13,13,6:2|6:3|6:4|6:5|6:6|6:7|6:8|7:1|7:2|7:5|7:6|7:8|8:1,40
1502,3230,0.5245248416138713,1.0,1.0,0.0,1.0,37,victory,1,0,,0,15,15,4:8|5:8|6:1|6:2|6:3|6:4|6:5|6:6|6:7|6:8|7:1|7:2|7:3|7:4|7:8,40
1503,3231,0.5242080693564521,1.0,1.0,0.0,1.0,26,victory,1,0,,0,15,15,5:1|5:6|6:1|6:2|6:3|6:4|6:5|6:6|6:7|6:8|7:1|7:5|7:6|7:8|8:1,40
1504,3232,0.523891297099033,1.0,1.0,0.0,1.0,18,victory,1,0,,0,12,12,6:1|6:2|6:3|6:4|6:5|6:6|6:7|6:8|7:1|7:2|7:3|7:8,40
1505,3233,0.5235745248416139,1.0,1.0,0.0,1.0,20,victory,1,0,,0,13,13,5:1|5:2|6:1|6:2|6:3|6:4|6:5|6:6|6:7|6:8|7:1|7:7|7:8,40
1506,3234,0.5232577525841948,1.0,1.0,0.0,1.0,21,victory,1,0,,0,11,11,5:6|6:1|6:2|6:3|6:4|6:5|6:6|6:7|6:8|7:1|7:8,40
1507,3235,0.5229409803267756,1.0,1.0,0.0,1.0,25,victory,1,0,,0,17,17,3:1|3:7|4:1|4:7|5:1|5:6|5:7|6:1|6:2|6:3|6:4|6:5|6:6|6:7|6:8|7:1|7:8,40
1508,3236,0.5226242080693564,1.0,1.0,0.0,1.0,14,victory,1,0,,0,11,11,5:8|6:1|6:2|6:3|6:4|6:5|6:6|6:7|6:8|7:1|7:8,40
1509,3237,0.5223074358119373,0.0,0.0,0.0,0.0,13,death,0,1,fire,0,8,8,4:1|5:1|5:2|6:1|6:2|7:1|7:2|8:2,40
1510,3238,0.5219906635545182,1.0,1.0,0.0,1.0,11,victory,1,0,,0,10,10,6:1|6:2|6:3|6:4|6:5|6:6|6:7|6:8|7:1|7:8,40
1511,3239,0.5216738912970991,0.0,0.0,0.0,0.0,6,death,0,1,fire,0,7,7,6:1|6:2|6:3|6:4|7:1|7:4|8:4,40
1512,3240,0.52135711903968,1.0,1.0,0.0,1.0,14,victory,1,0,,0,12,12,6:1|6:2|6:3|6:4|6:5|6:6|6:7|6:8|7:1|7:4|7:5|7:8,40
1513,3241,0.5210403467822609,1.0,1.0,0.0,1.0,19,victory,1,0,,0,11,11,6:2|6:3|6:4|6:5|6:6|6:7|6:8|7:1|7:2|7:8|8:1,40
1514,3242,0.5207235745248416,1.0,1.0,0.0,1.0,30,victory,1,0,,0,16,16,3:1|4:1|5:1|5:2|6:1|6:2|6:3|6:4|6:5|6:6|6:7|6:8|7:1|7:5|7:6|7:8,40
1515,3243,0.5204068022674224,1.0,1.0,0.0,1.0,12,victory,1,0,,0,11,11,6:1|6:2|6:3|6:4|6:5|6:6|6:7|6:8|7:1|7:4|7:8,40
1516,3244,0.5200900300100034,0.0,0.0,0.0,0.0,11,death,0,1,fire,0,7,7,6:1|6:2|6:3|6:4|7:1|7:4|8:4,40
1517,3245,0.5197732577525842,1.0,1.0,0.0,1.0,29,victory,1,0,,0,16,16,4:1|4:2|4:3|5:1|5:2|6:1|6:2|6:3|6:4|6:5|6:6|6:7|6:8|7:1|7:5|7:8,40
1518,3246,0.5194564854951651,1.0,1.0,0.0,1.0,17,victory,1,0,,0,13,13,6:1|6:2|6:3|6:4|6:5|6:6|6:7|6:8|7:1|7:2|7:3|7:6|7:8,40
1519,3247,0.5191397132377459,0.0,0.0,0.0,0.0,2,death,0,1,fire,0,3,3,7:1|7:2|8:2,40
1520,3248,0.5188229409803269,1.0,1.0,0.0,1.0,22,victory,1,0,,0,12,12,5:8|6:1|6:2|6:3|6:4|6:5|6:6|6:7|6:8|7:1|7:4|7:8,40
1521,3249,0.5185061687229077,0.0,0.0,0.0,0.0,9,death,0,1,fire,0,6,6,5:1|6:1|6:2|7:1|8:1|8:2,40
1522,3250,0.5181893964654884,1.0,1.0,0.0,1.0,15,victory,1,0,,0,12,12,5:7|5:8|6:1|6:2|6:3|6:4|6:5|6:6|6:7|6:8|7:1|7:8,40
1523,3251,0.5178726242080693,1.0,1.0,0.0,1.0,18,victory,1,0,,0,12,12,5:6|6:1|6:2|6:3|6:4|6:5|6:6|6:7|6:8|7:1|7:6|7:8,40
1524,3252,0.5175558519506502,1.0,1.0,0.0,1.0,12,victory,1,0,,0,10,10,6:1|6:2|6:3|6:4|6:5|6:6|6:7|6:8|7:1|7:8,40
1525,3253,0.5172390796932311,1.0,1.0,0.0,1.0,13,victory,1,0,,0,11,11,5:8|6:4|6:5|6:6|6:7|6:8|7:1|7:2|7:3|7:4|7:8,40
1526,3254,0.5169223074358119,1.0,1.0,0.0,1.0,17,victory,1,0,,0,12,12,6:1|6:2|6:3|6:4|6:5|6:6|6:7|6:8|7:1|7:4|7:5|7:8,40
1527,3255,0.5166055351783929,1.0,1.0,0.0,1.0,18,victory,1,0,,0,12,12,6:2|6:3|6:4|6:5|6:6|6:7|6:8|7:1|7:2|7:5|7:6|7:8,40
1528,3256,0.5162887629209737,1.0,1.0,0.0,1.0,12,victory,1,0,,0,10,10,6:1|6:2|6:3|6:4|6:5|6:6|6:7|6:8|7:1|7:8,40
1529,3257,0.5159719906635545,1.0,1.0,0.0,1.0,34,victory,1,0,,0,18,18,4:2|5:1|5:2|5:6|5:8|6:1|6:2|6:3|6:4|6:5|6:6|6:7|6:8|7:1|7:2|7:5|7:6|7:8,40
1530,3258,0.5156552184061354,1.0,1.0,0.0,1.0,15,victory,1,0,,0,13,13,5:7|6:1|6:2|6:3|6:4|6:5|6:6|6:7|7:1|7:2|7:3|7:7|7:8,40
1531,3259,0.5153384461487163,1.0,1.0,0.0,1.0,24,victory,1,0,,0,11,11,5:6|6:1|6:2|6:3|6:4|6:5|6:6|6:7|7:1|7:7|7:8,40
1532,3260,0.5150216738912972,0.0,0.0,0.0,0.0,2,death,0,1,fire,0,3,3,7:1|8:1|8:2,40
1533,3261,0.5147049016338779,0.0,0.0,0.0,0.0,3,death,0,1,fire,0,3,3,7:1|7:2|8:2,40
1534,3262,0.5143881293764587,1.0,1.0,0.0,1.0,12,victory,1,0,,0,11,11,5:2|6:1|6:2|6:3|6:4|6:5|6:6|6:7|6:8|7:1|7:8,40
1535,3263,0.5140713571190397,1.0,1.0,0.0,1.0,18,victory,1,0,,0,13,13,6:2|6:3|6:4|6:5|6:6|6:7|6:8|7:1|7:2|7:5|7:7|7:8|8:1,40
1536,3264,0.5137545848616205,1.0,1.0,0.0,1.0,15,victory,1,0,,0,10,10,6:1|6:2|6:3|6:4|6:5|6:6|6:7|6:8|7:1|7:8,40
1537,3265,0.5134378126042014,1.0,1.0,0.0,1.0,11,victory,1,0,,0,11,11,6:1|6:2|6:3|6:4|6:5|6:6|6:7|6:8|7:1|7:6|7:8,40
1538,3266,0.5131210403467823,1.0,1.0,0.0,1.0,26,victory,1,0,,0,14,14,5:1|5:2|6:1|6:2|6:3|6:4|6:5|6:6|6:7|7:1|7:3|7:4|7:7|7:8,40
1539,3267,0.5128042680893632,1.0,1.0,0.0,1.0,19,victory,1,0,,0,12,12,6:1|6:2|6:3|6:4|6:5|6:6|6:7|6:8|7:1|7:6|7:7|7:8,40
1540,3268,0.5124874958319441,0.0,0.0,0.0,0.0,12,death,0,1,fire,0,9,9,4:2|5:2|6:1|6:2|6:3|6:4|7:1|7:4|8:4,40
1541,3269,0.5121707235745248,1.0,1.0,0.0,1.0,13,victory,1,0,,0,13,13,6:1|6:2|6:3|6:4|6:5|6:6|6:7|7:1|7:4|7:5|7:6|7:7|7:8,40
1542,3270,0.5118539513171058,0.0,0.0,0.0,0.0,28,death,0,1,fire,0,16,16,4:1|4:2|5:1|5:2|6:1|6:2|6:3|6:4|6:5|6:6|7:1|7:2|7:5|7:6|7:7|8:7,40
1543,3271,0.5115371790596865,1.0,1.0,0.0,1.0,22,victory,1,0,,0,14,14,4:1|4:2|5:1|5:2|6:1|6:2|6:3|6:4|6:5|6:6|6:7|6:8|7:1|7:8,40
1544,3272,0.5112204068022674,1.0,1.0,0.0,1.0,15,victory,1,0,,0,12,12,6:1|6:2|6:3|6:4|6:5|6:6|6:7|6:8|7:1|7:2|7:4|7:8,40
1545,3273,0.5109036345448483,1.0,1.0,0.0,1.0,23,victory,1,0,,0,10,10,6:1|6:2|6:3|6:4|6:5|6:6|6:7|6:8|7:1|7:8,40
1546,3274,0.5105868622874292,0.0,0.0,0.0,0.0,14,death,0,1,fire,0,12,12,6:2|6:3|6:4|6:5|6:6|6:7|6:8|7:1|7:2|7:6|7:7|8:6,40
1547,3275,0.5102700900300101,1.0,1.0,0.0,1.0,19,victory,1,0,,0,10,10,6:1|6:2|6:3|6:4|6:5|6:6|6:7|6:8|7:1|7:8,40
1548,3276,0.5099533177725909,0.0,0.0,0.0,0.0,2,death,0,1,fire,0,3,3,7:1|8:1|8:2,40
1549,3277,0.5096365455151717,0.0,0.0,0.0,0.0,8,death,0,1,fire,0,7,7,6:1|6:2|6:3|7:1|7:2|7:3|8:2,40
1550,3278,0.5093197732577526,1.0,1.0,0.0,1.0,14,victory,1,0,,0,11,11,6:2|6:3|6:4|6:5|6:6|6:7|6:8|7:1|7:2|7:8|8:1,40
1551,3279,0.5090030010003335,1.0,1.0,0.0,1.0,23,victory,1,0,,0,16,16,5:2|5:6|5:7|5:8|6:1|6:2|6:3|6:4|6:5|6:6|6:7|6:8|7:1|7:5|7:6|7:8,40
1552,3280,0.5086862287429144,1.0,1.0,0.0,1.0,31,victory,1,0,,0,14,14,5:1|5:6|5:7|6:1|6:2|6:3|6:4|6:5|6:6|6:7|7:1|7:6|7:7|7:8,40
1553,3281,0.5083694564854951,1.0,1.0,0.0,1.0,15,victory,1,0,,0,11,11,5:6|6:2|6:3|6:4|6:5|6:6|6:7|6:8|7:1|7:2|7:8,40
1554,3282,0.5080526842280761,1.0,1.0,0.0,1.0,14,victory,1,0,,0,11,11,6:1|6:2|6:3|6:4|6:5|6:6|6:7|6:8|7:1|7:8|8:1,40
1555,3283,0.5077359119706569,1.0,1.0,0.0,1.0,24,victory,1,0,,0,13,13,5:1|6:1|6:2|6:3|6:4|6:5|6:6|6:7|7:1|7:2|7:3|7:7|7:8,40
1556,3284,0.5074191397132377,1.0,1.0,0.0,1.0,24,victory,1,0,,0,13,13,6:1|6:2|6:3|6:4|6:5|6:6|6:7|6:8|7:1|7:2|7:4|7:5|7:8,40
1557,3285,0.5071023674558186,1.0,1.0,0.0,1.0,23,victory,1,0,,0,13,13,5:7|6:1|6:2|6:3|6:4|6:5|6:6|6:7|6:8|7:1|7:2|7:3|7:8,40
1558,3286,0.5067855951983995,0.0,0.0,0.0,0.0,7,death,0,1,fire,0,7,7,6:3|6:4|7:1|7:2|7:3|7:4|8:4,40
1559,3287,0.5064688229409804,1.0,1.0,0.0,1.0,12,victory,1,0,,0,11,11,6:1|6:2|6:3|6:4|6:5|6:6|6:7|6:8|7:1|7:7|7:8,40
1560,3288,0.5061520506835612,0.0,0.0,0.0,0.0,15,death,0,1,fire,0,8,8,5:1|6:1|6:2|6:3|6:4|7:1|7:4|8:4,40
1561,3289,0.5058352784261422,1.0,1.0,0.0,1.0,14,victory,1,0,,0,11,11,5:1|6:1|6:2|6:3|6:4|6:5|6:6|6:7|6:8|7:1|7:8,40
1562,3290,0.505518506168723,0.0,0.0,0.0,0.0,10,death,0,1,fire,0,6,6,6:1|6:2|7:1|7:2|8:1|8:2,40
1563,3291,0.5052017339113037,1.0,1.0,0.0,1.0,17,victory,1,0,,0,13,13,5:1|5:2|5:6|6:1|6:2|6:3|6:4|6:5|6:6|6:7|6:8|7:1|7:8,40
1564,3292,0.5048849616538846,1.0,1.0,0.0,1.0,13,victory,1,0,,0,11,11,5:6|6:1|6:2|6:3|6:4|6:5|6:6|6:7|6:8|7:1|7:8,40
1565,3293,0.5045681893964655,0.0,0.0,0.0,0.0,14,death,0,1,fire,0,9,9,6:1|6:2|6:3|6:4|6:5|7:1|7:2|7:5|8:5,40
1566,3294,0.5042514171390464,0.0,0.0,0.0,0.0,3,death,0,1,fire,0,3,3,7:1|7:2|8:2,40
1567,3295,0.5039346448816272,0.0,0.0,0.0,0.0,50,truncated,0,0,,1,18,18,3:1|3:8|4:1|4:7|4:8|5:1|5:2|5:6|5:7|5:8|6:1|6:2|6:3|6:4|6:5|6:6|6:8|7:1,40
1568,3296,0.503617872624208,0.0,0.0,0.0,0.0,3,death,0,1,fire,0,3,3,7:1|8:1|8:2,40
1569,3297,0.503301100366789,1.0,1.0,0.0,1.0,13,victory,1,0,,0,13,13,5:6|6:1|6:2|6:3|6:4|6:5|6:6|6:7|6:8|7:1|7:6|7:7|7:8,40
1570,3298,0.5029843281093698,1.0,1.0,0.0,1.0,23,victory,1,0,,0,12,12,6:2|6:3|6:4|6:5|6:6|6:7|6:8|7:1|7:2|7:3|7:4|7:8,40
1571,3299,0.5026675558519507,1.0,1.0,0.0,1.0,22,victory,1,0,,0,13,13,4:1|5:1|6:1|6:2|6:3|6:4|6:5|6:6|6:7|6:8|7:1|7:8|8:1,40
1572,3300,0.5023507835945316,1.0,1.0,0.0,1.0,14,victory,1,0,,0,11,11,6:1|6:2|6:3|6:4|6:5|6:6|6:7|6:8|7:1|7:2|7:8,40
1573,3301,0.5020340113371125,1.0,1.0,0.0,1.0,12,victory,1,0,,0,10,10,6:1|6:2|6:3|6:4|6:5|6:6|6:7|6:8|7:1|7:8,40
1574,3302,0.5017172390796932,1.0,1.0,0.0,1.0,25,victory,1,0,,0,13,13,5:1|5:2|6:1|6:2|6:3|6:4|6:5|6:6|6:7|6:8|7:1|7:2|7:8,40
1575,3303,0.501400466822274,1.0,1.0,0.0,1.0,14,victory,1,0,,0,10,10,6:1|6:2|6:3|6:4|6:5|6:6|6:7|6:8|7:1|7:8,40
1576,3304,0.501083694564855,1.0,1.0,0.0,1.0,20,victory,1,0,,0,12,12,6:1|6:2|6:3|6:4|6:5|6:6|6:7|6:8|7:1|7:3|7:4|7:8,40
1577,3305,0.5007669223074358,1.0,1.0,0.0,1.0,21,victory,1,0,,0,13,13,5:2|5:8|6:1|6:2|6:3|6:4|6:5|6:6|6:7|6:8|7:1|7:2|7:8,40
1578,3306,0.5004501500500167,1.0,1.0,0.0,1.0,12,victory,1,0,,0,10,10,6:1|6:2|6:3|6:4|6:5|6:6|6:7|6:8|7:1|7:8,40
1579,3307,0.5001333777925976,0.0,0.0,0.0,0.0,3,death,0,1,fire,0,3,3,7:1|8:1|8:2,40
1580,3308,0.4998166055351785,0.0,0.0,0.0,0.0,18,death,0,1,fire,0,12,12,5:2|6:1|6:2|6:3|6:4|6:5|6:6|6:7|7:1|7:2|7:7|8:7,40
1581,3309,0.49949983327775926,0.0,0.0,0.0,0.0,2,death,0,1,fire,0,3,3,7:1|8:1|8:2,40
1582,3310,0.49918306102034016,1.0,1.0,0.0,1.0,12,victory,1,0,,0,11,11,6:2|6:3|6:4|6:5|6:6|6:7|6:8|7:1|7:2|7:3|7:8,40
1583,3311,0.49886628876292094,0.0,0.0,0.0,0.0,2,death,0,1,fire,0,3,3,7:1|7:2|8:2,40
1584,3312,0.49854951650550183,1.0,1.0,0.0,1.0,22,victory,1,0,,0,13,13,6:1|6:2|6:3|6:4|6:5|6:6|6:7|6:8|7:1|7:4|7:5|7:7|7:8,40
1585,3313,0.4982327442480827,1.0,1.0,0.0,1.0,22,victory,1,0,,0,13,13,5:8|6:1|6:2|6:3|6:4|6:5|6:6|6:7|6:8|7:1|7:2|7:7|7:8,40
1586,3314,0.4979159719906635,1.0,1.0,0.0,1.0,19,victory,1,0,,0,12,12,6:1|6:2|6:3|6:4|6:5|6:6|6:7|7:1|7:2|7:3|7:7|7:8,40
1587,3315,0.4975991997332445,1.0,1.0,0.0,1.0,17,victory,1,0,,0,12,12,6:1|6:2|6:3|6:4|6:5|6:6|6:7|6:8|7:1|7:4|7:5|7:8,40
1588,3316,0.4972824274758253,0.0,0.0,0.0,0.0,12,death,0,1,fire,0,10,10,5:1|6:1|6:2|6:3|6:4|7:1|7:3|7:4|8:1|8:4,40
1589,3317,0.4969656552184062,1.0,1.0,0.0,1.0,11,victory,1,0,,0,11,11,6:1|6:2|6:3|6:4|6:5|6:6|6:7|6:8|7:1|7:6|7:8,40
1590,3318,0.49664888296098697,1.0,1.0,0.0,1.0,31,victory,1,0,,0,16,16,5:1|5:2|5:6|6:1|6:2|6:3|6:4|6:5|6:6|6:7|6:8|7:1|7:2|7:3|7:7|7:8,40
1591,3319,0.496332110703568,1.0,1.0,0.0,1.0,11,victory,1,0,,0,10,10,6:1|6:2|6:3|6:4|6:5|6:6|6:7|6:8|7:1|7:8,40
1592,3320,0.49601533844614876,0.0,0.0,0.0,0.0,13,death,0,1,fire,0,10,10,6:1|6:2|6:3|6:4|6:5|7:1|7:2|7:3|7:4|8:4,40
1593,3321,0.49569856618872954,0.0,0.0,0.0,0.0,37,death,0,1,fire,0,16,16,5:6|5:7|6:1|6:2|6:3|6:4|6:5|6:6|6:7|6:8|7:1|7:5|7:6|7:7|8:1|8:7,40
1594,3322,0.49538179393131043,1.0,1.0,0.0,1.0,17,victory,1,0,,0,12,12,5:1|5:2|6:1|6:2|6:3|6:4|6:5|6:6|6:7|6:8|7:1|7:8,40
1595,3323,0.4950650216738913,1.0,1.0,0.0,1.0,25,victory,1,0,,0,14,14,4:7|4:8|5:7|5:8|6:1|6:2|6:3|6:4|6:5|6:6|6:7|6:8|7:1|7:8,40
1596,3324,0.4947482494164722,1.0,1.0,0.0,1.0,15,victory,1,0,,0,10,10,6:1|6:2|6:3|6:4|6:5|6:6|7:1|7:6|7:7|7:8,40
1597,3325,0.494431477159053,1.0,1.0,0.0,1.0,21,victory,1,0,,0,12,12,5:1|5:8|6:1|6:2|6:3|6:4|6:5|6:6|6:7|6:8|7:1|7:8,40
1598,3326,0.4941147049016339,0.0,0.0,0.0,0.0,2,death,0,1,fire,0,3,3,7:1|8:1|8:2,40
1599,3327,0.4937979326442148,0.0,0.0,0.0,0.0,20,death,0,1,fire,0,6,6,5:1|6:1|6:2|7:1|7:2|8:2,40
1600,3328,0.49348116038679557,1.0,1.0,0.0,1.0,28,victory,1,0,,0,14,14,5:6|6:1|6:2|6:3|6:4|6:5|6:6|6:7|6:8|7:1|7:2|7:6|7:8|8:1,40
1601,3329,0.49316438812937646,1.0,1.0,0.0,1.0,23,victory,1,0,,0,14,14,4:7|5:7|5:8|6:1|6:3|6:4|6:5|6:6|6:7|6:8|7:1|7:2|7:3|7:8,40
1602,3330,0.49284761587195736,1.0,1.0,0.0,1.0,31,victory,1,0,,0,15,15,5:1|5:6|6:1|6:2|6:3|6:4|6:5|6:6|6:7|6:8|7:1|7:3|7:6|7:7|7:8,40
1603,3331,0.49253084361453825,0.0,0.0,0.0,0.0,14,death,0,1,fire,0,9,9,6:1|6:2|6:3|6:4|6:5|7:1|7:2|7:5|8:5,40
1604,3332,0.49221407135711903,1.0,1.0,0.0,1.0,18,victory,1,0,,0,11,11,6:1|6:2|6:3|6:4|6:5|6:6|6:7|6:8|7:1|7:3|7:8,40
1605,3333,0.4918972990996999,0.0,0.0,0.0,0.0,14,death,0,1,fire,0,7,7,5:1|5:2|6:1|6:2|7:1|7:2|8:2,40
1606,3334,0.4915805268422808,1.0,1.0,0.0,1.0,13,victory,1,0,,0,12,12,6:1|6:2|6:3|6:4|6:5|6:6|6:7|6:8|7:1|7:7|7:8|8:1,40
1607,3335,0.4912637545848617,1.0,1.0,0.0,1.0,18,victory,1,0,,0,12,12,5:7|6:1|6:2|6:3|6:4|6:5|6:6|6:7|6:8|7:1|7:3|7:8,40
1608,3336,0.4909469823274425,1.0,1.0,0.0,1.0,21,victory,1,0,,0,17,17,4:7|4:8|5:7|5:8|6:1|6:2|6:3|6:4|6:5|6:6|6:7|6:8|7:1|7:6|7:7|7:8|8:1,40
1609,3337,0.4906302100700233,1.0,1.0,0.0,1.0,15,victory,1,0,,0,11,11,5:2|6:1|6:2|6:3|6:4|6:5|6:6|6:7|6:8|7:1|7:8,40
1610,3338,0.4903134378126043,1.0,1.0,0.0,1.0,21,victory,1,0,,0,14,14,4:1|5:1|5:2|5:8|6:1|6:2|6:3|6:4|6:5|6:6|6:7|6:8|7:1|7:8,40
1611,3339,0.48999666555518506,0.0,0.0,0.0,0.0,17,death,0,1,fire,0,8,8,6:1|6:2|6:3|6:4|7:1|7:2|7:3|8:3,40
1612,3340,0.48967989329776596,0.0,0.0,0.0,0.0,14,death,0,1,fire,0,10,10,6:1|6:2|6:3|6:4|6:5|6:6|7:1|7:6|7:7|8:7,40
1613,3341,0.48936312104034674,1.0,1.0,0.0,1.0,27,victory,1,0,,0,16,16,4:8|5:2|5:8|6:1|6:2|6:5|6:6|6:7|6:8|7:1|7:2|7:3|7:4|7:5|7:8|8:1,40
1614,3342,0.48904634878292774,1.0,1.0,0.0,1.0,12,victory,1,0,,0,10,10,6:1|6:2|6:3|6:4|6:5|6:6|6:7|6:8|7:1|7:8,40
1615,3343,0.4887295765255085,1.0,1.0,0.0,1.0,26,victory,1,0,,0,12,12,6:1|6:2|6:3|6:4|6:5|6:6|6:7|6:8|7:1|7:3|7:4|7:8,40
1616,3344,0.4884128042680893,1.0,1.0,0.0,1.0,14,victory,1,0,,0,12,12,5:1|6:1|6:2|6:3|6:4|6:5|6:6|6:7|6:8|7:1|7:2|7:8,40
1617,3345,0.4880960320106703,1.0,1.0,0.0,1.0,16,victory,1,0,,0,11,11,6:2|6:3|6:4|6:5|6:6|6:7|6:8|7:1|7:2|7:4|7:8,40
1618,3346,0.4877792597532511,1.0,1.0,0.0,1.0,21,victory,1,0,,0,12,12,6:1|6:2|6:3|6:4|6:5|6:6|6:7|6:8|7:1|7:6|7:7|7:8,40
1619,3347,0.487462487495832,0.0,0.0,0.0,0.0,6,death,0,1,fire,0,7,7,6:1|6:2|6:3|6:4|7:1|7:4|8:4,40
1620,3348,0.48714571523841277,1.0,1.0,0.0,1.0,11,victory,1,0,,0,10,10,6:2|6:3|6:4|6:5|6:6|6:7|6:8|7:1|7:2|7:8,40
1621,3349,0.4868289429809938,1.0,1.0,0.0,1.0,24,victory,1,0,,0,15,15,4:6|4:7|5:6|5:7|6:1|6:2|6:3|6:4|6:5|6:6|6:7|6:8|7:1|7:8|8:1,40
1622,3350,0.48651217072357456,1.0,1.0,0.0,1.0,20,victory,1,0,,0,12,12,5:1|6:1|6:2|6:3|6:4|6:5|6:6|6:7|6:8|7:1|7:4|7:8,40
1623,3351,0.48619539846615545,0.0,0.0,0.0,0.0,5,death,0,1,fire,0,6,6,6:1|6:2|6:3|7:1|7:3|8:3,40
1624,3352,0.48587862620873623,1.0,1.0,0.0,1.0,19,victory,1,0,,0,13,13,5:1|5:6|6:1|6:2|6:3|6:4|6:5|6:6|6:7|6:8|7:1|7:6|7:8,40
1625,3353,0.4855618539513171,1.0,1.0,0.0,1.0,19,victory,1,0,,0,11,11,5:8|6:2|6:3|6:4|6:5|6:6|6:7|6:8|7:1|7:2|7:8,40
1626,3354,0.485245081693898,1.0,1.0,0.0,1.0,14,victory,1,0,,0,11,11,6:1|6:2|6:3|6:4|6:5|6:6|6:7|6:8|7:1|7:8|8:1,40
1627,3355,0.4849283094364788,1.0,1.0,0.0,1.0,16,victory,1,0,,0,13,13,5:1|5:6|6:1|6:3|6:4|6:5|6:6|6:7|6:8|7:1|7:2|7:3|7:8,40
1628,3356,0.4846115371790597,0.0,0.0,0.0,0.0,5,death,0,1,fire,0,6,6,6:1|6:2|6:3|7:1|7:3|8:3,40
1629,3357,0.4842947649216406,1.0,1.0,0.0,1.0,40,victory,1,0,,0,18,18,5:1|5:2|5:7|5:8|6:1|6:2|6:3|6:4|6:5|6:6|6:7|6:8|7:1|7:2|7:4|7:6|7:7|7:8,40
1630,3358,0.4839779926642215,1.0,1.0,0.0,1.0,23,victory,1,0,,0,14,14,4:2|5:2|6:1|6:2|6:3|6:4|6:5|6:6|6:7|6:8|7:1|7:5|7:8|8:1,40
1631,3359,0.48366122040680226,0.0,0.0,0.0,0.0,4,death,0,1,fire,0,5,5,6:1|6:2|7:1|7:2|8:2,40
1632,3360,0.48334444814938315,1.0,1.0,0.0,1.0,14,victory,1,0,,0,10,10,6:1|6:2|6:3|6:4|6:5|6:6|6:7|6:8|7:1|7:8,40
1633,3361,0.48302767589196405,1.0,1.0,0.0,1.0,14,victory,1,0,,0,11,11,6:1|6:2|6:3|6:4|6:5|6:6|6:7|6:8|7:1|7:8|8:1,40
1634,3362,0.48271090363454483,1.0,1.0,0.0,1.0,16,victory,1,0,,0,12,12,5:7|5:8|6:2|6:3|6:4|6:5|6:6|6:7|6:8|7:1|7:2|7:8,40
1635,3363,0.4823941313771257,1.0,1.0,0.0,1.0,29,victory,1,0,,0,15,15,4:5|4:6|5:6|5:7|6:1|6:2|6:3|6:4|6:5|6:6|6:7|7:1|7:5|7:7|7:8,40
1636,3364,0.4820773591197066,1.0,1.0,0.0,1.0,14,victory,1,0,,0,11,11,6:1|6:2|6:3|6:4|6:5|6:6|6:7|6:8|7:1|7:3|7:8,40
1637,3365,0.4817605868622875,1.0,1.0,0.0,1.0,25,victory,1,0,,0,17,17,2:8|3:8|4:7|4:8|5:7|5:8|6:1|6:2|6:3|6:4|6:5|6:6|6:7|6:8|7:1|7:2|7:8,40
1638,3366,0.4814438146048683,1.0,1.0,0.0,1.0,27,victory,1,0,,0,13,13,5:1|5:2|5:8|6:1|6:2|6:3|6:4|6:5|6:6|6:7|6:8|7:1|7:8,40
1639,3367,0.4811270423474492,1.0,1.0,0.0,1.0,19,victory,1,0,,0,13,13,5:6|6:2|6:3|6:4|6:5|6:6|6:7|6:8|7:1|7:2|7:4|7:8|8:1,40
1640,3368,0.4808102700900301,0.0,0.0,0.0,0.0,9,death,0,1,fire,0,8,8,6:1|6:2|6:3|6:4|6:5|7:1|7:5|8:5,40
1641,3369,0.48049349783261086,0.0,0.0,0.0,0.0,34,death,0,1,fire,0,20,20,3:8|4:6|4:7|4:8|5:6|5:7|5:8|6:1|6:2|6:3|6:4|6:5|6:6|6:7|6:8|7:1|7:2|7:6|8:1|8:6,40
1642,3370,0.48017672557519175,1.0,1.0,0.0,1.0,21,victory,1,0,,0,12,12,6:1|6:2|6:3|6:4|6:5|6:6|6:7|7:1|7:2|7:3|7:7|7:8,40
1643,3371,0.47985995331777254,1.0,1.0,0.0,1.0,17,victory,1,0,,0,11,11,6:1|6:2|6:3|6:4|6:5|6:6|6:7|6:8|7:1|7:2|7:8,40
1644,3372,0.47954318106035354,1.0,1.0,0.0,1.0,16,victory,1,0,,0,12,12,6:1|6:2|6:3|6:4|6:5|6:6|6:7|6:8|7:1|7:3|7:6|7:8,40
1645,3373,0.4792264088029343,1.0,1.0,0.0,1.0,30,victory,1,0,,0,16,16,5:1|5:2|6:1|6:2|6:3|6:4|6:5|6:6|6:7|6:8|7:1|7:2|7:3|7:4|7:5|7:8,40
1646,3374,0.4789096365455152,1.0,1.0,0.0,1.0,33,victory,1,0,,0,13,13,5:7|5:8|6:2|6:3|6:4|6:5|6:6|6:7|6:8|7:1|7:2|7:6|7:8,40
1647,3375,0.4785928642880961,1.0,1.0,0.0,1.0,13,victory,1,0,,0,11,11,5:7|6:1|6:2|6:3|6:4|6:5|6:6|6:7|7:1|7:7|7:8,40
1648,3376,0.4782760920306769,1.0,1.0,0.0,1.0,25,victory,1,0,,0,11,11,6:1|6:2|6:3|6:4|6:5|6:6|6:7|6:8|7:1|7:5|7:8,40
1649,3377,0.4779593197732578,1.0,1.0,0.0,1.0,17,victory,1,0,,0,12,12,6:1|6:2|6:3|6:4|6:5|6:6|6:7|7:1|7:3|7:5|7:7|7:8,40
1650,3378,0.47764254751583857,1.0,1.0,0.0,1.0,17,victory,1,0,,0,10,10,6:1|6:2|6:3|6:4|6:5|6:6|6:7|6:8|7:1|7:8,40
1651,3379,0.47732577525841957,1.0,1.0,0.0,1.0,38,victory,1,0,,0,17,17,4:1|4:6|5:1|5:2|5:6|6:1|6:2|6:3|6:4|6:5|6:6|6:7|6:8|7:1|7:2|7:3|7:8,40
1652,3380,0.47700900300100035,1.0,1.0,0.0,1.0,15,victory,1,0,,0,11,11,5:8|6:1|6:2|6:3|6:4|6:5|6:6|6:7|6:8|7:1|7:8,40
1653,3381,0.47669223074358125,1.0,1.0,0.0,1.0,22,victory,1,0,,0,13,13,5:2|6:1|6:2|6:3|6:4|6:5|6:6|6:7|6:8|7:1|7:2|7:6|7:8,40
1654,3382,0.47637545848616203,0.0,0.0,0.0,0.0,2,death,0,1,fire,0,3,3,7:1|8:1|8:2,40
1655,3383,0.4760586862287429,1.0,1.0,0.0,1.0,18,victory,1,0,,0,12,12,5:6|6:1|6:2|6:3|6:4|6:5|6:6|6:7|6:8|7:1|7:8|8:1,40
1656,3384,0.4757419139713238,1.0,1.0,0.0,1.0,12,victory,1,0,,0,11,11,5:6|6:1|6:2|6:3|6:4|6:5|6:6|6:7|7:1|7:7|7:8,40
1657,3385,0.4754251417139046,1.0,1.0,0.0,1.0,35,victory,1,0,,0,15,15,4:6|5:6|5:8|6:1|6:2|6:3|6:4|6:5|6:6|6:7|6:8|7:1|7:4|7:6|7:8,40
1658,3386,0.4751083694564855,1.0,1.0,0.0,1.0,15,victory,1,0,,0,10,10,6:1|6:2|6:3|6:4|6:5|6:6|6:7|6:8|7:1|7:8,40
1659,3387,0.4747915971990664,1.0,1.0,0.0,1.0,9,victory,1,0,,0,10,10,6:1|6:2|6:3|6:4|6:5|6:6|6:7|6:8|7:1|7:8,40
1660,3388,0.4744748249416473,1.0,1.0,0.0,1.0,18,victory,1,0,,0,11,11,5:1|6:1|6:2|6:3|6:4|6:5|6:6|6:7|6:8|7:1|7:8,40
1661,3389,0.47415805268422806,0.0,0.0,0.0,0.0,9,death,0,1,fire,0,4,4,6:1|7:1|7:2|8:2,40
1662,3390,0.47384128042680906,0.0,0.0,0.0,0.0,10,death,0,1,fire,0,8,8,5:1|6:1|6:2|6:3|7:1|7:2|7:3|8:3,40
1663,3391,0.47352450816938985,1.0,1.0,0.0,1.0,11,victory,1,0,,0,11,11,5:8|6:1|6:2|6:3|6:4|6:5|6:6|6:7|6:8|7:1|7:8,40
1664,3392,0.47320773591197063,1.0,1.0,0.0,1.0,22,victory,1,0,,0,12,12,5:8|6:1|6:2|6:3|6:4|6:5|6:6|6:7|6:8|7:1|7:7|7:8,40
1665,3393,0.4728909636545515,1.0,1.0,0.0,1.0,24,victory,1,0,,0,11,11,6:1|6:2|6:3|6:4|6:5|6:6|6:7|6:8|7:1|7:4|7:8,40
1666,3394,0.4725741913971324,1.0,1.0,0.0,1.0,14,victory,1,0,,0,11,11,6:1|6:2|6:3|6:4|6:5|6:6|6:7|6:8|7:1|7:5|7:8,40
1667,3395,0.4722574191397133,1.0,1.0,0.0,1.0,17,victory,1,0,,0,13,13,5:1|5:7|6:1|6:2|6:3|6:4|6:5|6:6|6:7|6:8|7:1|7:7|7:8,40
1668,3396,0.4719406468822941,1.0,1.0,0.0,1.0,17,victory,1,0,,0,12,12,5:2|5:7|6:1|6:2|6:3|6:4|6:5|6:6|6:7|6:8|7:1|7:8,40
1669,3397,0.471623874624875,1.0,1.0,0.0,1.0,15,victory,1,0,,0,12,12,5:1|6:1|6:2|6:3|6:4|6:5|6:6|6:7|6:8|7:1|7:8|8:1,40
1670,3398,0.4713071023674559,1.0,1.0,0.0,1.0,12,victory,1,0,,0,11,11,6:1|6:2|6:3|6:4|6:5|6:6|6:7|6:8|7:1|7:4|7:8,40
1671,3399,0.47099033011003666,1.0,1.0,0.0,1.0,15,victory,1,0,,0,11,11,6:1|6:2|6:3|6:4|6:5|6:6|6:7|6:8|7:1|7:2|7:8,40
1672,3400,0.47067355785261755,1.0,1.0,0.0,1.0,14,victory,1,0,,0,12,12,5:6|5:8|6:2|6:3|6:4|6:5|6:6|6:7|6:8|7:1|7:2|7:8,40
1673,3401,0.47035678559519833,1.0,1.0,0.0,1.0,26,victory,1,0,,0,13,13,5:1|6:1|6:2|6:3|6:4|6:5|6:6|6:7|6:8|7:1|7:4|7:8|8:1,40
1674,3402,0.47004001333777934,0.0,0.0,0.0,0.0,13,death,0,1,fire,0,10,10,5:1|6:1|6:2|6:3|6:4|7:1|7:2|7:3|7:4|8:3,40
1675,3403,0.4697232410803601,1.0,1.0,0.0,1.0,17,victory,1,0,,0,11,11,6:1|6:2|6:3|6:4|6:5|6:6|6:7|6:8|7:1|7:8|8:1,40
1676,3404,0.469406468822941,1.0,1.0,0.0,1.0,13,victory,1,0,,0,10,10,6:1|6:2|6:3|6:4|6:5|6:6|6:7|6:8|7:1|7:8,40
1677,3405,0.4690896965655219,1.0,1.0,0.0,1.0,24,victory,1,0,,0,15,15,3:7|3:8|4:7|4:8|5:8|6:1|6:2|6:3|6:4|6:5|6:6|6:7|6:8|7:1|7:8,40
1678,3406,0.4687729243081028,0.0,0.0,0.0,0.0,12,death,0,1,fire,0,9,9,5:2|6:1|6:2|6:3|6:4|7:1|7:4|8:1|8:4,40
1679,3407,0.4684561520506836,1.0,1.0,0.0,1.0,18,victory,1,0,,0,13,13,5:6|6:1|6:2|6:3|6:4|6:5|6:6|6:7|6:8|7:1|7:6|7:8|8:1,40
1680,3408,0.46813937979326437,1.0,1.0,0.0,1.0,21,victory,1,0,,0,11,11,5:2|6:1|6:2|6:3|6:4|6:5|6:6|6:7|6:8|7:1|7:8,40
1681,3409,0.46782260753584537,0.0,0.0,0.0,0.0,4,death,0,1,fire,0,5,5,6:1|6:2|7:1|7:2|8:2,40
1682,3410,0.46750583527842615,1.0,1.0,0.0,1.0,12,victory,1,0,,0,10,10,6:2|6:3|6:4|6:5|6:6|6:7|6:8|7:1|7:2|7:8,40
1683,3411,0.46718906302100704,1.0,1.0,0.0,1.0,27,victory,1,0,,0,13,13,5:1|5:2|6:1|6:2|6:3|6:4|6:5|6:6|6:7|6:8|7:1|7:2|7:8,40
1684,3412,0.4668722907635878,1.0,1.0,0.0,1.0,24,victory,1,0,,0,12,12,5:6|6:1|6:2|6:3|6:4|6:5|6:6|6:7|6:8|7:1|7:4|7:8,40
1685,3413,0.46655551850616883,0.0,0.0,0.0,0.0,16,death,0,1,fire,0,10,10,5:6|6:1|6:2|6:3|6:4|6:5|6:6|7:1|7:6|8:6,40
1686,3414,0.4662387462487496,1.0,1.0,0.0,1.0,15,victory,1,0,,0,13,13,5:7|6:1|6:2|6:3|6:4|6:5|6:6|6:7|6:8|7:1|7:2|7:3|7:8,40
1687,3415,0.4659219739913304,1.0,1.0,0.0,1.0,22,victory,1,0,,0,13,13,5:8|6:1|6:2|6:3|6:4|6:5|6:6|6:7|6:8|7:1|7:3|7:5|7:8,40
1688,3416,0.4656052017339113,1.0,1.0,0.0,1.0,21,victory,1,0,,0,14,14,5:8|6:1|6:2|6:3|6:4|6:5|6:6|6:7|6:8|7:1|7:4|7:5|7:6|7:8,40
1689,3417,0.4652884294764922,1.0,1.0,0.0,1.0,16,victory,1,0,,0,11,11,6:2|6:3|6:4|6:5|6:6|6:7|6:8|7:1|7:2|7:3|7:8,40
1690,3418,0.4649716572190731,1.0,1.0,0.0,1.0,18,victory,1,0,,0,14,14,5:2|6:1|6:2|6:3|6:4|6:5|6:6|6:7|7:1|7:2|7:4|7:5|7:7|7:8,40
1691,3419,0.46465488496165386,1.0,1.0,0.0,1.0,13,victory,1,0,,0,12,12,5:6|5:7|6:2|6:3|6:4|6:5|6:6|6:7|6:8|7:1|7:2|7:8,40
1692,3420,0.46433811270423486,1.0,1.0,0.0,1.0,14,victory,1,0,,0,11,11,5:1|6:1|6:2|6:3|6:4|6:5|6:6|6:7|6:8|7:1|7:8,40
1693,3421,0.46402134044681564,0.0,0.0,0.0,0.0,8,death,0,1,fire,0,9,9,6:2|6:3|6:4|6:5|6:6|7:1|7:2|7:6|8:6,40
1694,3422,0.46370456818939654,1.0,1.0,0.0,1.0,24,victory,1,0,,0,15,15,4:7|5:6|5:7|5:8|6:1|6:2|6:3|6:4|6:5|6:6|6:7|6:8|7:1|7:6|7:8,40
1695,3423,0.4633877959319773,0.0,0.0,0.0,0.0,18,death,0,1,fire,0,12,12,5:2|6:1|6:2|6:3|6:4|6:5|6:6|6:7|7:1|7:2|7:6|8:6,40
1696,3424,0.4630710236745582,1.0,1.0,0.0,1.0,12,victory,1,0,,0,10,10,6:1|6:2|6:3|6:4|6:5|6:6|6:7|6:8|7:1|7:8,40
1697,3425,0.4627542514171391,1.0,1.0,0.0,1.0,15,victory,1,0,,0,11,11,5:8|6:1|6:2|6:3|6:4|6:5|6:6|6:7|6:8|7:1|7:8,40
1698,3426,0.4624374791597199,1.0,1.0,0.0,1.0,26,victory,1,0,,0,15,15,5:7|6:1|6:2|6:3|6:4|6:5|6:6|6:7|6:8|7:1|7:3|7:4|7:5|7:6|7:8,40
1699,3427,0.4621207069023008,1.0,1.0,0.0,1.0,17,victory,1,0,,0,13,13,5:2|5:7|5:8|6:2|6:3|6:4|6:5|6:6|6:7|6:8|7:1|7:2|7:8,40
1700,3428,0.4618039346448817,1.0,1.0,0.0,1.0,21,victory,1,0,,0,12,12,6:1|6:2|6:3|6:4|6:5|6:6|6:7|6:8|7:1|7:3|7:4|7:8,40
1701,3429,0.46148716238746257,0.0,0.0,0.0,0.0,13,death,0,1,fire,0,9,9,5:2|6:2|6:3|6:4|6:5|7:1|7:2|7:5|8:5,40
1702,3430,0.46117039013004335,1.0,1.0,0.0,1.0,19,victory,1,0,,0,14,14,5:2|5:8|6:1|6:2|6:3|6:4|6:5|6:6|6:7|6:8|7:1|7:2|7:7|7:8,40
1703,3431,0.46085361787262413,1.0,1.0,0.0,1.0,13,victory,1,0,,0,11,11,6:1|6:2|6:3|6:4|6:5|6:6|6:7|6:8|7:1|7:8|8:1,40
1704,3432,0.46053684561520514,1.0,1.0,0.0,1.0,12,victory,1,0,,0,12,12,6:1|6:2|6:3|6:4|6:5|6:6|6:7|6:8|7:1|7:4|7:5|7:8,40
1705,3433,0.4602200733577859,1.0,1.0,0.0,1.0,25,victory,1,0,,0,16,16,4:1|4:8|5:1|5:7|5:8|6:1|6:2|6:3|6:4|6:5|6:6|6:7|6:8|7:1|7:8|8:1,40
1706,3434,0.4599033011003668,1.0,1.0,0.0,1.0,16,victory,1,0,,0,10,10,6:1|6:2|6:3|6:4|6:5|6:6|6:7|6:8|7:1|7:8,40
1707,3435,0.4595865288429477,0.0,0.0,0.0,0.0,12,death,0,1,fire,0,7,7,5:2|6:1|6:2|6:3|7:1|7:3|8:3,40
1708,3436,0.4592697565855286,1.0,1.0,0.0,1.0,19,victory,1,0,,0,13,13,5:1|6:1|6:2|6:3|6:4|6:5|6:6|6:7|6:8|7:1|7:3|7:4|7:8,40
1709,3437,0.4589529843281094,1.0,1.0,0.0,1.0,19,victory,1,0,,0,12,12,5:8|6:3|6:4|6:5|6:6|6:7|6:8|7:1|7:2|7:3|7:4|7:8,40
1710,3438,0.4586362120706903,1.0,1.0,0.0,1.0,20,victory,1,0,,0,14,14,5:2|5:6|6:1|6:2|6:3|6:4|6:5|6:6|6:7|7:1|7:2|7:3|7:7|7:8,40
1711,3439,0.45831943981327117,1.0,1.0,0.0,1.0,12,victory,1,0,,0,10,10,6:1|6:2|6:3|6:4|6:5|6:6|6:7|6:8|7:1|7:8,40
1712,3440,0.45800266755585195,1.0,1.0,0.0,1.0,27,victory,1,0,,0,15,15,5:6|5:7|6:1|6:2|6:3|6:4|6:5|6:6|6:7|6:8|7:1|7:2|7:5|7:6|7:8,40
1713,3441,0.45768589529843284,0.0,0.0,0.0,0.0,9,death,0,1,fire,0,6,6,6:1|6:2|7:1|7:2|8:1|8:2,40
1714,3442,0.4573691230410136,0.0,0.0,0.0,0.0,4,death,0,1,fire,0,5,5,6:1|6:2|7:1|7:2|8:2,40
1715,3443,0.45705235078359463,1.0,1.0,0.0,1.0,21,victory,1,0,,0,13,13,5:2|6:1|6:2|6:3|6:4|6:5|6:6|6:7|6:8|7:1|7:2|7:6|7:8,40
1716,3444,0.4567355785261754,1.0,1.0,0.0,1.0,24,victory,1,0,,0,13,13,4:2|5:2|6:2|6:3|6:4|6:5|6:6|6:7|6:8|7:1|7:2|7:4|7:8,40
1717,3445,0.4564188062687563,1.0,1.0,0.0,1.0,31,victory,1,0,,0,15,15,4:2|5:2|5:6|6:1|6:2|6:3|6:4|6:5|6:6|6:7|6:8|7:1|7:4|7:6|7:8,40
1718,3446,0.4561020340113371,1.0,1.0,0.0,1.0,11,victory,1,0,,0,11,11,5:6|6:1|6:2|6:3|6:4|6:5|6:6|6:7|6:8|7:1|7:8,40
1719,3447,0.455785261753918,1.0,1.0,0.0,1.0,17,victory,1,0,,0,13,13,6:1|6:2|6:3|6:4|6:5|6:6|6:7|6:8|7:1|7:3|7:4|7:6|7:8,40
1720,3448,0.4554684894964989,1.0,1.0,0.0,1.0,13,victory,1,0,,0,11,11,6:1|6:2|6:3|6:4|6:5|6:6|6:7|6:8|7:1|7:2|7:8,40
1721,3449,0.45515171723907966,1.0,1.0,0.0,1.0,12,victory,1,0,,0,12,12,6:2|6:3|6:4|6:5|6:6|6:7|6:8|7:1|7:2|7:5|7:6|7:8,40
1722,3450,0.45483494498166066,1.0,1.0,0.0,1.0,17,victory,1,0,,0,11,11,6:1|6:2|6:3|6:4|6:5|6:6|6:7|6:8|7:1|7:3|7:8,40
1723,3451,0.45451817272424144,1.0,1.0,0.0,1.0,22,victory,1,0,,0,11,11,5:8|6:1|6:2|6:3|6:4|6:5|6:6|6:7|6:8|7:1|7:8,40
1724,3452,0.45420140046682234,1.0,1.0,0.0,1.0,20,victory,1,0,,0,12,12,5:2|6:1|6:2|6:3|6:4|6:5|6:6|6:7|6:8|7:1|7:2|7:8,40
1725,3453,0.4538846282094031,1.0,1.0,0.0,1.0,14,victory,1,0,,0,12,12,5:7|6:1|6:2|6:3|6:4|6:5|6:6|6:7|6:8|7:1|7:7|7:8,40
1726,3454,0.453567855951984,0.0,0.0,0.0,0.0,16,death,0,1,fire,0,9,9,5:2|6:1|6:2|6:3|6:4|7:1|7:3|7:4|8:4,40
1727,3455,0.4532510836945649,1.0,1.0,0.0,1.0,27,victory,1,0,,0,15,15,4:6|5:1|5:2|5:6|6:1|6:2|6:3|6:4|6:5|6:6|6:7|6:8|7:1|7:5|7:8,40
1728,3456,0.4529343114371457,0.0,0.0,0.0,0.0,7,death,0,1,fire,0,5,5,6:1|6:2|7:1|7:2|8:2,40
1729,3457,0.4526175391797266,0.0,0.0,0.0,0.0,2,death,0,1,fire,0,3,3,7:1|7:2|8:2,40
1730,3458,0.4523007669223075,1.0,1.0,0.0,1.0,18,victory,1,0,,0,12,12,6:1|6:2|6:3|6:4|6:5|6:6|6:7|6:8|7:1|7:2|7:8|8:1,40
1731,3459,0.45198399466488837,0.0,0.0,0.0,0.0,10,death,0,1,fire,0,9,9,6:1|6:2|6:3|6:4|7:1|7:2|7:3|7:4|8:2,40
1732,3460,0.45166722240746915,1.0,1.0,0.0,1.0,23,victory,1,0,,0,11,11,6:1|6:2|6:3|6:4|6:5|6:6|6:7|7:1|7:4|7:7|7:8,40
1733,3461,0.45135045015005004,1.0,1.0,0.0,1.0,10,victory,1,0,,0,10,10,6:1|6:2|6:3|6:4|6:5|6:6|7:1|7:6|7:7|7:8,40
1734,3462,0.45103367789263094,1.0,1.0,0.0,1.0,11,victory,1,0,,0,11,11,6:1|6:2|6:3|6:4|6:5|6:6|6:7|6:8|7:1|7:4|7:8,40
1735,3463,0.4507169056352117,1.0,1.0,0.0,1.0,13,victory,1,0,,0,11,11,5:1|6:1|6:2|6:3|6:4|6:5|6:6|6:7|6:8|7:1|7:8,40
1736,3464,0.4504001333777926,1.0,1.0,0.0,1.0,29,victory,1,0,,0,15,15,4:1|4:2|5:1|5:2|6:1|6:2|6:3|6:4|6:5|6:6|6:7|7:1|7:6|7:7|7:8,40
1737,3465,0.4500833611203735,1.0,1.0,0.0,1.0,29,victory,1,0,,0,14,14,5:8|6:1|6:2|6:3|6:4|6:5|6:6|6:7|6:8|7:1|7:2|7:3|7:4|7:8,40
1738,3466,0.4497665888629544,1.0,1.0,0.0,1.0,26,victory,1,0,,0,16,16,4:1|4:2|5:1|5:2|5:7|5:8|6:1|6:2|6:3|6:4|6:5|6:6|6:7|6:8|7:1|7:8,40
1739,3467,0.4494498166055352,1.0,1.0,0.0,1.0,19,victory,1,0,,0,12,12,6:1|6:2|6:3|6:4|6:5|6:6|6:7|6:8|7:1|7:4|7:8|8:1,40
1740,3468,0.4491330443481161,1.0,1.0,0.0,1.0,38,victory,1,0,,0,16,16,3:1|4:1|4:2|5:1|5:2|6:1|6:2|6:3|6:4|6:5|6:6|6:7|6:8|7:1|7:5|7:8,40
1741,3469,0.44881627209069697,1.0,1.0,0.0,1.0,11,victory,1,0,,0,10,10,6:1|6:2|6:3|6:4|6:5|6:6|6:7|6:8|7:1|7:8,40
1742,3470,0.44849949983327775,1.0,1.0,0.0,1.0,25,victory,1,0,,0,16,16,4:1|4:8|5:1|5:2|5:7|5:8|6:1|6:2|6:3|6:4|6:5|6:6|6:7|6:8|7:1|7:8,40
1743,3471,0.44818272757585864,0.0,0.0,0.0,0.0,12,death,0,1,fire,0,9,9,6:2|6:3|6:4|6:5|7:1|7:2|7:3|7:4|8:4,40
1744,3472,0.4478659553184394,1.0,1.0,0.0,1.0,30,victory,1,0,,0,15,15,5:1|5:2|5:6|6:1|6:2|6:3|6:4|6:5|6:6|6:7|6:8|7:1|7:2|7:8|8:1,40
1745,3473,0.44754918306102043,1.0,1.0,0.0,1.0,12,victory,1,0,,0,10,10,6:2|6:3|6:4|6:5|6:6|6:7|6:8|7:1|7:2|7:8,40
1746,3474,0.4472324108036012,1.0,1.0,0.0,1.0,19,victory,1,0,,0,13,13,5:1|5:8|6:1|6:2|6:3|6:4|6:5|6:6|6:7|6:8|7:1|7:5|7:8,40
1747,3475,0.4469156385461821,1.0,1.0,0.0,1.0,19,victory,1,0,,0,12,12,6:1|6:2|6:3|6:4|6:5|6:6|6:7|6:8|7:1|7:4|7:5|7:8,40
1748,3476,0.4465988662887629,0.0,0.0,0.0,0.0,2,death,0,1,fire,0,3,3,7:1|7:2|8:2,40
1749,3477,0.4462820940313439,1.0,1.0,0.0,1.0,20,victory,1,0,,0,15,15,5:2|6:1|6:2|6:3|6:4|6:5|6:6|6:7|6:8|7:1|7:3|7:4|7:5|7:8|8:1,40
1750,3478,0.44596532177392467,0.0,0.0,0.0,0.0,4,death,0,1,fire,0,5,5,6:1|6:2|7:1|7:2|8:2,40
1751,3479,0.44564854951650545,1.0,1.0,0.0,1.0,25,victory,1,0,,0,18,18,4:6|4:7|5:1|5:2|5:6|5:7|6:1|6:2|6:3|6:4|6:5|6:6|6:7|6:8|7:1|7:5|7:6|7:8,40
1752,3480,0.44533177725908646,1.0,1.0,0.0,1.0,17,victory,1,0,,0,13,13,5:8|6:1|6:2|6:3|6:4|6:5|6:6|6:7|6:8|7:1|7:5|7:6|7:8,40
1753,3481,0.44501500500166724,0.0,0.0,0.0,0.0,2,death,0,1,fire,0,3,3,7:1|8:1|8:2,40
1754,3482,0.44469823274424813,0.0,0.0,0.0,0.0,3,death,0,1,fire,0,3,3,7:1|8:1|8:2,40
1755,3483,0.4443814604868289,1.0,1.0,0.0,1.0,9,victory,1,0,,0,10,10,6:1|6:2|6:3|6:4|6:5|6:6|6:7|7:1|7:7|7:8,40
1756,3484,0.4440646882294099,0.0,0.0,0.0,0.0,12,death,0,1,fire,0,9,9,6:1|6:2|6:3|6:4|7:1|7:2|7:4|8:1|8:4,40
1757,3485,0.4437479159719907,1.0,1.0,0.0,1.0,14,victory,1,0,,0,12,12,5:7|6:1|6:2|6:3|6:4|6:5|6:6|6:7|6:8|7:1|7:8|8:1,40
1758,3486,0.4434311437145715,1.0,1.0,0.0,1.0,16,victory,1,0,,0,14,14,6:1|6:2|6:5|6:6|6:7|6:8|7:1|7:2|7:3|7:4|7:5|7:6|7:8|8:1,40
1759,3487,0.4431143714571524,1.0,1.0,0.0,1.0,17,victory,1,0,,0,11,11,5:6|6:1|6:2|6:3|6:4|6:5|6:6|6:7|6:8|7:1|7:8,40
1760,3488,0.44279759919973327,1.0,1.0,0.0,1.0,25,victory,1,0,,0,12,12,5:6|5:7|6:1|6:2|6:3|6:4|6:5|6:6|6:7|6:8|7:1|7:8,40
1761,3489,0.44248082694231416,1.0,1.0,0.0,1.0,14,victory,1,0,,0,11,11,5:6|6:1|6:2|6:3|6:4|6:5|6:6|6:7|6:8|7:1|7:8,40
1762,3490,0.44216405468489495,1.0,1.0,0.0,1.0,14,victory,1,0,,0,12,12,6:1|6:2|6:3|6:4|6:5|6:6|6:7|6:8|7:1|7:5|7:6|7:8,40
1763,3491,0.44184728242747584,1.0,1.0,0.0,1.0,29,victory,1,0,,0,16,16,4:2|4:3|5:1|5:2|6:1|6:2|6:3|6:4|6:5|6:6|6:7|6:8|7:1|7:2|7:4|7:8,40
1764,3492,0.44153051017005673,1.0,1.0,0.0,1.0,18,victory,1,0,,0,12,12,5:6|6:1|6:2|6:3|6:4|6:5|6:6|6:7|7:1|7:6|7:7|7:8,40
1765,3493,0.4412137379126376,1.0,1.0,0.0,1.0,15,victory,1,0,,0,11,11,6:1|6:2|6:3|6:4|6:5|6:6|6:7|6:8|7:1|7:3|7:8,40
1766,3494,0.4408969656552184,1.0,1.0,0.0,1.0,15,victory,1,0,,0,11,11,6:1|6:2|6:3|6:4|6:5|6:6|6:7|6:8|7:1|7:3|7:8,40
1767,3495,0.4405801933977993,1.0,1.0,0.0,1.0,11,victory,1,0,,0,11,11,5:6|6:1|6:2|6:3|6:4|6:5|6:6|6:7|7:1|7:7|7:8,40
1768,3496,0.4402634211403802,0.0,0.0,0.0,0.0,4,death,0,1,fire,0,4,4,7:1|7:2|8:1|8:2,40
1769,3497,0.439946648882961,0.0,0.0,0.0,0.0,16,death,0,1,fire,0,9,9,5:2|6:1|6:2|6:3|6:4|6:5|7:1|7:5|8:5,40
1770,3498,0.43962987662554187,1.0,1.0,0.0,1.0,27,victory,1,0,,0,19,19,2:8|3:8|4:6|4:7|4:8|5:7|5:8|6:1|6:2|6:3|6:4|6:5|6:6|6:7|6:8|7:1|7:2|7:8|8:1,40
1771,3499,0.43931310436812276,0.0,0.0,0.0,0.0,9,death,0,1,fire,0,7,7,6:1|6:2|6:3|7:1|7:2|7:3|8:3,40
1772,3500,0.43899633211070366,0.0,0.0,0.0,0.0,5,death,0,1,fire,0,5,5,6:1|6:2|7:1|7:2|8:2,40
1773,3501,0.43867955985328444,1.0,1.0,0.0,1.0,11,victory,1,0,,0,11,11,5:6|6:2|6:3|6:4|6:5|6:6|6:7|6:8|7:1|7:2|7:8,40
1774,3502,0.4383627875958652,1.0,1.0,0.0,1.0,15,victory,1,0,,0,11,11,6:2|6:3|6:4|6:5|6:6|6:7|6:8|7:1|7:2|7:4|7:8,40
1775,3503,0.4380460153384462,1.0,1.0,0.0,1.0,29,victory,1,0,,0,16,16,4:7|4:8|5:7|5:8|6:1|6:2|6:3|6:4|6:5|6:6|6:7|6:8|7:1|7:6|7:7|7:8,40
1776,3504,0.437729243081027,1.0,1.0,0.0,1.0,16,victory,1,0,,0,13,13,4:7|5:7|6:1|6:2|6:3|6:4|6:5|6:6|6:7|6:8|7:1|7:8|8:1,40
1777,3505,0.4374124708236079,1.0,1.0,0.0,1.0,19,victory,1,0,,0,12,12,5:7|6:1|6:2|6:3|6:4|6:5|6:6|6:7|6:8|7:1|7:6|7:8,40
1778,3506,0.4370956985661887,1.0,1.0,0.0,1.0,25,victory,1,0,,0,16,16,5:1|5:6|5:7|6:1|6:2|6:3|6:4|6:5|6:6|6:7|6:8|7:1|7:6|7:7|7:8|8:1,40
1779,3507,0.4367789263087697,1.0,1.0,0.0,1.0,17,victory,1,0,,0,13,13,6:2|6:3|6:4|6:5|6:6|6:7|6:8|7:1|7:2|7:3|7:4|7:8|8:1,40
1780,3508,0.43646215405135047,1.0,1.0,0.0,1.0,13,victory,1,0,,0,11,11,5:2|6:1|6:2|6:3|6:4|6:5|6:6|6:7|6:8|7:1|7:8,40
1781,3509,0.43614538179393136,1.0,1.0,0.0,1.0,28,victory,1,0,,0,16,16,4:1|4:8|5:1|5:7|5:8|6:1|6:2|6:3|6:4|6:5|6:6|6:7|6:8|7:1|7:8|8:1,40
1782,3510,0.43582860953651215,1.0,1.0,0.0,1.0,22,victory,1,0,,0,11,11,6:1|6:2|6:3|6:4|6:5|6:6|6:7|6:8|7:1|7:5|7:8,40
1783,3511,0.43551183727909304,1.0,1.0,0.0,1.0,19,victory,1,0,,0,12,12,5:2|6:1|6:2|6:3|6:4|6:5|6:6|6:7|6:8|7:1|7:2|7:8,40
1784,3512,0.43519506502167393,1.0,1.0,0.0,1.0,14,victory,1,0,,0,11,11,6:1|6:2|6:3|6:4|6:5|6:6|6:7|6:8|7:1|7:8|8:1,40
1785,3513,0.4348782927642547,1.0,1.0,0.0,1.0,19,victory,1,0,,0,12,12,6:1|6:2|6:3|6:4|6:5|6:6|6:7|6:8|7:1|7:4|7:8|8:1,40
1786,3514,0.4345615205068357,1.0,1.0,0.0,1.0,17,victory,1,0,,0,11,11,6:1|6:2|6:3|6:4|6:5|6:6|6:7|6:8|7:1|7:4|7:8,40
1787,3515,0.4342447482494165,1.0,1.0,0.0,1.0,17,victory,1,0,,0,13,13,5:2|6:1|6:2|6:3|6:4|6:5|6:6|6:7|6:8|7:1|7:2|7:4|7:8,40
1788,3516,0.4339279759919974,1.0,1.0,0.0,1.0,13,victory,1,0,,0,11,11,5:6|6:1|6:2|6:3|6:4|6:5|6:6|6:7|6:8|7:1|7:8,40
1789,3517,0.4336112037345782,1.0,1.0,0.0,1.0,13,victory,1,0,,0,12,12,5:7|6:1|6:2|6:3|6:4|6:5|6:6|6:7|6:8|7:1|7:3|7:8,40
1790,3518,0.43329443147715907,1.0,1.0,0.0,1.0,23,victory,1,0,,0,14,14,4:8|5:7|5:8|6:1|6:2|6:3|6:4|6:5|6:6|6:7|6:8|7:1|7:4|7:8,40
1791,3519,0.43297765921973996,1.0,1.0,0.0,1.0,18,victory,1,0,,0,11,11,6:1|6:2|6:3|6:4|6:5|6:6|6:7|6:8|7:1|7:4|7:8,40
1792,3520,0.43266088696232075,1.0,1.0,0.0,1.0,16,victory,1,0,,0,12,12,6:1|6:2|6:3|6:4|6:5|6:6|6:7|6:8|7:1|7:2|7:4|7:8,40
1793,3521,0.43234411470490164,1.0,1.0,0.0,1.0,22,victory,1,0,,0,11,11,5:6|6:1|6:2|6:3|6:4|6:5|6:6|6:7|6:8|7:1|7:8,40
1794,3522,0.43202734244748253,1.0,1.0,0.0,1.0,34,victory,1,0,,0,15,15,5:2|5:6|5:8|6:1|6:2|6:3|6:4|6:5|6:6|6:7|6:8|7:1|7:2|7:8|8:1,40
1795,3523,0.4317105701900634,1.0,1.0,0.0,1.0,17,victory,1,0,,0,13,13,6:1|6:2|6:3|6:4|6:5|6:6|6:7|6:8|7:1|7:2|7:4|7:8|8:1,40
1796,3524,0.4313937979326442,1.0,1.0,0.0,1.0,20,victory,1,0,,0,12,12,6:1|6:2|6:3|6:4|6:5|6:6|6:7|6:8|7:1|7:5|7:8|8:1,40
1797,3525,0.4310770256752251,1.0,1.0,0.0,1.0,12,victory,1,0,,0,10,10,6:1|6:2|6:3|6:4|6:5|6:6|6:7|6:8|7:1|7:8,40
1798,3526,0.430760253417806,0.0,0.0,0.0,0.0,3,death,0,1,fire,0,3,3,7:1|8:1|8:2,40
1799,3527,0.4304434811603868,1.0,1.0,0.0,1.0,9,victory,1,0,,0,10,10,6:1|6:2|6:3|6:4|6:5|6:6|6:7|6:8|7:1|7:8,40
1800,3528,0.43012670890296767,0.0,0.0,0.0,0.0,2,death,0,1,fire,0,3,3,7:1|8:1|8:2,40
1801,3529,0.42980993664554856,1.0,1.0,0.0,1.0,22,victory,1,0,,0,12,12,6:1|6:2|6:3|6:4|6:5|6:6|6:7|6:8|7:1|7:2|7:3|7:8,40
1802,3530,0.42949316438812946,1.0,1.0,0.0,1.0,18,victory,1,0,,0,11,11,6:1|6:2|6:3|6:4|6:5|6:6|6:7|6:8|7:1|7:4|7:8,40
1803,3531,0.42917639213071024,1.0,1.0,0.0,1.0,21,victory,1,0,,0,13,13,5:2|6:1|6:2|6:3|6:4|6:5|6:6|6:7|7:1|7:2|7:3|7:7|7:8,40
1804,3532,0.42885961987329113,1.0,1.0,0.0,1.0,11,victory,1,0,,0,10,10,6:1|6:2|6:3|6:4|6:5|6:6|6:7|6:8|7:1|7:8,40
1805,3533,0.428542847615872,1.0,1.0,0.0,1.0,23,victory,1,0,,0,13,13,5:2|5:7|6:1|6:2|6:3|6:4|6:5|6:6|6:7|6:8|7:1|7:7|7:8,40
1806,3534,0.4282260753584528,1.0,1.0,0.0,1.0,15,victory,1,0,,0,10,10,6:1|6:2|6:3|6:4|6:5|6:6|6:7|6:8|7:1|7:8,40
1807,3535,0.4279093031010337,1.0,1.0,0.0,1.0,17,victory,1,0,,0,11,11,5:8|6:1|6:2|6:3|6:4|6:5|6:6|6:7|6:8|7:1|7:8,40
1808,3536,0.4275925308436145,1.0,1.0,0.0,1.0,13,victory,1,0,,0,11,11,6:2|6:3|6:4|6:5|6:6|6:7|6:8|7:1|7:2|7:5|7:8,40
1809,3537,0.4272757585861955,1.0,1.0,0.0,1.0,19,victory,1,0,,0,13,13,5:2|5:6|5:8|6:2|6:3|6:4|6:5|6:6|6:7|6:8|7:1|7:2|7:8,40
1810,3538,0.42695898632877627,1.0,1.0,0.0,1.0,21,victory,1,0,,0,13,13,6:1|6:2|6:3|6:4|6:5|6:6|6:7|6:8|7:1|7:2|7:4|7:5|7:8,40
1811,3539,0.42664221407135716,1.0,1.0,0.0,1.0,13,victory,1,0,,0,11,11,6:1|6:2|6:3|6:4|6:5|6:6|6:7|7:1|7:2|7:7|7:8,40
1812,3540,0.42632544181393794,1.0,1.0,0.0,1.0,20,victory,1,0,,0,13,13,5:1|6:1|6:2|6:3|6:4|6:5|6:6|6:7|6:8|7:1|7:4|7:8|8:1,40
1813,3541,0.42600866955651884,0.0,0.0,0.0,0.0,20,death,0,1,fire,0,11,11,5:1|6:1|6:2|6:3|6:4|6:5|7:1|7:2|7:5|7:6|8:6,40
1814,3542,0.42569189729909973,1.0,1.0,0.0,1.0,14,victory,1,0,,0,13,13,5:7|6:1|6:2|6:4|6:5|6:6|6:7|6:8|7:1|7:2|7:3|7:4|7:8,40
1815,3543,0.4253751250416805,0.0,0.0,0.0,0.0,15,death,0,1,fire,0,9,9,5:1|6:1|6:2|6:3|6:4|7:1|7:2|7:3|8:3,40
1816,3544,0.4250583527842615,1.0,1.0,0.0,1.0,11,victory,1,0,,0,10,10,6:1|6:2|6:3|6:4|6:5|6:6|6:7|6:8|7:1|7:8,40
1817,3545,0.4247415805268423,1.0,1.0,0.0,1.0,18,victory,1,0,,0,12,12,6:1|6:2|6:3|6:4|6:5|6:6|6:7|6:8|7:1|7:3|7:8|8:1,40
1818,3546,0.4244248082694232,1.0,1.0,0.0,1.0,17,victory,1,0,,0,11,11,6:1|6:2|6:3|6:4|6:5|6:6|6:7|6:8|7:1|7:6|7:8,40
1819,3547,0.424108036012004,1.0,1.0,0.0,1.0,15,victory,1,0,,0,11,11,6:1|6:2|6:3|6:4|6:5|6:6|6:7|7:1|7:6|7:7|7:8,40
1820,3548,0.423791263754585,1.0,1.0,0.0,1.0,9,victory,1,0,,0,10,10,6:2|6:3|6:4|6:5|6:6|6:7|6:8|7:1|7:2|7:8,40
1821,3549,0.42347449149716576,0.0,0.0,0.0,0.0,10,death,0,1,fire,0,5,5,6:1|7:1|7:2|8:1|8:2,40
1822,3550,0.42315771923974654,1.0,1.0,0.0,1.0,16,victory,1,0,,0,12,12,5:8|6:1|6:2|6:3|6:4|6:5|6:6|6:7|6:8|7:1|7:4|7:8,40
1823,3551,0.42284094698232744,1.0,1.0,0.0,1.0,15,victory,1,0,,0,11,11,5:1|6:1|6:2|6:3|6:4|6:5|6:6|6:7|6:8|7:1|7:8,40
1824,3552,0.42252417472490833,1.0,1.0,0.0,1.0,27,victory,1,0,,0,15,15,5:6|5:7|6:1|6:2|6:3|6:4|6:5|6:6|6:7|6:8|7:1|7:4|7:5|7:6|7:8,40
1825,3553,0.4222074024674892,1.0,1.0,0.0,1.0,24,victory,1,0,,0,16,16,3:7|4:6|4:7|5:6|5:7|6:1|6:2|6:3|6:4|6:5|6:6|6:7|6:8|7:1|7:8|8:1,40
1826,3554,0.42189063021007,1.0,1.0,0.0,1.0,14,victory,1,0,,0,10,10,6:1|6:2|6:3|6:4|6:5|6:6|6:7|6:8|7:1|7:8,40
1827,3555,0.4215738579526509,1.0,1.0,0.0,1.0,21,victory,1,0,,0,11,11,6:1|6:2|6:3|6:4|6:5|6:6|6:7|6:8|7:1|7:6|7:8,40
1828,3556,0.4212570856952318,1.0,1.0,0.0,1.0,17,victory,1,0,,0,11,11,6:1|6:2|6:3|6:4|6:5|6:6|6:7|6:8|7:1|7:6|7:8,40
1829,3557,0.4209403134378126,1.0,1.0,0.0,1.0,26,victory,1,0,,0,14,14,5:1|5:8|6:1|6:2|6:3|6:4|6:5|6:6|6:7|6:8|7:1|7:3|7:4|7:8,40
1830,3558,0.42062354118039347,1.0,1.0,0.0,1.0,13,victory,1,0,,0,11,11,5:6|6:1|6:2|6:3|6:4|6:5|6:6|6:7|6:8|7:1|7:8,40
1831,3559,0.42030676892297436,1.0,1.0,0.0,1.0,28,victory,1,0,,0,14,14,5:1|5:2|6:1|6:2|6:3|6:4|6:5|6:6|7:1|7:4|7:5|7:6|7:7|7:8,40
1832,3560,0.41998999666555525,0.0,0.0,0.0,0.0,25,death,0,1,fire,0,10,10,6:1|6:2|6:3|6:4|6:5|7:1|7:2|7:5|8:1|8:5,40
1833,3561,0.41967322440813604,1.0,1.0,0.0,1.0,19,victory,1,0,,0,12,12,5:8|6:1|6:2|6:3|6:4|6:5|6:6|6:7|6:8|7:1|7:2|7:8,40
1834,3562,0.41935645215071693,1.0,1.0,0.0,1.0,16,victory,1,0,,0,13,13,5:2|5:6|6:1|6:2|6:3|6:4|6:5|6:6|6:7|6:8|7:1|7:2|7:8,40
1835,3563,0.4190396798932978,1.0,1.0,0.0,1.0,10,victory,1,0,,0,10,10,6:2|6:3|6:4|6:5|6:6|6:7|6:8|7:1|7:2|7:8,40
1836,3564,0.4187229076358787,1.0,1.0,0.0,1.0,16,victory,1,0,,0,12,12,5:6|5:8|6:1|6:2|6:3|6:4|6:5|6:6|6:7|6:8|7:1|7:8,40
1837,3565,0.4184061353784595,1.0,1.0,0.0,1.0,19,victory,1,0,,0,12,12,5:2|5:7|6:1|6:2|6:3|6:4|6:5|6:6|6:7|6:8|7:1|7:8,40
1838,3566,0.4180893631210403,1.0,1.0,0.0,1.0,21,victory,1,0,,0,13,13,6:1|6:2|6:3|6:4|6:5|6:6|6:7|6:8|7:1|7:4|7:5|7:8|8:1,40
1839,3567,0.4177725908636213,1.0,1.0,0.0,1.0,16,victory,1,0,,0,12,12,6:1|6:2|6:3|6:4|6:5|6:6|6:7|6:8|7:1|7:2|7:4|7:8,40
1840,3568,0.41745581860620207,1.0,1.0,0.0,1.0,19,victory,1,0,,0,13,13,5:2|6:1|6:2|6:3|6:4|6:5|6:6|6:7|7:1|7:4|7:7|7:8|8:1,40
1841,3569,0.41713904634878296,0.0,0.0,0.0,0.0,3,death,0,1,fire,0,3,3,7:1|8:1|8:2,40
1842,3570,0.41682227409136374,1.0,1.0,0.0,1.0,17,victory,1,0,,0,12,12,6:1|6:2|6:3|6:4|6:5|6:6|6:7|6:8|7:1|7:5|7:6|7:8,40
1843,3571,0.41650550183394475,1.0,1.0,0.0,1.0,17,victory,1,0,,0,11,11,5:1|6:1|6:2|6:3|6:4|6:5|6:6|6:7|6:8|7:1|7:8,40
1844,3572,0.41618872957652553,1.0,1.0,0.0,1.0,17,victory,1,0,,0,11,11,6:1|6:2|6:3|6:4|6:5|6:6|6:7|6:8|7:1|7:3|7:8,40
1845,3573,0.4158719573191063,1.0,1.0,0.0,1.0,18,victory,1,0,,0,12,12,5:6|6:2|6:3|6:4|6:5|6:6|6:7|6:8|7:1|7:2|7:3|7:8,40
1846,3574,0.4155551850616873,1.0,1.0,0.0,1.0,10,victory,1,0,,0,10,10,6:1|6:2|6:3|6:4|6:5|6:6|6:7|6:8|7:1|7:8,40
1847,3575,0.4152384128042681,1.0,1.0,0.0,1.0,11,victory,1,0,,0,10,10,6:1|6:2|6:3|6:4|6:5|6:6|6:7|6:8|7:1|7:8,40
1848,3576,0.414921640546849,1.0,1.0,0.0,1.0,31,victory,1,0,,0,16,16,5:8|6:1|6:2|6:3|6:4|6:5|6:6|6:7|6:8|7:1|7:3|7:4|7:5|7:6|7:7|7:8,40
1849,3577,0.4146048682894298,1.0,1.0,0.0,1.0,14,victory,1,0,,0,10,10,6:1|6:2|6:3|6:4|6:5|6:6|6:7|6:8|7:1|7:8,40
1850,3578,0.4142880960320108,1.0,1.0,0.0,1.0,11,victory,1,0,,0,10,10,6:1|6:2|6:3|6:4|6:5|6:6|6:7|6:8|7:1|7:8,40
1851,3579,0.41397132377459156,0.0,0.0,0.0,0.0,13,death,0,1,fire,0,9,9,6:1|6:2|6:3|6:4|6:5|7:1|7:5|7:6|8:6,40
1852,3580,0.41365455151717245,0.0,0.0,0.0,0.0,4,death,0,1,fire,0,5,5,6:1|6:2|7:1|7:2|8:2,40
1853,3581,0.41333777925975324,1.0,1.0,0.0,1.0,15,victory,1,0,,0,11,11,6:1|6:2|6:3|6:4|6:5|6:6|6:7|6:8|7:1|7:4|7:8,40
1854,3582,0.41302100700233413,0.0,0.0,0.0,0.0,11,death,0,1,fire,0,7,7,5:1|5:2|6:1|6:2|7:1|7:2|8:2,40
1855,3583,0.412704234744915,1.0,1.0,0.0,1.0,33,victory,1,0,,0,15,15,5:1|5:2|5:6|5:7|6:1|6:2|6:3|6:4|6:5|6:6|6:7|6:8|7:1|7:2|7:8,40
1856,3584,0.4123874624874958,1.0,1.0,0.0,1.0,16,victory,1,0,,0,12,12,5:7|6:1|6:2|6:3|6:4|6:5|6:6|6:7|6:8|7:1|7:2|7:8,40
1857,3585,0.4120706902300767,1.0,1.0,0.0,1.0,13,victory,1,0,,0,11,11,6:1|6:2|6:3|6:4|6:5|6:6|6:7|7:1|7:2|7:7|7:8,40
1858,3586,0.4117539179726576,0.0,0.0,0.0,0.0,13,death,0,1,fire,0,9,9,6:1|6:2|6:3|6:4|6:5|7:1|7:5|8:1|8:5,40
1859,3587,0.4114371457152385,1.0,1.0,0.0,1.0,14,victory,1,0,,0,11,11,6:1|6:2|6:3|6:4|6:5|6:6|6:7|7:1|7:7|7:8|8:1,40
1860,3588,0.41112037345781927,1.0,1.0,0.0,1.0,19,victory,1,0,,0,12,12,5:1|6:1|6:2|6:3|6:4|6:5|6:6|6:7|6:8|7:1|7:5|7:8,40
1861,3589,0.41080360120040016,0.0,0.0,0.0,0.0,2,death,0,1,fire,0,3,3,7:1|7:2|8:2,40
1862,3590,0.41048682894298105,1.0,1.0,0.0,1.0,25,victory,1,0,,0,17,17,4:2|5:1|5:2|5:7|5:8|6:1|6:2|6:3|6:4|6:5|6:6|6:7|6:8|7:1|7:2|7:3|7:8,40
1863,3591,0.41017005668556183,1.0,1.0,0.0,1.0,18,victory,1,0,,0,12,12,6:1|6:2|6:3|6:4|6:5|6:6|6:7|6:8|7:1|7:4|7:5|7:8,40
1864,3592,0.40985328442814273,1.0,1.0,0.0,1.0,39,victory,1,0,,0,13,13,5:2|5:7|5:8|6:1|6:2|6:3|6:4|6:5|6:6|6:7|6:8|7:1|7:8,40
1865,3593,0.4095365121707236,1.0,1.0,0.0,1.0,21,victory,1,0,,0,13,13,5:6|6:1|6:2|6:3|6:4|6:5|6:6|6:7|6:8|7:1|7:2|7:5|7:8,40
1866,3594,0.4092197399133045,0.0,0.0,0.0,0.0,5,death,0,1,fire,0,5,5,6:1|6:2|7:1|7:2|8:2,40
1867,3595,0.4089029676558853,1.0,1.0,0.0,1.0,13,victory,1,0,,0,10,10,6:1|6:2|6:3|6:4|6:5|6:6|6:7|6:8|7:1|7:8,40
1868,3596,0.4085861953984662,1.0,1.0,0.0,1.0,18,victory,1,0,,0,10,10,6:1|6:2|6:3|6:4|6:5|6:6|6:7|6:8|7:1|7:8,40
1869,3597,0.4082694231410471,1.0,1.0,0.0,1.0,19,victory,1,0,,0,12,12,6:1|6:2|6:3|6:4|6:5|6:6|6:7|7:1|7:3|7:4|7:7|7:8,40
1870,3598,0.40795265088362787,1.0,1.0,0.0,1.0,11,victory,1,0,,0,11,11,6:1|6:2|6:3|6:4|6:5|6:6|6:7|6:8|7:1|7:5|7:8,40
1871,3599,0.40763587862620876,1.0,1.0,0.0,1.0,15,victory,1,0,,0,10,10,6:1|6:2|6:3|6:4|6:5|6:6|6:7|7:1|7:7|7:8,40
1872,3600,0.40731910636878954,1.0,1.0,0.0,1.0,15,victory,1,0,,0,11,11,6:1|6:2|6:3|6:4|6:5|6:6|6:7|6:8|7:1|7:2|7:8,40
1873,3601,0.40700233411137055,1.0,1.0,0.0,1.0,13,victory,1,0,,0,11,11,6:1|6:2|6:3|6:4|6:5|6:6|6:7|6:8|7:1|7:2|7:8,40
1874,3602,0.4066855618539513,1.0,1.0,0.0,1.0,19,victory,1,0,,0,10,10,6:1|6:2|6:3|6:4|6:5|6:6|6:7|6:8|7:1|7:8,40
1875,3603,0.4063687895965322,1.0,1.0,0.0,1.0,23,victory,1,0,,0,14,14,5:1|5:2|6:1|6:2|6:3|6:4|6:5|6:6|6:7|7:1|7:2|7:4|7:7|7:8,40
1876,3604,0.4060520173391131,1.0,1.0,0.0,1.0,15,victory,1,0,,0,13,13,5:1|6:1|6:2|6:3|6:4|6:5|6:6|6:7|6:8|7:1|7:4|7:8|8:1,40
1877,3605,0.4057352450816939,1.0,1.0,0.0,1.0,19,victory,1,0,,0,13,13,5:1|5:8|6:1|6:2|6:3|6:4|6:5|6:6|6:7|6:8|7:1|7:6|7:8,40
1878,3606,0.4054184728242748,1.0,1.0,0.0,1.0,15,victory,1,0,,0,12,12,6:1|6:2|6:3|6:4|6:5|6:6|6:7|6:8|7:1|7:4|7:5|7:8,40
1879,3607,0.40510170056685557,1.0,1.0,0.0,1.0,13,victory,1,0,,0,11,11,5:2|6:1|6:2|6:3|6:4|6:5|6:6|6:7|6:8|7:1|7:8,40
1880,3608,0.4047849283094366,0.0,0.0,0.0,0.0,12,death,0,1,fire,0,9,9,6:1|6:2|6:3|6:4|7:1|7:2|7:3|7:4|8:4,40
1881,3609,0.40446815605201736,1.0,1.0,0.0,1.0,13,victory,1,0,,0,12,12,6:1|6:2|6:3|6:4|6:5|6:6|6:7|6:8|7:1|7:3|7:4|7:8,40
1882,3610,0.40415138379459825,1.0,1.0,0.0,1.0,20,victory,1,0,,0,12,12,5:1|5:2|6:1|6:2|6:3|6:4|6:5|6:6|6:7|6:8|7:1|7:8,40
1883,3611,0.40383461153717903,1.0,1.0,0.0,1.0,15,victory,1,0,,0,12,12,6:1|6:2|6:3|6:4|6:5|6:6|6:7|6:8|7:1|7:4|7:5|7:8,40
1884,3612,0.40351783927976004,1.0,1.0,0.0,1.0,22,victory,1,0,,0,13,13,6:1|6:2|6:3|6:4|6:5|6:6|6:7|6:8|7:1|7:4|7:5|7:6|7:8,40
1885,3613,0.4032010670223408,1.0,1.0,0.0,1.0,14,victory,1,0,,0,11,11,6:1|6:2|6:3|6:4|6:5|6:6|6:7|7:1|7:6|7:7|7:8,40
1886,3614,0.4028842947649216,0.0,0.0,0.0,0.0,9,death,0,1,fire,0,7,7,6:2|6:3|6:4|7:1|7:2|7:3|8:3,40
1887,3615,0.4025675225075025,0.0,0.0,0.0,0.0,16,death,0,1,fire,0,13,13,6:1|6:2|6:3|6:4|6:5|6:6|6:7|7:1|7:2|7:3|7:6|7:7|8:6,40
1888,3616,0.4022507502500834,1.0,1.0,0.0,1.0,9,victory,1,0,,0,10,10,6:2|6:3|6:4|6:5|6:6|6:7|6:8|7:1|7:2|7:8,40
1889,3617,0.4019339779926643,1.0,1.0,0.0,1.0,18,victory,1,0,,0,10,10,6:1|6:2|6:3|6:4|6:5|6:6|6:7|6:8|7:1|7:8,40
1890,3618,0.40161720573524506,1.0,1.0,0.0,1.0,16,victory,1,0,,0,11,11,5:6|6:1|6:2|6:3|6:4|6:5|6:6|6:7|6:8|7:1|7:8,40
1891,3619,0.40130043347782607,1.0,1.0,0.0,1.0,19,victory,1,0,,0,14,14,5:2|5:6|6:1|6:2|6:3|6:4|6:5|6:6|6:7|6:8|7:1|7:3|7:4|7:8,40
1892,3620,0.40098366122040685,1.0,1.0,0.0,1.0,17,victory,1,0,,0,13,13,5:6|6:1|6:2|6:3|6:4|6:5|6:6|6:7|6:8|7:1|7:4|7:6|7:8,40
1893,3621,0.40066688896298763,1.0,1.0,0.0,1.0,14,victory,1,0,,0,11,11,5:2|6:2|6:3|6:4|6:5|6:6|6:7|6:8|7:1|7:2|7:8,40
1894,3622,0.4003501167055685,1.0,1.0,0.0,1.0,30,victory,1,0,,0,15,15,5:1|5:2|5:6|5:8|6:1|6:2|6:3|6:4|6:5|6:6|6:7|6:8|7:1|7:3|7:8,40
1895,3623,0.4000333444481494,1.0,1.0,0.0,1.0,14,victory,1,0,,0,10,10,6:1|6:2|6:3|6:4|6:5|6:6|6:7|6:8|7:1|7:8,40
1896,3624,0.3997165721907303,1.0,1.0,0.0,1.0,16,victory,1,0,,0,11,11,6:1|6:2|6:3|6:4|6:5|6:6|6:7|7:1|7:2|7:7|7:8,40
1897,3625,0.3993997999333111,0.0,0.0,0.0,0.0,13,death,0,1,fire,0,12,12,5:1|5:2|6:1|6:2|6:3|6:4|6:5|6:6|6:7|7:1|7:7|8:7,40
1898,3626,0.399083027675892,1.0,1.0,0.0,1.0,13,victory,1,0,,0,12,12,4:7|5:7|6:1|6:2|6:3|6:4|6:5|6:6|6:7|6:8|7:1|7:8,40
1899,3627,0.3987662554184729,1.0,1.0,0.0,1.0,12,victory,1,0,,0,10,10,6:1|6:2|6:3|6:4|6:5|6:6|6:7|6:8|7:1|7:8,40
1900,3628,0.3984494831610538,1.0,1.0,0.0,1.0,13,victory,1,0,,0,11,11,6:1|6:2|6:3|6:4|6:5|6:6|6:7|6:8|7:1|7:2|7:8,40
1901,3629,0.39813271090363456,0.0,0.0,0.0,0.0,12,death,0,1,fire,0,10,10,6:1|6:2|6:3|6:4|6:5|6:6|7:1|7:5|7:6|8:6,40
1902,3630,0.39781593864621534,1.0,1.0,0.0,1.0,15,victory,1,0,,0,12,12,4:1|5:1|6:1|6:2|6:3|6:4|6:5|6:6|6:7|6:8|7:1|7:8,40
1903,3631,0.39749916638879634,0.0,0.0,0.0,0.0,4,death,0,1,fire,0,5,5,6:1|6:2|7:1|7:2|8:2,40
1904,3632,0.3971823941313771,1.0,1.0,0.0,1.0,12,victory,1,0,,0,11,11,6:1|6:2|6:3|6:4|6:5|6:6|6:7|6:8|7:1|7:2|7:8,40
1905,3633,0.396865621873958,1.0,1.0,0.0,1.0,14,victory,1,0,,0,10,10,6:1|6:2|6:3|6:4|6:5|6:6|6:7|6:8|7:1|7:8,40
1906,3634,0.3965488496165389,1.0,1.0,0.0,1.0,11,victory,1,0,,0,10,10,6:2|6:3|6:4|6:5|6:6|6:7|6:8|7:1|7:2|7:8,40
1907,3635,0.3962320773591198,1.0,1.0,0.0,1.0,9,victory,1,0,,0,10,10,6:2|6:3|6:4|6:5|6:6|6:7|6:8|7:1|7:2|7:8,40
1908,3636,0.3959153051017006,1.0,1.0,0.0,1.0,25,victory,1,0,,0,13,13,5:1|5:2|6:1|6:2|6:3|6:4|6:5|6:6|6:7|6:8|7:1|7:5|7:8,40
1909,3637,0.39559853284428137,1.0,1.0,0.0,1.0,14,victory,1,0,,0,10,10,6:2|6:3|6:4|6:5|6:6|6:7|6:8|7:1|7:2|7:8,40
1910,3638,0.3952817605868624,1.0,1.0,0.0,1.0,13,victory,1,0,,0,12,12,5:6|5:7|6:1|6:2|6:3|6:4|6:5|6:6|6:7|6:8|7:1|7:8,40
1911,3639,0.39496498832944316,1.0,1.0,0.0,1.0,23,victory,1,0,,0,14,14,5:1|5:6|6:1|6:2|6:3|6:4|6:5|6:6|6:7|7:1|7:3|7:7|7:8|8:1,40
1912,3640,0.39464821607202405,1.0,1.0,0.0,1.0,9,victory,1,0,,0,10,10,6:1|6:2|6:3|6:4|6:5|6:6|6:7|6:8|7:1|7:8,40
1913,3641,0.39433144381460483,1.0,1.0,0.0,1.0,23,victory,1,0,,0,12,12,6:1|6:2|6:3|6:4|6:5|6:6|6:7|6:8|7:1|7:5|7:6|7:8,40
1914,3642,0.39401467155718584,1.0,1.0,0.0,1.0,21,victory,1,0,,0,13,13,5:1|5:6|6:1|6:2|6:3|6:4|6:5|6:6|6:7|6:8|7:1|7:8|8:1,40
1915,3643,0.3936978992997666,1.0,1.0,0.0,1.0,16,victory,1,0,,0,11,11,6:1|6:2|6:3|6:4|6:5|6:6|6:7|6:8|7:1|7:5|7:8,40
1916,3644,0.3933811270423475,1.0,1.0,0.0,1.0,45,victory,1,0,,0,16,16,5:2|5:6|6:1|6:2|6:3|6:4|6:5|6:6|6:7|6:8|7:1|7:2|7:5|7:6|7:7|7:8,40
1917,3645,0.3930643547849283,1.0,1.0,0.0,1.0,15,victory,1,0,,0,11,11,6:1|6:2|6:3|6:4|6:5|6:6|6:7|6:8|7:1|7:4|7:8,40
1918,3646,0.3927475825275092,1.0,1.0,0.0,1.0,10,victory,1,0,,0,10,10,6:1|6:2|6:3|6:4|6:5|6:6|6:7|6:8|7:1|7:8,40
1919,3647,0.3924308102700901,1.0,1.0,0.0,1.0,18,victory,1,0,,0,14,14,5:1|6:1|6:2|6:3|6:4|6:5|6:6|6:7|6:8|7:1|7:3|7:5|7:8|8:1,40
1920,3648,0.39211403801267086,1.0,1.0,0.0,1.0,19,victory,1,0,,0,12,12,5:1|6:1|6:2|6:3|6:4|6:5|6:6|6:7|6:8|7:1|7:3|7:8,40
1921,3649,0.39179726575525187,1.0,1.0,0.0,1.0,9,victory,1,0,,0,10,10,6:1|6:2|6:3|6:4|6:5|6:6|6:7|6:8|7:1|7:8,40
1922,3650,0.39148049349783265,1.0,1.0,0.0,1.0,9,victory,1,0,,0,10,10,6:1|6:2|6:3|6:4|6:5|6:6|6:7|6:8|7:1|7:8,40
1923,3651,0.39116372124041354,1.0,1.0,0.0,1.0,11,victory,1,0,,0,11,11,6:1|6:2|6:3|6:4|6:5|6:6|6:7|6:8|7:1|7:2|7:8,40
1924,3652,0.3908469489829943,1.0,1.0,0.0,1.0,13,victory,1,0,,0,12,12,5:6|6:1|6:2|6:3|6:4|6:5|6:6|6:7|6:8|7:1|7:2|7:8,40
1925,3653,0.3905301767255752,1.0,1.0,0.0,1.0,16,victory,1,0,,0,11,11,5:2|6:1|6:2|6:3|6:4|6:5|6:6|6:7|6:8|7:1|7:8,40
1926,3654,0.3902134044681561,0.0,0.0,0.0,0.0,4,death,0,1,fire,0,5,5,6:1|6:2|7:1|7:2|8:2,40
1927,3655,0.3898966322107369,0.0,0.0,0.0,0.0,15,death,0,1,fire,0,9,9,5:2|6:1|6:2|6:3|6:4|6:5|7:1|7:5|8:5,40
1928,3656,0.3895798599533178,1.0,1.0,0.0,1.0,25,victory,1,0,,0,15,15,6:1|6:2|6:3|6:4|6:5|6:6|6:7|6:8|7:1|7:2|7:3|7:4|7:5|7:6|7:8,40
1929,3657,0.3892630876958987,1.0,1.0,0.0,1.0,9,victory,1,0,,0,10,10,6:1|6:2|6:3|6:4|6:5|6:6|6:7|6:8|7:1|7:8,40
1930,3658,0.3889463154384796,0.0,0.0,0.0,0.0,10,death,0,1,fire,0,8,8,6:1|6:2|6:3|6:4|7:1|7:3|7:4|8:4,40
1931,3659,0.38862954318106036,1.0,1.0,0.0,1.0,11,victory,1,0,,0,11,11,6:1|6:2|6:3|6:4|6:5|6:6|6:7|6:8|7:1|7:2|7:8,40
1932,3660,0.38831277092364125,1.0,1.0,0.0,1.0,11,victory,1,0,,0,10,10,6:1|6:2|6:3|6:4|6:5|6:6|6:7|6:8|7:1|7:8,40
1933,3661,0.38799599866622214,0.0,0.0,0.0,0.0,8,death,0,1,fire,0,7,7,6:1|6:2|6:3|6:4|7:1|7:3|8:3,40
1934,3662,0.3876792264088029,0.0,0.0,0.0,0.0,4,death,0,1,fire,0,5,5,6:1|6:2|7:1|7:2|8:2,40
1935,3663,0.3873624541513838,1.0,1.0,0.0,1.0,18,victory,1,0,,0,12,12,5:6|6:1|6:2|6:3|6:4|6:5|6:6|6:7|6:8|7:1|7:3|7:8,40
1936,3664,0.3870456818939647,1.0,1.0,0.0,1.0,22,victory,1,0,,0,12,12,5:1|6:1|6:2|6:3|6:4|6:5|6:6|6:7|6:8|7:1|7:2|7:8,40
1937,3665,0.3867289096365456,1.0,1.0,0.0,1.0,14,victory,1,0,,0,12,12,5:2|5:8|6:1|6:2|6:3|6:4|6:5|6:6|6:7|6:8|7:1|7:8,40
1938,3666,0.3864121373791264,1.0,1.0,0.0,1.0,18,victory,1,0,,0,13,13,6:2|6:3|6:4|6:5|6:6|7:1|7:2|7:3|7:4|7:5|7:6|7:7|7:8,40
1939,3667,0.3860953651217073,1.0,1.0,0.0,1.0,11,victory,1,0,,0,11,11,6:1|6:2|6:3|6:4|6:5|6:6|6:7|6:8|7:1|7:3|7:8,40
1940,3668,0.3857785928642882,0.0,0.0,0.0,0.0,16,death,0,1,fire,0,13,13,5:2|6:1|6:2|6:3|6:4|6:5|6:6|7:1|7:3|7:4|7:5|7:6|8:6,40
1941,3669,0.38546182060686895,1.0,1.0,0.0,1.0,32,victory,1,0,,0,15,15,5:1|5:2|5:6|6:1|6:2|6:3|6:4|6:5|6:6|6:7|6:8|7:1|7:4|7:8|8:1,40
1942,3670,0.38514504834944985,1.0,1.0,0.0,1.0,16,victory,1,0,,0,13,13,5:1|5:7|6:1|6:2|6:3|6:4|6:5|6:6|6:7|7:1|7:7|7:8|8:1,40
1943,3671,0.38482827609203063,1.0,1.0,0.0,1.0,28,victory,1,0,,0,13,13,6:1|6:2|6:3|6:4|6:5|6:6|6:7|7:1|7:2|7:3|7:6|7:7|7:8,40
1944,3672,0.38451150383461163,1.0,1.0,0.0,1.0,32,victory,1,0,,0,14,14,5:1|5:2|5:7|5:8|6:1|6:2|6:3|6:4|6:5|6:6|6:7|6:8|7:1|7:8,40
1945,3673,0.3841947315771924,1.0,1.0,0.0,1.0,14,victory,1,0,,0,10,10,6:1|6:2|6:3|6:4|6:5|6:6|6:7|6:8|7:1|7:8,40
1946,3674,0.3838779593197733,1.0,1.0,0.0,1.0,20,victory,1,0,,0,14,14,4:1|5:1|6:1|6:2|6:3|6:4|6:5|6:6|6:7|6:8|7:1|7:6|7:8|8:1,40
1947,3675,0.3835611870623541,0.0,0.0,0.0,0.0,9,death,0,1,fire,0,9,9,6:1|6:2|6:3|6:4|6:5|6:6|7:1|7:6|8:6,40
1948,3676,0.383244414804935,1.0,1.0,0.0,1.0,15,victory,1,0,,0,12,12,6:1|6:2|6:3|6:4|6:5|6:6|6:7|6:8|7:1|7:2|7:3|7:8,40
1949,3677,0.3829276425475159,1.0,1.0,0.0,1.0,14,victory,1,0,,0,10,10,6:1|6:2|6:3|6:4|6:5|6:6|6:7|6:8|7:1|7:8,40
1950,3678,0.38261087029009666,1.0,1.0,0.0,1.0,15,victory,1,0,,0,10,10,6:1|6:2|6:3|6:4|6:5|6:6|6:7|6:8|7:1|7:8,40
1951,3679,0.38229409803267766,1.0,1.0,0.0,1.0,9,victory,1,0,,0,10,10,6:2|6:3|6:4|6:5|6:6|6:7|7:1|7:2|7:7|7:8,40
1952,3680,0.38197732577525845,0.0,0.0,0.0,0.0,8,death,0,1,fire,0,7,7,6:1|6:2|6:3|6:4|7:1|7:3|8:3,40
1953,3681,0.38166055351783934,1.0,1.0,0.0,1.0,30,victory,1,0,,0,14,14,5:7|6:1|6:2|6:3|6:4|6:5|6:6|6:7|6:8|7:1|7:3|7:4|7:5|7:8,40
1954,3682,0.3813437812604201,1.0,1.0,0.0,1.0,9,victory,1,0,,0,10,10,6:1|6:2|6:3|6:4|6:5|6:6|6:7|6:8|7:1|7:8,40
1955,3683,0.3810270090030011,1.0,1.0,0.0,1.0,17,victory,1,0,,0,12,12,5:1|6:1|6:2|6:3|6:4|6:5|6:6|6:7|6:8|7:1|7:6|7:8,40
1956,3684,0.3807102367455819,0.0,0.0,0.0,0.0,15,death,0,1,fire,0,10,10,6:1|6:2|6:3|6:4|6:5|6:6|6:7|7:1|7:6|8:6,40
1957,3685,0.3803934644881627,1.0,1.0,0.0,1.0,19,victory,1,0,,0,12,12,5:6|6:1|6:2|6:3|6:4|6:5|6:6|6:7|6:8|7:1|7:3|7:8,40
1958,3686,0.3800766922307436,1.0,1.0,0.0,1.0,17,victory,1,0,,0,11,11,6:1|6:2|6:3|6:4|6:5|6:6|6:7|6:8|7:1|7:7|7:8,40
1959,3687,0.3797599199733245,1.0,1.0,0.0,1.0,13,victory,1,0,,0,12,12,4:6|5:6|6:2|6:3|6:4|6:5|6:6|6:7|6:8|7:1|7:2|7:8,40
1960,3688,0.37944314771590537,1.0,1.0,0.0,1.0,13,victory,1,0,,0,11,11,5:6|6:1|6:2|6:3|6:4|6:5|6:6|6:7|6:8|7:1|7:8,40
1961,3689,0.37912637545848615,1.0,1.0,0.0,1.0,11,victory,1,0,,0,10,10,6:1|6:2|6:3|6:4|6:5|6:6|6:7|6:8|7:1|7:8,40
1962,3690,0.37880960320106705,1.0,1.0,0.0,1.0,10,victory,1,0,,0,10,10,6:3|6:4|6:5|6:6|6:7|6:8|7:1|7:2|7:3|7:8,40
1963,3691,0.37849283094364794,1.0,1.0,0.0,1.0,12,victory,1,0,,0,11,11,6:1|6:2|6:3|6:4|6:5|6:6|6:7|6:8|7:1|7:8|8:1,40
1964,3692,0.3781760586862287,1.0,1.0,0.0,1.0,12,victory,1,0,,0,10,10,6:1|6:2|6:3|6:4|6:5|6:6|6:7|6:8|7:1|7:8,40
1965,3693,0.3778592864288096,1.0,1.0,0.0,1.0,9,victory,1,0,,0,10,10,6:1|6:2|6:3|6:4|6:5|6:6|6:7|6:8|7:1|7:8,40
1966,3694,0.3775425141713905,1.0,1.0,0.0,1.0,11,victory,1,0,,0,10,10,6:1|6:2|6:3|6:4|6:5|6:6|6:7|6:8|7:1|7:8,40
1967,3695,0.3772257419139714,1.0,1.0,0.0,1.0,11,victory,1,0,,0,10,10,6:3|6:4|6:5|6:6|6:7|6:8|7:1|7:2|7:3|7:8,40
1968,3696,0.3769089696565522,1.0,1.0,0.0,1.0,38,victory,1,0,,0,15,15,5:1|5:2|6:1|6:2|6:3|6:4|6:5|6:6|6:7|6:8|7:1|7:5|7:6|7:7|7:8,40
1969,3697,0.3765921973991331,1.0,1.0,0.0,1.0,18,victory,1,0,,0,12,12,5:7|6:1|6:2|6:3|6:4|6:5|6:6|6:7|6:8|7:1|7:3|7:8,40
1970,3698,0.37627542514171397,0.0,0.0,0.0,0.0,13,death,0,1,fire,0,12,12,6:1|6:2|6:3|6:4|6:5|6:6|6:7|6:8|7:1|7:5|7:7|8:7,40
1971,3699,0.37595865288429486,1.0,1.0,0.0,1.0,12,victory,1,0,,0,10,10,6:1|6:2|6:3|6:4|6:5|6:6|6:7|7:1|7:7|7:8,40
1972,3700,0.37564188062687565,1.0,1.0,0.0,1.0,13,victory,1,0,,0,11,11,6:1|6:2|6:3|6:4|6:5|6:6|6:7|6:8|7:1|7:4|7:8,40
1973,3701,0.37532510836945643,1.0,1.0,0.0,1.0,16,victory,1,0,,0,11,11,5:1|6:1|6:2|6:3|6:4|6:5|6:6|6:7|6:8|7:1|7:8,40
1974,3702,0.37500833611203743,1.0,1.0,0.0,1.0,13,victory,1,0,,0,12,12,5:1|6:1|6:2|6:3|6:4|6:5|6:6|6:7|7:1|7:6|7:7|7:8,40
1975,3703,0.3746915638546182,1.0,1.0,0.0,1.0,19,victory,1,0,,0,12,12,6:1|6:2|6:3|6:4|6:5|6:6|6:7|7:1|7:2|7:6|7:7|7:8,40
1976,3704,0.3743747915971991,1.0,1.0,0.0,1.0,13,victory,1,0,,0,12,12,5:7|6:1|6:2|6:3|6:4|6:5|6:6|6:7|7:1|7:6|7:7|7:8,40
1977,3705,0.3740580193397799,1.0,1.0,0.0,1.0,9,victory,1,0,,0,10,10,6:1|6:2|6:3|6:4|6:5|6:6|6:7|6:8|7:1|7:8,40
1978,3706,0.3737412470823609,1.0,1.0,0.0,1.0,10,victory,1,0,,0,10,10,6:1|6:2|6:3|6:4|6:5|6:6|6:7|6:8|7:1|7:8,40
1979,3707,0.3734244748249417,1.0,1.0,0.0,1.0,18,victory,1,0,,0,11,11,5:7|6:1|6:2|6:3|6:4|6:5|6:6|6:7|6:8|7:1|7:8,40
1980,3708,0.37310770256752246,1.0,1.0,0.0,1.0,12,victory,1,0,,0,11,11,6:2|6:3|6:4|6:5|6:6|6:7|7:1|7:2|7:7|7:8|8:1,40
1981,3709,0.37279093031010346,1.0,1.0,0.0,1.0,17,victory,1,0,,0,11,11,5:6|6:1|6:2|6:3|6:4|6:5|6:6|6:7|6:8|7:1|7:8,40
1982,3710,0.37247415805268425,1.0,1.0,0.0,1.0,11,victory,1,0,,0,11,11,5:6|6:1|6:2|6:3|6:4|6:5|6:6|6:7|6:8|7:1|7:8,40
1983,3711,0.37215738579526514,1.0,1.0,0.0,1.0,11,victory,1,0,,0,10,10,6:1|6:2|6:3|6:4|6:5|6:6|6:7|6:8|7:1|7:8,40
1984,3712,0.3718406135378459,1.0,1.0,0.0,1.0,14,victory,1,0,,0,11,11,5:1|6:1|6:2|6:3|6:4|6:5|6:6|6:7|7:1|7:7|7:8,40
1985,3713,0.3715238412804269,1.0,1.0,0.0,1.0,16,victory,1,0,,0,10,10,6:1|6:2|6:3|6:4|6:5|6:6|6:7|6:8|7:1|7:8,40
1986,3714,0.3712070690230077,0.0,0.0,0.0,0.0,20,death,0,1,fire,0,13,13,6:1|6:2|6:3|6:4|6:5|6:6|6:7|7:1|7:2|7:4|7:5|7:6|8:4,40
1987,3715,0.3708902967655886,1.0,1.0,0.0,1.0,21,victory,1,0,,0,12,12,4:1|5:1|6:1|6:2|6:3|6:4|6:5|6:6|6:7|6:8|7:1|7:8,40
1988,3716,0.3705735245081694,0.0,0.0,0.0,0.0,6,death,0,1,fire,0,5,5,6:1|6:2|7:1|7:2|8:2,40
1989,3717,0.3702567522507503,1.0,1.0,0.0,1.0,15,victory,1,0,,0,11,11,6:1|6:2|6:3|6:4|6:5|6:6|6:7|6:8|7:1|7:6|7:8,40
1990,3718,0.36993997999333117,1.0,1.0,0.0,1.0,13,victory,1,0,,0,11,11,5:8|6:1|6:2|6:3|6:4|6:5|6:6|6:7|6:8|7:1|7:8,40
1991,3719,0.36962320773591195,1.0,1.0,0.0,1.0,9,victory,1,0,,0,10,10,6:1|6:2|6:3|6:4|6:5|6:6|6:7|6:8|7:1|7:8,40
1992,3720,0.36930643547849284,1.0,1.0,0.0,1.0,27,victory,1,0,,0,16,16,4:7|4:8|5:7|5:8|6:1|6:2|6:3|6:4|6:5|6:6|6:7|6:8|7:1|7:2|7:6|7:8,40
1993,3721,0.36898966322107374,1.0,1.0,0.0,1.0,9,victory,1,0,,0,10,10,6:1|6:2|6:3|6:4|6:5|6:6|6:7|6:8|7:1|7:8,40
1994,3722,0.36867289096365463,1.0,1.0,0.0,1.0,13,victory,1,0,,0,11,11,6:1|6:2|6:3|6:4|6:5|6:6|6:7|6:8|7:1|7:5|7:8,40
1995,3723,0.3683561187062354,0.0,0.0,0.0,0.0,18,death,0,1,fire,0,13,13,5:1|6:1|6:2|6:3|6:4|6:5|6:6|6:7|7:1|7:3|7:4|7:7|8:7,40
1996,3724,0.3680393464488163,1.0,1.0,0.0,1.0,19,victory,1,0,,0,12,12,4:2|5:2|6:1|6:2|6:3|6:4|6:5|6:6|6:7|6:8|7:1|7:8,40
1997,3725,0.3677225741913972,1.0,1.0,0.0,1.0,18,victory,1,0,,0,11,11,6:1|6:2|6:3|6:4|6:5|6:6|6:7|6:8|7:1|7:3|7:8,40
1998,3726,0.367405801933978,1.0,1.0,0.0,1.0,16,victory,1,0,,0,11,11,5:2|6:2|6:3|6:4|6:5|6:6|6:7|7:1|7:2|7:7|7:8,40
1999,3727,0.3670890296765589,1.0,1.0,0.0,1.0,26,victory,1,0,,0,14,14,5:2|6:1|6:2|6:3|6:4|6:5|6:6|6:7|6:8|7:1|7:2|7:3|7:5|7:8,40
2000,3728,0.36677225741913977,1.0,1.0,0.0,1.0,17,victory,1,0,,0,13,13,5:6|6:1|6:2|6:3|6:4|6:5|6:6|6:7|6:8|7:1|7:2|7:8|8:1,40
2001,3729,0.36645548516172066,1.0,1.0,0.0,1.0,17,victory,1,0,,0,12,12,5:7|6:1|6:2|6:3|6:4|6:5|6:6|6:7|6:8|7:1|7:4|7:8,40
2002,3730,0.36613871290430144,1.0,1.0,0.0,1.0,27,victory,1,0,,0,16,16,4:1|5:1|6:1|6:2|6:3|6:4|6:5|6:6|6:7|6:8|7:1|7:2|7:5|7:6|7:8|8:1,40
2003,3731,0.36582194064688234,1.0,1.0,0.0,1.0,17,victory,1,0,,0,12,12,5:2|6:1|6:2|6:3|6:4|6:5|6:6|6:7|6:8|7:1|7:8|8:1,40
2004,3732,0.36550516838946323,1.0,1.0,0.0,1.0,9,victory,1,0,,0,10,10,6:1|6:2|6:3|6:4|6:5|6:6|6:7|6:8|7:1|7:8,40
2005,3733,0.365188396132044,0.0,0.0,0.0,0.0,8,death,0,1,fire,0,8,8,6:1|6:2|6:3|6:4|6:5|7:1|7:4|8:4,40
2006,3734,0.3648716238746249,1.0,1.0,0.0,1.0,15,victory,1,0,,0,13,13,5:6|5:7|5:8|6:1|6:2|6:3|6:4|6:5|6:6|6:7|6:8|7:1|7:8,40
2007,3735,0.3645548516172057,1.0,1.0,0.0,1.0,22,victory,1,0,,0,14,14,4:6|5:2|5:6|6:1|6:2|6:3|6:4|6:5|6:6|6:7|6:8|7:1|7:2|7:8,40
2008,3736,0.3642380793597867,1.0,1.0,0.0,1.0,17,victory,1,0,,0,13,13,5:6|6:1|6:2|6:3|6:4|6:5|6:6|6:7|6:8|7:1|7:6|7:7|7:8,40
2009,3737,0.3639213071023675,1.0,1.0,0.0,1.0,18,victory,1,0,,0,11,11,6:1|6:2|6:3|6:4|6:5|6:6|6:7|6:8|7:1|7:5|7:8,40
2010,3738,0.36360453484494837,1.0,1.0,0.0,1.0,13,victory,1,0,,0,11,11,6:1|6:2|6:3|6:4|6:5|6:6|6:7|7:1|7:6|7:7|7:8,40
2011,3739,0.36328776258752926,1.0,1.0,0.0,1.0,14,victory,1,0,,0,12,12,6:1|6:2|6:3|6:4|6:5|6:6|6:7|6:8|7:1|7:3|7:8|8:1,40
2012,3740,0.36297099033011004,1.0,1.0,0.0,1.0,12,victory,1,0,,0,11,11,6:1|6:2|6:3|6:4|6:5|6:6|6:7|6:8|7:1|7:2|7:8,40
2013,3741,0.36265421807269094,1.0,1.0,0.0,1.0,15,victory,1,0,,0,12,12,5:1|5:2|6:1|6:2|6:3|6:4|6:5|6:6|6:7|6:8|7:1|7:8,40
2014,3742,0.3623374458152717,1.0,1.0,0.0,1.0,22,victory,1,0,,0,12,12,6:1|6:2|6:3|6:4|6:5|6:6|6:7|6:8|7:1|7:5|7:6|7:8,40
2015,3743,0.3620206735578527,1.0,1.0,0.0,1.0,12,victory,1,0,,0,11,11,5:8|6:1|6:2|6:3|6:4|6:5|6:6|6:7|6:8|7:1|7:8,40
2016,3744,0.3617039013004335,1.0,1.0,0.0,1.0,16,victory,1,0,,0,12,12,4:6|5:6|6:1|6:2|6:3|6:4|6:5|6:6|6:7|6:8|7:1|7:8,40
2017,3745,0.3613871290430144,1.0,1.0,0.0,1.0,19,victory,1,0,,0,14,14,5:1|6:1|6:2|6:3|6:4|6:5|6:6|6:7|6:8|7:1|7:2|7:5|7:6|7:8,40
2018,3746,0.3610703567855952,1.0,1.0,0.0,1.0,15,victory,1,0,,0,11,11,5:6|6:1|6:2|6:3|6:4|6:5|6:6|6:7|6:8|7:1|7:8,40
2019,3747,0.3607535845281761,1.0,1.0,0.0,1.0,24,victory,1,0,,0,12,12,6:1|6:2|6:3|6:4|6:5|6:6|6:7|6:8|7:1|7:3|7:4|7:8,40
2020,3748,0.36043681227075697,1.0,1.0,0.0,1.0,15,victory,1,0,,0,13,13,5:1|5:2|5:8|6:1|6:2|6:3|6:4|6:5|6:6|6:7|6:8|7:1|7:8,40
2021,3749,0.36012004001333775,1.0,1.0,0.0,1.0,14,victory,1,0,,0,10,10,6:1|6:2|6:3|6:4|6:5|6:6|6:7|6:8|7:1|7:8,40
2022,3750,0.35980326775591864,1.0,1.0,0.0,1.0,13,victory,1,0,,0,11,11,6:1|6:2|6:3|6:4|6:5|6:6|6:7|6:8|7:1|7:8|8:1,40
2023,3751,0.35948649549849954,1.0,1.0,0.0,1.0,13,victory,1,0,,0,11,11,6:1|6:2|6:3|6:4|6:5|6:6|6:7|7:1|7:4|7:7|7:8,40
2024,3752,0.35916972324108043,1.0,1.0,0.0,1.0,13,victory,1,0,,0,11,11,6:1|6:2|6:3|6:4|6:5|6:6|6:7|7:1|7:6|7:7|7:8,40
2025,3753,0.3588529509836612,1.0,1.0,0.0,1.0,19,victory,1,0,,0,12,12,5:7|6:1|6:2|6:3|6:4|6:5|6:6|6:7|7:1|7:4|7:7|7:8,40
2026,3754,0.3585361787262422,1.0,1.0,0.0,1.0,12,victory,1,0,,0,10,10,6:1|6:2|6:3|6:4|6:5|6:6|6:7|6:8|7:1|7:8,40
2027,3755,0.358219406468823,1.0,1.0,0.0,1.0,10,victory,1,0,,0,10,10,6:1|6:2|6:3|6:4|6:5|6:6|6:7|6:8|7:1|7:8,40
2028,3756,0.3579026342114038,1.0,1.0,0.0,1.0,19,victory,1,0,,0,12,12,5:1|6:1|6:2|6:3|6:4|6:5|6:6|6:7|6:8|7:1|7:8|8:1,40
2029,3757,0.3575858619539847,1.0,1.0,0.0,1.0,16,victory,1,0,,0,12,12,5:8|6:1|6:2|6:3|6:4|6:5|6:6|6:7|6:8|7:1|7:5|7:8,40
2030,3758,0.35726908969656557,1.0,1.0,0.0,1.0,18,victory,1,0,,0,12,12,4:8|5:8|6:1|6:2|6:3|6:4|6:5|6:6|6:7|6:8|7:1|7:8,40
2031,3759,0.35695231743914646,1.0,1.0,0.0,1.0,24,victory,1,0,,0,15,15,4:1|5:1|5:2|5:7|6:1|6:2|6:3|6:4|6:5|6:6|6:7|6:8|7:1|7:2|7:8,40
2032,3760,0.35663554518172724,1.0,1.0,0.0,1.0,15,victory,1,0,,0,12,12,5:1|5:2|6:1|6:2|6:3|6:4|6:5|6:6|6:7|6:8|7:1|7:8,40
2033,3761,0.35631877292430814,1.0,1.0,0.0,1.0,16,victory,1,0,,0,11,11,6:1|6:2|6:3|6:4|6:5|6:6|6:7|6:8|7:1|7:5|7:8,40
2034,3762,0.35600200066688903,1.0,1.0,0.0,1.0,17,victory,1,0,,0,13,13,5:2|5:7|5:8|6:1|6:2|6:3|6:4|6:5|6:6|6:7|6:8|7:1|7:8,40
2035,3763,0.3556852284094698,1.0,1.0,0.0,1.0,17,victory,1,0,,0,12,12,5:8|6:1|6:2|6:3|6:4|6:5|6:6|6:7|6:8|7:1|7:6|7:8,40
2036,3764,0.3553684561520507,1.0,1.0,0.0,1.0,11,victory,1,0,,0,11,11,6:1|6:2|6:3|6:4|6:5|6:6|6:7|6:8|7:1|7:6|7:8,40
2037,3765,0.3550516838946315,1.0,1.0,0.0,1.0,9,victory,1,0,,0,10,10,6:1|6:2|6:3|6:4|6:5|6:6|6:7|6:8|7:1|7:8,40
2038,3766,0.3547349116372125,1.0,1.0,0.0,1.0,19,victory,1,0,,0,12,12,5:7|6:1|6:2|6:3|6:4|6:5|6:6|6:7|6:8|7:1|7:8|8:1,40
2039,3767,0.3544181393797933,1.0,1.0,0.0,1.0,19,victory,1,0,,0,11,11,6:1|6:2|6:3|6:4|6:5|6:6|6:7|7:1|7:3|7:7|7:8,40
2040,3768,0.35410136712237417,1.0,1.0,0.0,1.0,10,victory,1,0,,0,10,10,6:1|6:2|6:3|6:4|6:5|6:6|6:7|6:8|7:1|7:8,40
2041,3769,0.35378459486495506,1.0,1.0,0.0,1.0,19,victory,1,0,,0,14,14,5:7|6:1|6:2|6:3|6:4|6:5|6:6|6:7|6:8|7:1|7:2|7:6|7:7|7:8,40
2042,3770,0.35346782260753595,1.0,1.0,0.0,1.0,13,victory,1,0,,0,12,12,5:1|6:1|6:2|6:3|6:4|6:5|6:6|6:7|6:8|7:1|7:6|7:8,40
2043,3771,0.35315105035011674,1.0,1.0,0.0,1.0,21,victory,1,0,,0,13,13,5:6|5:7|6:1|6:2|6:3|6:4|6:5|6:6|6:7|6:8|7:1|7:4|7:8,40
2044,3772,0.3528342780926975,1.0,1.0,0.0,1.0,16,victory,1,0,,0,12,12,5:7|6:1|6:2|6:3|6:4|6:5|6:6|6:7|6:8|7:1|7:2|7:8,40
2045,3773,0.3525175058352785,1.0,1.0,0.0,1.0,14,victory,1,0,,0,12,12,6:1|6:2|6:3|6:4|6:5|6:6|6:7|6:8|7:1|7:3|7:4|7:8,40
2046,3774,0.3522007335778593,1.0,1.0,0.0,1.0,14,victory,1,0,,0,12,12,5:6|6:1|6:2|6:3|6:4|6:5|6:6|6:7|6:8|7:1|7:6|7:8,40
2047,3775,0.3518839613204402,0.0,0.0,0.0,0.0,2,death,0,1,fire,0,3,3,7:1|7:2|8:2,40
2048,3776,0.351567189063021,1.0,1.0,0.0,1.0,14,victory,1,0,,0,12,12,5:1|6:1|6:2|6:3|6:4|6:5|6:6|6:7|7:1|7:4|7:7|7:8,40
2049,3777,0.351250416805602,1.0,1.0,0.0,1.0,11,victory,1,0,,0,10,10,6:1|6:2|6:3|6:4|6:5|6:6|6:7|6:8|7:1|7:8,40
2050,3778,0.35093364454818277,1.0,1.0,0.0,1.0,14,victory,1,0,,0,11,11,6:1|6:2|6:3|6:4|6:5|6:6|7:1|7:4|7:6|7:7|7:8,40
2051,3779,0.35061687229076355,1.0,1.0,0.0,1.0,11,victory,1,0,,0,11,11,5:2|6:1|6:2|6:3|6:4|6:5|6:6|6:7|6:8|7:1|7:8,40
2052,3780,0.35030010003334444,1.0,1.0,0.0,1.0,18,victory,1,0,,0,11,11,6:1|6:2|6:3|6:4|6:5|6:6|6:7|6:8|7:1|7:5|7:8,40
2053,3781,0.34998332777592533,1.0,1.0,0.0,1.0,9,victory,1,0,,0,10,10,6:1|6:2|6:3|6:4|6:5|6:6|6:7|6:8|7:1|7:8,40
2054,3782,0.34966655551850623,1.0,1.0,0.0,1.0,12,victory,1,0,,0,11,11,5:1|6:1|6:2|6:3|6:4|6:5|6:6|6:7|6:8|7:1|7:8,40
2055,3783,0.349349783261087,1.0,1.0,0.0,1.0,27,victory,1,0,,0,14,14,5:1|5:2|6:1|6:2|6:3|6:4|6:5|6:6|6:7|6:8|7:1|7:2|7:4|7:8,40
2056,3784,0.3490330110036679,1.0,1.0,0.0,1.0,9,victory,1,0,,0,10,10,6:1|6:2|6:3|6:4|6:5|6:6|6:7|6:8|7:1|7:8,40
2057,3785,0.3487162387462488,1.0,1.0,0.0,1.0,22,victory,1,0,,0,14,14,5:2|6:1|6:2|6:3|6:4|6:5|6:6|6:7|6:8|7:1|7:2|7:5|7:8|8:1,40
2058,3786,0.3483994664888297,1.0,1.0,0.0,1.0,11,victory,1,0,,0,11,11,5:7|6:2|6:3|6:4|6:5|6:6|6:7|6:8|7:1|7:2|7:8,40
2059,3787,0.34808269423141047,1.0,1.0,0.0,1.0,14,victory,1,0,,0,11,11,5:6|6:1|6:2|6:3|6:4|6:5|6:6|6:7|7:1|7:7|7:8,40
2060,3788,0.34776592197399137,1.0,1.0,0.0,1.0,19,victory,1,0,,0,12,12,5:6|6:1|6:2|6:3|6:4|6:5|6:6|6:7|6:8|7:1|7:4|7:8,40
2061,3789,0.34744914971657226,1.0,1.0,0.0,1.0,20,victory,1,0,,0,13,13,5:1|6:1|6:2|6:3|6:4|6:5|6:6|6:7|6:8|7:1|7:5|7:7|7:8,40
2062,3790,0.34713237745915304,1.0,1.0,0.0,1.0,22,victory,1,0,,0,14,14,5:6|5:7|5:8|6:1|6:2|6:3|6:4|6:5|6:6|6:7|6:8|7:1|7:2|7:8,40
2063,3791,0.34681560520173393,1.0,1.0,0.0,1.0,15,victory,1,0,,0,11,11,6:1|6:2|6:3|6:4|6:5|6:6|6:7|6:8|7:1|7:2|7:8,40
2064,3792,0.3464988329443148,1.0,1.0,0.0,1.0,11,victory,1,0,,0,10,10,6:1|6:2|6:3|6:4|6:5|6:6|6:7|6:8|7:1|7:8,40
2065,3793,0.3461820606868957,1.0,1.0,0.0,1.0,9,victory,1,0,,0,10,10,6:1|6:2|6:3|6:4|6:5|6:6|6:7|6:8|7:1|7:8,40
2066,3794,0.3458652884294765,1.0,1.0,0.0,1.0,18,victory,1,0,,0,10,10,6:1|6:2|6:3|6:4|6:5|6:6|6:7|6:8|7:1|7:8,40
2067,3795,0.3455485161720573,1.0,1.0,0.0,1.0,14,victory,1,0,,0,12,12,5:1|6:1|6:2|6:3|6:4|6:5|6:6|6:7|7:1|7:7|7:8|8:1,40
2068,3796,0.3452317439146383,1.0,1.0,0.0,1.0,11,victory,1,0,,0,11,11,6:1|6:2|6:3|6:4|6:5|6:6|6:7|6:8|7:1|7:3|7:8,40
2069,3797,0.34491497165721907,1.0,1.0,0.0,1.0,15,victory,1,0,,0,10,10,6:1|6:2|6:3|6:4|6:5|6:6|6:7|6:8|7:1|7:8,40
2070,3798,0.34459819939979996,1.0,1.0,0.0,1.0,13,victory,1,0,,0,11,11,6:1|6:2|6:3|6:4|6:5|6:6|6:7|6:8|7:1|7:8|8:1,40
2071,3799,0.34428142714238075,1.0,1.0,0.0,1.0,13,victory,1,0,,0,12,12,5:7|5:8|6:1|6:2|6:3|6:4|6:5|6:6|6:7|6:8|7:1|7:8,40
2072,3800,0.34396465488496175,1.0,1.0,0.0,1.0,15,victory,1,0,,0,11,11,5:6|6:1|6:2|6:3|6:4|6:5|6:6|6:7|6:8|7:1|7:8,40
2073,3801,0.34364788262754253,1.0,1.0,0.0,1.0,10,victory,1,0,,0,10,10,6:1|6:2|6:3|6:4|6:5|6:6|6:7|6:8|7:1|7:8,40
2074,3802,0.3433311103701234,1.0,1.0,0.0,1.0,17,victory,1,0,,0,13,13,5:6|5:7|6:1|6:2|6:3|6:4|6:5|6:6|6:7|6:8|7:1|7:5|7:8,40
2075,3803,0.3430143381127043,1.0,1.0,0.0,1.0,12,victory,1,0,,0,10,10,6:1|6:2|6:3|6:4|6:5|6:6|6:7|6:8|7:1|7:8,40
2076,3804,0.3426975658552851,1.0,1.0,0.0,1.0,10,victory,1,0,,0,10,10,6:1|6:2|6:3|6:4|6:5|6:6|6:7|6:8|7:1|7:8,40
2077,3805,0.342380793597866,1.0,1.0,0.0,1.0,12,victory,1,0,,0,12,12,5:7|5:8|6:1|6:2|6:3|6:4|6:5|6:6|6:7|6:8|7:1|7:8,40
2078,3806,0.3420640213404468,1.0,1.0,0.0,1.0,11,victory,1,0,,0,10,10,6:1|6:2|6:3|6:4|6:5|6:6|6:7|6:8|7:1|7:8,40
2079,3807,0.3417472490830278,1.0,1.0,0.0,1.0,11,victory,1,0,,0,10,10,6:1|6:2|6:3|6:4|6:5|6:6|6:7|6:8|7:1|7:8,40
2080,3808,0.34143047682560856,1.0,1.0,0.0,1.0,11,victory,1,0,,0,11,11,6:1|6:2|6:3|6:4|6:5|6:6|6:7|7:1|7:7|7:8|8:1,40
2081,3809,0.34111370456818946,1.0,1.0,0.0,1.0,11,victory,1,0,,0,10,10,6:1|6:2|6:3|6:4|6:5|6:6|6:7|6:8|7:1|7:8,40
2082,3810,0.34079693231077024,0.0,0.0,0.0,0.0,5,death,0,1,fire,0,6,6,6:1|6:2|6:3|7:1|7:3|8:3,40
2083,3811,0.34048016005335113,0.0,0.0,0.0,0.0,2,death,0,1,fire,0,3,3,7:1|8:1|8:2,40
2084,3812,0.340163387795932,1.0,1.0,0.0,1.0,11,victory,1,0,,0,10,10,6:1|6:2|6:3|6:4|6:5|6:6|6:7|6:8|7:1|7:8,40
2085,3813,0.3398466155385128,1.0,1.0,0.0,1.0,15,victory,1,0,,0,10,10,6:1|6:2|6:3|6:4|6:5|6:6|6:7|6:8|7:1|7:8,40
2086,3814,0.3395298432810937,1.0,1.0,0.0,1.0,13,victory,1,0,,0,12,12,5:1|5:2|6:1|6:2|6:3|6:4|6:5|6:6|6:7|6:8|7:1|7:8,40
2087,3815,0.3392130710236746,1.0,1.0,0.0,1.0,26,victory,1,0,,0,13,13,5:1|5:2|5:7|6:1|6:2|6:3|6:4|6:5|6:6|6:7|6:8|7:1|7:8,40
2088,3816,0.3388962987662555,1.0,1.0,0.0,1.0,21,victory,1,0,,0,15,15,5:1|5:2|5:6|5:7|6:1|6:2|6:3|6:4|6:5|6:6|6:7|6:8|7:1|7:3|7:8,40
2089,3817,0.33857952650883627,0.0,0.0,0.0,0.0,10,death,0,1,fire,0,5,5,6:1|6:2|7:1|8:1|8:2,40
2090,3818,0.33826275425141716,0.0,0.0,0.0,0.0,5,death,0,1,fire,0,6,6,6:1|6:2|6:3|7:1|7:3|8:3,40
2091,3819,0.33794598199399806,1.0,1.0,0.0,1.0,16,victory,1,0,,0,12,12,4:1|5:1|6:1|6:2|6:3|6:4|6:5|6:6|6:7|6:8|7:1|7:8,40
2092,3820,0.33762920973657884,1.0,1.0,0.0,1.0,15,victory,1,0,,0,12,12,5:1|6:1|6:2|6:3|6:4|6:5|6:6|6:7|7:1|7:7|7:8|8:1,40
2093,3821,0.33731243747915973,1.0,1.0,0.0,1.0,18,victory,1,0,,0,10,10,6:1|6:2|6:3|6:4|6:5|6:6|6:7|6:8|7:1|7:8,40
2094,3822,0.3369956652217406,0.0,0.0,0.0,0.0,13,death,0,1,fire,0,10,10,6:1|6:2|6:3|6:4|6:5|6:6|7:1|7:2|7:6|8:6,40
2095,3823,0.3366788929643215,0.0,0.0,0.0,0.0,8,death,0,1,fire,0,9,9,6:1|6:2|6:3|6:4|6:5|6:6|7:1|7:6|8:6,40
2096,3824,0.3363621207069023,0.0,0.0,0.0,0.0,11,death,0,1,fire,0,11,11,5:7|6:1|6:2|6:3|6:4|6:5|6:6|6:7|7:1|7:7|8:7,40
2097,3825,0.3360453484494832,1.0,1.0,0.0,1.0,13,victory,1,0,,0,12,12,6:1|6:2|6:4|6:5|6:6|6:7|6:8|7:1|7:2|7:3|7:4|7:8,40
2098,3826,0.3357285761920641,1.0,1.0,0.0,1.0,20,victory,1,0,,0,14,14,4:7|5:7|5:8|6:1|6:2|6:3|6:4|6:5|6:6|6:7|6:8|7:1|7:5|7:8,40
2099,3827,0.33541180393464487,1.0,1.0,0.0,1.0,13,victory,1,0,,0,11,11,6:1|6:2|6:3|6:4|6:5|6:6|6:7|6:8|7:1|7:3|7:8,40
2100,3828,0.33509503167722576,1.0,1.0,0.0,1.0,11,victory,1,0,,0,10,10,6:1|6:2|6:3|6:4|6:5|6:6|6:7|6:8|7:1|7:8,40
2101,3829,0.33477825941980655,1.0,1.0,0.0,1.0,19,victory,1,0,,0,11,11,5:8|6:1|6:2|6:3|6:4|6:5|6:6|6:7|6:8|7:1|7:8,40
2102,3830,0.33446148716238755,1.0,1.0,0.0,1.0,15,victory,1,0,,0,11,11,5:7|6:1|6:2|6:3|6:4|6:5|6:6|6:7|7:1|7:7|7:8,40
2103,3831,0.33414471490496833,1.0,1.0,0.0,1.0,13,victory,1,0,,0,11,11,6:2|6:3|6:4|6:5|6:6|6:7|6:8|7:1|7:2|7:5|7:8,40
2104,3832,0.3338279426475492,1.0,1.0,0.0,1.0,19,victory,1,0,,0,14,14,5:6|5:7|5:8|6:1|6:2|6:3|6:4|6:5|6:6|6:7|6:8|7:1|7:6|7:8,40
2105,3833,0.3335111703901301,1.0,1.0,0.0,1.0,17,victory,1,0,,0,14,14,5:7|6:1|6:2|6:3|6:4|6:5|6:6|6:7|6:8|7:1|7:3|7:4|7:5|7:8,40
2106,3834,0.3331943981327109,1.0,1.0,0.0,1.0,14,victory,1,0,,0,12,12,5:1|6:1|6:2|6:3|6:4|6:5|6:6|6:7|6:8|7:1|7:5|7:8,40
2107,3835,0.3328776258752918,1.0,1.0,0.0,1.0,11,victory,1,0,,0,10,10,6:1|6:2|6:3|6:4|6:5|6:6|6:7|6:8|7:1|7:8,40
2108,3836,0.3325608536178726,1.0,1.0,0.0,1.0,11,victory,1,0,,0,11,11,6:1|6:2|6:3|6:4|6:5|6:6|6:7|6:8|7:1|7:3|7:8,40
2109,3837,0.3322440813604536,1.0,1.0,0.0,1.0,11,victory,1,0,,0,11,11,6:1|6:2|6:3|6:4|6:5|6:6|6:7|6:8|7:1|7:2|7:8,40
2110,3838,0.33192730910303436,1.0,1.0,0.0,1.0,16,victory,1,0,,0,10,10,6:1|6:2|6:3|6:4|6:5|6:6|6:7|6:8|7:1|7:8,40
2111,3839,0.33161053684561526,1.0,1.0,0.0,1.0,9,victory,1,0,,0,10,10,6:1|6:2|6:3|6:4|6:5|6:6|6:7|6:8|7:1|7:8,40
2112,3840,0.33129376458819604,1.0,1.0,0.0,1.0,11,victory,1,0,,0,10,10,6:1|6:2|6:3|6:4|6:5|6:6|6:7|6:8|7:1|7:8,40
2113,3841,0.33097699233077704,1.0,1.0,0.0,1.0,19,victory,1,0,,0,13,13,6:1|6:2|6:3|6:4|6:5|6:6|6:7|6:8|7:1|7:2|7:3|7:5|7:8,40
2114,3842,0.3306602200733578,0.0,0.0,0.0,0.0,5,death,0,1,fire,0,6,6,6:1|6:2|7:1|7:2|7:3|8:3,40
2115,3843,0.3303434478159386,0.0,0.0,0.0,0.0,17,death,0,1,fire,0,11,11,4:6|5:6|6:1|6:2|6:3|6:4|6:5|6:6|7:1|7:5|8:5,40
2116,3844,0.3300266755585195,1.0,1.0,0.0,1.0,11,victory,1,0,,0,11,11,6:1|6:2|6:3|6:4|6:5|6:6|6:7|6:8|7:1|7:2|7:8,40
2117,3845,0.3297099033011004,1.0,1.0,0.0,1.0,12,victory,1,0,,0,10,10,6:1|6:2|6:3|6:4|6:5|6:6|6:7|6:8|7:1|7:8,40
2118,3846,0.3293931310436813,1.0,1.0,0.0,1.0,16,victory,1,0,,0,11,11,6:1|6:2|6:3|6:4|6:5|6:6|6:7|6:8|7:1|7:3|7:8,40
2119,3847,0.32907635878626207,1.0,1.0,0.0,1.0,18,victory,1,0,,0,13,13,4:8|5:8|6:1|6:2|6:3|6:4|6:5|6:6|6:7|6:8|7:1|7:3|7:8,40
2120,3848,0.3287595865288431,1.0,1.0,0.0,1.0,10,victory,1,0,,0,10,10,6:1|6:2|6:3|6:4|6:5|6:6|6:7|6:8|7:1|7:8,40
2121,3849,0.32844281427142386,0.0,0.0,0.0,0.0,7,death,0,1,fire,0,7,7,6:1|6:2|6:3|6:4|7:1|7:4|8:4,40
2122,3850,0.32812604201400464,1.0,1.0,0.0,1.0,13,victory,1,0,,0,10,10,6:1|6:2|6:3|6:4|6:5|6:6|6:7|6:8|7:1|7:8,40
2123,3851,0.32780926975658553,1.0,1.0,0.0,1.0,10,victory,1,0,,0,10,10,6:1|6:2|6:3|6:4|6:5|6:6|6:7|6:8|7:1|7:8,40
2124,3852,0.3274924974991664,1.0,1.0,0.0,1.0,17,victory,1,0,,0,10,10,6:1|6:2|6:3|6:4|6:5|6:6|6:7|6:8|7:1|7:8,40
2125,3853,0.3271757252417473,1.0,1.0,0.0,1.0,14,victory,1,0,,0,12,12,4:2|5:2|6:1|6:2|6:3|6:4|6:5|6:6|6:7|6:8|7:1|7:8,40
2126,3854,0.3268589529843281,1.0,1.0,0.0,1.0,9,victory,1,0,,0,10,10,6:1|6:2|6:3|6:4|6:5|6:6|6:7|6:8|7:1|7:8,40
2127,3855,0.326542180726909,1.0,1.0,0.0,1.0,12,victory,1,0,,0,10,10,6:1|6:2|6:3|6:4|6:5|6:6|6:7|6:8|7:1|7:8,40
2128,3856,0.3262254084694899,1.0,1.0,0.0,1.0,11,victory,1,0,,0,10,10,6:2|6:3|6:4|6:5|6:6|6:7|6:8|7:1|7:2|7:8,40
2129,3857,0.3259086362120708,1.0,1.0,0.0,1.0,11,victory,1,0,,0,11,11,6:1|6:2|6:3|6:4|6:5|6:6|6:7|6:8|7:1|7:4|7:8,40
2130,3858,0.32559186395465156,1.0,1.0,0.0,1.0,16,victory,1,0,,0,12,12,5:6|6:1|6:2|6:3|6:4|6:5|6:6|6:7|6:8|7:1|7:2|7:8,40
2131,3859,0.32527509169723234,1.0,1.0,0.0,1.0,16,victory,1,0,,0,12,12,5:2|5:7|6:1|6:2|6:3|6:4|6:5|6:6|6:7|6:8|7:1|7:8,40
2132,3860,0.32495831943981335,1.0,1.0,0.0,1.0,16,victory,1,0,,0,12,12,5:7|6:1|6:2|6:3|6:4|6:5|6:6|6:7|6:8|7:1|7:4|7:8,40
2133,3861,0.32464154718239413,0.0,0.0,0.0,0.0,14,death,0,1,fire,0,10,10,6:1|6:2|6:3|6:4|6:5|6:6|7:1|7:4|7:5|8:4,40
2134,3862,0.324324774924975,1.0,1.0,0.0,1.0,9,victory,1,0,,0,10,10,6:1|6:2|6:3|6:4|6:5|6:6|6:7|6:8|7:1|7:8,40
2135,3863,0.3240080026675559,1.0,1.0,0.0,1.0,10,victory,1,0,,0,10,10,6:1|6:2|6:3|6:4|6:5|6:6|6:7|6:8|7:1|7:8,40
2136,3864,0.3236912304101368,1.0,1.0,0.0,1.0,20,victory,1,0,,0,12,12,6:1|6:2|6:3|6:4|6:5|6:6|6:7|6:8|7:1|7:5|7:6|7:8,40
2137,3865,0.3233744581527176,1.0,1.0,0.0,1.0,11,victory,1,0,,0,11,11,6:1|6:2|6:3|6:4|6:5|6:6|6:7|6:8|7:1|7:3|7:8,40
2138,3866,0.3230576858952984,1.0,1.0,0.0,1.0,14,victory,1,0,,0,12,12,6:1|6:2|6:3|6:4|6:5|6:6|6:7|7:1|7:2|7:3|7:7|7:8,40
2139,3867,0.3227409136378794,1.0,1.0,0.0,1.0,17,victory,1,0,,0,12,12,5:2|5:7|6:1|6:2|6:3|6:4|6:5|6:6|6:7|6:8|7:1|7:8,40
2140,3868,0.32242414138046016,1.0,1.0,0.0,1.0,17,victory,1,0,,0,13,13,5:8|6:1|6:2|6:3|6:4|6:5|6:6|6:7|6:8|7:1|7:2|7:5|7:8,40
2141,3869,0.32210736912304105,1.0,1.0,0.0,1.0,11,victory,1,0,,0,11,11,6:1|6:2|6:3|6:4|6:5|6:6|6:7|6:8|7:1|7:8|8:1,40
2142,3870,0.32179059686562184,1.0,1.0,0.0,1.0,18,victory,1,0,,0,12,12,5:1|6:1|6:2|6:3|6:4|6:5|6:6|6:7|6:8|7:1|7:2|7:8,40
2143,3871,0.32147382460820284,1.0,1.0,0.0,1.0,12,victory,1,0,,0,12,12,6:1|6:2|6:3|6:4|6:5|6:6|6:7|6:8|7:1|7:2|7:3|7:8,40
2144,3872,0.3211570523507836,1.0,1.0,0.0,1.0,17,victory,1,0,,0,13,13,5:1|5:2|6:1|6:2|6:3|6:4|6:5|6:6|6:7|6:8|7:1|7:5|7:8,40
2145,3873,0.3208402800933645,1.0,1.0,0.0,1.0,19,victory,1,0,,0,13,13,5:2|5:6|6:1|6:2|6:3|6:4|6:5|6:6|6:7|6:8|7:1|7:5|7:8,40
2146,3874,0.3205235078359453,1.0,1.0,0.0,1.0,15,victory,1,0,,0,12,12,6:1|6:2|6:3|6:4|6:5|6:6|6:7|6:8|7:1|7:5|7:6|7:8,40
2147,3875,0.3202067355785262,1.0,1.0,0.0,1.0,17,victory,1,0,,0,13,13,5:1|5:8|6:1|6:2|6:3|6:4|6:5|6:6|6:7|6:8|7:1|7:5|7:8,40
2148,3876,0.3198899633211071,1.0,1.0,0.0,1.0,11,victory,1,0,,0,11,11,5:1|6:1|6:2|6:3|6:4|6:5|6:6|6:7|6:8|7:1|7:8,40
2149,3877,0.31957319106368787,1.0,1.0,0.0,1.0,15,victory,1,0,,0,11,11,5:7|6:2|6:3|6:4|6:5|6:6|6:7|6:8|7:1|7:2|7:8,40
2150,3878,0.31925641880626887,1.0,1.0,0.0,1.0,14,victory,1,0,,0,12,12,5:6|5:7|6:1|6:2|6:3|6:4|6:5|6:6|6:7|6:8|7:1|7:8,40
2151,3879,0.31893964654884965,0.0,0.0,0.0,0.0,3,death,0,1,fire,0,3,3,7:1|8:1|8:2,40
2152,3880,0.31862287429143055,0.0,0.0,0.0,0.0,11,death,0,1,fire,0,10,10,6:1|6:2|6:3|6:4|6:5|6:6|6:7|7:1|7:7|8:7,40
2153,3881,0.31830610203401133,1.0,1.0,0.0,1.0,11,victory,1,0,,0,11,11,5:7|6:1|6:2|6:3|6:4|6:5|6:6|6:7|6:8|7:1|7:8,40
2154,3882,0.3179893297765922,1.0,1.0,0.0,1.0,16,victory,1,0,,0,13,13,5:2|6:1|6:2|6:3|6:4|6:5|6:6|6:7|6:8|7:1|7:2|7:5|7:8,40
2155,3883,0.3176725575191731,1.0,1.0,0.0,1.0,17,victory,1,0,,0,12,12,5:6|6:1|6:2|6:3|6:4|6:5|6:6|6:7|6:8|7:1|7:4|7:8,40
2156,3884,0.3173557852617539,1.0,1.0,0.0,1.0,20,victory,1,0,,0,12,12,6:1|6:2|6:3|6:4|6:5|6:6|6:7|6:8|7:1|7:3|7:5|7:8,40
2157,3885,0.3170390130043348,1.0,1.0,0.0,1.0,11,victory,1,0,,0,11,11,5:2|6:1|6:2|6:3|6:4|6:5|6:6|6:7|6:8|7:1|7:8,40
2158,3886,0.3167222407469157,1.0,1.0,0.0,1.0,17,victory,1,0,,0,10,10,6:1|6:2|6:3|6:4|6:5|6:6|6:7|6:8|7:1|7:8,40
2159,3887,0.3164054684894966,1.0,1.0,0.0,1.0,12,victory,1,0,,0,10,10,6:1|6:2|6:3|6:4|6:5|6:6|6:7|6:8|7:1|7:8,40
2160,3888,0.31608869623207736,1.0,1.0,0.0,1.0,16,victory,1,0,,0,11,11,6:1|6:2|6:3|6:4|6:5|6:6|6:7|6:8|7:1|7:5|7:8,40
2161,3889,0.31577192397465825,1.0,1.0,0.0,1.0,9,victory,1,0,,0,10,10,6:1|6:2|6:3|6:4|6:5|6:6|6:7|6:8|7:1|7:8,40
2162,3890,0.31545515171723915,1.0,1.0,0.0,1.0,11,victory,1,0,,0,11,11,6:1|6:2|6:3|6:4|6:5|6:6|6:7|6:8|7:1|7:2|7:8,40
2163,3891,0.31513837945981993,1.0,1.0,0.0,1.0,14,victory,1,0,,0,12,12,5:2|6:1|6:2|6:3|6:4|6:5|6:6|6:7|6:8|7:1|7:3|7:8,40
2164,3892,0.3148216072024008,0.0,0.0,0.0,0.0,14,death,0,1,fire,0,11,11,5:2|6:1|6:2|6:3|6:4|6:5|6:6|7:1|7:2|7:6|8:6,40
2165,3893,0.3145048349449817,0.0,0.0,0.0,0.0,12,death,0,1,fire,0,10,10,5:2|6:1|6:2|6:3|6:4|6:5|6:6|7:1|7:6|8:6,40
2166,3894,0.3141880626875626,0.0,0.0,0.0,0.0,3,death,0,1,fire,0,3,3,7:1|8:1|8:2,40
2167,3895,0.3138712904301434,1.0,1.0,0.0,1.0,11,victory,1,0,,0,11,11,6:1|6:2|6:3|6:4|6:5|6:6|6:7|6:8|7:1|7:8|8:1,40
2168,3896,0.3135545181727243,1.0,1.0,0.0,1.0,15,victory,1,0,,0,11,11,6:1|6:2|6:3|6:4|6:5|6:6|6:7|6:8|7:1|7:8|8:1,40
2169,3897,0.3132377459153052,1.0,1.0,0.0,1.0,19,victory,1,0,,0,12,12,6:1|6:2|6:3|6:4|6:5|6:6|6:7|6:8|7:1|7:3|7:4|7:8,40
2170,3898,0.31292097365788596,1.0,1.0,0.0,1.0,23,victory,1,0,,0,11,11,5:2|6:1|6:2|6:3|6:4|6:5|6:6|6:7|6:8|7:1|7:8,40
2171,3899,0.31260420140046685,1.0,1.0,0.0,1.0,12,victory,1,0,,0,10,10,6:1|6:2|6:3|6:4|6:5|6:6|6:7|6:8|7:1|7:8,40
2172,3900,0.31228742914304763,0.0,0.0,0.0,0.0,9,death,0,1,fire,0,10,10,6:1|6:2|6:3|6:4|6:5|6:6|6:7|7:1|7:7|8:7,40
2173,3901,0.31197065688562864,1.0,1.0,0.0,1.0,10,victory,1,0,,0,10,10,6:1|6:2|6:3|6:4|6:5|6:6|7:1|7:6|7:7|7:8,40
2174,3902,0.3116538846282094,1.0,1.0,0.0,1.0,14,victory,1,0,,0,11,11,5:2|6:1|6:2|6:3|6:4|6:5|6:6|6:7|6:8|7:1|7:8,40
2175,3903,0.3113371123707903,1.0,1.0,0.0,1.0,14,victory,1,0,,0,10,10,6:1|6:2|6:3|6:4|6:5|6:6|6:7|6:8|7:1|7:8,40
2176,3904,0.3110203401133711,0.0,0.0,0.0,0.0,10,death,0,1,fire,0,10,10,5:6|6:1|6:2|6:3|6:4|6:5|6:6|7:1|7:6|8:6,40
2177,3905,0.310703567855952,1.0,1.0,0.0,1.0,11,victory,1,0,,0,11,11,6:1|6:2|6:3|6:4|6:5|6:6|6:7|6:8|7:1|7:2|7:8,40
2178,3906,0.3103867955985329,1.0,1.0,0.0,1.0,12,victory,1,0,,0,10,10,6:1|6:2|6:3|6:4|6:5|6:6|6:7|6:8|7:1|7:8,40
2179,3907,0.31007002334111367,1.0,1.0,0.0,1.0,16,victory,1,0,,0,11,11,6:1|6:2|6:3|6:4|6:5|6:6|6:7|7:1|7:2|7:7|7:8,40
2180,3908,0.30975325108369467,1.0,1.0,0.0,1.0,16,victory,1,0,,0,11,11,6:1|6:2|6:3|6:4|6:5|6:6|6:7|6:8|7:1|7:8|8:1,40
2181,3909,0.30943647882627545,1.0,1.0,0.0,1.0,10,victory,1,0,,0,10,10,6:1|6:2|6:3|6:4|6:5|6:6|6:7|6:8|7:1|7:8,40
2182,3910,0.30911970656885635,1.0,1.0,0.0,1.0,9,victory,1,0,,0,10,10,6:1|6:2|6:3|6:4|6:5|6:6|6:7|6:8|7:1|7:8,40
2183,3911,0.3088029343114371,1.0,1.0,0.0,1.0,16,victory,1,0,,0,12,12,5:8|6:1|6:2|6:3|6:4|6:5|6:6|6:7|6:8|7:1|7:4|7:8,40
2184,3912,0.30848616205401813,1.0,1.0,0.0,1.0,13,victory,1,0,,0,11,11,6:1|6:2|6:3|6:4|6:5|6:6|6:7|7:1|7:5|7:7|7:8,40
2185,3913,0.3081693897965989,1.0,1.0,0.0,1.0,26,victory,1,0,,0,14,14,3:8|4:8|5:8|6:1|6:2|6:3|6:4|6:5|6:6|6:7|6:8|7:1|7:8|8:1,40
2186,3914,0.3078526175391797,1.0,1.0,0.0,1.0,15,victory,1,0,,0,14,14,3:7|4:7|5:6|5:7|6:1|6:2|6:3|6:4|6:5|6:6|6:7|6:8|7:1|7:8,40
2187,3915,0.3075358452817606,1.0,1.0,0.0,1.0,24,victory,1,0,,0,12,12,5:7|6:1|6:2|6:3|6:4|6:5|6:6|6:7|7:1|7:3|7:7|7:8,40
2188,3916,0.3072190730243415,1.0,1.0,0.0,1.0,13,victory,1,0,,0,12,12,5:2|5:7|6:1|6:2|6:3|6:4|6:5|6:6|6:7|6:8|7:1|7:8,40
2189,3917,0.3069023007669224,1.0,1.0,0.0,1.0,10,victory,1,0,,0,10,10,6:1|6:2|6:3|6:4|6:5|6:6|6:7|6:8|7:1|7:8,40
2190,3918,0.30658552850950316,1.0,1.0,0.0,1.0,15,victory,1,0,,0,10,10,6:1|6:2|6:3|6:4|6:5|6:6|6:7|6:8|7:1|7:8,40
2191,3919,0.30626875625208405,1.0,1.0,0.0,1.0,13,victory,1,0,,0,11,11,6:1|6:2|6:3|6:4|6:5|6:6|6:7|6:8|7:1|7:4|7:8,40
2192,3920,0.30595198399466494,1.0,1.0,0.0,1.0,10,victory,1,0,,0,10,10,6:1|6:2|6:3|6:4|6:5|6:6|6:7|6:8|7:1|7:8,40
2193,3921,0.3056352117372457,0.0,0.0,0.0,0.0,13,death,0,1,fire,0,10,10,5:6|6:1|6:2|6:3|6:4|6:5|6:6|7:1|7:6|8:6,40
2194,3922,0.3053184394798266,1.0,1.0,0.0,1.0,15,victory,1,0,,0,12,12,6:1|6:2|6:3|6:4|6:5|6:6|6:7|7:1|7:6|7:7|7:8|8:1,40
2195,3923,0.3050016672224075,1.0,1.0,0.0,1.0,15,victory,1,0,,0,12,12,5:1|5:6|6:1|6:2|6:3|6:4|6:5|6:6|6:7|6:8|7:1|7:8,40
2196,3924,0.3046848949649884,1.0,1.0,0.0,1.0,11,victory,1,0,,0,11,11,6:1|6:2|6:3|6:4|6:5|6:6|7:1|7:6|7:7|7:8|8:1,40
2197,3925,0.3043681227075692,0.0,0.0,0.0,0.0,8,death,0,1,fire,0,6,6,5:2|6:1|6:2|7:1|7:2|8:2,40
2198,3926,0.3040513504501501,1.0,1.0,0.0,1.0,32,victory,1,0,,0,11,11,6:1|6:2|6:3|6:4|6:5|6:6|6:7|6:8|7:1|7:4|7:8,40
2199,3927,0.303734578192731,1.0,1.0,0.0,1.0,23,victory,1,0,,0,17,17,4:6|4:7|5:6|5:7|6:1|6:2|6:3|6:4|6:5|6:6|6:7|6:8|7:1|7:3|7:4|7:5|7:8,40
2200,3928,0.30341780593531187,1.0,1.0,0.0,1.0,15,victory,1,0,,0,11,11,6:3|6:4|6:5|6:6|6:7|6:8|7:1|7:2|7:3|7:5|7:8,40
2201,3929,0.30310103367789265,1.0,1.0,0.0,1.0,9,victory,1,0,,0,10,10,6:1|6:2|6:3|6:4|6:5|6:6|6:7|6:8|7:1|7:8,40
2202,3930,0.30278426142047343,1.0,1.0,0.0,1.0,15,victory,1,0,,0,12,12,6:1|6:2|6:3|6:4|6:5|6:6|6:7|6:8|7:1|7:3|7:8|8:1,40
2203,3931,0.30246748916305444,1.0,1.0,0.0,1.0,11,victory,1,0,,0,10,10,6:1|6:2|6:3|6:4|6:5|6:6|6:7|7:1|7:7|7:8,40
2204,3932,0.3021507169056352,0.0,0.0,0.0,0.0,10,death,0,1,fire,0,8,8,6:1|6:2|6:3|6:4|6:5|7:1|7:5|8:5,40
2205,3933,0.3018339446482161,1.0,1.0,0.0,1.0,9,victory,1,0,,0,10,10,6:1|6:2|6:3|6:4|6:5|6:6|6:7|6:8|7:1|7:8,40
2206,3934,0.3015171723907969,1.0,1.0,0.0,1.0,9,victory,1,0,,0,10,10,6:1|6:2|6:3|6:4|6:5|6:6|6:7|6:8|7:1|7:8,40
2207,3935,0.3012004001333779,1.0,1.0,0.0,1.0,10,victory,1,0,,0,10,10,6:1|6:2|6:3|6:4|6:5|6:6|6:7|6:8|7:1|7:8,40
2208,3936,0.3008836278759587,1.0,1.0,0.0,1.0,17,victory,1,0,,0,10,10,6:1|6:2|6:3|6:4|6:5|6:6|6:7|6:8|7:1|7:8,40
2209,3937,0.30056685561853946,1.0,1.0,0.0,1.0,9,victory,1,0,,0,10,10,6:1|6:2|6:3|6:4|6:5|6:6|6:7|7:1|7:7|7:8,40
2210,3938,0.30025008336112047,1.0,1.0,0.0,1.0,13,victory,1,0,,0,12,12,6:1|6:2|6:3|6:4|6:5|6:6|6:7|7:1|7:3|7:4|7:7|7:8,40
2211,3939,0.29993331110370125,0.0,0.0,0.0,0.0,12,death,0,1,fire,0,10,10,5:6|6:1|6:2|6:3|6:4|6:5|6:6|7:1|7:6|8:6,40
2212,3940,0.29961653884628214,1.0,1.0,0.0,1.0,9,victory,1,0,,0,10,10,6:1|6:2|6:3|6:4|6:5|6:6|6:7|6:8|7:1|7:8,40
2213,3941,0.2992997665888629,1.0,1.0,0.0,1.0,24,victory,1,0,,0,13,13,5:6|5:7|5:8|6:1|6:2|6:3|6:4|6:5|6:6|6:7|6:8|7:1|7:8,40
2214,3942,0.29898299433144393,1.0,1.0,0.0,1.0,12,victory,1,0,,0,11,11,5:8|6:1|6:2|6:3|6:4|6:5|6:6|6:7|6:8|7:1|7:8,40
2215,3943,0.2986662220740247,1.0,1.0,0.0,1.0,10,victory,1,0,,0,10,10,6:1|6:2|6:3|6:4|6:5|6:6|6:7|6:8|7:1|7:8,40
2216,3944,0.2983494498166056,1.0,1.0,0.0,1.0,12,victory,1,0,,0,10,10,6:1|6:2|6:3|6:4|6:5|6:6|6:7|6:8|7:1|7:8,40
2217,3945,0.2980326775591864,1.0,1.0,0.0,1.0,15,victory,1,0,,0,12,12,6:1|6:2|6:3|6:4|6:5|6:6|6:7|6:8|7:1|7:5|7:6|7:8,40
2218,3946,0.2977159053017673,1.0,1.0,0.0,1.0,9,victory,1,0,,0,10,10,6:1|6:2|6:3|6:4|6:5|6:6|6:7|6:8|7:1|7:8,40
2219,3947,0.2973991330443482,1.0,1.0,0.0,1.0,16,victory,1,0,,0,11,11,6:1|6:2|6:3|6:4|6:5|6:6|6:7|6:8|7:1|7:7|7:8,40
2220,3948,0.29708236078692896,1.0,1.0,0.0,1.0,15,victory,1,0,,0,10,10,6:1|6:2|6:3|6:4|6:5|6:6|6:7|6:8|7:1|7:8,40
2221,3949,0.29676558852950985,1.0,1.0,0.0,1.0,17,victory,1,0,,0,12,12,6:1|6:2|6:3|6:4|6:5|6:6|6:7|6:8|7:1|7:6|7:8|8:1,40
2222,3950,0.29644881627209074,1.0,1.0,0.0,1.0,20,victory,1,0,,0,13,13,5:6|5:7|5:8|6:1|6:2|6:3|6:4|6:5|6:6|6:7|6:8|7:1|7:8,40
2223,3951,0.29613204401467164,0.0,0.0,0.0,0.0,5,death,0,1,fire,0,6,6,6:1|6:2|7:1|7:2|7:3|8:3,40
2224,3952,0.2958152717572524,1.0,1.0,0.0,1.0,9,victory,1,0,,0,10,10,6:1|6:2|6:3|6:4|6:5|6:6|6:7|7:1|7:7|7:8,40
2225,3953,0.2954984994998333,1.0,1.0,0.0,1.0,12,victory,1,0,,0,10,10,6:1|6:2|6:3|6:4|6:5|6:6|6:7|6:8|7:1|7:8,40
2226,3954,0.2951817272424142,1.0,1.0,0.0,1.0,9,victory,1,0,,0,10,10,6:1|6:2|6:3|6:4|6:5|6:6|6:7|6:8|7:1|7:8,40
2227,3955,0.294864954984995,1.0,1.0,0.0,1.0,13,victory,1,0,,0,12,12,6:1|6:2|6:3|6:4|6:5|6:6|6:7|6:8|7:1|7:4|7:5|7:8,40
2228,3956,0.2945481827275759,1.0,1.0,0.0,1.0,23,victory,1,0,,0,11,11,6:1|6:2|6:3|6:4|6:5|6:6|6:7|6:8|7:1|7:8|8:1,40
2229,3957,0.2942314104701568,1.0,1.0,0.0,1.0,17,victory,1,0,,0,11,11,6:1|6:2|6:3|6:4|6:5|6:6|6:7|6:8|7:1|7:5|7:8,40
2230,3958,0.29391463821273767,1.0,1.0,0.0,1.0,9,victory,1,0,,0,10,10,6:1|6:2|6:3|6:4|6:5|6:6|6:7|6:8|7:1|7:8,40
2231,3959,0.29359786595531845,1.0,1.0,0.0,1.0,19,victory,1,0,,0,15,15,4:2|5:2|5:8|6:1|6:2|6:3|6:4|6:5|6:6|6:7|6:8|7:1|7:3|7:6|7:8,40
2232,3960,0.29328109369789934,1.0,1.0,0.0,1.0,11,victory,1,0,,0,10,10,6:4|6:5|6:6|6:7|6:8|7:1|7:2|7:3|7:4|7:8,40
2233,3961,0.29296432144048024,1.0,1.0,0.0,1.0,13,victory,1,0,,0,11,11,5:7|6:1|6:2|6:3|6:4|6:5|6:6|6:7|6:8|7:1|7:8,40
2234,3962,0.292647549183061,0.0,0.0,0.0,0.0,8,death,0,1,fire,0,8,8,5:1|6:1|6:2|6:3|6:4|7:1|7:4|8:4,40
2235,3963,0.2923307769256419,1.0,1.0,0.0,1.0,9,victory,1,0,,0,10,10,6:2|6:3|6:4|6:5|6:6|6:7|6:8|7:1|7:2|7:8,40
2236,3964,0.2920140046682227,1.0,1.0,0.0,1.0,15,victory,1,0,,0,10,10,6:1|6:2|6:3|6:4|6:5|6:6|6:7|6:8|7:1|7:8,40
2237,3965,0.2916972324108037,1.0,1.0,0.0,1.0,9,victory,1,0,,0,10,10,6:1|6:2|6:3|6:4|6:5|6:6|6:7|6:8|7:1|7:8,40
2238,3966,0.2913804601533845,0.0,0.0,0.0,0.0,2,death,0,1,fire,0,3,3,7:1|8:1|8:2,40
2239,3967,0.2910636878959654,1.0,1.0,0.0,1.0,9,victory,1,0,,0,10,10,6:1|6:2|6:3|6:4|6:5|6:6|6:7|6:8|7:1|7:8,40
2240,3968,0.29074691563854627,0.0,0.0,0.0,0.0,14,death,0,1,fire,0,9,9,6:1|6:2|6:3|6:4|7:1|7:2|7:3|7:4|8:4,40
2241,3969,0.29043014338112705,0.0,0.0,0.0,0.0,16,death,0,1,fire,0,11,11,4:2|5:2|6:1|6:2|6:3|6:4|6:5|6:6|7:1|7:6|8:6,40
2242,3970,0.29011337112370794,0.0,0.0,0.0,0.0,7,death,0,1,fire,0,8,8,6:1|6:2|6:3|6:4|6:5|7:1|7:5|8:5,40
2243,3971,0.2897965988662887,1.0,1.0,0.0,1.0,12,victory,1,0,,0,11,11,6:1|6:2|6:3|6:4|6:5|6:6|6:7|6:8|7:1|7:8|8:1,40
2244,3972,0.28947982660886973,1.0,1.0,0.0,1.0,13,victory,1,0,,0,12,12,5:1|6:1|6:2|6:3|6:4|6:5|6:6|6:7|6:8|7:1|7:2|7:8,40
2245,3973,0.2891630543514505,1.0,1.0,0.0,1.0,9,victory,1,0,,0,10,10,6:1|6:2|6:3|6:4|6:5|6:6|6:7|6:8|7:1|7:8,40
2246,3974,0.2888462820940314,1.0,1.0,0.0,1.0,22,victory,1,0,,0,13,13,5:1|5:7|6:1|6:2|6:3|6:4|6:5|6:6|6:7|7:1|7:5|7:7|7:8,40
2247,3975,0.2885295098366122,1.0,1.0,0.0,1.0,14,victory,1,0,,0,11,11,5:6|6:1|6:2|6:3|6:4|6:5|6:6|6:7|6:8|7:1|7:8,40
2248,3976,0.2882127375791931,1.0,1.0,0.0,1.0,14,victory,1,0,,0,12,12,6:1|6:2|6:3|6:4|6:5|6:6|6:7|6:8|7:1|7:2|7:6|7:8,40
2249,3977,0.287895965321774,1.0,1.0,0.0,1.0,12,victory,1,0,,0,11,11,5:8|6:1|6:2|6:3|6:4|6:5|6:6|6:7|6:8|7:1|7:8,40
2250,3978,0.28757919306435475,1.0,1.0,0.0,1.0,11,victory,1,0,,0,11,11,5:2|6:1|6:2|6:3|6:4|6:5|6:6|6:7|6:8|7:1|7:8,40
2251,3979,0.28726242080693565,0.0,0.0,0.0,0.0,8,death,0,1,fire,0,9,9,6:1|6:2|6:3|6:4|6:5|6:6|7:1|7:6|8:6,40
2252,3980,0.28694564854951654,1.0,1.0,0.0,1.0,9,victory,1,0,,0,10,10,6:1|6:2|6:3|6:4|6:5|6:6|6:7|6:8|7:1|7:8,40
2253,3981,0.28662887629209743,1.0,1.0,0.0,1.0,9,victory,1,0,,0,10,10,6:1|6:2|6:3|6:4|6:5|6:6|6:7|6:8|7:1|7:8,40
2254,3982,0.2863121040346782,1.0,1.0,0.0,1.0,15,victory,1,0,,0,11,11,5:8|6:1|6:2|6:3|6:4|6:5|6:6|6:7|6:8|7:1|7:8,40
2255,3983,0.2859953317772592,1.0,1.0,0.0,1.0,11,victory,1,0,,0,11,11,6:1|6:2|6:3|6:4|6:5|6:6|6:7|6:8|7:1|7:8|8:1,40
2256,3984,0.28567855951984,1.0,1.0,0.0,1.0,11,victory,1,0,,0,11,11,6:1|6:2|6:3|6:4|6:5|6:6|7:1|7:2|7:6|7:7|7:8,40
2257,3985,0.2853617872624208,1.0,1.0,0.0,1.0,14,victory,1,0,,0,11,11,6:1|6:2|6:3|6:4|6:5|6:6|6:7|6:8|7:1|7:2|7:8,40
2258,3986,0.2850450150050017,1.0,1.0,0.0,1.0,11,victory,1,0,,0,11,11,6:1|6:2|6:3|6:4|6:5|6:6|6:7|6:8|7:1|7:3|7:8,40
2259,3987,0.28472824274758257,1.0,1.0,0.0,1.0,13,victory,1,0,,0,12,12,6:1|6:2|6:3|6:4|6:5|6:6|6:7|6:8|7:1|7:3|7:8|8:1,40
2260,3988,0.28441147049016346,1.0,1.0,0.0,1.0,10,victory,1,0,,0,10,10,6:2|6:3|6:4|6:5|6:6|6:7|6:8|7:1|7:2|7:8,40
2261,3989,0.28409469823274425,1.0,1.0,0.0,1.0,11,victory,1,0,,0,11,11,5:6|6:1|6:2|6:3|6:4|6:5|6:6|6:7|6:8|7:1|7:8,40
2262,3990,0.28377792597532514,1.0,1.0,0.0,1.0,15,victory,1,0,,0,11,11,5:8|6:1|6:2|6:3|6:4|6:5|6:6|6:7|6:8|7:1|7:8,40
2263,3991,0.28346115371790603,1.0,1.0,0.0,1.0,21,victory,1,0,,0,13,13,5:2|5:8|6:1|6:2|6:3|6:4|6:5|6:6|6:7|6:8|7:1|7:5|7:8,40
2264,3992,0.2831443814604869,1.0,1.0,0.0,1.0,12,victory,1,0,,0,10,10,6:1|6:2|6:3|6:4|6:5|6:6|6:7|6:8|7:1|7:8,40
2265,3993,0.2828276092030677,1.0,1.0,0.0,1.0,11,victory,1,0,,0,10,10,6:1|6:2|6:3|6:4|6:5|6:6|6:7|6:8|7:1|7:8,40
2266,3994,0.2825108369456485,1.0,1.0,0.0,1.0,13,victory,1,0,,0,11,11,6:1|6:2|6:3|6:4|6:5|6:6|6:7|6:8|7:1|7:3|7:8,40
2267,3995,0.2821940646882295,1.0,1.0,0.0,1.0,13,victory,1,0,,0,10,10,6:1|6:2|6:3|6:4|6:5|6:6|6:7|6:8|7:1|7:8,40
2268,3996,0.2818772924308103,1.0,1.0,0.0,1.0,9,victory,1,0,,0,10,10,6:1|6:2|6:3|6:4|6:5|6:6|6:7|6:8|7:1|7:8,40
2269,3997,0.28156052017339117,1.0,1.0,0.0,1.0,9,victory,1,0,,0,10,10,6:1|6:2|6:3|6:4|6:5|6:6|6:7|6:8|7:1|7:8,40
2270,3998,0.28124374791597206,1.0,1.0,0.0,1.0,11,victory,1,0,,0,12,12,6:2|6:3|6:5|6:6|6:7|6:8|7:1|7:2|7:3|7:4|7:5|7:8,40
2271,3999,0.28092697565855296,1.0,1.0,0.0,1.0,11,victory,1,0,,0,10,10,6:1|6:2|6:3|6:4|6:5|6:6|6:7|6:8|7:1|7:8,40
2272,4000,0.28061020340113374,1.0,1.0,0.0,1.0,9,victory,1,0,,0,10,10,6:1|6:2|6:3|6:4|6:5|6:6|6:7|6:8|7:1|7:8,40
2273,4001,0.2802934311437145,1.0,1.0,0.0,1.0,10,victory,1,0,,0,10,10,6:1|6:2|6:3|6:4|6:5|6:6|6:7|6:8|7:1|7:8,40
2274,4002,0.2799766588862955,1.0,1.0,0.0,1.0,11,victory,1,0,,0,10,10,6:1|6:2|6:3|6:4|6:5|6:6|6:7|6:8|7:1|7:8,40
2275,4003,0.2796598866288763,1.0,1.0,0.0,1.0,14,victory,1,0,,0,12,12,5:7|6:1|6:2|6:3|6:4|6:5|6:6|6:7|6:8|7:1|7:8|8:1,40
2276,4004,0.2793431143714572,1.0,1.0,0.0,1.0,15,victory,1,0,,0,11,11,6:1|6:2|6:3|6:4|6:5|6:6|6:7|6:8|7:1|7:8|8:1,40
2277,4005,0.279026342114038,1.0,1.0,0.0,1.0,11,victory,1,0,,0,11,11,5:6|6:1|6:2|6:3|6:4|6:5|6:6|6:7|6:8|7:1|7:8,40
2278,4006,0.278709569856619,1.0,1.0,0.0,1.0,12,victory,1,0,,0,10,10,6:1|6:2|6:3|6:4|6:5|6:6|6:7|6:8|7:1|7:8,40
2279,4007,0.27839279759919977,1.0,1.0,0.0,1.0,11,victory,1,0,,0,11,11,6:1|6:2|6:3|6:4|6:5|6:6|6:7|6:8|7:1|7:8|8:1,40
2280,4008,0.27807602534178066,1.0,1.0,0.0,1.0,11,victory,1,0,,0,11,11,5:1|6:1|6:2|6:3|6:4|6:5|6:6|6:7|7:1|7:7|7:8,40
2281,4009,0.27775925308436145,1.0,1.0,0.0,1.0,19,victory,1,0,,0,13,13,5:7|6:1|6:2|6:3|6:4|6:5|6:6|6:7|6:8|7:1|7:4|7:6|7:8,40
2282,4010,0.27744248082694234,1.0,1.0,0.0,1.0,11,victory,1,0,,0,11,11,6:1|6:2|6:3|6:4|6:5|6:6|6:7|6:8|7:1|7:2|7:8,40
2283,4011,0.27712570856952323,1.0,1.0,0.0,1.0,11,victory,1,0,,0,10,10,6:1|6:2|6:3|6:4|6:5|6:6|6:7|6:8|7:1|7:8,40
2284,4012,0.276808936312104,1.0,1.0,0.0,1.0,15,victory,1,0,,0,12,12,6:1|6:2|6:3|6:4|6:5|6:6|6:7|6:8|7:1|7:2|7:7|7:8,40
2285,4013,0.276492164054685,1.0,1.0,0.0,1.0,15,victory,1,0,,0,12,12,5:8|6:1|6:2|6:3|6:4|6:5|6:6|6:7|6:8|7:1|7:6|7:8,40
2286,4014,0.2761753917972658,0.0,0.0,0.0,0.0,12,death,0,1,fire,0,6,6,5:1|6:1|6:2|7:1|7:2|8:2,40
2287,4015,0.2758586195398467,1.0,1.0,0.0,1.0,13,victory,1,0,,0,11,11,6:1|6:2|6:3|6:4|6:5|6:6|6:7|6:8|7:1|7:6|7:8,40
2288,4016,0.2755418472824275,1.0,1.0,0.0,1.0,27,victory,1,0,,0,12,12,6:1|6:2|6:3|6:4|6:5|6:6|6:7|6:8|7:1|7:5|7:6|7:8,40
2289,4017,0.27522507502500837,1.0,1.0,0.0,1.0,11,victory,1,0,,0,11,11,5:2|6:1|6:2|6:3|6:4|6:5|6:6|6:7|6:8|7:1|7:8,40
2290,4018,0.27490830276758926,1.0,1.0,0.0,1.0,13,victory,1,0,,0,11,11,5:2|6:1|6:2|6:3|6:4|6:5|6:6|6:7|6:8|7:1|7:8,40
2291,4019,0.27459153051017005,0.0,0.0,0.0,0.0,12,death,0,1,fire,0,10,10,5:1|6:1|6:2|6:3|6:4|6:5|6:6|7:1|7:6|8:6,40
2292,4020,0.27427475825275094,1.0,1.0,0.0,1.0,11,victory,1,0,,0,11,11,6:1|6:2|6:3|6:4|6:5|6:6|6:7|6:8|7:1|7:8|8:1,40
2293,4021,0.27395798599533183,0.0,0.0,0.0,0.0,7,death,0,1,fire,0,6,6,6:1|6:2|6:3|7:1|7:2|8:2,40
2294,4022,0.2736412137379127,1.0,1.0,0.0,1.0,13,victory,1,0,,0,11,11,5:6|6:1|6:2|6:3|6:4|6:5|6:6|6:7|7:1|7:7|7:8,40
2295,4023,0.2733244414804935,1.0,1.0,0.0,1.0,11,victory,1,0,,0,10,10,6:1|6:2|6:3|6:4|6:5|6:6|6:7|6:8|7:1|7:8,40
2296,4024,0.2730076692230744,1.0,1.0,0.0,1.0,13,victory,1,0,,0,12,12,4:2|5:2|6:1|6:2|6:3|6:4|6:5|6:6|6:7|6:8|7:1|7:8,40
2297,4025,0.2726908969656553,1.0,1.0,0.0,1.0,9,victory,1,0,,0,10,10,6:1|6:2|6:3|6:4|6:5|6:6|6:7|6:8|7:1|7:8,40
2298,4026,0.2723741247082361,1.0,1.0,0.0,1.0,20,victory,1,0,,0,11,11,6:1|6:2|6:3|6:4|6:5|6:6|6:7|6:8|7:1|7:5|7:8,40
2299,4027,0.27205735245081697,1.0,1.0,0.0,1.0,25,victory,1,0,,0,13,13,5:1|5:2|6:1|6:2|6:3|6:4|6:5|6:6|6:7|6:8|7:1|7:2|7:8,40
2300,4028,0.27174058019339786,0.0,0.0,0.0,0.0,7,death,0,1,fire,0,7,7,5:1|6:1|6:2|6:3|7:1|7:3|8:3,40
2301,4029,0.27142380793597876,1.0,1.0,0.0,1.0,14,victory,1,0,,0,10,10,6:1|6:2|6:3|6:4|6:5|6:6|6:7|6:8|7:1|7:8,40
2302,4030,0.27110703567855954,1.0,1.0,0.0,1.0,9,victory,1,0,,0,10,10,6:1|6:2|6:3|6:4|6:5|6:6|6:7|6:8|7:1|7:8,40
2303,4031,0.27079026342114043,1.0,1.0,0.0,1.0,9,victory,1,0,,0,10,10,6:1|6:2|6:3|6:4|6:5|6:6|6:7|6:8|7:1|7:8,40
2304,4032,0.2704734911637213,1.0,1.0,0.0,1.0,11,victory,1,0,,0,11,11,6:1|6:2|6:3|6:4|6:5|6:6|6:7|6:8|7:1|7:5|7:8,40
2305,4033,0.2701567189063021,1.0,1.0,0.0,1.0,15,victory,1,0,,0,11,11,6:1|6:2|6:3|6:4|6:5|6:6|6:7|6:8|7:1|7:8|8:1,40
2306,4034,0.269839946648883,1.0,1.0,0.0,1.0,12,victory,1,0,,0,11,11,5:2|6:1|6:2|6:3|6:4|6:5|6:6|6:7|6:8|7:1|7:8,40
2307,4035,0.2695231743914638,1.0,1.0,0.0,1.0,15,victory,1,0,,0,13,13,5:8|6:1|6:2|6:3|6:4|6:5|6:6|6:7|6:8|7:1|7:2|7:3|7:8,40
2308,4036,0.2692064021340448,1.0,1.0,0.0,1.0,9,victory,1,0,,0,10,10,6:1|6:2|6:3|6:4|6:5|6:6|6:7|6:8|7:1|7:8,40
2309,4037,0.26888962987662557,1.0,1.0,0.0,1.0,9,victory,1,0,,0,10,10,6:1|6:2|6:3|6:4|6:5|6:6|6:7|6:8|7:1|7:8,40
2310,4038,0.26857285761920646,1.0,1.0,0.0,1.0,20,victory,1,0,,0,12,12,5:1|5:8|6:1|6:2|6:3|6:4|6:5|6:6|6:7|6:8|7:1|7:8,40
2311,4039,0.26825608536178724,1.0,1.0,0.0,1.0,12,victory,1,0,,0,11,11,5:1|6:1|6:2|6:3|6:4|6:5|6:6|6:7|6:8|7:1|7:8,40
2312,4040,0.26793931310436814,1.0,1.0,0.0,1.0,20,victory,1,0,,0,11,11,6:2|6:3|6:4|6:5|6:6|6:7|6:8|7:1|7:2|7:5|7:8,40
2313,4041,0.26762254084694903,1.0,1.0,0.0,1.0,9,victory,1,0,,0,10,10,6:1|6:2|6:3|6:4|6:5|6:6|6:7|6:8|7:1|7:8,40
2314,4042,0.2673057685895298,1.0,1.0,0.0,1.0,10,victory,1,0,,0,10,10,6:1|6:2|6:3|6:4|6:5|6:6|6:7|6:8|7:1|7:8,40
2315,4043,0.2669889963321108,1.0,1.0,0.0,1.0,14,victory,1,0,,0,11,11,5:1|6:1|6:2|6:3|6:4|6:5|6:6|6:7|6:8|7:1|7:8,40
2316,4044,0.2666722240746916,0.0,0.0,0.0,0.0,3,death,0,1,fire,0,3,3,7:1|8:1|8:2,40
2317,4045,0.2663554518172725,1.0,1.0,0.0,1.0,11,victory,1,0,,0,10,10,6:1|6:2|6:3|6:4|6:5|6:6|6:7|6:8|7:1|7:8,40
2318,4046,0.2660386795598533,1.0,1.0,0.0,1.0,25,victory,1,0,,0,12,12,5:1|6:1|6:2|6:3|6:4|6:5|6:6|6:7|6:8|7:1|7:4|7:8,40
2319,4047,0.2657219073024343,1.0,1.0,0.0,1.0,11,victory,1,0,,0,11,11,6:1|6:2|6:3|6:4|6:5|6:6|6:7|6:8|7:1|7:2|7:8,40
2320,4048,0.26540513504501506,1.0,1.0,0.0,1.0,16,victory,1,0,,0,11,11,6:1|6:2|6:3|6:4|6:5|6:6|6:7|6:8|7:1|7:4|7:8,40
2321,4049,0.26508836278759584,1.0,1.0,0.0,1.0,15,victory,1,0,,0,12,12,6:1|6:2|6:3|6:4|6:5|6:6|6:7|6:8|7:1|7:6|7:8|8:1,40
2322,4050,0.26477159053017674,0.0,0.0,0.0,0.0,2,death,0,1,fire,0,3,3,7:1|8:1|8:2,40
2323,4051,0.26445481827275763,1.0,1.0,0.0,1.0,12,victory,1,0,,0,10,10,6:1|6:2|6:3|6:4|6:5|6:6|6:7|6:8|7:1|7:8,40
2324,4052,0.2641380460153385,1.0,1.0,0.0,1.0,18,victory,1,0,,0,13,13,6:1|6:2|6:3|6:4|6:5|6:6|6:7|7:1|7:2|7:3|7:5|7:7|7:8,40
2325,4053,0.2638212737579193,1.0,1.0,0.0,1.0,23,victory,1,0,,0,14,14,5:6|6:1|6:2|6:3|6:4|6:5|6:6|6:7|6:8|7:1|7:3|7:5|7:7|7:8,40
2326,4054,0.2635045015005002,1.0,1.0,0.0,1.0,21,victory,1,0,,0,14,14,5:1|5:6|6:1|6:2|6:3|6:4|6:5|6:6|6:7|6:8|7:1|7:4|7:6|7:8,40
2327,4055,0.2631877292430811,1.0,1.0,0.0,1.0,13,victory,1,0,,0,12,12,6:1|6:2|6:3|6:4|6:5|6:6|6:7|6:8|7:1|7:2|7:4|7:8,40
2328,4056,0.2628709569856619,1.0,1.0,0.0,1.0,21,victory,1,0,,0,11,11,6:1|6:2|6:3|6:4|6:5|6:6|6:7|6:8|7:1|7:7|7:8,40
2329,4057,0.26255418472824277,1.0,1.0,0.0,1.0,9,victory,1,0,,0,10,10,6:1|6:2|6:3|6:4|6:5|6:6|6:7|6:8|7:1|7:8,40
2330,4058,0.26223741247082355,1.0,1.0,0.0,1.0,11,victory,1,0,,0,10,10,6:1|6:2|6:3|6:4|6:5|6:6|6:7|6:8|7:1|7:8,40
2331,4059,0.26192064021340455,1.0,1.0,0.0,1.0,13,victory,1,0,,0,11,11,6:1|6:2|6:3|6:4|6:5|6:6|6:7|6:8|7:1|7:6|7:8,40
2332,4060,0.26160386795598534,1.0,1.0,0.0,1.0,9,victory,1,0,,0,10,10,6:1|6:2|6:3|6:4|6:5|6:6|6:7|6:8|7:1|7:8,40
2333,4061,0.26128709569856623,1.0,1.0,0.0,1.0,15,victory,1,0,,0,11,11,5:8|6:1|6:2|6:3|6:4|6:5|6:6|6:7|6:8|7:1|7:8,40
2334,4062,0.2609703234411471,1.0,1.0,0.0,1.0,11,victory,1,0,,0,10,10,6:1|6:2|6:3|6:4|6:5|6:6|6:7|6:8|7:1|7:8,40
2335,4063,0.260653551183728,1.0,1.0,0.0,1.0,9,victory,1,0,,0,10,10,6:1|6:2|6:3|6:4|6:5|6:6|6:7|6:8|7:1|7:8,40
2336,4064,0.2603367789263088,1.0,1.0,0.0,1.0,14,victory,1,0,,0,11,11,6:1|6:2|6:3|6:4|6:5|6:6|6:7|6:8|7:1|7:2|7:8,40
2337,4065,0.2600200066688896,1.0,1.0,0.0,1.0,9,victory,1,0,,0,10,10,6:1|6:2|6:3|6:4|6:5|6:6|6:7|6:8|7:1|7:8,40
2338,4066,0.2597032344114706,0.0,0.0,0.0,0.0,8,death,0,1,fire,0,9,9,6:1|6:2|6:3|6:4|6:5|7:1|7:5|7:6|8:6,40
2339,4067,0.25938646215405137,1.0,1.0,0.0,1.0,9,victory,1,0,,0,10,10,6:1|6:2|6:3|6:4|6:5|6:6|6:7|6:8|7:1|7:8,40
2340,4068,0.25906968989663226,1.0,1.0,0.0,1.0,12,victory,1,0,,0,10,10,6:1|6:2|6:3|6:4|6:5|6:6|6:7|6:8|7:1|7:8,40
2341,4069,0.25875291763921304,0.0,0.0,0.0,0.0,12,death,0,1,fire,0,9,9,6:2|6:3|6:4|6:5|7:1|7:2|7:5|8:1|8:5,40
2342,4070,0.25843614538179405,1.0,1.0,0.0,1.0,12,victory,1,0,,0,10,10,6:1|6:2|6:3|6:4|6:5|6:6|6:7|6:8|7:1|7:8,40
2343,4071,0.25811937312437483,1.0,1.0,0.0,1.0,14,victory,1,0,,0,11,11,6:1|6:2|6:3|6:4|6:5|6:6|6:7|6:8|7:1|7:3|7:8,40
2344,4072,0.2578026008669556,1.0,1.0,0.0,1.0,10,victory,1,0,,0,10,10,6:1|6:2|6:3|6:4|6:5|6:6|6:7|6:8|7:1|7:8,40
2345,4073,0.2574858286095365,1.0,1.0,0.0,1.0,15,victory,1,0,,0,12,12,5:6|6:1|6:2|6:3|6:4|6:5|6:6|6:7|6:8|7:1|7:5|7:8,40
2346,4074,0.2571690563521174,1.0,1.0,0.0,1.0,9,victory,1,0,,0,10,10,6:1|6:2|6:3|6:4|6:5|6:6|6:7|6:8|7:1|7:8,40
2347,4075,0.2568522840946983,1.0,1.0,0.0,1.0,17,victory,1,0,,0,13,13,4:6|5:6|5:7|6:1|6:2|6:3|6:4|6:5|6:6|6:7|6:8|7:1|7:8,40
2348,4076,0.2565355118372791,1.0,1.0,0.0,1.0,10,victory,1,0,,0,10,10,6:1|6:2|6:3|6:4|6:5|6:6|6:7|6:8|7:1|7:8,40
2349,4077,0.2562187395798601,1.0,1.0,0.0,1.0,12,victory,1,0,,0,10,10,6:1|6:2|6:3|6:4|6:5|6:6|6:7|6:8|7:1|7:8,40
2350,4078,0.25590196732244086,1.0,1.0,0.0,1.0,10,victory,1,0,,0,10,10,6:2|6:3|6:4|6:5|6:6|6:7|6:8|7:1|7:2|7:8,40
2351,4079,0.25558519506502175,0.0,0.0,0.0,0.0,15,death,0,1,fire,0,12,12,6:1|6:2|6:3|6:4|6:5|6:6|7:1|7:2|7:6|7:7|8:1|8:7,40
2352,4080,0.25526842280760254,1.0,1.0,0.0,1.0,12,victory,1,0,,0,10,10,6:1|6:2|6:3|6:4|6:5|6:6|6:7|6:8|7:1|7:8,40
2353,4081,0.25495165055018343,1.0,1.0,0.0,1.0,10,victory,1,0,,0,10,10,6:1|6:2|6:3|6:4|6:5|6:6|6:7|6:8|7:1|7:8,40
2354,4082,0.2546348782927643,1.0,1.0,0.0,1.0,11,victory,1,0,,0,11,11,6:1|6:2|6:3|6:4|6:5|6:6|6:7|6:8|7:1|7:4|7:8,40
2355,4083,0.2543181060353451,1.0,1.0,0.0,1.0,11,victory,1,0,,0,11,11,5:1|6:1|6:2|6:3|6:4|6:5|6:6|6:7|6:8|7:1|7:8,40
2356,4084,0.254001333777926,1.0,1.0,0.0,1.0,10,victory,1,0,,0,10,10,6:1|6:2|6:3|6:4|6:5|6:6|6:7|6:8|7:1|7:8,40
2357,4085,0.2536845615205069,1.0,1.0,0.0,1.0,13,victory,1,0,,0,10,10,6:2|6:3|6:4|6:5|6:6|6:7|6:8|7:1|7:2|7:8,40
2358,4086,0.2533677892630878,1.0,1.0,0.0,1.0,16,victory,1,0,,0,11,11,5:1|6:1|6:2|6:3|6:4|6:5|6:6|6:7|6:8|7:1|7:8,40
2359,4087,0.25305101700566857,1.0,1.0,0.0,1.0,13,victory,1,0,,0,10,10,6:1|6:2|6:3|6:4|6:5|6:6|6:7|6:8|7:1|7:8,40
2360,4088,0.25273424474824935,1.0,1.0,0.0,1.0,9,victory,1,0,,0,10,10,6:1|6:2|6:3|6:4|6:5|6:6|6:7|6:8|7:1|7:8,40
2361,4089,0.25241747249083035,1.0,1.0,0.0,1.0,9,victory,1,0,,0,10,10,6:1|6:2|6:3|6:4|6:5|6:6|6:7|6:8|7:1|7:8,40
2362,4090,0.25210070023341113,1.0,1.0,0.0,1.0,9,victory,1,0,,0,10,10,6:1|6:2|6:3|6:4|6:5|6:6|6:7|6:8|7:1|7:8,40
2363,4091,0.25178392797599203,1.0,1.0,0.0,1.0,11,victory,1,0,,0,11,11,6:1|6:2|6:3|6:4|6:5|6:6|6:7|6:8|7:1|7:4|7:8,40
2364,4092,0.2514671557185729,1.0,1.0,0.0,1.0,13,victory,1,0,,0,11,11,6:1|6:2|6:3|6:4|6:5|6:6|6:7|6:8|7:1|7:5|7:8,40
2365,4093,0.2511503834611538,1.0,1.0,0.0,1.0,17,victory,1,0,,0,12,12,5:1|6:1|6:2|6:3|6:4|6:5|6:6|6:7|6:8|7:1|7:8|8:1,40
2366,4094,0.2508336112037346,1.0,1.0,0.0,1.0,13,victory,1,0,,0,11,11,5:1|6:1|6:2|6:3|6:4|6:5|6:6|6:7|6:8|7:1|7:8,40
2367,4095,0.2505168389463155,1.0,1.0,0.0,1.0,9,victory,1,0,,0,10,10,6:1|6:2|6:3|6:4|6:5|6:6|6:7|6:8|7:1|7:8,40
2368,4096,0.2502000666888964,1.0,1.0,0.0,1.0,10,victory,1,0,,0,10,10,6:1|6:2|6:3|6:4|6:5|6:6|6:7|6:8|7:1|7:8,40
2369,4097,0.24988329443147717,1.0,1.0,0.0,1.0,9,victory,1,0,,0,10,10,6:2|6:3|6:4|6:5|6:6|6:7|6:8|7:1|7:2|7:8,40
2370,4098,0.24956652217405806,1.0,1.0,0.0,1.0,17,victory,1,0,,0,12,12,5:7|5:8|6:1|6:2|6:3|6:4|6:5|6:6|6:7|6:8|7:1|7:8,40
2371,4099,0.24924974991663884,1.0,1.0,0.0,1.0,13,victory,1,0,,0,11,11,5:8|6:1|6:2|6:3|6:4|6:5|6:6|6:7|6:8|7:1|7:8,40
2372,4100,0.24893297765921985,1.0,1.0,0.0,1.0,9,victory,1,0,,0,10,10,6:1|6:2|6:3|6:4|6:5|6:6|6:7|6:8|7:1|7:8,40
2373,4101,0.24861620540180063,1.0,1.0,0.0,1.0,17,victory,1,0,,0,12,12,5:2|6:1|6:2|6:3|6:4|6:5|6:6|6:7|6:8|7:1|7:8|8:1,40
2374,4102,0.24829943314438152,1.0,1.0,0.0,1.0,9,victory,1,0,,0,10,10,6:1|6:2|6:3|6:4|6:5|6:6|6:7|6:8|7:1|7:8,40
2375,4103,0.2479826608869623,1.0,1.0,0.0,1.0,11,victory,1,0,,0,11,11,5:8|6:1|6:2|6:3|6:4|6:5|6:6|6:7|6:8|7:1|7:8,40
2376,4104,0.2476658886295432,1.0,1.0,0.0,1.0,11,victory,1,0,,0,10,10,6:1|6:2|6:3|6:4|6:5|6:6|6:7|6:8|7:1|7:8,40
2377,4105,0.2473491163721241,1.0,1.0,0.0,1.0,15,victory,1,0,,0,11,11,5:6|6:1|6:2|6:3|6:4|6:5|6:6|6:7|6:8|7:1|7:8,40
2378,4106,0.24703234411470487,1.0,1.0,0.0,1.0,15,victory,1,0,,0,11,11,6:1|6:2|6:3|6:4|6:5|6:6|6:7|6:8|7:1|7:6|7:8,40
2379,4107,0.24671557185728588,1.0,1.0,0.0,1.0,15,victory,1,0,,0,10,10,6:1|6:2|6:3|6:4|6:5|6:6|6:7|6:8|7:1|7:8,40
2380,4108,0.24639879959986666,1.0,1.0,0.0,1.0,9,victory,1,0,,0,10,10,6:1|6:2|6:3|6:4|6:5|6:6|6:7|6:8|7:1|7:8,40
2381,4109,0.24608202734244755,1.0,1.0,0.0,1.0,17,victory,1,0,,0,12,12,5:1|6:1|6:2|6:3|6:4|6:5|6:6|6:7|6:8|7:1|7:3|7:8,40
2382,4110,0.24576525508502833,1.0,1.0,0.0,1.0,13,victory,1,0,,0,11,11,6:1|6:2|6:3|6:4|6:5|6:6|6:7|6:8|7:1|7:6|7:8,40
2383,4111,0.24544848282760923,1.0,1.0,0.0,1.0,11,victory,1,0,,0,11,11,6:1|6:2|6:3|6:4|6:5|6:6|6:7|6:8|7:1|7:6|7:8,40
2384,4112,0.24513171057019012,1.0,1.0,0.0,1.0,14,victory,1,0,,0,11,11,5:6|6:1|6:2|6:3|6:4|6:5|6:6|6:7|6:8|7:1|7:8,40
2385,4113,0.2448149383127709,1.0,1.0,0.0,1.0,10,victory,1,0,,0,10,10,6:1|6:2|6:3|6:4|6:5|6:6|6:7|6:8|7:1|7:8,40
2386,4114,0.2444981660553518,1.0,1.0,0.0,1.0,13,victory,1,0,,0,12,12,6:1|6:2|6:3|6:4|6:5|6:6|6:7|6:8|7:1|7:2|7:4|7:8,40
2387,4115,0.2441813937979327,1.0,1.0,0.0,1.0,10,victory,1,0,,0,10,10,6:1|6:2|6:3|6:4|6:5|6:6|6:7|6:8|7:1|7:8,40
2388,4116,0.24386462154051358,1.0,1.0,0.0,1.0,11,victory,1,0,,0,11,11,5:1|6:1|6:2|6:3|6:4|6:5|6:6|6:7|6:8|7:1|7:8,40
2389,4117,0.24354784928309436,1.0,1.0,0.0,1.0,9,victory,1,0,,0,10,10,6:2|6:3|6:4|6:5|6:6|6:7|6:8|7:1|7:2|7:8,40
2390,4118,0.24323107702567526,1.0,1.0,0.0,1.0,19,victory,1,0,,0,14,14,5:6|6:1|6:2|6:3|6:4|6:5|6:6|6:7|6:8|7:1|7:3|7:6|7:7|7:8,40
2391,4119,0.24291430476825615,1.0,1.0,0.0,1.0,14,victory,1,0,,0,12,12,5:2|6:1|6:2|6:3|6:4|6:5|6:6|6:7|6:8|7:1|7:4|7:8,40
2392,4120,0.24259753251083693,1.0,1.0,0.0,1.0,11,victory,1,0,,0,11,11,5:2|6:1|6:2|6:3|6:4|6:5|6:6|6:7|6:8|7:1|7:8,40
2393,4121,0.24228076025341783,1.0,1.0,0.0,1.0,9,victory,1,0,,0,10,10,6:1|6:2|6:3|6:4|6:5|6:6|6:7|6:8|7:1|7:8,40
2394,4122,0.24196398799599872,1.0,1.0,0.0,1.0,9,victory,1,0,,0,10,10,6:1|6:2|6:3|6:4|6:5|6:6|6:7|6:8|7:1|7:8,40
2395,4123,0.2416472157385796,1.0,1.0,0.0,1.0,9,victory,1,0,,0,10,10,6:1|6:2|6:3|6:4|6:5|6:6|6:7|6:8|7:1|7:8,40
2396,4124,0.2413304434811604,1.0,1.0,0.0,1.0,11,victory,1,0,,0,10,10,6:2|6:3|6:4|6:5|6:6|6:7|6:8|7:1|7:2|7:8,40
2397,4125,0.2410136712237413,1.0,1.0,0.0,1.0,13,victory,1,0,,0,12,12,5:6|5:7|6:1|6:2|6:3|6:4|6:5|6:6|6:7|6:8|7:1|7:8,40
2398,4126,0.24069689896632218,1.0,1.0,0.0,1.0,19,victory,1,0,,0,11,11,5:6|6:1|6:2|6:3|6:4|6:5|6:6|6:7|6:8|7:1|7:8,40
2399,4127,0.24038012670890296,0.0,0.0,0.0,0.0,6,death,0,1,fire,0,7,7,6:1|6:2|6:3|6:4|7:1|7:4|8:4,40
2400,4128,0.24006335445148386,1.0,1.0,0.0,1.0,12,victory,1,0,,0,11,11,6:1|6:2|6:3|6:4|6:5|6:6|6:7|6:8|7:1|7:3|7:8,40
2401,4129,0.23974658219406464,1.0,1.0,0.0,1.0,12,victory,1,0,,0,10,10,6:1|6:2|6:3|6:4|6:5|6:6|6:7|6:8|7:1|7:8,40
2402,4130,0.23942980993664564,1.0,1.0,0.0,1.0,13,victory,1,0,,0,11,11,6:1|6:2|6:3|6:4|6:5|6:6|6:7|6:8|7:1|7:2|7:8,40
2403,4131,0.23911303767922643,1.0,1.0,0.0,1.0,11,victory,1,0,,0,10,10,6:1|6:2|6:3|6:4|6:5|6:6|6:7|6:8|7:1|7:8,40
2404,4132,0.23879626542180732,1.0,1.0,0.0,1.0,14,victory,1,0,,0,12,12,4:1|5:1|6:1|6:2|6:3|6:4|6:5|6:6|6:7|6:8|7:1|7:8,40
2405,4133,0.2384794931643881,1.0,1.0,0.0,1.0,9,victory,1,0,,0,10,10,6:1|6:2|6:3|6:4|6:5|6:6|6:7|6:8|7:1|7:8,40
2406,4134,0.2381627209069691,1.0,1.0,0.0,1.0,9,victory,1,0,,0,10,10,6:1|6:2|6:3|6:4|6:5|6:6|6:7|6:8|7:1|7:8,40
2407,4135,0.2378459486495499,1.0,1.0,0.0,1.0,15,victory,1,0,,0,12,12,5:2|5:6|6:1|6:2|6:3|6:4|6:5|6:6|6:7|6:8|7:1|7:8,40
2408,4136,0.23752917639213067,1.0,1.0,0.0,1.0,22,victory,1,0,,0,11,11,5:6|6:1|6:2|6:3|6:4|6:5|6:6|6:7|6:8|7:1|7:8,40
2409,4137,0.23721240413471167,1.0,1.0,0.0,1.0,9,victory,1,0,,0,10,10,6:1|6:2|6:3|6:4|6:5|6:6|6:7|6:8|7:1|7:8,40
2410,4138,0.23689563187729246,1.0,1.0,0.0,1.0,11,victory,1,0,,0,11,11,5:2|6:1|6:2|6:3|6:4|6:5|6:6|6:7|6:8|7:1|7:8,40
2411,4139,0.23657885961987335,1.0,1.0,0.0,1.0,12,victory,1,0,,0,10,10,6:1|6:2|6:3|6:4|6:5|6:6|6:7|6:8|7:1|7:8,40
2412,4140,0.23626208736245413,1.0,1.0,0.0,1.0,13,victory,1,0,,0,12,12,6:1|6:2|6:3|6:4|6:5|6:6|6:7|6:8|7:1|7:2|7:3|7:8,40
2413,4141,0.23594531510503514,1.0,1.0,0.0,1.0,18,victory,1,0,,0,12,12,6:1|6:2|6:3|6:4|6:5|6:6|6:7|6:8|7:1|7:3|7:8|8:1,40
2414,4142,0.23562854284761592,1.0,1.0,0.0,1.0,14,victory,1,0,,0,12,12,5:1|5:6|6:1|6:2|6:3|6:4|6:5|6:6|6:7|6:8|7:1|7:8,40
2415,4143,0.2353117705901967,0.0,0.0,0.0,0.0,14,death,0,1,fire,0,10,10,6:2|6:3|6:4|6:5|6:6|7:1|7:2|7:6|8:1|8:6,40
2416,4144,0.2349949983327776,1.0,1.0,0.0,1.0,9,victory,1,0,,0,10,10,6:1|6:2|6:3|6:4|6:5|6:6|6:7|6:8|7:1|7:8,40
2417,4145,0.2346782260753585,1.0,1.0,0.0,1.0,10,victory,1,0,,0,10,10,6:2|6:3|6:4|6:5|6:6|6:7|6:8|7:1|7:2|7:8,40
2418,4146,0.23436145381793938,1.0,1.0,0.0,1.0,11,victory,1,0,,0,11,11,6:1|6:2|6:3|6:4|6:5|6:6|6:7|6:8|7:1|7:3|7:8,40
2419,4147,0.23404468156052016,1.0,1.0,0.0,1.0,12,victory,1,0,,0,10,10,6:1|6:2|6:3|6:4|6:5|6:6|6:7|6:8|7:1|7:8,40
2420,4148,0.23372790930310106,1.0,1.0,0.0,1.0,12,victory,1,0,,0,11,11,6:1|6:2|6:3|6:4|6:5|6:6|6:7|6:8|7:1|7:4|7:8,40
2421,4149,0.23341113704568195,0.0,0.0,0.0,0.0,11,death,0,1,fire,0,9,9,6:1|6:2|6:3|6:4|6:5|7:1|7:3|7:5|8:5,40
2422,4150,0.23309436478826284,1.0,1.0,0.0,1.0,14,victory,1,0,,0,10,10,6:1|6:2|6:3|6:4|6:5|6:6|6:7|6:8|7:1|7:8,40
2423,4151,0.23277759253084362,1.0,1.0,0.0,1.0,15,victory,1,0,,0,11,11,6:1|6:2|6:3|6:4|6:5|6:6|6:7|6:8|7:1|7:6|7:8,40
2424,4152,0.23246082027342452,1.0,1.0,0.0,1.0,11,victory,1,0,,0,10,10,6:1|6:2|6:3|6:4|6:5|6:6|6:7|6:8|7:1|7:8,40
2425,4153,0.2321440480160054,1.0,1.0,0.0,1.0,16,victory,1,0,,0,13,13,5:7|5:8|6:2|6:3|6:4|6:5|6:6|6:7|6:8|7:1|7:2|7:4|7:8,40
2426,4154,0.2318272757585862,1.0,1.0,0.0,1.0,13,victory,1,0,,0,12,12,6:1|6:2|6:3|6:4|6:5|6:6|6:7|6:8|7:1|7:4|7:8|8:1,40
2427,4155,0.2315105035011671,1.0,1.0,0.0,1.0,22,victory,1,0,,0,13,13,5:1|6:1|6:2|6:3|6:4|6:5|6:6|6:7|6:8|7:1|7:2|7:3|7:8,40
2428,4156,0.23119373124374798,1.0,1.0,0.0,1.0,15,victory,1,0,,0,12,12,6:1|6:2|6:3|6:4|6:5|6:6|6:7|6:8|7:1|7:5|7:8|8:1,40
2429,4157,0.23087695898632887,1.0,1.0,0.0,1.0,11,victory,1,0,,0,10,10,6:1|6:2|6:3|6:4|6:5|6:6|6:7|6:8|7:1|7:8,40
2430,4158,0.23056018672890966,1.0,1.0,0.0,1.0,13,victory,1,0,,0,12,12,5:6|6:1|6:2|6:3|6:4|6:5|6:6|6:7|6:8|7:1|7:2|7:8,40
2431,4159,0.23024341447149044,1.0,1.0,0.0,1.0,14,victory,1,0,,0,11,11,6:1|6:2|6:3|6:4|6:5|6:6|6:7|6:8|7:1|7:5|7:8,40
2432,4160,0.22992664221407144,1.0,1.0,0.0,1.0,15,victory,1,0,,0,11,11,6:2|6:3|6:4|6:5|6:6|6:7|6:8|7:1|7:2|7:3|7:8,40
2433,4161,0.22960986995665222,1.0,1.0,0.0,1.0,15,victory,1,0,,0,10,10,6:1|6:2|6:3|6:4|6:5|6:6|6:7|6:8|7:1|7:8,40
2434,4162,0.22929309769923312,1.0,1.0,0.0,1.0,13,victory,1,0,,0,11,11,5:2|6:1|6:2|6:3|6:4|6:5|6:6|6:7|6:8|7:1|7:8,40
2435,4163,0.2289763254418139,1.0,1.0,0.0,1.0,15,victory,1,0,,0,10,10,6:1|6:2|6:3|6:4|6:5|6:6|6:7|6:8|7:1|7:8,40
2436,4164,0.2286595531843949,1.0,1.0,0.0,1.0,9,victory,1,0,,0,10,10,6:1|6:2|6:3|6:4|6:5|6:6|6:7|6:8|7:1|7:8,40
2437,4165,0.22834278092697569,1.0,1.0,0.0,1.0,10,victory,1,0,,0,10,10,6:1|6:2|6:3|6:4|6:5|6:6|6:7|6:8|7:1|7:8,40
2438,4166,0.22802600866955658,1.0,1.0,0.0,1.0,17,victory,1,0,,0,13,13,6:1|6:2|6:3|6:4|6:5|6:6|6:7|6:8|7:1|7:2|7:3|7:5|7:8,40
2439,4167,0.22770923641213747,1.0,1.0,0.0,1.0,14,victory,1,0,,0,10,10,6:1|6:2|6:3|6:4|6:5|6:6|6:7|6:8|7:1|7:8,40
2440,4168,0.22739246415471825,1.0,1.0,0.0,1.0,9,victory,1,0,,0,10,10,6:1|6:2|6:3|6:4|6:5|6:6|6:7|6:8|7:1|7:8,40
2441,4169,0.22707569189729915,1.0,1.0,0.0,1.0,9,victory,1,0,,0,10,10,6:1|6:2|6:3|6:4|6:5|6:6|6:7|6:8|7:1|7:8,40
2442,4170,0.22675891963987993,1.0,1.0,0.0,1.0,17,victory,1,0,,0,11,11,6:1|6:2|6:3|6:4|6:5|6:6|6:7|6:8|7:1|7:8|8:1,40
2443,4171,0.22644214738246093,1.0,1.0,0.0,1.0,9,victory,1,0,,0,10,10,6:1|6:2|6:3|6:4|6:5|6:6|6:7|6:8|7:1|7:8,40
2444,4172,0.22612537512504172,1.0,1.0,0.0,1.0,13,victory,1,0,,0,11,11,6:1|6:2|6:3|6:4|6:5|6:6|6:7|6:8|7:1|7:6|7:8,40
2445,4173,0.2258086028676226,1.0,1.0,0.0,1.0,19,victory,1,0,,0,11,11,6:1|6:2|6:3|6:4|6:5|6:6|6:7|6:8|7:1|7:2|7:8,40
2446,4174,0.2254918306102034,1.0,1.0,0.0,1.0,11,victory,1,0,,0,10,10,6:1|6:2|6:3|6:4|6:5|6:6|6:7|6:8|7:1|7:8,40
2447,4175,0.22517505835278429,1.0,1.0,0.0,1.0,15,victory,1,0,,0,11,11,6:1|6:2|6:3|6:4|6:5|6:6|6:7|6:8|7:1|7:3|7:8,40
2448,4176,0.22485828609536518,1.0,1.0,0.0,1.0,13,victory,1,0,,0,12,12,5:6|6:1|6:2|6:3|6:4|6:5|6:6|6:7|6:8|7:1|7:6|7:8,40
2449,4177,0.22454151383794596,1.0,1.0,0.0,1.0,21,victory,1,0,,0,15,15,4:7|5:6|5:7|5:8|6:1|6:2|6:3|6:4|6:5|6:6|6:7|6:8|7:1|7:4|7:8,40
2450,4178,0.22422474158052685,1.0,1.0,0.0,1.0,9,victory,1,0,,0,10,10,6:1|6:2|6:3|6:4|6:5|6:6|6:7|7:1|7:7|7:8,40
2451,4179,0.22390796932310775,1.0,1.0,0.0,1.0,17,victory,1,0,,0,11,11,5:2|6:1|6:2|6:3|6:4|6:5|6:6|6:7|6:8|7:1|7:8,40
2452,4180,0.22359119706568864,1.0,1.0,0.0,1.0,13,victory,1,0,,0,13,13,5:1|5:2|6:1|6:2|6:3|6:4|6:5|6:6|6:7|6:8|7:1|7:2|7:8,40
2453,4181,0.22327442480826942,1.0,1.0,0.0,1.0,9,victory,1,0,,0,10,10,6:1|6:2|6:3|6:4|6:5|6:6|6:7|6:8|7:1|7:8,40
2454,4182,0.22295765255085032,1.0,1.0,0.0,1.0,12,victory,1,0,,0,11,11,5:1|6:1|6:2|6:3|6:4|6:5|6:6|6:7|6:8|7:1|7:8,40
2455,4183,0.2226408802934312,1.0,1.0,0.0,1.0,13,victory,1,0,,0,11,11,5:7|6:1|6:2|6:3|6:4|6:5|6:6|6:7|6:8|7:1|7:8,40
2456,4184,0.222324108036012,1.0,1.0,0.0,1.0,15,victory,1,0,,0,13,13,4:7|5:7|5:8|6:1|6:2|6:3|6:4|6:5|6:6|6:7|6:8|7:1|7:8,40
2457,4185,0.22200733577859288,1.0,1.0,0.0,1.0,15,victory,1,0,,0,12,12,6:1|6:2|6:3|6:4|6:5|6:6|6:7|6:8|7:1|7:2|7:8|8:1,40
2458,4186,0.22169056352117378,1.0,1.0,0.0,1.0,14,victory,1,0,,0,11,11,5:1|6:1|6:2|6:3|6:4|6:5|6:6|6:7|6:8|7:1|7:8,40
2459,4187,0.22137379126375467,1.0,1.0,0.0,1.0,17,victory,1,0,,0,12,12,5:7|6:1|6:2|6:3|6:4|6:5|6:6|6:7|6:8|7:1|7:4|7:8,40
2460,4188,0.22105701900633545,1.0,1.0,0.0,1.0,12,victory,1,0,,0,10,10,6:1|6:2|6:3|6:4|6:5|6:6|6:7|6:8|7:1|7:8,40
2461,4189,0.22074024674891635,1.0,1.0,0.0,1.0,11,victory,1,0,,0,10,10,6:1|6:2|6:3|6:4|6:5|6:6|6:7|6:8|7:1|7:8,40
2462,4190,0.22042347449149724,1.0,1.0,0.0,1.0,13,victory,1,0,,0,10,10,6:1|6:2|6:3|6:4|6:5|6:6|6:7|6:8|7:1|7:8,40
2463,4191,0.22010670223407802,1.0,1.0,0.0,1.0,16,victory,1,0,,0,12,12,6:1|6:2|6:3|6:4|6:5|6:6|6:7|6:8|7:1|7:5|7:8|8:1,40
2464,4192,0.21978992997665892,1.0,1.0,0.0,1.0,15,victory,1,0,,0,12,12,5:2|6:1|6:2|6:3|6:4|6:5|6:6|6:7|6:8|7:1|7:2|7:8,40
2465,4193,0.2194731577192397,1.0,1.0,0.0,1.0,14,victory,1,0,,0,12,12,6:1|6:2|6:3|6:4|6:5|6:6|6:7|6:8|7:1|7:2|7:3|7:8,40
2466,4194,0.2191563854618207,1.0,1.0,0.0,1.0,9,victory,1,0,,0,10,10,6:1|6:2|6:3|6:4|6:5|6:6|6:7|6:8|7:1|7:8,40
2467,4195,0.21883961320440148,1.0,1.0,0.0,1.0,11,victory,1,0,,0,11,11,5:2|6:1|6:2|6:3|6:4|6:5|6:6|6:7|6:8|7:1|7:8,40
2468,4196,0.21852284094698238,1.0,1.0,0.0,1.0,10,victory,1,0,,0,10,10,6:1|6:2|6:3|6:4|6:5|6:6|6:7|6:8|7:1|7:8,40
2469,4197,0.21820606868956327,1.0,1.0,0.0,1.0,11,victory,1,0,,0,11,11,5:8|6:1|6:2|6:3|6:4|6:5|6:6|6:7|6:8|7:1|7:8,40
2470,4198,0.21788929643214405,1.0,1.0,0.0,1.0,13,victory,1,0,,0,12,12,5:7|5:8|6:1|6:2|6:3|6:4|6:5|6:6|6:7|6:8|7:1|7:8,40
2471,4199,0.21757252417472495,1.0,1.0,0.0,1.0,11,victory,1,0,,0,10,10,6:1|6:2|6:3|6:4|6:5|6:6|6:7|6:8|7:1|7:8,40
2472,4200,0.21725575191730573,1.0,1.0,0.0,1.0,12,victory,1,0,,0,11,11,6:1|6:2|6:3|6:4|6:5|6:6|6:7|6:8|7:1|7:8|8:1,40
2473,4201,0.21693897965988673,1.0,1.0,0.0,1.0,11,victory,1,0,,0,10,10,6:1|6:2|6:3|6:4|6:5|6:6|6:7|6:8|7:1|7:8,40
2474,4202,0.21662220740246751,1.0,1.0,0.0,1.0,11,victory,1,0,,0,10,10,6:1|6:2|6:3|6:4|6:5|6:6|6:7|6:8|7:1|7:8,40
2475,4203,0.2163054351450484,1.0,1.0,0.0,1.0,15,victory,1,0,,0,12,12,5:7|6:1|6:2|6:3|6:4|6:5|6:6|6:7|6:8|7:1|7:8|8:1,40
2476,4204,0.2159886628876292,1.0,1.0,0.0,1.0,11,victory,1,0,,0,11,11,6:1|6:2|6:3|6:4|6:5|6:6|6:7|6:8|7:1|7:2|7:8,40
2477,4205,0.2156718906302102,1.0,1.0,0.0,1.0,14,victory,1,0,,0,11,11,6:1|6:2|6:3|6:4|6:5|6:6|6:7|6:8|7:1|7:2|7:8,40
2478,4206,0.21535511837279098,1.0,1.0,0.0,1.0,11,victory,1,0,,0,11,11,6:1|6:2|6:3|6:4|6:5|6:6|6:7|6:8|7:1|7:6|7:8,40
2479,4207,0.21503834611537176,1.0,1.0,0.0,1.0,12,victory,1,0,,0,10,10,6:1|6:2|6:3|6:4|6:5|6:6|6:7|6:8|7:1|7:8,40
2480,4208,0.21472157385795265,1.0,1.0,0.0,1.0,11,victory,1,0,,0,11,11,5:2|6:1|6:2|6:3|6:4|6:5|6:6|6:7|6:8|7:1|7:8,40
2481,4209,0.21440480160053355,1.0,1.0,0.0,1.0,13,victory,1,0,,0,11,11,6:1|6:2|6:3|6:4|6:5|6:6|6:7|6:8|7:1|7:3|7:8,40
2482,4210,0.21408802934311444,1.0,1.0,0.0,1.0,9,victory,1,0,,0,10,10,6:1|6:2|6:3|6:4|6:5|6:6|6:7|6:8|7:1|7:8,40
2483,4211,0.21377125708569522,1.0,1.0,0.0,1.0,14,victory,1,0,,0,11,11,5:6|6:1|6:2|6:3|6:4|6:5|6:6|6:7|7:1|7:7|7:8,40
2484,4212,0.21345448482827623,1.0,1.0,0.0,1.0,16,victory,1,0,,0,12,12,4:1|5:1|6:1|6:2|6:3|6:4|6:5|6:6|6:7|6:8|7:1|7:8,40
2485,4213,0.213137712570857,1.0,1.0,0.0,1.0,15,victory,1,0,,0,10,10,6:1|6:2|6:3|6:4|6:5|6:6|6:7|6:8|7:1|7:8,40
2486,4214,0.2128209403134378,1.0,1.0,0.0,1.0,10,victory,1,0,,0,10,10,6:1|6:2|6:3|6:4|6:5|6:6|6:7|6:8|7:1|7:8,40
2487,4215,0.21250416805601868,1.0,1.0,0.0,1.0,9,victory,1,0,,0,10,10,6:1|6:2|6:3|6:4|6:5|6:6|6:7|7:1|7:7|7:8,40
2488,4216,0.21218739579859958,1.0,1.0,0.0,1.0,14,victory,1,0,,0,11,11,6:1|6:2|6:3|6:4|6:5|6:6|6:7|6:8|7:1|7:6|7:8,40
2489,4217,0.21187062354118047,1.0,1.0,0.0,1.0,11,victory,1,0,,0,11,11,6:1|6:2|6:3|6:4|6:5|6:6|6:7|6:8|7:1|7:8|8:1,40
2490,4218,0.21155385128376125,1.0,1.0,0.0,1.0,14,victory,1,0,,0,10,10,6:1|6:2|6:3|6:4|6:5|6:6|6:7|6:8|7:1|7:8,40
2491,4219,0.21123707902634214,1.0,1.0,0.0,1.0,11,victory,1,0,,0,11,11,6:1|6:2|6:3|6:4|6:5|6:6|6:7|6:8|7:1|7:3|7:8,40
2492,4220,0.21092030676892304,1.0,1.0,0.0,1.0,11,victory,1,0,,0,11,11,6:1|6:2|6:3|6:4|6:5|6:6|6:7|6:8|7:1|7:3|7:8,40
2493,4221,0.21060353451150393,0.0,0.0,0.0,0.0,12,death,0,1,fire,0,10,10,5:6|6:1|6:2|6:3|6:4|6:5|6:6|7:1|7:6|8:6,40
2494,4222,0.2102867622540847,1.0,1.0,0.0,1.0,11,victory,1,0,,0,10,10,6:1|6:2|6:3|6:4|6:5|6:6|6:7|6:8|7:1|7:8,40
2495,4223,0.2099699899966655,1.0,1.0,0.0,1.0,12,victory,1,0,,0,10,10,6:1|6:2|6:3|6:4|6:5|6:6|6:7|6:8|7:1|7:8,40
2496,4224,0.2096532177392465,1.0,1.0,0.0,1.0,17,victory,1,0,,0,13,13,4:8|5:8|6:1|6:2|6:3|6:4|6:5|6:6|6:7|6:8|7:1|7:2|7:8,40
2497,4225,0.20933644548182728,1.0,1.0,0.0,1.0,9,victory,1,0,,0,10,10,6:1|6:2|6:3|6:4|6:5|6:6|6:7|6:8|7:1|7:8,40
2498,4226,0.20901967322440818,1.0,1.0,0.0,1.0,11,victory,1,0,,0,10,10,6:1|6:2|6:3|6:4|6:5|6:6|6:7|6:8|7:1|7:8,40
2499,4227,0.20870290096698907,1.0,1.0,0.0,1.0,10,victory,1,0,,0,10,10,6:1|6:2|6:3|6:4|6:5|6:6|6:7|6:8|7:1|7:8,40
2500,4228,0.20838612870956996,1.0,1.0,0.0,1.0,16,victory,1,0,,0,11,11,5:2|6:1|6:2|6:3|6:4|6:5|6:6|6:7|6:8|7:1|7:8,40
2501,4229,0.20806935645215074,1.0,1.0,0.0,1.0,14,victory,1,0,,0,10,10,6:1|6:2|6:3|6:4|6:5|6:6|6:7|7:1|7:7|7:8,40
2502,4230,0.20775258419473153,1.0,1.0,0.0,1.0,13,victory,1,0,,0,11,11,6:1|6:2|6:3|6:4|6:5|6:6|6:7|6:8|7:1|7:8|8:1,40
2503,4231,0.20743581193731253,1.0,1.0,0.0,1.0,11,victory,1,0,,0,10,10,6:1|6:2|6:3|6:4|6:5|6:6|6:7|6:8|7:1|7:8,40
2504,4232,0.2071190396798933,1.0,1.0,0.0,1.0,12,victory,1,0,,0,11,11,5:7|6:1|6:2|6:3|6:4|6:5|6:6|6:7|6:8|7:1|7:8,40
2505,4233,0.2068022674224742,1.0,1.0,0.0,1.0,11,victory,1,0,,0,11,11,5:2|6:1|6:2|6:3|6:4|6:5|6:6|6:7|6:8|7:1|7:8,40
2506,4234,0.206485495165055,1.0,1.0,0.0,1.0,11,victory,1,0,,0,11,11,5:6|6:1|6:2|6:3|6:4|6:5|6:6|6:7|6:8|7:1|7:8,40
2507,4235,0.206168722907636,1.0,1.0,0.0,1.0,9,victory,1,0,,0,10,10,6:1|6:2|6:3|6:4|6:5|6:6|6:7|6:8|7:1|7:8,40
2508,4236,0.20585195065021678,1.0,1.0,0.0,1.0,13,victory,1,0,,0,12,12,4:7|5:7|6:1|6:2|6:3|6:4|6:5|6:6|6:7|6:8|7:1|7:8,40
2509,4237,0.20553517839279767,1.0,1.0,0.0,1.0,23,victory,1,0,,0,14,14,4:1|5:1|5:6|6:1|6:2|6:3|6:4|6:5|6:6|6:7|6:8|7:1|7:8|8:1,40
2510,4238,0.20521840613537845,1.0,1.0,0.0,1.0,9,victory,1,0,,0,10,10,6:1|6:2|6:3|6:4|6:5|6:6|6:7|6:8|7:1|7:8,40
2511,4239,0.20490163387795934,1.0,1.0,0.0,1.0,15,victory,1,0,,0,12,12,5:7|6:1|6:2|6:3|6:4|6:5|6:6|6:7|6:8|7:1|7:5|7:8,40
2512,4240,0.20458486162054024,1.0,1.0,0.0,1.0,9,victory,1,0,,0,10,10,6:1|6:2|6:3|6:4|6:5|6:6|6:7|6:8|7:1|7:8,40
2513,4241,0.20426808936312102,1.0,1.0,0.0,1.0,9,victory,1,0,,0,10,10,6:1|6:2|6:3|6:4|6:5|6:6|6:7|6:8|7:1|7:8,40
2514,4242,0.20395131710570202,1.0,1.0,0.0,1.0,11,victory,1,0,,0,11,11,5:7|6:1|6:2|6:3|6:4|6:5|6:6|6:7|6:8|7:1|7:8,40
2515,4243,0.2036345448482828,1.0,1.0,0.0,1.0,11,victory,1,0,,0,10,10,6:1|6:2|6:3|6:4|6:5|6:6|6:7|6:8|7:1|7:8,40
2516,4244,0.2033177725908637,1.0,1.0,0.0,1.0,9,victory,1,0,,0,10,10,6:1|6:2|6:3|6:4|6:5|6:6|6:7|6:8|7:1|7:8,40
2517,4245,0.20300100033344448,1.0,1.0,0.0,1.0,15,victory,1,0,,0,12,12,5:6|5:7|6:1|6:2|6:3|6:4|6:5|6:6|6:7|6:8|7:1|7:8,40
2518,4246,0.20268422807602537,1.0,1.0,0.0,1.0,11,victory,1,0,,0,11,11,6:1|6:2|6:3|6:4|6:5|6:6|6:7|6:8|7:1|7:3|7:8,40
2519,4247,0.20236745581860627,1.0,1.0,0.0,1.0,19,victory,1,0,,0,12,12,5:1|6:1|6:2|6:3|6:4|6:5|6:6|6:7|6:8|7:1|7:4|7:8,40
2520,4248,0.20205068356118705,1.0,1.0,0.0,1.0,13,victory,1,0,,0,11,11,6:1|6:2|6:3|6:4|6:5|6:6|6:7|6:8|7:1|7:4|7:8,40
2521,4249,0.20173391130376794,1.0,1.0,0.0,1.0,10,victory,1,0,,0,10,10,6:1|6:2|6:3|6:4|6:5|6:6|6:7|6:8|7:1|7:8,40
2522,4250,0.20141713904634884,1.0,1.0,0.0,1.0,11,victory,1,0,,0,11,11,6:1|6:2|6:3|6:4|6:5|6:6|6:7|6:8|7:1|7:8|8:1,40
2523,4251,0.20110036678892973,1.0,1.0,0.0,1.0,9,victory,1,0,,0,10,10,6:2|6:3|6:4|6:5|6:6|6:7|6:8|7:1|7:2|7:8,40
2524,4252,0.2007835945315105,1.0,1.0,0.0,1.0,12,victory,1,0,,0,11,11,5:6|6:1|6:2|6:3|6:4|6:5|6:6|6:7|6:8|7:1|7:8,40
2525,4253,0.2004668222740914,1.0,1.0,0.0,1.0,11,victory,1,0,,0,11,11,6:2|6:3|6:4|6:5|6:6|6:7|6:8|7:1|7:2|7:8|8:1,40
2526,4254,0.2001500500166723,1.0,1.0,0.0,1.0,13,victory,1,0,,0,10,10,6:1|6:2|6:3|6:4|6:5|6:6|6:7|7:1|7:7|7:8,40
2527,4255,0.19983327775925308,1.0,1.0,0.0,1.0,9,victory,1,0,,0,10,10,6:1|6:2|6:3|6:4|6:5|6:6|6:7|6:8|7:1|7:8,40
2528,4256,0.19951650550183397,1.0,1.0,0.0,1.0,9,victory,1,0,,0,10,10,6:2|6:3|6:4|6:5|6:6|6:7|6:8|7:1|7:2|7:8,40
2529,4257,0.19919973324441487,1.0,1.0,0.0,1.0,11,victory,1,0,,0,10,10,6:1|6:2|6:3|6:4|6:5|6:6|6:7|6:8|7:1|7:8,40
2530,4258,0.19888296098699576,1.0,1.0,0.0,1.0,13,victory,1,0,,0,11,11,5:6|6:1|6:2|6:3|6:4|6:5|6:6|6:7|6:8|7:1|7:8,40
2531,4259,0.19856618872957654,1.0,1.0,0.0,1.0,9,victory,1,0,,0,10,10,6:1|6:2|6:3|6:4|6:5|6:6|6:7|6:8|7:1|7:8,40
2532,4260,0.19824941647215744,1.0,1.0,0.0,1.0,11,victory,1,0,,0,10,10,6:1|6:2|6:3|6:4|6:5|6:6|6:7|6:8|7:1|7:8,40
2533,4261,0.19793264421473833,1.0,1.0,0.0,1.0,9,victory,1,0,,0,10,10,6:1|6:2|6:3|6:4|6:5|6:6|6:7|6:8|7:1|7:8,40
2534,4262,0.1976158719573191,1.0,1.0,0.0,1.0,10,victory,1,0,,0,10,10,6:1|6:2|6:3|6:4|6:5|6:6|6:7|6:8|7:1|7:8,40
2535,4263,0.1972990996999,1.0,1.0,0.0,1.0,9,victory,1,0,,0,10,10,6:1|6:2|6:3|6:4|6:5|6:6|6:7|7:1|7:7|7:8,40
2536,4264,0.1969823274424808,1.0,1.0,0.0,1.0,14,victory,1,0,,0,11,11,6:1|6:2|6:3|6:4|6:5|6:6|6:7|6:8|7:1|7:8|8:1,40
2537,4265,0.1966655551850618,1.0,1.0,0.0,1.0,15,victory,1,0,,0,12,12,5:1|6:1|6:2|6:3|6:4|6:5|6:6|6:7|7:1|7:2|7:7|7:8,40
2538,4266,0.19634878292764257,1.0,1.0,0.0,1.0,11,victory,1,0,,0,11,11,6:1|6:2|6:3|6:4|6:5|6:6|6:7|6:8|7:1|7:2|7:8,40
2539,4267,0.19603201067022347,1.0,1.0,0.0,1.0,11,victory,1,0,,0,11,11,6:1|6:2|6:3|6:4|6:5|6:6|6:7|6:8|7:1|7:5|7:8,40
2540,4268,0.19571523841280425,1.0,1.0,0.0,1.0,11,victory,1,0,,0,10,10,6:1|6:2|6:3|6:4|6:5|6:6|6:7|6:8|7:1|7:8,40
2541,4269,0.19539846615538514,1.0,1.0,0.0,1.0,17,victory,1,0,,0,13,13,5:7|5:8|6:1|6:2|6:3|6:4|6:5|6:6|6:7|6:8|7:1|7:4|7:8,40
2542,4270,0.19508169389796604,1.0,1.0,0.0,1.0,12,victory,1,0,,0,10,10,6:1|6:2|6:3|6:4|6:5|6:6|6:7|6:8|7:1|7:8,40
2543,4271,0.19476492164054682,0.0,0.0,0.0,0.0,2,death,0,1,fire,0,3,3,7:1|8:1|8:2,40
2544,4272,0.19444814938312782,1.0,1.0,0.0,1.0,11,victory,1,0,,0,10,10,6:1|6:2|6:3|6:4|6:5|6:6|6:7|6:8|7:1|7:8,40
2545,4273,0.1941313771257086,1.0,1.0,0.0,1.0,9,victory,1,0,,0,10,10,6:1|6:2|6:3|6:4|6:5|6:6|6:7|6:8|7:1|7:8,40
2546,4274,0.1938146048682895,1.0,1.0,0.0,1.0,10,victory,1,0,,0,10,10,6:2|6:3|6:4|6:5|6:6|6:7|6:8|7:1|7:2|7:8,40
2547,4275,0.19349783261087028,1.0,1.0,0.0,1.0,10,victory,1,0,,0,10,10,6:1|6:2|6:3|6:4|6:5|6:6|6:7|6:8|7:1|7:8,40
2548,4276,0.19318106035345128,1.0,1.0,0.0,1.0,9,victory,1,0,,0,10,10,6:2|6:3|6:4|6:5|6:6|6:7|6:8|7:1|7:2|7:8,40
2549,4277,0.19286428809603207,1.0,1.0,0.0,1.0,18,victory,1,0,,0,12,12,5:2|6:1|6:2|6:3|6:4|6:5|6:6|6:7|6:8|7:1|7:8|8:1,40
2550,4278,0.19254751583861285,1.0,1.0,0.0,1.0,9,victory,1,0,,0,10,10,6:1|6:2|6:3|6:4|6:5|6:6|6:7|6:8|7:1|7:8,40
2551,4279,0.19223074358119374,1.0,1.0,0.0,1.0,11,victory,1,0,,0,11,11,6:1|6:2|6:3|6:4|6:5|6:6|6:7|6:8|7:1|7:2|7:8,40
2552,4280,0.19191397132377463,1.0,1.0,0.0,1.0,13,victory,1,0,,0,12,12,6:1|6:2|6:3|6:4|6:5|6:6|6:7|7:1|7:2|7:4|7:7|7:8,40
2553,4281,0.19159719906635553,1.0,1.0,0.0,1.0,10,victory,1,0,,0,10,10,6:1|6:2|6:3|6:4|6:5|6:6|6:7|6:8|7:1|7:8,40
2554,4282,0.1912804268089363,1.0,1.0,0.0,1.0,9,victory,1,0,,0,10,10,6:1|6:2|6:3|6:4|6:5|6:6|6:7|6:8|7:1|7:8,40
2555,4283,0.1909636545515172,1.0,1.0,0.0,1.0,16,victory,1,0,,0,11,11,6:1|6:2|6:3|6:4|6:5|6:6|6:7|6:8|7:1|7:5|7:8,40
2556,4284,0.1906468822940981,1.0,1.0,0.0,1.0,10,victory,1,0,,0,10,10,6:1|6:2|6:3|6:4|6:5|6:6|6:7|6:8|7:1|7:8,40
2557,4285,0.19033011003667888,1.0,1.0,0.0,1.0,9,victory,1,0,,0,10,10,6:1|6:2|6:3|6:4|6:5|6:6|6:7|6:8|7:1|7:8,40
2558,4286,0.19001333777925977,1.0,1.0,0.0,1.0,11,victory,1,0,,0,11,11,6:1|6:2|6:3|6:4|6:5|6:6|6:7|6:8|7:1|7:7|7:8,40
2559,4287,0.18969656552184067,1.0,1.0,0.0,1.0,10,victory,1,0,,0,10,10,6:1|6:2|6:3|6:4|6:5|6:6|6:7|6:8|7:1|7:8,40
2560,4288,0.18937979326442156,1.0,1.0,0.0,1.0,11,victory,1,0,,0,11,11,6:1|6:2|6:3|6:4|6:5|6:6|7:1|7:2|7:6|7:7|7:8,40
2561,4289,0.18906302100700234,1.0,1.0,0.0,1.0,13,victory,1,0,,0,11,11,5:1|6:1|6:2|6:3|6:4|6:5|6:6|6:7|6:8|7:1|7:8,40
2562,4290,0.18874624874958323,1.0,1.0,0.0,1.0,15,victory,1,0,,0,12,12,5:1|6:1|6:2|6:3|6:4|6:5|6:6|6:7|6:8|7:1|7:8|8:1,40
2563,4291,0.18842947649216413,1.0,1.0,0.0,1.0,12,victory,1,0,,0,11,11,6:1|6:2|6:3|6:4|6:5|6:6|6:7|6:8|7:1|7:2|7:8,40
2564,4292,0.18811270423474502,1.0,1.0,0.0,1.0,9,victory,1,0,,0,10,10,6:1|6:2|6:3|6:4|6:5|6:6|6:7|6:8|7:1|7:8,40
2565,4293,0.1877959319773258,0.0,0.0,0.0,0.0,12,death,0,1,fire,0,10,10,6:1|6:2|6:3|6:4|6:5|6:6|7:1|7:3|7:6|8:6,40
2566,4294,0.18747915971990659,1.0,1.0,0.0,1.0,13,victory,1,0,,0,10,10,6:1|6:2|6:3|6:4|6:5|6:6|6:7|6:8|7:1|7:8,40
2567,4295,0.1871623874624876,1.0,1.0,0.0,1.0,10,victory,1,0,,0,10,10,6:1|6:2|6:3|6:4|6:5|6:6|6:7|6:8|7:1|7:8,40
2568,4296,0.18684561520506837,1.0,1.0,0.0,1.0,10,victory,1,0,,0,10,10,6:1|6:2|6:3|6:4|6:5|6:6|6:7|6:8|7:1|7:8,40
2569,4297,0.18652884294764926,1.0,1.0,0.0,1.0,9,victory,1,0,,0,10,10,6:1|6:2|6:3|6:4|6:5|6:6|6:7|6:8|7:1|7:8,40
2570,4298,0.18621207069023005,1.0,1.0,0.0,1.0,14,victory,1,0,,0,12,12,4:8|5:8|6:2|6:3|6:4|6:5|6:6|6:7|6:8|7:1|7:2|7:8,40
2571,4299,0.18589529843281105,1.0,1.0,0.0,1.0,9,victory,1,0,,0,10,10,6:1|6:2|6:3|6:4|6:5|6:6|6:7|6:8|7:1|7:8,40
2572,4300,0.18557852617539183,1.0,1.0,0.0,1.0,11,victory,1,0,,0,11,11,6:1|6:2|6:3|6:4|6:5|6:6|6:7|6:8|7:1|7:4|7:8,40
2573,4301,0.18526175391797262,1.0,1.0,0.0,1.0,9,victory,1,0,,0,10,10,6:2|6:3|6:4|6:5|6:6|6:7|6:8|7:1|7:2|7:8,40
2574,4302,0.18494498166055362,1.0,1.0,0.0,1.0,13,victory,1,0,,0,11,11,5:2|6:1|6:2|6:3|6:4|6:5|6:6|6:7|6:8|7:1|7:8,40
2575,4303,0.1846282094031344,1.0,1.0,0.0,1.0,11,victory,1,0,,0,11,11,6:1|6:2|6:3|6:4|6:5|6:6|6:7|6:8|7:1|7:4|7:8,40
2576,4304,0.1843114371457153,1.0,1.0,0.0,1.0,17,victory,1,0,,0,12,12,6:1|6:2|6:3|6:4|6:5|6:6|6:7|6:8|7:1|7:5|7:6|7:8,40
2577,4305,0.18399466488829608,1.0,1.0,0.0,1.0,17,victory,1,0,,0,13,13,4:7|5:7|6:1|6:2|6:3|6:4|6:5|6:6|6:7|6:8|7:1|7:3|7:8,40
2578,4306,0.18367789263087708,1.0,1.0,0.0,1.0,9,victory,1,0,,0,10,10,6:1|6:2|6:3|6:4|6:5|6:6|6:7|6:8|7:1|7:8,40
2579,4307,0.18336112037345786,1.0,1.0,0.0,1.0,9,victory,1,0,,0,10,10,6:1|6:2|6:3|6:4|6:5|6:6|6:7|6:8|7:1|7:8,40
2580,4308,0.18304434811603876,1.0,1.0,0.0,1.0,13,victory,1,0,,0,11,11,5:6|6:1|6:2|6:3|6:4|6:5|6:6|6:7|6:8|7:1|7:8,40
2581,4309,0.18272757585861954,1.0,1.0,0.0,1.0,11,victory,1,0,,0,11,11,5:1|6:1|6:2|6:3|6:4|6:5|6:6|6:7|6:8|7:1|7:8,40
2582,4310,0.18241080360120043,1.0,1.0,0.0,1.0,11,victory,1,0,,0,10,10,6:1|6:2|6:3|6:4|6:5|6:6|6:7|6:8|7:1|7:8,40
2583,4311,0.18209403134378133,1.0,1.0,0.0,1.0,11,victory,1,0,,0,10,10,6:1|6:2|6:3|6:4|6:5|6:6|6:7|6:8|7:1|7:8,40
2584,4312,0.1817772590863621,1.0,1.0,0.0,1.0,11,victory,1,0,,0,11,11,6:1|6:2|6:3|6:4|6:5|6:6|6:7|6:8|7:1|7:2|7:8,40
2585,4313,0.181460486828943,1.0,1.0,0.0,1.0,10,victory,1,0,,0,10,10,6:1|6:2|6:3|6:4|6:5|6:6|6:7|6:8|7:1|7:8,40
2586,4314,0.1811437145715239,1.0,1.0,0.0,1.0,10,victory,1,0,,0,10,10,6:1|6:2|6:3|6:4|6:5|6:6|6:7|6:8|7:1|7:8,40
2587,4315,0.1808269423141048,1.0,1.0,0.0,1.0,9,victory,1,0,,0,10,10,6:1|6:2|6:3|6:4|6:5|6:6|6:7|6:8|7:1|7:8,40
2588,4316,0.18051017005668557,1.0,1.0,0.0,1.0,13,victory,1,0,,0,12,12,6:1|6:2|6:3|6:4|6:5|6:6|6:7|6:8|7:1|7:5|7:6|7:8,40
2589,4317,0.18019339779926646,1.0,1.0,0.0,1.0,15,victory,1,0,,0,12,12,6:1|6:2|6:3|6:4|6:5|6:6|6:7|6:8|7:1|7:5|7:6|7:8,40
2590,4318,0.17987662554184736,1.0,1.0,0.0,1.0,11,victory,1,0,,0,11,11,6:1|6:2|6:3|6:4|6:5|6:6|6:7|6:8|7:1|7:2|7:8,40
2591,4319,0.17955985328442814,1.0,1.0,0.0,1.0,13,victory,1,0,,0,10,10,6:1|6:2|6:3|6:4|6:5|6:6|6:7|6:8|7:1|7:8,40
2592,4320,0.17924308102700903,1.0,1.0,0.0,1.0,9,victory,1,0,,0,10,10,6:1|6:2|6:3|6:4|6:5|6:6|6:7|6:8|7:1|7:8,40
2593,4321,0.17892630876958993,1.0,1.0,0.0,1.0,13,victory,1,0,,0,10,10,6:1|6:2|6:3|6:4|6:5|6:6|6:7|6:8|7:1|7:8,40
2594,4322,0.17860953651217082,1.0,1.0,0.0,1.0,11,victory,1,0,,0,11,11,6:1|6:2|6:3|6:4|6:5|6:6|6:7|6:8|7:1|7:8|8:1,40
2595,4323,0.1782927642547516,1.0,1.0,0.0,1.0,9,victory,1,0,,0,10,10,6:1|6:2|6:3|6:4|6:5|6:6|6:7|6:8|7:1|7:8,40
2596,4324,0.1779759919973325,1.0,1.0,0.0,1.0,13,victory,1,0,,0,11,11,5:8|6:1|6:2|6:3|6:4|6:5|6:6|6:7|6:8|7:1|7:8,40
2597,4325,0.1776592197399134,1.0,1.0,0.0,1.0,13,victory,1,0,,0,11,11,5:6|6:1|6:2|6:3|6:4|6:5|6:6|6:7|6:8|7:1|7:8,40
2598,4326,0.17734244748249417,1.0,1.0,0.0,1.0,13,victory,1,0,,0,12,12,5:8|6:1|6:2|6:3|6:4|6:5|6:6|6:7|6:8|7:1|7:5|7:8,40
2599,4327,0.17702567522507506,1.0,1.0,0.0,1.0,9,victory,1,0,,0,10,10,6:1|6:2|6:3|6:4|6:5|6:6|6:7|6:8|7:1|7:8,40
2600,4328,0.17670890296765585,1.0,1.0,0.0,1.0,17,victory,1,0,,0,13,13,5:6|5:7|5:8|6:1|6:2|6:3|6:4|6:5|6:6|6:7|6:8|7:1|7:8,40
2601,4329,0.17639213071023685,1.0,1.0,0.0,1.0,9,victory,1,0,,0,10,10,6:1|6:2|6:3|6:4|6:5|6:6|6:7|6:8|7:1|7:8,40
2602,4330,0.17607535845281763,1.0,1.0,0.0,1.0,11,victory,1,0,,0,11,11,5:7|6:1|6:2|6:3|6:4|6:5|6:6|6:7|6:8|7:1|7:8,40
2603,4331,0.17575858619539853,1.0,1.0,0.0,1.0,18,victory,1,0,,0,12,12,5:6|6:1|6:2|6:3|6:4|6:5|6:6|6:7|6:8|7:1|7:2|7:8,40
2604,4332,0.1754418139379793,1.0,1.0,0.0,1.0,14,victory,1,0,,0,11,11,6:1|6:2|6:3|6:4|6:5|6:6|6:7|6:8|7:1|7:2|7:8,40
2605,4333,0.1751250416805602,1.0,1.0,0.0,1.0,11,victory,1,0,,0,11,11,5:2|6:1|6:2|6:3|6:4|6:5|6:6|6:7|6:8|7:1|7:8,40
2606,4334,0.1748082694231411,1.0,1.0,0.0,1.0,12,victory,1,0,,0,11,11,6:1|6:2|6:3|6:4|6:5|6:6|6:7|6:8|7:1|7:5|7:8,40
2607,4335,0.17449149716572188,1.0,1.0,0.0,1.0,10,victory,1,0,,0,10,10,6:1|6:2|6:3|6:4|6:5|6:6|6:7|6:8|7:1|7:8,40
2608,4336,0.17417472490830288,1.0,1.0,0.0,1.0,17,victory,1,0,,0,11,11,6:1|6:2|6:3|6:4|6:5|6:6|6:7|6:8|7:1|7:4|7:8,40
2609,4337,0.17385795265088366,1.0,1.0,0.0,1.0,9,victory,1,0,,0,10,10,6:1|6:2|6:3|6:4|6:5|6:6|6:7|6:8|7:1|7:8,40
2610,4338,0.17354118039346456,1.0,1.0,0.0,1.0,13,victory,1,0,,0,12,12,6:1|6:2|6:3|6:4|6:5|6:6|6:7|6:8|7:1|7:2|7:6|7:8,40
2611,4339,0.17322440813604534,1.0,1.0,0.0,1.0,9,victory,1,0,,0,10,10,6:1|6:2|6:3|6:4|6:5|6:6|6:7|6:8|7:1|7:8,40
2612,4340,0.17290763587862623,1.0,1.0,0.0,1.0,9,victory,1,0,,0,10,10,6:1|6:2|6:3|6:4|6:5|6:6|6:7|6:8|7:1|7:8,40
2613,4341,0.17259086362120712,1.0,1.0,0.0,1.0,11,victory,1,0,,0,10,10,6:1|6:2|6:3|6:4|6:5|6:6|6:7|6:8|7:1|7:8,40
2614,4342,0.1722740913637879,1.0,1.0,0.0,1.0,15,victory,1,0,,0,12,12,5:2|6:1|6:2|6:3|6:4|6:5|6:6|6:7|6:8|7:1|7:2|7:8,40
2615,4343,0.1719573191063688,1.0,1.0,0.0,1.0,12,victory,1,0,,0,11,11,6:1|6:2|6:3|6:4|6:5|6:6|6:7|6:8|7:1|7:3|7:8,40
2616,4344,0.1716405468489497,1.0,1.0,0.0,1.0,9,victory,1,0,,0,10,10,6:1|6:2|6:3|6:4|6:5|6:6|6:7|6:8|7:1|7:8,40
2617,4345,0.1713237745915306,1.0,1.0,0.0,1.0,15,victory,1,0,,0,13,13,5:1|6:1|6:2|6:3|6:4|6:5|6:6|6:7|7:1|7:2|7:3|7:7|7:8,40
2618,4346,0.17100700233411137,1.0,1.0,0.0,1.0,13,victory,1,0,,0,11,11,5:2|6:1|6:2|6:3|6:4|6:5|6:6|6:7|6:8|7:1|7:8,40
2619,4347,0.17069023007669226,1.0,1.0,0.0,1.0,12,victory,1,0,,0,11,11,6:1|6:2|6:3|6:4|6:5|6:6|6:7|6:8|7:1|7:3|7:8,40
2620,4348,0.17037345781927316,1.0,1.0,0.0,1.0,9,victory,1,0,,0,10,10,6:1|6:2|6:3|6:4|6:5|6:6|6:7|6:8|7:1|7:8,40
2621,4349,0.17005668556185394,1.0,1.0,0.0,1.0,11,victory,1,0,,0,11,11,6:1|6:2|6:3|6:4|6:5|6:6|6:7|6:8|7:1|7:6|7:8,40
2622,4350,0.16973991330443483,1.0,1.0,0.0,1.0,9,victory,1,0,,0,10,10,6:1|6:2|6:3|6:4|6:5|6:6|6:7|6:8|7:1|7:8,40
2623,4351,0.16942314104701572,1.0,1.0,0.0,1.0,14,victory,1,0,,0,12,12,6:1|6:2|6:3|6:4|6:5|6:6|6:7|6:8|7:1|7:2|7:8|8:1,40
2624,4352,0.16910636878959662,0.0,0.0,0.0,0.0,6,death,0,1,fire,0,7,7,6:1|6:2|6:3|6:4|7:1|7:4|8:4,40
2625,4353,0.1687895965321774,1.0,1.0,0.0,1.0,14,victory,1,0,,0,11,11,5:8|6:1|6:2|6:3|6:4|6:5|6:6|6:7|6:8|7:1|7:8,40
2626,4354,0.1684728242747583,1.0,1.0,0.0,1.0,9,victory,1,0,,0,10,10,6:1|6:2|6:3|6:4|6:5|6:6|6:7|6:8|7:1|7:8,40
2627,4355,0.16815605201733919,1.0,1.0,0.0,1.0,11,victory,1,0,,0,10,10,6:1|6:2|6:3|6:4|6:5|6:6|6:7|6:8|7:1|7:8,40
2628,4356,0.16783927975992008,1.0,1.0,0.0,1.0,9,victory,1,0,,0,10,10,6:1|6:2|6:3|6:4|6:5|6:6|6:7|6:8|7:1|7:8,40
2629,4357,0.16752250750250086,1.0,1.0,0.0,1.0,9,victory,1,0,,0,10,10,6:1|6:2|6:3|6:4|6:5|6:6|6:7|6:8|7:1|7:8,40
2630,4358,0.16720573524508164,1.0,1.0,0.0,1.0,9,victory,1,0,,0,10,10,6:1|6:2|6:3|6:4|6:5|6:6|6:7|6:8|7:1|7:8,40
2631,4359,0.16688896298766265,1.0,1.0,0.0,1.0,15,victory,1,0,,0,11,11,6:1|6:2|6:3|6:4|6:5|6:6|6:7|6:8|7:1|7:6|7:8,40
2632,4360,0.16657219073024343,1.0,1.0,0.0,1.0,12,victory,1,0,,0,10,10,6:1|6:2|6:3|6:4|6:5|6:6|6:7|6:8|7:1|7:8,40
2633,4361,0.16625541847282432,1.0,1.0,0.0,1.0,11,victory,1,0,,0,11,11,6:1|6:2|6:3|6:4|6:5|6:6|6:7|6:8|7:1|7:2|7:8,40
2634,4362,0.1659386462154051,1.0,1.0,0.0,1.0,9,victory,1,0,,0,10,10,6:1|6:2|6:3|6:4|6:5|6:6|6:7|6:8|7:1|7:8,40
2635,4363,0.1656218739579861,1.0,1.0,0.0,1.0,9,victory,1,0,,0,10,10,6:1|6:2|6:3|6:4|6:5|6:6|6:7|6:8|7:1|7:8,40
2636,4364,0.1653051017005669,1.0,1.0,0.0,1.0,12,victory,1,0,,0,10,10,6:1|6:2|6:3|6:4|6:5|6:6|6:7|6:8|7:1|7:8,40
2637,4365,0.16498832944314767,1.0,1.0,0.0,1.0,9,victory,1,0,,0,10,10,6:1|6:2|6:3|6:4|6:5|6:6|6:7|6:8|7:1|7:8,40
2638,4366,0.16467155718572868,1.0,1.0,0.0,1.0,12,victory,1,0,,0,10,10,6:1|6:2|6:3|6:4|6:5|6:6|6:7|6:8|7:1|7:8,40
2639,4367,0.16435478492830946,1.0,1.0,0.0,1.0,9,victory,1,0,,0,10,10,6:1|6:2|6:3|6:4|6:5|6:6|6:7|6:8|7:1|7:8,40
2640,4368,0.16403801267089035,1.0,1.0,0.0,1.0,13,victory,1,0,,0,11,11,6:1|6:2|6:3|6:4|6:5|6:6|6:7|6:8|7:1|7:3|7:8,40
2641,4369,0.16372124041347114,1.0,1.0,0.0,1.0,9,victory,1,0,,0,10,10,6:1|6:2|6:3|6:4|6:5|6:6|6:7|6:8|7:1|7:8,40
2642,4370,0.16340446815605214,1.0,1.0,0.0,1.0,16,victory,1,0,,0,11,11,6:1|6:2|6:3|6:4|6:5|6:6|6:7|6:8|7:1|7:2|7:8,40
2643,4371,0.16308769589863292,1.0,1.0,0.0,1.0,14,victory,1,0,,0,12,12,6:2|6:3|6:4|6:5|6:6|6:7|6:8|7:1|7:2|7:3|7:4|7:8,40
2644,4372,0.16277092364121382,1.0,1.0,0.0,1.0,11,victory,1,0,,0,11,11,5:6|6:1|6:2|6:3|6:4|6:5|6:6|6:7|6:8|7:1|7:8,40
2645,4373,0.1624541513837946,1.0,1.0,0.0,1.0,9,victory,1,0,,0,10,10,6:1|6:2|6:3|6:4|6:5|6:6|6:7|6:8|7:1|7:8,40
2646,4374,0.1621373791263755,1.0,1.0,0.0,1.0,13,victory,1,0,,0,12,12,5:1|5:2|6:1|6:2|6:3|6:4|6:5|6:6|6:7|6:8|7:1|7:8,40
2647,4375,0.16182060686895638,1.0,1.0,0.0,1.0,9,victory,1,0,,0,10,10,6:1|6:2|6:3|6:4|6:5|6:6|6:7|6:8|7:1|7:8,40
2648,4376,0.16150383461153717,1.0,1.0,0.0,1.0,10,victory,1,0,,0,10,10,6:1|6:2|6:3|6:4|6:5|6:6|6:7|6:8|7:1|7:8,40
2649,4377,0.16118706235411806,1.0,1.0,0.0,1.0,9,victory,1,0,,0,10,10,6:1|6:2|6:3|6:4|6:5|6:6|6:7|6:8|7:1|7:8,40
2650,4378,0.16087029009669895,1.0,1.0,0.0,1.0,10,victory,1,0,,0,10,10,6:1|6:2|6:3|6:4|6:5|6:6|6:7|6:8|7:1|7:8,40
2651,4379,0.16055351783927985,1.0,1.0,0.0,1.0,15,victory,1,0,,0,12,12,5:2|6:1|6:2|6:3|6:4|6:5|6:6|6:7|7:1|7:3|7:7|7:8,40
2652,4380,0.16023674558186063,1.0,1.0,0.0,1.0,14,victory,1,0,,0,11,11,5:2|6:1|6:2|6:3|6:4|6:5|6:6|6:7|6:8|7:1|7:8,40
2653,4381,0.15991997332444152,1.0,1.0,0.0,1.0,9,victory,1,0,,0,10,10,6:1|6:2|6:3|6:4|6:5|6:6|6:7|6:8|7:1|7:8,40
2654,4382,0.15960320106702242,1.0,1.0,0.0,1.0,10,victory,1,0,,0,10,10,6:1|6:2|6:3|6:4|6:5|6:6|6:7|6:8|7:1|7:8,40
2655,4383,0.1592864288096032,1.0,1.0,0.0,1.0,9,victory,1,0,,0,10,10,6:1|6:2|6:3|6:4|6:5|6:6|6:7|6:8|7:1|7:8,40
2656,4384,0.1589696565521841,1.0,1.0,0.0,1.0,11,victory,1,0,,0,10,10,6:1|6:2|6:3|6:4|6:5|6:6|6:7|6:8|7:1|7:8,40
2657,4385,0.15865288429476498,1.0,1.0,0.0,1.0,14,victory,1,0,,0,10,10,6:1|6:2|6:3|6:4|6:5|6:6|6:7|6:8|7:1|7:8,40
2658,4386,0.15833611203734588,1.0,1.0,0.0,1.0,12,victory,1,0,,0,10,10,6:1|6:2|6:3|6:4|6:5|6:6|6:7|6:8|7:1|7:8,40
2659,4387,0.15801933977992666,1.0,1.0,0.0,1.0,13,victory,1,0,,0,11,11,6:1|6:2|6:3|6:4|6:5|6:6|6:7|6:8|7:1|7:2|7:8,40
2660,4388,0.15770256752250755,1.0,1.0,0.0,1.0,9,victory,1,0,,0,10,10,6:1|6:2|6:3|6:4|6:5|6:6|6:7|6:8|7:1|7:8,40
2661,4389,0.15738579526508845,1.0,1.0,0.0,1.0,10,victory,1,0,,0,10,10,6:1|6:2|6:3|6:4|6:5|6:6|6:7|6:8|7:1|7:8,40
2662,4390,0.15706902300766923,1.0,1.0,0.0,1.0,9,victory,1,0,,0,10,10,6:1|6:2|6:3|6:4|6:5|6:6|6:7|6:8|7:1|7:8,40
2663,4391,0.15675225075025012,1.0,1.0,0.0,1.0,11,victory,1,0,,0,11,11,5:8|6:1|6:2|6:3|6:4|6:5|6:6|6:7|6:8|7:1|7:8,40
2664,4392,0.1564354784928309,1.0,1.0,0.0,1.0,13,victory,1,0,,0,12,12,5:6|6:1|6:2|6:3|6:4|6:5|6:6|6:7|6:8|7:1|7:3|7:8,40
2665,4393,0.1561187062354119,1.0,1.0,0.0,1.0,9,victory,1,0,,0,10,10,6:1|6:2|6:3|6:4|6:5|6:6|6:7|6:8|7:1|7:8,40
2666,4394,0.1558019339779927,1.0,1.0,0.0,1.0,9,victory,1,0,,0,10,10,6:1|6:2|6:3|6:4|6:5|6:6|6:7|6:8|7:1|7:8,40
2667,4395,0.15548516172057358,1.0,1.0,0.0,1.0,9,victory,1,0,,0,10,10,6:1|6:2|6:3|6:4|6:5|6:6|6:7|6:8|7:1|7:8,40
2668,4396,0.15516838946315448,1.0,1.0,0.0,1.0,9,victory,1,0,,0,10,10,6:1|6:2|6:3|6:4|6:5|6:6|6:7|6:8|7:1|7:8,40
2669,4397,0.15485161720573526,1.0,1.0,0.0,1.0,9,victory,1,0,,0,10,10,6:1|6:2|6:3|6:4|6:5|6:6|6:7|6:8|7:1|7:8,40
2670,4398,0.15453484494831615,1.0,1.0,0.0,1.0,9,victory,1,0,,0,10,10,6:1|6:2|6:3|6:4|6:5|6:6|6:7|6:8|7:1|7:8,40
2671,4399,0.15421807269089693,1.0,1.0,0.0,1.0,13,victory,1,0,,0,11,11,6:1|6:2|6:3|6:4|6:5|6:6|6:7|6:8|7:1|7:3|7:8,40
2672,4400,0.15390130043347794,1.0,1.0,0.0,1.0,15,victory,1,0,,0,12,12,5:7|6:1|6:2|6:3|6:4|6:5|6:6|6:7|6:8|7:1|7:6|7:8,40
2673,4401,0.15358452817605872,1.0,1.0,0.0,1.0,13,victory,1,0,,0,12,12,5:8|6:1|6:2|6:3|6:4|6:5|6:6|6:7|6:8|7:1|7:7|7:8,40
2674,4402,0.15326775591863961,1.0,1.0,0.0,1.0,11,victory,1,0,,0,11,11,6:1|6:2|6:3|6:4|6:5|6:6|6:7|6:8|7:1|7:2|7:8,40
2675,4403,0.1529509836612204,1.0,1.0,0.0,1.0,11,victory,1,0,,0,10,10,6:1|6:2|6:3|6:4|6:5|6:6|6:7|6:8|7:1|7:8,40
2676,4404,0.1526342114038013,1.0,1.0,0.0,1.0,9,victory,1,0,,0,10,10,6:1|6:2|6:3|6:4|6:5|6:6|6:7|6:8|7:1|7:8,40
2677,4405,0.15231743914638218,1.0,1.0,0.0,1.0,9,victory,1,0,,0,10,10,6:1|6:2|6:3|6:4|6:5|6:6|6:7|6:8|7:1|7:8,40
2678,4406,0.15200066688896297,1.0,1.0,0.0,1.0,12,victory,1,0,,0,11,11,6:1|6:2|6:3|6:4|6:5|6:6|6:7|6:8|7:1|7:7|7:8,40
2679,4407,0.15168389463154386,1.0,1.0,0.0,1.0,10,victory,1,0,,0,10,10,6:1|6:2|6:3|6:4|6:5|6:6|6:7|6:8|7:1|7:8,40
2680,4408,0.15136712237412475,1.0,1.0,0.0,1.0,9,victory,1,0,,0,10,10,6:1|6:2|6:3|6:4|6:5|6:6|6:7|6:8|7:1|7:8,40
2681,4409,0.15105035011670565,1.0,1.0,0.0,1.0,12,victory,1,0,,0,11,11,6:1|6:2|6:3|6:4|6:5|6:6|6:7|6:8|7:1|7:8|8:1,40
2682,4410,0.15073357785928643,1.0,1.0,0.0,1.0,10,victory,1,0,,0,10,10,6:1|6:2|6:3|6:4|6:5|6:6|6:7|6:8|7:1|7:8,40
2683,4411,0.15041680560186743,1.0,1.0,0.0,1.0,9,victory,1,0,,0,10,10,6:1|6:2|6:3|6:4|6:5|6:6|6:7|6:8|7:1|7:8,40
2684,4412,0.1501000333444482,1.0,1.0,0.0,1.0,9,victory,1,0,,0,10,10,6:1|6:2|6:3|6:4|6:5|6:6|6:7|6:8|7:1|7:8,40
2685,4413,0.149783261087029,1.0,1.0,0.0,1.0,9,victory,1,0,,0,10,10,6:1|6:2|6:3|6:4|6:5|6:6|6:7|6:8|7:1|7:8,40
2686,4414,0.1494664888296099,1.0,1.0,0.0,1.0,9,victory,1,0,,0,10,10,6:1|6:2|6:3|6:4|6:5|6:6|6:7|6:8|7:1|7:8,40
2687,4415,0.14914971657219078,1.0,1.0,0.0,1.0,11,victory,1,0,,0,11,11,5:2|6:1|6:2|6:3|6:4|6:5|6:6|6:7|6:8|7:1|7:8,40
2688,4416,0.14883294431477168,1.0,1.0,0.0,1.0,9,victory,1,0,,0,10,10,6:1|6:2|6:3|6:4|6:5|6:6|6:7|6:8|7:1|7:8,40
2689,4417,0.14851617205735246,1.0,1.0,0.0,1.0,9,victory,1,0,,0,10,10,6:1|6:2|6:3|6:4|6:5|6:6|6:7|6:8|7:1|7:8,40
2690,4418,0.14819939979993335,1.0,1.0,0.0,1.0,12,victory,1,0,,0,11,11,6:1|6:2|6:3|6:4|6:5|6:6|6:7|6:8|7:1|7:2|7:8,40
2691,4419,0.14788262754251424,1.0,1.0,0.0,1.0,11,victory,1,0,,0,11,11,5:8|6:1|6:2|6:3|6:4|6:5|6:6|6:7|6:8|7:1|7:8,40
2692,4420,0.14756585528509503,0.0,0.0,0.0,0.0,12,death,0,1,fire,0,8,8,6:1|6:2|6:3|6:4|6:5|7:1|7:5|8:5,40
2693,4421,0.14724908302767592,1.0,1.0,0.0,1.0,9,victory,1,0,,0,10,10,6:1|6:2|6:3|6:4|6:5|6:6|6:7|6:8|7:1|7:8,40
2694,4422,0.1469323107702567,1.0,1.0,0.0,1.0,9,victory,1,0,,0,10,10,6:1|6:2|6:3|6:4|6:5|6:6|6:7|6:8|7:1|7:8,40
2695,4423,0.1466155385128377,1.0,1.0,0.0,1.0,13,victory,1,0,,0,11,11,5:1|6:1|6:2|6:3|6:4|6:5|6:6|6:7|6:8|7:1|7:8,40
2696,4424,0.1462987662554185,1.0,1.0,0.0,1.0,12,victory,1,0,,0,11,11,6:1|6:2|6:3|6:4|6:5|6:6|6:7|6:8|7:1|7:3|7:8,40
2697,4425,0.14598199399799938,1.0,1.0,0.0,1.0,13,victory,1,0,,0,11,11,6:1|6:2|6:3|6:4|6:5|6:6|6:7|6:8|7:1|7:3|7:8,40
2698,4426,0.14566522174058028,1.0,1.0,0.0,1.0,11,victory,1,0,,0,11,11,6:1|6:2|6:3|6:4|6:5|6:6|6:7|6:8|7:1|7:8|8:1,40
2699,4427,0.14534844948316117,1.0,1.0,0.0,1.0,13,victory,1,0,,0,12,12,6:1|6:2|6:3|6:4|6:5|6:6|6:7|6:8|7:1|7:4|7:6|7:8,40
2700,4428,0.14503167722574195,1.0,1.0,0.0,1.0,9,victory,1,0,,0,10,10,6:1|6:2|6:3|6:4|6:5|6:6|6:7|6:8|7:1|7:8,40
2701,4429,0.14471490496832273,1.0,1.0,0.0,1.0,11,victory,1,0,,0,11,11,6:1|6:2|6:3|6:4|6:5|6:6|6:7|6:8|7:1|7:2|7:8,40
2702,4430,0.14439813271090374,1.0,1.0,0.0,1.0,13,victory,1,0,,0,10,10,6:1|6:2|6:3|6:4|6:5|6:6|6:7|6:8|7:1|7:8,40
2703,4431,0.14408136045348452,1.0,1.0,0.0,1.0,13,victory,1,0,,0,11,11,6:1|6:2|6:3|6:4|6:5|6:6|6:7|6:8|7:1|7:5|7:8,40
2704,4432,0.1437645881960654,1.0,1.0,0.0,1.0,9,victory,1,0,,0,10,10,6:1|6:2|6:3|6:4|6:5|6:6|6:7|6:8|7:1|7:8,40
2705,4433,0.1434478159386462,1.0,1.0,0.0,1.0,9,victory,1,0,,0,10,10,6:1|6:2|6:3|6:4|6:5|6:6|6:7|6:8|7:1|7:8,40
2706,4434,0.1431310436812272,1.0,1.0,0.0,1.0,13,victory,1,0,,0,10,10,6:1|6:2|6:3|6:4|6:5|6:6|6:7|6:8|7:1|7:8,40
2707,4435,0.14281427142380798,1.0,1.0,0.0,1.0,9,victory,1,0,,0,10,10,6:1|6:2|6:3|6:4|6:5|6:6|6:7|6:8|7:1|7:8,40
2708,4436,0.14249749916638876,1.0,1.0,0.0,1.0,9,victory,1,0,,0,10,10,6:1|6:2|6:3|6:4|6:5|6:6|6:7|7:1|7:7|7:8,40
2709,4437,0.14218072690896966,1.0,1.0,0.0,1.0,9,victory,1,0,,0,10,10,6:1|6:2|6:3|6:4|6:5|6:6|6:7|6:8|7:1|7:8,40
2710,4438,0.14186395465155055,1.0,1.0,0.0,1.0,9,victory,1,0,,0,10,10,6:1|6:2|6:3|6:4|6:5|6:6|6:7|6:8|7:1|7:8,40
2711,4439,0.14154718239413144,1.0,1.0,0.0,1.0,11,victory,1,0,,0,10,10,6:1|6:2|6:3|6:4|6:5|6:6|6:7|6:8|7:1|7:8,40
2712,4440,0.14123041013671223,1.0,1.0,0.0,1.0,10,victory,1,0,,0,10,10,6:1|6:2|6:3|6:4|6:5|6:6|6:7|6:8|7:1|7:8,40
2713,4441,0.14091363787929323,1.0,1.0,0.0,1.0,11,victory,1,0,,0,11,11,6:1|6:2|6:3|6:4|6:5|6:6|6:7|6:8|7:1|7:5|7:8,40
2714,4442,0.140596865621874,1.0,1.0,0.0,1.0,9,victory,1,0,,0,10,10,6:1|6:2|6:3|6:4|6:5|6:6|6:7|6:8|7:1|7:8,40
2715,4443,0.1402800933644549,1.0,1.0,0.0,1.0,11,victory,1,0,,0,10,10,6:1|6:2|6:3|6:4|6:5|6:6|6:7|6:8|7:1|7:8,40
2716,4444,0.1399633211070357,1.0,1.0,0.0,1.0,11,victory,1,0,,0,10,10,6:1|6:2|6:3|6:4|6:5|6:6|6:7|6:8|7:1|7:8,40
2717,4445,0.13964654884961658,1.0,1.0,0.0,1.0,10,victory,1,0,,0,10,10,6:1|6:2|6:3|6:4|6:5|6:6|6:7|6:8|7:1|7:8,40
2718,4446,0.13932977659219747,1.0,1.0,0.0,1.0,10,victory,1,0,,0,10,10,6:1|6:2|6:3|6:4|6:5|6:6|6:7|6:8|7:1|7:8,40
2719,4447,0.13901300433477826,1.0,1.0,0.0,1.0,9,victory,1,0,,0,10,10,6:1|6:2|6:3|6:4|6:5|6:6|6:7|6:8|7:1|7:8,40
2720,4448,0.13869623207735915,1.0,1.0,0.0,1.0,9,victory,1,0,,0,10,10,6:1|6:2|6:3|6:4|6:5|6:6|6:7|6:8|7:1|7:8,40
2721,4449,0.13837945981994004,1.0,1.0,0.0,1.0,11,victory,1,0,,0,11,11,6:1|6:2|6:3|6:4|6:5|6:6|6:7|6:8|7:1|7:6|7:8,40
2722,4450,0.13806268756252094,1.0,1.0,0.0,1.0,9,victory,1,0,,0,10,10,6:1|6:2|6:3|6:4|6:5|6:6|6:7|6:8|7:1|7:8,40
2723,4451,0.13774591530510172,1.0,1.0,0.0,1.0,15,victory,1,0,,0,12,12,5:2|6:2|6:3|6:4|6:5|6:6|6:7|6:8|7:1|7:2|7:4|7:8,40
2724,4452,0.1374291430476825,1.0,1.0,0.0,1.0,9,victory,1,0,,0,10,10,6:1|6:2|6:3|6:4|6:5|6:6|6:7|6:8|7:1|7:8,40
2725,4453,0.1371123707902635,1.0,1.0,0.0,1.0,10,victory,1,0,,0,10,10,6:1|6:2|6:3|6:4|6:5|6:6|6:7|6:8|7:1|7:8,40
2726,4454,0.1367955985328443,1.0,1.0,0.0,1.0,11,victory,1,0,,0,10,10,6:1|6:2|6:3|6:4|6:5|6:6|6:7|6:8|7:1|7:8,40
2727,4455,0.13647882627542518,1.0,1.0,0.0,1.0,10,victory,1,0,,0,10,10,6:1|6:2|6:3|6:4|6:5|6:6|6:7|6:8|7:1|7:8,40
2728,4456,0.13616205401800607,1.0,1.0,0.0,1.0,9,victory,1,0,,0,10,10,6:1|6:2|6:3|6:4|6:5|6:6|6:7|6:8|7:1|7:8,40
2729,4457,0.13584528176058697,1.0,1.0,0.0,1.0,12,victory,1,0,,0,11,11,5:8|6:1|6:2|6:3|6:4|6:5|6:6|6:7|6:8|7:1|7:8,40
2730,4458,0.13552850950316775,1.0,1.0,0.0,1.0,11,victory,1,0,,0,11,11,6:1|6:2|6:3|6:4|6:5|6:6|6:7|6:8|7:1|7:8|8:1,40
2731,4459,0.13521173724574864,1.0,1.0,0.0,1.0,9,victory,1,0,,0,10,10,6:1|6:2|6:3|6:4|6:5|6:6|6:7|6:8|7:1|7:8,40
2732,4460,0.13489496498832954,1.0,1.0,0.0,1.0,11,victory,1,0,,0,10,10,6:1|6:2|6:3|6:4|6:5|6:6|6:7|6:8|7:1|7:8,40
2733,4461,0.13457819273091032,1.0,1.0,0.0,1.0,9,victory,1,0,,0,10,10,6:1|6:2|6:3|6:4|6:5|6:6|6:7|6:8|7:1|7:8,40
2734,4462,0.1342614204734912,1.0,1.0,0.0,1.0,11,victory,1,0,,0,10,10,6:1|6:2|6:3|6:4|6:5|6:6|6:7|6:8|7:1|7:8,40
2735,4463,0.133944648216072,1.0,1.0,0.0,1.0,11,victory,1,0,,0,10,10,6:1|6:2|6:3|6:4|6:5|6:6|6:7|6:8|7:1|7:8,40
2736,4464,0.133627875958653,1.0,1.0,0.0,1.0,13,victory,1,0,,0,11,11,5:7|6:1|6:2|6:3|6:4|6:5|6:6|6:7|6:8|7:1|7:8,40
2737,4465,0.13331110370123378,1.0,1.0,0.0,1.0,12,victory,1,0,,0,11,11,6:1|6:2|6:3|6:4|6:5|6:6|6:7|6:8|7:1|7:8|8:1,40
2738,4466,0.13299433144381467,1.0,1.0,0.0,1.0,9,victory,1,0,,0,10,10,6:1|6:2|6:3|6:4|6:5|6:6|6:7|6:8|7:1|7:8,40
2739,4467,0.13267755918639546,1.0,1.0,0.0,1.0,10,victory,1,0,,0,10,10,6:1|6:2|6:3|6:4|6:5|6:6|6:7|6:8|7:1|7:8,40
2740,4468,0.13236078692897635,1.0,1.0,0.0,1.0,11,victory,1,0,,0,10,10,6:1|6:2|6:3|6:4|6:5|6:6|6:7|6:8|7:1|7:8,40
2741,4469,0.13204401467155724,1.0,1.0,0.0,1.0,11,victory,1,0,,0,10,10,6:1|6:2|6:3|6:4|6:5|6:6|6:7|6:8|7:1|7:8,40
2742,4470,0.13172724241413802,1.0,1.0,0.0,1.0,11,victory,1,0,,0,10,10,6:1|6:2|6:3|6:4|6:5|6:6|6:7|6:8|7:1|7:8,40
2743,4471,0.13141047015671903,1.0,1.0,0.0,1.0,13,victory,1,0,,0,10,10,6:1|6:2|6:3|6:4|6:5|6:6|6:7|6:8|7:1|7:8,40
2744,4472,0.1310936978992998,1.0,1.0,0.0,1.0,9,victory,1,0,,0,10,10,6:1|6:2|6:3|6:4|6:5|6:6|6:7|6:8|7:1|7:8,40
2745,4473,0.1307769256418807,1.0,1.0,0.0,1.0,12,victory,1,0,,0,10,10,6:1|6:2|6:3|6:4|6:5|6:6|6:7|6:8|7:1|7:8,40
2746,4474,0.13046015338446149,1.0,1.0,0.0,1.0,9,victory,1,0,,0,10,10,6:1|6:2|6:3|6:4|6:5|6:6|6:7|6:8|7:1|7:8,40
2747,4475,0.13014338112704238,1.0,1.0,0.0,1.0,10,victory,1,0,,0,10,10,6:1|6:2|6:3|6:4|6:5|6:6|6:7|6:8|7:1|7:8,40
2748,4476,0.12982660886962327,1.0,1.0,0.0,1.0,9,victory,1,0,,0,10,10,6:1|6:2|6:3|6:4|6:5|6:6|6:7|6:8|7:1|7:8,40
2749,4477,0.12950983661220405,1.0,1.0,0.0,1.0,9,victory,1,0,,0,10,10,6:1|6:2|6:3|6:4|6:5|6:6|6:7|6:8|7:1|7:8,40
2750,4478,0.12919306435478495,1.0,1.0,0.0,1.0,9,victory,1,0,,0,10,10,6:1|6:2|6:3|6:4|6:5|6:6|6:7|6:8|7:1|7:8,40
2751,4479,0.12887629209736584,1.0,1.0,0.0,1.0,12,victory,1,0,,0,11,11,6:1|6:2|6:3|6:4|6:5|6:6|6:7|6:8|7:1|7:4|7:8,40
2752,4480,0.12855951983994673,1.0,1.0,0.0,1.0,13,victory,1,0,,0,12,12,6:1|6:2|6:3|6:4|6:5|6:6|6:7|6:8|7:1|7:5|7:6|7:8,40
2753,4481,0.12824274758252752,1.0,1.0,0.0,1.0,9,victory,1,0,,0,10,10,6:1|6:2|6:3|6:4|6:5|6:6|6:7|6:8|7:1|7:8,40
2754,4482,0.1279259753251084,1.0,1.0,0.0,1.0,11,victory,1,0,,0,10,10,6:1|6:2|6:3|6:4|6:5|6:6|6:7|6:8|7:1|7:8,40
2755,4483,0.1276092030676893,1.0,1.0,0.0,1.0,10,victory,1,0,,0,10,10,6:1|6:2|6:3|6:4|6:5|6:6|6:7|6:8|7:1|7:8,40
2756,4484,0.12729243081027009,1.0,1.0,0.0,1.0,9,victory,1,0,,0,10,10,6:1|6:2|6:3|6:4|6:5|6:6|6:7|6:8|7:1|7:8,40
2757,4485,0.12697565855285098,1.0,1.0,0.0,1.0,14,victory,1,0,,0,11,11,6:1|6:2|6:3|6:4|6:5|6:6|6:7|6:8|7:1|7:3|7:8,40
2758,4486,0.12665888629543187,1.0,1.0,0.0,1.0,10,victory,1,0,,0,10,10,6:1|6:2|6:3|6:4|6:5|6:6|6:7|6:8|7:1|7:8,40
2759,4487,0.12634211403801276,1.0,1.0,0.0,1.0,17,victory,1,0,,0,13,13,5:8|6:1|6:2|6:3|6:4|6:5|6:6|6:7|6:8|7:1|7:2|7:5|7:8,40
2760,4488,0.12602534178059355,1.0,1.0,0.0,1.0,9,victory,1,0,,0,10,10,6:1|6:2|6:3|6:4|6:5|6:6|6:7|6:8|7:1|7:8,40
2761,4489,0.12570856952317444,1.0,1.0,0.0,1.0,15,victory,1,0,,0,13,13,5:2|6:1|6:2|6:3|6:4|6:5|6:6|6:7|6:8|7:1|7:2|7:3|7:8,40
2762,4490,0.12539179726575533,1.0,1.0,0.0,1.0,11,victory,1,0,,0,11,11,6:1|6:2|6:3|6:4|6:5|6:6|6:7|6:8|7:1|7:3|7:8,40
2763,4491,0.12507502500833612,1.0,1.0,0.0,1.0,9,victory,1,0,,0,10,10,6:1|6:2|6:3|6:4|6:5|6:6|6:7|6:8|7:1|7:8,40
2764,4492,0.12475825275091701,1.0,1.0,0.0,1.0,9,victory,1,0,,0,10,10,6:1|6:2|6:3|6:4|6:5|6:6|6:7|6:8|7:1|7:8,40
2765,4493,0.12444148049349779,1.0,1.0,0.0,1.0,16,victory,1,0,,0,11,11,6:1|6:2|6:3|6:4|6:5|6:6|6:7|6:8|7:1|7:5|7:8,40
2766,4494,0.1241247082360788,1.0,1.0,0.0,1.0,9,victory,1,0,,0,10,10,6:1|6:2|6:3|6:4|6:5|6:6|6:7|6:8|7:1|7:8,40
2767,4495,0.12380793597865958,1.0,1.0,0.0,1.0,9,victory,1,0,,0,10,10,6:1|6:2|6:3|6:4|6:5|6:6|6:7|6:8|7:1|7:8,40
2768,4496,0.12349116372124047,1.0,1.0,0.0,1.0,11,victory,1,0,,0,10,10,6:1|6:2|6:3|6:4|6:5|6:6|6:7|6:8|7:1|7:8,40
2769,4497,0.12317439146382125,1.0,1.0,0.0,1.0,11,victory,1,0,,0,11,11,5:8|6:1|6:2|6:3|6:4|6:5|6:6|6:7|6:8|7:1|7:8,40
2770,4498,0.12285761920640226,1.0,1.0,0.0,1.0,9,victory,1,0,,0,10,10,6:1|6:2|6:3|6:4|6:5|6:6|6:7|6:8|7:1|7:8,40
2771,4499,0.12254084694898304,1.0,1.0,0.0,1.0,9,victory,1,0,,0,10,10,6:1|6:2|6:3|6:4|6:5|6:6|6:7|6:8|7:1|7:8,40
2772,4500,0.12222407469156382,1.0,1.0,0.0,1.0,13,victory,1,0,,0,11,11,6:1|6:2|6:3|6:4|6:5|6:6|6:7|6:8|7:1|7:3|7:8,40
2773,4501,0.12190730243414483,1.0,1.0,0.0,1.0,9,victory,1,0,,0,10,10,6:1|6:2|6:3|6:4|6:5|6:6|6:7|6:8|7:1|7:8,40
2774,4502,0.12159053017672561,1.0,1.0,0.0,1.0,9,victory,1,0,,0,10,10,6:1|6:2|6:3|6:4|6:5|6:6|6:7|6:8|7:1|7:8,40
2775,4503,0.1212737579193065,1.0,1.0,0.0,1.0,9,victory,1,0,,0,10,10,6:1|6:2|6:3|6:4|6:5|6:6|6:7|6:8|7:1|7:8,40
2776,4504,0.12095698566188728,1.0,1.0,0.0,1.0,11,victory,1,0,,0,11,11,6:1|6:2|6:3|6:4|6:5|6:6|6:7|6:8|7:1|7:2|7:8,40
2777,4505,0.12064021340446829,1.0,1.0,0.0,1.0,13,victory,1,0,,0,11,11,6:1|6:2|6:3|6:4|6:5|6:6|6:7|6:8|7:1|7:6|7:8,40
2778,4506,0.12032344114704907,1.0,1.0,0.0,1.0,9,victory,1,0,,0,10,10,6:1|6:2|6:3|6:4|6:5|6:6|6:7|6:8|7:1|7:8,40
2779,4507,0.12000666888962985,1.0,1.0,0.0,1.0,9,victory,1,0,,0,10,10,6:1|6:2|6:3|6:4|6:5|6:6|6:7|6:8|7:1|7:8,40
2780,4508,0.11968989663221075,1.0,1.0,0.0,1.0,9,victory,1,0,,0,10,10,6:1|6:2|6:3|6:4|6:5|6:6|6:7|6:8|7:1|7:8,40
2781,4509,0.11937312437479164,1.0,1.0,0.0,1.0,9,victory,1,0,,0,10,10,6:1|6:2|6:3|6:4|6:5|6:6|6:7|6:8|7:1|7:8,40
2782,4510,0.11905635211737253,1.0,1.0,0.0,1.0,13,victory,1,0,,0,12,12,5:7|5:8|6:1|6:2|6:3|6:4|6:5|6:6|6:7|6:8|7:1|7:8,40
2783,4511,0.11873957985995331,1.0,1.0,0.0,1.0,13,victory,1,0,,0,11,11,6:1|6:2|6:3|6:4|6:5|6:6|6:7|6:8|7:1|7:3|7:8,40
2784,4512,0.11842280760253421,1.0,1.0,0.0,1.0,12,victory,1,0,,0,11,11,5:1|6:1|6:2|6:3|6:4|6:5|6:6|6:7|6:8|7:1|7:8,40
2785,4513,0.1181060353451151,1.0,1.0,0.0,1.0,9,victory,1,0,,0,10,10,6:1|6:2|6:3|6:4|6:5|6:6|6:7|6:8|7:1|7:8,40
2786,4514,0.117789263087696,1.0,1.0,0.0,1.0,11,victory,1,0,,0,10,10,6:1|6:2|6:3|6:4|6:5|6:6|6:7|6:8|7:1|7:8,40
2787,4515,0.11747249083027678,1.0,1.0,0.0,1.0,10,victory,1,0,,0,10,10,6:1|6:2|6:3|6:4|6:5|6:6|6:7|6:8|7:1|7:8,40
2788,4516,0.11715571857285767,1.0,1.0,0.0,1.0,11,victory,1,0,,0,11,11,6:1|6:2|6:3|6:4|6:5|6:6|6:7|6:8|7:1|7:6|7:8,40
2789,4517,0.11683894631543856,1.0,1.0,0.0,1.0,9,victory,1,0,,0,10,10,6:1|6:2|6:3|6:4|6:5|6:6|6:7|6:8|7:1|7:8,40
2790,4518,0.11652217405801935,1.0,1.0,0.0,1.0,13,victory,1,0,,0,10,10,6:1|6:2|6:3|6:4|6:5|6:6|6:7|6:8|7:1|7:8,40
2791,4519,0.11620540180060024,1.0,1.0,0.0,1.0,10,victory,1,0,,0,10,10,6:1|6:2|6:3|6:4|6:5|6:6|6:7|6:8|7:1|7:8,40
2792,4520,0.11588862954318113,1.0,1.0,0.0,1.0,13,victory,1,0,,0,10,10,6:1|6:2|6:3|6:4|6:5|6:6|6:7|6:8|7:1|7:8,40
2793,4521,0.11557185728576203,1.0,1.0,0.0,1.0,9,victory,1,0,,0,10,10,6:1|6:2|6:3|6:4|6:5|6:6|6:7|6:8|7:1|7:8,40
2794,4522,0.11525508502834281,1.0,1.0,0.0,1.0,9,victory,1,0,,0,10,10,6:1|6:2|6:3|6:4|6:5|6:6|6:7|7:1|7:7|7:8,40
2795,4523,0.11493831277092359,1.0,1.0,0.0,1.0,13,victory,1,0,,0,10,10,6:1|6:2|6:3|6:4|6:5|6:6|6:7|6:8|7:1|7:8,40
2796,4524,0.1146215405135046,1.0,1.0,0.0,1.0,12,victory,1,0,,0,11,11,5:2|6:1|6:2|6:3|6:4|6:5|6:6|6:7|6:8|7:1|7:8,40
2797,4525,0.11430476825608538,1.0,1.0,0.0,1.0,11,victory,1,0,,0,10,10,6:1|6:2|6:3|6:4|6:5|6:6|6:7|6:8|7:1|7:8,40
2798,4526,0.11398799599866627,1.0,1.0,0.0,1.0,13,victory,1,0,,0,11,11,6:1|6:2|6:3|6:4|6:5|6:6|6:7|6:8|7:1|7:4|7:8,40
2799,4527,0.11367122374124705,1.0,1.0,0.0,1.0,9,victory,1,0,,0,10,10,6:1|6:2|6:3|6:4|6:5|6:6|6:7|6:8|7:1|7:8,40
2800,4528,0.11335445148382806,1.0,1.0,0.0,1.0,13,victory,1,0,,0,10,10,6:1|6:2|6:3|6:4|6:5|6:6|6:7|6:8|7:1|7:8,40
2801,4529,0.11303767922640884,1.0,1.0,0.0,1.0,9,victory,1,0,,0,10,10,6:2|6:3|6:4|6:5|6:6|6:7|6:8|7:1|7:2|7:8,40
2802,4530,0.11272090696898973,1.0,1.0,0.0,1.0,11,victory,1,0,,0,11,11,6:1|6:2|6:3|6:4|6:5|6:6|6:7|6:8|7:1|7:3|7:8,40
2803,4531,0.11240413471157062,1.0,1.0,0.0,1.0,12,victory,1,0,,0,10,10,6:1|6:2|6:3|6:4|6:5|6:6|6:7|6:8|7:1|7:8,40
2804,4532,0.1120873624541514,1.0,1.0,0.0,1.0,10,victory,1,0,,0,10,10,6:1|6:2|6:3|6:4|6:5|6:6|6:7|6:8|7:1|7:8,40
2805,4533,0.1117705901967323,1.0,1.0,0.0,1.0,10,victory,1,0,,0,10,10,6:1|6:2|6:3|6:4|6:5|6:6|6:7|6:8|7:1|7:8,40
2806,4534,0.11145381793931308,1.0,1.0,0.0,1.0,9,victory,1,0,,0,10,10,6:1|6:2|6:3|6:4|6:5|6:6|6:7|6:8|7:1|7:8,40
2807,4535,0.11113704568189409,1.0,1.0,0.0,1.0,10,victory,1,0,,0,10,10,6:1|6:2|6:3|6:4|6:5|6:6|6:7|6:8|7:1|7:8,40
2808,4536,0.11082027342447487,1.0,1.0,0.0,1.0,11,victory,1,0,,0,11,11,6:1|6:2|6:3|6:4|6:5|6:6|6:7|6:8|7:1|7:5|7:8,40
2809,4537,0.11050350116705576,1.0,1.0,0.0,1.0,15,victory,1,0,,0,10,10,6:1|6:2|6:3|6:4|6:5|6:6|6:7|6:8|7:1|7:8,40
2810,4538,0.11018672890963654,1.0,1.0,0.0,1.0,10,victory,1,0,,0,10,10,6:1|6:2|6:3|6:4|6:5|6:6|6:7|6:8|7:1|7:8,40
2811,4539,0.10986995665221744,1.0,1.0,0.0,1.0,11,victory,1,0,,0,11,11,6:1|6:2|6:3|6:4|6:5|6:6|6:7|6:8|7:1|7:5|7:8,40
2812,4540,0.10955318439479833,1.0,1.0,0.0,1.0,11,victory,1,0,,0,11,11,5:6|6:1|6:2|6:3|6:4|6:5|6:6|6:7|6:8|7:1|7:8,40
2813,4541,0.10923641213737911,1.0,1.0,0.0,1.0,11,victory,1,0,,0,10,10,6:1|6:2|6:3|6:4|6:5|6:6|6:7|6:8|7:1|7:8,40
2814,4542,0.10891963987996,1.0,1.0,0.0,1.0,12,victory,1,0,,0,11,11,5:2|6:1|6:2|6:3|6:4|6:5|6:6|6:7|6:8|7:1|7:8,40
2815,4543,0.1086028676225409,1.0,1.0,0.0,1.0,11,victory,1,0,,0,11,11,6:1|6:2|6:3|6:4|6:5|6:6|6:7|6:8|7:1|7:3|7:8,40
2816,4544,0.10828609536512179,1.0,1.0,0.0,1.0,9,victory,1,0,,0,10,10,6:1|6:2|6:3|6:4|6:5|6:6|6:7|7:1|7:7|7:8,40
2817,4545,0.10796932310770258,1.0,1.0,0.0,1.0,11,victory,1,0,,0,10,10,6:1|6:2|6:3|6:4|6:5|6:6|6:7|6:8|7:1|7:8,40
2818,4546,0.10765255085028347,1.0,1.0,0.0,1.0,9,victory,1,0,,0,10,10,6:1|6:2|6:3|6:4|6:5|6:6|6:7|6:8|7:1|7:8,40
2819,4547,0.10733577859286436,0.0,0.0,0.0,0.0,13,death,0,1,fire,0,11,11,6:1|6:2|6:3|6:4|6:5|6:6|6:7|7:1|7:4|7:7|8:7,40
2820,4548,0.10701900633544514,1.0,1.0,0.0,1.0,9,victory,1,0,,0,10,10,6:1|6:2|6:3|6:4|6:5|6:6|6:7|6:8|7:1|7:8,40
2821,4549,0.10670223407802604,1.0,1.0,0.0,1.0,10,victory,1,0,,0,10,10,6:1|6:2|6:3|6:4|6:5|6:6|6:7|6:8|7:1|7:8,40
2822,4550,0.10638546182060693,1.0,1.0,0.0,1.0,9,victory,1,0,,0,10,10,6:1|6:2|6:3|6:4|6:5|6:6|6:7|6:8|7:1|7:8,40
2823,4551,0.10606868956318782,1.0,1.0,0.0,1.0,9,victory,1,0,,0,10,10,6:1|6:2|6:3|6:4|6:5|6:6|6:7|6:8|7:1|7:8,40
2824,4552,0.1057519173057686,1.0,1.0,0.0,1.0,9,victory,1,0,,0,10,10,6:1|6:2|6:3|6:4|6:5|6:6|6:7|6:8|7:1|7:8,40
2825,4553,0.1054351450483495,1.0,1.0,0.0,1.0,12,victory,1,0,,0,11,11,5:1|6:1|6:2|6:3|6:4|6:5|6:6|6:7|6:8|7:1|7:8,40
2826,4554,0.10511837279093039,1.0,1.0,0.0,1.0,15,victory,1,0,,0,12,12,5:1|5:2|6:1|6:2|6:3|6:4|6:5|6:6|6:7|6:8|7:1|7:8,40
2827,4555,0.10480160053351117,1.0,1.0,0.0,1.0,9,victory,1,0,,0,10,10,6:1|6:2|6:3|6:4|6:5|6:6|6:7|6:8|7:1|7:8,40
2828,4556,0.10448482827609207,1.0,1.0,0.0,1.0,10,victory,1,0,,0,10,10,6:1|6:2|6:3|6:4|6:5|6:6|6:7|7:1|7:7|7:8,40
2829,4557,0.10416805601867285,1.0,1.0,0.0,1.0,18,victory,1,0,,0,13,13,6:1|6:2|6:3|6:4|6:5|6:6|6:7|6:8|7:1|7:2|7:4|7:6|7:8,40
2830,4558,0.10385128376125385,1.0,1.0,0.0,1.0,9,victory,1,0,,0,10,10,6:2|6:3|6:4|6:5|6:6|6:7|6:8|7:1|7:2|7:8,40
2831,4559,0.10353451150383464,1.0,1.0,0.0,1.0,9,victory,1,0,,0,10,10,6:1|6:2|6:3|6:4|6:5|6:6|6:7|7:1|7:7|7:8,40
2832,4560,0.10321773924641553,1.0,1.0,0.0,1.0,9,victory,1,0,,0,10,10,6:1|6:2|6:3|6:4|6:5|6:6|6:7|6:8|7:1|7:8,40
2833,4561,0.10290096698899642,1.0,1.0,0.0,1.0,11,victory,1,0,,0,10,10,6:1|6:2|6:3|6:4|6:5|6:6|6:7|6:8|7:1|7:8,40
2834,4562,0.1025841947315772,1.0,1.0,0.0,1.0,9,victory,1,0,,0,10,10,6:1|6:2|6:3|6:4|6:5|6:6|6:7|6:8|7:1|7:8,40
2835,4563,0.1022674224741581,1.0,1.0,0.0,1.0,9,victory,1,0,,0,10,10,6:1|6:2|6:3|6:4|6:5|6:6|6:7|6:8|7:1|7:8,40
2836,4564,0.10195065021673888,1.0,1.0,0.0,1.0,9,victory,1,0,,0,10,10,6:1|6:2|6:3|6:4|6:5|6:6|6:7|6:8|7:1|7:8,40
2837,4565,0.10163387795931988,1.0,1.0,0.0,1.0,9,victory,1,0,,0,10,10,6:1|6:2|6:3|6:4|6:5|6:6|6:7|6:8|7:1|7:8,40
2838,4566,0.10131710570190067,1.0,1.0,0.0,1.0,10,victory,1,0,,0,10,10,6:1|6:2|6:3|6:4|6:5|6:6|6:7|6:8|7:1|7:8,40
2839,4567,0.10100033344448156,1.0,1.0,0.0,1.0,9,victory,1,0,,0,10,10,6:1|6:2|6:3|6:4|6:5|6:6|6:7|6:8|7:1|7:8,40
2840,4568,0.10068356118706234,1.0,1.0,0.0,1.0,9,victory,1,0,,0,10,10,6:2|6:3|6:4|6:5|6:6|6:7|6:8|7:1|7:2|7:8,40
2841,4569,0.10036678892964335,1.0,1.0,0.0,1.0,10,victory,1,0,,0,10,10,6:1|6:2|6:3|6:4|6:5|6:6|6:7|6:8|7:1|7:8,40
2842,4570,0.10005001667222413,0.0,0.0,0.0,0.0,13,death,0,1,fire,0,10,10,5:1|6:1|6:2|6:3|6:4|6:5|7:1|7:4|7:5|8:5,40
2843,4571,0.09973324441480491,1.0,1.0,0.0,1.0,9,victory,1,0,,0,10,10,6:1|6:2|6:3|6:4|6:5|6:6|6:7|6:8|7:1|7:8,40
2844,4572,0.0994164721573858,1.0,1.0,0.0,1.0,9,victory,1,0,,0,10,10,6:1|6:2|6:3|6:4|6:5|6:6|6:7|6:8|7:1|7:8,40
2845,4573,0.0990996998999667,1.0,1.0,0.0,1.0,10,victory,1,0,,0,10,10,6:1|6:2|6:3|6:4|6:5|6:6|6:7|6:8|7:1|7:8,40
2846,4574,0.09878292764254759,1.0,1.0,0.0,1.0,9,victory,1,0,,0,10,10,6:1|6:2|6:3|6:4|6:5|6:6|6:7|6:8|7:1|7:8,40
2847,4575,0.09846615538512837,1.0,1.0,0.0,1.0,11,victory,1,0,,0,10,10,6:1|6:2|6:3|6:4|6:5|6:6|6:7|6:8|7:1|7:8,40
2848,4576,0.09814938312770938,1.0,1.0,0.0,1.0,9,victory,1,0,,0,10,10,6:1|6:2|6:3|6:4|6:5|6:6|6:7|6:8|7:1|7:8,40
2849,4577,0.09783261087029016,1.0,1.0,0.0,1.0,9,victory,1,0,,0,10,10,6:1|6:2|6:3|6:4|6:5|6:6|6:7|6:8|7:1|7:8,40
2850,4578,0.09751583861287094,1.0,1.0,0.0,1.0,9,victory,1,0,,0,10,10,6:1|6:2|6:3|6:4|6:5|6:6|6:7|6:8|7:1|7:8,40
2851,4579,0.09719906635545184,1.0,1.0,0.0,1.0,17,victory,1,0,,0,13,13,5:6|5:7|6:1|6:2|6:3|6:4|6:5|6:6|6:7|6:8|7:1|7:6|7:8,40
2852,4580,0.09688229409803273,1.0,1.0,0.0,1.0,9,victory,1,0,,0,10,10,6:1|6:2|6:3|6:4|6:5|6:6|6:7|6:8|7:1|7:8,40
2853,4581,0.09656552184061362,1.0,1.0,0.0,1.0,9,victory,1,0,,0,10,10,6:1|6:2|6:3|6:4|6:5|6:6|6:7|6:8|7:1|7:8,40
2854,4582,0.0962487495831944,1.0,1.0,0.0,1.0,10,victory,1,0,,0,10,10,6:1|6:2|6:3|6:4|6:5|6:6|6:7|6:8|7:1|7:8,40
2855,4583,0.0959319773257753,1.0,1.0,0.0,1.0,9,victory,1,0,,0,10,10,6:1|6:2|6:3|6:4|6:5|6:6|6:7|6:8|7:1|7:8,40
2856,4584,0.09561520506835619,1.0,1.0,0.0,1.0,9,victory,1,0,,0,10,10,6:1|6:2|6:3|6:4|6:5|6:6|6:7|6:8|7:1|7:8,40
2857,4585,0.09529843281093708,1.0,1.0,0.0,1.0,9,victory,1,0,,0,10,10,6:1|6:2|6:3|6:4|6:5|6:6|6:7|6:8|7:1|7:8,40
2858,4586,0.09498166055351787,1.0,1.0,0.0,1.0,9,victory,1,0,,0,10,10,6:1|6:2|6:3|6:4|6:5|6:6|6:7|6:8|7:1|7:8,40
2859,4587,0.09466488829609865,1.0,1.0,0.0,1.0,9,victory,1,0,,0,10,10,6:1|6:2|6:3|6:4|6:5|6:6|6:7|6:8|7:1|7:8,40
2860,4588,0.09434811603867965,1.0,1.0,0.0,1.0,10,victory,1,0,,0,10,10,6:1|6:2|6:3|6:4|6:5|6:6|6:7|6:8|7:1|7:8,40
2861,4589,0.09403134378126043,1.0,1.0,0.0,1.0,10,victory,1,0,,0,10,10,6:1|6:2|6:3|6:4|6:5|6:6|6:7|6:8|7:1|7:8,40
2862,4590,0.09371457152384133,1.0,1.0,0.0,1.0,9,victory,1,0,,0,10,10,6:1|6:2|6:3|6:4|6:5|6:6|6:7|6:8|7:1|7:8,40
2863,4591,0.09339779926642222,1.0,1.0,0.0,1.0,10,victory,1,0,,0,10,10,6:1|6:2|6:3|6:4|6:5|6:6|6:7|6:8|7:1|7:8,40
2864,4592,0.09308102700900311,1.0,1.0,0.0,1.0,10,victory,1,0,,0,10,10,6:1|6:2|6:3|6:4|6:5|6:6|6:7|6:8|7:1|7:8,40
2865,4593,0.0927642547515839,1.0,1.0,0.0,1.0,9,victory,1,0,,0,10,10,6:1|6:2|6:3|6:4|6:5|6:6|6:7|6:8|7:1|7:8,40
2866,4594,0.09244748249416468,1.0,1.0,0.0,1.0,11,victory,1,0,,0,11,11,5:1|6:1|6:2|6:3|6:4|6:5|6:6|6:7|6:8|7:1|7:8,40
2867,4595,0.09213071023674568,1.0,1.0,0.0,1.0,11,victory,1,0,,0,10,10,6:1|6:2|6:3|6:4|6:5|6:6|6:7|6:8|7:1|7:8,40
2868,4596,0.09181393797932647,1.0,1.0,0.0,1.0,9,victory,1,0,,0,10,10,6:1|6:2|6:3|6:4|6:5|6:6|6:7|6:8|7:1|7:8,40
2869,4597,0.09149716572190736,1.0,1.0,0.0,1.0,9,victory,1,0,,0,10,10,6:1|6:2|6:3|6:4|6:5|6:6|6:7|6:8|7:1|7:8,40
2870,4598,0.09118039346448814,1.0,1.0,0.0,1.0,11,victory,1,0,,0,11,11,6:1|6:2|6:3|6:4|6:5|6:6|6:7|6:8|7:1|7:4|7:8,40
2871,4599,0.09086362120706915,1.0,1.0,0.0,1.0,11,victory,1,0,,0,11,11,6:1|6:2|6:3|6:4|6:5|6:6|6:7|6:8|7:1|7:2|7:8,40
2872,4600,0.09054684894964993,1.0,1.0,0.0,1.0,11,victory,1,0,,0,11,11,5:6|6:1|6:2|6:3|6:4|6:5|6:6|6:7|6:8|7:1|7:8,40
2873,4601,0.09023007669223082,1.0,1.0,0.0,1.0,9,victory,1,0,,0,10,10,6:1|6:2|6:3|6:4|6:5|6:6|6:7|6:8|7:1|7:8,40
2874,4602,0.0899133044348116,1.0,1.0,0.0,1.0,9,victory,1,0,,0,10,10,6:1|6:2|6:3|6:4|6:5|6:6|6:7|6:8|7:1|7:8,40
2875,4603,0.0895965321773925,1.0,1.0,0.0,1.0,9,victory,1,0,,0,10,10,6:1|6:2|6:3|6:4|6:5|6:6|6:7|6:8|7:1|7:8,40
2876,4604,0.08927975991997339,1.0,1.0,0.0,1.0,9,victory,1,0,,0,10,10,6:1|6:2|6:3|6:4|6:5|6:6|6:7|6:8|7:1|7:8,40
2877,4605,0.08896298766255417,1.0,1.0,0.0,1.0,11,victory,1,0,,0,10,10,6:1|6:2|6:3|6:4|6:5|6:6|6:7|6:8|7:1|7:8,40
2878,4606,0.08864621540513506,1.0,1.0,0.0,1.0,11,victory,1,0,,0,11,11,6:1|6:2|6:3|6:4|6:5|6:6|6:7|6:8|7:1|7:6|7:8,40
2879,4607,0.08832944314771596,1.0,1.0,0.0,1.0,9,victory,1,0,,0,10,10,6:1|6:2|6:3|6:4|6:5|6:6|6:7|6:8|7:1|7:8,40
2880,4608,0.08801267089029685,1.0,1.0,0.0,1.0,11,victory,1,0,,0,10,10,6:1|6:2|6:3|6:4|6:5|6:6|6:7|6:8|7:1|7:8,40
2881,4609,0.08769589863287763,1.0,1.0,0.0,1.0,11,victory,1,0,,0,11,11,6:1|6:2|6:3|6:4|6:5|6:6|6:7|6:8|7:1|7:4|7:8,40
2882,4610,0.08737912637545853,1.0,1.0,0.0,1.0,9,victory,1,0,,0,10,10,6:1|6:2|6:3|6:4|6:5|6:6|6:7|6:8|7:1|7:8,40
2883,4611,0.08706235411803942,1.0,1.0,0.0,1.0,9,victory,1,0,,0,10,10,6:1|6:2|6:3|6:4|6:5|6:6|6:7|6:8|7:1|7:8,40
2884,4612,0.0867455818606202,1.0,1.0,0.0,1.0,9,victory,1,0,,0,10,10,6:1|6:2|6:3|6:4|6:5|6:6|6:7|6:8|7:1|7:8,40
2885,4613,0.0864288096032011,1.0,1.0,0.0,1.0,9,victory,1,0,,0,10,10,6:2|6:3|6:4|6:5|6:6|6:7|6:8|7:1|7:2|7:8,40
2886,4614,0.08611203734578199,1.0,1.0,0.0,1.0,13,victory,1,0,,0,11,11,5:1|6:1|6:2|6:3|6:4|6:5|6:6|6:7|6:8|7:1|7:8,40
2887,4615,0.08579526508836288,1.0,1.0,0.0,1.0,11,victory,1,0,,0,10,10,6:1|6:2|6:3|6:4|6:5|6:6|6:7|6:8|7:1|7:8,40
2888,4616,0.08547849283094366,1.0,1.0,0.0,1.0,11,victory,1,0,,0,11,11,6:1|6:2|6:3|6:4|6:5|6:6|6:7|6:8|7:1|7:4|7:8,40
2889,4617,0.08516172057352456,1.0,1.0,0.0,1.0,9,victory,1,0,,0,10,10,6:1|6:2|6:3|6:4|6:5|6:6|6:7|6:8|7:1|7:8,40
2890,4618,0.08484494831610545,1.0,1.0,0.0,1.0,11,victory,1,0,,0,11,11,6:1|6:2|6:3|6:4|6:5|6:6|6:7|6:8|7:1|7:8|8:1,40
2891,4619,0.08452817605868623,1.0,1.0,0.0,1.0,9,victory,1,0,,0,10,10,6:1|6:2|6:3|6:4|6:5|6:6|6:7|6:8|7:1|7:8,40
2892,4620,0.08421140380126713,1.0,1.0,0.0,1.0,10,victory,1,0,,0,10,10,6:1|6:2|6:3|6:4|6:5|6:6|6:7|6:8|7:1|7:8,40
2893,4621,0.08389463154384791,1.0,1.0,0.0,1.0,13,victory,1,0,,0,11,11,5:8|6:1|6:2|6:3|6:4|6:5|6:6|6:7|6:8|7:1|7:8,40
2894,4622,0.08357785928642891,1.0,1.0,0.0,1.0,10,victory,1,0,,0,10,10,6:1|6:2|6:3|6:4|6:5|6:6|6:7|6:8|7:1|7:8,40
2895,4623,0.0832610870290097,1.0,1.0,0.0,1.0,9,victory,1,0,,0,10,10,6:1|6:2|6:3|6:4|6:5|6:6|6:7|6:8|7:1|7:8,40
2896,4624,0.08294431477159059,1.0,1.0,0.0,1.0,9,victory,1,0,,0,10,10,6:1|6:2|6:3|6:4|6:5|6:6|6:7|6:8|7:1|7:8,40
2897,4625,0.08262754251417148,1.0,1.0,0.0,1.0,9,victory,1,0,,0,10,10,6:1|6:2|6:3|6:4|6:5|6:6|6:7|6:8|7:1|7:8,40
2898,4626,0.08231077025675226,1.0,1.0,0.0,1.0,9,victory,1,0,,0,10,10,6:1|6:2|6:3|6:4|6:5|6:6|6:7|6:8|7:1|7:8,40
2899,4627,0.08199399799933316,1.0,1.0,0.0,1.0,9,victory,1,0,,0,10,10,6:1|6:2|6:3|6:4|6:5|6:6|6:7|6:8|7:1|7:8,40
2900,4628,0.08167722574191394,1.0,1.0,0.0,1.0,9,victory,1,0,,0,10,10,6:1|6:2|6:3|6:4|6:5|6:6|6:7|6:8|7:1|7:8,40
2901,4629,0.08136045348449494,1.0,1.0,0.0,1.0,9,victory,1,0,,0,10,10,6:1|6:2|6:3|6:4|6:5|6:6|6:7|6:8|7:1|7:8,40
2902,4630,0.08104368122707573,1.0,1.0,0.0,1.0,9,victory,1,0,,0,10,10,6:1|6:2|6:3|6:4|6:5|6:6|6:7|6:8|7:1|7:8,40
2903,4631,0.08072690896965662,1.0,1.0,0.0,1.0,9,victory,1,0,,0,10,10,6:1|6:2|6:3|6:4|6:5|6:6|6:7|6:8|7:1|7:8,40
2904,4632,0.0804101367122374,1.0,1.0,0.0,1.0,12,victory,1,0,,0,10,10,6:1|6:2|6:3|6:4|6:5|6:6|6:7|6:8|7:1|7:8,40
2905,4633,0.0800933644548183,1.0,1.0,0.0,1.0,9,victory,1,0,,0,10,10,6:1|6:2|6:3|6:4|6:5|6:6|6:7|6:8|7:1|7:8,40
2906,4634,0.07977659219739919,1.0,1.0,0.0,1.0,9,victory,1,0,,0,10,10,6:1|6:2|6:3|6:4|6:5|6:6|6:7|6:8|7:1|7:8,40
2907,4635,0.07945981993997997,1.0,1.0,0.0,1.0,9,victory,1,0,,0,10,10,6:1|6:2|6:3|6:4|6:5|6:6|6:7|6:8|7:1|7:8,40
2908,4636,0.07914304768256086,1.0,1.0,0.0,1.0,9,victory,1,0,,0,10,10,6:1|6:2|6:3|6:4|6:5|6:6|6:7|6:8|7:1|7:8,40
2909,4637,0.07882627542514176,1.0,1.0,0.0,1.0,9,victory,1,0,,0,10,10,6:1|6:2|6:3|6:4|6:5|6:6|6:7|6:8|7:1|7:8,40
2910,4638,0.07850950316772265,1.0,1.0,0.0,1.0,10,victory,1,0,,0,10,10,6:1|6:2|6:3|6:4|6:5|6:6|6:7|6:8|7:1|7:8,40
2911,4639,0.07819273091030343,1.0,1.0,0.0,1.0,9,victory,1,0,,0,10,10,6:1|6:2|6:3|6:4|6:5|6:6|6:7|6:8|7:1|7:8,40
2912,4640,0.07787595865288444,1.0,1.0,0.0,1.0,9,victory,1,0,,0,10,10,6:1|6:2|6:3|6:4|6:5|6:6|6:7|6:8|7:1|7:8,40
2913,4641,0.07755918639546522,1.0,1.0,0.0,1.0,11,victory,1,0,,0,10,10,6:1|6:2|6:3|6:4|6:5|6:6|6:7|6:8|7:1|7:8,40
2914,4642,0.077242414138046,1.0,1.0,0.0,1.0,9,victory,1,0,,0,10,10,6:1|6:2|6:3|6:4|6:5|6:6|6:7|6:8|7:1|7:8,40
2915,4643,0.0769256418806269,1.0,1.0,0.0,1.0,9,victory,1,0,,0,10,10,6:1|6:2|6:3|6:4|6:5|6:6|6:7|6:8|7:1|7:8,40
2916,4644,0.07660886962320779,1.0,1.0,0.0,1.0,11,victory,1,0,,0,11,11,6:1|6:2|6:3|6:4|6:5|6:6|6:7|6:8|7:1|7:6|7:8,40
2917,4645,0.07629209736578868,1.0,1.0,0.0,1.0,9,victory,1,0,,0,10,10,6:1|6:2|6:3|6:4|6:5|6:6|6:7|6:8|7:1|7:8,40
2918,4646,0.07597532510836946,1.0,1.0,0.0,1.0,10,victory,1,0,,0,10,10,6:1|6:2|6:3|6:4|6:5|6:6|6:7|6:8|7:1|7:8,40
2919,4647,0.07565855285095036,1.0,1.0,0.0,1.0,11,victory,1,0,,0,10,10,6:1|6:2|6:3|6:4|6:5|6:6|6:7|6:8|7:1|7:8,40
2920,4648,0.07534178059353125,1.0,1.0,0.0,1.0,9,victory,1,0,,0,10,10,6:1|6:2|6:3|6:4|6:5|6:6|6:7|6:8|7:1|7:8,40
2921,4649,0.07502500833611203,1.0,1.0,0.0,1.0,13,victory,1,0,,0,11,11,6:1|6:2|6:3|6:4|6:5|6:6|6:7|6:8|7:1|7:5|7:8,40
2922,4650,0.07470823607869292,1.0,1.0,0.0,1.0,9,victory,1,0,,0,10,10,6:1|6:2|6:3|6:4|6:5|6:6|6:7|6:8|7:1|7:8,40
2923,4651,0.0743914638212737,1.0,1.0,0.0,1.0,10,victory,1,0,,0,10,10,6:1|6:2|6:3|6:4|6:5|6:6|6:7|6:8|7:1|7:8,40
2924,4652,0.07407469156385471,1.0,1.0,0.0,1.0,11,victory,1,0,,0,11,11,6:1|6:2|6:3|6:4|6:5|6:6|6:7|6:8|7:1|7:2|7:8,40
2925,4653,0.0737579193064355,1.0,1.0,0.0,1.0,9,victory,1,0,,0,10,10,6:1|6:2|6:3|6:4|6:5|6:6|6:7|6:8|7:1|7:8,40
2926,4654,0.07344114704901639,1.0,1.0,0.0,1.0,9,victory,1,0,,0,10,10,6:1|6:2|6:3|6:4|6:5|6:6|6:7|6:8|7:1|7:8,40
2927,4655,0.07312437479159728,1.0,1.0,0.0,1.0,11,victory,1,0,,0,11,11,6:1|6:2|6:3|6:4|6:5|6:6|6:7|6:8|7:1|7:6|7:8,40
2928,4656,0.07280760253417817,1.0,1.0,0.0,1.0,10,victory,1,0,,0,10,10,6:1|6:2|6:3|6:4|6:5|6:6|6:7|6:8|7:1|7:8,40
2929,4657,0.07249083027675896,1.0,1.0,0.0,1.0,9,victory,1,0,,0,10,10,6:1|6:2|6:3|6:4|6:5|6:6|6:7|6:8|7:1|7:8,40
2930,4658,0.07217405801933974,1.0,1.0,0.0,1.0,9,victory,1,0,,0,10,10,6:1|6:2|6:3|6:4|6:5|6:6|6:7|6:8|7:1|7:8,40
2931,4659,0.07185728576192074,1.0,1.0,0.0,1.0,11,victory,1,0,,0,11,11,6:1|6:2|6:3|6:4|6:5|6:6|6:7|6:8|7:1|7:2|7:8,40
2932,4660,0.07154051350450152,1.0,1.0,0.0,1.0,11,victory,1,0,,0,10,10,6:1|6:2|6:3|6:4|6:5|6:6|6:7|6:8|7:1|7:8,40
2933,4661,0.07122374124708242,1.0,1.0,0.0,1.0,9,victory,1,0,,0,10,10,6:1|6:2|6:3|6:4|6:5|6:6|6:7|6:8|7:1|7:8,40
2934,4662,0.0709069689896632,1.0,1.0,0.0,1.0,9,victory,1,0,,0,10,10,6:1|6:2|6:3|6:4|6:5|6:6|6:7|6:8|7:1|7:8,40
2935,4663,0.0705901967322442,1.0,1.0,0.0,1.0,9,victory,1,0,,0,10,10,6:1|6:2|6:3|6:4|6:5|6:6|6:7|6:8|7:1|7:8,40
2936,4664,0.07027342447482499,1.0,1.0,0.0,1.0,12,victory,1,0,,0,10,10,6:1|6:2|6:3|6:4|6:5|6:6|6:7|6:8|7:1|7:8,40
2937,4665,0.06995665221740577,1.0,1.0,0.0,1.0,9,victory,1,0,,0,10,10,6:1|6:2|6:3|6:4|6:5|6:6|6:7|6:8|7:1|7:8,40
2938,4666,0.06963987995998666,1.0,1.0,0.0,1.0,9,victory,1,0,,0,10,10,6:1|6:2|6:3|6:4|6:5|6:6|6:7|6:8|7:1|7:8,40
2939,4667,0.06932310770256755,1.0,1.0,0.0,1.0,9,victory,1,0,,0,10,10,6:1|6:2|6:3|6:4|6:5|6:6|6:7|6:8|7:1|7:8,40
2940,4668,0.06900633544514845,1.0,1.0,0.0,1.0,9,victory,1,0,,0,10,10,6:1|6:2|6:3|6:4|6:5|6:6|6:7|6:8|7:1|7:8,40
2941,4669,0.06868956318772923,1.0,1.0,0.0,1.0,9,victory,1,0,,0,10,10,6:1|6:2|6:3|6:4|6:5|6:6|6:7|6:8|7:1|7:8,40
2942,4670,0.06837279093031023,1.0,1.0,0.0,1.0,11,victory,1,0,,0,10,10,6:1|6:2|6:3|6:4|6:5|6:6|6:7|6:8|7:1|7:8,40
2943,4671,0.06805601867289102,1.0,1.0,0.0,1.0,9,victory,1,0,,0,10,10,6:1|6:2|6:3|6:4|6:5|6:6|6:7|6:8|7:1|7:8,40
2944,4672,0.06773924641547191,1.0,1.0,0.0,1.0,9,victory,1,0,,0,10,10,6:1|6:2|6:3|6:4|6:5|6:6|6:7|6:8|7:1|7:8,40
2945,4673,0.06742247415805269,1.0,1.0,0.0,1.0,11,victory,1,0,,0,11,11,6:1|6:2|6:3|6:4|6:5|6:6|6:7|6:8|7:1|7:6|7:8,40
2946,4674,0.06710570190063359,1.0,1.0,0.0,1.0,9,victory,1,0,,0,10,10,6:1|6:2|6:3|6:4|6:5|6:6|6:7|6:8|7:1|7:8,40
2947,4675,0.06678892964321448,1.0,1.0,0.0,1.0,9,victory,1,0,,0,10,10,6:1|6:2|6:3|6:4|6:5|6:6|6:7|6:8|7:1|7:8,40
2948,4676,0.06647215738579526,1.0,1.0,0.0,1.0,9,victory,1,0,,0,10,10,6:1|6:2|6:3|6:4|6:5|6:6|6:7|6:8|7:1|7:8,40
2949,4677,0.06615538512837615,1.0,1.0,0.0,1.0,9,victory,1,0,,0,10,10,6:1|6:2|6:3|6:4|6:5|6:6|6:7|6:8|7:1|7:8,40
2950,4678,0.06583861287095705,1.0,1.0,0.0,1.0,10,victory,1,0,,0,10,10,6:1|6:2|6:3|6:4|6:5|6:6|6:7|6:8|7:1|7:8,40
2951,4679,0.06552184061353794,1.0,1.0,0.0,1.0,13,victory,1,0,,0,11,11,5:8|6:1|6:2|6:3|6:4|6:5|6:6|6:7|6:8|7:1|7:8,40
2952,4680,0.06520506835611872,1.0,1.0,0.0,1.0,9,victory,1,0,,0,10,10,6:1|6:2|6:3|6:4|6:5|6:6|6:7|6:8|7:1|7:8,40
2953,4681,0.0648882960986995,1.0,1.0,0.0,1.0,9,victory,1,0,,0,10,10,6:1|6:2|6:3|6:4|6:5|6:6|6:7|6:8|7:1|7:8,40
2954,4682,0.06457152384128051,1.0,1.0,0.0,1.0,11,victory,1,0,,0,10,10,6:1|6:2|6:3|6:4|6:5|6:6|6:7|6:8|7:1|7:8,40
2955,4683,0.06425475158386129,1.0,1.0,0.0,1.0,9,victory,1,0,,0,10,10,6:1|6:2|6:3|6:4|6:5|6:6|6:7|6:8|7:1|7:8,40
2956,4684,0.06393797932644218,1.0,1.0,0.0,1.0,11,victory,1,0,,0,11,11,6:1|6:2|6:3|6:4|6:5|6:6|6:7|6:8|7:1|7:4|7:8,40
2957,4685,0.06362120706902308,1.0,1.0,0.0,1.0,15,victory,1,0,,0,12,12,5:7|5:8|6:1|6:2|6:3|6:4|6:5|6:6|6:7|6:8|7:1|7:8,40
2958,4686,0.06330443481160397,1.0,1.0,0.0,1.0,9,victory,1,0,,0,10,10,6:1|6:2|6:3|6:4|6:5|6:6|6:7|6:8|7:1|7:8,40
2959,4687,0.06298766255418475,1.0,1.0,0.0,1.0,11,victory,1,0,,0,11,11,6:1|6:2|6:3|6:4|6:5|6:6|6:7|6:8|7:1|7:3|7:8,40
2960,4688,0.06267089029676565,1.0,1.0,0.0,1.0,11,victory,1,0,,0,11,11,5:7|6:1|6:2|6:3|6:4|6:5|6:6|6:7|6:8|7:1|7:8,40
2961,4689,0.06235411803934654,1.0,1.0,0.0,1.0,9,victory,1,0,,0,10,10,6:1|6:2|6:3|6:4|6:5|6:6|6:7|6:8|7:1|7:8,40
2962,4690,0.06203734578192732,1.0,1.0,0.0,1.0,9,victory,1,0,,0,10,10,6:1|6:2|6:3|6:4|6:5|6:6|6:7|6:8|7:1|7:8,40
2963,4691,0.061720573524508215,1.0,1.0,0.0,1.0,9,victory,1,0,,0,10,10,6:1|6:2|6:3|6:4|6:5|6:6|6:7|6:8|7:1|7:8,40
2964,4692,0.061403801267089,1.0,1.0,0.0,1.0,11,victory,1,0,,0,11,11,6:1|6:2|6:3|6:4|6:5|6:6|6:7|6:8|7:1|7:5|7:8,40
2965,4693,0.06108702900967,1.0,1.0,0.0,1.0,9,victory,1,0,,0,10,10,6:1|6:2|6:3|6:4|6:5|6:6|6:7|6:8|7:1|7:8,40
2966,4694,0.060770256752250784,1.0,1.0,0.0,1.0,17,victory,1,0,,0,12,12,4:8|5:8|6:1|6:2|6:3|6:4|6:5|6:6|6:7|6:8|7:1|7:8,40
2967,4695,0.06045348449483168,1.0,1.0,0.0,1.0,9,victory,1,0,,0,10,10,6:1|6:2|6:3|6:4|6:5|6:6|6:7|6:8|7:1|7:8,40
2968,4696,0.06013671223741246,1.0,1.0,0.0,1.0,11,victory,1,0,,0,11,11,6:1|6:2|6:3|6:4|6:5|6:6|6:7|6:8|7:1|7:4|7:8,40
2969,4697,0.05981993997999335,1.0,1.0,0.0,1.0,9,victory,1,0,,0,10,10,6:1|6:2|6:3|6:4|6:5|6:6|6:7|6:8|7:1|7:8,40
2970,4698,0.059503167722574246,1.0,1.0,0.0,1.0,9,victory,1,0,,0,10,10,6:1|6:2|6:3|6:4|6:5|6:6|6:7|6:8|7:1|7:8,40
2971,4699,0.05918639546515503,1.0,1.0,0.0,1.0,14,victory,1,0,,0,11,11,6:1|6:2|6:3|6:4|6:5|6:6|6:7|6:8|7:1|7:2|7:8,40
2972,4700,0.05886962320773603,1.0,1.0,0.0,1.0,9,victory,1,0,,0,10,10,6:1|6:2|6:3|6:4|6:5|6:6|6:7|6:8|7:1|7:8,40
2973,4701,0.058552850950316815,1.0,1.0,0.0,1.0,9,victory,1,0,,0,10,10,6:1|6:2|6:3|6:4|6:5|6:6|6:7|6:8|7:1|7:8,40
2974,4702,0.05823607869289771,1.0,1.0,0.0,1.0,9,victory,1,0,,0,10,10,6:1|6:2|6:3|6:4|6:5|6:6|6:7|6:8|7:1|7:8,40
2975,4703,0.05791930643547849,1.0,1.0,0.0,1.0,9,victory,1,0,,0,10,10,6:1|6:2|6:3|6:4|6:5|6:6|6:7|6:8|7:1|7:8,40
2976,4704,0.057602534178059384,1.0,1.0,0.0,1.0,9,victory,1,0,,0,10,10,6:1|6:2|6:3|6:4|6:5|6:6|6:7|6:8|7:1|7:8,40
2977,4705,0.05728576192064028,1.0,1.0,0.0,1.0,9,victory,1,0,,0,10,10,6:1|6:2|6:3|6:4|6:5|6:6|6:7|6:8|7:1|7:8,40
2978,4706,0.05696898966322106,1.0,1.0,0.0,1.0,11,victory,1,0,,0,11,11,5:1|6:1|6:2|6:3|6:4|6:5|6:6|6:7|6:8|7:1|7:8,40
2979,4707,0.05665221740580195,1.0,1.0,0.0,1.0,9,victory,1,0,,0,10,10,6:1|6:2|6:3|6:4|6:5|6:6|6:7|6:8|7:1|7:8,40
2980,4708,0.056335445148382846,1.0,1.0,0.0,1.0,9,victory,1,0,,0,10,10,6:1|6:2|6:3|6:4|6:5|6:6|6:7|6:8|7:1|7:8,40
2981,4709,0.05601867289096374,1.0,1.0,0.0,1.0,9,victory,1,0,,0,10,10,6:1|6:2|6:3|6:4|6:5|6:6|6:7|6:8|7:1|7:8,40
2982,4710,0.05570190063354452,1.0,1.0,0.0,1.0,9,victory,1,0,,0,10,10,6:1|6:2|6:3|6:4|6:5|6:6|6:7|6:8|7:1|7:8,40
2983,4711,0.055385128376125414,1.0,1.0,0.0,1.0,9,victory,1,0,,0,10,10,6:1|6:2|6:3|6:4|6:5|6:6|6:7|7:1|7:7|7:8,40
2984,4712,0.05506835611870631,1.0,1.0,0.0,1.0,9,victory,1,0,,0,10,10,6:1|6:2|6:3|6:4|6:5|6:6|6:7|6:8|7:1|7:8,40
2985,4713,0.05475158386128709,1.0,1.0,0.0,1.0,9,victory,1,0,,0,10,10,6:1|6:2|6:3|6:4|6:5|6:6|6:7|6:8|7:1|7:8,40
2986,4714,0.05443481160386798,1.0,1.0,0.0,1.0,9,victory,1,0,,0,10,10,6:1|6:2|6:3|6:4|6:5|6:6|6:7|6:8|7:1|7:8,40
2987,4715,0.054118039346448876,1.0,1.0,0.0,1.0,11,victory,1,0,,0,10,10,6:1|6:2|6:3|6:4|6:5|6:6|6:7|6:8|7:1|7:8,40
2988,4716,0.05380126708902977,1.0,1.0,0.0,1.0,9,victory,1,0,,0,10,10,6:1|6:2|6:3|6:4|6:5|6:6|6:7|6:8|7:1|7:8,40
2989,4717,0.05348449483161055,1.0,1.0,0.0,1.0,9,victory,1,0,,0,10,10,6:1|6:2|6:3|6:4|6:5|6:6|6:7|6:8|7:1|7:8,40
2990,4718,0.053167722574191445,1.0,1.0,0.0,1.0,13,victory,1,0,,0,11,11,5:7|6:1|6:2|6:3|6:4|6:5|6:6|6:7|6:8|7:1|7:8,40
2991,4719,0.05285095031677234,1.0,1.0,0.0,1.0,11,victory,1,0,,0,10,10,6:1|6:2|6:3|6:4|6:5|6:6|6:7|6:8|7:1|7:8,40
2992,4720,0.05253417805935312,1.0,1.0,0.0,1.0,9,victory,1,0,,0,10,10,6:1|6:2|6:3|6:4|6:5|6:6|6:7|6:8|7:1|7:8,40
2993,4721,0.052217405801934014,1.0,1.0,0.0,1.0,9,victory,1,0,,0,10,10,6:1|6:2|6:3|6:4|6:5|6:6|6:7|6:8|7:1|7:8,40
2994,4722,0.051900633544514796,1.0,1.0,0.0,1.0,9,victory,1,0,,0,10,10,6:1|6:2|6:3|6:4|6:5|6:6|6:7|6:8|7:1|7:8,40
2995,4723,0.0515838612870958,1.0,1.0,0.0,1.0,10,victory,1,0,,0,10,10,6:1|6:2|6:3|6:4|6:5|6:6|6:7|6:8|7:1|7:8,40
2996,4724,0.05126708902967658,1.0,1.0,0.0,1.0,9,victory,1,0,,0,10,10,6:1|6:2|6:3|6:4|6:5|6:6|6:7|6:8|7:1|7:8,40
2997,4725,0.050950316772257476,1.0,1.0,0.0,1.0,9,victory,1,0,,0,10,10,6:1|6:2|6:3|6:4|6:5|6:6|6:7|6:8|7:1|7:8,40
2998,4726,0.05063354451483826,1.0,1.0,0.0,1.0,9,victory,1,0,,0,10,10,6:1|6:2|6:3|6:4|6:5|6:6|6:7|6:8|7:1|7:8,40
2999,4727,0.05031677225741926,1.0,1.0,0.0,1.0,12,victory,1,0,,0,11,11,5:1|6:1|6:2|6:3|6:4|6:5|6:6|6:7|6:8|7:1|7:8,40
3000,4728,0.050000000000000044,1.0,1.0,0.0,1.0,11,victory,1,0,,0,11,11,6:1|6:2|6:3|6:4|6:5|6:6|6:7|6:8|7:1|7:3|7:8,40
