episode,seed,epsilon,episode_reward,extrinsic_reward,intrinsic_reward,learning_reward,steps,status,victory,death,death_cause,truncated,unique_states,unique_positions,visited_positions,q_table_states
1,1729,1.0,1.0,1.0,0.0,1.0,350,truncated,0,0,,1,58,37,0:0|0:1|0:2|1:0|1:2|1:4|2:0|2:2|2:3|2:4|3:0|3:1|3:2|3:4|3:5|4:2|4:3|4:4|4:5|5:0|5:1|5:2|5:4|6:0|6:1|6:2|6:3|6:4|7:0|7:3|8:0|8:1|8:2|8:3|9:0|9:1|9:2,58
2,1730,0.9997524381095274,0.0,0.0,0.0,0.0,284,death,0,1,monster,0,45,35,0:0|0:1|0:2|0:5|0:6|0:8|0:9|1:0|1:2|1:6|1:7|1:8|2:0|2:6|2:9|3:0|3:1|3:2|3:5|3:6|3:8|3:9|4:2|4:3|4:4|4:5|4:6|4:7|4:8|4:9|5:4|5:6|6:4|6:6|6:7,91
3,1731,0.9995048762190548,0.0,0.0,0.0,0.0,190,death,0,1,monster,0,35,21,0:0|0:1|0:2|1:0|1:2|1:4|2:0|2:2|2:3|2:4|3:0|3:1|3:2|3:4|3:5|4:2|4:3|4:4|4:5|5:4|6:4,107
4,1732,0.9992573143285821,1.0,1.0,0.0,1.0,345,death,0,1,monster,0,58,47,0:0|0:1|0:2|1:0|1:2|2:0|2:2|2:3|2:4|3:0|3:1|3:2|3:4|3:5|3:6|4:2|4:3|4:4|4:5|4:6|4:8|4:9|5:6|5:8|5:9|6:6|6:7|6:8|6:9|7:3|7:5|7:6|7:8|7:9|8:2|8:3|8:4|8:5|8:7|8:8|8:9|9:3|9:4|9:5|9:6|9:7|9:8,142
5,1733,0.9990097524381095,0.0,0.0,0.0,0.0,142,death,0,1,monster,0,25,17,0:0|0:1|0:2|1:0|1:2|2:0|2:2|2:3|2:4|3:0|3:1|3:2|3:4|4:2|4:3|4:4|4:5,151
6,1734,0.9987621905476369,0.0,0.0,0.0,0.0,42,death,0,1,monster,0,13,10,0:0|0:1|0:2|1:0|1:2|2:0|2:2|2:3|3:0|3:2,154
7,1735,0.9985146286571643,1.0,1.0,0.0,1.0,147,death,0,1,monster,0,36,19,0:0|0:1|1:0|2:0|2:2|2:3|2:4|3:0|3:1|3:2|3:4|4:2|4:3|5:0|5:1|5:2|6:0|6:1|6:2,163
8,1736,0.9982670667666916,0.0,0.0,0.0,0.0,52,death,0,1,monster,0,11,10,0:0|1:0|2:0|3:0|3:1|3:2|4:2|4:3|4:4|4:5,165
9,1737,0.998019504876219,0.0,0.0,0.0,0.0,350,truncated,0,0,,1,49,42,0:0|0:1|0:2|0:4|0:5|0:6|1:0|1:2|1:4|1:6|1:7|2:0|2:2|2:3|2:4|2:6|3:0|3:1|3:2|3:4|3:5|3:6|3:8|4:2|4:3|4:4|4:5|4:6|4:7|4:8|5:4|5:6|5:8|5:9|6:6|6:7|6:8|6:9|7:6|7:8|7:9|8:9,179
10,1738,0.9977719429857465,0.0,0.0,0.0,0.0,60,death,0,1,monster,0,14,13,0:0|0:1|0:2|1:0|1:2|2:0|2:2|2:3|2:4|3:0|3:1|3:2|3:4,180
11,1739,0.9975243810952739,1.0,1.0,0.0,1.0,325,death,0,1,monster,0,71,39,0:0|0:1|0:2|1:0|1:2|2:0|2:2|2:3|3:0|3:1|3:2|4:2|4:3|4:4|5:0|5:1|5:2|5:4|6:0|6:1|6:2|6:3|6:4|7:0|7:3|8:0|8:1|8:2|8:3|8:4|8:5|9:0|9:1|9:2|9:3|9:4|9:5|9:6|9:7,206
12,1740,0.9972768192048012,1.0,1.0,0.0,1.0,108,death,0,1,monster,0,27,21,0:0|0:1|0:2|1:0|1:2|2:2|3:0|3:1|3:2|4:2|5:0|5:1|5:2|6:0|6:1|6:2|7:0|8:0|8:1|8:2|8:3,207
13,1741,0.9970292573143286,0.0,0.0,0.0,0.0,163,death,0,1,monster,0,10,10,0:0|0:1|0:2|1:0|1:2|2:0|2:2|2:3|2:4|3:2,207
14,1742,0.996781695423856,1.0,1.0,0.0,1.0,350,truncated,0,0,,1,37,30,0:0|0:1|0:2|0:4|0:5|0:6|0:7|0:8|0:9|1:0|1:2|1:4|1:6|1:7|1:8|1:9|2:0|2:2|2:3|2:4|2:6|2:8|2:9|3:0|3:1|3:2|3:4|3:8|3:9|4:2,225
15,1743,0.9965341335333834,0.0,0.0,0.0,0.0,109,death,0,1,monster,0,16,14,0:0|0:1|1:0|2:0|3:0|3:1|3:2|3:6|4:2|4:3|4:4|4:5|4:6|5:2,228
16,1744,0.9962865716429107,0.0,0.0,0.0,0.0,55,death,0,1,monster,0,16,14,0:0|0:1|0:2|1:2|2:2|2:3|3:1|3:2|3:5|4:2|4:3|4:4|4:5|5:2,229
17,1745,0.9960390097524381,1.0,1.0,0.0,1.0,350,truncated,0,0,,1,50,36,0:0|0:1|0:2|1:0|1:2|1:4|2:0|2:2|2:3|2:4|3:0|3:1|3:2|3:4|3:5|4:2|4:3|4:4|5:0|5:1|5:2|6:0|6:1|6:2|6:3|7:0|7:3|8:0|8:1|8:2|8:3|8:4|9:0|9:1|9:2|9:3,229
18,1746,0.9957914478619655,2.0,2.0,0.0,2.0,350,truncated,0,0,,1,79,48,0:0|0:1|0:2|0:4|0:5|0:6|0:7|1:0|1:2|1:4|1:6|1:7|2:0|2:2|2:3|2:4|2:6|3:0|3:1|3:2|3:4|3:5|3:6|4:2|4:3|4:4|4:5|4:6|4:7|4:8|4:9|5:0|5:1|5:2|5:4|5:6|5:8|5:9|6:0|6:1|6:2|6:3|6:4|6:6|6:7|6:8|7:0|7:3,259
19,1747,0.9955438859714929,0.0,0.0,0.0,0.0,13,death,0,1,monster,0,8,8,0:0|0:1|0:2|1:2|2:2|3:2|4:2|4:3,260
20,1748,0.9952963240810202,0.0,0.0,0.0,0.0,79,death,0,1,monster,0,16,10,0:0|0:1|0:2|1:0|1:2|2:0|2:2|3:0|3:1|3:2,263
21,1749,0.9950487621905476,0.0,0.0,0.0,0.0,96,death,0,1,monster,0,11,6,0:0|0:1|0:2|1:0|2:0|3:0,266
22,1750,0.994801200300075,1.0,1.0,0.0,1.0,104,death,0,1,monster,0,34,27,0:0|0:1|0:2|1:0|1:2|2:0|2:2|2:3|2:4|3:1|3:2|3:4|3:5|3:6|4:2|4:3|4:4|4:5|5:0|5:1|5:2|5:4|6:0|6:1|6:2|6:3|6:4,273
23,1751,0.9945536384096024,2.0,2.0,0.0,2.0,242,death,0,1,monster,0,71,54,0:0|0:1|0:2|1:0|1:2|1:8|2:2|2:4|2:8|3:1|3:2|3:4|3:5|3:8|3:9|4:2|4:3|4:4|4:5|4:8|5:0|5:1|5:2|5:4|5:8|5:9|6:0|6:1|6:2|6:3|6:4|6:7|6:8|6:9|7:0|7:8|7:9|8:0|8:1|8:2|8:3|8:7|8:8|8:9|9:0|9:1|9:2|9:3|9:4|9:5|9:6|9:7|9:8|9:9,302
24,1752,0.9943060765191298,0.0,0.0,0.0,0.0,53,death,0,1,monster,0,8,5,0:0|0:1|0:2|1:0|1:2,304
25,1753,0.9940585146286571,1.0,1.0,0.0,1.0,344,death,0,1,monster,0,44,42,0:0|0:1|0:2|0:7|0:8|1:0|1:2|1:6|1:7|1:8|2:0|2:2|2:3|2:6|2:8|3:0|3:1|3:2|3:6|4:2|4:6|5:2|5:6|6:0|6:1|6:2|6:3|6:4|6:6|7:3|7:5|7:6|8:0|8:1|8:2|8:3|8:4|8:5|9:0|9:1|9:2|9:3,316
26,1754,0.9938109527381845,0.0,0.0,0.0,0.0,60,death,0,1,monster,0,25,18,0:0|0:1|0:2|1:2|2:2|3:1|3:2|3:4|3:5|3:6|4:2|4:3|4:4|4:5|4:6|5:4|6:3|6:4,321
27,1755,0.993563390847712,1.0,1.0,0.0,1.0,350,truncated,0,0,,1,43,30,0:0|0:1|0:2|0:4|1:0|1:2|1:4|2:0|2:2|2:3|2:4|3:0|3:1|3:2|3:4|3:5|3:6|4:2|4:3|4:4|4:5|4:6|5:1|5:2|5:4|6:0|6:1|6:2|6:3|6:4,323
28,1756,0.9933158289572394,1.0,1.0,0.0,1.0,149,death,0,1,monster,0,53,21,0:0|0:1|0:2|1:0|1:2|2:0|2:2|2:3|3:1|3:2|4:2|4:3|5:0|5:1|5:2|6:0|6:1|7:0|8:0|9:0|9:1,339
29,1757,0.9930682670667667,0.0,0.0,0.0,0.0,62,death,0,1,monster,0,15,15,0:0|0:1|0:2|1:0|1:2|2:2|2:3|2:4|3:2|3:4|3:6|4:2|4:4|4:5|4:6,339
30,1758,0.9928207051762941,1.0,1.0,0.0,1.0,105,death,0,1,monster,0,29,22,0:0|0:1|0:2|0:4|0:5|0:6|0:7|0:8|0:9|1:0|1:2|1:4|1:7|1:8|1:9|2:0|2:2|2:3|2:4|2:8|2:9|3:2,347
31,1759,0.9925731432858215,0.0,0.0,0.0,0.0,350,truncated,0,0,,1,57,47,0:0|0:1|0:2|1:0|1:2|1:9|2:2|2:3|2:4|2:8|2:9|3:4|3:8|3:9|4:2|4:3|4:4|4:5|4:6|4:7|4:8|4:9|5:6|5:8|5:9|6:6|6:7|6:8|6:9|7:3|7:5|7:6|7:8|7:9|8:2|8:3|8:4|8:5|8:7|9:1|9:2|9:3|9:4|9:5|9:6|9:7|9:8,363
32,1760,0.9923255813953489,0.0,0.0,0.0,0.0,54,death,0,1,monster,0,10,6,0:0|0:1|0:2|1:0|1:2|2:2,365
33,1761,0.9920780195048762,0.0,0.0,0.0,0.0,22,death,0,1,monster,0,7,7,0:0|0:1|0:2|1:2|2:2|2:3|2:4,366
34,1762,0.9918304576144036,1.0,1.0,0.0,1.0,350,truncated,0,0,,1,56,42,0:0|0:1|1:0|2:0|2:2|3:0|3:1|3:2|4:2|4:3|4:4|5:4|6:2|6:3|6:4|6:6|6:7|6:8|6:9|7:3|7:5|7:8|7:9|8:0|8:1|8:2|8:3|8:4|8:5|8:7|8:8|8:9|9:0|9:1|9:2|9:3|9:4|9:5|9:6|9:7|9:8|9:9,380
35,1763,0.991582895723931,2.0,2.0,0.0,2.0,350,truncated,0,0,,1,82,49,0:0|0:1|0:2|0:4|0:5|0:6|0:7|0:8|0:9|1:0|1:4|1:6|1:7|1:8|1:9|2:0|2:2|2:4|2:6|2:8|2:9|3:0|3:1|3:2|3:4|3:5|3:6|3:8|3:9|4:2|4:3|4:4|4:5|4:6|4:7|4:8|4:9|5:2|5:6|5:8|5:9|6:6|6:7|6:8|6:9|7:5|7:6|7:8|8:8,421
36,1764,0.9913353338334584,2.0,2.0,0.0,2.0,350,truncated,0,0,,1,62,46,0:0|0:1|0:2|1:0|2:0|3:0|3:1|3:2|4:2|4:3|4:4|5:0|5:1|5:2|5:4|6:0|6:1|6:2|6:3|6:4|6:7|6:8|6:9|7:0|7:5|7:6|7:8|7:9|8:0|8:1|8:2|8:3|8:4|8:5|8:7|8:8|8:9|9:0|9:1|9:2|9:3|9:5|9:6|9:7|9:8|9:9,431
37,1765,0.9910877719429857,0.0,0.0,0.0,0.0,41,death,0,1,monster,0,9,9,0:0|0:1|0:2|1:0|1:2|2:0|2:2|2:3|2:4,431
38,1766,0.9908402100525131,0.0,0.0,0.0,0.0,333,death,0,1,monster,0,43,32,0:0|0:1|0:2|0:4|0:5|0:6|1:0|1:2|1:4|2:0|2:2|2:3|2:4|2:6|3:0|3:1|3:2|3:4|3:5|3:6|4:2|4:3|4:4|4:5|5:4|6:2|6:3|6:4|7:3|8:3|8:4|9:4,437
39,1767,0.9905926481620405,0.0,0.0,0.0,0.0,125,death,0,1,monster,0,16,11,0:0|0:1|0:2|1:0|1:2|2:0|2:2|3:0|3:1|3:2|4:2,438
40,1768,0.9903450862715679,0.0,0.0,0.0,0.0,83,death,0,1,monster,0,15,10,0:0|0:1|0:2|1:0|1:2|2:0|2:2|3:0|3:1|3:2,438
41,1769,0.9900975243810953,2.0,2.0,0.0,2.0,98,death,0,1,monster,0,43,33,0:0|0:1|1:0|2:0|2:2|2:3|3:0|3:1|3:2|4:2|4:3|4:4|5:2|5:4|6:1|6:2|6:3|6:4|7:3|7:8|7:9|8:3|8:7|8:8|8:9|9:2|9:3|9:4|9:5|9:6|9:7|9:8|9:9,447
42,1770,0.9898499624906226,2.0,2.0,0.0,2.0,339,death,0,1,monster,0,65,54,0:0|0:1|0:2|0:4|0:5|0:6|0:7|0:8|0:9|1:0|1:2|1:6|1:7|1:8|1:9|2:0|2:2|2:3|2:6|2:8|2:9|3:0|3:1|3:2|3:6|3:8|3:9|4:2|4:3|4:4|4:5|4:6|4:7|4:8|4:9|5:6|5:8|5:9|6:6|6:7|6:8|6:9|7:8|7:9|8:4|8:5|8:8|8:9|9:4|9:5|9:6|9:7|9:8|9:9,457
43,1771,0.98960240060015,0.0,0.0,0.0,0.0,110,death,0,1,monster,0,23,18,0:0|0:1|0:2|1:0|1:2|1:4|2:0|2:2|2:3|2:4|3:0|3:1|3:2|3:4|3:5|4:2|4:3|4:4,460
44,1772,0.9893548387096774,0.0,0.0,0.0,0.0,40,death,0,1,monster,0,9,8,0:0|0:1|0:2|1:0|2:0|3:0|3:1|3:2,461
45,1773,0.9891072768192049,2.0,2.0,0.0,2.0,350,truncated,0,0,,1,76,60,0:0|0:1|0:2|0:4|0:5|0:6|0:7|0:8|0:9|1:2|1:4|1:6|1:7|1:8|1:9|2:2|2:3|2:4|2:6|2:8|2:9|3:2|3:4|3:5|3:6|3:8|3:9|4:4|4:5|4:6|4:7|4:8|4:9|5:4|5:6|6:3|6:4|6:6|6:7|6:8|6:9|7:3|7:8|7:9|8:1|8:3|8:4|8:5|8:7|8:8|8:9|9:1|9:2|9:3|9:4|9:5|9:6|9:7|9:8|9:9,491
46,1774,0.9888597149287321,1.0,1.0,0.0,1.0,350,truncated,0,0,,1,77,52,0:0|0:1|0:2|0:4|1:0|1:2|1:4|2:0|2:2|2:3|2:4|3:0|3:1|3:2|3:4|3:5|3:6|4:2|4:3|4:4|4:5|4:6|4:8|4:9|5:0|5:1|5:2|5:4|5:6|5:8|5:9|6:0|6:1|6:2|6:3|6:4|6:6|6:7|6:8|6:9|7:0|7:3|7:8|7:9|8:0|8:1|8:2|8:3|8:9|9:1|9:2|9:3,496
47,1775,0.9886121530382596,1.0,1.0,0.0,1.0,124,death,0,1,monster,0,22,16,0:0|1:0|2:0|3:0|3:1|3:2|4:2|5:0|5:1|5:2|6:0|6:1|6:2|7:0|8:0|9:0,498
48,1776,0.988364591147787,2.0,2.0,0.0,2.0,350,truncated,0,0,,1,65,58,0:0|0:1|0:2|0:5|0:6|1:0|1:2|1:6|2:0|2:2|2:6|2:8|2:9|3:0|3:1|3:2|3:6|3:8|3:9|4:2|4:6|4:8|4:9|5:0|5:1|5:2|5:6|5:8|5:9|6:0|6:1|6:2|6:3|6:6|6:7|6:8|6:9|7:0|7:3|7:8|7:9|8:0|8:1|8:2|8:3|8:7|8:8|8:9|9:0|9:1|9:2|9:3|9:4|9:5|9:6|9:7|9:8|9:9,515
49,1777,0.9881170292573144,1.0,1.0,0.0,1.0,258,death,0,1,monster,0,56,34,0:0|0:1|0:2|1:2|2:2|2:3|2:4|3:1|3:2|3:4|3:5|4:2|4:3|4:4|4:5|5:0|5:1|5:2|5:4|6:0|6:1|6:2|6:3|6:4|7:0|7:3|8:0|8:1|8:2|8:3|9:0|9:1|9:2|9:3,521
50,1778,0.9878694673668417,0.0,0.0,0.0,0.0,90,death,0,1,monster,0,27,24,0:0|0:1|0:2|1:0|1:2|2:0|2:2|2:3|2:6|3:0|3:1|3:2|3:4|3:5|3:6|3:8|3:9|4:2|4:3|4:4|4:5|4:6|4:7|4:8,522
51,1779,0.9876219054763691,0.0,0.0,0.0,0.0,173,death,0,1,monster,0,18,16,0:0|0:1|0:2|1:0|1:2|1:4|2:0|2:2|2:3|2:4|3:0|3:1|3:2|3:4|4:2|5:2,522
52,1780,0.9873743435858965,0.0,0.0,0.0,0.0,44,death,0,1,monster,0,8,8,0:0|0:1|0:2|1:0|1:2|2:2|3:2|4:2,523
53,1781,0.9871267816954239,1.0,1.0,0.0,1.0,350,truncated,0,0,,1,48,39,0:0|0:1|0:2|1:0|1:2|2:0|2:2|2:3|2:4|3:0|3:1|3:2|3:4|3:5|4:2|4:3|4:4|4:5|5:0|5:1|5:2|5:4|6:0|6:1|6:2|6:3|6:4|7:0|7:3|8:0|8:1|8:2|8:3|8:4|9:0|9:1|9:2|9:3|9:4,523
54,1782,0.9868792198049512,1.0,1.0,0.0,1.0,350,truncated,0,0,,1,64,38,0:0|0:1|0:2|0:4|0:5|0:6|0:8|0:9|1:0|1:2|1:4|1:6|1:7|1:8|1:9|2:0|2:2|2:3|2:4|2:6|2:8|2:9|3:0|3:1|3:2|3:4|3:8|3:9|4:2|4:4|4:8|4:9|5:0|5:1|5:2|6:0|6:1|6:2,542
55,1783,0.9866316579144786,2.0,2.0,0.0,2.0,350,truncated,0,0,,1,73,58,0:0|0:1|0:2|0:4|0:5|0:6|0:7|0:8|0:9|1:0|1:2|1:4|1:6|1:7|1:8|1:9|2:2|2:3|2:4|2:6|2:8|2:9|3:4|3:5|3:6|3:8|3:9|4:4|4:5|4:6|4:7|4:8|4:9|5:6|5:8|5:9|6:6|6:7|6:8|6:9|7:5|7:6|7:8|7:9|8:0|8:1|8:8|8:9|9:0|9:1|9:2|9:3|9:4|9:5|9:6|9:7|9:8|9:9,554
56,1784,0.986384096024006,0.0,0.0,0.0,0.0,18,death,0,1,monster,0,5,5,0:0|0:1|0:2|1:2|2:2,554
57,1785,0.9861365341335334,1.0,1.0,0.0,1.0,221,death,0,1,monster,0,42,30,0:0|0:1|0:2|1:2|2:2|3:1|3:2|4:2|4:3|5:0|5:1|5:2|6:0|6:1|6:2|6:3|6:4|7:0|7:3|7:5|8:2|8:3|8:4|8:5|9:3|9:4|9:5|9:6|9:7|9:8,559
58,1786,0.9858889722430607,2.0,2.0,0.0,2.0,350,truncated,0,0,,1,51,36,0:0|0:1|0:2|0:6|0:7|0:8|1:0|1:2|1:6|1:7|1:8|2:0|2:2|2:3|2:4|2:6|3:0|3:1|3:2|3:4|3:5|3:6|4:2|4:3|4:4|4:5|4:6|4:7|5:0|5:1|5:2|6:0|6:1|6:2|6:3|7:3,575
59,1787,0.9856414103525881,1.0,1.0,0.0,1.0,350,truncated,0,0,,1,40,40,0:0|0:2|1:0|1:2|2:0|2:2|2:3|3:0|3:1|3:2|4:2|4:3|4:4|5:0|5:2|5:4|6:0|6:1|6:2|6:3|6:4|6:6|6:7|7:0|7:3|7:5|7:6|8:0|8:1|8:2|8:3|8:4|8:5|9:0|9:1|9:2|9:3|9:4|9:5|9:6,577
60,1788,0.9853938484621155,1.0,1.0,0.0,1.0,259,death,0,1,monster,0,52,43,0:0|0:1|0:2|0:4|0:6|0:9|1:0|1:2|1:4|1:6|1:7|1:8|1:9|2:0|2:2|2:3|2:4|2:8|2:9|3:0|3:1|3:2|3:5|3:8|3:9|4:2|4:3|4:4|4:5|4:6|4:7|4:8|4:9|5:0|5:1|5:2|5:4|6:0|6:1|6:2|6:3|6:4|7:3,580
61,1789,0.9851462865716429,0.0,0.0,0.0,0.0,142,death,0,1,monster,0,28,27,0:0|0:1|0:2|1:0|1:2|1:4|2:0|2:2|2:3|2:4|2:6|3:4|3:5|3:6|4:4|4:5|4:6|4:7|5:6|6:6|6:7|7:5|7:6|8:4|8:5|9:5|9:6,582
62,1790,0.9848987246811703,1.0,1.0,0.0,1.0,298,death,0,1,monster,0,49,35,0:0|0:1|0:2|0:4|1:0|1:2|1:4|2:0|2:2|2:3|2:4|3:0|3:1|3:2|3:4|4:2|4:3|4:4|5:0|5:1|5:2|5:4|6:0|6:1|6:2|6:3|6:4|7:0|7:3|8:0|8:1|8:2|8:3|9:0|9:2,589
63,1791,0.9846511627906976,1.0,1.0,0.0,1.0,350,truncated,0,0,,1,27,25,0:0|0:1|0:2|1:0|1:2|1:4|2:0|2:2|2:3|2:4|3:0|3:1|3:2|3:4|3:5|4:2|4:3|4:4|4:5|5:1|5:2|5:4|6:0|6:1|6:4,589
64,1792,0.984403600900225,1.0,1.0,0.0,1.0,218,death,0,1,monster,0,45,29,0:0|0:1|0:2|1:0|1:2|2:0|2:2|2:3|3:1|3:2|3:4|3:5|3:6|4:2|4:3|4:4|4:5|4:6|5:0|5:1|5:2|5:4|6:0|6:1|6:2|6:3|6:4|7:0|7:3,594
65,1793,0.9841560390097525,0.0,0.0,0.0,0.0,40,death,0,1,monster,0,17,12,0:0|1:0|2:0|2:2|3:0|3:1|3:2|3:4|4:2|4:3|4:4|4:5,594
66,1794,0.9839084771192799,0.0,0.0,0.0,0.0,66,death,0,1,monster,0,18,16,0:0|0:1|0:2|1:0|1:2|2:0|2:2|3:0|3:2|3:4|3:5|4:2|4:3|4:4|4:5|4:6,594
67,1795,0.9836609152288072,1.0,1.0,0.0,1.0,175,death,0,1,monster,0,33,29,0:0|0:1|0:2|0:4|0:5|0:7|0:8|1:2|1:4|1:6|1:7|1:8|2:2|2:3|2:4|2:6|2:8|3:2|3:4|3:5|3:6|4:2|4:3|4:4|4:5|4:6|4:7|5:4|6:4,595
68,1796,0.9834133533383346,0.0,0.0,0.0,0.0,258,death,0,1,monster,0,17,16,0:0|0:1|0:2|1:0|1:2|2:0|2:2|2:3|2:4|3:0|3:1|3:2|3:4|4:2|4:3|4:4,595
69,1797,0.983165791447862,1.0,1.0,0.0,1.0,93,death,0,1,monster,0,24,19,0:0|0:1|0:2|0:4|0:5|0:6|0:7|1:0|1:2|1:4|1:6|1:7|2:0|2:2|2:3|2:4|2:6|3:2|3:4,597
70,1798,0.9829182295573894,1.0,1.0,0.0,1.0,350,truncated,0,0,,1,54,46,0:0|0:1|0:2|1:0|1:2|2:0|2:6|3:0|3:1|3:2|3:4|3:5|3:6|4:2|4:3|4:4|4:5|4:6|5:0|5:1|5:2|5:6|6:0|6:1|6:2|6:3|6:4|6:6|6:7|7:0|7:5|7:6|8:0|8:1|8:2|8:3|8:4|8:5|9:0|9:1|9:2|9:3|9:4|9:5|9:6|9:7,601
71,1799,0.9826706676669167,2.0,2.0,0.0,2.0,154,death,0,1,monster,0,47,46,0:0|0:1|0:2|0:4|0:5|0:6|1:2|1:6|1:7|1:8|1:9|2:2|2:9|3:2|3:9|4:2|4:8|4:9|5:1|5:2|5:8|6:0|6:1|6:6|6:7|6:8|7:0|7:5|7:6|7:8|7:9|8:0|8:1|8:2|8:4|8:5|8:8|9:0|9:1|9:2|9:3|9:4|9:5|9:6|9:7|9:8,604
72,1800,0.9824231057764441,2.0,2.0,0.0,2.0,350,truncated,0,0,,1,49,41,0:0|0:1|1:0|1:2|2:0|2:2|2:3|2:8|2:9|3:0|3:1|3:2|3:9|4:2|4:3|4:8|4:9|5:0|5:1|5:2|5:8|6:1|6:2|6:3|6:4|6:8|7:3|7:8|7:9|8:2|8:3|8:4|8:7|8:8|8:9|9:4|9:5|9:6|9:7|9:8|9:9,605
73,1801,0.9821755438859715,0.0,0.0,0.0,0.0,13,death,0,1,monster,0,10,10,0:0|0:1|0:2|1:2|2:2|2:3|2:4|3:4|3:5|3:6,605
74,1802,0.9819279819954989,0.0,0.0,0.0,0.0,43,death,0,1,monster,0,11,10,0:0|1:0|2:0|2:2|3:0|3:1|3:2|4:2|4:3|4:4,605
75,1803,0.9816804201050262,2.0,2.0,0.0,2.0,348,death,0,1,monster,0,58,42,0:0|0:1|0:2|1:2|2:2|3:2|4:2|4:3|4:4|5:1|5:2|5:4|5:6|6:1|6:2|6:3|6:4|6:6|6:7|6:8|7:3|7:5|7:6|7:8|7:9|8:0|8:1|8:2|8:3|8:4|8:5|8:7|8:8|9:0|9:1|9:2|9:3|9:4|9:5|9:6|9:7|9:8,620
76,1804,0.9814328582145536,0.0,0.0,0.0,0.0,51,death,0,1,monster,0,15,14,0:0|0:1|0:2|1:0|1:2|2:2|3:0|3:1|3:2|3:4|4:2|4:3|4:4|5:2,620
77,1805,0.981185296324081,0.0,0.0,0.0,0.0,350,truncated,0,0,,1,23,21,0:0|0:1|0:2|1:0|1:2|1:4|2:0|2:2|2:3|2:4|2:6|3:0|3:1|3:2|3:4|3:5|3:6|4:2|4:3|4:4|4:5,620
78,1806,0.9809377344336084,3.0,3.0,0.0,3.0,218,victory,1,0,,0,69,47,0:0|0:1|0:2|0:4|0:5|0:6|0:7|1:0|1:2|1:4|1:6|1:7|2:0|2:2|2:3|2:4|2:6|3:0|3:1|3:2|3:4|3:5|3:6|3:9|4:2|4:3|4:4|4:5|4:6|4:7|4:8|4:9|5:0|5:1|5:2|5:4|5:6|5:9|6:1|6:2|6:3|6:4|6:9|7:3|7:8|7:9|8:8,629
79,1807,0.9806901725431357,1.0,1.0,0.0,1.0,350,truncated,0,0,,1,44,42,0:0|0:1|0:2|0:4|0:5|1:0|1:2|1:4|2:0|2:2|2:3|2:4|3:0|3:1|3:2|3:4|3:5|3:6|4:2|4:3|4:4|5:0|5:1|5:2|5:4|6:0|6:1|6:2|6:3|6:4|7:0|7:3|8:0|8:1|8:2|8:3|8:4|9:0|9:1|9:2|9:3|9:4,629
80,1808,0.9804426106526631,0.0,0.0,0.0,0.0,240,death,0,1,monster,0,14,10,0:0|0:1|0:2|1:0|1:2|2:0|2:2|3:0|3:1|3:2,630
81,1809,0.9801950487621905,0.0,0.0,0.0,0.0,21,death,0,1,monster,0,6,4,0:0|0:1|0:2|1:2,630
82,1810,0.979947486871718,2.0,2.0,0.0,2.0,350,truncated,0,0,,1,77,52,0:0|0:1|0:2|0:4|0:5|0:6|0:7|0:8|0:9|1:0|1:2|1:4|1:6|1:7|1:8|1:9|2:0|2:2|2:3|2:4|2:6|2:8|2:9|3:0|3:1|3:2|3:5|3:6|3:8|3:9|4:4|4:5|4:6|4:7|4:8|4:9|5:8|5:9|6:6|6:7|6:8|6:9|7:8|7:9|8:7|8:8|8:9|9:5|9:6|9:7|9:8|9:9,651
83,1811,0.9796999249812454,1.0,1.0,0.0,1.0,331,death,0,1,monster,0,60,39,0:0|0:1|0:2|1:0|1:2|2:0|2:2|2:3|2:4|3:0|3:1|3:2|3:4|3:5|4:2|4:3|4:4|4:5|4:6|4:7|5:0|5:1|5:2|5:4|6:0|6:1|6:2|6:3|6:4|7:0|7:3|8:0|8:1|8:2|8:3|8:4|9:1|9:2|9:3,657
84,1812,0.9794523630907727,0.0,0.0,0.0,0.0,18,death,0,1,monster,0,7,7,0:0|1:0|2:0|3:0|3:1|3:2|4:2,657
85,1813,0.9792048012003001,1.0,1.0,0.0,1.0,162,death,0,1,monster,0,35,27,0:0|0:1|0:2|1:0|1:2|2:0|2:2|2:3|3:0|3:1|3:2|4:2|5:2|6:1|6:2|6:3|6:4|7:3|8:0|8:1|8:2|8:3|8:4|8:5|9:1|9:3|9:4,662
86,1814,0.9789572393098275,0.0,0.0,0.0,0.0,43,death,0,1,monster,0,13,8,0:0|0:1|1:0|2:0|3:0|3:1|3:2|4:2,665
87,1815,0.9787096774193549,0.0,0.0,0.0,0.0,98,death,0,1,monster,0,21,21,0:0|0:1|0:2|1:0|1:2|1:6|1:7|1:8|2:0|2:2|2:6|3:0|3:1|3:2|3:6|4:2|4:3|4:4|4:5|4:6|5:6,666
88,1816,0.9784621155288822,2.0,2.0,0.0,2.0,350,truncated,0,0,,1,79,44,0:0|0:1|0:2|0:5|0:6|0:7|0:8|0:9|1:0|1:2|1:6|1:7|1:8|1:9|2:0|2:2|2:3|2:4|2:6|2:8|2:9|3:0|3:1|3:2|3:4|3:5|3:6|3:8|3:9|4:2|4:3|4:4|4:5|4:6|4:8|4:9|5:0|5:1|5:2|5:8|5:9|6:0|6:1|6:2,682
89,1817,0.9782145536384096,0.0,0.0,0.0,0.0,43,death,0,1,monster,0,15,12,0:0|0:1|0:2|1:0|1:2|2:0|2:2|2:3|2:4|3:0|3:1|3:2,682
90,1818,0.977966991747937,1.0,1.0,0.0,1.0,159,death,0,1,monster,0,41,35,0:0|0:1|0:2|1:0|1:2|2:0|2:2|3:2|3:5|4:2|4:4|4:5|5:1|5:2|5:4|6:0|6:1|6:2|6:3|6:4|7:0|7:3|8:0|8:1|8:2|8:3|8:4|8:5|9:0|9:1|9:2|9:3|9:4|9:5|9:6,683
91,1819,0.9777194298574644,1.0,1.0,0.0,1.0,153,death,0,1,monster,0,41,25,0:0|1:0|1:2|1:4|2:0|2:2|2:3|2:4|3:0|3:1|3:2|3:4|3:5|4:2|4:3|4:4|4:5|5:0|5:1|5:2|5:4|6:1|6:2|6:3|6:4,684
92,1820,0.9774718679669917,2.0,2.0,0.0,2.0,350,truncated,0,0,,1,54,49,0:0|0:1|0:2|1:0|1:2|1:4|2:2|2:3|2:4|3:1|3:2|3:4|4:2|4:6|5:0|5:1|5:2|5:6|6:0|6:1|6:2|6:6|6:7|6:8|7:0|7:3|7:5|7:6|7:8|7:9|8:0|8:1|8:2|8:3|8:4|8:5|8:7|8:8|8:9|9:0|9:1|9:2|9:3|9:4|9:5|9:6|9:7|9:8|9:9,687
93,1821,0.9772243060765191,1.0,1.0,0.0,1.0,132,death,0,1,monster,0,42,36,0:0|0:1|0:2|1:0|1:2|2:0|2:2|2:3|2:4|3:0|3:1|3:2|3:4|3:5|3:6|4:2|4:3|4:4|4:5|4:6|4:7|5:0|5:1|5:2|6:0|6:1|6:2|6:3|6:4|7:0|7:3|8:0|8:1|8:2|9:0|9:1,688
94,1822,0.9769767441860465,1.0,1.0,0.0,1.0,166,death,0,1,monster,0,46,34,0:0|0:1|0:2|1:0|1:2|2:0|2:2|2:3|3:0|3:1|3:2|4:2|4:3|4:4|4:5|5:0|5:1|5:2|5:4|6:0|6:1|6:2|6:3|6:4|7:0|7:3|8:0|8:1|8:2|8:3|9:0|9:1|9:2|9:3,690
95,1823,0.9767291822955739,1.0,1.0,0.0,1.0,350,truncated,0,0,,1,31,31,0:0|0:1|0:2|0:4|0:5|0:6|0:7|0:8|0:9|1:0|1:2|1:4|1:6|1:7|1:8|1:9|2:0|2:2|2:3|2:4|2:8|3:0|3:1|3:2|3:4|3:5|4:2|4:3|4:4|4:5|5:4,690
96,1824,0.9764816204051012,0.0,0.0,0.0,0.0,69,death,0,1,monster,0,20,20,0:0|0:1|0:2|1:0|1:2|2:0|2:2|2:3|3:0|3:1|3:2|4:2|4:3|4:4|5:1|5:2|5:4|6:2|6:3|6:4,690
97,1825,0.9762340585146286,0.0,0.0,0.0,0.0,76,death,0,1,monster,0,18,14,0:0|0:1|0:2|1:0|2:0|3:0|3:1|3:2|3:4|3:5|4:2|4:3|4:4|4:5,691
98,1826,0.975986496624156,0.0,0.0,0.0,0.0,66,death,0,1,monster,0,22,20,0:0|0:1|0:2|1:0|2:0|3:0|3:1|3:2|3:4|3:5|3:6|4:2|4:4|4:5|4:6|5:2|5:4|6:2|6:3|6:4,691
99,1827,0.9757389347336834,3.0,3.0,0.0,3.0,302,victory,1,0,,0,93,68,0:0|0:1|0:2|0:4|0:5|0:6|0:7|1:0|1:2|1:4|1:6|1:7|1:8|2:0|2:2|2:3|2:4|2:6|3:0|3:1|3:2|3:4|3:5|3:6|4:2|4:3|4:4|4:5|4:6|4:8|5:0|5:1|5:2|5:4|5:6|5:8|5:9|6:0|6:1|6:2|6:3|6:4|6:6|6:7|6:8|6:9|7:3|7:5|7:6|7:8|7:9|8:0|8:1|8:2|8:3|8:4|8:5|8:7|8:8|9:1|9:2|9:3|9:4|9:5|9:6|9:7|9:8|9:9,721
100,1828,0.9754913728432109,1.0,1.0,0.0,1.0,123,death,0,1,monster,0,38,37,0:0|0:1|0:2|1:2|2:2|2:3|3:0|3:1|3:2|4:2|4:3|4:4|5:0|5:1|5:2|6:0|6:1|6:2|6:3|6:4|6:6|6:7|6:8|7:0|7:3|7:5|7:6|7:8|8:0|8:1|8:2|8:3|8:4|8:5|9:0|9:1|9:2,722
101,1829,0.9752438109527382,1.0,1.0,0.0,1.0,70,death,0,1,monster,0,28,19,0:0|0:1|0:2|0:4|1:2|1:4|2:2|2:3|2:4|3:2|3:4|4:2|4:3|4:4|5:0|5:1|5:2|6:1|6:2,723
102,1830,0.9749962490622656,1.0,1.0,0.0,1.0,201,death,0,1,monster,0,54,42,0:0|0:1|0:2|1:0|1:2|1:4|2:2|2:3|2:4|3:4|3:5|4:2|4:3|4:4|5:1|5:2|5:4|5:6|6:1|6:2|6:3|6:4|6:6|6:7|6:8|6:9|7:3|7:5|7:6|7:8|7:9|8:1|8:2|8:3|8:4|8:5|9:1|9:2|9:3|9:4|9:5|9:6,731
103,1831,0.974748687171793,1.0,1.0,0.0,1.0,293,death,0,1,monster,0,54,37,0:0|0:1|0:2|1:0|1:2|1:4|2:0|2:2|2:3|2:4|3:0|3:1|3:2|4:2|5:0|5:1|5:2|6:0|6:6|6:7|6:8|7:0|7:5|7:6|7:8|7:9|8:0|8:1|8:2|8:3|8:4|8:5|8:7|8:8|8:9|9:0|9:5,740
104,1832,0.9745011252813204,3.0,3.0,0.0,3.0,275,victory,1,0,,0,71,55,0:0|0:1|0:2|0:7|0:8|0:9|1:2|1:7|1:8|1:9|2:2|2:3|2:8|2:9|3:0|3:1|3:2|3:5|3:6|3:8|3:9|4:2|4:5|4:6|4:7|4:8|4:9|5:0|5:1|5:2|5:6|5:8|5:9|6:0|6:1|6:2|6:3|6:6|6:7|6:8|6:9|7:3|7:5|7:6|7:8|7:9|8:2|8:3|8:4|8:5|8:8|8:9|9:3|9:4|9:8,752
105,1833,0.9742535633908477,1.0,1.0,0.0,1.0,178,death,0,1,monster,0,35,26,0:0|0:1|0:2|0:4|0:5|0:6|0:7|0:8|0:9|1:0|1:2|1:4|1:7|1:8|1:9|2:0|2:2|2:3|2:4|2:9|3:0|3:1|3:2|3:9|4:2|4:9,755
106,1834,0.9740060015003751,1.0,1.0,0.0,1.0,104,death,0,1,monster,0,29,25,0:0|1:0|2:0|2:2|3:0|3:1|3:2|3:4|3:5|3:6|4:2|4:3|4:4|4:6|4:7|4:8|4:9|5:8|5:9|6:7|6:8|7:8|7:9|8:8|8:9,758
107,1835,0.9737584396099025,1.0,1.0,0.0,1.0,350,truncated,0,0,,1,48,41,0:0|0:1|0:2|0:4|0:5|0:6|0:7|0:8|0:9|1:0|1:2|1:4|1:6|1:7|1:8|1:9|2:0|2:2|2:3|2:4|2:6|2:8|2:9|3:0|3:1|3:2|3:4|3:5|3:6|3:8|3:9|4:2|4:3|4:4|4:5|4:7|4:8|4:9|5:2|5:4|6:4,758
108,1836,0.9735108777194299,2.0,2.0,0.0,2.0,199,death,0,1,monster,0,43,39,0:0|0:1|0:2|0:4|0:5|0:6|0:7|1:0|1:2|1:4|1:6|1:7|2:0|2:2|2:3|2:4|2:6|2:9|3:0|3:1|3:2|3:4|3:5|3:6|3:8|3:9|4:4|4:5|4:6|4:7|4:8|4:9|5:4|5:6|6:1|6:2|6:3|6:4|6:6,761
109,1837,0.9732633158289572,1.0,1.0,0.0,1.0,147,death,0,1,monster,0,43,33,0:0|1:0|2:0|3:0|3:1|3:2|4:2|4:3|4:4|5:0|5:1|5:2|5:4|6:0|6:1|6:2|6:3|6:4|7:0|7:3|7:5|7:6|8:0|8:1|8:2|8:3|8:4|8:5|9:0|9:1|9:2|9:4|9:5,764
110,1838,0.9730157539384846,1.0,1.0,0.0,1.0,253,death,0,1,monster,0,53,29,0:0|0:1|0:2|0:4|0:5|0:6|1:0|1:2|1:4|2:0|2:2|2:3|2:4|3:0|3:1|3:2|3:4|4:2|4:3|4:4|5:0|5:1|5:2|5:4|6:0|6:1|6:2|6:3|6:4,769
111,1839,0.972768192048012,1.0,1.0,0.0,1.0,130,death,0,1,monster,0,29,24,0:0|0:1|1:0|1:2|2:0|2:2|3:0|3:1|3:2|4:2|4:3|4:4|4:5|5:1|5:2|6:0|6:1|6:2|7:0|8:0|8:1|8:2|9:2|9:3,772
112,1840,0.9725206301575394,1.0,1.0,0.0,1.0,301,death,0,1,monster,0,46,41,0:0|0:1|0:2|0:4|0:5|0:6|0:7|0:8|0:9|1:0|1:2|1:4|1:6|1:7|1:8|1:9|2:0|2:2|2:6|2:8|2:9|3:0|3:1|3:2|3:4|3:5|3:6|3:8|3:9|4:2|4:3|4:4|4:7|4:8|4:9|5:8|5:9|6:8|6:9|7:8|7:9,777
113,1841,0.9722730682670667,0.0,0.0,0.0,0.0,124,death,0,1,monster,0,30,24,0:0|1:0|1:2|1:4|2:0|2:2|2:3|2:4|2:6|3:0|3:1|3:2|3:4|3:5|3:6|4:2|4:4|4:5|4:6|4:7|4:8|5:2|5:6|6:6,780
114,1842,0.9720255063765941,0.0,0.0,0.0,0.0,65,death,0,1,monster,0,12,12,0:0|0:1|0:2|1:2|2:2|2:3|3:2|4:2|4:3|5:1|5:2|6:1,782
115,1843,0.9717779444861215,2.0,2.0,0.0,2.0,350,truncated,0,0,,1,56,42,0:0|0:1|0:2|1:2|2:2|3:2|4:2|4:3|4:4|5:0|5:1|5:2|5:4|6:0|6:1|6:2|6:3|6:4|7:0|7:3|7:5|7:6|7:8|8:0|8:1|8:2|8:3|8:4|8:5|8:7|8:8|8:9|9:0|9:1|9:2|9:3|9:4|9:5|9:6|9:7|9:8|9:9,793
116,1844,0.971530382595649,2.0,2.0,0.0,2.0,122,death,0,1,monster,0,42,36,0:0|0:1|0:2|1:0|1:2|2:0|2:2|2:3|3:0|3:1|3:2|4:2|5:0|5:1|5:2|6:0|6:1|6:2|7:0|7:8|8:0|8:2|8:3|8:4|8:5|8:8|8:9|9:0|9:1|9:2|9:3|9:4|9:5|9:6|9:7|9:8,800
117,1845,0.9712828207051762,0.0,0.0,0.0,0.0,224,death,0,1,monster,0,46,39,0:0|0:1|0:2|0:4|0:5|0:6|0:8|0:9|1:0|1:2|1:4|1:6|1:7|1:8|1:9|2:0|2:2|2:3|2:4|2:6|2:8|3:0|3:1|3:2|3:4|3:5|3:6|4:2|4:3|4:4|4:5|4:6|4:7|5:2|5:4|6:2|6:3|6:4|7:3,804
118,1846,0.9710352588147037,1.0,1.0,0.0,1.0,350,truncated,0,0,,1,41,28,0:0|0:1|0:2|1:0|1:2|2:0|2:2|2:3|2:4|3:0|3:1|3:2|3:4|4:2|4:3|4:4|5:0|5:1|5:2|5:4|6:0|6:1|6:2|6:3|6:4|7:3|8:2|8:3,804
119,1847,0.9707876969242311,1.0,1.0,0.0,1.0,350,truncated,0,0,,1,56,46,0:0|0:1|0:2|1:0|1:2|1:4|2:0|2:2|2:3|2:4|3:1|3:2|3:4|4:2|4:3|4:4|4:5|4:6|5:0|5:1|5:2|5:6|6:0|6:1|6:2|6:3|6:4|6:6|7:0|7:3|7:5|7:6|8:0|8:1|8:2|8:3|8:4|8:5|9:0|9:1|9:2|9:3|9:4|9:5|9:6|9:7,806
120,1848,0.9705401350337585,0.0,0.0,0.0,0.0,35,death,0,1,monster,0,11,10,0:0|0:1|0:2|1:2|2:2|2:3|2:4|3:2|3:4|4:4,807
121,1849,0.9702925731432859,1.0,1.0,0.0,1.0,163,death,0,1,monster,0,36,26,0:0|0:1|0:2|0:4|0:5|0:6|0:7|0:8|0:9|1:0|1:2|1:4|1:6|1:7|1:8|1:9|2:0|2:2|2:3|2:4|2:8|2:9|3:0|3:2|3:8|3:9,818
122,1850,0.9700450112528132,2.0,2.0,0.0,2.0,350,truncated,0,0,,1,75,61,0:0|0:1|0:2|0:4|0:5|0:6|0:7|0:8|1:2|1:4|1:6|1:7|1:8|2:2|2:3|2:4|2:6|2:8|3:1|3:2|3:4|3:5|3:6|3:8|4:2|4:3|4:4|4:5|4:6|4:8|4:9|5:0|5:1|5:2|5:4|5:6|5:8|5:9|6:0|6:1|6:2|6:3|6:4|6:6|6:7|6:8|6:9|7:0|7:3|7:5|7:6|7:8|8:2|8:3|8:4|8:5|9:2|9:3|9:4|9:5|9:6,828
123,1851,0.9697974493623406,2.0,2.0,0.0,2.0,234,death,0,1,monster,0,77,59,0:0|0:1|0:2|0:4|0:5|0:6|0:7|0:8|0:9|1:2|1:4|1:6|1:7|1:8|1:9|2:0|2:2|2:3|2:4|2:6|2:9|3:0|3:1|3:2|3:4|3:5|3:6|3:8|3:9|4:2|4:4|4:5|4:6|4:7|4:8|4:9|5:1|5:2|5:4|5:6|5:8|5:9|6:1|6:2|6:3|6:4|6:6|6:7|6:8|6:9|7:3|7:5|7:6|7:9|8:3|8:4|8:5|9:3|9:4,844
124,1852,0.969549887471868,1.0,1.0,0.0,1.0,350,truncated,0,0,,1,39,33,0:0|1:0|2:0|3:0|3:1|3:2|4:2|4:3|4:4|5:0|5:1|5:2|5:4|6:0|6:1|6:2|6:3|6:4|7:0|7:3|8:0|8:1|8:2|8:3|8:4|8:5|9:0|9:1|9:2|9:3|9:4|9:5|9:6,844
125,1853,0.9693023255813954,0.0,0.0,0.0,0.0,72,death,0,1,monster,0,10,7,0:0|0:1|0:2|1:0|1:2|2:0|2:2,844
126,1854,0.9690547636909227,0.0,0.0,0.0,0.0,36,death,0,1,monster,0,13,12,0:0|0:1|0:2|1:0|1:2|2:0|3:0|3:1|3:2|4:2|5:1|5:2,845
127,1855,0.9688072018004501,1.0,1.0,0.0,1.0,87,death,0,1,monster,0,32,21,0:0|0:1|0:2|0:4|0:5|0:6|0:7|1:2|1:4|1:6|1:7|2:2|2:3|2:4|2:6|3:4|3:5|3:6|4:3|4:4|4:5,853
128,1856,0.9685596399099775,0.0,0.0,0.0,0.0,263,death,0,1,monster,0,18,13,0:0|0:1|0:2|1:0|1:2|1:4|2:0|2:2|2:3|2:4|3:0|3:1|3:2,855
129,1857,0.9683120780195049,2.0,2.0,0.0,2.0,342,death,0,1,monster,0,80,46,0:0|0:1|0:2|1:0|1:2|2:2|2:3|2:4|3:2|3:4|3:5|4:2|4:3|4:4|4:5|5:0|5:1|5:2|5:4|6:0|6:1|6:2|6:3|6:4|7:0|7:3|7:5|7:6|8:0|8:1|8:2|8:3|8:4|8:5|8:7|8:8|9:0|9:1|9:2|9:3|9:4|9:5|9:6|9:7|9:8|9:9,871
130,1858,0.9680645161290322,2.0,2.0,0.0,2.0,350,truncated,0,0,,1,62,51,0:0|0:1|0:2|0:4|0:6|0:7|0:8|0:9|1:0|1:2|1:4|1:6|1:7|1:8|2:0|2:2|2:3|2:4|2:6|2:8|3:0|3:1|3:2|3:5|3:6|3:8|4:2|4:3|4:4|4:5|4:8|4:9|5:2|5:4|5:6|5:8|5:9|6:2|6:3|6:4|6:6|6:7|6:8|6:9|7:9|8:7|8:8|8:9|9:7|9:8|9:9,872
131,1859,0.9678169542385596,1.0,1.0,0.0,1.0,350,truncated,0,0,,1,56,50,0:0|0:1|0:2|0:4|0:5|0:6|1:0|1:2|1:4|1:6|2:0|2:2|2:3|2:4|2:6|3:0|3:1|3:2|3:4|4:2|4:4|4:5|4:6|4:7|5:0|5:1|5:2|5:4|5:6|6:0|6:1|6:2|6:3|6:4|6:6|7:3|7:5|7:6|8:0|8:1|8:2|8:3|8:4|8:5|9:0|9:1|9:2|9:3|9:4|9:5,873
132,1860,0.967569392348087,1.0,1.0,0.0,1.0,142,death,0,1,monster,0,20,20,0:0|0:1|0:2|1:2|2:2|2:3|2:4|3:1|3:2|4:2|4:3|4:4|5:2|5:4|6:0|6:1|6:2|6:3|6:4|7:0,874
133,1861,0.9673218304576144,2.0,2.0,0.0,2.0,344,death,0,1,monster,0,71,62,0:0|0:1|0:2|0:6|0:7|0:8|0:9|1:0|1:2|1:6|1:7|1:8|1:9|2:0|2:2|2:6|2:8|2:9|3:0|3:2|3:4|3:5|3:6|3:8|3:9|4:2|4:3|4:4|4:5|4:6|4:7|4:8|4:9|5:4|5:6|5:8|5:9|6:6|6:7|6:8|6:9|7:3|7:5|7:6|7:8|7:9|8:0|8:1|8:2|8:3|8:4|8:5|8:7|8:8|8:9|9:3|9:4|9:5|9:6|9:7|9:8|9:9,882
134,1862,0.9670742685671417,1.0,1.0,0.0,1.0,295,death,0,1,monster,0,57,45,0:0|0:1|0:2|1:0|1:2|1:4|2:0|2:2|2:3|2:4|3:2|3:4|3:5|3:6|4:2|4:3|4:4|4:5|4:6|4:7|5:0|5:1|5:2|5:4|6:0|6:1|6:2|6:3|6:4|7:0|7:3|7:5|8:0|8:1|8:2|8:3|8:4|8:5|9:0|9:1|9:2|9:3|9:4|9:5|9:6,886
135,1863,0.9668267066766691,0.0,0.0,0.0,0.0,322,death,0,1,monster,0,32,26,0:0|0:1|0:2|0:4|0:5|0:6|1:0|1:2|1:4|2:0|2:2|2:3|2:4|3:0|3:1|3:2|3:4|3:5|4:2|4:3|4:4|4:5|5:2|5:4|6:3|6:4,886
136,1864,0.9665791447861966,1.0,1.0,0.0,1.0,184,death,0,1,monster,0,41,23,0:0|0:1|0:2|1:0|1:2|1:4|2:0|2:2|2:3|2:4|3:0|3:1|3:2|4:2|4:3|5:0|5:1|5:2|6:0|6:1|6:2|6:3|7:0,888
137,1865,0.966331582895724,0.0,0.0,0.0,0.0,27,death,0,1,monster,0,13,11,0:0|0:1|0:2|1:0|1:2|1:4|2:2|2:3|2:4|3:4|3:5,888
138,1866,0.9660840210052513,0.0,0.0,0.0,0.0,108,death,0,1,monster,0,22,21,0:0|0:1|0:2|1:0|1:2|2:0|2:2|2:3|2:4|3:2|3:4|3:5|4:2|4:3|4:4|4:5|4:6|4:7|4:8|5:2|5:6,890
139,1867,0.9658364591147787,1.0,1.0,0.0,1.0,204,death,0,1,monster,0,44,38,0:0|0:1|1:0|2:0|2:2|2:3|2:4|3:0|3:1|3:2|3:4|3:5|3:6|4:2|4:3|4:4|4:5|4:6|5:2|5:6|6:1|6:2|6:3|6:6|7:3|7:5|7:6|8:1|8:2|8:3|8:4|8:5|9:1|9:2|9:3|9:4|9:5|9:6,892
140,1868,0.9655888972243061,2.0,2.0,0.0,2.0,350,truncated,0,0,,1,79,63,0:0|0:1|0:2|0:8|0:9|1:0|1:2|1:8|1:9|2:0|2:2|2:8|2:9|3:0|3:1|3:2|3:4|3:5|3:8|3:9|4:2|4:3|4:4|4:5|4:7|4:8|4:9|5:0|5:1|5:2|5:4|5:8|5:9|6:0|6:1|6:3|6:4|6:7|6:8|6:9|7:0|7:3|7:8|7:9|8:0|8:1|8:2|8:3|8:4|8:5|8:7|8:8|8:9|9:0|9:1|9:2|9:3|9:4|9:5|9:6|9:7|9:8|9:9,896
141,1869,0.9653413353338335,2.0,2.0,0.0,2.0,350,truncated,0,0,,1,64,55,0:0|0:1|0:2|0:4|0:5|0:6|0:7|0:8|0:9|1:0|1:6|1:7|1:8|1:9|2:0|2:2|2:3|2:4|2:6|2:8|3:0|3:1|3:2|3:4|3:5|3:6|3:8|4:4|4:6|4:7|4:8|4:9|5:8|5:9|6:9|7:5|7:8|7:9|8:0|8:1|8:2|8:3|8:4|8:5|8:7|8:8|8:9|9:2|9:3|9:4|9:5|9:6|9:7|9:8|9:9,899
142,1870,0.9650937734433609,1.0,1.0,0.0,1.0,337,death,0,1,monster,0,49,27,0:0|0:1|0:2|0:4|1:0|1:2|1:4|2:0|2:2|2:3|2:4|3:0|3:1|3:2|3:4|4:2|4:3|5:0|5:1|5:2|5:4|6:0|6:1|6:2|6:3|6:4|7:3,904
143,1871,0.9648462115528882,1.0,1.0,0.0,1.0,251,death,0,1,monster,0,61,43,0:0|0:1|0:2|0:4|0:5|0:6|0:7|0:8|0:9|1:0|1:2|1:4|1:6|1:7|1:8|1:9|2:0|2:2|2:3|2:4|2:6|2:8|2:9|3:2|3:5|3:6|3:8|3:9|4:5|4:6|4:7|4:8|4:9|5:6|5:8|5:9|6:6|6:7|6:8|6:9|7:6|7:8|7:9,914
144,1872,0.9645986496624156,1.0,1.0,0.0,1.0,103,death,0,1,monster,0,22,17,0:0|0:1|0:2|1:0|1:2|2:0|2:2|3:0|3:2|4:2|4:4|5:2|5:4|6:1|6:2|6:3|6:4,914
145,1873,0.964351087771943,1.0,1.0,0.0,1.0,350,truncated,0,0,,1,46,38,0:0|0:1|0:2|1:0|1:2|2:0|2:2|2:3|3:0|3:1|3:2|4:2|4:3|4:4|5:0|5:1|5:4|6:0|6:1|6:2|6:3|6:4|7:0|7:3|7:5|7:6|8:0|8:1|8:2|8:3|8:4|8:5|9:0|9:1|9:2|9:3|9:4|9:5,914
146,1874,0.9641035258814704,0.0,0.0,0.0,0.0,93,death,0,1,monster,0,19,15,0:0|0:1|0:2|1:0|1:2|2:0|2:2|3:0|3:1|3:2|4:2|4:3|5:2|6:2|6:3,918
147,1875,0.9638559639909977,1.0,1.0,0.0,1.0,350,truncated,0,0,,1,63,46,0:0|0:1|0:2|0:4|0:5|0:6|0:7|0:8|0:9|1:2|1:4|1:6|1:7|1:8|1:9|2:2|2:3|2:4|2:6|2:8|2:9|3:0|3:1|3:2|3:4|3:5|3:6|3:8|3:9|4:2|4:3|4:4|4:5|4:6|4:8|4:9|5:6|5:8|5:9|6:6|6:7|6:8|6:9|7:5|7:6|7:9,920
148,1876,0.9636084021005251,0.0,0.0,0.0,0.0,35,death,0,1,monster,0,8,5,0:0|1:0|2:0|3:0|3:1,920
149,1877,0.9633608402100525,1.0,1.0,0.0,1.0,137,death,0,1,monster,0,47,32,0:0|0:1|0:2|1:0|1:2|1:4|2:2|2:3|2:4|3:1|3:2|3:4|3:5|4:2|4:3|4:4|4:5|4:6|4:7|5:0|5:1|5:2|6:0|6:1|6:2|6:3|7:3|8:2|8:3|9:2|9:3|9:4,923
150,1878,0.9631132783195799,0.0,0.0,0.0,0.0,81,death,0,1,monster,0,23,16,0:0|0:1|0:2|1:0|1:2|2:0|2:2|3:0|3:1|3:2|3:4|3:5|4:2|4:3|4:4|5:2,923
151,1879,0.9628657164291072,1.0,1.0,0.0,1.0,229,death,0,1,monster,0,45,26,0:0|0:1|0:2|1:0|1:2|2:0|2:2|2:3|2:4|3:0|3:1|3:2|3:4|3:5|4:2|4:3|4:4|5:0|5:1|5:2|5:4|6:0|6:1|6:2|6:3|7:3,926
152,1880,0.9626181545386346,0.0,0.0,0.0,0.0,29,death,0,1,monster,0,11,11,0:0|1:0|2:0|2:2|3:0|3:1|3:2|4:2|4:3|4:4|4:5,926
153,1881,0.962370592648162,1.0,1.0,0.0,1.0,350,truncated,0,0,,1,41,36,0:0|0:1|0:2|1:0|1:2|2:0|2:2|2:3|3:0|3:1|3:2|4:2|4:3|4:4|5:1|5:2|5:4|6:0|6:1|6:2|6:3|6:4|7:0|7:3|8:0|8:1|8:3|8:4|8:5|9:0|9:1|9:2|9:3|9:4|9:5|9:6,928
154,1882,0.9621230307576895,2.0,2.0,0.0,2.0,350,truncated,0,0,,1,75,65,0:0|0:1|0:2|0:6|0:7|0:8|1:0|1:2|1:4|1:6|1:7|1:8|1:9|2:0|2:2|2:3|2:4|2:6|2:8|2:9|3:0|3:1|3:2|3:4|3:6|3:8|3:9|4:4|4:5|4:6|4:7|4:8|4:9|5:4|5:6|5:8|5:9|6:3|6:4|6:6|6:7|6:8|6:9|7:3|7:6|7:8|7:9|8:0|8:1|8:2|8:3|8:4|8:5|8:7|8:8|8:9|9:1|9:2|9:3|9:4|9:5|9:6|9:7|9:8|9:9,944
155,1883,0.9618754688672169,1.0,1.0,0.0,1.0,350,truncated,0,0,,1,55,40,0:0|0:1|0:2|0:4|1:0|1:2|1:4|2:2|2:3|2:4|3:0|3:1|3:2|3:4|3:5|3:6|4:2|4:3|4:4|4:5|5:0|5:1|5:2|5:4|6:0|6:1|6:2|6:3|6:4|7:0|7:3|8:0|8:1|8:2|8:3|9:0|9:1|9:2|9:3|9:4,944
156,1884,0.9616279069767442,2.0,2.0,0.0,2.0,164,death,0,1,monster,0,42,34,0:0|0:1|0:2|0:4|0:5|0:6|0:7|1:0|1:2|1:4|1:7|1:8|1:9|2:0|2:2|2:3|2:4|3:0|3:2|3:4|4:2|4:3|4:4|4:5|5:0|5:1|5:2|5:4|6:0|6:1|6:2|6:3|6:4|7:0,948
157,1885,0.9613803450862716,1.0,1.0,0.0,1.0,49,death,0,1,monster,0,25,18,0:0|0:1|0:2|0:4|0:5|0:6|0:7|0:8|1:2|1:4|1:6|1:7|2:2|2:3|2:4|3:2|4:2|4:3,951
158,1886,0.961132783195799,1.0,1.0,0.0,1.0,350,truncated,0,0,,1,58,47,0:0|0:1|0:2|1:0|1:2|1:4|2:0|2:2|2:3|2:4|3:0|3:1|3:2|3:4|3:5|3:6|4:2|4:3|4:4|4:5|4:6|4:7|5:0|5:1|5:2|5:4|5:6|6:0|6:1|6:2|6:3|6:4|6:6|7:0|7:3|7:5|7:6|8:0|8:1|8:2|8:3|8:5|9:1|9:2|9:3|9:4|9:5,952
159,1887,0.9608852213053263,2.0,2.0,0.0,2.0,350,truncated,0,0,,1,71,52,0:0|0:1|0:2|0:6|0:7|0:8|0:9|1:0|1:2|1:6|1:7|1:8|1:9|2:0|2:2|2:3|2:4|2:8|2:9|3:0|3:1|3:2|3:8|3:9|4:2|4:3|4:4|4:8|4:9|5:4|5:8|5:9|6:3|6:4|6:6|6:7|6:8|6:9|7:3|7:5|7:6|7:8|7:9|8:3|8:4|8:5|8:7|8:8|8:9|9:7|9:8|9:9,957
160,1888,0.9606376594148537,1.0,1.0,0.0,1.0,134,death,0,1,monster,0,34,27,0:0|0:1|0:2|1:0|1:2|2:0|2:2|3:0|3:1|3:2|4:2|5:1|5:2|6:1|6:2|6:3|6:4|7:3|7:5|8:2|8:3|8:4|8:5|9:2|9:3|9:4|9:5,960
161,1889,0.9603900975243811,1.0,1.0,0.0,1.0,101,death,0,1,monster,0,35,29,0:0|0:1|0:2|0:6|1:0|1:2|1:6|2:0|2:2|2:4|2:6|3:0|3:2|3:4|3:5|3:6|4:2|4:3|4:4|4:5|5:0|5:1|5:2|5:4|6:0|6:1|6:2|6:3|6:4,960
162,1890,0.9601425356339085,1.0,1.0,0.0,1.0,206,death,0,1,monster,0,34,31,0:0|0:1|0:2|0:4|0:5|0:6|0:7|0:8|0:9|1:0|1:2|1:4|1:6|1:7|1:8|1:9|2:0|2:2|2:3|2:4|2:8|2:9|3:0|3:1|3:2|3:4|3:8|3:9|4:7|4:8|5:8,961
163,1891,0.9598949737434359,2.0,2.0,0.0,2.0,163,death,0,1,monster,0,45,43,0:0|0:1|0:2|1:0|1:2|1:4|2:0|2:2|2:3|2:4|3:0|3:1|3:2|3:4|4:2|4:3|4:4|4:5|4:6|4:8|4:9|5:1|5:2|5:9|6:1|6:2|6:3|6:8|6:9|7:3|7:5|7:8|8:3|8:4|8:5|8:7|8:8|9:3|9:5|9:6|9:7|9:8|9:9,962
164,1892,0.9596474118529632,2.0,2.0,0.0,2.0,350,truncated,0,0,,1,50,35,0:0|0:1|0:2|1:0|1:2|2:0|2:2|2:3|3:0|3:1|3:2|4:2|5:0|5:1|5:2|6:0|6:1|6:2|6:3|6:4|7:3|7:5|8:2|8:3|8:4|8:5|8:7|8:8|9:2|9:3|9:4|9:5|9:6|9:7|9:8,964
165,1893,0.9593998499624906,0.0,0.0,0.0,0.0,226,death,0,1,monster,0,32,27,0:0|0:1|0:2|1:0|1:2|1:4|2:0|2:2|2:3|2:4|3:0|3:1|3:2|3:4|4:3|4:4|5:4|6:2|6:3|6:4|7:3|8:1|8:2|8:3|8:4|9:1|9:2,970
166,1894,0.959152288072018,0.0,0.0,0.0,0.0,15,death,0,1,monster,0,5,5,0:0|0:1|0:2|1:2|2:2,970
167,1895,0.9589047261815454,2.0,2.0,0.0,2.0,249,death,0,1,monster,0,52,35,0:0|0:1|0:2|0:4|0:5|0:6|0:7|0:8|1:0|1:2|1:4|1:6|1:7|1:8|2:0|2:2|2:3|2:4|2:6|3:0|3:1|3:2|4:2|4:3|4:4|4:5|5:1|5:2|5:4|6:0|6:1|6:2|6:3|6:4|7:0,975
168,1896,0.9586571642910727,1.0,1.0,0.0,1.0,258,death,0,1,monster,0,46,40,0:0|0:1|1:0|1:2|2:0|2:2|3:0|3:1|3:2|3:4|3:5|4:2|4:3|4:4|4:5|5:2|5:4|6:2|6:3|6:4|6:9|7:3|7:8|7:9|8:1|8:2|8:3|8:4|8:5|8:7|8:8|8:9|9:2|9:3|9:4|9:5|9:6|9:7|9:8|9:9,983
169,1897,0.9584096024006001,0.0,0.0,0.0,0.0,23,death,0,1,monster,0,8,7,0:0|0:1|0:2|1:0|1:2|2:2|2:3,983
170,1898,0.9581620405101275,1.0,1.0,0.0,1.0,228,death,0,1,monster,0,43,36,0:0|1:0|2:0|2:2|3:0|3:1|3:2|4:2|4:3|4:4|5:0|5:1|5:2|5:4|6:0|6:1|6:2|6:3|6:4|6:6|6:7|6:8|6:9|7:3|7:5|7:6|7:9|8:2|8:3|8:4|8:5|8:9|9:2|9:3|9:4|9:5,984
171,1899,0.957914478619655,0.0,0.0,0.0,0.0,28,death,0,1,monster,0,14,13,0:0|1:0|2:0|2:2|2:3|2:4|3:0|3:1|3:2|3:4|3:5|3:6|4:2,984
172,1900,0.9576669167291822,2.0,2.0,0.0,2.0,268,death,0,1,monster,0,52,37,0:0|0:2|0:4|0:5|0:6|0:7|1:0|1:2|1:4|1:6|1:7|1:8|2:0|2:2|2:3|2:4|2:6|2:8|3:0|3:1|3:2|3:4|3:5|3:6|4:2|4:3|4:4|4:5|4:6|5:0|5:1|5:2|5:4|6:0|6:1|6:2|6:4,987
173,1901,0.9574193548387097,0.0,0.0,0.0,0.0,32,death,0,1,monster,0,12,10,0:0|0:1|0:2|1:0|1:2|1:4|2:0|2:2|2:3|2:4,987
174,1902,0.9571717929482371,1.0,1.0,0.0,1.0,123,death,0,1,monster,0,28,21,0:0|0:1|1:0|2:0|2:2|2:3|2:4|3:0|3:1|3:2|3:4|4:2|4:3|4:4|5:0|5:1|5:2|5:4|6:0|6:1|6:2,988
175,1903,0.9569242310577645,0.0,0.0,0.0,0.0,72,death,0,1,monster,0,33,33,0:0|0:1|0:2|0:8|1:0|1:6|1:7|1:8|2:0|2:8|2:9|3:0|3:1|3:2|3:8|3:9|4:2|4:3|4:4|4:5|4:6|4:7|4:8|4:9|5:6|5:8|5:9|6:6|6:7|6:8|6:9|7:5|7:6,989
176,1904,0.9566766691672919,1.0,1.0,0.0,1.0,350,truncated,0,0,,1,35,31,0:0|0:1|0:2|0:4|0:5|1:0|1:2|1:4|2:0|2:2|2:3|2:4|3:0|3:1|3:2|3:4|3:5|3:6|4:2|4:3|4:4|4:5|5:0|5:1|5:2|5:4|6:0|6:1|6:2|6:3|6:4,990
177,1905,0.9564291072768192,0.0,0.0,0.0,0.0,74,death,0,1,monster,0,20,20,0:0|0:1|0:2|0:4|1:0|1:2|1:4|2:0|2:2|2:3|2:4|3:0|3:4|3:5|3:6|4:6|5:6|6:6|6:7|6:8,992
178,1906,0.9561815453863466,1.0,1.0,0.0,1.0,244,death,0,1,monster,0,54,49,0:0|0:1|0:2|1:0|1:2|1:7|1:8|2:0|2:2|2:6|2:8|2:9|3:0|3:1|3:2|3:4|3:5|3:6|3:8|3:9|4:2|4:3|4:4|4:5|4:6|4:9|5:2|5:4|5:6|5:8|5:9|6:4|6:6|6:8|6:9|7:3|7:5|7:6|7:8|8:3|8:4|8:5|8:7|8:8|9:3|9:4|9:5|9:6|9:7,999
179,1907,0.955933983495874,2.0,2.0,0.0,2.0,350,truncated,0,0,,1,78,53,0:0|0:1|0:2|1:0|1:2|2:0|2:2|2:3|2:4|3:0|3:1|3:2|4:2|4:3|4:4|5:1|5:2|5:4|5:8|5:9|6:0|6:1|6:2|6:3|6:4|6:6|6:7|6:8|6:9|7:0|7:5|7:6|7:8|7:9|8:0|8:1|8:2|8:3|8:4|8:5|8:7|8:8|8:9|9:0|9:1|9:2|9:3|9:4|9:5|9:6|9:7|9:8|9:9,1011
180,1908,0.9556864216054013,1.0,1.0,0.0,1.0,242,death,0,1,monster,0,51,43,0:0|0:1|0:2|0:5|0:6|0:7|0:8|1:0|1:2|1:6|1:7|1:8|1:9|2:0|2:2|2:3|2:4|2:6|2:9|3:0|3:1|3:2|3:4|3:5|3:6|3:8|3:9|4:2|4:3|4:4|4:5|4:6|4:7|4:8|4:9|5:4|5:6|5:8|5:9|6:8|6:9|7:8|7:9,1014
181,1909,0.9554388597149287,2.0,2.0,0.0,2.0,140,death,0,1,monster,0,61,44,0:0|0:4|0:5|0:6|0:7|0:8|0:9|1:0|1:4|1:6|1:7|1:8|1:9|2:0|2:4|2:6|2:8|2:9|3:0|3:1|3:2|3:4|3:5|3:6|3:8|3:9|4:2|4:3|4:4|4:5|4:6|4:7|4:8|4:9|5:0|5:1|5:2|5:4|5:6|5:8|5:9|6:0|6:1|6:2,1028
182,1910,0.9551912978244561,0.0,0.0,0.0,0.0,87,death,0,1,monster,0,13,10,0:0|0:1|0:2|1:0|1:2|2:0|3:0|3:1|3:2|4:2,1028
183,1911,0.9549437359339835,1.0,1.0,0.0,1.0,89,death,0,1,monster,0,32,22,0:0|1:0|2:0|3:0|3:1|3:2|4:2|5:0|5:1|5:2|5:4|6:1|6:2|6:3|6:4|7:3|8:0|8:1|8:2|8:3|9:1|9:2,1029
184,1912,0.9546961740435109,2.0,2.0,0.0,2.0,340,death,0,1,monster,0,88,49,0:0|0:1|0:2|0:4|0:5|0:6|0:7|0:8|0:9|1:0|1:2|1:4|1:6|1:7|1:8|1:9|2:0|2:2|2:3|2:4|2:6|2:9|3:0|3:1|3:2|3:4|3:5|3:6|3:8|3:9|4:2|4:3|4:4|4:6|4:7|4:8|4:9|5:0|5:1|5:2|5:4|5:8|5:9|6:0|6:1|6:2|6:3|6:4|6:9,1045
185,1913,0.9544486121530382,2.0,2.0,0.0,2.0,204,death,0,1,monster,0,54,40,0:0|0:4|0:5|0:6|0:7|0:8|0:9|1:0|1:2|1:4|1:6|1:7|1:8|1:9|2:0|2:2|2:3|2:4|2:6|2:8|2:9|3:0|3:1|3:2|3:5|3:6|3:8|3:9|4:3|4:4|4:5|4:8|4:9|5:8|5:9|6:7|6:8|6:9|7:8|8:8,1047
186,1914,0.9542010502625656,0.0,0.0,0.0,0.0,94,death,0,1,monster,0,30,20,0:0|1:0|1:2|2:0|2:2|2:3|2:4|3:0|3:1|3:2|3:4|4:2|4:3|4:4|5:2|5:4|6:2|6:3|6:4|7:3,1051
187,1915,0.953953488372093,0.0,0.0,0.0,0.0,103,death,0,1,monster,0,18,14,0:0|0:1|0:2|1:0|1:2|2:0|2:2|2:3|2:4|3:0|3:1|3:2|4:2|4:3,1051
188,1916,0.9537059264816204,1.0,1.0,0.0,1.0,225,death,0,1,monster,0,53,32,0:0|0:1|0:2|1:2|2:2|3:1|3:2|4:2|4:3|5:0|5:1|5:2|5:4|6:0|6:1|6:2|6:3|6:4|7:0|7:3|8:0|8:1|8:2|8:3|8:4|8:5|9:0|9:1|9:2|9:3|9:4|9:5,1055
189,1917,0.9534583645911477,1.0,1.0,0.0,1.0,134,death,0,1,monster,0,42,40,0:0|0:2|1:0|1:2|2:0|2:2|2:3|2:4|2:6|3:0|3:1|3:2|3:4|3:5|3:6|4:2|4:3|4:4|4:5|4:6|4:7|5:1|5:2|5:4|6:0|6:1|6:2|6:4|7:0|8:0|8:2|9:0|9:1|9:2|9:3|9:4|9:5|9:6|9:7|9:8,1057
190,1918,0.9532108027006752,1.0,1.0,0.0,1.0,350,truncated,0,0,,1,62,41,0:0|0:1|0:2|0:4|0:5|0:6|0:7|0:8|0:9|1:0|1:2|1:4|1:6|1:7|1:8|2:0|2:2|2:3|2:4|2:6|3:0|3:2|3:4|3:5|3:6|4:2|4:3|4:4|4:5|4:6|4:7|4:8|5:4|5:6|5:8|6:2|6:3|6:4|6:6|7:5|7:6,1063
191,1919,0.9529632408102026,1.0,1.0,0.0,1.0,286,death,0,1,monster,0,42,33,0:0|0:1|0:2|1:0|1:2|2:0|2:2|3:0|3:1|3:2|4:2|5:0|5:1|5:2|5:6|6:0|6:1|6:2|6:3|6:6|7:3|7:5|7:6|8:2|8:3|8:4|8:5|9:2|9:3|9:4|9:5|9:6|9:7,1066
192,1920,0.95271567891973,0.0,0.0,0.0,0.0,42,death,0,1,monster,0,10,6,0:0|0:1|0:2|1:0|1:2|2:0,1066
193,1921,0.9524681170292573,0.0,0.0,0.0,0.0,71,death,0,1,monster,0,20,13,0:0|1:0|2:0|2:2|2:3|3:0|3:1|3:2|4:2|5:1|5:2|6:2|6:3,1066
194,1922,0.9522205551387847,0.0,0.0,0.0,0.0,215,death,0,1,monster,0,31,28,0:0|0:1|0:2|0:4|0:5|0:6|1:0|1:2|1:4|1:6|1:7|2:0|2:2|2:3|2:4|2:6|3:0|3:1|3:2|3:4|3:5|3:6|4:2|4:3|4:4|4:5|4:6|5:2,1066
195,1923,0.9519729932483121,2.0,2.0,0.0,2.0,193,death,0,1,monster,0,58,38,0:0|0:1|0:2|0:4|0:5|0:6|0:7|0:8|0:9|1:0|1:2|1:4|1:7|1:8|1:9|2:2|2:3|2:4|2:8|2:9|3:2|3:4|3:5|3:6|4:2|4:3|4:4|4:5|4:6|4:7|5:1|5:2|5:4|5:6|6:1|6:2|6:3|6:4,1074
196,1924,0.9517254313578395,1.0,1.0,0.0,1.0,145,death,0,1,monster,0,47,34,0:0|0:1|1:0|2:0|2:2|2:3|2:4|3:0|3:1|3:2|3:4|3:5|3:6|4:2|4:3|4:4|4:5|4:6|5:0|5:1|5:2|5:4|6:0|6:1|6:2|6:3|6:4|7:0|8:0|8:1|8:2|9:0|9:1|9:2,1078
197,1925,0.9514778694673669,1.0,1.0,0.0,1.0,350,truncated,0,0,,1,44,39,0:0|0:1|0:2|1:0|1:2|2:0|2:2|2:3|2:4|3:0|3:1|3:2|3:5|3:6|4:2|4:3|4:4|4:5|4:6|5:0|5:1|5:2|5:4|5:6|6:0|6:1|6:2|6:3|6:4|7:0|7:3|8:0|8:1|8:2|8:3|8:4|8:5|9:3|9:4,1078
198,1926,0.9512303075768942,2.0,2.0,0.0,2.0,350,truncated,0,0,,1,45,36,0:0|1:0|2:0|3:0|3:1|3:2|4:2|5:0|5:1|5:2|6:0|6:1|6:2|6:3|7:0|7:3|7:5|7:9|8:0|8:1|8:2|8:3|8:4|8:5|8:8|8:9|9:0|9:1|9:2|9:3|9:4|9:5|9:6|9:7|9:8|9:9,1080
199,1927,0.9509827456864216,1.0,1.0,0.0,1.0,149,death,0,1,monster,0,39,27,0:0|0:1|0:4|0:5|1:0|1:2|1:4|2:0|2:2|2:3|2:4|3:0|3:1|3:2|3:4|4:2|4:3|4:4|5:0|5:1|5:2|6:0|6:1|6:2|7:0|8:0|8:1,1083
200,1928,0.950735183795949,2.0,2.0,0.0,2.0,350,truncated,0,0,,1,81,56,0:0|0:2|0:5|0:6|0:7|0:8|0:9|1:0|1:2|1:4|1:6|1:7|1:8|1:9|2:0|2:2|2:4|2:6|2:8|2:9|3:0|3:1|3:2|3:4|3:5|3:6|3:8|3:9|4:2|4:3|4:4|4:5|4:6|4:7|4:8|4:9|5:2|5:4|5:6|5:8|5:9|6:2|6:3|6:4|6:6|6:7|6:8|6:9|7:3|7:6|7:8|7:9|8:8|8:9|9:8|9:9,1085
201,1929,0.9504876219054763,0.0,0.0,0.0,0.0,30,death,0,1,monster,0,13,12,0:0|1:0|1:2|2:0|2:2|2:3|2:4|3:0|3:1|3:2|4:2|5:2,1085
202,1930,0.9502400600150037,1.0,1.0,0.0,1.0,196,death,0,1,monster,0,29,24,0:0|0:1|0:2|1:0|1:2|2:0|2:2|2:3|2:4|3:0|3:1|3:2|3:4|3:5|4:2|4:3|4:4|5:2|5:4|6:0|6:1|6:2|6:3|6:4,1089
203,1931,0.9499924981245311,1.0,1.0,0.0,1.0,197,death,0,1,monster,0,60,50,0:0|0:1|0:2|0:4|0:5|0:6|1:2|1:4|2:2|2:3|2:4|3:2|3:4|3:5|3:6|4:2|4:4|4:5|4:6|4:7|4:8|5:2|5:4|5:6|5:8|5:9|6:0|6:1|6:2|6:3|6:4|6:6|6:8|6:9|7:0|7:3|7:5|7:6|8:0|8:1|8:3|8:4|8:5|9:0|9:1|9:2|9:3|9:4|9:5|9:6,1097
204,1932,0.9497449362340585,3.0,3.0,0.0,3.0,312,victory,1,0,,0,52,42,0:0|0:1|0:2|0:4|0:5|0:6|0:7|0:8|0:9|1:0|1:2|1:4|1:6|1:7|1:8|1:9|2:0|2:2|2:3|2:4|2:8|2:9|3:2|3:8|3:9|4:2|4:3|4:4|4:8|4:9|5:0|5:1|5:2|5:4|5:8|6:0|6:1|6:2|6:3|6:8|7:8|8:8,1097
205,1933,0.9494973743435859,0.0,0.0,0.0,0.0,48,death,0,1,monster,0,15,10,0:0|0:1|0:2|1:2|2:2|3:0|3:1|3:2|4:2|4:3,1097
206,1934,0.9492498124531132,1.0,1.0,0.0,1.0,350,truncated,0,0,,1,70,55,0:0|0:1|0:2|0:6|0:7|0:8|0:9|1:0|1:2|1:7|1:8|1:9|2:0|2:8|2:9|3:0|3:1|3:2|3:4|3:5|3:6|3:8|3:9|4:2|4:5|4:6|4:7|4:8|4:9|5:2|5:6|5:8|5:9|6:2|6:3|6:6|6:7|6:8|6:9|7:0|7:3|7:5|7:6|8:0|8:1|8:2|8:3|8:4|8:5|9:0|9:1|9:2|9:3|9:4|9:5,1098
207,1935,0.9490022505626406,1.0,1.0,0.0,1.0,113,death,0,1,monster,0,31,22,0:0|1:0|2:0|3:0|3:1|3:2|4:2|5:1|5:2|6:0|6:1|6:2|6:3|7:0|8:0|8:1|8:2|8:3|9:0|9:1|9:2|9:3,1103
208,1936,0.9487546886721681,0.0,0.0,0.0,0.0,28,death,0,1,monster,0,15,14,0:0|0:1|1:0|2:0|2:2|2:3|2:4|3:0|3:1|3:2|3:4|4:4|4:5|4:6,1103
209,1937,0.9485071267816955,2.0,2.0,0.0,2.0,194,death,0,1,monster,0,51,33,0:0|0:1|0:2|0:4|0:5|0:6|0:7|1:2|1:4|1:6|1:7|1:8|2:2|2:3|2:4|2:6|3:2|3:4|3:5|3:6|4:2|4:3|4:4|4:5|4:6|4:7|5:1|5:2|5:4|6:1|6:2|6:3|6:4,1106
210,1938,0.9482595648912228,0.0,0.0,0.0,0.0,14,death,0,1,monster,0,7,7,0:0|0:1|1:0|2:0|3:0|3:1|3:2,1106
211,1939,0.9480120030007502,1.0,1.0,0.0,1.0,350,truncated,0,0,,1,59,38,0:0|0:1|0:2|1:0|1:2|2:0|2:2|3:0|3:1|3:2|3:4|3:5|4:2|4:3|4:4|4:5|5:0|5:1|5:2|5:4|6:0|6:1|6:2|6:3|6:4|7:3|8:0|8:1|8:2|8:3|8:4|8:5|9:0|9:1|9:2|9:3|9:4|9:5,1106
212,1940,0.9477644411102776,0.0,0.0,0.0,0.0,74,death,0,1,monster,0,25,17,0:0|0:4|1:0|1:2|1:4|2:0|2:2|2:3|2:4|3:0|3:1|3:2|3:4|3:5|3:6|4:4|4:6,1110
213,1941,0.947516879219805,0.0,0.0,0.0,0.0,163,death,0,1,monster,0,32,23,0:0|0:1|0:2|1:0|1:2|1:4|2:0|2:2|2:3|2:4|3:0|3:1|3:2|3:4|3:5|3:6|4:6|4:7|4:8|5:6|5:8|6:6|6:8,1114
214,1942,0.9472693173293323,0.0,0.0,0.0,0.0,20,death,0,1,monster,0,8,7,0:0|0:1|1:0|2:0|3:0|3:1|3:2,1114
215,1943,0.9470217554388597,0.0,0.0,0.0,0.0,42,death,0,1,monster,0,10,10,0:0|0:1|0:2|1:0|1:2|2:0|2:2|2:3|3:0|3:1,1114
216,1944,0.9467741935483871,1.0,1.0,0.0,1.0,308,death,0,1,monster,0,55,41,0:0|0:1|0:2|1:0|1:2|2:0|2:2|2:3|2:4|3:0|3:1|3:2|4:2|4:3|4:4|4:5|5:0|5:1|5:2|5:4|6:0|6:1|6:2|6:3|6:4|7:0|7:3|7:5|7:6|8:0|8:1|8:2|8:3|8:4|8:5|9:0|9:1|9:2|9:3|9:4|9:5,1115
217,1945,0.9465266316579145,1.0,1.0,0.0,1.0,121,death,0,1,monster,0,26,23,0:0|0:1|0:2|0:4|0:5|0:6|0:7|0:8|0:9|1:2|1:4|1:6|1:7|1:8|1:9|2:2|2:3|2:4|2:6|2:8|2:9|3:2|3:9,1116
218,1946,0.9462790697674419,3.0,3.0,0.0,3.0,343,victory,1,0,,0,71,57,0:0|0:1|0:2|0:4|0:5|0:6|0:7|0:8|0:9|1:2|1:4|1:6|1:7|1:8|1:9|2:0|2:2|2:3|2:4|2:6|3:0|3:1|3:2|3:4|3:5|3:6|4:2|4:3|4:4|4:5|5:0|5:1|5:2|5:4|6:0|6:1|6:2|6:3|6:4|7:0|7:3|8:0|8:1|8:2|8:3|8:4|8:5|8:8|9:0|9:1|9:2|9:3|9:4|9:5|9:6|9:7|9:8,1136
219,1947,0.9460315078769692,0.0,0.0,0.0,0.0,75,death,0,1,monster,0,19,17,0:0|0:1|0:2|1:0|1:2|1:4|2:0|2:2|2:3|2:4|3:0|3:1|3:2|3:4|3:5|3:6|4:5,1136
220,1948,0.9457839459864966,1.0,1.0,0.0,1.0,350,truncated,0,0,,1,47,36,0:0|0:1|0:2|0:6|0:7|1:0|1:2|1:6|1:7|2:0|2:2|2:3|2:4|2:6|3:0|3:1|3:2|3:4|3:5|3:6|4:2|4:3|4:4|4:5|4:6|4:7|5:2|5:6|6:6|7:5|7:6|8:5|8:7|9:5|9:6|9:7,1138
221,1949,0.945536384096024,1.0,1.0,0.0,1.0,240,death,0,1,monster,0,57,44,0:0|0:1|0:2|0:4|0:5|0:6|1:0|1:2|1:4|1:6|1:7|1:8|2:0|2:2|2:3|2:4|2:8|3:0|3:1|3:2|3:4|3:5|4:2|4:3|4:4|4:5|5:0|5:1|5:2|5:4|6:0|6:1|6:2|6:3|6:4|7:0|7:3|8:0|8:1|8:2|8:3|9:0|9:1|9:2,1141
222,1950,0.9452888222055513,0.0,0.0,0.0,0.0,12,death,0,1,monster,0,6,5,0:0|0:1|0:2|1:2|2:2,1141
223,1951,0.9450412603150787,2.0,2.0,0.0,2.0,350,truncated,0,0,,1,71,54,0:0|0:1|0:2|1:0|1:2|2:0|2:2|2:3|3:0|3:1|3:2|3:4|3:5|3:6|3:8|4:2|4:4|4:5|4:6|4:7|4:8|5:0|5:1|5:2|5:4|5:6|5:8|5:9|6:0|6:1|6:2|6:3|6:8|6:9|7:0|7:3|7:8|8:0|8:1|8:2|8:3|8:4|8:5|8:7|8:8|9:0|9:1|9:2|9:3|9:4|9:5|9:6|9:7|9:8,1147
224,1952,0.9447936984246061,1.0,1.0,0.0,1.0,225,death,0,1,monster,0,59,42,0:0|0:1|0:2|0:4|0:5|0:6|0:7|0:8|0:9|1:0|1:2|1:4|1:6|1:7|1:8|1:9|2:0|2:2|2:3|2:4|2:6|2:8|2:9|3:0|3:4|3:5|3:6|3:8|3:9|4:4|4:5|4:6|4:7|4:8|4:9|5:4|5:6|5:8|5:9|6:6|6:8|6:9,1147
225,1953,0.9445461365341336,1.0,1.0,0.0,1.0,350,truncated,0,0,,1,44,37,0:0|0:1|0:2|1:2|2:0|2:2|2:3|3:0|3:1|3:2|4:2|4:4|4:5|5:0|5:1|5:2|5:4|6:0|6:1|6:2|6:3|6:4|7:0|7:3|7:5|8:0|8:1|8:2|8:3|8:4|8:5|9:0|9:1|9:2|9:3|9:4|9:5,1147
226,1954,0.944298574643661,1.0,1.0,0.0,1.0,350,truncated,0,0,,1,61,53,0:0|0:1|0:2|0:4|0:5|0:6|1:0|1:2|1:4|1:6|2:0|2:2|2:3|2:4|2:6|3:0|3:1|3:2|3:4|3:5|3:6|4:2|4:3|4:4|4:5|5:0|5:1|5:2|5:4|6:0|6:1|6:2|6:3|6:4|6:6|7:0|7:3|7:5|7:6|8:0|8:1|8:2|8:3|8:4|8:5|9:0|9:1|9:2|9:3|9:4|9:5|9:6|9:7,1147
227,1955,0.9440510127531883,1.0,1.0,0.0,1.0,173,death,0,1,monster,0,30,22,0:0|1:0|2:0|2:2|3:0|3:1|3:2|3:4|4:2|4:3|4:4|5:0|5:1|5:2|6:0|6:1|6:2|6:3|7:0|8:0|9:0|9:1,1149
228,1956,0.9438034508627157,1.0,1.0,0.0,1.0,266,death,0,1,monster,0,46,34,0:0|0:1|0:2|1:2|2:0|2:2|2:3|3:0|3:1|3:2|4:2|4:3|5:1|5:2|6:0|6:1|6:2|6:3|6:4|7:0|7:3|8:0|8:1|8:2|8:3|8:4|8:5|9:0|9:1|9:2|9:3|9:4|9:5|9:6,1153
229,1957,0.9435558889722431,1.0,1.0,0.0,1.0,84,death,0,1,monster,0,22,17,0:0|0:1|1:0|2:0|3:0|3:1|3:2|4:2|5:2|5:4|6:0|6:1|6:2|6:3|6:4|7:3|8:3,1153
230,1958,0.9433083270817705,2.0,2.0,0.0,2.0,183,death,0,1,monster,0,36,29,0:0|0:1|0:2|0:4|0:5|0:6|0:7|0:8|1:0|1:2|1:4|2:0|2:2|2:3|2:4|3:0|3:1|3:2|3:4|4:2|4:4|5:1|5:2|5:4|6:1|6:2|6:3|6:4|7:3,1154
231,1959,0.9430607651912978,0.0,0.0,0.0,0.0,36,death,0,1,monster,0,10,8,0:0|0:1|0:2|1:2|2:2|3:2|4:2|4:3,1154
232,1960,0.9428132033008252,0.0,0.0,0.0,0.0,101,death,0,1,monster,0,29,20,0:0|0:1|0:2|1:0|1:2|1:4|2:2|2:3|2:4|3:2|3:4|4:2|4:3|4:4|5:4|6:3|6:4|7:3|8:3|8:4,1157
233,1961,0.9425656414103526,1.0,1.0,0.0,1.0,271,death,0,1,monster,0,59,41,0:0|0:1|0:2|1:0|1:2|1:4|2:0|2:2|2:3|2:4|3:0|3:1|3:2|3:4|3:5|3:6|4:2|4:3|4:4|4:5|4:6|5:0|5:1|5:2|5:4|6:0|6:1|6:2|6:3|6:4|7:0|7:3|8:0|8:1|8:2|8:3|8:4|8:5|9:1|9:2|9:4,1160
234,1962,0.94231807951988,1.0,1.0,0.0,1.0,206,death,0,1,monster,0,25,15,0:0|0:1|0:2|1:0|2:0|2:2|2:3|3:0|3:1|3:2|4:2|4:3|5:1|5:2|6:1,1161
235,1963,0.9420705176294073,0.0,0.0,0.0,0.0,19,death,0,1,monster,0,8,7,0:0|1:0|2:0|2:2|3:0|3:1|3:2,1161
236,1964,0.9418229557389347,0.0,0.0,0.0,0.0,101,death,0,1,monster,0,25,22,0:0|0:1|0:2|1:0|1:2|2:2|3:0|3:1|3:2|3:4|3:5|3:6|4:2|4:3|4:4|4:5|5:2|5:4|6:2|6:3|6:4|7:3,1161
237,1965,0.9415753938484621,0.0,0.0,0.0,0.0,72,death,0,1,monster,0,20,16,0:0|0:4|0:5|0:6|1:0|1:4|1:6|2:0|2:2|2:3|2:4|3:0|3:1|3:2|4:2|4:3,1163
238,1966,0.9413278319579895,1.0,1.0,0.0,1.0,350,truncated,0,0,,1,60,44,0:0|0:1|1:0|2:0|3:0|3:1|3:2|3:5|4:2|4:3|4:4|4:5|4:6|4:7|4:8|4:9|5:8|5:9|6:6|6:7|6:8|6:9|7:3|7:5|7:6|7:8|7:9|8:1|8:2|8:3|8:4|8:5|8:7|8:8|8:9|9:0|9:1|9:2|9:3|9:4|9:5|9:6|9:7|9:8,1171
239,1967,0.9410802700675169,0.0,0.0,0.0,0.0,83,death,0,1,monster,0,24,21,0:0|0:1|1:0|2:0|3:0|3:1|3:2|4:2|5:2|6:2|6:3|7:3|8:1|8:2|8:3|8:4|9:0|9:1|9:2|9:3|9:4,1173
240,1968,0.9408327081770442,2.0,2.0,0.0,2.0,280,death,0,1,monster,0,65,42,0:0|0:4|0:5|0:6|0:7|0:8|0:9|1:0|1:6|1:7|1:8|1:9|2:0|2:6|2:8|2:9|3:0|3:1|3:2|3:4|3:5|3:6|3:9|4:2|4:4|4:5|4:6|4:7|4:8|4:9|5:0|5:1|5:2|5:4|5:6|6:0|6:1|6:2|6:3|6:4|6:6|7:0,1179
241,1969,0.9405851462865716,1.0,1.0,0.0,1.0,189,death,0,1,monster,0,47,42,0:0|0:1|0:2|1:2|2:2|2:3|2:4|3:1|3:2|3:4|4:2|4:3|4:4|4:5|4:6|4:7|4:8|5:4|5:6|6:3|6:4|6:6|6:9|7:5|7:6|7:8|7:9|8:2|8:3|8:4|8:5|8:7|8:8|8:9|9:2|9:3|9:4|9:5|9:6|9:7|9:8|9:9,1180
242,1970,0.940337584396099,2.0,2.0,0.0,2.0,350,truncated,0,0,,1,73,49,0:0|0:1|0:2|0:4|0:5|0:6|0:7|0:8|0:9|1:0|1:2|1:4|1:6|1:7|1:8|1:9|2:0|2:2|2:3|2:4|2:6|2:8|2:9|3:0|3:1|3:2|3:4|3:5|3:6|3:8|3:9|4:2|4:3|4:4|4:5|4:7|4:8|5:0|5:1|5:2|5:4|6:0|6:1|6:2|6:3|6:4|7:0|7:3|8:3,1186
243,1971,0.9400900225056265,1.0,1.0,0.0,1.0,149,death,0,1,monster,0,45,33,0:0|0:1|0:2|0:4|0:5|0:6|0:7|0:8|0:9|1:2|1:4|1:6|1:7|1:8|1:9|2:2|2:3|2:4|2:6|2:8|2:9|3:4|3:5|3:6|3:8|3:9|4:4|4:5|4:6|4:7|4:8|4:9|5:6,1191
244,1972,0.9398424606151538,0.0,0.0,0.0,0.0,17,death,0,1,monster,0,11,10,0:0|1:0|2:0|3:0|3:1|3:2|3:4|4:2|4:3|4:4,1191
245,1973,0.9395948987246812,1.0,1.0,0.0,1.0,238,death,0,1,monster,0,40,27,0:0|1:0|1:4|2:0|2:2|2:3|2:4|3:0|3:1|3:2|3:4|4:2|4:3|4:4|4:5|5:0|5:1|5:2|5:4|6:0|6:1|6:2|6:3|6:4|7:0|7:3|8:0,1193
246,1974,0.9393473368342086,2.0,2.0,0.0,2.0,350,truncated,0,0,,1,77,45,0:0|0:1|0:2|0:4|0:5|0:6|0:7|0:8|1:0|1:2|1:4|1:6|1:7|1:8|2:0|2:2|2:3|2:4|2:6|3:0|3:1|3:2|3:5|3:6|4:2|4:3|4:4|4:5|4:6|5:0|5:1|5:2|5:4|6:0|6:1|6:2|6:3|6:4|7:0|8:0|8:1|8:2|9:0|9:1|9:2,1195
247,1975,0.939099774943736,1.0,1.0,0.0,1.0,184,death,0,1,monster,0,53,45,0:0|0:1|0:2|0:4|0:5|0:6|0:7|1:2|1:4|1:6|1:7|1:8|2:2|2:3|2:4|2:8|2:9|3:2|3:6|3:8|3:9|4:5|4:6|4:7|4:8|4:9|5:6|5:8|5:9|6:6|6:7|6:8|6:9|7:5|7:6|7:8|8:1|8:2|8:3|8:4|8:5|9:2|9:3|9:4|9:5,1203
248,1976,0.9388522130532633,2.0,2.0,0.0,2.0,305,death,0,1,monster,0,60,48,0:0|0:1|0:2|1:0|1:2|2:0|2:2|2:3|2:4|3:4|3:5|4:2|4:3|4:4|4:5|5:0|5:1|5:2|5:4|6:0|6:1|6:2|6:3|6:4|6:9|7:0|7:3|7:8|7:9|8:0|8:1|8:2|8:3|8:4|8:5|8:7|8:8|8:9|9:0|9:1|9:2|9:3|9:4|9:5|9:6|9:7|9:8|9:9,1204
249,1977,0.9386046511627907,1.0,1.0,0.0,1.0,350,truncated,0,0,,1,57,44,0:0|0:1|0:2|1:0|1:2|2:0|2:2|2:3|2:4|3:0|3:1|3:2|3:4|3:5|4:2|4:3|4:4|4:5|4:6|5:0|5:1|5:2|5:4|5:6|6:0|6:1|6:2|6:3|6:4|6:6|7:0|7:3|7:5|8:0|8:1|8:2|8:3|8:4|8:5|9:0|9:1|9:2|9:3|9:4,1204
250,1978,0.9383570892723181,0.0,0.0,0.0,0.0,58,death,0,1,monster,0,14,10,0:0|0:1|0:2|1:0|1:2|2:0|2:2|3:0|3:1|3:2,1204
251,1979,0.9381095273818455,0.0,0.0,0.0,0.0,162,death,0,1,monster,0,25,17,0:0|0:1|0:2|1:0|1:2|1:4|2:0|2:2|2:3|2:4|3:0|3:1|3:2|3:4|3:5|4:4|4:5,1206
252,1980,0.9378619654913729,0.0,0.0,0.0,0.0,50,death,0,1,monster,0,15,11,0:0|0:1|1:0|2:0|3:0|3:1|3:2|4:2|5:2|6:2|6:3,1207
253,1981,0.9376144036009002,0.0,0.0,0.0,0.0,107,death,0,1,monster,0,19,9,0:0|0:1|1:0|2:0|2:2|3:0|3:1|3:2|4:2,1207
254,1982,0.9373668417104276,2.0,2.0,0.0,2.0,350,truncated,0,0,,1,78,56,0:0|0:1|0:2|0:4|0:5|0:6|1:0|1:2|1:4|1:6|2:0|2:2|2:3|2:4|2:6|3:0|3:1|3:2|3:4|3:5|3:6|4:2|4:3|4:4|4:6|5:2|5:6|5:8|5:9|6:1|6:2|6:3|6:6|6:7|6:8|6:9|7:3|7:5|7:6|7:8|7:9|8:2|8:3|8:4|8:5|8:7|8:8|8:9|9:1|9:2|9:3|9:4|9:5|9:6|9:7|9:9,1216
255,1983,0.937119279819955,1.0,1.0,0.0,1.0,206,death,0,1,monster,0,50,33,0:0|0:1|0:2|0:4|0:5|0:6|0:7|0:8|0:9|1:0|1:2|1:4|1:6|1:7|1:8|1:9|2:0|2:2|2:3|2:4|2:6|2:9|3:0|3:1|3:2|3:4|3:8|3:9|4:3|4:4|4:5|5:4|6:4,1228
256,1984,0.9368717179294823,1.0,1.0,0.0,1.0,166,death,0,1,monster,0,46,31,0:0|0:1|0:2|1:0|1:2|2:0|2:2|2:3|2:4|3:0|3:2|3:4|3:5|4:2|4:3|4:4|4:5|4:6|4:7|5:0|5:1|5:2|5:4|6:0|6:1|6:2|6:3|6:4|7:0|8:0|9:0,1228
257,1985,0.9366241560390097,1.0,1.0,0.0,1.0,134,death,0,1,monster,0,33,21,0:0|0:1|0:2|1:0|1:2|2:0|2:2|2:3|3:0|3:2|4:2|4:3|5:0|5:1|5:2|6:0|6:1|6:2|6:3|7:0|8:0,1228
258,1986,0.9363765941485371,1.0,1.0,0.0,1.0,174,death,0,1,monster,0,43,27,0:0|0:1|0:2|0:4|1:0|1:2|1:4|2:0|2:2|2:3|2:4|3:1|3:2|3:4|3:5|4:2|4:3|4:4|4:5|5:1|5:2|5:4|6:1|6:2|6:3|6:4|7:3,1233
259,1987,0.9361290322580645,0.0,0.0,0.0,0.0,64,death,0,1,monster,0,17,15,0:0|0:1|0:2|0:4|0:5|0:6|1:2|1:4|1:6|2:2|2:3|2:4|2:6|3:2|3:6,1234
260,1988,0.935881470367592,1.0,1.0,0.0,1.0,154,death,0,1,monster,0,33,27,0:0|0:1|1:0|2:0|3:0|3:1|3:2|4:2|5:0|5:1|5:2|6:0|6:1|6:2|6:3|6:6|7:3|7:5|7:6|8:2|8:3|8:5|9:2|9:3|9:4|9:5|9:6,1234
261,1989,0.9356339084771192,0.0,0.0,0.0,0.0,146,death,0,1,monster,0,31,24,0:0|0:1|0:2|1:0|1:2|2:0|2:2|2:3|2:4|3:0|3:1|3:2|3:4|3:5|4:2|4:3|4:4|5:2|5:4|6:2|6:3|7:3|8:3|9:3,1237
262,1990,0.9353863465866467,2.0,2.0,0.0,2.0,207,death,0,1,monster,0,67,55,0:0|0:1|0:2|0:6|0:7|0:8|0:9|1:0|1:2|1:6|1:7|1:8|1:9|2:0|2:2|2:3|2:4|2:6|2:8|2:9|3:0|3:1|3:2|3:4|3:5|3:6|3:8|3:9|4:3|4:4|4:5|4:6|5:2|5:6|6:2|6:3|6:6|6:7|6:8|7:3|7:5|7:6|7:8|7:9|8:3|8:4|8:5|8:7|8:8|8:9|9:5|9:6|9:7|9:8|9:9,1240
263,1991,0.9351387846961741,2.0,2.0,0.0,2.0,350,truncated,0,0,,1,60,53,0:0|0:1|0:2|0:4|1:0|1:2|1:4|2:0|2:2|2:3|2:4|3:2|3:4|4:2|4:3|4:4|4:5|4:6|4:7|4:8|5:0|5:1|5:2|5:8|5:9|6:0|6:1|6:2|6:3|6:7|6:8|6:9|7:0|7:3|7:8|7:9|8:0|8:1|8:2|8:3|8:4|8:5|8:7|8:8|8:9|9:0|9:1|9:2|9:5|9:6|9:7|9:8|9:9,1241
264,1992,0.9348912228057015,3.0,3.0,0.0,3.0,192,victory,1,0,,0,55,49,0:0|0:6|0:7|1:0|1:2|1:6|1:7|1:8|2:0|2:2|2:3|2:6|3:0|3:1|3:2|3:5|3:6|4:2|4:3|4:5|4:6|4:7|5:2|5:6|6:0|6:1|6:2|6:3|6:6|6:7|6:8|7:0|7:6|7:8|8:0|8:1|8:2|8:7|8:8|9:0|9:1|9:2|9:3|9:4|9:5|9:6|9:7|9:8|9:9,1242
265,1993,0.9346436609152288,0.0,0.0,0.0,0.0,122,death,0,1,monster,0,33,29,0:0|1:0|2:0|3:0|3:1|3:2|4:2|4:3|4:4|4:5|5:1|5:2|5:4|6:2|6:3|6:4|7:3|8:0|8:1|8:2|8:3|8:4|8:5|9:0|9:1|9:2|9:3|9:4|9:5,1246
266,1994,0.9343960990247562,0.0,0.0,0.0,0.0,44,death,0,1,monster,0,13,9,0:0|0:1|0:2|1:0|1:2|2:2|2:3|2:4|3:2,1246
267,1995,0.9341485371342836,1.0,1.0,0.0,1.0,350,truncated,0,0,,1,66,44,0:0|0:1|0:2|1:0|1:2|2:2|2:3|3:0|3:1|3:2|3:5|3:6|4:2|4:3|4:4|4:5|4:6|5:0|5:1|5:2|5:4|5:6|6:0|6:1|6:2|6:3|6:4|6:6|7:0|7:3|7:5|7:6|8:0|8:1|8:2|8:3|8:4|8:5|9:0|9:1|9:2|9:3|9:4|9:5,1249
268,1996,0.933900975243811,1.0,1.0,0.0,1.0,127,death,0,1,monster,0,32,25,0:0|0:1|1:0|2:0|3:0|3:1|3:2|4:2|5:0|5:1|5:2|6:0|6:1|6:2|6:3|6:4|7:3|8:3|8:4|8:5|9:3|9:4|9:5|9:6|9:7,1251
269,1997,0.9336534133533383,0.0,0.0,0.0,0.0,31,death,0,1,monster,0,7,5,0:0|0:1|0:2|1:0|1:2,1251
270,1998,0.9334058514628657,0.0,0.0,0.0,0.0,344,death,0,1,monster,0,39,33,0:0|0:1|0:2|1:0|1:2|2:0|2:2|3:0|3:1|3:2|3:5|4:2|4:3|4:4|4:5|4:6|4:7|4:8|5:2|5:4|5:6|5:8|5:9|6:2|6:3|6:4|6:6|6:7|6:8|6:9|7:6|7:8|7:9,1255
271,1999,0.9331582895723931,1.0,1.0,0.0,1.0,161,death,0,1,monster,0,38,28,0:0|1:0|2:0|2:2|3:0|3:1|3:2|4:2|5:0|5:1|5:2|6:0|6:1|6:2|7:0|7:3|8:0|8:1|8:2|8:3|8:4|8:5|9:0|9:1|9:2|9:3|9:4|9:5,1257
272,2000,0.9329107276819205,0.0,0.0,0.0,0.0,89,death,0,1,monster,0,31,18,0:0|0:1|0:2|0:4|1:2|1:4|2:2|2:3|2:4|3:2|3:4|3:5|3:6|4:2|4:3|4:4|4:5|4:6,1260
273,2001,0.9326631657914479,1.0,1.0,0.0,1.0,112,death,0,1,monster,0,26,18,0:0|0:1|0:2|1:0|2:0|3:0|3:1|3:2|4:2|4:3|4:4|5:1|5:2|5:4|6:1|6:2|6:3|6:4,1263
274,2002,0.9324156039009752,0.0,0.0,0.0,0.0,169,death,0,1,monster,0,20,12,0:0|0:1|0:2|1:0|1:2|2:0|2:2|3:0|3:1|3:2|4:2|4:3,1263
275,2003,0.9321680420105026,0.0,0.0,0.0,0.0,30,death,0,1,monster,0,19,17,0:0|0:4|0:5|0:6|1:0|1:4|2:0|2:3|2:4|3:0|3:1|3:2|3:4|4:2|4:3|4:4|4:5,1264
276,2004,0.93192048012003,3.0,3.0,0.0,3.0,248,victory,1,0,,0,63,55,0:0|0:1|0:2|0:6|0:7|0:8|1:2|1:4|1:6|1:7|1:8|1:9|2:2|2:3|2:4|2:6|2:8|2:9|3:4|3:6|3:8|3:9|4:4|4:5|4:6|4:7|4:8|4:9|5:8|5:9|6:0|6:1|6:9|7:0|7:3|7:8|7:9|8:0|8:1|8:2|8:3|8:4|8:5|8:7|8:8|8:9|9:1|9:2|9:3|9:4|9:5|9:6|9:7|9:8|9:9,1269
277,2005,0.9316729182295573,1.0,1.0,0.0,1.0,148,death,0,1,monster,0,33,24,0:0|0:1|0:2|0:4|0:5|0:6|1:0|1:2|1:4|1:6|1:7|2:0|2:2|2:3|2:4|3:0|3:1|3:2|4:2|5:0|5:1|5:2|6:0|6:1,1269
278,2006,0.9314253563390847,2.0,2.0,0.0,2.0,350,truncated,0,0,,1,59,47,0:0|1:0|2:0|2:2|3:0|3:1|3:2|3:8|3:9|4:2|4:8|4:9|5:0|5:1|5:2|5:8|5:9|6:0|6:1|6:2|6:6|6:7|6:8|6:9|7:0|7:5|7:6|7:8|7:9|8:0|8:1|8:2|8:3|8:4|8:5|8:7|8:8|8:9|9:1|9:2|9:3|9:4|9:5|9:6|9:7|9:8|9:9,1271
279,2007,0.9311777944486122,2.0,2.0,0.0,2.0,283,death,0,1,monster,0,58,45,0:0|0:1|0:2|1:0|2:0|2:2|2:9|3:0|3:1|3:2|3:8|3:9|4:2|4:7|4:8|4:9|5:0|5:1|5:2|5:8|5:9|6:0|6:1|6:2|6:3|6:7|6:8|6:9|7:3|7:5|7:6|7:8|8:1|8:2|8:3|8:4|8:5|8:8|9:1|9:2|9:3|9:5|9:6|9:7|9:8,1275
280,2008,0.9309302325581396,1.0,1.0,0.0,1.0,177,death,0,1,monster,0,44,40,0:0|0:1|0:2|1:2|2:2|3:2|3:9|4:2|4:4|4:5|4:6|4:7|4:8|4:9|5:0|5:1|5:2|5:6|5:9|6:0|6:1|6:2|6:3|6:4|6:6|6:7|6:8|6:9|7:3|7:5|7:6|8:1|8:2|8:3|8:4|8:5|9:2|9:3|9:4|9:5,1279
281,2009,0.930682670667667,0.0,0.0,0.0,0.0,89,death,0,1,monster,0,26,22,0:0|0:1|0:2|1:0|1:2|2:0|2:2|3:2|3:4|4:2|4:3|4:4|4:5|4:6|5:4|5:6|6:6|6:7|6:8|6:9|7:5|7:6,1282
282,2010,0.9304351087771943,1.0,1.0,0.0,1.0,350,truncated,0,0,,1,51,40,0:0|0:1|0:2|0:4|0:5|0:6|0:7|0:8|0:9|1:0|1:2|1:4|1:6|1:7|1:8|1:9|2:2|2:3|2:4|2:6|2:8|2:9|3:2|3:5|3:6|3:8|3:9|4:2|4:3|4:4|4:5|4:6|4:7|4:8|4:9|5:6|5:8|5:9|6:8|6:9,1282
283,2011,0.9301875468867217,2.0,2.0,0.0,2.0,222,death,0,1,monster,0,44,32,0:0|0:1|0:2|0:4|0:5|0:6|0:7|1:0|1:2|1:4|1:7|2:0|2:2|2:4|3:0|3:1|3:2|3:4|4:2|4:3|4:4|5:0|5:1|5:2|6:0|6:1|6:2|6:3|7:0|7:3|8:0|8:3,1285
284,2012,0.9299399849962491,0.0,0.0,0.0,0.0,52,death,0,1,monster,0,15,8,0:0|0:1|0:2|1:0|1:2|2:0|2:2|3:0,1285
285,2013,0.9296924231057765,2.0,2.0,0.0,2.0,350,truncated,0,0,,1,71,57,0:0|0:1|0:2|0:6|0:7|0:8|1:0|1:2|1:6|1:7|1:8|2:0|2:2|2:6|3:0|3:1|3:2|3:4|3:5|3:6|3:8|4:2|4:3|4:4|4:5|4:6|4:7|4:8|4:9|5:4|5:6|5:8|5:9|6:2|6:3|6:4|6:6|6:8|6:9|7:3|7:5|7:6|7:8|7:9|8:3|8:4|8:5|8:7|8:8|8:9|9:3|9:4|9:5|9:6|9:7|9:8|9:9,1289
286,2014,0.9294448612153038,1.0,1.0,0.0,1.0,181,death,0,1,monster,0,39,20,0:0|0:1|0:2|1:0|1:2|1:4|2:0|2:2|2:3|2:4|3:0|3:1|3:2|3:4|4:2|4:3|5:1|5:2|6:1|6:2,1291
287,2015,0.9291972993248312,2.0,2.0,0.0,2.0,350,truncated,0,0,,1,57,48,0:0|0:1|0:2|0:4|1:0|1:2|1:4|2:0|2:2|2:3|2:4|3:0|3:1|3:2|3:4|3:5|3:6|4:2|4:3|4:4|4:5|5:0|5:1|5:2|5:4|6:1|6:2|6:3|6:4|6:6|6:7|6:8|7:3|7:5|7:6|7:8|7:9|8:3|8:4|8:5|8:7|8:8|8:9|9:4|9:6|9:7|9:8|9:9,1291
288,2016,0.9289497374343586,0.0,0.0,0.0,0.0,44,death,0,1,monster,0,15,14,0:0|0:1|0:2|1:0|1:2|2:0|2:2|2:3|2:4|3:4|3:5|3:6|4:5|4:6,1292
289,2017,0.928702175543886,0.0,0.0,0.0,0.0,102,death,0,1,monster,0,23,18,0:0|0:2|1:0|1:2|2:0|2:2|2:3|2:4|3:0|3:1|3:2|3:4|3:5|4:2|4:3|4:4|4:5|5:2,1292
290,2018,0.9284546136534133,1.0,1.0,0.0,1.0,144,death,0,1,monster,0,46,39,0:0|0:1|0:2|1:0|1:2|2:2|2:3|2:4|3:2|3:4|3:5|3:6|4:2|4:3|4:4|4:5|4:6|5:1|5:2|5:6|6:1|6:2|6:3|7:0|7:3|8:0|8:1|8:2|8:3|8:4|8:5|9:0|9:1|9:2|9:3|9:4|9:5|9:6|9:7,1292
291,2019,0.9282070517629407,3.0,3.0,0.0,3.0,222,victory,1,0,,0,54,52,0:0|0:6|0:7|1:0|1:6|2:0|2:6|3:0|3:1|3:2|3:5|3:6|3:8|3:9|4:2|4:3|4:4|4:5|4:6|4:7|4:8|4:9|5:2|5:6|5:9|6:0|6:1|6:2|6:9|7:0|7:3|7:8|7:9|8:0|8:1|8:2|8:3|8:4|8:5|8:7|8:8|8:9|9:0|9:1|9:2|9:3|9:4|9:5|9:6|9:7|9:8|9:9,1294
292,2020,0.9279594898724681,0.0,0.0,0.0,0.0,75,death,0,1,monster,0,16,15,0:0|0:1|1:0|1:2|2:0|2:2|2:3|2:4|3:0|3:1|3:2|3:4|4:2|4:4|5:2,1294
293,2021,0.9277119279819955,1.0,1.0,0.0,1.0,350,truncated,0,0,,1,65,41,0:0|0:1|0:2|1:0|1:2|2:0|2:2|2:3|2:4|3:0|3:1|3:2|3:4|3:5|4:2|4:3|4:4|4:5|5:0|5:1|5:2|6:0|6:1|6:2|7:0|7:3|7:5|8:0|8:1|8:2|8:3|8:4|8:5|9:0|9:1|9:2|9:3|9:4|9:5|9:6|9:7,1295
294,2022,0.9274643660915229,2.0,2.0,0.0,2.0,350,truncated,0,0,,1,60,45,0:0|0:1|0:2|1:0|1:2|2:0|2:2|2:3|3:0|3:1|3:2|4:2|4:3|5:0|5:1|5:2|6:0|6:1|6:2|6:3|6:4|7:0|7:3|7:5|7:8|7:9|8:0|8:1|8:2|8:3|8:4|8:5|8:7|8:8|8:9|9:0|9:1|9:2|9:3|9:4|9:5|9:6|9:7|9:8|9:9,1295
295,2023,0.9272168042010502,2.0,2.0,0.0,2.0,348,death,0,1,monster,0,95,61,0:0|0:1|0:2|0:4|0:5|0:6|0:7|0:8|0:9|1:0|1:4|1:6|1:7|1:8|1:9|2:0|2:3|2:4|2:6|2:8|2:9|3:0|3:1|3:2|3:5|3:6|3:8|3:9|4:2|4:6|4:8|4:9|5:0|5:1|5:2|5:6|5:8|5:9|6:0|6:1|6:2|6:6|6:7|6:8|6:9|7:0|7:5|7:6|8:0|8:1|8:2|8:3|8:4|8:5|9:0|9:1|9:2|9:3|9:4|9:5|9:6,1299
296,2024,0.9269692423105776,2.0,2.0,0.0,2.0,350,truncated,0,0,,1,76,52,0:0|0:1|0:2|0:4|0:5|0:6|0:7|0:8|0:9|1:0|1:2|1:4|1:7|1:8|1:9|2:0|2:2|2:3|2:4|2:8|2:9|3:0|3:1|3:2|3:4|3:5|3:6|3:8|4:2|4:3|4:4|4:5|4:6|4:7|4:8|5:0|5:1|5:2|6:0|6:1|6:2|6:3|7:0|7:3|8:0|8:1|8:2|8:3|9:0|9:1|9:2|9:3,1299
297,2025,0.926721680420105,0.0,0.0,0.0,0.0,13,death,0,1,monster,0,9,8,0:0|0:1|0:2|1:2|2:2|2:3|2:4|3:2,1299
298,2026,0.9264741185296324,1.0,1.0,0.0,1.0,96,death,0,1,monster,0,32,30,0:0|0:2|0:4|0:5|0:6|0:7|1:0|1:2|1:4|1:6|2:0|2:2|2:3|2:4|2:6|3:0|3:1|3:2|3:6|3:8|3:9|4:5|4:6|4:7|4:8|5:6|6:6|6:7|6:8|7:6,1301
299,2027,0.9262265566391598,2.0,2.0,0.0,2.0,337,death,0,1,monster,0,80,47,0:0|1:0|1:4|2:0|2:4|3:0|3:1|3:2|3:4|4:2|4:3|4:4|5:0|5:1|5:2|5:4|6:0|6:1|6:2|6:3|6:4|6:9|7:0|7:3|7:5|7:6|7:8|7:9|8:0|8:1|8:2|8:3|8:4|8:5|8:7|8:8|8:9|9:0|9:1|9:2|9:3|9:4|9:5|9:6|9:7|9:8|9:9,1311
300,2028,0.9259789947486872,2.0,2.0,0.0,2.0,136,death,0,1,monster,0,49,42,0:0|0:1|1:0|2:0|2:2|2:3|2:4|3:0|3:1|3:2|3:4|4:2|4:3|4:4|5:1|5:2|5:4|6:1|6:2|6:3|6:4|6:8|7:3|7:8|7:9|8:0|8:1|8:2|8:3|8:4|8:5|8:7|8:8|8:9|9:0|9:1|9:2|9:3|9:4|9:5|9:6|9:7,1313
301,2029,0.9257314328582146,0.0,0.0,0.0,0.0,176,death,0,1,monster,0,34,33,0:0|0:1|0:2|1:0|1:2|2:0|2:2|3:0|3:1|3:2|3:5|3:8|3:9|4:2|4:3|4:4|4:5|4:6|4:7|4:8|4:9|5:4|5:8|5:9|6:3|6:4|6:8|6:9|7:8|7:9|8:9|9:8|9:9,1314
302,2030,0.925483870967742,2.0,2.0,0.0,2.0,256,death,0,1,monster,0,72,44,0:0|1:0|2:0|2:4|2:6|3:0|3:1|3:2|3:4|3:5|3:6|3:9|4:2|4:3|4:4|4:5|4:6|4:7|4:8|4:9|5:0|5:1|5:2|5:4|5:6|5:8|5:9|6:0|6:1|6:2|6:3|6:4|6:6|6:7|6:8|6:9|7:5|7:6|7:8|7:9|8:5|8:8|8:9|9:8,1321
303,2031,0.9252363090772693,2.0,2.0,0.0,2.0,260,death,0,1,monster,0,63,51,0:0|0:1|0:2|0:4|0:5|0:6|0:7|0:8|0:9|1:2|1:4|1:6|1:7|1:8|1:9|2:2|2:3|2:4|2:6|2:8|2:9|3:0|3:1|3:2|3:4|3:6|3:8|3:9|4:2|4:3|4:4|4:8|4:9|5:4|5:8|5:9|6:8|6:9|7:8|7:9|8:4|8:5|8:7|8:8|8:9|9:4|9:5|9:6|9:7|9:8|9:9,1325
304,2032,0.9249887471867967,1.0,1.0,0.0,1.0,165,death,0,1,monster,0,48,37,0:0|0:1|0:2|1:0|1:2|1:4|2:0|2:2|2:3|2:4|3:0|3:1|3:2|3:4|3:5|3:6|4:2|4:4|4:5|4:6|4:7|5:6|6:6|6:7|6:8|7:5|7:6|7:8|8:5|8:7|8:8|9:4|9:5|9:6|9:7|9:8|9:9,1327
305,2033,0.9247411852963241,2.0,2.0,0.0,2.0,350,truncated,0,0,,1,84,56,0:0|0:1|0:2|0:4|0:5|0:6|0:7|0:8|0:9|1:0|1:2|1:6|1:7|1:8|1:9|2:0|2:2|2:6|2:8|2:9|3:2|3:4|3:5|3:6|3:8|3:9|4:2|4:6|4:7|4:8|4:9|5:2|5:6|5:8|5:9|6:2|6:3|6:6|6:7|6:8|6:9|7:3|7:5|7:6|7:8|7:9|8:2|8:3|8:4|8:5|8:8|8:9|9:2|9:3|9:4|9:5,1335
306,2034,0.9244936234058515,0.0,0.0,0.0,0.0,18,death,0,1,monster,0,9,8,0:0|1:0|2:0|2:2|2:3|3:0|3:1|3:2,1335
307,2035,0.9242460615153788,1.0,1.0,0.0,1.0,97,death,0,1,monster,0,34,27,0:0|1:0|1:6|1:7|1:8|1:9|2:0|2:6|3:0|3:1|3:2|3:5|3:6|4:2|4:3|4:4|4:5|4:6|5:1|5:2|5:4|5:6|6:1|6:2|6:3|6:4|7:3,1338
308,2036,0.9239984996249062,2.0,2.0,0.0,2.0,350,truncated,0,0,,1,70,62,0:0|0:1|0:2|0:7|0:8|1:2|1:4|1:6|1:7|1:8|2:2|2:3|2:4|2:6|3:1|3:2|3:4|3:5|3:6|4:2|4:3|4:4|4:5|4:6|4:7|4:8|4:9|5:0|5:1|5:2|5:4|5:6|5:8|5:9|6:0|6:1|6:2|6:3|6:4|6:6|6:7|6:8|6:9|7:0|7:3|7:5|7:6|7:9|8:0|8:1|8:2|8:3|8:4|8:5|9:0|9:1|9:2|9:3|9:4|9:5|9:6|9:7,1339
309,2037,0.9237509377344336,1.0,1.0,0.0,1.0,80,death,0,1,monster,0,26,24,0:0|0:1|0:2|1:0|1:2|2:0|2:2|3:0|3:1|3:2|4:2|5:2|6:0|6:1|6:2|7:0|8:0|8:1|8:2|8:4|8:5|9:2|9:3|9:4,1339
310,2038,0.923503375843961,1.0,1.0,0.0,1.0,257,death,0,1,monster,0,48,46,0:0|0:1|0:2|0:4|0:5|0:6|0:7|0:8|0:9|1:0|1:2|1:4|1:6|1:9|2:0|2:2|2:3|2:4|2:6|2:8|2:9|3:0|3:1|3:4|3:5|3:6|3:8|3:9|4:4|4:5|4:6|4:7|4:8|4:9|5:6|5:8|5:9|6:6|6:7|6:8|6:9|7:5|7:6|7:8|7:9|8:5,1340
311,2039,0.9232558139534883,2.0,2.0,0.0,2.0,133,death,0,1,monster,0,33,26,0:0|0:1|0:2|0:4|0:5|0:6|0:7|1:0|1:2|1:4|2:2|2:3|2:4|3:1|3:2|3:4|4:2|4:3|4:4|5:0|5:1|5:2|5:4|6:0|6:1|6:2,1341
312,2040,0.9230082520630157,0.0,0.0,0.0,0.0,158,death,0,1,monster,0,20,18,0:0|0:1|0:2|1:0|1:2|2:0|2:2|2:3|2:4|3:0|3:1|3:2|3:4|4:2|4:3|4:4|5:1|5:2,1341
313,2041,0.9227606901725431,1.0,1.0,0.0,1.0,350,truncated,0,0,,1,53,40,0:0|0:1|0:4|0:5|1:0|1:4|2:0|2:2|2:3|2:4|3:0|3:1|3:2|3:4|4:2|4:3|5:0|5:1|5:2|5:4|6:0|6:1|6:2|6:3|6:4|7:0|7:3|7:5|8:0|8:1|8:2|8:3|8:4|8:5|9:0|9:1|9:2|9:3|9:4|9:5,1341
314,2042,0.9225131282820705,0.0,0.0,0.0,0.0,350,truncated,0,0,,1,35,32,0:0|0:1|0:2|0:4|1:0|1:2|1:4|1:6|2:0|2:2|2:3|2:4|2:6|3:0|3:1|3:2|3:4|3:5|3:6|4:2|4:3|4:4|4:5|4:6|5:0|5:1|5:2|5:4|5:6|6:2|6:3|6:4,1341
315,2043,0.922265566391598,1.0,1.0,0.0,1.0,317,death,0,1,monster,0,43,33,0:0|0:1|0:2|0:4|1:0|1:2|1:4|2:0|2:2|2:3|2:4|3:0|3:1|3:2|3:4|3:5|3:6|4:2|4:3|4:4|4:5|4:6|5:0|5:1|5:2|5:4|6:0|6:1|6:2|6:3|6:4|7:3|8:3,1343
316,2044,0.9220180045011253,1.0,1.0,0.0,1.0,350,truncated,0,0,,1,40,31,0:0|0:2|0:4|1:0|1:2|1:4|2:0|2:2|2:3|2:4|3:0|3:1|3:2|3:4|3:5|4:2|4:3|4:4|4:5|5:1|5:2|5:4|6:1|6:2|6:3|6:4|7:3|8:3|8:4|9:3|9:4,1343
317,2045,0.9217704426106527,2.0,2.0,0.0,2.0,350,truncated,0,0,,1,67,43,0:0|0:1|0:2|0:4|0:5|0:6|0:7|0:8|0:9|1:0|1:2|1:4|1:6|1:7|1:8|1:9|2:0|2:2|2:3|2:4|2:8|2:9|3:0|3:1|3:2|3:8|3:9|4:7|4:8|4:9|5:8|5:9|6:7|6:8|6:9|7:8|7:9|8:7|8:8|8:9|9:7|9:8|9:9,1346
318,2046,0.9215228807201801,0.0,0.0,0.0,0.0,261,death,0,1,monster,0,24,21,0:0|0:1|0:2|0:4|0:5|1:0|1:2|1:4|2:0|2:2|2:3|2:4|3:0|3:1|3:2|3:4|4:2|4:3|4:4|4:5|5:4,1348
319,2047,0.9212753188297074,1.0,1.0,0.0,1.0,350,truncated,0,0,,1,64,51,0:0|0:1|0:2|0:4|0:5|0:6|1:0|1:2|1:4|1:6|2:0|2:2|2:3|2:4|2:6|3:0|3:1|3:2|3:4|3:5|3:6|4:2|4:3|4:4|4:5|4:6|4:7|4:8|4:9|5:1|5:2|5:8|5:9|6:1|6:2|6:3|6:4|6:6|6:7|6:8|7:3|7:5|7:6|8:3|8:4|8:5|9:3|9:4|9:5|9:6|9:7,1349
320,2048,0.9210277569392348,0.0,0.0,0.0,0.0,123,death,0,1,monster,0,19,14,0:0|0:1|0:2|1:0|1:2|2:0|2:2|2:3|2:4|3:0|3:1|3:2|4:2|4:3,1349
321,2049,0.9207801950487622,2.0,2.0,0.0,2.0,314,death,0,1,monster,0,67,43,0:0|0:1|0:2|0:7|0:8|0:9|1:0|1:2|1:6|1:7|1:8|1:9|2:0|2:2|2:3|2:4|2:6|2:9|3:0|3:1|3:2|3:5|3:6|3:8|3:9|4:2|4:3|4:4|4:5|4:6|4:8|4:9|5:6|5:8|5:9|6:6|6:7|6:8|6:9|7:6|7:8|7:9|8:8,1352
322,2050,0.9205326331582896,0.0,0.0,0.0,0.0,28,death,0,1,monster,0,12,10,0:0|1:0|2:0|2:2|2:3|3:0|3:1|3:2|4:2|4:3,1352
323,2051,0.920285071267817,2.0,2.0,0.0,2.0,350,truncated,0,0,,1,59,33,0:0|0:1|0:2|0:4|0:5|0:6|0:7|1:0|1:2|1:4|1:6|1:7|2:0|2:2|2:3|2:4|3:0|3:1|3:2|3:4|3:5|4:2|4:3|4:4|4:5|5:1|5:2|5:4|6:1|6:2|6:3|6:4|7:3,1354
324,2052,0.9200375093773443,3.0,3.0,0.0,3.0,240,victory,1,0,,0,61,44,0:0|0:4|0:5|0:6|0:7|0:8|1:0|1:4|1:6|1:7|2:0|2:3|2:4|2:6|3:0|3:1|3:2|3:4|3:5|3:6|4:2|4:3|4:4|4:5|4:6|4:7|4:8|5:0|5:1|5:2|5:4|5:6|5:8|6:0|6:1|6:2|6:3|6:4|6:8|7:3|7:8|7:9|8:8|8:9,1355
325,2053,0.9197899474868717,2.0,2.0,0.0,2.0,350,truncated,0,0,,1,82,44,0:0|0:1|0:2|1:0|1:2|2:0|2:2|2:3|2:4|3:0|3:1|3:2|3:4|4:2|4:3|4:4|5:0|5:1|5:2|6:0|6:1|6:2|6:3|6:4|7:0|7:3|7:5|8:0|8:1|8:2|8:3|8:4|8:5|8:7|8:8|9:0|9:1|9:2|9:3|9:4|9:5|9:6|9:7|9:8,1356
326,2054,0.9195423855963991,2.0,2.0,0.0,2.0,350,truncated,0,0,,1,80,55,0:0|0:1|0:2|0:4|0:5|0:6|0:7|0:8|0:9|1:0|1:2|1:4|1:6|1:7|1:8|1:9|2:0|2:2|2:3|2:4|2:6|2:8|2:9|3:0|3:1|3:2|3:4|3:5|3:6|3:8|4:2|4:3|4:5|4:6|4:7|4:8|4:9|5:2|5:6|6:6|6:7|6:8|7:5|7:6|7:8|7:9|8:5|8:7|8:8|8:9|9:5|9:6|9:7|9:8|9:9,1362
327,2055,0.9192948237059265,0.0,0.0,0.0,0.0,48,death,0,1,monster,0,13,12,0:0|0:1|0:2|1:0|1:2|2:2|2:4|3:2|3:4|4:2|4:3|4:4,1362
328,2056,0.9190472618154538,1.0,1.0,0.0,1.0,215,death,0,1,monster,0,26,20,0:0|0:1|0:2|1:0|1:2|2:0|2:2|3:0|3:1|3:2|4:2|5:1|5:2|6:1|6:2|6:3|6:4|7:3|8:3|9:3,1364
329,2057,0.9187996999249812,2.0,2.0,0.0,2.0,350,truncated,0,0,,1,69,48,0:0|0:2|0:4|0:5|0:6|0:7|0:8|0:9|1:0|1:2|1:4|1:6|1:7|1:8|1:9|2:0|2:2|2:3|2:4|2:6|2:8|2:9|3:0|3:1|3:2|3:4|3:6|3:8|3:9|4:2|4:3|4:4|4:5|4:6|4:7|4:8|4:9|5:6|5:8|5:9|6:6|6:8|6:9|7:6|7:8|7:9|8:8|8:9,1370
330,2058,0.9185521380345086,1.0,1.0,0.0,1.0,350,truncated,0,0,,1,25,22,0:0|0:1|0:2|1:0|1:2|2:0|2:2|3:0|3:1|3:2|4:2|4:3|4:4|5:0|5:1|5:4|6:0|6:1|6:2|6:3|6:4|7:0,1370
331,2059,0.918304576144036,3.0,3.0,0.0,3.0,291,victory,1,0,,0,67,49,0:0|0:1|0:2|0:6|0:7|0:8|1:0|1:2|1:6|1:7|1:8|1:9|2:0|2:2|2:3|2:4|2:6|2:8|2:9|3:1|3:2|3:4|3:5|3:6|3:8|3:9|4:2|4:3|4:4|4:5|4:6|4:7|4:8|4:9|5:1|5:2|5:6|6:1|6:2|6:3|6:4|6:6|6:7|6:8|7:3|7:5|7:6|7:8|8:8,1373
332,2060,0.9180570142535633,0.0,0.0,0.0,0.0,20,death,0,1,monster,0,12,12,0:0|0:1|1:0|2:0|2:2|2:3|3:0|3:1|3:2|4:2|4:3|4:4,1373
333,2061,0.9178094523630907,2.0,2.0,0.0,2.0,350,truncated,0,0,,1,60,41,0:0|0:1|0:2|0:4|0:5|0:6|0:7|1:0|1:2|1:4|1:6|1:7|1:8|2:0|2:2|2:3|2:4|2:8|3:0|3:1|3:2|3:4|4:2|4:3|4:4|5:0|5:1|5:2|5:4|6:0|6:1|6:2|6:3|6:4|7:0|7:3|8:0|8:1|8:2|8:3|9:1,1374
334,2062,0.9175618904726182,2.0,2.0,0.0,2.0,286,death,0,1,monster,0,70,40,0:0|0:1|0:2|1:0|1:2|2:0|2:2|3:0|3:1|3:2|4:2|5:0|5:1|5:2|6:0|6:1|6:2|6:3|6:4|7:0|7:3|8:0|8:1|8:2|8:3|8:4|8:5|8:7|8:8|8:9|9:0|9:1|9:2|9:3|9:4|9:5|9:6|9:7|9:8|9:9,1377
335,2063,0.9173143285821456,1.0,1.0,0.0,1.0,238,death,0,1,monster,0,49,34,0:0|0:4|0:5|0:6|1:0|1:2|1:4|1:6|2:0|2:2|2:3|2:4|3:0|3:1|3:2|3:4|3:5|3:6|4:2|4:3|4:4|4:5|4:6|5:0|5:1|5:2|5:4|5:6|6:0|6:1|6:2|6:3|6:4|7:3,1377
336,2064,0.917066766691673,2.0,2.0,0.0,2.0,174,death,0,1,monster,0,38,33,0:0|0:1|0:2|1:0|1:2|2:0|2:2|3:0|3:1|3:2|4:2|4:3|4:4|5:0|5:1|5:2|6:1|6:2|6:3|6:4|7:3|8:2|8:3|8:4|8:7|8:8|9:2|9:3|9:4|9:5|9:6|9:7|9:8,1378
337,2065,0.9168192048012003,1.0,1.0,0.0,1.0,350,truncated,0,0,,1,50,40,0:0|0:1|0:2|0:4|0:5|0:6|0:7|0:8|1:0|1:4|1:6|1:7|1:8|1:9|2:0|2:2|2:3|2:4|2:6|2:8|2:9|3:0|3:1|3:2|3:4|3:5|3:6|3:8|3:9|4:2|4:3|4:4|4:5|4:6|4:7|4:8|4:9|5:2|5:8|5:9,1378
338,2066,0.9165716429107277,2.0,2.0,0.0,2.0,350,truncated,0,0,,1,88,53,0:0|0:1|0:2|1:0|1:2|2:0|2:2|2:3|2:4|3:2|3:4|3:5|3:6|4:2|4:3|4:4|4:5|4:6|4:7|4:8|5:0|5:1|5:2|5:4|5:6|5:8|5:9|6:0|6:1|6:2|6:3|6:4|6:6|6:7|6:8|6:9|7:3|7:5|7:6|7:8|7:9|8:2|8:3|8:4|8:5|8:7|8:8|8:9|9:5|9:6|9:7|9:8|9:9,1385
339,2067,0.9163240810202551,1.0,1.0,0.0,1.0,97,death,0,1,monster,0,29,23,0:0|0:1|0:2|1:0|2:0|3:0|3:1|3:2|4:2|4:3|4:4|4:5|4:6|4:7|4:8|4:9|5:1|5:2|5:8|5:9|6:1|6:2|6:8,1387
340,2068,0.9160765191297825,0.0,0.0,0.0,0.0,118,death,0,1,monster,0,25,18,0:0|0:1|0:2|1:0|1:2|1:4|2:0|2:2|2:3|2:4|3:0|3:1|3:2|4:2|4:3|4:4|4:5|5:2,1387
341,2069,0.9158289572393098,0.0,0.0,0.0,0.0,39,death,0,1,monster,0,11,6,0:0|0:1|0:2|1:0|2:0|3:0,1387
342,2070,0.9155813953488372,1.0,1.0,0.0,1.0,110,death,0,1,monster,0,33,25,0:0|0:1|0:2|1:0|1:2|2:0|2:2|2:3|2:4|3:0|3:1|3:2|3:4|3:5|4:2|4:3|4:4|4:5|5:1|5:2|5:4|6:1|6:2|6:3|6:4,1387
343,2071,0.9153338334583646,0.0,0.0,0.0,0.0,286,death,0,1,monster,0,38,19,0:0|0:1|0:2|1:0|1:2|1:4|2:0|2:2|2:3|2:4|3:0|3:1|3:2|4:2|4:3|4:4|4:5|5:2|5:4,1388
344,2072,0.915086271567892,0.0,0.0,0.0,0.0,196,death,0,1,monster,0,39,33,0:0|0:1|0:2|1:0|2:0|2:6|3:0|3:1|3:2|3:4|3:5|3:6|4:2|4:3|4:4|4:5|4:6|4:7|4:8|4:9|5:4|5:6|5:8|6:3|6:6|6:7|6:8|7:3|7:5|7:6|8:3|8:4|8:5,1389
345,2073,0.9148387096774193,2.0,2.0,0.0,2.0,350,truncated,0,0,,1,61,43,0:0|0:1|1:0|2:0|2:2|3:0|3:1|3:2|4:2|5:1|5:2|6:0|6:1|6:3|6:6|6:7|6:8|6:9|7:0|7:3|7:5|7:6|7:8|7:9|8:0|8:1|8:2|8:3|8:4|8:5|8:7|8:8|8:9|9:0|9:1|9:2|9:3|9:4|9:5|9:6|9:7|9:8|9:9,1389
346,2074,0.9145911477869467,2.0,2.0,0.0,2.0,168,death,0,1,monster,0,37,25,0:0|0:1|0:2|0:4|0:5|0:6|0:7|1:0|1:2|1:4|1:6|1:7|2:0|2:2|2:3|2:4|2:6|3:0|3:1|3:2|4:2|5:1|5:2|6:1|6:2,1391
347,2075,0.9143435858964741,0.0,0.0,0.0,0.0,43,death,0,1,monster,0,10,5,0:0|1:0|2:0|3:0|3:1,1391
348,2076,0.9140960240060015,2.0,2.0,0.0,2.0,325,death,0,1,monster,0,49,38,0:0|0:1|0:2|0:4|0:5|0:6|0:7|0:8|1:0|1:2|1:4|1:6|1:7|1:8|1:9|2:0|2:2|2:3|2:4|2:6|3:0|3:1|3:2|3:4|3:5|3:6|4:2|4:3|4:4|4:5|4:6|5:0|5:1|5:2|5:4|6:0|6:1|6:2,1391
349,2077,0.9138484621155288,1.0,1.0,0.0,1.0,180,death,0,1,monster,0,39,36,0:0|0:1|0:2|1:0|1:2|2:0|2:2|3:0|3:1|3:2|4:2|4:5|4:6|5:0|5:1|5:2|5:6|6:0|6:1|6:2|6:3|6:6|6:7|7:0|7:3|7:5|7:6|8:3|8:4|8:5|9:2|9:3|9:4|9:5|9:6|9:7,1391
350,2078,0.9136009002250562,0.0,0.0,0.0,0.0,46,death,0,1,monster,0,10,8,0:0|0:1|0:2|1:0|2:0|3:0|3:1|3:2,1391
351,2079,0.9133533383345837,1.0,1.0,0.0,1.0,163,death,0,1,monster,0,47,42,0:0|0:1|0:2|0:8|1:2|1:6|1:7|1:8|2:2|2:6|3:1|3:2|3:6|4:2|4:3|4:4|4:5|4:6|4:7|5:0|5:1|5:2|5:4|5:6|6:0|6:1|6:2|6:3|6:6|6:7|6:8|7:0|7:3|7:5|7:6|8:0|8:1|8:2|8:3|8:5|9:1|9:2,1392
352,2080,0.9131057764441111,0.0,0.0,0.0,0.0,17,death,0,1,monster,0,9,8,0:0|0:1|0:2|1:2|2:2|2:3|2:4|3:4,1392
353,2081,0.9128582145536384,1.0,1.0,0.0,1.0,81,death,0,1,monster,0,33,26,0:0|0:1|0:2|0:7|0:8|0:9|1:0|1:2|1:6|1:7|1:8|1:9|2:2|2:3|2:4|2:6|2:9|3:0|3:1|3:2|3:4|3:5|3:6|3:9|4:2|4:6,1392
354,2082,0.9126106526631658,1.0,1.0,0.0,1.0,227,death,0,1,monster,0,34,26,0:0|0:1|1:0|2:0|3:0|3:1|3:2|4:2|4:3|5:0|5:1|5:2|6:0|6:1|6:2|6:3|6:4|7:0|7:3|8:0|8:2|8:3|8:4|9:3|9:4|9:5,1396
355,2083,0.9123630907726932,1.0,1.0,0.0,1.0,163,death,0,1,monster,0,45,35,0:0|0:1|0:2|1:0|1:2|2:2|3:2|4:2|5:0|5:1|5:2|6:0|6:1|6:2|6:3|7:0|7:3|7:5|7:6|8:0|8:1|8:2|8:3|8:4|8:5|8:7|9:0|9:1|9:3|9:4|9:5|9:6|9:7|9:8|9:9,1399
356,2084,0.9121155288822206,2.0,2.0,0.0,2.0,350,truncated,0,0,,1,74,48,0:0|0:1|0:2|1:0|1:2|2:0|2:2|3:0|3:1|3:2|4:2|4:3|4:4|5:0|5:1|5:2|5:4|5:9|6:0|6:1|6:2|6:3|6:4|6:8|6:9|7:0|7:3|7:8|7:9|8:0|8:1|8:2|8:3|8:4|8:5|8:7|8:8|8:9|9:0|9:1|9:2|9:3|9:4|9:5|9:6|9:7|9:8|9:9,1405
357,2085,0.911867966991748,2.0,2.0,0.0,2.0,344,death,0,1,monster,0,54,30,0:0|0:1|0:2|0:4|0:5|0:6|0:7|1:0|1:2|1:4|1:6|2:0|2:2|2:3|2:4|3:0|3:1|3:2|3:4|3:5|4:2|4:3|4:4|5:0|5:1|5:2|6:0|6:1|6:2|7:0,1406
358,2086,0.9116204051012753,0.0,0.0,0.0,0.0,39,death,0,1,monster,0,13,13,0:0|0:1|0:2|1:2|2:0|2:2|3:0|3:1|3:2|4:2|4:3|4:4|4:5,1406
359,2087,0.9113728432108027,0.0,0.0,0.0,0.0,244,death,0,1,monster,0,63,40,0:0|0:1|0:2|0:4|0:5|0:6|1:0|1:2|1:4|1:6|2:0|2:2|2:3|2:4|2:6|3:0|3:1|3:2|3:4|3:5|3:6|4:2|4:3|4:4|4:5|4:6|4:7|5:4|6:2|6:3|6:4|7:3|8:1|8:2|8:3|8:4|9:1|9:2|9:3|9:4,1407
360,2088,0.9111252813203301,1.0,1.0,0.0,1.0,223,death,0,1,monster,0,54,41,0:0|0:1|0:2|0:4|1:0|1:2|1:4|2:2|2:3|2:4|3:2|3:4|3:5|3:6|4:2|4:4|4:5|4:6|4:7|5:0|5:1|5:2|5:4|5:6|6:0|6:1|6:2|6:3|6:4|7:0|7:3|8:0|8:1|8:2|8:3|8:4|9:0|9:1|9:2|9:3|9:4,1410
361,2089,0.9108777194298575,1.0,1.0,0.0,1.0,258,death,0,1,monster,0,34,26,0:0|0:1|0:2|1:0|1:2|1:6|2:0|2:2|2:3|2:4|2:6|3:0|3:1|3:2|3:4|3:5|3:6|4:2|4:3|5:0|5:1|5:2|6:0|6:1|6:2|7:0,1411
362,2090,0.9106301575393848,2.0,2.0,0.0,2.0,350,truncated,0,0,,1,52,48,0:0|0:1|0:2|1:0|1:2|2:0|2:2|2:3|3:0|3:1|3:2|3:8|3:9|4:2|4:5|4:6|4:7|4:8|4:9|5:0|5:1|5:2|5:8|5:9|6:0|6:1|6:2|6:3|6:7|6:8|6:9|7:0|7:3|7:8|7:9|8:2|8:3|8:7|8:8|8:9|9:2|9:3|9:4|9:5|9:6|9:7|9:8|9:9,1411
363,2091,0.9103825956489122,0.0,0.0,0.0,0.0,98,death,0,1,monster,0,16,12,0:0|0:1|0:2|1:0|1:2|2:0|2:2|2:3|3:0|3:1|3:2|4:2,1411
364,2092,0.9101350337584396,2.0,2.0,0.0,2.0,350,truncated,0,0,,1,78,41,0:0|0:1|0:2|0:4|0:5|0:6|0:7|1:0|1:2|1:4|1:6|1:7|2:0|2:2|2:3|2:4|2:6|3:0|3:1|3:2|3:4|3:5|3:6|4:2|4:3|4:4|4:5|4:6|5:0|5:2|5:4|5:6|6:0|6:1|6:2|6:3|6:4|6:6|7:3|7:5|7:6,1416
365,2093,0.909887471867967,3.0,3.0,0.0,3.0,232,victory,1,0,,0,59,52,0:0|0:1|0:2|0:7|1:0|1:2|1:4|1:6|1:7|2:2|2:4|2:6|3:1|3:2|3:4|3:5|3:6|4:2|4:4|4:6|4:7|4:8|4:9|5:2|5:4|5:6|5:8|5:9|6:1|6:2|6:3|6:4|6:6|6:7|6:8|6:9|7:3|7:5|7:8|7:9|8:3|8:4|8:5|8:7|8:8|8:9|9:4|9:5|9:6|9:7|9:8|9:9,1416
366,2094,0.9096399099774943,2.0,2.0,0.0,2.0,350,truncated,0,0,,1,55,45,0:0|0:1|0:2|0:4|0:5|0:6|0:7|0:8|0:9|1:0|1:2|1:4|1:6|1:7|1:8|1:9|2:0|2:2|2:3|2:4|2:8|2:9|3:0|3:1|3:2|3:8|3:9|4:2|4:3|4:7|4:8|4:9|5:0|5:1|5:2|5:8|5:9|6:0|6:1|6:2|6:3|6:8|6:9|7:3|8:3,1416
367,2095,0.9093923480870217,0.0,0.0,0.0,0.0,51,death,0,1,monster,0,22,18,0:0|0:1|0:2|1:2|2:2|3:0|3:1|3:2|3:4|3:5|3:6|4:2|4:3|4:4|4:5|4:6|5:4|6:4,1417
368,2096,0.9091447861965491,0.0,0.0,0.0,0.0,100,death,0,1,monster,0,20,19,0:0|0:1|0:2|1:0|1:2|2:0|2:2|2:3|3:0|3:1|3:2|4:2|4:3|5:0|5:1|5:2|6:0|7:0|8:0,1419
369,2097,0.9088972243060766,1.0,1.0,0.0,1.0,116,death,0,1,monster,0,41,26,0:0|0:1|0:2|1:0|1:2|2:0|3:0|3:1|3:2|4:2|5:0|5:1|5:2|6:0|6:1|6:2|6:3|7:3|8:0|8:1|8:2|8:3|9:1|9:2|9:3|9:4,1423
370,2098,0.9086496624156039,0.0,0.0,0.0,0.0,108,death,0,1,monster,0,26,20,0:0|0:1|0:2|1:0|1:2|2:0|2:2|2:3|2:4|3:0|3:1|3:2|3:4|3:5|3:6|4:3|4:4|5:4|6:3|6:4,1424
371,2099,0.9084021005251313,3.0,3.0,0.0,3.0,197,victory,1,0,,0,65,55,0:0|0:1|0:2|0:7|0:8|0:9|1:0|1:2|1:7|1:8|1:9|2:0|2:2|2:3|2:4|2:8|2:9|3:0|3:1|3:4|3:8|4:2|4:3|4:4|4:8|4:9|5:0|5:1|5:2|5:8|5:9|6:0|6:1|6:2|6:8|6:9|7:0|7:8|7:9|8:0|8:1|8:2|8:3|8:4|8:5|8:8|8:9|9:0|9:1|9:2|9:3|9:5|9:6|9:7|9:8,1434
372,2100,0.9081545386346587,2.0,2.0,0.0,2.0,254,death,0,1,monster,0,67,52,0:0|0:1|0:2|0:4|0:5|0:6|0:7|0:8|0:9|1:0|1:2|1:4|1:6|1:7|1:8|1:9|2:0|2:2|2:4|2:6|2:8|2:9|3:0|3:1|3:2|3:4|3:5|3:6|3:8|3:9|4:2|4:3|4:4|4:6|4:7|4:8|4:9|5:0|5:1|5:2|5:4|5:6|5:8|6:0|6:1|6:2|6:3|6:4|6:6|6:7|6:8|7:3,1439
373,2101,0.9079069767441861,0.0,0.0,0.0,0.0,66,death,0,1,monster,0,17,15,0:0|1:0|2:0|3:0|3:1|3:2|3:4|4:2|4:3|4:4|5:2|5:4|6:2|6:3|6:4,1439
374,2102,0.9076594148537134,0.0,0.0,0.0,0.0,99,death,0,1,monster,0,10,8,0:0|0:1|0:2|1:0|1:2|2:0|2:2|3:0,1439
375,2103,0.9074118529632408,2.0,2.0,0.0,2.0,350,truncated,0,0,,1,87,50,0:0|0:1|0:2|1:0|1:2|2:0|2:2|2:3|2:4|3:2|3:4|3:5|3:6|4:2|4:3|4:4|4:5|4:6|4:7|5:0|5:1|5:2|5:4|5:6|6:0|6:1|6:2|6:3|6:4|7:0|7:3|7:8|8:0|8:1|8:2|8:3|8:4|8:5|8:7|8:8|9:0|9:1|9:2|9:3|9:4|9:5|9:6|9:7|9:8|9:9,1441
376,2104,0.9071642910727682,3.0,3.0,0.0,3.0,330,victory,1,0,,0,73,61,0:0|0:1|0:2|0:4|0:5|0:6|0:7|0:8|1:2|1:4|1:6|1:7|1:8|1:9|2:2|2:3|2:4|2:6|2:8|2:9|3:5|3:6|3:8|3:9|4:5|4:6|4:7|4:8|4:9|5:0|5:1|5:6|5:8|5:9|6:0|6:1|6:6|6:7|6:8|6:9|7:0|7:5|7:6|7:8|7:9|8:0|8:1|8:2|8:3|8:4|8:5|8:8|8:9|9:0|9:1|9:2|9:3|9:4|9:5|9:8|9:9,1444
377,2105,0.9069167291822956,2.0,2.0,0.0,2.0,192,death,0,1,monster,0,54,39,0:0|1:0|2:0|3:0|3:1|3:2|4:2|4:3|5:0|5:1|5:2|6:0|6:1|6:2|6:3|6:4|7:0|7:3|7:8|7:9|8:0|8:1|8:2|8:3|8:4|8:5|8:7|8:8|8:9|9:0|9:1|9:2|9:3|9:4|9:5|9:6|9:7|9:8|9:9,1446
378,2106,0.906669167291823,2.0,2.0,0.0,2.0,350,truncated,0,0,,1,78,49,0:0|0:1|0:2|1:0|1:2|2:0|2:2|2:3|2:4|3:0|3:1|3:2|3:4|3:5|4:2|4:3|4:4|5:0|5:1|5:2|5:4|6:0|6:1|6:2|6:3|6:4|6:7|6:8|7:3|7:5|7:6|7:8|7:9|8:2|8:3|8:4|8:5|8:7|8:8|8:9|9:1|9:2|9:3|9:4|9:5|9:6|9:7|9:8|9:9,1447
379,2107,0.9064216054013503,1.0,1.0,0.0,1.0,87,death,0,1,monster,0,31,19,0:0|0:4|0:5|0:6|0:7|1:0|1:4|1:6|1:7|1:8|2:0|2:4|3:0|3:1|3:2|3:4|4:2|4:3|4:4,1452
380,2108,0.9061740435108777,1.0,1.0,0.0,1.0,350,truncated,0,0,,1,37,22,0:0|0:1|0:2|1:0|1:2|2:0|2:2|2:3|3:0|3:1|3:2|4:2|4:3|4:4|4:5|5:1|5:2|5:4|6:1|6:2|6:3|6:4,1453
381,2109,0.9059264816204051,2.0,2.0,0.0,2.0,350,truncated,0,0,,1,53,48,0:0|0:1|0:2|0:4|0:5|0:6|0:7|0:8|0:9|1:0|1:2|1:4|1:6|1:7|1:8|1:9|2:0|2:2|2:3|2:4|2:8|2:9|3:0|3:1|3:2|3:4|3:5|3:8|3:9|4:2|4:3|4:4|4:5|4:7|4:8|4:9|5:2|5:8|5:9|6:8|7:8|7:9|8:7|8:8|8:9|9:7|9:8|9:9,1453
382,2110,0.9056789197299325,1.0,1.0,0.0,1.0,105,death,0,1,monster,0,39,34,0:0|0:1|0:2|1:2|1:4|2:2|2:4|2:6|3:1|3:2|3:4|3:5|3:6|4:2|4:4|4:5|4:6|4:7|5:1|5:2|5:4|5:6|6:1|6:2|6:3|6:4|6:6|7:3|7:5|7:6|8:3|8:4|8:5|9:4,1453
383,2111,0.9054313578394598,2.0,2.0,0.0,2.0,350,truncated,0,0,,1,58,46,0:0|0:1|0:2|0:4|0:5|0:6|0:7|0:8|0:9|1:0|1:2|1:4|1:7|1:8|1:9|2:0|2:2|2:3|2:4|2:8|2:9|3:0|3:1|3:2|3:8|3:9|4:2|4:3|4:6|4:7|4:8|4:9|5:6|5:8|5:9|6:6|6:7|6:8|6:9|7:5|7:6|7:8|7:9|8:8|8:9|9:9,1454
384,2112,0.9051837959489872,3.0,3.0,0.0,3.0,282,victory,1,0,,0,66,46,0:0|0:1|0:2|0:4|0:5|0:6|0:7|0:8|0:9|1:0|1:2|1:4|1:6|1:7|1:8|1:9|2:0|2:2|2:3|2:4|2:6|2:8|2:9|3:0|3:1|3:2|3:4|3:5|3:6|3:8|3:9|4:2|4:3|4:4|4:5|4:8|4:9|5:1|5:2|5:8|5:9|6:1|6:2|6:8|7:8|8:8,1454
385,2113,0.9049362340585146,0.0,0.0,0.0,0.0,38,death,0,1,monster,0,14,12,0:0|0:1|0:2|1:0|1:2|1:4|2:2|2:3|2:4|3:2|3:4|3:5,1454
386,2114,0.904688672168042,1.0,1.0,0.0,1.0,350,truncated,0,0,,1,71,55,0:0|0:2|0:4|0:5|0:6|0:7|0:8|1:0|1:2|1:4|1:6|1:7|1:8|2:0|2:2|2:3|2:4|2:6|2:8|2:9|3:0|3:1|3:2|3:4|3:6|3:8|3:9|4:2|4:6|4:7|4:8|4:9|5:0|5:1|5:2|5:6|5:8|5:9|6:2|6:3|6:6|6:7|6:8|7:3|7:5|7:6|8:2|8:3|8:4|8:5|9:2|9:3|9:4|9:5|9:6,1460
387,2115,0.9044411102775693,3.0,3.0,0.0,3.0,290,victory,1,0,,0,83,65,0:0|0:1|0:2|0:4|0:5|0:6|0:7|1:0|1:2|1:4|2:0|2:2|2:3|2:4|3:0|3:2|3:4|3:5|3:6|3:9|4:2|4:3|4:4|4:5|4:6|4:7|4:8|4:9|5:0|5:1|5:2|5:6|5:8|5:9|6:0|6:1|6:2|6:3|6:6|6:7|6:8|6:9|7:0|7:3|7:5|7:8|7:9|8:0|8:1|8:2|8:3|8:5|8:7|8:8|8:9|9:0|9:1|9:2|9:3|9:4|9:5|9:6|9:7|9:8|9:9,1462
388,2116,0.9041935483870968,1.0,1.0,0.0,1.0,131,death,0,1,monster,0,39,33,0:0|0:1|0:2|0:4|0:5|0:6|0:7|0:8|0:9|1:2|1:4|1:6|1:7|1:8|1:9|2:2|2:3|2:4|2:8|2:9|3:8|3:9|4:6|4:7|4:8|4:9|5:6|5:8|5:9|6:6|6:7|6:8|6:9,1463
389,2117,0.9039459864966242,1.0,1.0,0.0,1.0,42,death,0,1,monster,0,23,18,0:0|1:0|2:0|3:0|3:1|3:2|4:2|4:3|4:4|5:0|5:1|5:2|5:4|6:0|6:1|6:2|6:3|6:4,1463
390,2118,0.9036984246061516,0.0,0.0,0.0,0.0,38,death,0,1,monster,0,14,12,0:0|0:1|0:2|1:0|1:2|2:2|2:3|3:2|3:4|4:2|4:3|4:4,1463
391,2119,0.9034508627156789,1.0,1.0,0.0,1.0,135,death,0,1,monster,0,41,30,0:0|0:1|0:2|1:2|2:2|3:0|3:1|3:2|4:2|4:3|4:4|4:5|4:6|5:0|5:1|5:2|5:4|6:0|6:1|6:2|6:3|6:4|7:0|8:0|8:1|8:2|8:3|8:4|9:0|9:1,1465
392,2120,0.9032033008252063,0.0,0.0,0.0,0.0,21,death,0,1,monster,0,11,6,0:0|0:1|0:2|1:2|2:2|2:3,1465
393,2121,0.9029557389347337,1.0,1.0,0.0,1.0,130,death,0,1,monster,0,43,37,0:0|0:1|1:0|2:0|2:2|3:0|3:1|3:2|3:5|3:6|4:2|4:3|4:5|4:6|5:2|5:6|6:2|6:3|6:4|6:6|6:7|6:8|7:3|7:5|7:6|7:8|8:1|8:2|8:3|8:4|8:5|8:8|9:1|9:2|9:3|9:7|9:8,1472
394,2122,0.9027081770442611,2.0,2.0,0.0,2.0,215,death,0,1,monster,0,50,40,0:0|0:1|0:4|0:5|0:6|0:7|1:0|1:4|1:7|1:8|2:0|2:2|2:3|2:4|2:8|3:0|3:1|3:2|3:8|3:9|4:8|4:9|5:6|5:8|5:9|6:6|6:7|6:8|6:9|7:6|7:8|7:9|8:7|8:8|8:9|9:5|9:6|9:7|9:8|9:9,1474
395,2123,0.9024606151537884,2.0,2.0,0.0,2.0,206,death,0,1,monster,0,66,49,0:0|0:1|0:2|0:4|0:5|0:6|0:7|1:2|1:4|1:7|1:8|2:2|2:3|2:4|2:8|2:9|3:2|3:6|3:8|3:9|4:6|4:7|4:8|4:9|5:6|5:8|5:9|6:6|6:8|6:9|7:5|7:6|7:8|7:9|8:0|8:1|8:2|8:3|8:4|8:5|8:7|8:8|8:9|9:0|9:1|9:6|9:7|9:8|9:9,1476
396,2124,0.9022130532633158,1.0,1.0,0.0,1.0,297,death,0,1,monster,0,50,37,0:0|0:1|0:2|0:4|0:5|0:6|1:0|1:2|1:4|1:6|2:0|2:2|2:3|2:4|2:6|3:0|3:1|3:2|3:4|3:5|3:6|4:2|4:3|4:4|4:6|5:0|5:1|5:2|5:4|5:6|6:0|6:1|6:2|6:3|6:4|6:6|7:0,1478
397,2125,0.9019654913728432,1.0,1.0,0.0,1.0,260,death,0,1,monster,0,61,48,0:0|0:1|0:2|0:4|0:5|1:2|1:4|2:2|2:3|2:4|2:6|3:0|3:1|3:2|3:4|3:5|3:6|4:2|4:3|4:4|4:5|4:6|5:0|5:1|5:2|5:4|5:6|6:0|6:1|6:2|6:3|6:4|6:6|7:0|7:3|7:5|7:6|8:0|8:1|8:2|8:3|8:4|8:5|9:1|9:2|9:3|9:4|9:5,1480
398,2126,0.9017179294823706,0.0,0.0,0.0,0.0,31,death,0,1,monster,0,13,11,0:0|0:1|0:2|0:4|0:5|1:0|1:2|1:4|2:2|2:3|2:4,1481
399,2127,0.901470367591898,2.0,2.0,0.0,2.0,305,death,0,1,monster,0,47,37,0:0|0:1|0:2|1:0|1:2|2:0|2:2|2:3|3:0|3:1|3:2|4:2|4:3|5:0|5:1|5:2|6:1|6:2|6:3|7:3|8:0|8:1|8:2|8:3|8:4|8:5|8:7|8:8|9:0|9:1|9:2|9:3|9:4|9:5|9:6|9:7|9:8,1484
400,2128,0.9012228057014253,2.0,2.0,0.0,2.0,227,death,0,1,monster,0,73,54,0:0|0:1|0:2|0:4|0:5|0:6|0:7|0:8|1:0|1:2|1:4|1:6|1:7|1:8|2:0|2:2|2:3|2:4|2:6|2:8|3:0|3:1|3:2|3:4|3:5|3:6|3:8|4:2|4:3|4:4|4:5|4:6|4:8|4:9|5:0|5:1|5:2|5:4|5:6|5:8|5:9|6:0|6:1|6:2|6:3|6:4|6:6|6:8|6:9|7:0|7:3|7:8|7:9|8:9,1485
401,2129,0.9009752438109527,2.0,2.0,0.0,2.0,350,truncated,0,0,,1,54,39,0:0|0:1|0:2|1:0|1:2|2:2|2:3|3:2|4:2|4:3|5:1|5:2|6:0|6:1|6:2|6:3|6:4|7:0|7:3|7:8|7:9|8:0|8:1|8:2|8:3|8:4|8:7|8:8|8:9|9:0|9:1|9:2|9:3|9:4|9:5|9:6|9:7|9:8|9:9,1485
402,2130,0.9007276819204801,1.0,1.0,0.0,1.0,95,death,0,1,monster,0,19,16,0:0|0:1|0:2|1:0|1:2|2:2|3:0|3:1|3:2|4:2|5:0|5:1|5:2|6:0|6:1|7:0,1485
403,2131,0.9004801200300075,2.0,2.0,0.0,2.0,299,death,0,1,monster,0,71,50,0:0|0:1|0:2|0:4|0:5|0:6|0:7|0:8|0:9|1:0|1:2|1:4|1:6|1:7|1:8|2:0|2:2|2:3|2:4|2:6|2:8|3:2|3:4|3:5|3:6|3:8|3:9|4:3|4:4|4:5|4:6|4:7|4:8|4:9|5:4|5:6|5:8|5:9|6:3|6:4|6:6|6:7|6:8|6:9|7:8|7:9|8:7|8:8|8:9|9:9,1487
404,2132,0.9002325581395348,2.0,2.0,0.0,2.0,299,death,0,1,monster,0,68,55,0:0|0:1|0:2|0:4|0:5|0:6|0:7|0:8|0:9|1:2|1:4|1:6|1:7|1:8|1:9|2:2|2:3|2:4|2:6|2:9|3:0|3:1|3:2|3:4|3:5|3:6|3:9|4:2|4:3|4:4|4:5|4:6|4:7|4:8|4:9|5:1|5:2|5:6|5:8|5:9|6:1|6:2|6:3|6:6|6:7|6:8|6:9|7:3|7:5|7:6|7:9|8:3|8:4|8:5|8:9,1488
405,2133,0.8999849962490623,0.0,0.0,0.0,0.0,100,death,0,1,monster,0,34,31,0:0|0:1|0:2|1:2|1:4|2:2|2:3|2:4|3:0|3:1|3:2|3:4|3:5|3:6|4:2|4:3|4:4|4:5|4:6|5:6|6:6|7:3|7:5|7:6|8:3|8:4|8:5|9:3|9:4|9:5|9:6,1490
406,2134,0.8997374343585897,0.0,0.0,0.0,0.0,26,death,0,1,monster,0,14,13,0:0|1:0|2:0|2:2|2:3|2:4|3:0|3:1|3:2|3:4|3:5|3:6|4:6,1490
407,2135,0.8994898724681171,2.0,2.0,0.0,2.0,212,death,0,1,monster,0,63,41,0:0|0:1|0:2|1:0|1:2|2:0|2:2|3:0|3:1|3:2|4:2|4:3|4:4|4:5|4:6|4:7|4:8|4:9|5:0|5:1|5:2|5:8|5:9|6:0|6:1|6:2|6:8|6:9|7:8|7:9|8:4|8:5|8:7|8:8|8:9|9:4|9:5|9:6|9:7|9:8|9:9,1496
408,2136,0.8992423105776444,1.0,1.0,0.0,1.0,347,death,0,1,monster,0,37,29,0:0|0:1|0:2|1:0|1:2|1:4|2:0|2:2|2:3|2:4|3:0|3:1|3:2|3:4|4:2|4:3|4:4|5:0|5:1|5:2|5:4|6:0|6:1|7:0|8:0|8:1|8:2|9:0|9:1,1499
409,2137,0.8989947486871718,2.0,2.0,0.0,2.0,339,death,0,1,monster,0,83,61,0:0|0:2|0:4|0:5|0:6|0:7|0:8|0:9|1:0|1:2|1:4|1:6|1:7|1:8|1:9|2:0|2:2|2:3|2:4|2:6|2:8|2:9|3:0|3:1|3:2|3:4|3:5|3:6|3:8|3:9|4:2|4:3|4:4|4:5|4:6|4:8|5:1|5:2|5:4|5:6|5:8|6:0|6:1|6:2|6:3|6:4|6:6|6:8|7:0|7:3|7:5|7:6|8:2|8:3|8:4|8:5|9:2|9:3|9:4|9:5|9:6,1504
410,2138,0.8987471867966992,2.0,2.0,0.0,2.0,295,death,0,1,monster,0,72,43,0:0|0:1|0:2|1:0|1:2|1:4|2:0|2:2|2:3|2:4|3:0|3:2|3:4|4:2|4:3|4:4|5:0|5:1|5:2|6:0|6:1|6:2|6:3|6:4|7:0|7:3|7:8|8:0|8:1|8:2|8:3|8:4|8:5|8:7|8:8|9:0|9:1|9:2|9:3|9:4|9:5|9:6|9:7,1509
411,2139,0.8984996249062266,1.0,1.0,0.0,1.0,350,truncated,0,0,,1,62,44,0:0|1:0|2:0|2:6|3:0|3:1|3:2|3:4|3:5|3:6|4:2|4:3|4:4|4:5|4:6|4:7|5:0|5:1|5:2|5:4|5:6|6:0|6:1|6:2|6:3|6:4|6:6|6:7|7:0|7:3|7:5|7:6|8:0|8:1|8:2|8:3|8:4|8:5|9:0|9:1|9:2|9:3|9:4|9:5,1509
412,2140,0.8982520630157539,2.0,2.0,0.0,2.0,350,truncated,0,0,,1,58,49,0:0|1:0|2:0|2:8|2:9|3:0|3:1|3:2|3:8|3:9|4:2|4:3|4:4|4:7|4:8|4:9|5:0|5:1|5:2|5:6|5:8|5:9|6:0|6:1|6:2|6:6|6:7|6:8|6:9|7:0|7:6|7:8|7:9|8:0|8:1|8:5|8:7|8:8|8:9|9:0|9:1|9:2|9:3|9:4|9:5|9:6|9:7|9:8|9:9,1510
413,2141,0.8980045011252813,1.0,1.0,0.0,1.0,95,death,0,1,monster,0,32,25,0:0|0:1|0:2|0:4|0:5|0:6|0:7|1:2|1:4|1:6|1:7|1:8|1:9|2:2|2:3|2:4|2:6|2:8|2:9|3:4|3:5|3:6|4:5|4:6|5:6,1512
414,2142,0.8977569392348087,2.0,2.0,0.0,2.0,196,death,0,1,monster,0,51,44,0:0|0:1|0:2|0:4|0:5|0:6|0:7|1:0|1:2|1:4|1:6|1:7|1:8|1:9|2:2|2:3|2:4|2:9|3:1|3:2|3:4|3:5|3:9|4:2|4:4|4:5|4:8|4:9|5:4|5:8|5:9|6:3|6:4|6:8|6:9|7:3|7:8|7:9|8:7|8:8|9:5|9:6|9:7|9:8,1517
415,2143,0.8975093773443361,0.0,0.0,0.0,0.0,77,death,0,1,monster,0,21,9,0:0|1:0|1:2|2:0|2:2|2:3|3:0|3:1|3:2,1519
416,2144,0.8972618154538634,2.0,2.0,0.0,2.0,350,truncated,0,0,,1,87,52,0:0|0:1|0:2|0:4|0:5|0:6|0:7|0:8|0:9|1:2|1:4|1:6|1:7|1:8|1:9|2:2|2:3|2:4|2:6|2:8|2:9|3:4|3:5|3:6|3:8|3:9|4:3|4:4|4:5|4:6|4:8|4:9|5:4|5:6|5:8|5:9|6:4|6:6|6:7|6:8|7:5|7:6|7:8|8:5|8:7|8:8|8:9|9:5|9:6|9:7|9:8|9:9,1529
417,2145,0.8970142535633908,0.0,0.0,0.0,0.0,168,death,0,1,monster,0,20,14,0:0|0:1|0:2|1:0|1:2|1:4|2:0|2:2|2:3|2:4|3:0|3:1|3:2|4:2,1529
418,2146,0.8967666916729182,3.0,3.0,0.0,3.0,261,victory,1,0,,0,64,49,0:0|0:1|0:2|0:6|0:7|0:8|0:9|1:0|1:2|1:6|1:7|1:8|1:9|2:2|2:3|2:4|2:6|2:8|2:9|3:0|3:1|3:2|3:4|3:5|3:6|3:8|3:9|4:2|4:4|4:6|4:7|4:8|4:9|5:0|5:1|5:2|5:4|5:6|5:9|6:0|6:1|6:2|6:3|6:4|6:9|7:0|7:8|7:9|8:8,1532
419,2147,0.8965191297824456,1.0,1.0,0.0,1.0,93,death,0,1,monster,0,40,24,0:0|0:1|0:2|0:4|0:5|1:0|1:2|1:4|2:2|2:3|2:4|3:2|3:4|3:5|4:2|4:3|4:4|5:0|5:1|5:2|6:0|6:1|6:2|7:0,1534
420,2148,0.896271567891973,1.0,1.0,0.0,1.0,128,death,0,1,monster,0,30,24,0:0|0:1|0:2|0:4|1:2|1:4|2:2|2:3|2:4|3:2|4:2|4:3|5:0|5:1|5:2|6:0|6:1|6:2|6:3|7:3|8:3|8:4|9:3|9:4,1535
421,2149,0.8960240060015003,2.0,2.0,0.0,2.0,350,truncated,0,0,,1,60,40,0:0|0:1|1:0|2:0|2:2|3:0|3:1|3:2|4:2|5:1|5:2|5:8|5:9|6:1|6:2|6:3|6:8|6:9|7:3|7:8|7:9|8:0|8:1|8:2|8:3|8:4|8:5|8:7|8:8|8:9|9:0|9:1|9:2|9:3|9:4|9:5|9:6|9:7|9:8|9:9,1537
422,2150,0.8957764441110277,0.0,0.0,0.0,0.0,118,death,0,1,monster,0,35,26,0:0|0:1|0:2|1:0|1:2|2:0|2:2|2:3|2:4|3:2|3:4|3:5|4:2|4:3|4:4|4:5|4:6|5:2|5:6|6:6|7:5|7:6|8:3|8:4|8:5|9:4,1539
423,2151,0.8955288822205552,2.0,2.0,0.0,2.0,163,death,0,1,monster,0,51,43,0:0|1:0|2:0|3:0|3:1|3:2|4:2|4:6|4:7|4:8|4:9|5:0|5:1|5:2|5:8|5:9|6:0|6:1|6:2|6:3|6:8|6:9|7:0|7:8|7:9|8:0|8:1|8:2|8:3|8:5|8:7|8:8|8:9|9:0|9:1|9:2|9:3|9:4|9:5|9:6|9:7|9:8|9:9,1545
424,2152,0.8952813203300826,1.0,1.0,0.0,1.0,29,death,0,1,monster,0,16,13,0:0|0:1|0:2|1:2|2:2|3:2|4:2|5:0|5:1|5:2|6:1|6:2|6:3,1545
425,2153,0.8950337584396099,1.0,1.0,0.0,1.0,350,truncated,0,0,,1,48,34,0:0|0:1|0:2|0:4|0:5|0:6|1:0|1:2|1:4|1:6|2:0|2:2|2:3|2:4|2:6|3:0|3:1|3:2|3:4|3:5|3:6|4:2|4:3|4:4|4:5|4:6|5:1|5:2|5:4|5:6|6:0|6:1|6:2|6:3,1545
426,2154,0.8947861965491373,0.0,0.0,0.0,0.0,25,death,0,1,monster,0,12,11,0:0|0:1|0:2|1:2|2:2|3:2|4:2|4:3|4:4|4:5|4:6,1545
427,2155,0.8945386346586647,1.0,1.0,0.0,1.0,101,death,0,1,monster,0,33,18,0:0|1:0|1:2|2:0|2:2|2:3|3:0|3:1|3:2|4:2|4:3|5:0|5:1|5:2|6:0|6:1|6:2|6:3,1548
428,2156,0.8942910727681921,2.0,2.0,0.0,2.0,97,death,0,1,monster,0,35,30,0:0|0:4|0:5|0:6|0:7|0:8|1:0|1:4|1:6|1:7|1:8|1:9|2:0|2:2|2:3|2:4|2:6|3:0|3:1|3:2|3:6|4:2|4:6|4:7|4:8|4:9|5:0|5:1|5:2|6:1,1549
429,2157,0.8940435108777194,2.0,2.0,0.0,2.0,350,truncated,0,0,,1,66,56,0:0|0:1|0:4|0:5|0:6|0:7|0:8|0:9|1:0|1:2|1:4|1:6|1:7|1:8|1:9|2:0|2:2|2:3|2:4|2:6|2:8|2:9|3:0|3:1|3:2|3:4|3:5|3:6|3:8|3:9|4:3|4:4|4:5|4:6|4:7|4:8|4:9|5:6|5:8|5:9|6:6|6:7|6:8|6:9|7:8|7:9|8:5|8:7|8:8|8:9|9:4|9:5|9:6|9:7|9:8|9:9,1549
430,2158,0.8937959489872468,2.0,2.0,0.0,2.0,350,truncated,0,0,,1,93,55,0:0|0:1|0:2|1:0|1:2|2:0|2:2|2:3|2:4|3:0|3:1|3:2|3:4|3:5|3:6|4:2|4:3|4:4|4:5|4:6|4:7|4:8|4:9|5:0|5:1|5:2|5:4|5:9|6:0|6:1|6:2|6:3|6:4|6:9|7:0|7:3|7:8|7:9|8:0|8:2|8:3|8:4|8:5|8:7|8:8|8:9|9:0|9:2|9:3|9:4|9:5|9:6|9:7|9:8|9:9,1561
431,2159,0.8935483870967742,3.0,3.0,0.0,3.0,195,victory,1,0,,0,66,49,0:0|0:1|0:2|0:6|0:7|0:8|1:0|1:2|1:6|1:7|1:8|2:2|2:3|2:4|2:6|2:8|3:2|3:4|3:5|3:6|3:8|3:9|4:2|4:3|4:4|4:5|4:6|4:7|4:8|4:9|5:4|5:6|5:8|5:9|6:1|6:2|6:3|6:4|6:6|6:7|6:8|6:9|7:3|7:6|7:8|7:9|8:3|8:8|9:3,1563
432,2160,0.8933008252063016,1.0,1.0,0.0,1.0,21,death,0,1,monster,0,14,12,0:0|0:1|0:2|1:2|2:2|3:2|4:2|5:1|5:2|6:0|6:1|6:2,1563
433,2161,0.893053263315829,1.0,1.0,0.0,1.0,350,truncated,0,0,,1,53,39,0:0|0:1|0:2|0:4|0:5|1:0|1:2|1:4|2:0|2:2|2:3|2:4|3:0|3:1|3:2|3:4|4:2|4:3|4:4|4:5|5:0|5:1|5:2|5:4|6:0|6:1|6:2|6:3|6:4|7:0|7:3|8:0|8:1|8:2|8:3|9:0|9:1|9:2|9:3,1563
434,2162,0.8928057014253563,2.0,2.0,0.0,2.0,163,death,0,1,monster,0,55,38,0:0|0:1|0:2|1:2|2:2|2:3|2:4|3:1|3:2|3:4|4:2|4:3|4:4|5:0|5:1|5:2|5:4|6:0|6:1|6:2|6:3|6:4|7:0|7:3|7:5|8:3|8:4|8:5|8:7|8:8|8:9|9:3|9:4|9:5|9:6|9:7|9:8|9:9,1567
435,2163,0.8925581395348837,1.0,1.0,0.0,1.0,83,death,0,1,monster,0,31,14,0:0|1:0|2:0|3:0|3:1|3:2|4:2|4:3|5:0|5:1|5:2|6:0|6:1|6:2,1568
436,2164,0.8923105776444111,1.0,1.0,0.0,1.0,141,death,0,1,monster,0,33,18,0:0|1:0|2:0|3:0|3:1|3:2|4:2|4:3|4:4|4:5|5:0|5:1|5:2|6:0|6:1|6:2|6:3|7:0,1568
437,2165,0.8920630157539384,1.0,1.0,0.0,1.0,350,truncated,0,0,,1,56,34,0:0|0:1|0:2|0:4|0:5|0:6|1:0|1:2|1:4|1:6|2:0|2:2|2:3|2:4|2:6|3:0|3:1|3:2|3:4|3:5|3:6|4:2|4:3|4:4|4:5|5:0|5:1|5:2|5:4|6:0|6:1|6:2|6:3|6:4,1568
438,2166,0.8918154538634658,1.0,1.0,0.0,1.0,186,death,0,1,monster,0,43,35,0:0|0:4|0:5|1:0|1:2|1:4|2:0|2:2|2:3|2:4|3:0|3:1|3:2|3:4|3:5|4:2|4:3|4:4|4:5|4:6|4:7|5:1|5:2|5:4|5:6|6:1|6:4|6:6|6:7|6:8|7:5|7:6|7:8|7:9|8:5,1571
439,2167,0.8915678919729932,0.0,0.0,0.0,0.0,125,death,0,1,monster,0,27,24,0:0|0:1|0:2|0:4|0:5|0:6|1:2|1:4|2:0|2:2|2:3|2:4|2:6|3:0|3:1|3:2|3:4|3:5|3:6|4:4|4:5|4:6|5:6|6:6,1571
440,2168,0.8913203300825207,1.0,1.0,0.0,1.0,35,death,0,1,monster,0,14,12,0:0|0:1|0:2|1:2|2:2|3:2|4:2|5:1|5:2|6:0|6:1|6:2,1572
441,2169,0.8910727681920481,2.0,2.0,0.0,2.0,350,truncated,0,0,,1,78,63,0:0|0:1|0:2|0:6|0:7|0:9|1:0|1:2|1:6|1:7|1:8|1:9|2:2|2:3|2:4|2:6|2:8|2:9|3:4|3:5|3:6|3:8|3:9|4:2|4:3|4:4|4:5|4:6|4:8|4:9|5:2|5:4|5:6|5:8|5:9|6:2|6:3|6:4|6:6|6:7|6:8|6:9|7:3|7:5|7:6|7:8|7:9|8:2|8:3|8:4|8:5|8:7|8:8|9:0|9:1|9:2|9:3|9:4|9:5|9:6|9:7|9:8|9:9,1581
442,2170,0.8908252063015754,2.0,2.0,0.0,2.0,256,death,0,1,monster,0,44,32,0:0|0:4|0:5|0:6|0:7|1:0|1:2|1:4|1:6|1:7|1:8|2:0|2:2|2:3|2:4|2:6|3:0|3:1|3:2|3:4|3:5|3:6|4:2|4:3|4:4|4:6|5:0|5:1|5:2|6:0|6:1|6:2,1582
443,2171,0.8905776444111028,2.0,2.0,0.0,2.0,350,truncated,0,0,,1,71,55,0:0|0:1|0:2|0:4|0:5|0:6|0:7|0:8|1:0|1:2|1:4|1:6|1:7|2:0|2:2|2:3|2:4|2:6|3:0|3:1|3:2|3:4|3:5|3:6|4:2|4:3|4:4|4:5|4:6|5:1|5:2|5:6|6:2|6:6|6:7|6:8|7:3|7:8|7:9|8:2|8:3|8:4|8:5|8:7|8:8|8:9|9:1|9:2|9:3|9:4|9:5|9:6|9:7|9:8|9:9,1583
444,2172,0.8903300825206302,2.0,2.0,0.0,2.0,350,truncated,0,0,,1,66,46,0:0|0:1|0:2|0:4|1:0|1:2|1:4|2:0|2:2|2:3|2:4|3:0|3:1|3:2|3:4|3:5|3:6|4:2|4:3|4:4|4:5|4:6|4:7|4:8|5:1|5:2|5:4|5:8|5:9|6:1|6:2|6:3|6:9|7:3|7:8|7:9|8:2|8:3|8:7|8:8|9:2|9:3|9:4|9:5|9:6|9:7,1584
445,2173,0.8900825206301576,1.0,1.0,0.0,1.0,146,death,0,1,monster,0,30,26,0:0|0:1|0:2|1:0|1:2|2:0|2:2|3:1|3:2|4:2|5:1|5:2|6:1|6:2|6:3|6:4|7:3|7:5|8:2|8:3|8:4|8:5|9:2|9:3|9:4|9:5,1586
446,2174,0.8898349587396849,3.0,3.0,0.0,3.0,252,victory,1,0,,0,53,45,0:0|0:1|0:2|0:4|0:5|0:6|0:7|0:8|0:9|1:0|1:2|1:4|1:6|1:7|1:8|1:9|2:0|2:2|2:3|2:4|2:8|2:9|3:0|3:1|3:2|3:4|3:8|4:2|4:3|4:4|4:5|4:6|4:7|4:8|5:0|5:1|5:2|5:4|5:6|6:1|6:6|6:7|6:8|7:8|8:8,1586
447,2175,0.8895873968492123,0.0,0.0,0.0,0.0,34,death,0,1,monster,0,7,6,0:0|0:1|0:2|1:0|1:2|2:2,1586
448,2176,0.8893398349587397,2.0,2.0,0.0,2.0,350,truncated,0,0,,1,82,69,0:0|0:1|0:2|0:6|0:7|0:8|0:9|1:0|1:2|1:4|1:6|1:7|1:8|1:9|2:0|2:2|2:3|2:4|2:6|2:8|2:9|3:0|3:1|3:2|3:4|3:5|3:6|3:8|3:9|4:2|4:3|4:4|4:5|4:6|4:8|4:9|5:0|5:1|5:2|5:4|5:8|5:9|6:0|6:1|6:2|6:3|6:4|6:6|6:7|6:8|6:9|7:0|7:3|7:5|7:6|7:9|8:0|8:1|8:2|8:3|8:4|8:5|9:0|9:1|9:2|9:3|9:4|9:5|9:6,1586
449,2177,0.8890922730682671,0.0,0.0,0.0,0.0,26,death,0,1,monster,0,11,8,0:0|0:1|0:2|1:2|2:2|2:3|2:4|3:2,1586
450,2178,0.8888447111777944,0.0,0.0,0.0,0.0,40,death,0,1,monster,0,17,10,0:0|0:1|0:2|1:2|2:2|2:3|2:4|3:4|3:5|4:5,1586
451,2179,0.8885971492873218,0.0,0.0,0.0,0.0,21,death,0,1,monster,0,12,12,0:0|0:1|0:2|1:0|1:2|2:0|2:2|2:3|2:4|3:4|4:4|4:5,1586
452,2180,0.8883495873968492,2.0,2.0,0.0,2.0,284,death,0,1,monster,0,55,47,0:0|0:1|0:2|1:2|2:2|3:0|3:1|3:2|3:9|4:2|4:8|4:9|5:2|5:9|6:0|6:1|6:2|6:3|6:4|6:6|6:7|6:8|6:9|7:0|7:5|7:6|7:8|7:9|8:0|8:1|8:2|8:3|8:4|8:5|8:7|8:8|8:9|9:0|9:1|9:2|9:3|9:4|9:5|9:6|9:7|9:8|9:9,1588
453,2181,0.8881020255063766,0.0,0.0,0.0,0.0,32,death,0,1,monster,0,7,5,0:0|0:1|0:2|1:0|1:2,1588
454,2182,0.887854463615904,0.0,0.0,0.0,0.0,121,death,0,1,monster,0,14,13,0:0|0:1|1:0|2:0|3:0|3:1|3:2|4:2|5:2|5:4|6:2|6:3|6:4,1588
455,2183,0.8876069017254313,0.0,0.0,0.0,0.0,40,death,0,1,monster,0,15,14,0:0|0:1|0:2|1:2|2:2|2:6|3:2|3:4|3:5|3:6|4:2|4:3|4:4|4:5,1588
456,2184,0.8873593398349587,0.0,0.0,0.0,0.0,32,death,0,1,monster,0,12,11,0:0|0:1|0:2|1:2|2:2|2:3|2:4|3:1|3:2|4:2|4:3,1588
457,2185,0.8871117779444861,0.0,0.0,0.0,0.0,41,death,0,1,monster,0,18,11,0:0|0:1|0:2|1:2|2:2|2:3|2:4|3:2|4:2|5:2|6:2,1588
458,2186,0.8868642160540134,1.0,1.0,0.0,1.0,220,death,0,1,monster,0,49,34,0:0|0:1|1:0|1:4|2:0|2:2|2:3|2:4|3:0|3:1|3:2|3:4|3:5|4:2|4:3|4:4|4:5|5:0|5:1|5:2|5:4|6:0|6:1|6:2|6:3|6:4|7:0|8:0|8:1|8:2|8:3|8:4|9:0|9:4,1588
459,2187,0.8866166541635409,2.0,2.0,0.0,2.0,252,death,0,1,monster,0,66,46,0:0|0:1|0:2|1:0|1:2|2:2|2:3|2:4|3:0|3:1|3:2|3:4|3:5|3:6|4:2|4:4|4:5|4:6|4:7|4:8|4:9|5:0|5:1|5:2|5:6|5:9|6:0|6:1|6:2|6:3|6:4|6:7|6:8|6:9|7:5|7:6|7:8|7:9|8:4|8:5|8:7|8:8|9:4|9:5|9:6|9:7,1593
460,2188,0.8863690922730683,0.0,0.0,0.0,0.0,137,death,0,1,monster,0,20,20,0:0|0:1|0:2|1:0|1:2|2:0|3:0|3:1|3:2|4:2|5:0|5:1|5:2|6:2|6:3|6:4|7:3|8:2|8:3|9:2,1595
461,2189,0.8861215303825957,2.0,2.0,0.0,2.0,268,death,0,1,monster,0,70,43,0:0|0:1|0:2|0:4|0:5|0:6|0:7|0:8|0:9|1:0|1:2|1:4|1:6|1:7|1:8|1:9|2:2|2:3|2:4|2:6|2:8|2:9|3:2|3:4|3:5|3:6|3:8|3:9|4:2|4:4|4:5|4:6|4:7|4:8|4:9|5:1|5:2|5:4|5:8|6:1|6:2|6:3|6:8,1612
462,2190,0.8858739684921231,0.0,0.0,0.0,0.0,84,death,0,1,monster,0,22,18,0:0|0:1|1:0|2:0|2:2|2:3|2:4|3:0|3:1|3:2|3:4|3:5|3:6|4:4|4:5|4:6|4:7|5:6,1612
463,2191,0.8856264066016504,2.0,2.0,0.0,2.0,131,death,0,1,monster,0,50,36,0:0|0:4|0:5|0:6|0:7|1:0|1:4|1:6|1:7|2:0|2:2|2:3|2:4|2:6|3:0|3:1|3:2|3:4|3:5|3:6|4:2|4:3|4:4|4:5|4:6|5:0|5:1|5:2|5:4|5:6|6:0|6:1|6:2|6:3|6:4|7:0,1613
464,2192,0.8853788447111778,2.0,2.0,0.0,2.0,280,death,0,1,monster,0,67,39,0:0|0:2|0:4|0:5|0:6|0:7|0:8|0:9|1:0|1:2|1:4|1:6|1:7|1:8|1:9|2:0|2:2|2:3|2:4|2:6|2:8|2:9|3:0|3:1|3:2|3:4|3:5|3:6|3:8|3:9|4:2|4:3|4:4|5:0|5:1|5:2|5:4|6:1|6:2,1621
465,2193,0.8851312828207052,0.0,0.0,0.0,0.0,17,death,0,1,monster,0,14,11,0:0|0:1|1:0|2:0|3:0|3:1|3:2|4:2|4:3|4:4|5:4,1622
466,2194,0.8848837209302326,2.0,2.0,0.0,2.0,160,death,0,1,monster,0,33,26,0:0|0:1|0:2|0:4|0:5|0:6|0:7|0:8|1:0|1:2|1:4|1:8|1:9|2:0|2:2|2:3|2:4|3:0|3:1|3:2|4:2|4:3|5:1|5:2|6:1|6:2,1624
467,2195,0.8846361590397599,2.0,2.0,0.0,2.0,182,death,0,1,monster,0,48,37,0:0|0:4|0:5|0:6|0:7|0:8|1:0|1:4|1:6|1:7|1:8|1:9|2:0|2:4|2:8|2:9|3:0|3:1|3:2|3:4|3:8|3:9|4:2|4:3|4:4|4:8|4:9|5:1|5:2|5:8|5:9|6:1|6:2|6:8|6:9|7:8|7:9,1626
468,2196,0.8843885971492873,1.0,1.0,0.0,1.0,260,death,0,1,monster,0,59,40,0:0|0:1|0:2|0:4|0:5|0:6|0:7|0:8|0:9|1:0|1:2|1:4|1:6|1:7|1:8|1:9|2:0|2:2|2:3|2:4|2:6|2:8|2:9|3:0|3:1|3:2|3:4|3:5|3:6|3:8|3:9|4:3|4:4|4:5|4:6|4:7|4:8|4:9|5:6|6:6,1629
469,2197,0.8841410352588147,1.0,1.0,0.0,1.0,203,death,0,1,monster,0,32,22,0:0|0:1|0:2|1:0|1:2|2:0|2:2|3:0|3:1|3:2|4:2|5:0|5:1|5:2|6:0|6:1|6:2|7:0|8:0|9:0|9:1|9:2,1633
470,2198,0.8838934733683421,2.0,2.0,0.0,2.0,125,death,0,1,monster,0,30,26,0:0|0:1|0:2|0:4|0:5|0:6|0:7|1:0|1:4|2:0|2:2|2:3|2:4|3:0|3:1|3:2|3:4|4:2|4:3|4:4|5:0|5:1|5:2|6:0|6:1|6:2,1633
471,2199,0.8836459114778694,1.0,1.0,0.0,1.0,84,death,0,1,monster,0,23,16,0:0|0:1|0:2|1:0|1:2|2:0|3:0|3:1|3:2|4:2|4:3|4:4|5:1|5:2|6:1|6:2,1633
472,2200,0.8833983495873968,0.0,0.0,0.0,0.0,45,death,0,1,monster,0,8,6,0:0|0:1|1:0|2:0|3:0|3:1,1633
473,2201,0.8831507876969242,2.0,2.0,0.0,2.0,252,death,0,1,monster,0,74,58,0:0|0:1|0:2|0:8|0:9|1:0|1:2|1:8|1:9|2:0|2:2|2:3|2:4|2:6|2:8|2:9|3:0|3:1|3:2|3:4|3:5|3:6|3:8|3:9|4:2|4:3|4:4|4:5|4:6|4:9|5:0|5:1|5:2|5:8|5:9|6:0|6:1|6:6|6:7|6:8|6:9|7:0|7:8|7:9|8:0|8:1|8:2|8:7|8:8|8:9|9:2|9:3|9:4|9:5|9:6|9:7|9:8|9:9,1633
474,2202,0.8829032258064516,1.0,1.0,0.0,1.0,148,death,0,1,monster,0,47,26,0:0|1:0|1:4|2:0|2:2|2:3|2:4|3:0|3:1|3:2|3:4|3:5|4:2|4:3|4:4|4:5|5:0|5:1|5:2|5:4|6:0|6:1|6:2|6:3|6:4|7:0,1638
475,2203,0.882655663915979,3.0,3.0,0.0,3.0,188,victory,1,0,,0,62,50,0:0|0:1|0:4|0:5|0:6|0:7|0:8|0:9|1:0|1:2|1:4|1:6|1:7|1:8|1:9|2:0|2:2|2:3|2:4|2:8|2:9|3:0|3:1|3:2|3:4|3:5|3:8|3:9|4:2|4:3|4:4|4:5|4:6|4:7|4:8|4:9|5:0|5:1|5:2|5:4|5:8|5:9|6:0|6:1|6:2|6:3|6:4|6:8|7:8|8:8,1638
476,2204,0.8824081020255063,2.0,2.0,0.0,2.0,149,death,0,1,monster,0,48,37,0:0|0:2|0:5|0:6|0:7|1:0|1:2|1:6|1:7|1:8|1:9|2:0|2:2|2:3|2:6|3:0|3:1|3:2|3:5|3:6|4:2|4:3|4:4|4:5|4:6|5:0|5:1|5:2|5:4|5:6|6:0|6:1|6:2|6:3|6:4|6:6|7:6,1638
477,2205,0.8821605401350338,2.0,2.0,0.0,2.0,350,truncated,0,0,,1,65,34,0:0|0:1|0:2|0:4|0:5|0:6|0:7|1:0|1:2|1:4|1:6|1:7|2:0|2:2|2:3|2:4|2:6|3:0|3:1|3:2|3:4|3:5|3:6|4:2|4:3|4:4|4:5|5:1|5:2|5:4|6:1|6:2|6:3|6:4,1638
478,2206,0.8819129782445612,1.0,1.0,0.0,1.0,154,death,0,1,monster,0,44,35,0:0|0:9|1:0|1:2|1:8|1:9|2:0|2:2|2:8|3:0|3:1|3:2|3:4|3:5|3:8|4:2|4:3|4:4|4:5|4:6|4:7|4:8|5:0|5:1|5:2|5:4|5:6|6:0|6:1|6:2|6:3|6:4|6:6|7:0|7:3,1640
479,2207,0.8816654163540885,2.0,2.0,0.0,2.0,212,death,0,1,monster,0,54,34,0:0|0:1|0:4|0:5|0:6|0:7|0:8|0:9|1:0|1:2|1:4|1:6|1:7|1:8|1:9|2:0|2:2|2:3|2:4|2:6|3:0|3:1|3:2|3:4|3:6|4:2|4:3|4:4|5:0|5:1|5:2|6:0|6:1|6:2,1640
480,2208,0.8814178544636159,1.0,1.0,0.0,1.0,170,death,0,1,monster,0,50,38,0:0|0:1|0:4|0:5|0:6|0:7|0:8|0:9|1:0|1:4|1:6|1:7|1:8|1:9|2:0|2:4|2:6|2:8|3:0|3:1|3:2|3:4|3:8|4:2|4:3|4:4|4:8|4:9|5:2|5:4|5:8|5:9|6:2|6:3|6:4|6:8|6:9|7:9,1645
481,2209,0.8811702925731433,1.0,1.0,0.0,1.0,242,death,0,1,monster,0,51,29,0:0|0:1|0:2|0:4|0:5|0:6|0:7|0:8|0:9|1:0|1:2|1:4|1:6|1:7|1:8|1:9|2:0|2:2|2:3|2:4|2:6|2:8|2:9|3:0|3:1|3:2|3:5|3:6|4:6,1653
482,2210,0.8809227306826707,2.0,2.0,0.0,2.0,212,death,0,1,monster,0,36,36,0:0|1:0|2:0|2:2|3:0|3:1|3:2|4:2|4:9|5:0|5:1|5:2|5:9|6:0|6:1|6:2|6:3|6:8|6:9|7:0|7:3|7:8|8:0|8:3|8:4|8:5|8:8|9:0|9:1|9:2|9:3|9:4|9:5|9:6|9:7|9:8,1654
483,2211,0.8806751687921981,1.0,1.0,0.0,1.0,104,death,0,1,monster,0,48,31,0:0|0:1|0:2|0:4|1:2|1:4|2:2|2:3|2:4|3:2|3:4|3:5|4:2|4:4|4:5|5:0|5:1|5:2|5:4|6:1|6:2|6:3|6:4|7:3|8:1|8:2|8:3|8:4|9:2|9:3|9:4,1656
484,2212,0.8804276069017254,1.0,1.0,0.0,1.0,87,death,0,1,monster,0,28,16,0:0|0:1|0:2|1:0|1:2|2:0|2:2|3:0|3:1|3:2|4:2|4:3|4:4|5:1|5:2|6:1,1656
485,2213,0.8801800450112528,2.0,2.0,0.0,2.0,146,death,0,1,monster,0,49,41,0:0|0:1|0:2|1:0|1:2|2:0|2:2|3:0|3:1|3:2|4:2|4:3|4:4|5:0|5:1|5:2|5:4|6:0|6:1|6:2|6:3|6:4|6:8|7:0|7:8|8:0|8:1|8:2|8:7|8:8|8:9|9:0|9:1|9:2|9:3|9:4|9:5|9:6|9:7|9:8|9:9,1656
486,2214,0.8799324831207802,3.0,3.0,0.0,3.0,137,victory,1,0,,0,55,49,0:0|0:1|0:5|0:6|0:7|1:0|1:6|2:0|2:6|3:0|3:1|3:2|3:5|3:6|4:2|4:3|4:4|4:5|4:6|5:2|5:6|5:8|5:9|6:0|6:1|6:2|6:3|6:6|6:7|6:8|6:9|7:0|7:8|7:9|8:0|8:1|8:2|8:3|8:7|8:8|8:9|9:2|9:3|9:4|9:5|9:6|9:7|9:8|9:9,1656
487,2215,0.8796849212303076,2.0,2.0,0.0,2.0,186,death,0,1,monster,0,51,30,0:0|0:1|0:2|0:5|0:6|0:7|1:0|1:2|1:6|1:7|1:8|2:0|2:2|2:3|2:6|3:0|3:1|3:2|3:4|3:5|3:6|4:2|4:3|4:4|5:0|5:1|5:2|6:0|6:1|6:2,1660
488,2216,0.8794373593398349,2.0,2.0,0.0,2.0,178,death,0,1,monster,0,49,38,0:0|0:4|0:5|0:6|0:7|0:8|1:0|1:4|1:6|1:7|1:8|2:0|2:2|2:3|2:4|2:8|2:9|3:0|3:1|3:2|3:4|3:9|4:2|4:3|4:4|4:7|4:8|4:9|5:0|5:1|5:2|5:4|6:0|6:1|6:2|6:3|6:4|7:0,1662
489,2217,0.8791897974493623,0.0,0.0,0.0,0.0,82,death,0,1,monster,0,35,23,0:0|0:1|1:0|2:0|2:2|3:0|3:1|3:2|3:4|3:5|3:6|4:2|4:3|4:4|4:5|4:6|4:7|5:2|5:6|6:2|6:6|6:7|6:8,1662
490,2218,0.8789422355588897,2.0,2.0,0.0,2.0,212,death,0,1,monster,0,57,46,0:0|0:4|0:5|0:6|0:7|0:8|0:9|1:0|1:4|1:6|1:7|1:8|1:9|2:0|2:2|2:3|2:4|2:6|2:8|2:9|3:0|3:1|3:2|3:4|3:5|3:6|3:8|3:9|4:2|4:4|4:8|4:9|5:0|5:1|5:2|5:4|5:9|6:0|6:1|6:2|6:3|6:4|6:9|7:0|7:3|7:9,1664
491,2219,0.8786946736684171,2.0,2.0,0.0,2.0,120,death,0,1,monster,0,52,38,0:0|1:0|1:6|2:0|2:2|2:6|3:0|3:1|3:2|3:6|4:2|4:3|4:4|4:5|4:6|4:7|4:8|5:0|5:1|5:2|5:4|5:6|5:8|5:9|6:0|6:1|6:2|6:4|6:6|6:7|6:8|6:9|7:0|7:8|7:9|8:8|8:9|9:8,1668
492,2220,0.8784471117779444,1.0,1.0,0.0,1.0,132,death,0,1,monster,0,25,19,0:0|0:1|0:2|1:0|1:2|2:0|2:2|2:3|3:0|3:1|3:2|4:2|4:3|5:0|5:1|5:2|6:0|6:1|6:2,1668
493,2221,0.8781995498874718,2.0,2.0,0.0,2.0,201,death,0,1,monster,0,61,43,0:0|0:1|0:2|0:4|0:5|0:6|0:7|0:8|0:9|1:0|1:2|1:4|1:7|1:8|1:9|2:2|2:3|2:4|2:8|2:9|3:2|3:4|3:5|3:6|3:8|3:9|4:5|4:6|4:7|4:8|4:9|5:8|5:9|6:7|6:8|6:9|7:8|7:9|8:8|8:9|9:7|9:8|9:9,1669
494,2222,0.8779519879969993,0.0,0.0,0.0,0.0,56,death,0,1,monster,0,10,6,0:0|0:1|1:0|2:0|3:0|3:1,1669
495,2223,0.8777044261065267,1.0,1.0,0.0,1.0,350,truncated,0,0,,1,48,32,0:0|0:1|0:2|1:0|1:2|2:0|2:2|2:3|3:0|3:1|3:2|4:2|4:3|5:0|5:1|5:2|6:0|6:1|6:2|6:3|6:4|7:0|7:3|8:1|8:2|8:3|8:4|9:1|9:2|9:3|9:4|9:5,1669
496,2224,0.8774568642160541,2.0,2.0,0.0,2.0,350,truncated,0,0,,1,57,37,0:0|0:1|0:2|1:0|1:2|2:0|2:2|2:3|3:0|3:1|3:2|4:2|4:3|5:0|5:1|5:2|6:0|6:1|6:2|7:0|8:0|8:1|8:2|8:3|8:4|8:5|8:7|8:8|9:0|9:1|9:2|9:3|9:4|9:5|9:6|9:7|9:8,1669
497,2225,0.8772093023255814,3.0,3.0,0.0,3.0,167,victory,1,0,,0,43,40,0:0|0:2|0:4|0:5|0:6|0:7|0:8|0:9|1:0|1:2|1:4|1:8|1:9|2:0|2:2|2:3|2:4|2:9|3:0|3:1|3:2|3:4|3:9|4:2|4:3|4:9|5:1|5:2|5:8|5:9|6:1|6:2|6:6|6:7|6:8|6:9|7:6|7:8|7:9|8:8,1669
498,2226,0.8769617404351088,2.0,2.0,0.0,2.0,191,death,0,1,monster,0,44,33,0:0|0:1|0:2|0:4|0:5|0:6|0:7|1:0|1:2|1:4|1:6|1:7|1:8|2:0|2:2|2:3|2:4|2:6|2:8|2:9|3:0|3:1|3:2|3:8|3:9|4:2|4:3|4:9|5:1|5:2|6:0|6:1|6:2,1669
499,2227,0.8767141785446362,0.0,0.0,0.0,0.0,19,death,0,1,monster,0,10,7,0:0|1:0|2:0|2:2|3:0|3:1|3:2,1669
500,2228,0.8764666166541635,2.0,2.0,0.0,2.0,172,death,0,1,monster,0,54,41,0:0|0:1|0:2|0:4|0:5|0:6|0:7|0:8|1:0|1:2|1:4|1:6|1:7|1:8|1:9|2:0|2:2|2:3|2:4|2:9|3:0|3:1|3:2|3:8|3:9|4:2|4:8|4:9|5:0|5:1|5:2|5:8|5:9|6:0|6:1|6:2|7:0|8:0|8:1|9:0|9:1,1670
501,2229,0.8762190547636909,2.0,2.0,0.0,2.0,350,truncated,0,0,,1,65,41,0:0|0:1|0:2|0:4|1:0|1:2|1:4|2:0|2:2|2:3|2:4|3:0|3:1|3:2|3:4|4:2|4:3|4:4|5:0|5:1|5:2|6:0|6:1|6:2|6:3|7:3|7:5|8:1|8:2|8:3|8:5|8:7|8:8|9:1|9:2|9:3|9:4|9:5|9:6|9:7|9:8,1670
502,2230,0.8759714928732183,0.0,0.0,0.0,0.0,123,death,0,1,monster,0,37,26,0:0|0:1|1:0|1:4|2:0|2:4|3:0|3:1|3:2|3:4|3:5|3:6|4:2|4:3|4:4|4:5|4:6|5:2|5:4|6:2|6:3|6:4|7:3|8:2|8:3|9:3,1670
503,2231,0.8757239309827457,2.0,2.0,0.0,2.0,75,death,0,1,monster,0,37,29,0:0|0:1|0:2|0:4|0:5|0:6|0:7|0:8|1:0|1:2|1:4|1:8|2:0|2:2|2:3|2:4|2:8|2:9|3:2|3:9|4:2|5:0|5:1|5:2|6:0|6:1|6:2|6:3|7:0,1672
504,2232,0.8754763690922731,2.0,2.0,0.0,2.0,350,truncated,0,0,,1,61,44,0:0|0:1|0:2|0:4|0:5|0:6|0:7|0:8|0:9|1:0|1:2|1:4|1:6|1:7|1:8|1:9|2:0|2:2|2:3|2:4|2:6|2:8|2:9|3:0|3:1|3:2|3:4|3:6|3:8|3:9|4:2|4:4|4:5|4:6|4:7|4:8|5:0|5:1|5:2|5:4|6:0|6:1|6:2|6:4,1672
505,2233,0.8752288072018004,2.0,2.0,0.0,2.0,260,death,0,1,monster,0,69,48,0:0|0:1|0:4|0:5|0:6|0:7|1:0|1:6|1:7|1:8|1:9|2:0|2:6|3:0|3:1|3:2|3:6|4:2|4:3|4:4|4:5|4:6|5:2|5:6|5:8|5:9|6:6|6:7|6:8|6:9|7:5|7:6|7:8|7:9|8:2|8:3|8:4|8:5|8:7|8:8|8:9|9:3|9:4|9:5|9:6|9:7|9:8|9:9,1677
506,2234,0.8749812453113278,1.0,1.0,0.0,1.0,113,death,0,1,monster,0,25,22,0:0|0:1|0:4|0:5|0:6|0:7|0:8|1:0|1:2|1:4|1:6|1:7|1:8|2:0|2:2|2:3|2:4|2:6|3:0|3:1|3:2|3:6,1678
507,2235,0.8747336834208552,3.0,3.0,0.0,3.0,214,victory,1,0,,0,55,51,0:0|0:1|0:4|0:5|0:6|0:7|0:8|0:9|1:0|1:4|1:6|1:9|2:0|2:3|2:4|2:8|2:9|3:0|3:1|3:2|3:4|3:5|3:6|3:8|3:9|4:2|4:4|4:5|4:6|4:7|4:8|4:9|5:0|5:1|5:2|5:4|5:6|5:8|5:9|6:0|6:1|6:2|6:3|6:4|6:6|6:7|6:8|6:9|7:0|7:8|8:8,1678
508,2236,0.8744861215303826,1.0,1.0,0.0,1.0,132,death,0,1,monster,0,40,26,0:0|0:1|0:2|1:0|1:2|1:4|2:0|2:2|2:3|2:4|3:0|3:1|3:2|3:4|3:5|3:6|4:2|4:3|4:4|5:2|5:4|6:1|6:2|6:3|6:4|7:3,1679
509,2237,0.87423855963991,1.0,1.0,0.0,1.0,350,truncated,0,0,,1,60,31,0:0|0:1|0:2|0:4|0:5|0:6|1:0|1:2|1:4|1:6|2:0|2:2|2:3|2:4|2:6|3:0|3:1|3:2|3:4|3:5|4:2|4:3|4:4|5:1|5:2|5:4|6:1|6:2|6:3|6:4|7:3,1682
510,2238,0.8739909977494373,2.0,2.0,0.0,2.0,263,death,0,1,monster,0,41,37,0:0|0:1|0:2|0:4|0:5|0:6|0:7|1:0|1:2|1:4|1:6|1:7|1:8|1:9|2:0|2:2|2:4|2:9|3:0|3:1|3:2|3:4|3:9|4:2|4:4|4:9|5:1|5:2|5:4|5:9|6:1|6:2|6:3|6:4|6:9|7:9|8:9,1682
511,2239,0.8737434358589647,0.0,0.0,0.0,0.0,108,death,0,1,monster,0,18,17,0:0|0:1|0:2|1:0|1:2|2:0|2:2|2:3|2:4|3:0|3:1|3:2|3:4|3:5|3:6|4:2|5:2,1682
512,2240,0.8734958739684922,1.0,1.0,0.0,1.0,52,death,0,1,monster,0,20,16,0:0|0:1|1:0|2:0|3:0|3:1|3:2|4:2|5:0|5:1|5:2|6:0|6:1|6:2|6:3|7:3,1682
513,2241,0.8732483120780195,0.0,0.0,0.0,0.0,55,death,0,1,monster,0,17,13,0:0|0:1|0:2|1:0|1:2|2:0|2:2|3:0|3:1|3:2|4:2|5:1|5:2,1682
514,2242,0.8730007501875469,1.0,1.0,0.0,1.0,258,death,0,1,monster,0,68,46,0:0|0:1|0:2|1:0|1:2|1:6|1:7|1:8|2:0|2:2|2:3|2:4|2:6|2:8|3:0|3:1|3:2|3:4|3:5|3:6|3:8|4:2|4:3|4:4|4:5|4:6|4:7|4:8|5:0|5:1|5:2|5:4|6:0|6:1|6:2|6:3|6:4|7:0|7:3|8:0|8:1|8:2|8:3|9:2|9:3|9:4,1684
515,2243,0.8727531882970743,1.0,1.0,0.0,1.0,123,death,0,1,monster,0,21,17,0:0|0:1|0:2|1:0|1:2|2:0|3:0|3:1|3:2|4:2|4:3|5:0|5:1|5:2|6:0|6:1|6:2,1684
516,2244,0.8725056264066017,3.0,3.0,0.0,3.0,329,victory,1,0,,0,65,49,0:0|0:4|0:5|0:6|0:7|0:8|0:9|1:0|1:4|1:6|1:7|1:8|1:9|2:0|2:2|2:3|2:4|2:6|2:8|2:9|3:0|3:1|3:2|3:4|3:5|3:6|3:8|3:9|4:2|4:3|4:6|4:7|4:8|4:9|5:0|5:1|5:2|5:8|5:9|6:0|6:1|6:2|6:3|6:8|6:9|7:8|7:9|8:8|8:9,1688
517,2245,0.8722580645161291,0.0,0.0,0.0,0.0,79,death,0,1,monster,0,14,6,0:0|0:1|0:2|1:0|1:2|2:0,1688
518,2246,0.8720105026256564,0.0,0.0,0.0,0.0,49,death,0,1,monster,0,10,6,0:0|0:1|0:2|1:0|2:0|3:0,1688
519,2247,0.8717629407351838,0.0,0.0,0.0,0.0,174,death,0,1,monster,0,25,19,0:0|0:1|0:2|1:0|1:2|2:0|2:2|2:3|3:0|3:1|3:2|4:2|5:2|5:4|6:2|6:3|6:4|7:3|8:3,1688
520,2248,0.8715153788447112,0.0,0.0,0.0,0.0,14,death,0,1,monster,0,10,9,0:0|0:1|0:2|1:2|2:2|3:2|4:2|4:3|5:2,1688
521,2249,0.8712678169542385,2.0,2.0,0.0,2.0,175,death,0,1,monster,0,54,38,0:0|0:1|0:2|0:4|0:5|0:6|0:7|1:0|1:2|1:4|1:6|1:7|1:8|1:9|2:0|2:2|2:3|2:4|2:6|2:9|3:0|3:1|3:2|3:4|3:9|4:2|4:3|4:4|4:8|4:9|5:0|5:1|5:2|5:4|5:9|6:0|6:1|7:0,1690
522,2250,0.871020255063766,1.0,1.0,0.0,1.0,72,death,0,1,monster,0,28,15,0:0|0:1|0:2|1:2|2:2|3:1|3:2|4:2|5:0|5:1|5:2|6:0|6:1|6:2|6:3,1690
523,2251,0.8707726931732933,0.0,0.0,0.0,0.0,74,death,0,1,monster,0,15,11,0:0|0:1|0:2|1:0|2:0|2:2|2:3|3:0|3:1|3:2|4:2,1690
524,2252,0.8705251312828207,3.0,3.0,0.0,3.0,159,victory,1,0,,0,46,43,0:0|0:1|0:2|0:4|0:5|0:6|0:7|0:8|0:9|1:2|1:4|1:9|2:2|2:3|2:4|2:8|2:9|3:0|3:1|3:2|3:4|3:8|4:2|4:3|4:4|4:8|5:0|5:1|5:2|5:4|5:8|5:9|6:0|6:1|6:2|6:3|6:4|6:8|6:9|7:3|7:8|7:9|8:8,1693
525,2253,0.8702775693923481,1.0,1.0,0.0,1.0,74,death,0,1,monster,0,20,16,0:0|0:1|1:0|1:2|2:0|2:2|3:0|3:1|3:2|4:2|4:3|4:4|5:1|5:2|6:1|6:2,1693
526,2254,0.8700300075018754,0.0,0.0,0.0,0.0,42,death,0,1,monster,0,23,21,0:0|0:1|0:2|1:2|2:2|3:2|3:5|3:6|4:2|4:3|4:4|4:5|4:6|4:7|4:8|4:9|5:6|5:8|5:9|6:6|6:9,1698
527,2255,0.8697824456114028,1.0,1.0,0.0,1.0,91,death,0,1,monster,0,29,25,0:0|0:1|0:2|1:2|1:6|2:0|2:2|2:6|3:0|3:1|3:2|3:5|3:6|4:2|4:3|4:4|4:5|4:6|4:7|5:1|5:2|6:0|6:1|6:2|7:0,1699
528,2256,0.8695348837209302,2.0,2.0,0.0,2.0,120,death,0,1,monster,0,51,38,0:0|1:0|2:0|2:2|3:0|3:1|3:2|4:2|4:8|4:9|5:1|5:2|5:8|5:9|6:0|6:1|6:8|6:9|7:0|7:8|7:9|8:0|8:1|8:2|8:5|8:7|8:8|8:9|9:0|9:1|9:2|9:3|9:4|9:5|9:6|9:7|9:8|9:9,1704
529,2257,0.8692873218304576,2.0,2.0,0.0,2.0,153,death,0,1,monster,0,47,32,0:0|0:1|0:2|1:2|2:2|2:3|2:4|3:0|3:1|3:2|4:2|4:3|5:1|5:2|6:1|6:2|6:3|7:3|7:8|8:2|8:3|8:4|8:8|8:9|9:2|9:3|9:4|9:5|9:6|9:7|9:8|9:9,1709
530,2258,0.8690397599399851,2.0,2.0,0.0,2.0,350,truncated,0,0,,1,74,49,0:0|0:1|0:2|0:4|0:5|0:6|0:7|1:0|1:2|1:4|1:6|1:7|1:8|2:0|2:2|2:3|2:4|2:6|2:8|3:0|3:1|3:2|3:4|3:5|3:6|3:8|4:2|4:3|4:4|4:5|4:8|5:0|5:1|5:2|5:4|5:6|5:8|6:0|6:1|6:2|6:3|6:4|6:6|6:7|6:8|6:9|7:6|7:8|7:9,1709
531,2259,0.8687921980495124,0.0,0.0,0.0,0.0,15,death,0,1,monster,0,9,5,0:0|0:1|0:2|1:2|2:2,1709
532,2260,0.8685446361590398,0.0,0.0,0.0,0.0,80,death,0,1,monster,0,11,11,0:0|0:1|0:2|1:0|2:0|2:2|2:3|2:4|3:0|3:1|3:2,1709
533,2261,0.8682970742685672,3.0,3.0,0.0,3.0,188,victory,1,0,,0,49,45,0:0|0:1|0:2|0:7|0:8|1:0|1:6|1:7|1:8|1:9|2:0|2:6|2:8|2:9|3:0|3:1|3:2|3:8|3:9|4:2|4:8|4:9|5:0|5:1|5:2|5:8|5:9|6:1|6:2|6:3|6:7|6:8|6:9|7:3|7:8|7:9|8:3|8:7|8:8|8:9|9:3|9:4|9:5|9:6|9:7,1712
534,2262,0.8680495123780945,2.0,2.0,0.0,2.0,218,death,0,1,monster,0,56,41,0:0|0:1|0:2|0:4|0:5|0:6|0:7|0:8|0:9|1:0|1:2|1:4|1:6|1:7|1:8|1:9|2:0|2:2|2:3|2:4|2:6|2:8|3:0|3:1|3:2|3:4|3:5|3:6|3:8|4:2|4:3|4:4|4:5|4:8|5:0|5:1|5:2|5:8|6:0|6:1|6:2,1712
535,2263,0.8678019504876219,0.0,0.0,0.0,0.0,22,death,0,1,monster,0,9,4,0:0|1:0|2:0|3:0,1713
536,2264,0.8675543885971493,1.0,1.0,0.0,1.0,153,death,0,1,monster,0,51,32,0:0|0:1|0:2|0:4|0:5|0:6|1:0|1:2|1:4|1:6|2:0|2:2|2:3|2:4|2:6|3:0|3:1|3:2|3:4|3:5|3:6|4:2|4:3|4:4|4:5|4:6|5:0|5:1|5:2|6:0|6:1|6:2,1714
537,2265,0.8673068267066767,3.0,3.0,0.0,3.0,313,victory,1,0,,0,90,53,0:0|0:4|0:5|0:6|0:7|0:8|0:9|1:0|1:4|1:6|1:7|1:8|1:9|2:0|2:2|2:3|2:4|2:6|2:8|2:9|3:0|3:1|3:2|3:4|3:5|3:6|3:8|3:9|4:2|4:3|4:4|4:5|4:6|4:7|4:8|4:9|5:0|5:1|5:2|5:6|5:8|5:9|6:1|6:2|6:3|6:6|6:7|6:8|7:3|7:5|7:6|7:8|8:8,1723
538,2266,0.8670592648162041,1.0,1.0,0.0,1.0,54,death,0,1,monster,0,23,16,0:0|0:1|1:0|2:0|2:2|3:0|3:1|3:2|4:2|5:0|5:1|5:2|6:0|6:1|6:2|7:0,1724
539,2267,0.8668117029257314,0.0,0.0,0.0,0.0,66,death,0,1,monster,0,10,10,0:0|1:0|2:0|2:2|2:3|2:4|3:0|3:1|3:2|3:4,1724
540,2268,0.8665641410352588,0.0,0.0,0.0,0.0,40,death,0,1,monster,0,20,10,0:0|0:1|1:0|1:2|2:0|2:2|2:3|3:0|3:1|3:2,1724
541,2269,0.8663165791447862,0.0,0.0,0.0,0.0,155,death,0,1,monster,0,15,15,0:0|0:1|0:2|1:0|1:2|2:0|2:2|3:0|3:1|3:2|4:2|4:3|4:4|5:2|5:4,1724
542,2270,0.8660690172543136,3.0,3.0,0.0,3.0,215,victory,1,0,,0,55,44,0:0|0:1|0:4|0:5|0:6|0:7|0:8|0:9|1:0|1:4|1:6|1:7|1:8|1:9|2:0|2:2|2:3|2:4|2:8|2:9|3:0|3:1|3:2|3:4|3:5|3:8|3:9|4:2|4:3|4:4|4:5|4:9|5:0|5:1|5:2|5:8|5:9|6:0|6:1|6:2|6:7|6:8|7:8|8:8,1726
543,2271,0.8658214553638409,2.0,2.0,0.0,2.0,251,death,0,1,monster,0,56,45,0:0|0:1|0:2|1:0|1:2|2:0|2:2|3:0|3:1|3:2|3:5|3:6|3:8|4:2|4:5|4:6|4:7|4:8|4:9|5:0|5:1|5:2|5:8|5:9|6:0|6:1|6:2|6:3|6:7|6:8|6:9|7:0|7:3|7:8|8:3|8:4|8:7|8:8|8:9|9:4|9:5|9:6|9:7|9:8|9:9,1728
544,2272,0.8655738934733683,0.0,0.0,0.0,0.0,76,death,0,1,monster,0,18,9,0:0|0:1|1:0|2:0|3:0|3:1|3:2|4:2|4:3,1729
545,2273,0.8653263315828957,3.0,3.0,0.0,3.0,336,victory,1,0,,0,71,58,0:0|0:1|0:2|0:4|0:6|0:7|0:8|0:9|1:0|1:4|1:6|1:7|1:8|1:9|2:0|2:4|2:6|2:8|2:9|3:0|3:1|3:2|3:4|3:5|3:6|3:8|3:9|4:2|4:3|4:4|4:5|4:6|4:7|4:8|4:9|5:0|5:1|5:2|5:4|5:6|5:8|5:9|6:1|6:2|6:3|6:4|6:8|6:9|7:3|7:8|8:1|8:2|8:3|8:8|9:0|9:1|9:2|9:3,1730
546,2274,0.8650787696924231,2.0,2.0,0.0,2.0,97,death,0,1,monster,0,32,32,0:0|0:1|0:2|0:4|0:5|0:6|0:7|0:8|0:9|1:0|1:2|1:4|1:6|1:7|1:8|2:2|2:6|2:8|3:2|3:5|3:6|3:8|4:2|4:3|4:4|4:5|4:6|4:8|5:8|6:8|7:8|8:8,1731
547,2275,0.8648312078019504,3.0,3.0,0.0,3.0,326,victory,1,0,,0,82,54,0:0|0:1|0:2|0:4|0:5|0:6|0:7|0:8|0:9|1:0|1:2|1:4|1:7|1:8|1:9|2:0|2:2|2:3|2:4|2:6|2:9|3:0|3:1|3:2|3:4|3:5|3:6|3:8|3:9|4:2|4:3|4:4|4:5|4:6|4:7|4:8|4:9|5:0|5:1|5:2|5:4|5:6|5:8|5:9|6:0|6:1|6:2|6:3|6:4|6:7|6:8|6:9|7:8|8:8,1732
548,2276,0.8645836459114778,2.0,2.0,0.0,2.0,173,death,0,1,monster,0,55,45,0:0|1:0|2:0|2:4|3:0|3:1|3:2|3:4|3:5|3:6|4:2|4:3|4:4|4:5|4:6|4:7|4:8|4:9|5:0|5:1|5:2|5:4|5:6|5:8|5:9|6:0|6:1|6:2|6:3|6:6|6:7|6:9|7:3|7:5|7:6|8:3|8:4|8:5|8:8|9:3|9:4|9:5|9:6|9:7|9:8,1734
549,2277,0.8643360840210053,0.0,0.0,0.0,0.0,99,death,0,1,monster,0,19,18,0:0|0:1|1:0|1:2|2:0|2:2|2:3|2:4|3:0|3:1|3:2|3:4|4:2|5:2|6:2|6:3|6:4|7:3,1734
550,2278,0.8640885221305327,2.0,2.0,0.0,2.0,181,death,0,1,monster,0,53,46,0:0|0:4|0:5|0:6|0:7|0:8|0:9|1:0|1:4|1:7|1:8|1:9|2:0|2:2|2:3|2:4|2:8|2:9|3:0|3:1|3:2|3:5|3:8|3:9|4:5|4:6|4:9|5:6|5:9|6:6|6:9|7:5|7:6|7:8|7:9|8:2|8:3|8:4|8:5|8:7|8:8|8:9|9:5|9:6|9:7|9:8,1736
551,2279,0.8638409602400601,3.0,3.0,0.0,3.0,242,victory,1,0,,0,60,53,0:0|0:1|0:2|0:7|1:0|1:2|1:6|1:7|2:0|2:2|2:3|2:6|3:0|3:1|3:2|3:4|3:5|3:6|4:2|4:3|4:4|4:5|4:6|4:7|4:8|4:9|5:1|5:2|5:6|5:8|5:9|6:1|6:2|6:3|6:6|6:7|6:8|6:9|7:3|7:5|7:6|7:8|7:9|8:3|8:4|8:5|8:8|8:9|9:4|9:5|9:6|9:7|9:8,1736
552,2280,0.8635933983495874,0.0,0.0,0.0,0.0,36,death,0,1,monster,0,13,11,0:0|0:1|0:2|1:0|1:2|2:2|2:3|2:4|3:2|4:2|5:2,1736
553,2281,0.8633458364591148,0.0,0.0,0.0,0.0,61,death,0,1,monster,0,18,16,0:0|0:1|0:2|1:0|1:2|2:0|2:2|3:0|3:1|3:2|4:2|4:3|4:4|5:4|6:3|6:4,1736
554,2282,0.8630982745686422,0.0,0.0,0.0,0.0,99,death,0,1,monster,0,14,12,0:0|0:1|0:2|1:0|1:2|2:0|2:2|2:3|2:4|3:0|3:1|3:2,1736
555,2283,0.8628507126781696,0.0,0.0,0.0,0.0,53,death,0,1,monster,0,14,13,0:0|0:1|1:0|2:0|3:0|3:1|3:2|3:5|3:6|4:2|4:3|4:4|4:5,1736
556,2284,0.8626031507876969,1.0,1.0,0.0,1.0,82,death,0,1,monster,0,34,20,0:0|0:1|0:2|1:2|2:0|2:2|2:3|2:4|3:0|3:1|3:2|3:4|4:2|4:3|4:4|5:0|5:1|5:2|6:1|6:2,1737
557,2285,0.8623555888972243,3.0,3.0,0.0,3.0,182,victory,1,0,,0,56,51,0:0|0:1|0:2|0:4|0:5|0:6|0:7|0:8|0:9|1:0|1:2|1:4|1:6|1:7|1:8|1:9|2:0|2:2|2:3|2:4|2:6|2:8|3:0|3:1|3:2|3:4|3:5|3:6|4:2|4:3|4:4|4:6|4:7|4:8|5:0|5:1|5:2|5:4|5:8|5:9|6:0|6:1|6:2|6:3|6:4|6:8|6:9|7:8|7:9|8:8|8:9,1738
558,2286,0.8621080270067517,3.0,3.0,0.0,3.0,157,victory,1,0,,0,55,39,0:0|0:4|0:5|0:6|0:7|1:0|1:4|1:6|1:7|2:0|2:2|2:3|2:4|2:6|3:0|3:1|3:2|3:4|3:5|3:6|4:2|4:3|4:4|4:5|4:6|5:1|5:2|5:4|5:6|5:8|6:0|6:1|6:2|6:3|6:6|6:7|6:8|7:8|8:8,1739
559,2287,0.8618604651162791,2.0,2.0,0.0,2.0,272,death,0,1,monster,0,48,42,0:0|0:1|0:2|0:4|0:5|0:6|0:7|0:8|0:9|1:0|1:2|1:4|1:8|1:9|2:0|2:2|2:3|2:4|2:8|2:9|3:0|3:1|3:2|3:4|3:5|3:6|3:8|3:9|4:2|4:3|4:4|4:5|4:6|4:7|4:8|5:0|5:1|5:2|6:0|6:1|6:2|7:0,1741
560,2288,0.8616129032258064,0.0,0.0,0.0,0.0,88,death,0,1,monster,0,17,14,0:0|0:1|0:2|1:0|1:2|2:0|2:2|3:0|3:1|3:2|4:2|4:3|5:1|5:2,1741
561,2289,0.8613653413353338,1.0,1.0,0.0,1.0,81,death,0,1,monster,0,25,16,0:0|1:0|2:0|2:2|2:3|2:4|3:0|3:1|3:2|4:2|4:3|5:0|5:1|5:2|6:1|6:2,1741
562,2290,0.8611177794448612,3.0,3.0,0.0,3.0,166,victory,1,0,,0,57,52,0:0|0:7|0:8|0:9|1:0|1:6|1:7|1:8|1:9|2:0|2:6|2:8|2:9|3:0|3:1|3:2|3:5|3:6|4:2|4:3|4:5|4:6|4:7|4:8|5:0|5:1|5:2|5:6|5:8|6:0|6:1|6:2|6:8|6:9|7:0|7:8|7:9|8:0|8:5|8:7|8:8|8:9|9:0|9:1|9:2|9:3|9:4|9:5|9:6|9:7|9:8|9:9,1741
563,2291,0.8608702175543885,1.0,1.0,0.0,1.0,264,death,0,1,monster,0,66,37,0:0|1:0|1:2|2:0|2:2|2:3|2:4|3:0|3:1|3:2|3:4|4:2|4:3|4:4|5:0|5:1|5:2|6:0|6:1|6:2|6:3|7:0|7:3|8:0|8:1|8:2|8:3|8:4|8:7|9:0|9:1|9:2|9:3|9:4|9:5|9:6|9:7,1743
564,2292,0.860622655663916,0.0,0.0,0.0,0.0,16,death,0,1,monster,0,9,8,0:0|1:0|2:0|2:2|3:0|3:1|3:2|4:2,1743
565,2293,0.8603750937734433,1.0,1.0,0.0,1.0,144,death,0,1,monster,0,54,38,0:0|0:5|0:6|0:7|0:8|0:9|1:0|1:6|1:7|1:8|1:9|2:0|2:2|2:3|2:4|2:6|2:8|2:9|3:0|3:1|3:2|3:4|3:5|3:6|3:8|4:2|4:5|4:6|4:7|4:8|4:9|5:6|5:8|5:9|6:8|6:9|7:8|7:9,1746
566,2294,0.8601275318829708,1.0,1.0,0.0,1.0,350,truncated,0,0,,1,50,26,0:0|0:1|0:2|1:0|1:2|2:0|2:2|2:3|2:4|3:0|3:1|3:2|3:4|4:2|4:3|4:4|5:0|5:1|5:2|5:4|6:0|6:1|6:2|6:3|6:4|7:0,1746
567,2295,0.8598799699924982,2.0,2.0,0.0,2.0,159,death,0,1,monster,0,48,34,0:0|1:0|2:0|3:0|3:1|3:2|4:2|5:0|5:1|5:2|6:0|6:1|6:2|6:3|7:0|7:3|7:8|8:0|8:1|8:2|8:3|8:4|8:5|8:7|8:8|8:9|9:2|9:3|9:4|9:5|9:6|9:7|9:8|9:9,1746
568,2296,0.8596324081020255,0.0,0.0,0.0,0.0,79,death,0,1,monster,0,19,19,0:0|0:1|0:2|1:0|2:0|3:0|3:1|3:2|4:2|4:3|4:4|5:1|5:2|5:4|6:3|6:4|7:3|8:3|8:4,1748
569,2297,0.8593848462115529,0.0,0.0,0.0,0.0,28,death,0,1,monster,0,9,8,0:0|0:1|0:2|1:0|1:2|2:2|2:3|3:2,1748
570,2298,0.8591372843210803,1.0,1.0,0.0,1.0,260,death,0,1,monster,0,49,40,0:0|0:1|0:2|0:4|0:5|0:6|0:7|1:0|1:4|2:0|2:2|2:3|2:4|3:0|3:1|3:2|3:4|3:5|3:6|4:2|4:3|4:4|4:5|5:0|5:1|5:2|5:4|6:0|6:1|6:2|6:3|6:4|7:0|7:3|8:0|8:2|8:3|9:0|9:1|9:2,1748
571,2299,0.8588897224306077,0.0,0.0,0.0,0.0,39,death,0,1,monster,0,11,7,0:0|0:1|0:2|1:0|1:2|2:0|2:2,1748
572,2300,0.8586421605401351,3.0,3.0,0.0,3.0,143,victory,1,0,,0,46,40,0:0|0:4|0:5|0:6|0:7|0:8|0:9|1:0|1:4|1:6|1:7|1:8|1:9|2:0|2:2|2:3|2:4|2:8|2:9|3:0|3:1|3:2|3:4|3:8|3:9|4:2|4:8|4:9|5:0|5:1|5:2|5:8|5:9|6:0|6:1|6:2|6:3|6:8|7:8|8:8,1748
573,2301,0.8583945986496624,1.0,1.0,0.0,1.0,350,truncated,0,0,,1,46,30,0:0|0:1|0:2|0:4|1:0|1:2|1:4|2:0|2:2|2:3|2:4|3:0|3:1|3:2|3:4|4:2|4:3|4:4|5:0|5:1|5:2|5:4|6:0|6:1|6:2|6:3|6:4|7:0|7:3|8:3,1748
574,2302,0.8581470367591898,1.0,1.0,0.0,1.0,350,truncated,0,0,,1,66,55,0:0|0:2|0:4|0:5|0:6|1:0|1:2|1:4|1:6|1:7|2:0|2:2|2:3|2:4|2:6|3:0|3:1|3:2|3:4|3:5|3:6|4:2|4:3|4:4|4:5|4:6|4:7|4:8|5:1|5:2|5:4|5:6|5:8|5:9|6:1|6:2|6:3|6:8|6:9|7:3|7:5|7:6|7:8|7:9|8:3|8:4|8:5|8:9|9:3|9:4|9:5|9:6|9:7|9:8|9:9,1748
575,2303,0.8578994748687172,1.0,1.0,0.0,1.0,152,death,0,1,monster,0,38,26,0:0|0:1|0:2|1:0|1:2|2:0|2:2|2:3|3:0|3:1|3:2|3:4|3:5|3:6|4:2|4:3|4:4|4:5|4:6|5:0|5:1|5:2|6:0|6:1|6:2|7:0,1748
576,2304,0.8576519129782445,3.0,3.0,0.0,3.0,223,victory,1,0,,0,56,41,0:0|0:2|0:4|0:5|0:6|0:7|1:0|1:2|1:4|1:6|1:7|1:8|1:9|2:0|2:2|2:3|2:4|2:8|2:9|3:0|3:1|3:2|3:4|3:8|3:9|4:2|4:3|4:9|5:0|5:1|5:2|5:8|5:9|6:0|6:1|6:2|6:8|6:9|7:8|7:9|8:8,1754
577,2305,0.857404351087772,2.0,2.0,0.0,2.0,182,death,0,1,monster,0,59,46,0:0|0:1|0:2|1:0|1:2|2:0|2:2|2:6|3:0|3:1|3:2|3:4|3:5|3:6|4:2|4:3|4:4|4:5|4:6|4:7|4:8|5:0|5:1|5:2|5:8|5:9|6:0|6:1|6:2|6:3|6:4|6:8|6:9|7:3|7:8|7:9|8:3|8:4|8:8|8:9|9:4|9:5|9:6|9:7|9:8|9:9,1758
578,2306,0.8571567891972993,1.0,1.0,0.0,1.0,69,death,0,1,monster,0,38,26,0:0|0:4|0:5|0:6|1:0|1:4|1:6|2:0|2:3|2:4|2:6|3:0|3:1|3:2|3:4|3:5|4:2|4:3|4:4|4:5|5:2|5:4|6:1|6:2|6:3|6:4,1760
579,2307,0.8569092273068267,0.0,0.0,0.0,0.0,83,death,0,1,monster,0,17,12,0:0|0:1|0:2|1:0|1:2|2:0|2:2|2:3|2:4|3:0|3:1|3:2,1761
580,2308,0.8566616654163541,0.0,0.0,0.0,0.0,51,death,0,1,monster,0,12,5,0:0|0:1|0:2|1:0|2:0,1761
581,2309,0.8564141035258814,3.0,3.0,0.0,3.0,311,victory,1,0,,0,81,55,0:0|0:1|0:2|0:4|0:5|0:6|0:7|0:8|1:0|1:2|1:4|1:6|1:7|1:8|1:9|2:0|2:2|2:4|2:6|2:8|2:9|3:0|3:1|3:2|3:4|3:5|3:6|3:8|3:9|4:2|4:3|4:4|4:5|4:6|4:7|4:8|4:9|5:4|5:6|5:8|5:9|6:1|6:2|6:3|6:4|6:8|6:9|7:8|7:9|8:7|8:8|8:9|9:7|9:8|9:9,1777
582,2310,0.8561665416354088,2.0,2.0,0.0,2.0,350,truncated,0,0,,1,67,40,0:0|0:2|0:4|0:5|0:6|0:7|0:8|0:9|1:0|1:2|1:4|1:6|1:7|1:8|1:9|2:0|2:2|2:3|2:4|2:6|2:8|2:9|3:0|3:1|3:2|3:4|3:5|3:6|3:8|3:9|4:2|4:3|4:4|4:8|5:0|5:1|5:2|6:0|6:1|6:2,1778
583,2311,0.8559189797449362,0.0,0.0,0.0,0.0,9,death,0,1,monster,0,7,3,0:0|1:0|2:0,1778
584,2312,0.8556714178544637,0.0,0.0,0.0,0.0,21,death,0,1,monster,0,7,4,0:0|0:1|1:0|2:0,1778
585,2313,0.855423855963991,1.0,1.0,0.0,1.0,190,death,0,1,monster,0,43,25,0:0|0:1|0:2|1:0|1:2|1:4|2:0|2:2|2:3|2:4|3:0|3:1|3:2|3:4|4:2|4:3|4:4|5:0|5:1|5:2|6:0|6:1|6:2|6:3|7:0,1778
586,2314,0.8551762940735184,0.0,0.0,0.0,0.0,72,death,0,1,monster,0,14,8,0:0|0:1|1:0|2:0|3:0|3:1|3:2|4:2,1778
587,2315,0.8549287321830458,2.0,2.0,0.0,2.0,350,truncated,0,0,,1,77,50,0:0|0:1|0:2|1:0|1:4|1:6|2:0|2:2|2:3|2:4|2:6|3:0|3:1|3:2|3:4|3:5|3:6|4:2|4:3|4:4|4:5|4:6|5:0|5:1|5:2|5:4|6:0|6:1|6:2|6:3|6:4|7:0|7:3|8:0|8:1|8:2|8:3|8:4|8:5|8:7|8:8|9:0|9:1|9:2|9:3|9:4|9:5|9:6|9:7|9:8,1778
588,2316,0.8546811702925732,1.0,1.0,0.0,1.0,350,truncated,0,0,,1,51,27,0:0|0:1|0:2|0:4|0:5|1:0|1:2|1:4|2:0|2:2|2:3|2:4|2:6|3:0|3:1|3:2|3:4|3:5|3:6|4:2|4:4|4:5|4:6|5:1|5:2|5:6|6:1,1781
589,2317,0.8544336084021005,2.0,2.0,0.0,2.0,350,truncated,0,0,,1,59,39,0:0|0:1|0:2|0:4|0:5|0:6|0:7|1:0|1:2|1:4|1:6|1:7|1:8|1:9|2:0|2:2|2:3|2:4|2:9|3:0|3:1|3:2|3:4|3:5|3:6|4:2|4:3|4:4|4:5|5:0|5:1|5:2|5:4|6:0|6:1|6:2|6:3|6:4|7:3,1781
590,2318,0.8541860465116279,1.0,1.0,0.0,1.0,275,death,0,1,monster,0,53,43,0:0|0:1|0:2|0:4|0:5|0:6|1:0|1:2|1:4|1:6|2:0|2:2|2:3|2:4|2:6|3:0|3:1|3:2|3:4|3:5|3:6|4:2|4:3|4:5|4:6|4:7|5:1|5:2|5:6|6:1|6:2|6:3|6:4|6:6|7:3|7:5|7:6|8:5|9:5|9:6|9:7|9:8|9:9,1782
591,2319,0.8539384846211553,1.0,1.0,0.0,1.0,94,death,0,1,monster,0,37,23,0:0|0:1|0:4|0:5|0:6|1:0|1:4|1:6|1:7|2:0|2:2|2:3|2:4|2:6|3:0|3:1|3:2|4:2|4:3|5:0|5:1|5:2|6:1,1785
592,2320,0.8536909227306827,1.0,1.0,0.0,1.0,243,death,0,1,monster,0,40,21,0:0|0:1|0:2|1:0|1:2|2:0|2:2|2:3|3:0|3:1|3:2|4:2|4:3|4:4|5:0|5:1|5:2|6:0|6:1|6:2|6:3,1787
593,2321,0.8534433608402101,1.0,1.0,0.0,1.0,166,death,0,1,monster,0,34,27,0:0|0:1|0:2|1:0|1:2|2:0|2:2|3:0|3:1|3:2|4:2|4:3|4:4|5:0|5:1|5:4|6:0|6:1|6:2|6:3|6:4|7:0|7:3|8:3|8:4|9:3|9:4,1787
594,2322,0.8531957989497374,0.0,0.0,0.0,0.0,44,death,0,1,monster,0,17,12,0:0|0:1|0:2|1:0|2:0|3:0|3:1|3:2|4:2|4:3|4:4|5:2,1787
595,2323,0.8529482370592648,0.0,0.0,0.0,0.0,60,death,0,1,monster,0,14,10,0:0|0:1|0:2|1:0|2:0|2:2|3:0|3:1|3:2|4:2,1787
596,2324,0.8527006751687922,3.0,3.0,0.0,3.0,276,victory,1,0,,0,68,51,0:0|0:7|1:0|1:6|1:7|2:0|2:2|2:6|3:0|3:1|3:2|3:4|3:5|3:6|3:8|4:2|4:3|4:4|4:5|4:6|4:7|4:8|5:0|5:1|5:2|5:4|5:8|6:0|6:1|6:2|6:3|6:4|6:8|6:9|7:0|7:3|7:8|7:9|8:2|8:3|8:4|8:5|8:8|9:1|9:2|9:3|9:4|9:5|9:6|9:7|9:8,1787
597,2325,0.8524531132783196,2.0,2.0,0.0,2.0,350,truncated,0,0,,1,56,31,0:0|0:1|0:2|0:4|0:5|0:6|0:7|1:0|1:2|1:4|1:6|1:7|1:8|2:0|2:2|2:3|2:4|2:6|3:0|3:1|3:2|4:2|4:3|4:4|5:0|5:1|5:2|6:0|6:1|6:2|6:3,1787
598,2326,0.8522055513878469,3.0,3.0,0.0,3.0,230,victory,1,0,,0,51,46,0:0|0:1|0:4|0:5|0:6|0:7|0:8|1:0|1:2|1:4|1:7|1:8|1:9|2:0|2:2|2:3|2:4|2:8|2:9|3:0|3:1|3:2|3:4|3:8|3:9|4:2|4:3|4:4|4:6|4:7|4:8|4:9|5:0|5:1|5:2|5:6|5:8|5:9|6:0|6:1|6:7|6:8|6:9|7:8|7:9|8:8,1787
599,2327,0.8519579894973743,1.0,1.0,0.0,1.0,73,death,0,1,monster,0,27,18,0:0|0:1|1:0|1:4|2:0|2:2|2:3|2:4|3:0|3:1|3:2|4:2|5:0|5:1|5:2|6:0|6:1|6:2,1787
600,2328,0.8517104276069017,0.0,0.0,0.0,0.0,96,death,0,1,monster,0,20,19,0:0|0:1|0:2|1:0|1:2|2:0|3:0|3:1|3:2|3:4|3:5|3:6|4:2|4:3|4:4|4:5|4:6|4:7|5:4,1787
601,2329,0.8514628657164292,3.0,3.0,0.0,3.0,152,victory,1,0,,0,44,39,0:0|0:1|0:4|0:5|0:6|0:7|0:8|1:0|1:2|1:4|1:8|1:9|2:0|2:2|2:3|2:4|2:8|2:9|3:0|3:1|3:2|3:4|3:8|3:9|4:2|4:3|4:4|4:8|4:9|5:0|5:1|5:2|5:8|5:9|6:1|6:9|7:9|8:8|8:9,1787
602,2330,0.8512153038259564,2.0,2.0,0.0,2.0,350,truncated,0,0,,1,67,47,0:0|0:1|0:2|0:4|0:5|0:6|0:7|0:8|1:0|1:2|1:4|1:6|1:7|1:8|1:9|2:0|2:2|2:3|2:4|2:6|2:8|2:9|3:0|3:1|3:2|3:4|3:6|3:8|3:9|4:2|4:3|4:5|4:6|4:7|4:8|4:9|5:0|5:1|5:2|5:8|5:9|6:1|6:2|6:3|6:8|6:9|7:9,1788
603,2331,0.8509677419354839,1.0,1.0,0.0,1.0,223,death,0,1,monster,0,43,24,0:0|0:1|0:2|1:0|1:2|2:0|2:2|2:3|2:4|2:6|3:0|3:1|3:2|3:4|3:5|3:6|4:2|4:3|5:1|5:2|6:0|6:1|6:2|6:3,1788
604,2332,0.8507201800450113,2.0,2.0,0.0,2.0,162,death,0,1,monster,0,65,42,0:0|0:1|0:2|1:2|2:2|2:3|2:4|3:1|3:2|4:2|4:3|4:4|5:1|5:2|5:4|6:0|6:1|6:2|6:3|6:4|7:0|7:3|7:5|7:8|7:9|8:0|8:1|8:2|8:3|8:4|8:5|8:7|8:8|8:9|9:2|9:3|9:4|9:5|9:6|9:7|9:8|9:9,1788
605,2333,0.8504726181545386,0.0,0.0,0.0,0.0,51,death,0,1,monster,0,27,19,0:0|0:1|1:0|1:4|2:0|2:2|2:3|2:4|3:0|3:1|3:2|3:4|3:5|4:2|4:3|4:4|4:5|5:2|5:4,1788
606,2334,0.8502250562640661,2.0,2.0,0.0,2.0,327,death,0,1,monster,0,46,37,0:0|0:4|0:5|0:6|0:7|1:0|1:2|1:4|1:7|1:8|1:9|2:0|2:2|2:3|2:4|2:8|2:9|3:0|3:1|3:2|3:4|3:5|3:6|4:2|4:3|4:4|4:5|5:0|5:1|5:2|5:4|6:0|6:1|6:2|6:4|7:0|8:0,1789
607,2335,0.8499774943735934,0.0,0.0,0.0,0.0,84,death,0,1,monster,0,17,14,0:0|1:0|1:2|2:0|2:2|2:3|2:4|3:0|3:1|3:2|4:2|4:3|4:4|5:4,1789
608,2336,0.8497299324831208,3.0,3.0,0.0,3.0,137,victory,1,0,,0,51,40,0:0|0:2|0:4|0:7|0:8|1:0|1:2|1:4|1:6|1:7|1:8|2:0|2:2|2:3|2:4|2:6|2:8|3:0|3:1|3:2|3:4|3:5|3:6|3:8|3:9|4:2|4:4|4:6|4:8|4:9|5:1|5:2|5:8|5:9|6:1|6:7|6:8|6:9|7:8|8:8,1789
609,2337,0.8494823705926482,1.0,1.0,0.0,1.0,350,truncated,0,0,,1,50,29,0:0|0:1|0:2|0:4|1:0|1:2|1:4|2:0|2:2|2:3|2:4|3:0|3:1|3:2|3:4|3:5|3:6|4:2|4:3|4:4|5:0|5:1|5:2|5:4|6:0|6:1|6:2|6:3|6:4,1789
610,2338,0.8492348087021755,2.0,2.0,0.0,2.0,151,death,0,1,monster,0,34,29,0:0|0:1|0:4|0:5|0:6|0:7|0:8|0:9|1:0|1:2|1:4|1:9|2:0|2:2|2:3|2:4|2:9|3:0|3:1|3:2|4:2|5:0|5:1|5:2|6:0|6:1|6:2|6:3|7:0,1790
611,2339,0.8489872468117029,1.0,1.0,0.0,1.0,52,death,0,1,monster,0,22,14,0:0|0:1|0:2|1:2|2:2|2:3|2:4|3:2|4:2|4:3|5:1|5:2|6:1|6:2,1790
612,2340,0.8487396849212303,1.0,1.0,0.0,1.0,32,death,0,1,monster,0,21,11,0:0|1:0|2:0|3:0|3:1|3:2|4:2|5:1|5:2|6:0|6:1,1790
613,2341,0.8484921230307577,1.0,1.0,0.0,1.0,107,death,0,1,monster,0,31,20,0:0|0:2|1:0|1:2|2:0|2:2|3:0|3:1|3:2|4:2|4:3|5:0|5:1|5:2|6:0|6:1|6:2|6:3|7:0|7:3,1792
614,2342,0.8482445611402851,0.0,0.0,0.0,0.0,26,death,0,1,monster,0,10,9,0:0|1:0|2:0|2:2|3:0|3:1|3:2|4:2|5:2,1792
615,2343,0.8479969992498124,0.0,0.0,0.0,0.0,27,death,0,1,monster,0,9,9,0:0|1:0|2:0|2:2|2:3|2:4|3:0|3:1|3:2,1792
616,2344,0.8477494373593398,2.0,2.0,0.0,2.0,350,truncated,0,0,,1,64,44,0:0|0:1|0:2|0:4|0:5|0:6|0:7|0:8|0:9|1:0|1:2|1:4|1:6|1:7|1:8|1:9|2:2|2:3|2:4|2:8|2:9|3:0|3:1|3:2|3:4|3:5|3:8|3:9|4:2|4:3|4:4|4:6|4:7|4:8|4:9|5:0|5:1|5:2|5:8|5:9|6:0|6:1|6:2|7:0,1793
617,2345,0.8475018754688672,1.0,1.0,0.0,1.0,75,death,0,1,monster,0,24,22,0:0|0:4|0:5|0:6|0:7|0:8|0:9|1:0|1:4|1:6|1:7|1:8|1:9|2:0|2:2|2:3|2:4|2:6|3:0|3:1|3:2|3:6,1793
618,2346,0.8472543135783945,1.0,1.0,0.0,1.0,98,death,0,1,monster,0,35,23,0:0|0:2|1:0|1:2|2:0|2:2|2:3|2:4|3:0|3:1|3:2|3:4|4:2|4:3|4:4|4:5|5:1|5:2|5:4|6:1|6:2|6:3|6:4,1793
619,2347,0.847006751687922,1.0,1.0,0.0,1.0,350,truncated,0,0,,1,34,25,0:0|0:1|0:2|1:0|1:2|2:0|2:2|2:3|2:4|3:0|3:1|3:2|3:4|3:5|4:2|4:3|4:4|4:5|5:0|5:1|5:2|6:0|6:1|6:2|7:0,1793
620,2348,0.8467591897974494,3.0,3.0,0.0,3.0,211,victory,1,0,,0,64,45,0:0|0:4|0:5|0:6|0:7|0:8|1:0|1:4|1:7|1:8|1:9|2:0|2:2|2:3|2:4|2:8|2:9|3:0|3:1|3:2|3:4|3:5|3:8|3:9|4:2|4:3|4:4|4:5|4:8|4:9|5:0|5:1|5:2|5:4|5:8|5:9|6:0|6:1|6:2|6:3|6:4|6:8|7:3|7:8|8:8,1793
621,2349,0.8465116279069768,3.0,3.0,0.0,3.0,183,victory,1,0,,0,55,42,0:0|0:1|0:2|0:4|0:5|0:6|0:7|1:0|1:2|1:4|1:6|1:7|1:8|2:0|2:2|2:3|2:4|2:8|3:0|3:1|3:2|3:4|3:8|4:2|4:4|4:8|5:0|5:1|5:2|5:4|5:8|5:9|6:0|6:1|6:2|6:3|6:4|6:7|6:8|6:9|7:8|8:8,1793
622,2350,0.8462640660165042,2.0,2.0,0.0,2.0,130,death,0,1,monster,0,38,27,0:0|0:4|0:5|0:6|0:7|1:0|1:4|1:6|1:7|2:0|2:4|3:0|3:1|3:2|3:4|4:2|4:3|4:4|4:5|5:0|5:1|5:2|5:4|6:1|6:2|6:3|6:4,1794
623,2351,0.8460165041260315,1.0,1.0,0.0,1.0,99,death,0,1,monster,0,24,16,0:0|0:1|0:2|1:2|2:2|3:1|3:2|4:2|5:2|5:4|6:1|6:2|6:3|6:4|7:3|8:3,1795
624,2352,0.8457689422355589,3.0,3.0,0.0,3.0,130,victory,1,0,,0,49,42,0:0|0:1|0:2|0:6|0:7|0:8|0:9|1:2|1:6|1:7|1:8|1:9|2:2|2:6|2:8|2:9|3:2|3:6|3:8|3:9|4:2|4:4|4:5|4:6|4:8|4:9|5:0|5:1|5:2|5:4|5:8|5:9|6:0|6:1|6:2|6:3|6:4|6:8|7:8|7:9|8:8|8:9,1795
625,2353,0.8455213803450863,0.0,0.0,0.0,0.0,28,death,0,1,monster,0,14,14,0:0|0:1|1:0|2:0|3:0|3:1|3:2|3:5|4:2|4:3|4:4|4:5|4:6|4:7,1795
626,2354,0.8452738184546137,2.0,2.0,0.0,2.0,230,death,0,1,monster,0,61,52,0:0|1:0|1:2|2:0|2:2|2:4|2:9|3:0|3:1|3:2|3:4|3:5|3:9|4:2|4:3|4:4|4:5|4:6|4:7|4:8|4:9|5:0|5:1|5:2|5:4|5:6|5:8|6:0|6:1|6:2|6:3|6:4|6:6|6:8|7:3|7:5|7:6|7:8|8:2|8:3|8:4|8:5|8:7|8:8|9:2|9:3|9:4|9:5|9:6|9:7|9:8|9:9,1796
627,2355,0.8450262565641411,3.0,3.0,0.0,3.0,144,victory,1,0,,0,50,41,0:0|0:4|0:5|0:6|0:7|0:8|0:9|1:0|1:2|1:4|1:7|1:8|1:9|2:0|2:2|2:3|2:4|2:8|3:0|3:1|3:2|3:4|3:5|3:8|4:2|4:3|4:4|4:8|5:0|5:1|5:2|5:4|5:8|6:0|6:1|6:2|6:4|6:7|6:8|7:8|8:8,1796
628,2356,0.8447786946736684,1.0,1.0,0.0,1.0,109,death,0,1,monster,0,37,33,0:0|0:4|0:5|0:6|0:7|0:8|0:9|1:0|1:2|1:4|1:6|1:7|1:8|1:9|2:0|2:2|2:3|2:4|2:6|2:8|2:9|3:0|3:1|3:2|3:4|3:5|3:6|3:8|3:9|4:4|4:6|4:7|4:8,1799
629,2357,0.8445311327831958,0.0,0.0,0.0,0.0,34,death,0,1,monster,0,13,11,0:0|0:1|1:0|1:4|2:0|2:2|2:3|2:4|3:0|3:1|3:2,1799
630,2358,0.8442835708927232,0.0,0.0,0.0,0.0,27,death,0,1,monster,0,8,8,0:0|1:0|2:0|2:2|2:3|3:0|3:1|3:2,1799
631,2359,0.8440360090022505,3.0,3.0,0.0,3.0,134,victory,1,0,,0,47,47,0:0|0:4|0:5|0:6|0:7|1:0|1:4|2:0|2:2|2:4|3:0|3:1|3:2|3:4|3:5|4:2|4:3|4:5|4:6|5:0|5:1|5:2|5:6|5:8|6:0|6:1|6:2|6:6|6:7|6:8|6:9|7:0|7:8|7:9|8:0|8:1|8:7|8:8|8:9|9:1|9:2|9:3|9:4|9:5|9:6|9:7|9:8,1800
632,2360,0.8437884471117779,1.0,1.0,0.0,1.0,116,death,0,1,monster,0,31,23,0:0|0:1|0:2|0:4|0:5|0:6|1:2|1:4|2:2|2:4|3:0|3:1|3:2|3:4|4:2|4:3|4:4|5:0|5:1|5:2|6:0|6:1|6:2,1800
633,2361,0.8435408852213053,1.0,1.0,0.0,1.0,350,truncated,0,0,,1,45,30,0:0|0:1|0:2|0:4|0:5|0:6|1:0|1:2|1:4|1:6|2:0|2:2|2:3|2:4|3:0|3:1|3:2|3:4|4:2|4:3|4:4|5:0|5:1|5:2|5:4|6:0|6:1|6:2|6:3|6:4,1800
634,2362,0.8432933233308327,1.0,1.0,0.0,1.0,42,death,0,1,monster,0,16,12,0:0|0:1|0:2|1:0|1:2|2:2|3:2|4:2|5:1|5:2|6:1|6:2,1801
635,2363,0.8430457614403601,0.0,0.0,0.0,0.0,30,death,0,1,monster,0,14,14,0:0|1:0|2:0|2:2|2:3|2:4|3:0|3:1|3:2|3:4|3:6|4:4|4:5|4:6,1801
636,2364,0.8427981995498874,3.0,3.0,0.0,3.0,293,victory,1,0,,0,63,51,0:0|0:1|0:2|0:4|0:5|0:6|0:7|0:8|0:9|1:0|1:2|1:4|1:6|1:7|1:8|1:9|2:0|2:2|2:3|2:4|2:6|2:9|3:0|3:1|3:2|3:4|3:5|3:6|3:8|3:9|4:2|4:3|4:4|4:8|4:9|5:0|5:1|5:2|5:8|5:9|6:0|6:1|6:2|6:3|6:4|6:8|6:9|7:0|7:3|7:8|8:8,1801
637,2365,0.8425506376594148,1.0,1.0,0.0,1.0,44,death,0,1,monster,0,20,14,0:0|0:1|0:2|1:2|2:2|3:1|3:2|4:2|5:0|5:2|6:0|6:1|6:2|7:0,1802
638,2366,0.8423030757689423,0.0,0.0,0.0,0.0,76,death,0,1,monster,0,13,10,0:0|0:1|0:2|1:0|1:2|2:0|2:2|3:0|3:1|3:2,1802
639,2367,0.8420555138784697,1.0,1.0,0.0,1.0,158,death,0,1,monster,0,59,40,0:0|0:4|0:5|0:6|0:7|0:8|1:0|1:4|1:6|1:7|1:8|2:0|2:2|2:3|2:4|2:6|2:8|3:0|3:1|3:2|3:4|3:5|3:6|3:8|4:2|4:3|4:4|4:5|4:6|4:7|4:8|5:2|5:6|5:8|6:6|6:7|6:8|6:9|7:8|7:9,1807
640,2368,0.841807951987997,3.0,3.0,0.0,3.0,189,victory,1,0,,0,56,47,0:0|0:1|0:2|0:4|0:5|0:6|0:7|0:8|0:9|1:0|1:2|1:4|1:6|1:7|1:8|1:9|2:0|2:3|2:4|2:8|2:9|3:0|3:1|3:2|3:4|3:8|4:2|4:3|4:4|4:5|4:6|4:7|4:8|4:9|5:0|5:1|5:2|5:6|5:8|5:9|6:1|6:2|6:6|6:7|6:8|7:8|8:8,1809
641,2369,0.8415603900975244,3.0,3.0,0.0,3.0,156,victory,1,0,,0,44,37,0:0|0:4|0:5|0:6|0:7|1:0|1:4|1:6|1:7|1:8|2:0|2:2|2:4|2:6|2:8|2:9|3:0|3:1|3:2|3:4|3:8|3:9|4:2|4:3|4:4|4:8|4:9|5:0|5:1|5:2|5:8|6:0|6:1|6:2|6:8|7:8|8:8,1809
642,2370,0.8413128282070518,3.0,3.0,0.0,3.0,137,victory,1,0,,0,42,42,0:0|0:7|1:0|1:6|1:7|2:0|2:6|3:0|3:1|3:2|3:6|4:2|4:3|4:6|5:1|5:2|5:6|5:8|5:9|6:1|6:2|6:3|6:4|6:6|6:7|6:8|6:9|7:3|7:6|7:8|7:9|8:3|8:4|8:5|8:7|8:8|8:9|9:4|9:5|9:6|9:7|9:8,1809
643,2371,0.8410652663165792,0.0,0.0,0.0,0.0,68,death,0,1,monster,0,16,12,0:0|0:1|0:2|1:0|1:2|2:0|3:0|3:1|3:2|4:2|4:3|5:2,1809
644,2372,0.8408177044261065,2.0,2.0,0.0,2.0,216,death,0,1,monster,0,69,54,0:0|0:1|1:0|2:0|3:0|3:1|3:2|3:5|3:6|4:2|4:3|4:4|4:5|4:6|4:7|4:8|4:9|5:1|5:2|5:4|5:6|5:8|5:9|6:0|6:1|6:2|6:3|6:4|6:6|6:7|6:8|6:9|7:0|7:3|7:5|7:6|7:8|8:0|8:1|8:2|8:3|8:4|8:5|8:7|8:8|9:0|9:1|9:2|9:3|9:4|9:5|9:6|9:7|9:8,1815
645,2373,0.8405701425356339,1.0,1.0,0.0,1.0,350,truncated,0,0,,1,53,39,0:0|0:1|0:2|1:0|1:2|1:4|2:0|2:2|2:3|2:4|3:0|3:1|3:2|3:4|3:5|4:2|4:3|4:4|4:5|5:0|5:1|5:2|5:4|6:1|6:2|6:3|6:4|7:3|8:0|8:1|8:2|8:3|8:4|8:5|9:2|9:3|9:4|9:5|9:6,1815
646,2374,0.8403225806451613,3.0,3.0,0.0,3.0,163,victory,1,0,,0,70,52,0:0|0:1|0:2|0:4|0:5|0:6|0:7|0:8|0:9|1:0|1:2|1:4|1:6|1:7|1:8|1:9|2:0|2:2|2:3|2:4|2:6|2:8|2:9|3:2|3:4|3:5|3:6|3:8|3:9|4:2|4:3|4:4|4:5|4:6|4:7|4:8|5:1|5:2|5:4|5:8|6:0|6:1|6:2|6:3|6:4|6:8|6:9|7:3|7:8|7:9|8:8|8:9,1819
647,2375,0.8400750187546886,1.0,1.0,0.0,1.0,259,death,0,1,monster,0,35,18,0:0|0:1|0:2|1:0|1:2|2:0|2:2|3:0|3:1|3:2|4:2|5:1|5:2|6:0|6:1|6:2|6:3|6:4,1819
648,2376,0.8398274568642161,3.0,3.0,0.0,3.0,192,victory,1,0,,0,55,43,0:0|0:1|0:2|0:4|0:5|0:6|0:7|0:8|1:0|1:2|1:4|1:8|2:2|2:3|2:4|2:8|2:9|3:2|3:4|3:8|3:9|4:2|4:3|4:4|4:8|4:9|5:1|5:2|5:4|5:8|5:9|6:0|6:1|6:2|6:3|6:4|6:8|6:9|7:0|7:3|7:8|7:9|8:8,1820
649,2377,0.8395798949737434,1.0,1.0,0.0,1.0,165,death,0,1,monster,0,38,35,0:0|0:1|0:2|1:0|2:0|3:0|3:1|3:2|4:2|4:3|5:1|5:2|5:4|6:2|6:3|6:4|6:8|7:3|7:8|7:9|8:2|8:3|8:4|8:5|8:7|8:8|8:9|9:2|9:3|9:4|9:5|9:6|9:7|9:8|9:9,1822
650,2378,0.8393323330832708,0.0,0.0,0.0,0.0,50,death,0,1,monster,0,9,8,0:0|0:1|1:0|2:0|2:2|3:0|3:1|3:2,1822
651,2379,0.8390847711927982,3.0,3.0,0.0,3.0,146,victory,1,0,,0,53,40,0:0|0:1|0:2|0:4|0:5|0:6|0:7|0:8|0:9|1:0|1:4|1:8|2:0|2:2|2:3|2:4|2:8|3:0|3:1|3:2|3:4|3:8|3:9|4:2|4:3|4:7|4:8|4:9|5:0|5:1|5:2|5:8|6:1|6:2|6:7|6:8|6:9|7:8|7:9|8:8,1823
652,2380,0.8388372093023255,3.0,3.0,0.0,3.0,148,victory,1,0,,0,52,40,0:0|0:4|0:5|0:6|0:7|0:8|1:0|1:4|1:6|1:7|1:8|1:9|2:0|2:2|2:3|2:4|2:6|2:8|2:9|3:0|3:1|3:2|3:4|3:6|3:8|3:9|4:2|4:6|4:8|5:0|5:1|5:2|5:8|6:0|6:1|6:2|6:8|7:0|7:8|8:8,1824
653,2381,0.8385896474118529,3.0,3.0,0.0,3.0,253,victory,1,0,,0,63,47,0:0|0:4|0:5|0:6|0:7|0:8|0:9|1:0|1:6|1:7|1:8|1:9|2:0|2:6|2:8|3:0|3:1|3:2|3:4|3:5|3:6|3:8|3:9|4:2|4:3|4:4|4:5|4:6|4:7|4:8|4:9|5:0|5:1|5:2|5:4|5:8|5:9|6:0|6:1|6:2|6:3|6:8|6:9|7:3|7:8|7:9|8:8,1825
654,2382,0.8383420855213803,2.0,2.0,0.0,2.0,181,death,0,1,monster,0,48,38,0:0|0:1|0:2|1:2|2:2|2:3|2:4|3:2|4:2|5:0|5:1|5:2|6:0|6:1|6:2|6:3|6:9|7:0|7:3|7:5|7:9|8:1|8:2|8:3|8:4|8:5|8:7|8:8|8:9|9:1|9:2|9:3|9:4|9:5|9:6|9:7|9:8|9:9,1828
655,2383,0.8380945236309078,0.0,0.0,0.0,0.0,79,death,0,1,monster,0,17,13,0:0|1:0|2:0|2:2|3:0|3:1|3:2|4:2|5:1|5:2|6:2|6:3|6:4,1828
656,2384,0.8378469617404352,0.0,0.0,0.0,0.0,59,death,0,1,monster,0,24,19,0:0|1:0|2:0|3:0|3:1|3:2|4:2|5:2|6:2|6:3|6:4|7:3|8:1|8:2|8:3|9:0|9:1|9:2|9:3,1830
657,2385,0.8375993998499625,0.0,0.0,0.0,0.0,26,death,0,1,monster,0,10,9,0:0|1:0|2:0|3:0|3:1|3:2|4:2|4:3|4:4,1830
658,2386,0.8373518379594899,2.0,2.0,0.0,2.0,84,death,0,1,monster,0,41,32,0:0|0:4|0:5|0:6|0:7|0:8|1:0|1:4|1:6|1:7|1:8|2:0|2:2|2:3|2:4|2:6|2:8|3:0|3:1|3:2|3:8|3:9|4:2|4:3|4:7|4:8|4:9|5:0|5:1|5:2|6:1|6:2,1830
659,2387,0.8371042760690173,3.0,3.0,0.0,3.0,168,victory,1,0,,0,69,60,0:0|0:1|0:2|0:4|0:5|0:6|0:7|1:2|1:6|1:7|1:8|1:9|2:2|2:6|2:8|3:1|3:2|3:4|3:5|3:6|3:8|4:2|4:3|4:4|4:5|4:6|4:7|4:8|4:9|5:4|5:6|5:8|5:9|6:0|6:1|6:3|6:4|6:6|6:9|7:0|7:3|7:5|7:6|7:8|7:9|8:0|8:1|8:2|8:3|8:4|8:5|8:7|8:8|9:2|9:3|9:5|9:6|9:7|9:8|9:9,1831
660,2388,0.8368567141785446,3.0,3.0,0.0,3.0,256,victory,1,0,,0,53,40,0:0|0:1|0:4|0:5|0:6|0:7|1:0|1:2|1:4|1:7|1:8|2:0|2:2|2:3|2:4|2:8|2:9|3:0|3:1|3:2|3:4|3:8|4:2|4:3|4:4|4:8|4:9|5:1|5:2|5:4|5:8|6:0|6:1|6:2|6:3|6:4|6:8|7:8|7:9|8:8,1831
661,2389,0.8366091522880721,3.0,3.0,0.0,3.0,218,victory,1,0,,0,62,60,0:0|0:1|0:2|0:7|1:0|1:6|1:7|2:0|2:4|2:6|2:8|2:9|3:0|3:1|3:2|3:4|3:5|3:6|3:8|3:9|4:2|4:4|4:5|4:6|4:7|4:8|4:9|5:1|5:2|5:6|5:8|5:9|6:0|6:1|6:2|6:6|6:7|6:8|6:9|7:0|7:3|7:5|7:6|7:8|7:9|8:0|8:1|8:2|8:3|8:4|8:5|8:7|8:8|8:9|9:2|9:3|9:4|9:5|9:6|9:7,1831
662,2390,0.8363615903975994,0.0,0.0,0.0,0.0,31,death,0,1,monster,0,13,8,0:0|0:1|0:2|1:2|2:2|3:1|3:2|4:2,1831
663,2391,0.8361140285071268,3.0,3.0,0.0,3.0,141,victory,1,0,,0,50,40,0:0|0:1|0:2|0:4|0:5|0:6|0:7|0:8|0:9|1:2|1:4|1:6|1:7|1:8|1:9|2:2|2:3|2:4|2:8|2:9|3:0|3:1|3:2|3:8|3:9|4:2|4:7|4:8|4:9|5:0|5:1|5:2|5:8|5:9|6:1|6:2|6:8|6:9|7:8|8:8,1831
664,2392,0.8358664666166542,0.0,0.0,0.0,0.0,39,death,0,1,monster,0,14,12,0:0|0:2|1:0|1:2|2:0|2:2|2:3|2:4|3:0|3:1|3:2|3:4,1831
665,2393,0.8356189047261815,2.0,2.0,0.0,2.0,109,death,0,1,monster,0,43,39,0:0|1:0|2:0|3:0|3:1|3:2|4:2|4:3|4:5|4:6|5:2|5:6|6:0|6:1|6:2|6:6|6:7|6:8|6:9|7:0|7:5|7:6|7:8|7:9|8:0|8:1|8:2|8:3|8:4|8:5|8:8|8:9|9:2|9:4|9:5|9:6|9:7|9:8|9:9,1832
666,2394,0.8353713428357089,3.0,3.0,0.0,3.0,171,victory,1,0,,0,56,41,0:0|0:4|0:5|0:6|0:7|0:8|1:0|1:2|1:4|1:6|1:7|1:8|2:0|2:2|2:3|2:4|2:8|2:9|3:0|3:1|3:2|3:4|3:8|3:9|4:2|4:3|4:8|4:9|5:0|5:1|5:2|5:8|5:9|6:0|6:1|6:2|6:3|6:8|6:9|7:8|8:8,1832
667,2395,0.8351237809452363,2.0,2.0,0.0,2.0,350,truncated,0,0,,1,73,54,0:0|0:1|0:2|0:4|0:5|0:6|0:7|0:8|0:9|1:0|1:2|1:4|1:6|1:7|1:8|1:9|2:0|2:2|2:3|2:4|2:6|2:8|2:9|3:0|3:1|3:4|3:5|3:6|3:8|3:9|4:4|4:5|4:6|4:7|4:8|4:9|5:6|5:8|5:9|6:6|6:7|6:8|6:9|7:6|7:8|7:9|8:7|8:8|8:9|9:5|9:6|9:7|9:8|9:9,1838
668,2396,0.8348762190547637,3.0,3.0,0.0,3.0,129,victory,1,0,,0,50,45,0:0|0:1|0:2|0:7|1:0|1:6|1:7|2:0|2:6|3:0|3:1|3:2|3:6|4:2|4:6|5:0|5:2|5:6|5:8|6:0|6:1|6:2|6:3|6:6|6:7|6:8|6:9|7:0|7:6|7:8|7:9|8:0|8:1|8:2|8:3|8:7|8:8|8:9|9:3|9:4|9:5|9:6|9:7|9:8|9:9,1840
669,2397,0.8346286571642911,3.0,3.0,0.0,3.0,317,victory,1,0,,0,83,53,0:0|0:7|1:0|1:2|1:6|1:7|2:0|2:2|2:3|2:4|2:6|3:0|3:1|3:2|3:4|3:5|3:6|4:2|4:3|4:4|4:5|4:6|4:7|4:8|5:0|5:1|5:2|5:4|5:6|5:8|5:9|6:0|6:1|6:2|6:3|6:4|6:6|6:8|6:9|7:3|7:5|7:6|7:8|7:9|8:5|8:7|8:8|8:9|9:3|9:4|9:5|9:6|9:7,1843
670,2398,0.8343810952738184,3.0,3.0,0.0,3.0,164,victory,1,0,,0,52,41,0:0|0:1|0:2|0:4|0:5|0:6|0:7|0:8|1:0|1:2|1:4|1:8|1:9|2:0|2:2|2:3|2:4|2:8|2:9|3:0|3:1|3:2|3:4|3:5|3:8|3:9|4:2|4:4|4:5|4:8|5:1|5:2|5:8|6:1|6:2|6:7|6:8|6:9|7:8|7:9|8:8,1844
671,2399,0.8341335333833458,0.0,0.0,0.0,0.0,24,death,0,1,monster,0,10,8,0:0|1:0|2:0|3:0|3:1|3:2|4:2|4:3,1844
672,2400,0.8338859714928732,3.0,3.0,0.0,3.0,84,victory,1,0,,0,41,33,0:0|0:1|0:2|0:4|0:5|0:6|0:7|0:8|1:0|1:2|1:4|1:7|1:8|2:0|2:2|2:3|2:4|2:8|3:0|3:1|3:2|3:8|4:2|4:8|5:0|5:1|5:2|5:8|6:1|6:2|6:8|7:8|8:8,1844
673,2401,0.8336384096024005,2.0,2.0,0.0,2.0,111,death,0,1,monster,0,42,34,0:0|0:5|0:6|0:7|0:8|0:9|1:0|1:6|1:7|1:8|2:0|2:6|2:8|2:9|3:0|3:1|3:2|3:4|3:5|3:6|3:8|3:9|4:2|4:3|4:4|4:5|4:6|4:8|5:1|5:2|5:8|5:9|6:1|6:9,1844
674,2402,0.8333908477119281,1.0,1.0,0.0,1.0,108,death,0,1,monster,0,31,30,0:0|1:0|2:0|3:0|3:1|3:2|4:2|4:3|5:0|5:2|6:0|6:1|6:2|6:3|6:4|7:0|7:3|7:5|7:6|8:0|8:1|8:2|8:3|8:4|8:5|9:0|9:1|9:3|9:4|9:5,1844
675,2403,0.8331432858214554,1.0,1.0,0.0,1.0,127,death,0,1,monster,0,30,23,0:0|0:6|1:0|1:6|2:0|2:2|2:3|2:4|2:6|3:0|3:1|3:2|3:4|3:5|3:6|4:2|4:3|4:4|5:1|5:2|6:0|6:1|6:2,1845
676,2404,0.8328957239309828,3.0,3.0,0.0,3.0,188,victory,1,0,,0,46,40,0:0|0:1|0:4|0:5|0:6|0:7|0:8|1:0|1:4|1:6|1:7|1:8|1:9|2:0|2:2|2:3|2:4|2:8|2:9|3:0|3:1|3:2|3:8|3:9|4:2|4:8|4:9|5:0|5:1|5:2|5:8|5:9|6:0|6:1|6:2|6:8|6:9|7:0|7:8|8:8,1845
677,2405,0.8326481620405102,0.0,0.0,0.0,0.0,39,death,0,1,monster,0,8,8,0:0|0:1|1:0|2:0|3:0|3:1|3:2|4:2,1845
678,2406,0.8324006001500375,1.0,1.0,0.0,1.0,126,death,0,1,monster,0,39,30,0:0|0:4|0:5|0:6|0:7|1:0|1:4|2:0|2:2|2:3|2:4|3:0|3:1|3:2|3:4|3:5|4:2|4:3|4:4|4:5|5:0|5:1|5:2|5:4|6:0|6:1|6:2|6:3|6:4|7:3,1845
679,2407,0.8321530382595649,2.0,2.0,0.0,2.0,350,truncated,0,0,,1,71,46,0:0|0:1|0:2|0:4|0:5|0:6|0:7|0:8|0:9|1:0|1:2|1:4|1:6|1:7|1:8|2:0|2:2|2:3|2:4|2:6|2:8|3:0|3:1|3:2|3:4|3:5|3:6|3:8|3:9|4:2|4:3|4:4|4:5|4:6|4:7|4:8|4:9|5:0|5:1|5:2|5:8|5:9|6:0|6:1|6:2|7:0,1845
680,2408,0.8319054763690923,2.0,2.0,0.0,2.0,350,truncated,0,0,,1,55,46,0:0|0:1|0:2|0:4|0:5|0:6|0:7|0:8|1:0|1:2|1:4|1:6|1:7|1:8|1:9|2:0|2:2|2:3|2:4|2:6|2:8|2:9|3:0|3:1|3:2|3:4|3:5|3:6|4:2|4:3|4:4|4:5|4:6|4:7|5:0|5:1|5:2|5:4|5:6|6:0|6:1|6:2|6:3|6:4|7:0|7:3,1845
681,2409,0.8316579144786197,3.0,3.0,0.0,3.0,192,victory,1,0,,0,59,46,0:0|0:1|0:2|0:4|0:5|0:6|0:7|0:8|1:0|1:2|1:4|1:6|1:8|1:9|2:0|2:2|2:3|2:4|2:8|2:9|3:0|3:1|3:2|3:4|3:5|3:8|3:9|4:2|4:3|4:4|4:8|4:9|5:0|5:1|5:2|5:4|5:8|6:0|6:1|6:2|6:3|6:4|6:8|7:3|7:8|8:8,1845
682,2410,0.831410352588147,1.0,1.0,0.0,1.0,116,death,0,1,monster,0,29,19,0:0|1:0|1:2|2:0|2:2|2:3|2:4|3:0|3:1|3:2|3:4|4:2|4:3|5:0|5:1|5:2|6:0|6:1|6:2,1845
683,2411,0.8311627906976744,3.0,3.0,0.0,3.0,143,victory,1,0,,0,57,46,0:0|0:1|0:2|0:4|0:5|0:6|0:7|1:0|1:2|1:4|1:7|1:8|1:9|2:2|2:3|2:4|2:6|2:8|2:9|3:1|3:2|3:4|3:6|3:8|3:9|4:2|4:4|4:6|4:7|4:8|4:9|5:0|5:1|5:2|5:4|5:8|5:9|6:0|6:1|6:2|6:3|6:4|6:8|6:9|7:8|8:8,1846
684,2412,0.8309152288072018,1.0,1.0,0.0,1.0,163,death,0,1,monster,0,52,29,0:0|0:1|0:2|1:0|2:0|3:0|3:1|3:2|3:4|4:2|4:3|4:4|5:0|5:1|5:2|5:4|6:0|6:1|6:2|6:3|7:0|7:3|8:0|8:1|8:3|9:0|9:1|9:2|9:3,1848
685,2413,0.8306676669167292,1.0,1.0,0.0,1.0,169,death,0,1,monster,0,27,17,0:0|0:1|0:2|1:0|1:2|2:0|2:2|2:3|3:0|3:1|3:2|4:2|4:3|5:1|5:2|6:1|6:2,1848
686,2414,0.8304201050262565,2.0,2.0,0.0,2.0,150,death,0,1,monster,0,48,39,0:0|0:4|0:5|0:6|0:7|0:8|1:0|1:4|1:6|1:7|1:8|2:0|2:4|2:8|2:9|3:0|3:1|3:2|3:4|3:5|3:6|3:8|3:9|4:2|4:3|4:4|4:6|4:7|4:8|4:9|5:0|5:1|5:2|5:4|6:0|6:1|6:2|6:3|6:4,1850
687,2415,0.8301725431357839,2.0,2.0,0.0,2.0,152,death,0,1,monster,0,41,28,0:0|0:1|0:2|0:4|0:5|0:6|0:7|1:0|1:2|1:4|1:6|1:7|1:8|2:0|2:2|2:3|2:4|3:0|3:1|3:2|4:2|5:0|5:1|5:2|6:0|6:1|6:2|7:0,1850
688,2416,0.8299249812453113,1.0,1.0,0.0,1.0,24,death,0,1,monster,0,17,12,0:0|0:1|0:2|1:2|2:2|3:2|4:2|5:2|6:1|6:2|6:3|7:3,1850
689,2417,0.8296774193548386,3.0,3.0,0.0,3.0,127,victory,1,0,,0,53,45,0:0|0:7|1:0|1:6|1:7|2:0|2:6|3:0|3:1|3:2|3:6|4:2|4:3|4:6|4:7|4:8|4:9|5:2|5:6|5:8|5:9|6:1|6:2|6:3|6:6|6:7|6:8|6:9|7:3|7:5|7:6|7:8|7:9|8:3|8:4|8:5|8:7|8:8|8:9|9:3|9:5|9:6|9:7|9:8|9:9,1850
690,2418,0.8294298574643661,3.0,3.0,0.0,3.0,251,victory,1,0,,0,68,55,0:0|0:2|0:7|1:0|1:2|1:6|1:7|2:0|2:2|2:6|3:0|3:1|3:2|3:4|3:5|3:6|4:2|4:5|4:6|4:7|4:8|5:0|5:1|5:2|5:8|6:0|6:1|6:2|6:3|6:7|6:8|6:9|7:0|7:3|7:5|7:8|7:9|8:0|8:1|8:3|8:4|8:5|8:7|8:8|8:9|9:0|9:1|9:2|9:3|9:4|9:5|9:6|9:7|9:8|9:9,1851
691,2419,0.8291822955738934,0.0,0.0,0.0,0.0,26,death,0,1,monster,0,14,14,0:0|0:4|0:5|0:6|1:0|1:4|1:6|2:0|2:2|2:3|2:4|3:0|3:1|3:2,1851
692,2420,0.8289347336834209,3.0,3.0,0.0,3.0,299,victory,1,0,,0,65,51,0:0|0:1|0:2|0:5|0:6|0:7|0:8|0:9|1:2|1:6|1:7|1:8|1:9|2:2|2:6|2:8|2:9|3:2|3:4|3:5|3:6|3:8|3:9|4:2|4:3|4:4|4:5|4:6|4:7|4:8|4:9|5:0|5:1|5:2|5:4|5:6|5:8|5:9|6:0|6:1|6:2|6:3|6:6|6:7|6:8|6:9|7:5|7:6|7:8|7:9|8:8,1851
693,2421,0.8286871717929483,2.0,2.0,0.0,2.0,98,death,0,1,monster,0,34,30,0:0|0:1|0:2|1:0|2:0|2:8|3:0|3:1|3:2|3:8|4:2|4:8|5:1|5:2|5:8|6:1|6:2|6:3|6:8|7:3|7:8|8:3|8:4|8:7|8:8|9:4|9:5|9:6|9:7|9:8,1853
694,2422,0.8284396099024756,2.0,2.0,0.0,2.0,167,death,0,1,monster,0,46,36,0:0|0:1|0:2|0:4|0:5|0:6|0:7|0:8|0:9|1:0|1:2|1:4|1:7|1:8|1:9|2:0|2:2|2:3|2:4|2:8|2:9|3:0|3:1|3:2|3:4|3:8|4:2|4:3|4:4|4:8|5:0|5:1|5:2|6:0|6:1|6:2,1853
695,2423,0.828192048012003,2.0,2.0,0.0,2.0,350,truncated,0,0,,1,67,55,0:0|0:1|0:2|0:6|1:0|1:2|1:6|2:0|2:2|2:6|3:0|3:1|3:2|3:6|4:2|4:3|4:4|4:6|5:0|5:1|5:2|5:4|5:6|6:0|6:1|6:2|6:3|6:4|6:6|6:7|6:8|6:9|7:0|7:3|7:6|7:8|7:9|8:0|8:1|8:2|8:3|8:4|8:7|8:8|8:9|9:0|9:1|9:2|9:3|9:4|9:5|9:6|9:7|9:8|9:9,1853
696,2424,0.8279444861215304,1.0,1.0,0.0,1.0,140,death,0,1,monster,0,28,18,0:0|0:1|0:2|1:0|1:2|2:0|2:2|2:3|2:4|3:0|3:1|3:2|4:2|4:3|5:1|5:2|6:1|6:2,1853
697,2425,0.8276969242310578,2.0,2.0,0.0,2.0,146,death,0,1,monster,0,39,34,0:0|0:1|0:2|0:4|0:5|0:6|0:7|0:8|1:0|1:2|1:4|1:6|1:8|2:0|2:2|2:3|2:4|2:6|2:8|3:0|3:1|3:2|3:4|3:8|3:9|4:2|4:3|4:8|4:9|5:1|5:2|6:0|6:1|6:2,1853
698,2426,0.8274493623405852,1.0,1.0,0.0,1.0,45,death,0,1,monster,0,21,15,0:0|0:1|1:0|2:0|3:0|3:1|3:2|4:2|4:3|5:0|5:1|5:2|6:0|6:1|6:2,1853
699,2427,0.8272018004501125,3.0,3.0,0.0,3.0,171,victory,1,0,,0,48,40,0:0|0:4|0:5|0:6|0:7|0:8|1:0|1:2|1:4|1:7|1:8|1:9|2:0|2:2|2:3|2:4|2:8|2:9|3:0|3:1|3:2|3:8|3:9|4:2|4:3|4:8|4:9|5:0|5:1|5:2|5:8|6:0|6:1|6:2|6:8|6:9|7:8|7:9|8:8|8:9,1853
700,2428,0.8269542385596399,1.0,1.0,0.0,1.0,192,death,0,1,monster,0,46,30,0:0|0:4|0:5|0:6|0:7|1:0|1:2|1:4|2:0|2:2|2:3|2:4|3:0|3:1|3:2|3:4|3:5|4:2|4:3|4:4|5:0|5:1|5:2|5:4|6:0|6:1|6:2|6:3|6:4|7:0,1853
701,2429,0.8267066766691673,1.0,1.0,0.0,1.0,49,death,0,1,monster,0,18,18,0:0|0:4|0:5|0:6|0:7|0:8|1:0|1:4|1:8|2:0|2:4|3:0|3:1|3:2|3:4|4:2|4:3|4:4,1853
702,2430,0.8264591147786946,1.0,1.0,0.0,1.0,61,death,0,1,monster,0,25,23,0:0|1:0|1:4|2:0|2:4|3:0|3:1|3:2|3:4|3:5|4:2|4:3|4:4|5:0|5:1|5:2|5:4|6:1|6:2|6:3|6:4|7:3|8:3,1853
703,2431,0.8262115528882221,1.0,1.0,0.0,1.0,103,death,0,1,monster,0,44,26,0:0|0:1|0:2|1:0|1:2|1:4|2:0|2:2|2:3|2:4|3:0|3:1|3:2|3:4|3:5|3:6|4:2|4:5|4:6|5:0|5:1|5:2|5:6|6:0|6:1|6:2,1854
704,2432,0.8259639909977494,2.0,2.0,0.0,2.0,227,death,0,1,monster,0,72,47,0:0|0:1|0:2|1:0|2:0|3:0|3:1|3:2|4:2|4:6|4:7|4:8|4:9|5:1|5:2|5:6|5:8|5:9|6:0|6:1|6:6|6:7|6:8|6:9|7:0|7:5|7:6|7:8|7:9|8:0|8:1|8:2|8:3|8:4|8:5|8:7|8:8|8:9|9:1|9:2|9:3|9:4|9:5|9:6|9:7|9:8|9:9,1860
705,2433,0.8257164291072768,3.0,3.0,0.0,3.0,152,victory,1,0,,0,55,36,0:0|0:1|0:4|0:5|0:6|0:7|0:8|1:0|1:4|1:6|1:7|1:8|1:9|2:0|2:2|2:3|2:4|2:8|2:9|3:0|3:1|3:2|3:9|4:2|4:3|4:9|5:1|5:2|5:8|5:9|6:1|6:2|6:8|6:9|7:8|8:8,1862
706,2434,0.8254688672168042,3.0,3.0,0.0,3.0,240,victory,1,0,,0,52,37,0:0|0:1|0:2|0:4|0:5|0:6|0:7|1:0|1:2|1:4|1:6|1:7|1:8|2:0|2:2|2:3|2:4|2:6|2:8|2:9|3:0|3:1|3:2|3:6|3:9|4:2|4:3|4:8|4:9|5:1|5:2|5:8|6:1|6:7|6:8|7:8|8:8,1862
707,2435,0.8252213053263315,2.0,2.0,0.0,2.0,165,death,0,1,monster,0,49,36,0:0|0:1|0:2|0:6|0:7|0:8|1:0|1:2|1:6|1:7|1:8|1:9|2:0|2:2|2:3|2:4|2:6|3:0|3:1|3:2|3:4|3:5|3:6|4:2|4:3|4:4|4:5|4:6|5:0|5:1|5:2|6:0|6:1|6:2|6:3|7:3,1863
708,2436,0.8249737434358589,3.0,3.0,0.0,3.0,206,victory,1,0,,0,66,55,0:0|0:1|0:2|0:6|0:7|1:0|1:2|1:6|2:2|2:3|2:4|2:6|3:2|3:4|3:5|3:6|4:2|4:3|4:4|4:5|4:6|4:8|4:9|5:0|5:1|5:2|5:4|5:6|5:8|5:9|6:0|6:1|6:2|6:3|6:4|6:6|6:7|6:8|6:9|7:0|7:3|7:8|7:9|8:0|8:1|8:2|8:4|8:7|8:8|9:2|9:3|9:4|9:5|9:6|9:7,1863
709,2437,0.8247261815453863,0.0,0.0,0.0,0.0,63,death,0,1,monster,0,21,13,0:0|1:0|1:2|2:0|2:2|2:3|2:4|3:0|3:1|3:2|4:2|4:3|4:4,1863
710,2438,0.8244786196549138,2.0,2.0,0.0,2.0,350,truncated,0,0,,1,87,61,0:0|0:1|0:2|0:4|0:5|0:6|0:7|1:0|1:2|1:4|1:6|1:7|1:8|2:0|2:2|2:3|2:4|2:8|2:9|3:0|3:1|3:2|3:4|3:5|3:8|3:9|4:2|4:3|4:4|4:5|4:6|4:8|4:9|5:0|5:1|5:2|5:4|5:8|5:9|6:0|6:1|6:2|6:3|6:6|6:7|6:8|6:9|7:0|7:3|7:8|8:0|8:1|8:2|8:3|8:4|9:0|9:1|9:2|9:3|9:4|9:5,1863
711,2439,0.8242310577644412,0.0,0.0,0.0,0.0,57,death,0,1,monster,0,21,15,0:0|0:1|0:2|1:0|1:2|2:0|2:2|2:3|2:4|3:0|3:1|3:2|3:4|4:2|4:3,1863
712,2440,0.8239834958739685,2.0,2.0,0.0,2.0,350,truncated,0,0,,1,106,57,0:0|0:1|0:2|0:4|0:5|0:6|0:7|0:8|0:9|1:0|1:2|1:4|1:6|1:7|1:8|1:9|2:0|2:2|2:3|2:4|2:6|2:8|2:9|3:0|3:1|3:2|3:4|3:5|3:6|3:8|3:9|4:2|4:3|4:4|4:5|4:6|4:7|4:8|4:9|5:0|5:1|5:2|5:6|5:8|5:9|6:6|6:7|6:8|6:9|7:5|7:6|7:8|7:9|8:7|8:8|8:9|9:9,1865
713,2441,0.8237359339834959,0.0,0.0,0.0,0.0,38,death,0,1,monster,0,13,10,0:0|0:1|0:2|1:0|1:2|2:0|2:2|2:3|2:4|3:2,1865
714,2442,0.8234883720930233,3.0,3.0,0.0,3.0,102,victory,1,0,,0,42,42,0:0|0:1|0:2|0:7|0:8|0:9|1:0|1:2|1:7|1:8|1:9|2:0|2:2|2:8|2:9|3:2|3:8|4:2|4:8|5:1|5:2|5:8|6:0|6:1|6:2|6:7|6:8|7:0|7:8|8:0|8:1|8:2|8:7|8:8|9:1|9:2|9:3|9:4|9:5|9:6|9:7|9:8,1865
715,2443,0.8232408102025506,1.0,1.0,0.0,1.0,147,death,0,1,monster,0,41,27,0:0|0:4|0:5|0:6|1:0|1:4|1:6|1:7|1:8|1:9|2:0|2:2|2:3|2:4|2:8|2:9|3:0|3:1|3:2|3:8|3:9|4:2|4:9|5:1|5:2|6:1|6:2,1870
716,2444,0.8229932483120781,1.0,1.0,0.0,1.0,39,death,0,1,monster,0,20,18,0:0|0:1|0:2|1:0|1:2|2:0|2:2|3:2|4:2|4:4|5:1|5:2|5:4|6:0|6:1|6:2|6:3|6:4,1870
717,2445,0.8227456864216054,1.0,1.0,0.0,1.0,94,death,0,1,monster,0,30,27,0:0|0:4|0:5|0:6|0:7|0:8|0:9|1:0|1:2|1:4|1:6|1:7|1:8|1:9|2:0|2:2|2:3|2:4|2:6|2:8|2:9|3:0|3:1|3:2|3:9|4:8|4:9,1871
718,2446,0.8224981245311328,1.0,1.0,0.0,1.0,350,truncated,0,0,,1,40,31,0:0|0:1|0:2|0:4|0:5|0:6|1:0|1:2|1:4|1:6|2:0|2:2|2:3|2:4|2:6|3:0|3:1|3:2|3:4|3:5|3:6|4:2|4:3|4:4|4:5|5:1|5:2|5:4|6:0|6:1|6:2,1871
719,2447,0.8222505626406602,0.0,0.0,0.0,0.0,27,death,0,1,monster,0,8,7,0:0|1:0|2:0|3:0|3:1|3:2|4:2,1871
720,2448,0.8220030007501875,3.0,3.0,0.0,3.0,172,victory,1,0,,0,47,41,0:0|0:4|0:5|0:6|0:7|1:0|1:4|1:6|1:7|1:8|1:9|2:0|2:4|2:8|2:9|3:0|3:1|3:2|3:4|3:9|4:2|4:3|4:4|4:8|4:9|5:0|5:1|5:2|5:8|5:9|6:1|6:2|6:3|6:6|6:7|6:8|6:9|7:8|7:9|8:8|8:9,1871
721,2449,0.8217554388597149,3.0,3.0,0.0,3.0,113,victory,1,0,,0,43,34,0:0|0:6|0:7|0:8|0:9|1:0|1:6|1:7|1:8|2:0|2:6|3:0|3:1|3:2|3:4|3:5|3:6|4:2|4:4|4:6|5:1|5:2|5:4|5:6|6:1|6:2|6:3|6:4|6:6|6:7|6:8|7:6|7:8|8:8,1871
722,2450,0.8215078769692423,2.0,2.0,0.0,2.0,117,death,0,1,monster,0,40,36,0:0|0:1|0:2|0:4|0:5|0:6|0:7|1:0|1:2|1:4|1:6|1:7|2:0|2:2|2:4|2:6|3:0|3:1|3:2|3:4|3:5|3:6|3:8|4:2|4:3|4:4|4:5|4:6|4:7|4:8|5:0|5:1|5:2|6:0|6:1|6:2,1872
723,2451,0.8212603150787697,1.0,1.0,0.0,1.0,66,death,0,1,monster,0,27,19,0:0|0:2|1:0|1:2|2:0|2:2|2:3|2:4|3:0|3:1|3:2|4:2|4:3|5:0|5:1|5:2|6:0|6:1|6:2,1872
724,2452,0.821012753188297,3.0,3.0,0.0,3.0,176,victory,1,0,,0,57,43,0:0|0:4|0:5|0:6|0:7|0:8|1:0|1:2|1:4|1:6|1:7|1:8|2:0|2:2|2:3|2:4|2:6|2:8|2:9|3:0|3:1|3:2|3:5|3:6|3:8|3:9|4:2|4:5|4:6|4:7|4:8|4:9|5:0|5:1|5:2|5:6|5:8|5:9|6:1|6:2|6:8|7:8|8:8,1872
725,2453,0.8207651912978244,1.0,1.0,0.0,1.0,92,death,0,1,monster,0,26,26,0:0|0:1|1:0|1:2|2:0|2:2|2:3|3:0|3:1|3:2|4:2|4:3|5:0|5:1|5:2|6:0|6:1|6:2|6:3|6:4|7:3|8:3|8:4|9:3|9:4|9:5,1872
726,2454,0.8205176294073518,2.0,2.0,0.0,2.0,133,death,0,1,monster,0,49,45,0:0|1:0|2:0|2:4|3:0|3:1|3:2|3:4|3:5|3:9|4:2|4:4|4:5|4:6|4:7|4:8|4:9|5:1|5:2|5:4|5:8|5:9|6:1|6:2|6:3|6:4|6:8|6:9|7:3|7:8|7:9|8:2|8:3|8:4|8:7|8:8|8:9|9:2|9:3|9:4|9:5|9:6|9:7|9:8|9:9,1873
727,2455,0.8202700675168793,2.0,2.0,0.0,2.0,256,death,0,1,monster,0,65,45,0:0|0:4|0:5|0:6|0:7|0:8|0:9|1:0|1:2|1:4|1:6|1:7|1:8|1:9|2:0|2:2|2:3|2:4|2:6|2:8|2:9|3:0|3:1|3:2|3:4|3:6|3:8|3:9|4:2|4:3|4:4|4:6|4:7|4:8|4:9|5:0|5:1|5:2|5:6|5:8|6:0|6:1|6:2|6:8|7:0,1873
728,2456,0.8200225056264066,2.0,2.0,0.0,2.0,106,death,0,1,monster,0,36,33,0:0|0:1|0:2|0:4|0:5|0:6|0:7|1:0|1:2|1:4|1:7|1:8|2:0|2:2|2:3|2:4|2:8|2:9|3:0|3:1|3:2|3:9|4:2|4:3|4:8|4:9|5:8|6:8|6:9|7:8|7:9|8:8|8:9,1876
729,2457,0.819774943735934,0.0,0.0,0.0,0.0,16,death,0,1,monster,0,8,8,0:0|1:0|2:0|3:0|3:1|3:2|4:2|4:3,1876
730,2458,0.8195273818454614,1.0,1.0,0.0,1.0,73,death,0,1,monster,0,36,20,0:0|0:1|0:2|1:2|2:2|2:3|2:4|3:2|3:4|4:2|4:3|4:4|4:5|5:1|5:2|5:4|6:1|6:2|6:3|6:4,1878
731,2459,0.8192798199549888,2.0,2.0,0.0,2.0,203,death,0,1,monster,0,69,40,0:0|0:1|0:2|0:4|0:5|0:6|0:7|0:8|0:9|1:0|1:2|1:4|1:6|1:7|1:8|1:9|2:2|2:3|2:4|2:8|2:9|3:2|3:4|3:5|3:6|4:2|4:3|4:4|4:5|5:0|5:1|5:2|5:4|6:0|6:1|6:2|6:3|6:4|7:0|7:3,1880
732,2460,0.8190322580645162,1.0,1.0,0.0,1.0,180,death,0,1,monster,0,33,25,0:0|0:1|0:2|1:0|1:2|2:0|2:2|2:3|2:4|3:0|3:1|3:2|3:4|4:2|4:3|4:4|5:0|5:1|5:2|6:0|6:1|6:2|6:3|7:0|7:3,1880
733,2461,0.8187846961740435,0.0,0.0,0.0,0.0,47,death,0,1,monster,0,8,6,0:0|1:0|2:0|3:0|3:1|3:2,1880
734,2462,0.8185371342835709,0.0,0.0,0.0,0.0,48,death,0,1,monster,0,12,11,0:0|0:1|0:2|1:0|1:2|2:0|2:2|3:0|3:1|3:2|4:2,1880
735,2463,0.8182895723930983,0.0,0.0,0.0,0.0,31,death,0,1,monster,0,12,11,0:0|1:0|1:2|2:0|2:2|2:3|2:4|3:0|3:1|3:2|3:4,1880
736,2464,0.8180420105026257,1.0,1.0,0.0,1.0,60,death,0,1,monster,0,29,23,0:0|0:1|0:2|1:0|2:0|2:2|3:0|3:1|3:2|4:2|5:1|5:2|6:1|6:2|6:3|7:3|8:2|8:3|8:4|9:1|9:2|9:3|9:4,1881
737,2465,0.817794448612153,1.0,1.0,0.0,1.0,109,death,0,1,monster,0,32,30,0:0|0:1|0:2|1:2|2:2|3:1|3:2|3:4|4:2|4:3|4:4|5:2|6:0|6:1|6:2|7:0|8:0|8:1|8:2|8:3|8:4|8:8|9:1|9:2|9:3|9:4|9:5|9:6|9:7|9:8,1882
738,2466,0.8175468867216804,0.0,0.0,0.0,0.0,93,death,0,1,monster,0,16,12,0:0|1:0|2:0|2:2|3:0|3:1|3:2|4:2|4:3|4:4|5:2|6:2,1882
739,2467,0.8172993248312078,1.0,1.0,0.0,1.0,73,death,0,1,monster,0,36,22,0:0|0:1|0:2|1:0|1:2|2:2|3:2|4:2|5:0|5:1|5:2|6:0|6:1|6:2|6:3|7:0|7:3|8:0|8:1|8:2|8:3|9:1,1882
740,2468,0.8170517629407352,0.0,0.0,0.0,0.0,38,death,0,1,monster,0,9,5,0:0|1:0|2:0|3:0|3:1,1882
741,2469,0.8168042010502625,1.0,1.0,0.0,1.0,86,death,0,1,monster,0,28,16,0:0|0:1|0:2|1:2|2:2|2:3|2:4|3:1|3:2|4:2|5:0|5:1|5:2|6:0|6:1|6:2,1882
742,2470,0.8165566391597899,1.0,1.0,0.0,1.0,125,death,0,1,monster,0,26,26,0:0|1:0|2:0|2:2|3:0|3:1|3:2|4:2|4:4|5:1|5:2|5:4|6:0|6:1|6:3|6:4|7:0|7:3|8:0|8:1|8:2|8:3|8:4|9:1|9:2|9:4,1882
743,2471,0.8163090772693173,0.0,0.0,0.0,0.0,24,death,0,1,monster,0,9,6,0:0|0:1|0:2|1:0|1:2|2:2,1882
744,2472,0.8160615153788446,0.0,0.0,0.0,0.0,20,death,0,1,monster,0,9,9,0:0|1:0|2:0|3:0|3:1|3:2|4:2|4:3|4:4,1882
745,2473,0.8158139534883722,1.0,1.0,0.0,1.0,119,death,0,1,monster,0,28,23,0:0|1:0|1:2|2:0|2:2|2:3|3:0|3:1|3:2|3:4|3:5|4:2|4:3|4:4|4:5|5:0|5:1|5:4|6:0|6:1|6:2|6:3|6:4,1882
746,2474,0.8155663915978995,2.0,2.0,0.0,2.0,342,death,0,1,monster,0,93,59,0:0|0:1|0:2|0:4|0:5|0:6|0:7|0:8|0:9|1:0|1:2|1:4|1:6|1:7|1:8|1:9|2:0|2:2|2:4|2:6|2:8|2:9|3:0|3:1|3:2|3:4|3:5|3:6|3:8|3:9|4:2|4:3|4:4|4:5|4:6|4:7|4:8|4:9|5:0|5:1|5:2|5:4|6:0|6:1|6:2|6:3|6:4|7:0|7:3|8:0|8:1|8:2|8:3|8:4|9:0|9:1|9:2|9:3|9:4,1885
747,2475,0.8153188297074269,0.0,0.0,0.0,0.0,58,death,0,1,monster,0,23,16,0:0|0:1|0:2|1:0|1:2|2:2|2:3|3:2|3:4|3:5|3:6|4:2|4:3|4:4|4:5|4:6,1886
748,2476,0.8150712678169543,3.0,3.0,0.0,3.0,173,victory,1,0,,0,49,41,0:0|0:1|0:4|0:5|0:6|0:7|0:8|1:0|1:4|1:6|1:7|1:8|1:9|2:0|2:2|2:3|2:4|2:6|2:8|3:0|3:1|3:2|3:6|3:8|4:2|4:5|4:6|4:7|4:8|5:0|5:1|5:2|5:8|6:0|6:1|6:2|6:8|6:9|7:9|8:8|8:9,1886
749,2477,0.8148237059264816,2.0,2.0,0.0,2.0,307,death,0,1,monster,0,54,35,0:0|0:1|0:2|1:0|2:0|3:0|3:1|3:2|4:2|4:3|5:1|5:2|6:0|6:1|6:7|6:8|7:0|7:8|8:0|8:1|8:2|8:3|8:4|8:5|8:7|8:8|8:9|9:2|9:3|9:4|9:5|9:6|9:7|9:8|9:9,1886
750,2478,0.814576144036009,2.0,2.0,0.0,2.0,117,death,0,1,monster,0,37,29,0:0|0:4|0:5|0:6|0:7|1:0|1:4|1:7|1:8|2:0|2:2|2:3|2:4|2:8|3:0|3:1|3:2|3:8|3:9|4:2|4:9|5:0|5:1|5:2|6:0|6:1|6:2|7:0|8:0,1886
751,2479,0.8143285821455364,0.0,0.0,0.0,0.0,79,death,0,1,monster,0,26,17,0:0|1:0|2:0|2:6|3:0|3:1|3:2|3:4|3:5|3:6|4:2|4:3|4:4|4:5|5:1|5:2|5:4,1886
752,2480,0.8140810202550638,1.0,1.0,0.0,1.0,136,death,0,1,monster,0,24,19,0:0|0:1|0:2|1:2|2:0|2:2|3:0|3:1|3:2|4:2|5:0|5:1|5:2|6:0|6:1|6:2|6:3|7:0|8:0,1888
753,2481,0.8138334583645912,1.0,1.0,0.0,1.0,157,death,0,1,monster,0,33,30,0:0|1:0|2:0|2:2|2:3|2:4|3:0|3:1|3:2|3:4|4:2|4:3|4:4|5:0|5:1|5:2|5:4|6:0|6:1|6:2|6:4|7:0|8:0|8:1|8:2|9:0|9:1|9:2|9:3|9:4,1888
754,2482,0.8135858964741185,1.0,1.0,0.0,1.0,148,death,0,1,monster,0,32,29,0:0|0:1|0:2|1:0|1:2|2:0|2:2|2:3|2:4|3:0|3:1|3:2|4:2|4:3|5:0|5:1|5:2|6:0|6:1|7:0|8:0|8:1|8:2|8:3|8:4|8:5|9:3|9:4|9:5,1888
755,2483,0.8133383345836459,2.0,2.0,0.0,2.0,171,death,0,1,monster,0,55,48,0:0|0:1|0:8|1:0|1:8|1:9|2:0|2:8|2:9|3:0|3:1|3:2|3:5|3:6|3:8|3:9|4:2|4:5|4:6|4:7|4:8|5:0|5:1|5:2|5:8|6:0|6:1|6:2|6:3|6:8|7:0|7:3|7:8|8:0|8:1|8:2|8:3|8:4|8:8|8:9|9:0|9:1|9:2|9:4|9:5|9:6|9:7|9:8,1891
756,2484,0.8130907726931733,3.0,3.0,0.0,3.0,220,victory,1,0,,0,69,50,0:0|0:1|0:2|0:4|0:5|0:6|0:7|1:0|1:2|1:4|1:6|1:7|2:0|2:2|2:3|2:4|2:6|3:0|3:1|3:2|3:4|3:5|3:6|4:2|4:3|4:4|4:5|4:6|4:7|4:8|5:0|5:1|5:2|5:4|5:6|5:8|6:0|6:1|6:2|6:3|6:4|6:6|6:7|6:8|6:9|7:5|7:6|7:8|7:9|8:8,1894
757,2485,0.8128432108027006,2.0,2.0,0.0,2.0,131,death,0,1,monster,0,54,49,0:0|0:1|0:2|0:6|1:2|1:6|2:2|2:4|2:6|3:2|3:4|3:5|3:6|4:2|4:3|4:4|4:5|4:6|4:7|4:8|5:0|5:1|5:2|5:6|5:8|6:0|6:1|6:6|6:8|6:9|7:0|7:8|7:9|8:0|8:1|8:2|8:3|8:7|8:8|8:9|9:0|9:1|9:2|9:3|9:4|9:5|9:6|9:7|9:8,1895
758,2486,0.8125956489122281,1.0,1.0,0.0,1.0,80,death,0,1,monster,0,28,24,0:0|1:0|2:0|3:0|3:1|3:2|4:2|4:3|5:1|5:2|6:0|6:1|7:0|8:0|8:1|8:2|8:3|8:4|8:5|9:1|9:2|9:3|9:4|9:5,1896
759,2487,0.8123480870217554,0.0,0.0,0.0,0.0,38,death,0,1,monster,0,13,10,0:0|0:1|1:0|1:2|2:0|2:2|3:0|3:1|3:2|4:2,1896
760,2488,0.8121005251312828,2.0,2.0,0.0,2.0,254,death,0,1,monster,0,52,40,0:0|0:2|0:4|0:5|0:6|0:7|1:0|1:2|1:4|1:6|1:7|1:8|2:0|2:2|2:3|2:4|2:6|2:8|2:9|3:0|3:1|3:2|3:4|4:2|5:0|5:1|5:2|5:4|6:0|6:1|6:2|6:3|6:4|7:0|7:3|8:0|8:1|8:2|8:3|9:0,1896
761,2489,0.8118529632408102,2.0,2.0,0.0,2.0,144,death,0,1,monster,0,38,27,0:0|0:1|0:2|0:4|0:5|0:6|0:7|1:0|1:2|1:4|2:2|2:3|2:4|3:0|3:1|3:2|3:4|3:5|4:2|4:3|4:4|5:0|5:1|5:2|6:0|6:1|6:2,1896
762,2490,0.8116054013503375,2.0,2.0,0.0,2.0,137,death,0,1,monster,0,59,33,0:0|0:4|0:5|0:6|0:7|1:0|1:2|1:6|1:7|1:8|2:0|2:2|2:3|2:4|2:6|3:0|3:1|3:2|3:4|3:5|3:6|4:2|4:4|4:5|5:1|5:2|6:0|6:1|6:2|6:3|6:4|7:3|8:3,1898
763,2491,0.811357839459865,2.0,2.0,0.0,2.0,86,death,0,1,monster,0,35,25,0:0|0:1|0:2|0:4|0:5|0:6|0:7|0:8|1:0|1:2|1:4|1:6|1:7|1:8|2:0|2:2|2:3|2:4|2:8|3:2|4:2|5:1|5:2|6:1|6:2,1898
764,2492,0.8111102775693924,3.0,3.0,0.0,3.0,158,victory,1,0,,0,47,42,0:0|0:1|0:4|0:5|0:6|0:7|0:8|0:9|1:0|1:2|1:4|1:6|1:7|1:8|1:9|2:0|2:2|2:3|2:4|2:6|2:8|2:9|3:0|3:1|3:2|3:8|3:9|4:2|4:8|4:9|5:1|5:2|5:8|5:9|6:1|6:2|6:3|6:8|6:9|7:8|7:9|8:8,1898
765,2493,0.8108627156789198,3.0,3.0,0.0,3.0,112,victory,1,0,,0,44,39,0:0|0:6|0:7|0:8|1:0|1:6|1:7|1:8|2:0|2:6|2:8|2:9|3:0|3:1|3:2|3:6|3:8|3:9|4:2|4:3|4:4|4:5|4:6|4:8|4:9|5:0|5:1|5:2|5:4|5:8|5:9|6:0|6:1|6:2|6:8|7:8|7:9|8:8|8:9,1898
766,2494,0.8106151537884471,3.0,3.0,0.0,3.0,207,victory,1,0,,0,65,50,0:0|0:1|0:2|0:4|0:5|0:6|0:7|1:0|1:2|1:4|1:6|1:7|1:8|1:9|2:0|2:2|2:3|2:4|2:6|2:8|2:9|3:0|3:1|3:2|3:4|3:5|3:6|3:8|3:9|4:2|4:3|4:4|4:6|4:7|4:8|4:9|5:0|5:1|5:2|5:8|5:9|6:1|6:2|6:7|6:8|6:9|7:8|7:9|8:8|8:9,1898
767,2495,0.8103675918979745,1.0,1.0,0.0,1.0,95,death,0,1,monster,0,33,22,0:0|0:4|1:0|1:2|1:4|2:0|2:2|2:3|2:4|3:0|3:1|3:2|3:4|3:5|4:2|4:4|4:5|5:2|5:4|6:1|6:2|6:3,1899
768,2496,0.8101200300075019,2.0,2.0,0.0,2.0,247,death,0,1,monster,0,69,48,0:0|0:1|0:2|0:4|0:5|0:6|0:7|0:8|0:9|1:0|1:2|1:4|1:6|1:7|1:8|1:9|2:0|2:2|2:3|2:4|2:6|2:8|2:9|3:0|3:1|3:2|3:4|3:8|3:9|4:2|4:4|4:8|4:9|5:0|5:1|5:2|5:4|5:8|6:0|6:1|6:2|6:3|6:4|6:8|6:9|7:3|7:8|7:9,1899
769,2497,0.8098724681170293,1.0,1.0,0.0,1.0,177,death,0,1,monster,0,36,22,0:0|1:0|1:4|2:0|2:2|2:3|2:4|3:0|3:1|3:2|3:4|3:5|4:2|4:3|4:4|4:5|5:1|5:2|6:0|6:1|6:2|6:3,1899
770,2498,0.8096249062265566,2.0,2.0,0.0,2.0,146,death,0,1,monster,0,66,56,0:0|0:4|0:5|0:6|0:7|0:8|1:0|1:4|1:8|1:9|2:0|2:4|2:8|2:9|3:0|3:1|3:2|3:4|3:5|3:6|3:8|4:2|4:5|4:6|4:7|4:8|5:0|5:1|5:2|5:8|6:0|6:1|6:2|6:3|6:4|6:7|6:8|7:0|7:8|7:9|8:0|8:1|8:2|8:3|8:4|8:5|8:9|9:0|9:1|9:2|9:4|9:5|9:6|9:7|9:8|9:9,1902
771,2499,0.809377344336084,3.0,3.0,0.0,3.0,157,victory,1,0,,0,56,45,0:0|0:4|0:5|0:6|0:7|0:8|1:0|1:2|1:4|1:6|1:7|1:8|2:0|2:2|2:3|2:4|2:6|2:8|3:0|3:1|3:2|3:4|3:5|3:6|3:8|4:2|4:3|4:4|4:5|4:6|4:7|4:8|5:0|5:1|5:2|5:8|5:9|6:0|6:1|6:2|6:3|6:9|7:8|7:9|8:8,1902
772,2500,0.8091297824456114,2.0,2.0,0.0,2.0,168,death,0,1,monster,0,47,33,0:0|0:4|0:5|0:6|0:7|0:8|0:9|1:0|1:4|1:6|1:7|1:8|1:9|2:0|2:2|2:4|2:6|2:8|2:9|3:0|3:1|3:2|3:4|3:5|4:2|4:3|4:4|5:0|5:1|5:2|6:0|6:1|6:2,1902
773,2501,0.8088822205551388,2.0,2.0,0.0,2.0,296,death,0,1,monster,0,76,43,0:0|0:1|0:2|0:4|0:5|0:6|0:7|0:8|1:0|1:2|1:4|1:6|1:7|1:8|2:0|2:2|2:3|2:4|2:6|2:8|3:0|3:1|3:2|3:4|3:5|3:6|3:8|3:9|4:2|4:3|4:4|4:5|4:6|4:7|4:8|4:9|5:1|5:2|5:6|5:9|6:0|6:1|6:2,1907
774,2502,0.8086346586646662,1.0,1.0,0.0,1.0,59,death,0,1,monster,0,27,17,0:0|0:1|1:0|2:0|2:2|2:3|3:0|3:1|3:2|4:2|4:3|5:0|5:1|5:2|6:0|6:1|6:2,1907
775,2503,0.8083870967741935,0.0,0.0,0.0,0.0,33,death,0,1,monster,0,13,12,0:0|1:0|2:0|2:2|2:3|3:0|3:1|3:2|4:2|4:3|4:4|5:2,1907
776,2504,0.8081395348837209,1.0,1.0,0.0,1.0,162,death,0,1,monster,0,45,29,0:0|0:1|0:2|1:2|2:0|2:2|3:0|3:1|3:2|3:5|3:6|4:2|4:3|4:4|4:5|4:6|4:7|5:0|5:1|5:2|5:4|5:6|6:0|6:1|6:2|6:3|6:4|7:0|7:3,1907
777,2505,0.8078919729932483,2.0,2.0,0.0,2.0,260,death,0,1,monster,0,49,33,0:0|0:2|0:4|0:5|0:6|0:7|1:0|1:2|1:4|1:7|1:8|1:9|2:0|2:2|2:3|2:4|2:9|3:0|3:1|3:2|3:4|3:5|3:6|4:2|4:3|4:4|4:5|5:0|5:1|5:2|6:0|6:1|6:2,1907
778,2506,0.8076444111027757,2.0,2.0,0.0,2.0,71,death,0,1,monster,0,40,35,0:0|0:6|0:7|0:8|1:0|1:6|1:8|2:0|2:6|2:8|3:0|3:1|3:2|3:5|3:6|3:8|4:2|4:3|4:4|4:5|4:8|4:9|5:1|5:2|5:8|5:9|6:1|6:2|6:3|6:8|6:9|7:3|7:8|7:9|8:9,1908
779,2507,0.807396849212303,1.0,1.0,0.0,1.0,140,death,0,1,monster,0,26,21,0:0|0:1|1:0|1:4|2:0|2:2|2:3|2:4|3:0|3:1|3:2|4:2|5:0|5:1|5:2|6:0|6:1|6:2|6:3|7:0|7:3,1908
780,2508,0.8071492873218304,2.0,2.0,0.0,2.0,186,death,0,1,monster,0,39,31,0:0|0:4|0:5|0:6|0:7|0:8|0:9|1:0|1:2|1:4|1:6|1:7|1:8|1:9|2:0|2:2|2:3|2:4|2:6|3:0|3:1|3:2|3:4|3:6|4:2|5:0|5:1|5:2|6:0|6:1|6:2,1908
781,2509,0.8069017254313579,3.0,3.0,0.0,3.0,184,victory,1,0,,0,62,45,0:0|0:4|0:5|0:6|0:7|0:8|0:9|1:0|1:4|1:6|1:7|1:8|2:0|2:3|2:4|2:6|2:8|2:9|3:0|3:1|3:2|3:4|3:5|3:6|3:8|3:9|4:2|4:3|4:4|4:5|4:9|5:2|5:4|5:8|5:9|6:1|6:2|6:3|6:4|6:8|6:9|7:8|7:9|8:8|8:9,1908
782,2510,0.8066541635408853,3.0,3.0,0.0,3.0,215,victory,1,0,,0,56,47,0:0|0:1|0:2|0:4|0:5|0:6|0:7|1:0|1:2|1:4|1:7|1:8|2:0|2:2|2:3|2:4|2:8|2:9|3:0|3:1|3:2|3:4|3:5|3:6|3:8|3:9|4:2|4:3|4:4|4:5|4:9|5:0|5:1|5:2|5:4|5:9|6:1|6:2|6:3|6:4|6:6|6:7|6:8|6:9|7:8|7:9|8:8,1908
783,2511,0.8064066016504126,2.0,2.0,0.0,2.0,136,death,0,1,monster,0,52,48,0:0|0:1|1:0|2:0|3:0|3:1|3:2|3:5|3:6|4:2|4:3|4:6|4:8|4:9|5:0|5:1|5:2|5:6|5:8|5:9|6:0|6:1|6:6|6:7|6:8|6:9|7:0|7:5|7:8|7:9|8:0|8:1|8:2|8:3|8:4|8:5|8:7|8:8|8:9|9:0|9:1|9:2|9:4|9:5|9:6|9:7|9:8|9:9,1910
784,2512,0.80615903975994,3.0,3.0,0.0,3.0,285,victory,1,0,,0,63,50,0:0|0:1|0:2|0:4|0:5|0:6|0:7|0:8|0:9|1:2|1:4|1:6|1:7|1:8|1:9|2:2|2:3|2:4|2:6|2:8|2:9|3:1|3:2|3:4|3:5|3:6|3:8|3:9|4:2|4:4|4:5|4:6|4:7|4:8|4:9|5:0|5:1|5:2|5:4|5:8|5:9|6:0|6:1|6:2|6:3|6:4|6:8|6:9|7:8|8:8,1910
785,2513,0.8059114778694674,0.0,0.0,0.0,0.0,19,death,0,1,monster,0,12,12,0:0|0:1|0:2|1:2|2:2|2:3|2:4|3:2|3:4|3:5|4:4|4:5,1910
786,2514,0.8056639159789947,2.0,2.0,0.0,2.0,123,death,0,1,monster,0,54,44,0:0|0:1|0:2|1:2|2:2|3:1|3:2|3:4|3:6|4:2|4:3|4:4|4:5|4:6|5:0|5:1|5:2|5:4|5:6|6:0|6:1|6:2|6:3|6:6|6:7|6:8|6:9|7:3|7:8|7:9|8:2|8:3|8:4|8:7|8:8|8:9|9:2|9:3|9:4|9:5|9:6|9:7|9:8|9:9,1910
787,2515,0.8054163540885222,1.0,1.0,0.0,1.0,134,death,0,1,monster,0,29,24,0:0|0:1|1:0|2:0|2:2|2:3|3:0|3:1|3:2|4:2|4:3|4:4|4:5|4:6|5:0|5:1|5:2|5:4|5:6|6:1|6:2|6:3|6:4|6:6,1910
788,2516,0.8051687921980495,3.0,3.0,0.0,3.0,148,victory,1,0,,0,51,43,0:0|0:4|0:5|0:6|0:7|0:8|0:9|1:0|1:2|1:4|1:7|1:8|1:9|2:0|2:2|2:4|2:8|3:0|3:1|3:2|3:4|3:8|4:2|4:3|4:4|4:5|4:7|4:8|4:9|5:0|5:1|5:2|5:4|5:8|5:9|6:0|6:1|6:2|6:3|6:4|6:8|7:8|8:8,1910
789,2517,0.8049212303075769,3.0,3.0,0.0,3.0,268,victory,1,0,,0,69,55,0:0|0:6|0:7|1:0|1:6|2:0|2:6|3:0|3:1|3:2|3:4|3:5|3:6|4:2|4:3|4:4|4:5|4:6|4:7|4:8|4:9|5:0|5:1|5:2|5:4|5:6|5:8|6:0|6:1|6:2|6:6|6:8|6:9|7:0|7:5|7:6|7:9|8:0|8:1|8:2|8:3|8:4|8:5|8:7|8:8|8:9|9:1|9:2|9:3|9:4|9:5|9:6|9:7|9:8|9:9,1911
790,2518,0.8046736684171043,3.0,3.0,0.0,3.0,160,victory,1,0,,0,48,40,0:0|0:1|0:2|0:5|0:6|0:7|0:8|0:9|1:0|1:2|1:6|1:7|1:8|1:9|2:2|2:3|2:6|2:8|2:9|3:2|3:4|3:5|3:6|3:9|4:2|4:3|4:4|4:5|4:6|4:9|5:1|5:2|5:4|5:9|6:1|6:2|6:9|7:8|7:9|8:8,1911
791,2519,0.8044261065266316,3.0,3.0,0.0,3.0,144,victory,1,0,,0,50,40,0:0|0:1|0:2|0:4|0:5|0:6|0:7|1:2|1:4|1:6|1:7|1:8|1:9|2:2|2:3|2:4|2:8|2:9|3:2|3:4|3:8|4:2|4:3|4:4|4:8|4:9|5:0|5:1|5:2|5:4|5:8|5:9|6:1|6:2|6:7|6:8|6:9|7:9|8:8|8:9,1913
792,2520,0.804178544636159,1.0,1.0,0.0,1.0,130,death,0,1,monster,0,39,30,0:0|0:4|0:5|0:6|1:0|1:2|1:4|2:0|2:2|2:4|3:0|3:1|3:2|3:4|3:5|4:2|4:3|4:4|4:5|5:0|5:1|5:2|5:4|6:0|6:1|6:2|6:3|6:4|7:3|8:3,1913
793,2521,0.8039309827456864,1.0,1.0,0.0,1.0,209,death,0,1,monster,0,53,32,0:0|0:1|0:2|0:4|1:0|1:2|1:4|2:0|2:2|2:3|2:4|3:0|3:1|3:2|3:4|3:5|4:2|4:3|4:4|4:5|4:6|5:0|5:1|5:2|5:4|6:0|6:1|6:2|6:3|6:4|7:0|8:0,1913
794,2522,0.8036834208552138,3.0,3.0,0.0,3.0,168,victory,1,0,,0,53,41,0:0|0:1|0:2|0:4|0:5|0:6|0:7|0:8|0:9|1:2|1:4|1:8|1:9|2:2|2:3|2:4|2:8|2:9|3:1|3:2|3:4|3:8|3:9|4:2|4:3|4:4|4:7|4:8|4:9|5:0|5:1|5:2|5:8|5:9|6:0|6:1|6:2|6:8|6:9|7:8|8:8,1913
795,2523,0.8034358589647412,0.0,0.0,0.0,0.0,19,death,0,1,monster,0,13,10,0:0|0:1|0:2|1:0|1:2|2:2|2:3|3:1|3:2|4:2,1913
796,2524,0.8031882970742685,1.0,1.0,0.0,1.0,112,death,0,1,monster,0,30,20,0:0|0:1|0:2|1:0|1:2|2:0|2:2|2:3|2:4|3:0|3:1|3:2|4:2|5:0|5:1|5:2|6:0|6:1|7:0|8:0,1913
797,2525,0.8029407351837959,0.0,0.0,0.0,0.0,40,death,0,1,monster,0,15,12,0:0|0:2|1:0|1:2|2:0|2:2|3:0|3:1|3:2|4:2|5:2|6:2,1913
798,2526,0.8026931732933233,3.0,3.0,0.0,3.0,208,victory,1,0,,0,69,54,0:0|0:1|0:2|0:7|1:0|1:2|1:6|1:7|2:2|2:3|2:6|3:1|3:2|3:4|3:5|3:6|4:2|4:3|4:4|4:5|4:6|4:7|4:8|5:0|5:1|5:2|5:4|5:8|6:0|6:1|6:2|6:3|6:4|6:8|7:0|7:3|7:5|7:8|8:0|8:1|8:2|8:3|8:4|8:5|8:8|9:0|9:1|9:2|9:3|9:4|9:5|9:6|9:7|9:8,1913
799,2527,0.8024456114028506,0.0,0.0,0.0,0.0,71,death,0,1,monster,0,21,12,0:0|0:1|0:2|1:0|1:2|2:0|2:2|2:3|3:0|3:1|3:2|4:2,1914
800,2528,0.8021980495123782,0.0,0.0,0.0,0.0,22,death,0,1,monster,0,7,7,0:0|0:1|1:0|2:0|3:0|3:1|3:2,1914
801,2529,0.8019504876219055,0.0,0.0,0.0,0.0,43,death,0,1,monster,0,10,10,0:0|1:0|2:0|2:2|2:3|2:4|3:0|3:1|3:2|3:4,1914
802,2530,0.8017029257314329,1.0,1.0,0.0,1.0,82,death,0,1,monster,0,34,27,0:0|0:1|0:2|0:4|0:5|0:6|1:2|1:4|2:2|2:3|2:4|3:2|3:4|3:5|3:6|4:2|4:4|4:6|5:1|5:2|5:6|6:0|6:1|6:2|6:3|6:6|6:7,1914
803,2531,0.8014553638409603,3.0,3.0,0.0,3.0,200,victory,1,0,,0,50,42,0:0|0:1|0:4|0:5|0:6|0:7|0:8|1:0|1:6|1:7|1:8|1:9|2:0|2:6|2:8|2:9|3:0|3:1|3:2|3:5|3:6|3:8|3:9|4:2|4:3|4:4|4:5|4:8|4:9|5:0|5:1|5:2|5:4|5:8|6:0|6:1|6:2|6:3|6:4|6:8|7:8|8:8,1914
804,2532,0.8012078019504876,0.0,0.0,0.0,0.0,18,death,0,1,monster,0,8,5,0:0|1:0|2:0|3:0|3:1,1914
805,2533,0.800960240060015,1.0,1.0,0.0,1.0,227,death,0,1,monster,0,42,20,0:0|0:1|0:2|1:0|1:2|2:0|2:2|2:3|2:4|3:0|3:1|3:2|3:4|4:2|4:3|4:4|4:5|5:2|6:1|6:2,1915
806,2534,0.8007126781695424,1.0,1.0,0.0,1.0,56,death,0,1,monster,0,17,15,0:0|0:1|1:0|2:0|3:0|3:1|3:2|4:2|5:0|5:1|5:2|6:0|6:1|6:2|7:0,1915
807,2535,0.8004651162790698,3.0,3.0,0.0,3.0,191,victory,1,0,,0,50,47,0:0|0:1|0:2|0:4|0:5|0:6|0:7|0:8|0:9|1:0|1:2|1:4|1:8|1:9|2:2|2:3|2:4|2:8|2:9|3:2|3:4|3:5|3:6|3:9|4:2|4:3|4:4|4:5|4:6|4:7|4:8|4:9|5:1|5:2|5:4|5:8|5:9|6:1|6:2|6:3|6:4|6:8|6:9|7:8|7:9|8:8|8:9,1915
808,2536,0.8002175543885971,3.0,3.0,0.0,3.0,221,victory,1,0,,0,58,48,0:0|0:4|0:5|0:6|0:7|0:8|1:0|1:4|1:8|2:0|2:3|2:4|2:8|2:9|3:0|3:1|3:2|3:4|3:8|3:9|4:2|4:3|4:4|4:6|4:7|4:8|4:9|5:0|5:1|5:2|5:4|5:6|5:8|6:0|6:1|6:2|6:4|6:8|6:9|7:0|7:9|8:0|8:1|8:2|8:8|8:9|9:0|9:1,1915
809,2537,0.7999699924981245,2.0,2.0,0.0,2.0,251,death,0,1,monster,0,57,39,0:0|0:1|0:2|0:4|0:5|0:6|0:7|0:8|1:0|1:2|1:4|1:6|1:7|1:8|1:9|2:0|2:2|2:3|2:4|2:6|3:0|3:1|3:2|3:4|3:5|3:6|4:2|4:3|4:4|4:5|4:6|5:0|5:1|5:2|6:0|6:1|6:2|6:3|7:0,1915
810,2538,0.7997224306076519,0.0,0.0,0.0,0.0,44,death,0,1,monster,0,20,19,0:0|0:1|0:2|1:0|1:2|2:2|3:2|3:5|3:6|4:2|4:4|4:5|4:6|5:2|5:4|6:2|6:3|6:4|7:3,1915
811,2539,0.7994748687171793,3.0,3.0,0.0,3.0,214,victory,1,0,,0,58,47,0:0|0:1|0:2|0:4|0:5|0:6|0:7|0:8|0:9|1:0|1:2|1:4|1:6|1:7|1:8|2:0|2:2|2:3|2:4|2:6|3:2|3:4|3:6|4:2|4:3|4:4|4:5|4:6|4:7|4:8|4:9|5:0|5:1|5:2|5:8|5:9|6:0|6:1|6:2|6:3|6:4|6:7|6:8|6:9|7:8|7:9|8:8,1915
812,2540,0.7992273068267066,1.0,1.0,0.0,1.0,112,death,0,1,monster,0,38,29,0:0|0:1|0:2|0:4|1:2|1:4|2:2|2:3|2:4|3:2|3:4|3:5|3:6|3:8|4:2|4:3|4:4|4:5|4:6|4:7|4:8|5:0|5:1|5:2|5:8|5:9|6:0|6:1|6:8,1915
813,2541,0.798979744936234,2.0,2.0,0.0,2.0,83,death,0,1,monster,0,31,22,0:0|0:1|0:2|0:4|0:5|0:6|0:7|0:8|0:9|1:2|1:4|2:2|2:3|2:4|3:1|3:2|3:4|4:2|5:1|5:2|6:0|6:1,1915
814,2542,0.7987321830457614,3.0,3.0,0.0,3.0,239,victory,1,0,,0,62,44,0:0|0:1|0:2|0:4|0:5|0:6|0:7|0:8|0:9|1:0|1:2|1:4|1:6|1:7|1:8|1:9|2:0|2:2|2:3|2:4|2:8|2:9|3:0|3:1|3:2|3:4|3:8|3:9|4:2|4:8|4:9|5:0|5:1|5:2|5:8|5:9|6:0|6:1|6:7|6:8|6:9|7:8|7:9|8:8,1916
815,2543,0.7984846211552888,1.0,1.0,0.0,1.0,105,death,0,1,monster,0,22,17,0:0|1:0|2:0|2:2|3:0|3:1|3:2|4:2|4:3|4:4|5:1|5:2|5:4|6:1|6:2|6:3|6:4,1916
816,2544,0.7982370592648163,0.0,0.0,0.0,0.0,13,death,0,1,monster,0,10,8,0:0|0:1|0:2|1:2|2:2|3:2|4:2|4:3,1916
817,2545,0.7979894973743435,2.0,2.0,0.0,2.0,350,truncated,0,0,,1,74,51,0:0|0:1|0:4|0:5|0:6|0:7|0:8|0:9|1:0|1:6|1:7|1:8|1:9|2:0|2:6|2:8|2:9|3:0|3:1|3:2|3:5|3:6|3:8|3:9|4:2|4:3|4:4|4:5|4:6|4:7|4:8|4:9|5:1|5:2|5:6|5:8|5:9|6:6|6:7|6:8|6:9|7:8|7:9|8:7|8:8|8:9|9:5|9:6|9:7|9:8|9:9,1917
818,2546,0.797741935483871,0.0,0.0,0.0,0.0,23,death,0,1,monster,0,10,7,0:0|0:1|0:2|1:0|1:2|2:0|3:0,1917
819,2547,0.7974943735933984,3.0,3.0,0.0,3.0,253,victory,1,0,,0,62,46,0:0|0:4|0:5|0:6|0:7|0:8|0:9|1:0|1:4|1:6|1:7|1:8|1:9|2:0|2:2|2:3|2:4|2:8|2:9|3:0|3:1|3:2|3:4|3:8|3:9|4:2|4:3|4:4|4:5|4:7|4:8|4:9|5:1|5:2|5:4|5:8|5:9|6:1|6:2|6:3|6:4|6:8|7:3|7:8|8:3|8:8,1920
820,2548,0.7972468117029258,3.0,3.0,0.0,3.0,169,victory,1,0,,0,44,38,0:0|0:1|0:2|0:4|0:5|0:6|0:7|0:8|1:0|1:2|1:4|1:7|1:8|2:0|2:2|2:3|2:4|2:8|3:0|3:1|3:2|3:4|3:8|4:2|4:3|4:4|4:7|4:8|5:0|5:1|5:2|5:8|6:0|6:1|6:2|6:8|7:8|8:8,1920
821,2549,0.7969992498124531,2.0,2.0,0.0,2.0,350,truncated,0,0,,1,64,47,0:0|0:1|0:2|0:4|0:5|0:6|0:7|0:8|0:9|1:0|1:2|1:4|1:6|1:7|1:8|1:9|2:0|2:2|2:3|2:4|2:6|2:8|3:0|3:1|3:2|3:4|3:5|3:6|4:2|4:3|4:4|4:5|4:6|4:7|5:0|5:1|5:2|5:6|6:0|6:1|6:2|6:3|6:4|6:6|6:7|7:5|7:6,1922
822,2550,0.7967516879219805,2.0,2.0,0.0,2.0,292,death,0,1,monster,0,62,39,0:0|0:2|0:4|0:5|0:6|0:7|0:8|0:9|1:0|1:2|1:4|1:6|1:7|2:0|2:2|2:3|2:4|2:6|3:0|3:1|3:2|3:4|3:5|3:6|4:2|4:3|4:4|4:5|4:6|5:0|5:1|5:2|5:4|6:0|6:1|6:2|6:3|6:4|7:3,1925
823,2551,0.7965041260315079,2.0,2.0,0.0,2.0,110,death,0,1,monster,0,43,41,0:0|0:1|0:2|0:4|0:5|0:6|0:7|1:0|1:2|1:4|1:7|1:8|2:0|2:2|2:3|2:4|2:8|2:9|3:0|3:1|3:2|3:4|3:9|4:2|4:8|4:9|5:8|6:8|6:9|7:5|7:6|7:8|8:5|8:7|8:8|8:9|9:5|9:6|9:7|9:8|9:9,1926
824,2552,0.7962565641410353,3.0,3.0,0.0,3.0,193,victory,1,0,,0,50,41,0:0|0:1|0:6|0:7|0:8|0:9|1:0|1:6|1:7|1:8|1:9|2:0|2:4|2:6|2:8|3:0|3:1|3:2|3:4|3:5|3:6|3:8|4:2|4:3|4:4|4:5|4:6|4:7|4:8|5:0|5:1|5:2|5:4|5:8|6:0|6:1|6:2|6:8|7:0|7:8|8:8,1926
825,2553,0.7960090022505626,0.0,0.0,0.0,0.0,37,death,0,1,monster,0,13,10,0:0|1:0|2:0|2:2|2:3|2:4|3:0|3:1|3:2|4:2,1926
826,2554,0.79576144036009,3.0,3.0,0.0,3.0,153,victory,1,0,,0,51,43,0:0|0:1|0:2|0:4|0:5|0:6|0:7|0:8|0:9|1:0|1:2|1:4|1:7|1:8|1:9|2:2|2:3|2:4|2:8|3:1|3:2|3:4|3:5|3:8|4:2|4:3|4:8|5:0|5:1|5:2|5:8|5:9|6:0|6:1|6:2|6:3|6:7|6:8|6:9|7:0|7:8|7:9|8:8,1926
827,2555,0.7955138784696174,2.0,2.0,0.0,2.0,159,death,0,1,monster,0,53,46,0:0|0:1|1:0|2:0|3:0|3:1|3:2|3:5|3:6|4:2|4:5|4:6|4:7|4:8|4:9|5:0|5:1|5:2|5:6|5:8|5:9|6:0|6:1|6:2|6:3|6:4|6:7|6:8|6:9|7:3|7:8|7:9|8:2|8:3|8:4|8:5|8:7|8:8|8:9|9:2|9:3|9:4|9:5|9:6|9:7|9:8,1929
828,2556,0.7952663165791448,1.0,1.0,0.0,1.0,39,death,0,1,monster,0,17,17,0:0|0:4|0:5|0:6|0:7|1:0|1:4|1:7|1:8|2:0|2:2|2:3|2:4|2:8|3:0|3:1|3:2,1929
829,2557,0.7950187546886722,2.0,2.0,0.0,2.0,350,truncated,0,0,,1,59,39,0:0|0:1|0:2|0:4|0:5|0:6|0:7|0:8|0:9|1:0|1:2|1:4|1:6|1:7|1:8|1:9|2:0|2:2|2:3|2:4|2:6|2:8|2:9|3:0|3:1|3:2|3:4|3:8|3:9|4:2|4:3|4:8|4:9|5:0|5:1|5:2|6:1|6:2|6:3,1930
830,2558,0.7947711927981995,3.0,3.0,0.0,3.0,200,victory,1,0,,0,45,37,0:0|0:1|0:2|0:4|0:5|0:6|0:7|0:8|0:9|1:0|1:2|1:4|1:6|1:7|1:8|1:9|2:0|2:2|2:3|2:4|2:8|2:9|3:0|3:1|3:2|3:4|3:8|4:2|4:8|5:0|5:1|5:2|5:8|6:1|6:8|7:8|8:8,1930
831,2559,0.7945236309077269,1.0,1.0,0.0,1.0,122,death,0,1,monster,0,28,25,0:0|0:1|1:0|1:6|2:0|2:6|3:0|3:1|3:2|3:5|3:6|4:2|4:3|4:4|4:5|5:0|5:1|5:2|6:0|6:1|6:2|6:3|6:4|7:3|8:3,1930
832,2560,0.7942760690172543,0.0,0.0,0.0,0.0,16,death,0,1,monster,0,9,9,0:0|0:1|0:2|1:0|1:2|2:2|2:3|2:4|3:4,1930
833,2561,0.7940285071267816,3.0,3.0,0.0,3.0,232,victory,1,0,,0,75,47,0:0|0:1|0:2|0:6|0:7|0:8|0:9|1:0|1:2|1:4|1:6|1:7|1:8|1:9|2:0|2:2|2:3|2:4|2:6|2:8|2:9|3:0|3:1|3:2|3:5|3:6|3:8|3:9|4:2|4:3|4:4|4:5|4:8|4:9|5:1|5:2|5:4|5:8|5:9|6:1|6:2|6:8|6:9|7:8|7:9|8:8|8:9,1931
834,2562,0.793780945236309,0.0,0.0,0.0,0.0,67,death,0,1,monster,0,16,12,0:0|1:0|2:0|2:2|2:3|2:4|3:0|3:1|3:2|4:2|4:3|5:2,1931
835,2563,0.7935333833458365,2.0,2.0,0.0,2.0,124,death,0,1,monster,0,53,39,0:0|0:4|0:5|0:6|0:7|0:8|1:0|1:4|1:6|1:7|1:8|1:9|2:0|2:2|2:3|2:4|2:8|3:0|3:1|3:2|3:4|3:8|3:9|4:2|4:3|4:4|4:8|4:9|5:0|5:1|5:2|5:4|5:9|6:0|6:1|6:2|6:3|6:4|6:9,1931
836,2564,0.7932858214553639,1.0,1.0,0.0,1.0,226,death,0,1,monster,0,37,28,0:0|0:2|1:0|1:2|1:4|2:0|2:2|2:4|3:0|3:1|3:2|3:4|3:6|4:2|4:3|4:4|4:5|4:6|5:0|5:1|5:2|5:4|6:0|6:1|6:2|6:3|6:4|7:3,1931
837,2565,0.7930382595648913,0.0,0.0,0.0,0.0,51,death,0,1,monster,0,12,9,0:0|0:1|0:2|1:0|1:2|2:0|2:2|3:0|3:2,1931
838,2566,0.7927906976744186,3.0,3.0,0.0,3.0,310,victory,1,0,,0,69,59,0:0|0:1|0:2|0:4|0:5|0:6|0:7|0:8|0:9|1:2|1:4|1:6|1:7|1:9|2:2|2:3|2:4|2:9|3:1|3:2|3:8|3:9|4:2|4:7|4:8|4:9|5:0|5:1|5:2|5:8|5:9|6:0|6:1|6:6|6:7|6:8|6:9|7:0|7:5|7:6|7:8|7:9|8:0|8:1|8:2|8:3|8:4|8:5|8:7|8:8|8:9|9:2|9:3|9:4|9:5|9:6|9:7|9:8|9:9,1932
839,2567,0.792543135783946,2.0,2.0,0.0,2.0,350,truncated,0,0,,1,66,50,0:0|0:1|0:2|0:4|0:5|0:6|0:7|0:9|1:0|1:2|1:4|1:7|1:8|1:9|2:0|2:2|2:3|2:4|2:8|2:9|3:2|3:4|3:5|3:6|3:8|3:9|4:4|4:5|4:6|4:7|4:8|4:9|5:4|5:6|5:8|5:9|6:6|6:7|6:8|6:9|7:5|7:6|7:8|7:9|8:7|8:8|8:9|9:7|9:8|9:9,1932
840,2568,0.7922955738934734,1.0,1.0,0.0,1.0,350,truncated,0,0,,1,34,22,0:0|0:1|0:2|1:0|1:2|2:2|2:3|2:4|3:1|3:2|3:4|3:5|4:2|4:3|4:4|4:5|5:0|5:1|5:2|6:0|6:1|7:0,1932
841,2569,0.7920480120030007,0.0,0.0,0.0,0.0,22,death,0,1,monster,0,9,9,0:0|0:1|0:2|1:2|2:2|2:3|2:4|3:4|4:4,1932
842,2570,0.7918004501125282,1.0,1.0,0.0,1.0,98,death,0,1,monster,0,24,13,0:0|0:1|0:2|1:2|2:2|2:3|2:4|3:2|4:2|5:1|5:2|6:1|6:2,1932
843,2571,0.7915528882220555,2.0,2.0,0.0,2.0,103,death,0,1,monster,0,49,38,0:0|0:1|0:2|0:5|0:6|0:7|0:8|0:9|1:0|1:2|1:6|1:8|1:9|2:0|2:2|2:6|2:8|3:0|3:1|3:2|3:6|3:8|4:2|4:3|4:4|4:5|4:6|4:7|4:8|4:9|5:8|6:6|6:7|6:8|7:6|7:8|8:8|8:9,1933
844,2572,0.7913053263315829,1.0,1.0,0.0,1.0,82,death,0,1,monster,0,32,27,0:0|0:1|0:2|0:4|0:5|0:6|0:7|1:0|1:2|1:4|1:6|1:7|1:8|2:0|2:2|2:3|2:4|2:6|3:0|3:1|3:2|3:4|3:5|3:6|4:4|4:5|4:6,1933
845,2573,0.7910577644411103,3.0,3.0,0.0,3.0,205,victory,1,0,,0,51,44,0:0|0:1|0:2|0:4|0:5|0:6|0:7|0:8|0:9|1:0|1:2|1:4|1:8|1:9|2:2|2:3|2:4|2:8|2:9|3:0|3:1|3:2|3:4|3:8|3:9|4:2|4:3|4:4|4:8|4:9|5:0|5:1|5:2|5:4|5:8|5:9|6:1|6:2|6:6|6:7|6:8|6:9|7:8|8:8,1933
846,2574,0.7908102025506376,1.0,1.0,0.0,1.0,157,death,0,1,monster,0,42,35,0:0|0:1|0:2|1:0|2:0|2:2|2:3|2:4|3:0|3:1|3:2|3:4|3:5|4:2|4:3|4:4|4:5|5:0|5:1|5:2|5:4|6:0|6:1|6:2|6:3|7:0|7:3|8:0|8:1|8:2|8:3|9:0|9:1|9:2|9:3,1933
847,2575,0.790562640660165,1.0,1.0,0.0,1.0,76,death,0,1,monster,0,29,25,0:0|0:1|0:2|0:4|0:5|0:6|0:7|1:0|1:2|1:4|1:6|1:7|1:8|2:2|2:3|2:4|2:6|2:8|3:8|4:8|4:9|5:8|5:9|6:7|6:8,1933
848,2576,0.7903150787696924,2.0,2.0,0.0,2.0,115,death,0,1,monster,0,38,31,0:0|0:4|0:5|0:6|0:7|0:8|1:0|1:2|1:4|1:8|2:0|2:2|2:3|2:4|2:8|3:0|3:1|3:2|3:8|4:8|5:8|6:8|7:8|7:9|8:7|8:8|8:9|9:6|9:7|9:8|9:9,1935
849,2577,0.7900675168792198,0.0,0.0,0.0,0.0,41,death,0,1,monster,0,12,11,0:0|0:1|0:2|1:0|1:2|2:2|2:3|3:1|3:2|4:2|4:3,1935
850,2578,0.7898199549887472,0.0,0.0,0.0,0.0,27,death,0,1,monster,0,11,8,0:0|1:0|2:0|2:2|3:0|3:1|3:2|4:2,1935
851,2579,0.7895723930982745,2.0,2.0,0.0,2.0,111,death,0,1,monster,0,41,28,0:0|0:1|0:2|0:4|0:5|0:6|0:7|0:8|1:0|1:2|1:4|1:6|1:7|1:8|1:9|2:2|2:3|2:4|2:6|3:1|3:2|3:4|4:2|4:3|4:4|5:2|6:1|6:2,1936
852,2580,0.789324831207802,3.0,3.0,0.0,3.0,123,victory,1,0,,0,59,51,0:0|0:1|0:2|0:4|0:5|0:6|0:7|1:2|1:4|1:6|1:7|1:8|2:2|2:3|2:4|2:8|3:4|3:5|3:8|4:7|4:8|4:9|5:0|5:1|5:8|5:9|6:0|6:1|6:3|6:7|6:8|6:9|7:0|7:3|7:5|7:8|8:0|8:1|8:2|8:3|8:4|8:5|8:7|8:8|9:0|9:1|9:3|9:4|9:5|9:6|9:7,1941
853,2581,0.7890772693173294,3.0,3.0,0.0,3.0,207,victory,1,0,,0,55,44,0:0|0:4|0:5|0:6|0:7|0:8|1:0|1:4|1:6|1:8|1:9|2:0|2:4|2:8|2:9|3:0|3:1|3:2|3:4|3:6|3:8|3:9|4:2|4:4|4:5|4:6|4:7|4:8|4:9|5:2|5:4|5:6|5:8|5:9|6:1|6:2|6:3|6:4|6:6|6:7|6:8|6:9|7:8|8:8,1942
854,2582,0.7888297074268567,0.0,0.0,0.0,0.0,112,death,0,1,monster,0,15,14,0:0|0:1|0:2|0:4|0:5|0:6|1:2|1:4|2:2|2:3|2:4|3:1|3:2|3:4,1942
855,2583,0.7885821455363842,0.0,0.0,0.0,0.0,32,death,0,1,monster,0,13,7,0:0|0:1|0:2|1:0|1:2|2:2|3:2,1942
856,2584,0.7883345836459115,1.0,1.0,0.0,1.0,235,death,0,1,monster,0,53,36,0:0|0:1|0:2|1:0|1:2|2:2|2:3|2:4|3:4|3:5|4:3|4:4|4:5|5:4|6:0|6:1|6:2|6:3|6:4|7:0|7:3|7:5|7:6|8:0|8:1|8:2|8:3|8:4|8:5|9:0|9:1|9:2|9:3|9:4|9:5|9:6,1943
857,2585,0.7880870217554389,3.0,3.0,0.0,3.0,187,victory,1,0,,0,55,46,0:0|0:1|0:2|0:6|0:7|1:2|1:6|2:2|2:6|2:9|3:0|3:1|3:2|3:5|3:6|3:8|3:9|4:2|4:5|4:6|4:7|4:8|4:9|5:0|5:1|5:2|5:8|5:9|6:1|6:2|6:3|6:9|7:3|7:8|7:9|8:3|8:4|8:5|8:7|8:8|8:9|9:5|9:6|9:7|9:8|9:9,1943
858,2586,0.7878394598649663,3.0,3.0,0.0,3.0,214,victory,1,0,,0,52,38,0:0|0:1|0:2|0:4|0:5|0:6|0:7|1:2|1:4|1:7|1:8|1:9|2:2|2:4|2:8|2:9|3:1|3:2|3:4|3:8|3:9|4:2|4:4|4:8|4:9|5:0|5:1|5:2|5:4|5:8|5:9|6:1|6:2|6:3|6:4|6:8|7:8|8:8,1943
859,2587,0.7875918979744936,0.0,0.0,0.0,0.0,11,death,0,1,monster,0,6,6,0:0|0:1|0:2|1:2|2:2|2:3,1943
860,2588,0.787344336084021,1.0,1.0,0.0,1.0,233,death,0,1,monster,0,48,32,0:0|0:1|0:2|0:4|0:5|0:6|1:0|1:2|1:4|1:6|2:0|2:2|2:3|2:4|3:0|3:1|3:2|3:4|3:5|3:6|4:2|4:3|4:4|4:5|4:6|4:7|5:2|5:4|6:1|6:2|6:3|6:4,1943
861,2589,0.7870967741935484,1.0,1.0,0.0,1.0,79,death,0,1,monster,0,19,17,0:0|0:1|0:2|1:0|1:2|2:0|3:0|3:1|3:2|4:2|4:3|5:1|5:2|6:1|6:2|6:3|7:3,1944
862,2590,0.7868492123030758,2.0,2.0,0.0,2.0,231,death,0,1,monster,0,47,43,0:0|0:1|0:2|0:4|0:5|0:6|0:7|0:8|1:0|1:2|1:4|1:7|1:8|1:9|2:0|2:2|2:3|2:4|2:8|3:0|3:1|3:2|3:4|3:5|3:6|3:8|4:2|4:3|4:8|5:1|5:2|5:8|5:9|6:7|6:8|6:9|7:8|7:9|8:8|8:9|9:7|9:8|9:9,1947
863,2591,0.7866016504126031,3.0,3.0,0.0,3.0,263,victory,1,0,,0,65,51,0:0|0:1|0:2|0:4|0:5|0:6|0:7|0:8|0:9|1:0|1:2|1:4|1:6|1:7|1:8|1:9|2:0|2:2|2:3|2:4|2:8|2:9|3:0|3:1|3:2|3:4|3:5|3:6|3:8|4:2|4:3|4:4|4:5|4:8|4:9|5:0|5:1|5:2|5:8|5:9|6:0|6:1|6:2|6:3|6:8|6:9|7:0|7:8|7:9|8:0|8:8,1947
864,2592,0.7863540885221305,1.0,1.0,0.0,1.0,107,death,0,1,monster,0,31,19,0:0|1:0|2:0|2:2|2:3|3:0|3:1|3:2|4:2|4:3|4:4|5:0|5:1|5:2|6:0|6:1|6:2|6:3|7:0,1947
865,2593,0.7861065266316579,2.0,2.0,0.0,2.0,350,truncated,0,0,,1,60,48,0:0|0:1|0:2|0:4|0:5|0:6|0:7|0:8|0:9|1:0|1:2|1:4|1:7|1:8|1:9|2:2|2:3|2:4|2:8|2:9|3:1|3:2|3:4|3:8|3:9|4:2|4:3|4:8|4:9|5:0|5:1|5:2|5:8|5:9|6:0|6:1|6:2|6:3|6:6|6:7|6:8|6:9|7:0|7:8|8:0|9:0|9:1|9:2,1947
866,2594,0.7858589647411853,1.0,1.0,0.0,1.0,100,death,0,1,monster,0,29,18,0:0|0:1|1:0|2:0|2:2|3:0|3:1|3:2|4:2|5:0|5:1|5:2|6:0|6:1|6:2|6:3|6:4|7:3,1947
867,2595,0.7856114028507126,2.0,2.0,0.0,2.0,201,death,0,1,monster,0,38,34,0:0|0:1|0:2|1:2|2:2|3:2|4:2|5:0|5:1|5:2|5:8|5:9|6:0|6:1|6:2|6:8|6:9|7:0|7:9|8:0|8:1|8:2|8:3|8:4|8:7|8:8|8:9|9:3|9:4|9:5|9:6|9:7|9:8|9:9,1949
868,2596,0.78536384096024,2.0,2.0,0.0,2.0,109,death,0,1,monster,0,41,32,0:0|0:1|0:2|0:4|0:5|0:6|0:7|0:8|1:0|1:2|1:4|1:6|1:7|1:8|2:0|2:2|2:3|2:4|2:8|2:9|3:0|3:1|3:2|3:8|4:2|5:1|5:2|5:4|6:1|6:2|6:3|6:4,1949
869,2597,0.7851162790697674,3.0,3.0,0.0,3.0,131,victory,1,0,,0,40,35,0:0|0:1|0:2|0:7|1:2|1:6|1:7|2:2|2:3|2:6|3:2|3:6|4:2|4:6|5:1|5:2|5:6|6:1|6:2|6:3|6:6|6:7|6:8|7:3|7:8|7:9|8:3|8:4|8:8|9:4|9:5|9:6|9:7|9:8|9:9,1949
870,2598,0.7848687171792949,3.0,3.0,0.0,3.0,217,victory,1,0,,0,59,49,0:0|0:1|0:2|0:4|0:5|0:6|0:7|0:8|0:9|1:0|1:4|1:6|1:7|1:8|1:9|2:0|2:2|2:4|2:8|2:9|3:0|3:1|3:2|3:4|3:8|3:9|4:2|4:4|4:7|4:8|4:9|5:0|5:1|5:2|5:4|5:8|5:9|6:0|6:1|6:2|6:3|6:4|6:7|6:8|6:9|7:0|7:8|7:9|8:8,1949
871,2599,0.7846211552888223,1.0,1.0,0.0,1.0,175,death,0,1,monster,0,24,16,0:0|1:0|2:0|3:0|3:1|3:2|4:2|4:3|5:0|5:1|5:2|6:0|6:1|6:2|6:3|7:0,1949
872,2600,0.7843735933983496,1.0,1.0,0.0,1.0,105,death,0,1,monster,0,37,29,0:0|0:1|0:2|1:0|1:2|2:0|2:2|3:0|3:1|3:2|3:5|3:8|4:2|4:3|4:4|4:5|4:6|4:7|4:8|5:0|5:1|5:2|5:8|5:9|6:0|6:1|6:2|6:8|6:9,1949
873,2601,0.784126031507877,2.0,2.0,0.0,2.0,185,death,0,1,monster,0,50,38,0:0|0:1|0:4|0:5|0:6|0:7|0:8|0:9|1:0|1:2|1:4|1:7|1:8|1:9|2:0|2:2|2:3|2:4|2:8|3:0|3:1|3:2|3:4|3:8|3:9|4:2|4:9|5:0|5:1|5:2|5:8|5:9|6:0|6:1|6:2|6:3|6:8|6:9,1949
874,2602,0.7838784696174044,1.0,1.0,0.0,1.0,139,death,0,1,monster,0,48,23,0:0|0:1|0:2|1:0|1:2|2:0|2:2|2:3|2:4|3:0|3:1|3:2|3:4|4:2|4:4|5:1|5:2|5:4|6:1|6:2|6:3|6:4|7:3,1950
875,2603,0.7836309077269317,2.0,2.0,0.0,2.0,139,death,0,1,monster,0,57,40,0:0|0:4|0:5|0:6|0:7|0:8|0:9|1:0|1:4|1:6|1:7|1:8|1:9|2:0|2:2|2:3|2:4|2:6|2:8|2:9|3:0|3:1|3:2|3:6|3:8|3:9|4:2|4:6|4:7|4:8|4:9|5:1|5:2|5:8|5:9|6:1|6:7|6:8|6:9|7:9,1950
876,2604,0.7833833458364591,2.0,2.0,0.0,2.0,204,death,0,1,monster,0,49,33,0:0|0:1|0:2|0:4|0:5|0:6|0:7|0:8|0:9|1:0|1:2|1:4|1:8|1:9|2:0|2:2|2:3|2:4|2:9|3:0|3:1|3:2|3:4|4:2|4:3|4:4|5:0|5:1|5:2|5:4|6:0|6:1|6:2,1950
877,2605,0.7831357839459865,3.0,3.0,0.0,3.0,110,victory,1,0,,0,52,40,0:0|0:4|0:5|0:6|0:7|1:0|1:4|1:6|1:7|2:0|2:2|2:3|2:4|2:6|3:0|3:1|3:2|3:4|3:5|3:6|3:9|4:2|4:3|4:4|4:5|4:6|4:7|4:8|4:9|5:1|5:2|5:4|5:8|6:1|6:2|6:3|6:4|6:8|7:8|8:8,1951
878,2606,0.7828882220555139,2.0,2.0,0.0,2.0,111,death,0,1,monster,0,52,36,0:0|0:2|0:6|0:7|0:8|1:0|1:2|1:4|1:6|1:7|1:8|1:9|2:0|2:2|2:3|2:4|2:6|2:8|2:9|3:0|3:1|3:2|3:4|3:5|3:6|3:8|4:2|4:6|4:7|4:8|5:1|5:2|5:6|6:1|6:2|6:3,1952
879,2607,0.7826406601650413,2.0,2.0,0.0,2.0,224,death,0,1,monster,0,56,42,0:0|0:4|0:5|0:6|0:7|0:8|1:0|1:2|1:4|1:6|1:7|1:8|2:0|2:2|2:3|2:4|2:8|2:9|3:0|3:1|3:2|3:4|3:5|3:8|3:9|4:2|4:3|4:4|4:5|4:7|4:8|4:9|5:0|5:1|5:2|5:8|5:9|6:1|6:8|6:9|7:9|8:9,1952
880,2608,0.7823930982745686,0.0,0.0,0.0,0.0,29,death,0,1,monster,0,13,9,0:0|1:0|2:0|2:2|3:0|3:1|3:2|4:2|4:3,1952
881,2609,0.782145536384096,2.0,2.0,0.0,2.0,221,death,0,1,monster,0,74,54,0:0|0:1|0:2|0:6|1:0|1:2|1:4|1:6|1:7|1:8|1:9|2:0|2:2|2:3|2:4|2:8|2:9|3:0|3:1|3:2|3:4|3:8|3:9|4:2|4:3|4:4|4:6|4:7|4:8|4:9|5:1|5:2|5:6|5:8|6:1|6:2|6:3|6:6|6:7|6:8|6:9|7:3|7:8|7:9|8:3|8:4|8:5|8:7|8:8|9:3|9:4|9:5|9:6|9:7,1956
882,2610,0.7818979744936234,1.0,1.0,0.0,1.0,91,death,0,1,monster,0,30,25,0:0|0:4|0:5|0:6|1:0|1:4|1:6|1:7|1:8|2:0|2:2|2:3|2:4|2:6|3:0|3:1|3:2|4:2|5:0|5:1|5:2|6:0|6:1|6:2|7:0,1956
883,2611,0.7816504126031508,3.0,3.0,0.0,3.0,142,victory,1,0,,0,52,46,0:0|0:1|0:2|0:7|0:8|0:9|1:2|1:6|1:7|1:8|1:9|2:2|2:6|2:8|3:1|3:2|3:4|3:5|3:6|3:8|3:9|4:2|4:3|4:4|4:6|4:7|4:8|5:8|6:1|6:2|6:3|6:4|6:8|7:3|7:5|7:6|7:8|8:3|8:4|8:5|8:7|8:8|9:4|9:5|9:6|9:7,1956
884,2612,0.7814028507126782,3.0,3.0,0.0,3.0,73,victory,1,0,,0,41,33,0:0|0:4|0:5|0:6|0:7|1:0|1:4|1:6|2:0|2:2|2:3|2:4|2:6|3:0|3:1|3:2|3:5|3:6|4:2|4:3|4:5|4:6|4:7|4:8|5:2|5:8|6:0|6:1|6:2|6:3|6:8|7:8|8:8,1956
885,2613,0.7811552888222055,2.0,2.0,0.0,2.0,297,death,0,1,monster,0,78,56,0:0|0:1|0:2|0:4|0:5|0:6|0:7|1:0|1:2|1:4|1:7|1:8|2:0|2:2|2:3|2:4|2:6|2:8|3:0|3:1|3:2|3:4|3:6|3:8|4:2|4:3|4:4|4:5|4:6|4:7|4:8|5:1|5:2|5:4|5:6|5:8|6:0|6:1|6:2|6:3|6:4|6:6|6:7|6:8|6:9|7:0|7:3|7:8|7:9|8:0|8:1|8:2|8:3|9:1|9:2|9:3,1956
886,2614,0.7809077269317329,0.0,0.0,0.0,0.0,58,death,0,1,monster,0,19,13,0:0|0:1|1:0|2:0|3:0|3:1|3:2|4:2|4:3|4:4|4:5|5:2|5:4,1956
887,2615,0.7806601650412603,1.0,1.0,0.0,1.0,92,death,0,1,monster,0,32,26,0:0|1:0|1:2|1:6|2:0|2:2|2:6|3:0|3:1|3:2|3:6|4:2|4:3|4:4|4:5|4:6|5:0|5:1|5:2|5:6|6:0|6:1|6:2|6:3|7:0|8:0,1958
888,2616,0.7804126031507876,2.0,2.0,0.0,2.0,150,death,0,1,monster,0,49,34,0:0|0:1|0:2|0:4|0:5|0:6|0:7|0:8|0:9|1:0|1:2|1:4|1:6|1:7|1:8|1:9|2:2|2:3|2:4|2:8|2:9|3:1|3:2|3:8|3:9|4:2|4:3|5:0|5:1|5:2|6:0|6:1|6:2|6:3,1958
889,2617,0.780165041260315,1.0,1.0,0.0,1.0,89,death,0,1,monster,0,28,22,0:0|0:1|1:0|1:2|2:0|2:2|2:3|2:4|3:0|3:1|3:2|4:2|5:0|5:1|5:2|6:0|6:1|6:2|6:3|7:0|7:3|8:0,1958
890,2618,0.7799174793698425,3.0,3.0,0.0,3.0,151,victory,1,0,,0,48,40,0:0|0:1|0:4|0:5|0:6|0:7|0:8|0:9|1:0|1:4|1:6|1:7|1:8|1:9|2:0|2:2|2:3|2:4|2:8|2:9|3:0|3:1|3:2|3:8|3:9|4:2|4:8|5:0|5:1|5:2|5:8|5:9|6:0|6:1|6:2|6:8|6:9|7:9|8:8|8:9,1958
891,2619,0.7796699174793699,0.0,0.0,0.0,0.0,65,death,0,1,monster,0,23,20,0:0|1:0|1:2|2:0|2:2|2:4|3:0|3:1|3:2|3:4|3:5|3:6|4:2|4:3|4:4|5:2|5:4|6:2|6:3|6:4,1958
892,2620,0.7794223555888973,0.0,0.0,0.0,0.0,36,death,0,1,monster,0,11,5,0:0|0:1|0:2|1:0|1:2,1958
893,2621,0.7791747936984246,0.0,0.0,0.0,0.0,17,death,0,1,monster,0,8,8,0:0|1:0|2:0|3:0|3:1|3:2|4:2|4:3,1958
894,2622,0.778927231807952,2.0,2.0,0.0,2.0,130,death,0,1,monster,0,43,36,0:0|0:1|0:2|0:4|0:5|0:6|0:7|0:8|1:0|1:2|1:4|1:7|1:8|1:9|2:0|2:2|2:3|2:4|3:0|3:1|3:2|3:4|4:2|5:0|5:1|5:2|6:0|6:1|6:2|6:3|6:4|7:3|8:3|8:4|9:3|9:4,1958
895,2623,0.7786796699174794,1.0,1.0,0.0,1.0,52,death,0,1,monster,0,25,13,0:0|0:1|1:0|2:0|2:2|3:0|3:1|3:2|4:2|4:3|5:1|5:2|6:1,1958
896,2624,0.7784321080270067,1.0,1.0,0.0,1.0,238,death,0,1,monster,0,29,19,0:0|0:1|0:2|1:0|1:2|2:0|2:2|2:3|3:0|3:1|3:2|4:2|4:3|5:0|5:1|5:2|6:0|6:1|6:2,1958
897,2625,0.7781845461365342,1.0,1.0,0.0,1.0,82,death,0,1,monster,0,25,15,0:0|0:1|0:2|1:2|2:2|3:0|3:1|3:2|4:2|4:3|5:1|5:2|6:1|6:2|6:3,1958
898,2626,0.7779369842460615,0.0,0.0,0.0,0.0,14,death,0,1,monster,0,8,5,0:0|1:0|2:0|3:0|3:1,1958
899,2627,0.7776894223555889,1.0,1.0,0.0,1.0,57,death,0,1,monster,0,29,21,0:0|0:4|1:0|1:2|1:4|2:0|2:2|2:3|2:4|3:0|3:1|3:2|3:4|4:2|5:0|5:1|5:2|6:0|6:1|6:2|7:0,1959
900,2628,0.7774418604651163,3.0,3.0,0.0,3.0,114,victory,1,0,,0,46,43,0:0|0:1|0:2|0:6|0:7|0:8|0:9|1:2|1:6|1:7|1:8|1:9|2:2|2:6|2:8|2:9|3:2|3:6|3:8|3:9|4:2|4:3|4:4|4:5|4:6|4:8|4:9|5:0|5:1|5:2|5:4|5:8|5:9|6:0|6:1|6:2|6:7|6:8|7:0|7:8|7:9|8:8|8:9,1959
901,2629,0.7771942985746436,0.0,0.0,0.0,0.0,22,death,0,1,monster,0,10,9,0:0|0:1|1:0|2:0|2:2|2:3|3:0|3:1|3:2,1959
902,2630,0.776946736684171,0.0,0.0,0.0,0.0,40,death,0,1,monster,0,11,5,0:0|0:1|1:0|2:0|3:0,1959
903,2631,0.7766991747936984,3.0,3.0,0.0,3.0,301,victory,1,0,,0,73,60,0:0|0:1|0:2|0:4|0:5|0:6|0:7|0:8|0:9|1:0|1:2|1:4|1:6|1:7|1:8|1:9|2:0|2:2|2:3|2:4|2:8|2:9|3:0|3:1|3:2|3:8|3:9|4:7|4:8|4:9|5:6|5:8|5:9|6:0|6:1|6:6|6:7|6:8|6:9|7:0|7:3|7:5|7:6|7:8|7:9|8:0|8:1|8:2|8:3|8:8|8:9|9:1|9:2|9:3|9:4|9:5|9:6|9:7|9:8|9:9,1959
904,2632,0.7764516129032258,2.0,2.0,0.0,2.0,273,death,0,1,monster,0,66,52,0:0|0:1|0:2|1:0|1:2|1:6|2:0|2:2|2:4|2:6|3:0|3:1|3:2|3:4|3:5|3:6|4:2|4:3|4:4|4:5|4:6|5:0|5:1|5:2|5:4|5:6|6:0|6:1|6:2|6:3|6:4|6:6|6:7|6:8|7:0|7:3|7:8|8:0|8:1|8:2|8:3|8:4|8:8|8:9|9:2|9:3|9:4|9:5|9:6|9:7|9:8|9:9,1959
905,2633,0.7762040510127532,3.0,3.0,0.0,3.0,159,victory,1,0,,0,59,48,0:0|0:1|0:2|0:4|0:5|0:6|0:7|0:8|0:9|1:0|1:2|1:4|1:6|1:7|1:8|1:9|2:0|2:2|2:3|2:4|2:8|2:9|3:0|3:1|3:2|3:4|3:5|3:6|3:8|3:9|4:2|4:4|4:6|4:7|4:8|4:9|5:0|5:1|5:2|5:4|5:6|5:8|6:0|6:1|6:2|6:8|7:8|8:8,1959
906,2634,0.7759564891222805,0.0,0.0,0.0,0.0,30,death,0,1,monster,0,7,5,0:0|1:0|2:0|3:0|3:1,1959
907,2635,0.775708927231808,1.0,1.0,0.0,1.0,51,death,0,1,monster,0,17,11,0:0|0:1|1:0|2:0|3:0|3:1|3:2|4:2|5:2|6:1|6:2,1959
908,2636,0.7754613653413354,0.0,0.0,0.0,0.0,54,death,0,1,monster,0,15,8,0:0|0:1|0:2|1:0|1:2|2:0|2:2|3:2,1959
909,2637,0.7752138034508627,2.0,2.0,0.0,2.0,208,death,0,1,monster,0,56,44,0:0|0:1|0:2|1:0|1:2|2:0|2:2|2:6|3:0|3:1|3:2|3:6|4:2|4:6|4:7|4:8|5:0|5:1|5:2|5:6|5:8|6:0|6:1|6:2|6:3|6:4|6:6|6:8|6:9|7:0|7:3|7:5|7:8|8:0|8:3|8:4|8:5|8:7|8:8|9:4|9:5|9:6|9:7|9:8,1960
910,2638,0.7749662415603901,3.0,3.0,0.0,3.0,149,victory,1,0,,0,59,41,0:0|0:1|0:2|0:4|0:5|0:6|0:7|0:8|0:9|1:0|1:2|1:4|1:6|1:7|1:8|1:9|2:0|2:2|2:3|2:4|2:8|3:0|3:1|3:2|3:4|3:8|4:2|4:3|4:8|4:9|5:0|5:1|5:2|5:8|6:0|6:1|6:2|6:3|6:8|7:8|8:8,1961
911,2639,0.7747186796699175,2.0,2.0,0.0,2.0,167,death,0,1,monster,0,57,42,0:0|0:1|0:2|0:4|0:5|0:6|0:7|0:8|0:9|1:0|1:2|1:4|1:9|2:0|2:2|2:3|2:4|2:9|3:0|3:1|3:2|3:4|3:5|3:6|3:9|4:2|4:3|4:4|4:5|4:6|4:8|4:9|5:1|5:2|5:4|5:6|5:8|6:1|6:2|6:6|6:7|6:8,1964
912,2640,0.7744711177794449,3.0,3.0,0.0,3.0,236,victory,1,0,,0,58,47,0:0|0:1|0:2|0:4|0:5|0:6|0:7|1:2|1:4|1:6|1:7|1:8|1:9|2:0|2:2|2:3|2:4|2:6|2:8|2:9|3:0|3:1|3:2|3:5|3:6|3:8|3:9|4:2|4:5|4:6|4:7|4:8|4:9|5:0|5:1|5:2|5:6|5:8|5:9|6:0|6:1|6:2|6:6|6:7|6:8|7:8|8:8,1964
913,2641,0.7742235558889723,2.0,2.0,0.0,2.0,167,death,0,1,monster,0,42,33,0:0|0:1|0:2|0:5|0:6|0:7|0:8|1:0|1:2|1:6|1:7|2:0|2:2|2:3|2:6|3:0|3:1|3:2|3:5|3:6|4:2|4:3|4:4|4:5|5:0|5:1|5:2|5:4|6:0|6:1|6:2|6:3|6:4,1964
914,2642,0.7739759939984996,2.0,2.0,0.0,2.0,288,death,0,1,monster,0,54,47,0:0|0:1|0:2|0:4|0:5|0:6|0:7|0:8|1:0|1:2|1:4|1:6|1:7|1:8|1:9|2:0|2:2|2:3|2:4|2:6|2:8|2:9|3:0|3:1|3:2|3:4|3:6|3:8|3:9|4:2|4:3|4:4|4:5|4:6|4:7|4:8|4:9|5:1|5:2|5:4|5:9|6:1|6:2|6:3|6:4|6:9|7:9,1964
915,2643,0.773728432108027,2.0,2.0,0.0,2.0,187,death,0,1,monster,0,64,45,0:0|0:1|0:2|0:4|0:5|0:6|0:7|0:8|0:9|1:0|1:2|1:4|1:6|1:7|1:8|1:9|2:2|2:3|2:4|2:8|2:9|3:0|3:1|3:2|3:4|3:8|3:9|4:2|4:3|4:4|4:6|4:7|4:8|4:9|5:1|5:2|5:6|5:8|5:9|6:1|6:2|6:6|6:7|6:8|6:9,1965
916,2644,0.7734808702175544,3.0,3.0,0.0,3.0,193,victory,1,0,,0,51,43,0:0|0:1|0:2|0:4|0:5|0:6|0:7|0:8|0:9|1:0|1:2|1:4|1:7|1:8|1:9|2:2|2:3|2:4|2:8|2:9|3:2|3:4|3:5|3:8|3:9|4:2|4:3|4:4|4:5|4:6|4:7|4:8|4:9|5:1|5:2|5:8|5:9|6:1|6:2|6:8|6:9|7:8|8:8,1965
917,2645,0.7732333083270818,0.0,0.0,0.0,0.0,61,death,0,1,monster,0,21,18,0:0|1:0|2:0|2:2|3:0|3:1|3:2|3:6|4:2|4:3|4:4|4:5|4:6|5:0|5:1|5:2|6:2|6:3,1965
918,2646,0.7729857464366091,2.0,2.0,0.0,2.0,87,death,0,1,monster,0,37,30,0:0|0:4|0:5|0:6|0:7|1:0|1:4|1:7|1:8|2:0|2:3|2:4|2:8|3:0|3:1|3:2|3:4|3:8|3:9|4:2|4:3|4:4|4:8|4:9|5:0|5:1|5:2|6:0|6:1|7:0,1965
919,2647,0.7727381845461365,3.0,3.0,0.0,3.0,171,victory,1,0,,0,52,43,0:0|0:1|0:4|0:5|0:6|0:7|0:8|0:9|1:0|1:4|1:9|2:0|2:4|2:8|2:9|3:0|3:1|3:2|3:4|3:8|3:9|4:2|4:3|4:4|4:7|4:8|4:9|5:0|5:1|5:2|5:8|5:9|6:0|6:1|6:2|6:6|6:7|6:8|6:9|7:8|7:9|8:8|8:9,1965
920,2648,0.7724906226556639,1.0,1.0,0.0,1.0,30,death,0,1,monster,0,18,15,0:0|0:1|0:2|1:2|2:2|2:3|2:4|3:2|3:4|4:2|5:0|5:1|5:2|6:0|6:1,1965
921,2649,0.7722430607651913,3.0,3.0,0.0,3.0,200,victory,1,0,,0,60,41,0:0|0:4|0:5|0:6|0:7|0:8|0:9|1:0|1:2|1:4|1:6|1:7|1:8|2:0|2:2|2:3|2:4|2:8|2:9|3:0|3:1|3:2|3:8|3:9|4:2|4:3|4:8|4:9|5:0|5:1|5:2|5:8|5:9|6:0|6:1|6:2|6:8|6:9|7:8|7:9|8:8,1966
922,2650,0.7719954988747186,1.0,1.0,0.0,1.0,201,death,0,1,monster,0,55,29,0:0|0:1|0:2|1:0|1:2|2:0|2:2|3:0|3:1|3:2|4:2|4:3|5:0|5:1|5:2|6:0|6:1|6:2|6:3|7:3|7:5|8:0|8:1|8:2|8:3|8:4|8:5|9:1|9:3,1967
923,2651,0.771747936984246,1.0,1.0,0.0,1.0,46,death,0,1,monster,0,17,16,0:0|0:1|1:0|2:0|3:0|3:1|3:2|4:2|4:3|5:0|5:1|5:2|6:0|6:1|6:2|6:3,1967
924,2652,0.7715003750937734,1.0,1.0,0.0,1.0,150,death,0,1,monster,0,38,26,0:0|0:1|0:2|1:0|1:2|2:0|2:2|3:0|3:1|3:2|4:2|4:3|5:0|5:1|5:2|6:0|6:1|6:2|6:3|7:0|8:0|8:1|8:2|9:0|9:1|9:2,1967
925,2653,0.7712528132033009,2.0,2.0,0.0,2.0,264,death,0,1,monster,0,58,40,0:0|0:6|0:7|0:8|0:9|1:0|1:2|1:6|1:7|1:8|1:9|2:0|2:2|2:3|2:4|2:6|2:8|2:9|3:0|3:1|3:2|3:4|3:5|3:6|3:8|3:9|4:2|4:3|4:5|4:6|4:7|4:8|4:9|5:0|5:1|5:2|6:0|6:1|6:2|7:0,1968
926,2654,0.7710052513128283,0.0,0.0,0.0,0.0,31,death,0,1,monster,0,12,10,0:0|1:0|2:0|3:0|3:1|3:2|4:2|4:3|4:4|4:5,1968
927,2655,0.7707576894223556,1.0,1.0,0.0,1.0,120,death,0,1,monster,0,22,22,0:0|0:1|0:2|1:0|1:2|2:0|2:2|2:3|3:0|3:1|3:2|4:2|4:3|5:0|5:1|5:2|6:0|6:1|6:2|7:0|8:0|9:0,1969
928,2656,0.770510127531883,2.0,2.0,0.0,2.0,350,truncated,0,0,,1,65,49,0:0|0:4|0:5|0:6|0:7|0:8|0:9|1:0|1:2|1:4|1:6|1:7|1:8|1:9|2:0|2:2|2:3|2:4|2:8|2:9|3:0|3:1|3:2|3:4|3:5|3:6|3:8|3:9|4:2|4:3|4:4|4:5|4:6|4:7|4:8|4:9|5:0|5:1|5:2|5:4|5:6|5:8|5:9|6:0|6:1|6:2|6:4|6:6|6:9,1970
929,2657,0.7702625656414104,0.0,0.0,0.0,0.0,30,death,0,1,monster,0,13,9,0:0|1:0|1:2|2:0|2:2|2:3|3:0|3:1|3:2,1970
930,2658,0.7700150037509377,2.0,2.0,0.0,2.0,133,death,0,1,monster,0,49,34,0:0|0:4|0:5|0:6|0:7|0:8|0:9|1:0|1:2|1:4|1:7|1:8|2:0|2:2|2:3|2:4|2:8|3:0|3:1|3:2|3:4|3:5|4:2|4:3|4:4|4:5|4:6|4:7|5:0|5:1|5:2|6:0|6:1|6:2,1970
931,2659,0.7697674418604651,3.0,3.0,0.0,3.0,252,victory,1,0,,0,60,51,0:0|0:1|0:2|0:6|0:7|0:8|1:0|1:2|1:4|1:6|1:8|2:0|2:2|2:3|2:4|2:6|2:8|3:0|3:1|3:2|3:4|3:5|3:6|3:8|3:9|4:2|4:3|4:4|4:5|4:7|4:8|4:9|5:0|5:1|5:2|5:8|5:9|6:0|6:1|6:2|6:3|6:4|6:6|6:7|6:8|6:9|7:3|7:8|7:9|8:3|8:8,1970
932,2660,0.7695198799699925,2.0,2.0,0.0,2.0,150,death,0,1,monster,0,54,42,0:0|0:1|0:2|0:4|0:5|0:6|0:7|0:8|0:9|1:2|1:4|1:6|1:7|1:8|2:2|2:3|2:4|2:6|3:1|3:2|3:4|3:5|3:6|3:8|3:9|4:2|4:3|4:4|4:5|4:6|4:7|4:8|5:0|5:1|5:2|6:0|6:1|6:2|6:3|7:3|8:3|8:4,1971
933,2661,0.7692723180795199,0.0,0.0,0.0,0.0,38,death,0,1,monster,0,13,11,0:0|1:0|1:2|2:0|2:2|2:3|2:4|3:0|3:1|3:2|4:2,1971
934,2662,0.7690247561890473,3.0,3.0,0.0,3.0,194,victory,1,0,,0,54,46,0:0|0:2|0:4|0:5|0:6|0:7|0:8|1:0|1:2|1:4|1:7|1:8|2:0|2:2|2:3|2:4|2:8|3:0|3:1|3:2|3:4|3:5|3:6|3:8|3:9|4:2|4:3|4:5|4:6|4:7|4:8|4:9|5:1|5:2|5:8|5:9|6:1|6:2|6:7|6:8|6:9|7:8|7:9|8:8|8:9|9:9,1973
935,2663,0.7687771942985746,3.0,3.0,0.0,3.0,129,victory,1,0,,0,45,43,0:0|0:1|0:2|0:4|0:5|0:6|0:7|1:0|1:2|1:4|1:6|1:7|1:8|1:9|2:2|2:4|2:6|2:8|2:9|3:0|3:1|3:2|3:4|3:5|3:6|3:8|3:9|4:2|4:3|4:4|4:5|4:8|5:0|5:1|5:2|5:8|6:0|6:1|6:2|6:8|7:8|7:9|8:8,1973
936,2664,0.768529632408102,0.0,0.0,0.0,0.0,38,death,0,1,monster,0,13,11,0:0|0:1|0:2|1:0|1:2|2:0|2:2|2:3|3:2|4:2|4:3,1973
937,2665,0.7682820705176294,1.0,1.0,0.0,1.0,85,death,0,1,monster,0,28,22,0:0|0:1|0:2|0:4|0:5|1:0|1:2|1:4|2:0|2:2|2:3|2:4|3:0|3:1|3:2|4:2|5:0|5:1|5:2|6:0|6:1|6:2,1973
938,2666,0.7680345086271568,0.0,0.0,0.0,0.0,30,death,0,1,monster,0,11,7,0:0|0:1|0:2|1:2|2:2|2:3|3:2,1973
939,2667,0.7677869467366842,1.0,1.0,0.0,1.0,350,truncated,0,0,,1,63,35,0:0|0:1|0:2|0:4|0:5|0:6|1:0|1:2|1:4|1:6|2:0|2:2|2:3|2:4|2:6|3:0|3:1|3:2|3:4|3:5|3:6|4:2|4:3|4:4|4:5|4:6|4:7|5:0|5:1|5:2|5:4|6:0|6:1|6:2|6:3,1973
940,2668,0.7675393848462115,3.0,3.0,0.0,3.0,190,victory,1,0,,0,51,42,0:0|0:1|0:2|0:4|0:5|0:6|0:7|1:0|1:2|1:4|1:7|1:8|1:9|2:0|2:2|2:3|2:4|2:8|2:9|3:0|3:1|3:2|3:4|3:5|3:8|3:9|4:2|4:8|5:0|5:1|5:2|5:8|5:9|6:0|6:1|6:2|6:3|6:8|6:9|7:3|7:8|8:8,1973
941,2669,0.767291822955739,1.0,1.0,0.0,1.0,87,death,0,1,monster,0,30,19,0:0|0:1|0:2|1:0|1:2|1:4|2:0|2:2|2:3|2:4|3:0|3:1|3:2|4:2|4:3|5:1|5:2|6:1|6:2,1973
942,2670,0.7670442610652664,3.0,3.0,0.0,3.0,201,victory,1,0,,0,62,41,0:0|0:4|0:5|0:6|0:7|0:8|0:9|1:0|1:2|1:4|1:6|1:7|1:8|1:9|2:0|2:2|2:3|2:4|2:6|2:8|2:9|3:0|3:1|3:2|3:8|3:9|4:2|4:3|4:7|4:8|4:9|5:1|5:2|5:8|5:9|6:1|6:2|6:8|7:8|7:9|8:8,1973
943,2671,0.7667966991747937,3.0,3.0,0.0,3.0,276,victory,1,0,,0,80,55,0:0|0:1|0:2|0:4|0:5|0:6|0:7|0:8|0:9|1:2|1:4|1:6|1:7|1:8|1:9|2:2|2:3|2:4|2:6|2:8|2:9|3:2|3:4|3:6|3:8|3:9|4:2|4:3|4:4|4:6|4:7|4:8|4:9|5:0|5:1|5:2|5:6|5:8|5:9|6:0|6:1|6:2|6:3|6:6|6:7|6:8|6:9|7:3|7:5|7:6|7:8|7:9|8:8|8:9|9:9,1974
944,2672,0.7665491372843211,1.0,1.0,0.0,1.0,127,death,0,1,monster,0,31,25,0:0|0:1|0:2|1:2|2:2|2:3|3:0|3:1|3:2|3:6|4:2|4:3|4:4|4:5|4:6|4:7|4:8|5:0|5:1|5:2|5:6|6:0|6:1|6:2|7:0,1974
945,2673,0.7663015753938485,2.0,2.0,0.0,2.0,350,truncated,0,0,,1,63,45,0:0|0:1|0:2|0:4|0:5|0:6|0:7|0:8|0:9|1:0|1:2|1:4|1:6|1:7|1:8|1:9|2:0|2:2|2:3|2:4|2:8|2:9|3:0|3:1|3:2|3:4|3:5|3:8|3:9|4:2|4:3|4:4|4:7|4:8|4:9|5:1|5:2|5:4|5:8|5:9|6:1|6:2|6:4|6:7|6:8,1974
946,2674,0.7660540135033759,1.0,1.0,0.0,1.0,108,death,0,1,monster,0,24,17,0:0|1:0|1:2|2:0|2:2|3:0|3:1|3:2|4:2|4:3|4:4|5:0|5:1|5:2|6:1|6:2|6:3,1974
947,2675,0.7658064516129033,2.0,2.0,0.0,2.0,216,death,0,1,monster,0,48,31,0:0|0:1|0:2|0:4|0:5|0:6|0:7|1:0|1:2|1:4|1:7|1:8|1:9|2:0|2:2|2:3|2:4|2:8|2:9|3:0|3:1|3:2|3:4|3:8|3:9|4:2|5:0|5:1|5:2|6:1|6:2,1975
948,2676,0.7655588897224306,2.0,2.0,0.0,2.0,321,death,0,1,monster,0,60,45,0:0|0:1|0:4|0:5|0:6|0:7|0:8|0:9|1:0|1:4|1:8|1:9|2:0|2:2|2:3|2:4|2:8|2:9|3:0|3:1|3:2|3:4|3:5|3:8|3:9|4:2|4:3|4:4|4:5|4:6|5:1|5:2|5:4|5:6|6:1|6:2|6:3|6:4|7:3|8:1|8:2|8:3|8:4|9:3|9:4,1976
949,2677,0.765311327831958,3.0,3.0,0.0,3.0,217,victory,1,0,,0,48,41,0:0|0:1|0:2|0:4|0:5|0:6|0:7|0:8|0:9|1:2|1:4|1:7|1:8|1:9|2:2|2:3|2:4|2:8|2:9|3:2|3:4|3:8|3:9|4:2|4:6|4:7|4:8|4:9|5:1|5:2|5:8|5:9|6:1|6:2|6:7|6:8|7:8|7:9|8:8|8:9|9:9,1976
950,2678,0.7650637659414854,3.0,3.0,0.0,3.0,147,victory,1,0,,0,44,40,0:0|0:4|0:5|0:6|0:7|0:8|0:9|1:0|1:2|1:4|1:7|1:8|1:9|2:0|2:2|2:3|2:4|2:8|2:9|3:0|3:1|3:2|3:8|3:9|4:2|4:8|4:9|5:0|5:1|5:2|5:8|5:9|6:0|6:1|6:2|6:8|6:9|7:0|7:8|8:8,1976
951,2679,0.7648162040510127,1.0,1.0,0.0,1.0,58,death,0,1,monster,0,18,14,0:0|1:0|2:0|3:0|3:1|3:2|4:2|5:0|5:1|5:2|6:0|6:1|6:2|7:0,1976
952,2680,0.7645686421605401,1.0,1.0,0.0,1.0,118,death,0,1,monster,0,44,31,0:0|0:1|0:2|0:4|0:5|0:6|1:0|1:2|1:4|2:0|2:2|2:3|2:4|3:0|3:1|3:2|4:2|4:3|4:4|4:5|5:0|5:1|5:2|5:4|6:0|6:1|6:2|6:3|6:4|7:0|7:3,1976
953,2681,0.7643210802700675,3.0,3.0,0.0,3.0,277,victory,1,0,,0,66,49,0:0|0:2|0:4|0:5|0:6|0:7|0:8|0:9|1:0|1:2|1:4|1:6|1:7|1:8|1:9|2:0|2:2|2:3|2:4|2:6|2:8|2:9|3:0|3:1|3:2|3:6|3:8|3:9|4:2|4:4|4:5|4:6|4:7|4:8|4:9|5:1|5:2|5:4|5:6|5:8|5:9|6:1|6:2|6:6|6:7|6:8|6:9|7:8|8:8,1976
954,2682,0.7640735183795949,1.0,1.0,0.0,1.0,64,death,0,1,monster,0,27,19,0:0|0:1|0:2|0:4|0:5|0:6|1:2|1:4|1:6|1:7|1:8|2:2|2:3|2:4|3:2|4:2|5:2|6:1|6:2,1976
955,2683,0.7638259564891223,1.0,1.0,0.0,1.0,48,death,0,1,monster,0,26,20,0:0|0:1|1:0|1:2|2:0|2:2|2:3|2:4|3:0|3:1|3:2|3:4|4:2|4:4|4:5|5:0|5:1|5:2|6:1|6:2,1976
956,2684,0.7635783945986496,3.0,3.0,0.0,3.0,256,victory,1,0,,0,64,43,0:0|0:1|0:2|0:4|0:5|0:6|0:7|0:8|0:9|1:2|1:4|1:7|1:8|1:9|2:0|2:2|2:3|2:4|2:8|2:9|3:0|3:1|3:2|3:4|3:8|4:2|4:3|4:4|4:8|4:9|5:0|5:1|5:2|5:4|5:8|5:9|6:1|6:2|6:4|6:8|6:9|7:8|8:8,1976
957,2685,0.763330832708177,1.0,1.0,0.0,1.0,150,death,0,1,monster,0,33,28,0:0|0:1|0:2|0:4|0:5|0:6|1:0|1:2|1:4|2:0|2:2|2:3|2:4|3:0|3:1|3:2|3:4|4:2|4:3|4:4|5:0|5:1|5:2|6:0|6:1|6:2|6:3|6:4,1976
958,2686,0.7630832708177044,3.0,3.0,0.0,3.0,237,victory,1,0,,0,53,41,0:0|0:1|0:2|0:4|0:5|0:6|0:7|0:8|0:9|1:2|1:4|1:6|1:7|1:8|1:9|2:2|2:3|2:4|2:8|2:9|3:0|3:1|3:2|3:8|3:9|4:2|4:8|4:9|5:1|5:2|5:8|5:9|6:1|6:2|6:8|7:8|7:9|8:8|8:9|9:8|9:9,1976
959,2687,0.7628357089272318,3.0,3.0,0.0,3.0,306,victory,1,0,,0,74,52,0:0|0:1|0:2|0:4|0:5|0:6|0:7|0:8|0:9|1:0|1:2|1:4|1:6|1:7|1:8|1:9|2:2|2:3|2:4|2:6|2:8|2:9|3:2|3:4|3:5|3:6|3:8|3:9|4:2|4:3|4:4|4:5|4:6|4:7|4:8|4:9|5:0|5:1|5:2|5:4|5:6|5:8|6:0|6:1|6:2|6:3|6:8|7:0|7:3|7:8|7:9|8:8,1977
960,2688,0.7625881470367591,3.0,3.0,0.0,3.0,173,victory,1,0,,0,48,40,0:0|0:2|0:4|0:5|0:6|0:7|0:8|1:0|1:2|1:4|1:6|1:7|1:8|2:0|2:2|2:3|2:4|2:6|3:0|3:1|3:2|3:5|3:6|4:2|4:6|4:7|4:8|5:0|5:1|5:2|5:6|5:8|5:9|6:0|6:1|6:2|6:8|6:9|7:8|8:8,1977
961,2689,0.7623405851462866,3.0,3.0,0.0,3.0,185,victory,1,0,,0,59,45,0:0|0:1|0:2|0:4|0:5|0:6|0:7|0:8|0:9|1:0|1:2|1:4|1:6|1:7|1:8|1:9|2:0|2:2|2:3|2:4|2:8|3:0|3:1|3:2|3:4|3:8|4:2|4:3|4:4|4:5|4:7|4:8|5:1|5:2|5:4|5:8|6:1|6:2|6:3|6:4|6:8|6:9|7:8|7:9|8:8,1977
962,2690,0.762093023255814,2.0,2.0,0.0,2.0,173,death,0,1,monster,0,50,39,0:0|0:1|0:4|0:5|0:6|0:7|0:8|0:9|1:0|1:4|1:6|1:7|1:8|1:9|2:0|2:2|2:3|2:4|2:6|2:8|2:9|3:0|3:1|3:2|3:8|3:9|4:2|4:3|4:8|4:9|5:0|5:1|5:2|6:0|6:1|6:2|6:3|7:0|8:0,1977
963,2691,0.7618454613653414,3.0,3.0,0.0,3.0,169,victory,1,0,,0,56,48,0:0|0:1|0:2|0:4|0:5|0:6|0:7|1:0|1:2|1:4|1:6|1:7|1:8|2:0|2:2|2:3|2:4|2:6|2:8|2:9|3:0|3:1|3:2|3:4|3:5|3:6|3:8|3:9|4:2|4:3|4:4|4:5|4:6|4:7|4:8|4:9|5:1|5:2|5:4|5:6|5:8|5:9|6:1|6:8|6:9|7:8|7:9|8:8,1977
964,2692,0.7615978994748687,0.0,0.0,0.0,0.0,36,death,0,1,monster,0,16,12,0:0|1:0|2:0|2:2|2:3|2:4|3:0|3:1|3:2|4:2|4:3|5:2,1977
965,2693,0.7613503375843961,1.0,1.0,0.0,1.0,143,death,0,1,monster,0,41,27,0:0|0:1|0:2|0:4|0:5|0:6|1:0|1:2|1:4|1:6|2:2|2:3|2:4|2:6|3:2|3:4|3:5|4:2|4:3|4:4|4:5|4:6|5:0|5:1|5:2|6:0|6:1,1977
966,2694,0.7611027756939235,1.0,1.0,0.0,1.0,86,death,0,1,monster,0,35,20,0:0|0:1|0:2|1:2|2:2|3:1|3:2|4:2|4:3|4:4|5:0|5:1|5:2|5:4|6:0|6:1|6:2|6:3|6:4|7:0,1977
967,2695,0.7608552138034509,3.0,3.0,0.0,3.0,126,victory,1,0,,0,45,44,0:0|0:5|0:6|0:7|1:0|1:6|2:0|2:6|3:0|3:1|3:2|3:5|3:6|4:2|4:5|4:6|5:0|5:1|5:2|5:6|6:0|6:1|6:3|6:6|6:7|6:8|7:0|7:3|7:8|8:0|8:1|8:2|8:3|8:4|8:5|8:8|9:0|9:3|9:4|9:5|9:6|9:7|9:8|9:9,1977
968,2696,0.7606076519129783,2.0,2.0,0.0,2.0,163,death,0,1,monster,0,50,47,0:0|0:1|1:0|1:2|1:6|2:0|2:2|2:6|3:0|3:1|3:2|3:5|3:6|4:2|4:3|4:4|4:6|5:2|5:6|6:0|6:1|6:2|6:3|6:6|6:7|6:8|7:0|7:3|7:6|7:8|7:9|8:0|8:1|8:2|8:3|8:4|8:5|8:7|8:8|9:0|9:2|9:3|9:4|9:5|9:6|9:7|9:8,1977
969,2697,0.7603600900225056,3.0,3.0,0.0,3.0,149,victory,1,0,,0,51,45,0:0|0:4|0:5|0:6|0:7|0:8|0:9|1:0|1:4|1:6|1:7|1:8|1:9|2:0|2:2|2:3|2:4|2:8|2:9|3:0|3:1|3:2|3:4|3:5|3:8|3:9|4:2|4:3|4:8|4:9|5:0|5:1|5:2|5:8|5:9|6:0|6:1|6:2|6:3|6:6|6:7|6:8|7:6|7:8|8:8,1977
970,2698,0.760112528132033,2.0,2.0,0.0,2.0,151,death,0,1,monster,0,47,38,0:0|0:1|0:2|0:4|0:6|0:7|0:8|0:9|1:2|1:4|1:6|1:7|1:8|1:9|2:2|2:3|2:4|2:6|2:8|2:9|3:0|3:1|3:2|3:4|3:5|3:6|3:8|3:9|4:2|4:3|4:9|5:0|5:1|5:2|5:8|5:9|6:0|6:1,1977
971,2699,0.7598649662415604,3.0,3.0,0.0,3.0,146,victory,1,0,,0,61,50,0:0|0:5|0:6|0:7|1:0|1:2|1:6|1:7|2:0|2:2|2:3|2:4|2:6|3:0|3:1|3:2|3:4|3:5|3:6|4:2|4:3|4:4|4:5|4:6|5:0|5:1|5:2|5:4|5:6|6:0|6:1|6:2|6:3|6:4|6:6|6:7|6:8|6:9|7:3|7:6|7:9|8:3|8:4|8:5|8:8|8:9|9:5|9:6|9:7|9:8,1978
972,2700,0.7596174043510877,3.0,3.0,0.0,3.0,128,victory,1,0,,0,52,48,0:0|0:7|1:0|1:6|1:7|2:0|2:6|3:0|3:1|3:2|3:4|3:5|3:6|4:2|4:3|4:5|4:6|5:1|5:2|5:6|5:8|5:9|6:0|6:1|6:2|6:3|6:6|6:7|6:8|6:9|7:0|7:3|7:8|7:9|8:0|8:1|8:2|8:3|8:4|8:8|8:9|9:3|9:4|9:5|9:6|9:7|9:8|9:9,1978
973,2701,0.7593698424606151,1.0,1.0,0.0,1.0,78,death,0,1,monster,0,28,15,0:0|0:1|0:2|1:2|1:4|2:2|2:3|2:4|3:2|4:2|4:3|5:1|5:2|6:1|6:2,1978
974,2702,0.7591222805701425,1.0,1.0,0.0,1.0,65,death,0,1,monster,0,29,22,0:0|1:0|1:4|2:0|2:2|2:3|2:4|3:0|3:1|3:2|3:4|4:2|4:3|4:4|5:0|5:1|5:2|6:0|6:1|6:2|6:3|7:3,1978
975,2703,0.7588747186796699,1.0,1.0,0.0,1.0,140,death,0,1,monster,0,48,36,0:0|0:1|0:2|1:0|1:2|2:0|2:2|2:3|2:4|3:1|3:2|3:4|3:5|3:6|4:2|4:3|4:6|5:1|5:2|5:6|6:1|6:2|6:6|6:7|6:8|6:9|7:5|7:6|7:8|8:5|9:3|9:4|9:5|9:6|9:7|9:8,1982
976,2704,0.7586271567891973,3.0,3.0,0.0,3.0,139,victory,1,0,,0,46,36,0:0|0:1|0:4|0:5|0:6|0:7|0:8|0:9|1:0|1:4|1:8|1:9|2:0|2:2|2:3|2:4|2:8|2:9|3:0|3:1|3:2|3:4|3:9|4:2|4:9|5:1|5:2|5:8|5:9|6:1|6:2|6:8|6:9|7:8|7:9|8:8,1982
977,2705,0.7583795948987246,2.0,2.0,0.0,2.0,270,death,0,1,monster,0,78,41,0:0|0:1|0:2|0:4|0:5|0:6|0:7|1:0|1:2|1:4|1:6|1:7|1:8|2:2|2:3|2:4|2:6|2:8|3:1|3:2|3:4|3:5|3:6|3:8|4:2|4:3|4:4|4:5|4:6|4:7|4:8|4:9|5:1|5:2|5:4|5:6|5:8|6:1|6:2|6:3|6:4,1991
978,2706,0.758132033008252,3.0,3.0,0.0,3.0,199,victory,1,0,,0,46,38,0:0|0:4|0:5|0:6|0:7|1:0|1:4|1:7|1:8|1:9|2:0|2:2|2:3|2:4|2:8|2:9|3:0|3:1|3:2|3:4|3:8|3:9|4:2|4:6|4:7|4:8|4:9|5:1|5:2|5:8|5:9|6:1|6:2|6:3|6:7|6:8|7:8|8:8,1991
979,2707,0.7578844711177795,3.0,3.0,0.0,3.0,113,victory,1,0,,0,40,35,0:0|0:2|0:4|0:5|0:6|0:7|0:9|1:0|1:2|1:4|1:7|1:8|1:9|2:0|2:2|2:3|2:4|2:8|2:9|3:0|3:1|3:2|3:8|3:9|4:2|4:9|5:0|5:1|5:2|5:9|6:1|6:8|6:9|7:8|8:8,1994
980,2708,0.7576369092273069,2.0,2.0,0.0,2.0,183,death,0,1,monster,0,51,44,0:0|0:4|0:5|0:6|0:7|0:8|1:0|1:4|1:7|1:8|2:0|2:2|2:3|2:4|2:8|2:9|3:0|3:1|3:2|3:8|3:9|4:2|4:3|4:4|4:6|4:7|4:8|4:9|5:0|5:1|5:2|5:4|5:8|5:9|6:0|6:1|6:2|6:3|6:4|6:6|6:7|6:8|6:9|7:6,1996
981,2709,0.7573893473368343,2.0,2.0,0.0,2.0,301,death,0,1,monster,0,72,53,0:0|0:4|0:5|0:6|0:7|0:8|0:9|1:0|1:4|1:6|1:7|1:8|1:9|2:0|2:2|2:4|2:6|2:8|2:9|3:0|3:1|3:2|3:4|3:5|3:6|3:8|3:9|4:2|4:3|4:4|4:5|4:6|4:7|4:8|4:9|5:0|5:1|5:2|5:4|5:6|5:8|5:9|6:0|6:1|6:2|6:3|6:6|6:7|6:8|6:9|7:3|7:6|7:9,1996
982,2710,0.7571417854463616,1.0,1.0,0.0,1.0,15,death,0,1,monster,0,13,12,0:0|1:0|2:0|3:0|3:1|3:2|4:2|5:2|6:1|6:2|6:3|6:4,1996
983,2711,0.756894223555889,1.0,1.0,0.0,1.0,34,death,0,1,monster,0,24,15,0:0|1:0|1:4|2:0|2:2|2:3|2:4|3:0|3:1|3:2|3:4|4:2|5:1|5:2|6:1,1996
984,2712,0.7566466616654164,1.0,1.0,0.0,1.0,145,death,0,1,monster,0,42,20,0:0|0:1|0:2|1:0|1:2|2:0|2:2|3:0|3:1|3:2|4:2|4:3|5:0|5:1|5:2|6:0|6:1|6:2|7:0|8:0,1996
985,2713,0.7563990997749437,2.0,2.0,0.0,2.0,118,death,0,1,monster,0,50,39,0:0|0:1|0:2|0:4|0:5|0:6|0:7|0:8|1:0|1:2|1:4|1:6|1:7|1:8|2:0|2:2|2:3|2:4|2:6|2:8|3:0|3:1|3:2|3:6|3:8|3:9|4:2|4:3|4:4|4:6|4:7|4:8|4:9|5:0|5:1|5:2|5:9|6:0|6:1,1996
986,2714,0.7561515378844711,2.0,2.0,0.0,2.0,70,death,0,1,monster,0,35,33,0:0|0:6|0:7|1:0|1:6|1:7|1:8|1:9|2:0|2:2|2:6|2:8|3:0|3:1|3:2|3:4|3:5|3:6|3:8|4:2|4:3|4:4|4:5|4:8|4:9|5:1|5:2|5:4|5:8|5:9|6:1|6:2|6:8,1996
987,2715,0.7559039759939985,3.0,3.0,0.0,3.0,125,victory,1,0,,0,50,38,0:0|0:1|0:2|0:4|0:5|0:6|0:7|0:8|0:9|1:0|1:2|1:4|1:7|1:8|1:9|2:2|2:3|2:4|2:8|2:9|3:1|3:2|3:4|3:9|4:2|4:3|4:4|4:9|5:1|5:2|5:4|5:9|6:0|6:1|6:9|7:8|7:9|8:8,1996
988,2716,0.7556564141035259,3.0,3.0,0.0,3.0,128,victory,1,0,,0,45,39,0:0|0:1|0:2|0:4|0:5|0:6|0:7|0:8|0:9|1:0|1:2|1:4|1:6|1:7|1:8|1:9|2:0|2:2|2:3|2:4|2:9|3:0|3:1|3:2|3:9|4:2|4:9|5:0|5:1|5:2|5:8|5:9|6:0|6:1|6:8|6:9|7:8|7:9|8:8,1996
989,2717,0.7554088522130533,0.0,0.0,0.0,0.0,15,death,0,1,monster,0,9,8,0:0|1:0|2:0|3:0|3:1|3:2|4:2|4:3,1996
990,2718,0.7551612903225806,2.0,2.0,0.0,2.0,165,death,0,1,monster,0,51,38,0:0|0:1|0:2|0:4|0:5|0:6|0:7|1:0|1:2|1:4|1:6|1:7|2:0|2:2|2:3|2:4|2:6|3:0|3:1|3:2|3:4|3:5|3:6|4:2|4:4|4:6|4:7|5:0|5:1|5:2|6:0|6:1|6:2|7:0|8:0|8:1|9:0|9:1,1996
991,2719,0.754913728432108,1.0,1.0,0.0,1.0,106,death,0,1,monster,0,35,21,0:0|1:0|1:2|2:0|2:2|2:3|2:4|3:0|3:1|3:2|3:4|3:5|4:2|4:3|4:4|4:5|5:1|5:2|5:4|6:1|6:2,1996
992,2720,0.7546661665416354,2.0,2.0,0.0,2.0,105,death,0,1,monster,0,38,37,0:0|1:0|2:0|2:2|3:0|3:1|3:2|4:2|4:3|4:6|4:7|4:8|5:1|5:2|5:6|6:1|6:2|6:3|6:6|6:7|6:8|6:9|7:3|7:8|7:9|8:3|8:4|8:7|8:8|8:9|9:3|9:4|9:5|9:6|9:7|9:8|9:9,1999
993,2721,0.7544186046511627,0.0,0.0,0.0,0.0,30,death,0,1,monster,0,14,10,0:0|1:0|2:0|2:2|2:3|3:0|3:1|3:2|4:2|4:3,1999
994,2722,0.7541710427606901,3.0,3.0,0.0,3.0,288,victory,1,0,,0,64,57,0:0|0:1|0:2|0:6|0:7|1:0|1:2|1:6|2:0|2:2|2:3|2:4|2:6|3:0|3:1|3:2|3:4|3:5|3:6|4:2|4:3|4:4|4:5|4:6|4:7|5:0|5:1|5:2|5:4|5:6|5:8|6:0|6:1|6:2|6:3|6:4|6:6|6:7|6:8|7:0|7:6|7:8|8:0|8:1|8:2|8:3|8:4|8:7|8:8|8:9|9:0|9:4|9:5|9:6|9:7|9:8|9:9,1999
995,2723,0.7539234808702175,1.0,1.0,0.0,1.0,22,death,0,1,monster,0,17,13,0:0|1:0|2:0|3:0|3:1|3:2|4:2|4:3|4:4|5:1|5:2|6:1|6:2,1999
996,2724,0.753675918979745,1.0,1.0,0.0,1.0,52,death,0,1,monster,0,19,13,0:0|1:0|2:0|3:0|3:1|3:2|4:2|5:0|5:1|5:2|6:0|6:1|6:2,1999
997,2725,0.7534283570892724,2.0,2.0,0.0,2.0,131,death,0,1,monster,0,41,34,0:0|0:2|0:4|0:5|0:6|0:7|0:8|0:9|1:0|1:2|1:4|1:6|1:7|1:8|1:9|2:0|2:2|2:3|2:4|2:6|2:9|3:0|3:1|3:2|3:6|3:9|4:2|4:9|5:2|5:4|6:1|6:2|6:3|6:4,1999
998,2726,0.7531807951987997,1.0,1.0,0.0,1.0,184,death,0,1,monster,0,44,26,0:0|1:0|2:0|2:2|2:4|3:0|3:1|3:2|3:4|3:5|3:6|4:2|4:3|4:4|4:5|4:6|5:0|5:1|5:2|5:4|6:0|6:1|6:2|6:3|6:4|7:0,1999
999,2727,0.7529332333083271,0.0,0.0,0.0,0.0,39,death,0,1,monster,0,13,4,0:0|0:1|1:0|2:0,1999
1000,2728,0.7526856714178545,0.0,0.0,0.0,0.0,39,death,0,1,monster,0,10,7,0:0|1:0|2:0|2:2|3:0|3:1|3:2,1999
1001,2729,0.7524381095273818,0.0,0.0,0.0,0.0,36,death,0,1,monster,0,13,8,0:0|0:1|1:0|2:0|2:2|3:0|3:1|3:2,1999
1002,2730,0.7521905476369093,3.0,3.0,0.0,3.0,198,victory,1,0,,0,63,49,0:0|0:1|0:2|0:4|0:5|0:6|0:7|0:8|1:2|1:4|1:6|1:7|1:8|1:9|2:2|2:3|2:4|2:6|2:8|2:9|3:2|3:4|3:5|3:6|3:8|4:2|4:3|4:4|4:6|4:7|4:8|4:9|5:0|5:1|5:2|5:6|5:8|5:9|6:0|6:1|6:2|6:3|6:6|6:7|6:8|6:9|7:3|7:8|8:8,1999
1003,2731,0.7519429857464366,2.0,2.0,0.0,2.0,111,death,0,1,monster,0,47,41,0:0|0:1|1:0|2:0|3:0|3:1|3:2|3:4|4:2|4:3|4:4|5:0|5:1|5:2|5:4|6:0|6:1|6:2|6:3|6:4|6:6|6:7|6:8|7:3|7:5|7:6|7:8|7:9|8:3|8:4|8:5|8:7|8:8|8:9|9:3|9:4|9:5|9:6|9:7|9:8|9:9,2000
1004,2732,0.751695423855964,3.0,3.0,0.0,3.0,219,victory,1,0,,0,58,48,0:0|0:1|0:2|0:7|1:0|1:2|1:6|1:7|2:2|2:3|2:4|2:6|3:0|3:1|3:2|3:6|4:2|4:6|5:0|5:1|5:2|5:6|6:0|6:1|6:2|6:6|6:7|6:8|7:0|7:5|7:6|7:8|8:0|8:1|8:2|8:3|8:7|8:8|8:9|9:1|9:2|9:3|9:4|9:5|9:6|9:7|9:8|9:9,2002
1005,2733,0.7514478619654914,3.0,3.0,0.0,3.0,131,victory,1,0,,0,49,41,0:0|0:2|0:4|0:5|0:6|0:7|1:0|1:2|1:4|1:6|1:7|1:8|1:9|2:0|2:2|2:3|2:4|2:8|2:9|3:0|3:1|3:2|3:8|3:9|4:2|4:8|4:9|5:2|5:8|5:9|6:1|6:2|6:3|6:6|6:7|6:8|6:9|7:3|7:8|7:9|8:8,2002
1006,2734,0.7512003000750187,3.0,3.0,0.0,3.0,251,victory,1,0,,0,53,43,0:0|0:2|0:4|0:5|0:6|0:7|0:8|1:0|1:2|1:4|1:6|1:7|1:8|1:9|2:0|2:2|2:4|2:6|2:8|2:9|3:0|3:1|3:2|3:4|3:8|3:9|4:2|4:3|4:4|4:9|5:0|5:1|5:2|5:8|5:9|6:0|6:1|6:2|6:7|6:8|6:9|7:8|8:8,2002
1007,2735,0.7509527381845461,1.0,1.0,0.0,1.0,104,death,0,1,monster,0,21,15,0:0|1:0|2:0|3:0|3:1|3:2|4:2|4:3|4:4|5:0|5:1|5:2|6:0|6:1|6:2,2002
1008,2736,0.7507051762940735,0.0,0.0,0.0,0.0,85,death,0,1,monster,0,25,16,0:0|1:0|1:4|2:0|2:2|2:3|2:4|3:0|3:1|3:2|4:2|4:3|4:4|4:5|5:4|6:4,2002
1009,2737,0.7504576144036009,3.0,3.0,0.0,3.0,165,victory,1,0,,0,51,37,0:0|0:1|0:2|0:4|0:5|0:6|0:7|1:0|1:2|1:4|1:7|1:8|2:0|2:2|2:3|2:4|2:8|3:0|3:1|3:2|3:4|3:8|4:2|4:4|4:8|5:1|5:2|5:4|5:8|6:1|6:2|6:3|6:4|6:7|6:8|7:8|8:8,2002
1010,2738,0.7502100525131283,1.0,1.0,0.0,1.0,43,death,0,1,monster,0,24,14,0:0|1:0|2:0|2:2|3:0|3:1|3:2|4:2|4:3|5:0|5:1|5:2|6:0|6:1,2002
1011,2739,0.7499624906226556,3.0,3.0,0.0,3.0,237,victory,1,0,,0,57,44,0:0|0:1|0:2|0:4|0:5|0:6|0:7|0:8|1:0|1:2|1:4|1:8|2:0|2:2|2:3|2:4|2:8|2:9|3:0|3:1|3:2|3:4|3:5|3:9|4:2|4:3|4:4|4:5|4:7|4:8|4:9|5:0|5:1|5:2|5:8|6:0|6:1|6:2|6:3|6:8|7:3|7:8|7:9|8:8,2002
1012,2740,0.7497149287321832,3.0,3.0,0.0,3.0,194,victory,1,0,,0,78,45,0:0|0:5|0:6|0:7|0:8|0:9|1:0|1:6|1:7|1:8|1:9|2:0|2:2|2:6|2:8|2:9|3:0|3:1|3:2|3:4|3:5|3:6|3:8|3:9|4:2|4:3|4:4|4:5|4:6|4:7|4:8|4:9|5:0|5:1|5:2|5:6|5:9|6:1|6:2|6:6|6:7|6:8|6:9|7:8|8:8,2003
1013,2741,0.7494673668417104,3.0,3.0,0.0,3.0,150,victory,1,0,,0,57,47,0:0|0:1|0:2|0:6|0:7|0:8|0:9|1:2|1:6|1:7|1:8|1:9|2:2|2:3|2:4|2:6|2:9|3:0|3:1|3:2|3:4|3:5|3:6|3:8|3:9|4:2|4:4|4:5|4:6|4:8|4:9|5:1|5:2|5:4|5:6|5:8|5:9|6:1|6:2|6:4|6:6|6:7|6:8|7:5|7:6|7:8|8:8,2003
1014,2742,0.7492198049512377,2.0,2.0,0.0,2.0,116,death,0,1,monster,0,45,28,0:0|0:1|0:2|0:4|0:5|0:6|0:7|0:8|1:2|1:4|1:6|1:7|1:8|2:2|2:3|2:4|2:6|3:2|4:2|4:3|5:0|5:1|5:2|6:0|6:1|6:2|6:3|6:4,2003
1015,2743,0.7489722430607653,2.0,2.0,0.0,2.0,92,death,0,1,monster,0,28,23,0:0|0:4|0:5|0:6|0:7|1:0|1:4|1:6|2:0|2:2|2:3|2:4|3:0|3:1|3:2|3:4|4:2|5:0|5:1|5:2|6:0|6:1|7:0,2003
1016,2744,0.7487246811702926,3.0,3.0,0.0,3.0,152,victory,1,0,,0,46,41,0:0|0:7|1:0|1:6|1:7|2:0|2:6|3:0|3:1|3:2|3:4|3:5|3:6|4:2|4:3|4:4|4:5|4:6|5:0|5:1|5:2|5:6|6:0|6:1|6:2|6:3|6:4|6:6|6:7|6:8|7:0|7:3|7:8|8:3|8:8|9:3|9:4|9:5|9:6|9:7|9:8,2005
1017,2745,0.74847711927982,0.0,0.0,0.0,0.0,32,death,0,1,monster,0,11,9,0:0|1:0|2:0|2:2|2:3|3:0|3:1|3:2|4:2,2005
1018,2746,0.7482295573893474,3.0,3.0,0.0,3.0,166,victory,1,0,,0,52,43,0:0|0:2|0:4|0:5|0:6|0:7|0:8|1:0|1:2|1:4|1:8|2:0|2:2|2:3|2:4|2:8|3:0|3:1|3:2|3:4|3:5|3:8|4:2|4:4|4:5|4:8|4:9|5:0|5:1|5:2|5:4|5:8|5:9|6:0|6:1|6:2|6:6|6:7|6:8|6:9|7:8|7:9|8:8,2005
1019,2747,0.7479819954988747,1.0,1.0,0.0,1.0,52,death,0,1,monster,0,24,12,0:0|1:0|2:0|3:0|3:1|3:2|4:2|4:3|5:1|5:2|6:1|6:2,2005
1020,2748,0.7477344336084021,3.0,3.0,0.0,3.0,101,victory,1,0,,0,38,33,0:0|0:4|0:5|0:6|0:7|0:8|1:0|1:4|1:6|1:7|1:8|2:0|2:2|2:3|2:4|2:8|3:0|3:1|3:2|3:4|3:8|4:2|4:8|5:2|5:8|6:1|6:2|6:7|6:8|6:9|7:8|7:9|8:8,2005
1021,2749,0.7474868717179295,3.0,3.0,0.0,3.0,129,victory,1,0,,0,57,48,0:0|0:1|0:2|0:6|0:7|1:0|1:2|1:6|2:0|2:2|2:3|2:6|3:0|3:1|3:2|3:5|3:6|4:2|4:5|4:6|4:7|5:0|5:1|5:2|5:6|6:0|6:1|6:6|6:7|6:8|7:0|7:6|7:8|7:9|8:0|8:3|8:4|8:8|8:9|9:0|9:1|9:2|9:3|9:4|9:5|9:6|9:7|9:8,2009
1022,2750,0.7472393098274569,2.0,2.0,0.0,2.0,135,death,0,1,monster,0,41,35,0:0|0:4|0:5|0:6|0:7|0:8|1:0|1:2|1:4|1:6|1:7|1:8|2:0|2:2|2:3|2:4|2:6|2:8|2:9|3:0|3:1|3:2|3:6|3:8|3:9|4:2|4:8|5:0|5:1|5:2|5:8|5:9|6:0|6:1|6:2,2009
1023,2751,0.7469917479369843,0.0,0.0,0.0,0.0,31,death,0,1,monster,0,14,13,0:0|0:1|1:0|2:0|3:0|3:1|3:2|3:4|3:5|4:2|4:3|4:4|4:5,2009
1024,2752,0.7467441860465116,1.0,1.0,0.0,1.0,69,death,0,1,monster,0,28,24,0:0|0:1|0:4|0:5|0:6|1:0|1:4|2:0|2:2|2:3|2:4|3:0|3:1|3:2|3:4|4:2|4:3|4:4|4:5|5:1|5:2|6:1|6:2|6:3,2009
1025,2753,0.746496624156039,1.0,1.0,0.0,1.0,61,death,0,1,monster,0,26,14,0:0|0:1|0:2|1:0|1:2|2:2|2:3|3:1|3:2|4:2|5:1|5:2|6:1|6:2,2009
1026,2754,0.7462490622655664,0.0,0.0,0.0,0.0,14,death,0,1,monster,0,13,8,0:0|1:0|2:0|2:2|3:0|3:1|3:2|4:2,2009
1027,2755,0.7460015003750937,0.0,0.0,0.0,0.0,33,death,0,1,monster,0,14,10,0:0|0:2|1:0|1:2|2:0|2:2|2:3|3:0|3:1|3:2,2009
1028,2756,0.7457539384846211,0.0,0.0,0.0,0.0,8,death,0,1,monster,0,8,8,0:0|1:0|2:0|3:0|3:1|3:2|4:2|4:3,2009
1029,2757,0.7455063765941485,2.0,2.0,0.0,2.0,132,death,0,1,monster,0,44,37,0:0|0:1|0:2|0:6|0:7|0:8|0:9|1:0|1:2|1:6|1:7|1:8|1:9|2:0|2:2|2:3|2:6|2:8|2:9|3:0|3:1|3:2|3:6|3:8|3:9|4:2|4:3|4:4|4:5|4:6|5:0|5:1|5:2|6:0|6:1|6:2|7:0,2011
1030,2758,0.7452588147036759,2.0,2.0,0.0,2.0,229,death,0,1,monster,0,73,36,0:0|0:1|0:2|0:4|0:5|0:6|0:7|0:8|0:9|1:0|1:2|1:4|1:6|1:7|1:8|1:9|2:0|2:2|2:3|2:4|2:8|3:0|3:1|3:2|3:8|4:2|4:3|4:4|5:1|5:2|6:1|6:2|6:3|6:4|7:3|8:3,2012
1031,2759,0.7450112528132034,0.0,0.0,0.0,0.0,17,death,0,1,monster,0,8,7,0:0|1:0|2:0|3:0|3:1|3:2|4:2,2012
1032,2760,0.7447636909227306,1.0,1.0,0.0,1.0,72,death,0,1,monster,0,26,18,0:0|0:1|0:2|1:0|1:2|2:0|2:2|2:3|2:4|3:0|3:1|3:2|4:2|5:0|5:1|5:2|6:0|6:1,2012
1033,2761,0.7445161290322581,1.0,1.0,0.0,1.0,30,death,0,1,monster,0,18,15,0:0|0:1|0:2|1:0|1:2|2:0|3:0|3:1|3:2|4:2|5:1|5:2|6:0|6:1|7:0,2012
1034,2762,0.7442685671417855,1.0,1.0,0.0,1.0,22,death,0,1,monster,0,15,13,0:0|0:1|1:0|2:0|3:0|3:1|3:2|4:2|5:0|5:1|5:2|6:0|6:1,2012
1035,2763,0.7440210052513128,2.0,2.0,0.0,2.0,209,death,0,1,monster,0,50,39,0:0|0:4|0:5|0:6|0:7|0:8|0:9|1:0|1:2|1:4|1:6|1:7|1:8|1:9|2:0|2:2|2:3|2:4|2:8|2:9|3:0|3:1|3:2|3:4|3:5|3:8|3:9|4:2|4:7|4:8|4:9|5:0|5:1|5:2|5:8|5:9|6:0|6:1|6:2,2012
1036,2764,0.7437734433608403,2.0,2.0,0.0,2.0,277,death,0,1,monster,0,93,57,0:0|0:2|0:6|0:7|0:8|0:9|1:0|1:2|1:4|1:6|1:7|1:8|1:9|2:0|2:2|2:3|2:4|2:6|2:8|2:9|3:0|3:1|3:2|3:4|3:5|3:6|3:8|4:2|4:3|4:4|4:5|4:6|5:1|5:2|5:4|5:6|6:1|6:2|6:3|6:4|6:6|6:7|7:5|7:6|7:8|8:4|8:5|8:7|8:8|8:9|9:3|9:4|9:5|9:6|9:7|9:8|9:9,2017
1037,2765,0.7435258814703676,3.0,3.0,0.0,3.0,179,victory,1,0,,0,47,37,0:0|0:4|0:5|0:6|0:7|0:8|1:0|1:4|1:6|1:7|1:8|2:0|2:2|2:3|2:4|2:8|3:0|3:1|3:2|3:8|3:9|4:2|4:7|4:8|5:0|5:1|5:2|5:8|6:0|6:1|6:2|6:3|6:6|6:7|6:8|7:8|8:8,2017
1038,2766,0.7432783195798949,2.0,2.0,0.0,2.0,143,death,0,1,monster,0,58,42,0:0|0:1|0:4|0:5|0:6|0:7|0:8|1:0|1:4|1:6|1:7|2:0|2:2|2:3|2:4|2:6|3:0|3:1|3:2|3:4|3:5|3:6|4:2|4:3|4:4|4:5|4:6|4:7|4:8|4:9|5:0|5:1|5:2|5:8|5:9|6:0|6:1|6:2|6:6|6:7|6:8|6:9,2018
1039,2767,0.7430307576894224,3.0,3.0,0.0,3.0,209,victory,1,0,,0,53,46,0:0|0:1|0:4|0:5|0:6|0:7|0:8|0:9|1:0|1:2|1:4|1:7|1:8|1:9|2:0|2:2|2:3|2:4|2:8|2:9|3:0|3:1|3:2|3:4|3:5|3:6|3:8|3:9|4:2|4:4|4:5|4:6|4:7|4:8|4:9|5:1|5:2|5:9|6:1|6:2|6:3|6:9|7:9|8:8|8:9|9:9,2018
1040,2768,0.7427831957989497,1.0,1.0,0.0,1.0,38,death,0,1,monster,0,22,14,0:0|1:0|2:0|3:0|3:1|3:2|4:2|5:0|5:1|5:2|6:0|6:1|7:0|8:0,2019
1041,2769,0.7425356339084771,0.0,0.0,0.0,0.0,19,death,0,1,monster,0,12,12,0:0|0:1|0:2|1:2|2:2|3:2|3:4|3:5|4:2|4:3|4:4|4:5,2019
1042,2770,0.7422880720180045,1.0,1.0,0.0,1.0,50,death,0,1,monster,0,24,18,0:0|0:1|0:2|1:2|1:4|2:0|2:2|2:3|2:4|3:0|3:1|3:2|4:2|5:1|5:2|6:1|6:2|6:3,2019
1043,2771,0.7420405101275319,1.0,1.0,0.0,1.0,58,death,0,1,monster,0,26,16,0:0|0:1|1:0|2:0|2:2|2:3|2:4|3:0|3:1|3:2|4:2|5:0|5:1|5:2|6:1|6:2,2019
1044,2772,0.7417929482370593,1.0,1.0,0.0,1.0,92,death,0,1,monster,0,42,33,0:0|0:1|0:2|1:2|2:2|2:3|2:4|3:4|4:2|4:3|4:4|4:5|5:0|5:1|5:2|5:4|6:0|6:1|6:2|6:3|6:4|7:0|7:3|8:0|8:1|8:2|8:3|8:4|8:5|9:2|9:3|9:4|9:5,2019
1045,2773,0.7415453863465866,1.0,1.0,0.0,1.0,230,death,0,1,monster,0,41,26,0:0|0:1|0:2|0:4|0:5|0:6|1:0|1:2|1:4|2:0|2:2|2:3|2:4|3:0|3:1|3:2|3:4|3:5|4:2|4:3|4:4|4:5|5:1|5:2|6:1|6:2,2019
1046,2774,0.741297824456114,1.0,1.0,0.0,1.0,253,death,0,1,monster,0,43,27,0:0|0:1|0:2|1:0|1:2|2:0|2:2|2:3|2:4|3:0|3:1|3:2|3:4|3:5|4:2|4:3|4:4|4:5|5:0|5:1|5:2|5:4|6:0|6:1|6:2|6:3|7:0,2019
1047,2775,0.7410502625656414,1.0,1.0,0.0,1.0,45,death,0,1,monster,0,20,15,0:0|1:0|2:0|3:0|3:1|3:2|4:2|4:3|5:0|5:1|5:2|6:0|6:1|6:2|7:0,2019
1048,2776,0.7408027006751687,0.0,0.0,0.0,0.0,31,death,0,1,monster,0,11,8,0:0|0:1|1:0|2:0|2:2|3:0|3:1|3:2,2019
1049,2777,0.7405551387846963,0.0,0.0,0.0,0.0,101,death,0,1,monster,0,26,11,0:0|0:1|1:0|2:0|2:2|3:0|3:1|3:2|4:2|4:3|4:4,2019
1050,2778,0.7403075768942236,2.0,2.0,0.0,2.0,255,death,0,1,monster,0,67,39,0:0|0:1|0:2|0:4|0:5|0:6|0:7|0:8|0:9|1:0|1:2|1:4|1:7|1:8|1:9|2:0|2:2|2:3|2:4|2:8|2:9|3:0|3:1|3:2|3:4|3:9|4:2|4:3|4:4|4:5|5:0|5:1|5:2|5:4|6:0|6:1|6:2|6:3|6:4,2019
1051,2779,0.7400600150037508,3.0,3.0,0.0,3.0,138,victory,1,0,,0,48,44,0:0|0:1|0:2|0:6|0:7|1:2|1:6|2:2|2:3|2:4|2:6|3:1|3:2|3:6|4:2|4:6|5:0|5:1|5:2|5:6|6:1|6:2|6:3|6:6|6:7|6:8|7:3|7:8|7:9|8:1|8:2|8:3|8:4|8:7|8:8|8:9|9:1|9:2|9:3|9:4|9:5|9:6|9:7|9:8,2020
1052,2780,0.7398124531132784,3.0,3.0,0.0,3.0,244,victory,1,0,,0,54,49,0:0|0:4|0:5|0:6|0:7|0:8|1:0|1:4|1:8|1:9|2:0|2:2|2:3|2:4|2:8|3:0|3:1|3:2|3:4|3:5|3:6|3:8|3:9|4:2|4:3|4:4|4:5|4:6|4:7|4:8|4:9|5:1|5:2|5:4|5:6|5:8|5:9|6:1|6:2|6:3|6:4|6:6|6:7|6:8|6:9|7:8|7:9|8:8|8:9,2020
1053,2781,0.7395648912228057,3.0,3.0,0.0,3.0,140,victory,1,0,,0,65,52,0:0|0:1|0:2|0:7|1:0|1:2|1:6|1:7|2:0|2:2|2:3|2:6|3:0|3:1|3:2|3:5|3:6|4:2|4:3|4:4|4:5|4:6|5:0|5:1|5:2|5:4|5:6|6:0|6:1|6:2|6:3|6:4|6:6|6:7|6:8|6:9|7:3|7:8|7:9|8:3|8:4|8:5|8:7|8:8|8:9|9:3|9:4|9:5|9:6|9:7|9:8|9:9,2020
1054,2782,0.7393173293323331,1.0,1.0,0.0,1.0,23,death,0,1,monster,0,20,14,0:0|1:0|2:0|2:2|2:3|2:4|3:0|3:1|3:2|3:4|4:2|5:1|5:2|6:1,2020
1055,2783,0.7390697674418605,0.0,0.0,0.0,0.0,104,death,0,1,monster,0,15,13,0:0|0:1|0:2|1:0|1:2|2:0|2:2|2:3|2:4|3:0|3:1|3:2|3:4,2020
1056,2784,0.7388222055513879,1.0,1.0,0.0,1.0,213,death,0,1,monster,0,46,22,0:0|0:1|0:2|1:0|1:2|2:0|2:2|2:3|2:4|3:0|3:1|3:2|3:4|4:2|4:3|4:4|5:0|5:1|5:2|6:0|6:1|6:2,2020
1057,2785,0.7385746436609153,2.0,2.0,0.0,2.0,98,death,0,1,monster,0,40,39,0:0|0:1|0:2|1:0|1:2|2:0|2:2|2:8|3:0|3:1|3:2|3:8|4:2|4:8|4:9|5:0|5:1|5:2|5:8|5:9|6:0|6:1|6:8|6:9|7:0|7:3|7:8|7:9|8:0|8:1|8:2|8:3|8:4|8:7|8:8|9:4|9:5|9:6|9:7,2020
1058,2786,0.7383270817704426,3.0,3.0,0.0,3.0,197,victory,1,0,,0,56,41,0:0|0:1|0:2|0:4|0:5|0:6|0:7|0:8|0:9|1:0|1:2|1:4|1:9|2:0|2:2|2:3|2:4|2:8|2:9|3:0|3:1|3:2|3:4|3:5|3:6|3:8|3:9|4:2|4:3|4:4|4:8|4:9|5:1|5:2|5:8|6:1|6:2|6:8|7:8|7:9|8:8,2020
1059,2787,0.73807951987997,2.0,2.0,0.0,2.0,350,truncated,0,0,,1,61,43,0:0|0:1|0:2|0:4|0:5|0:6|0:7|0:8|1:0|1:2|1:4|1:6|1:7|1:8|1:9|2:2|2:3|2:4|2:8|2:9|3:8|3:9|4:6|4:7|4:8|4:9|5:6|5:8|5:9|6:6|6:7|6:8|6:9|7:6|7:8|7:9|8:7|8:8|8:9|9:6|9:7|9:8|9:9,2020
1060,2788,0.7378319579894974,3.0,3.0,0.0,3.0,346,victory,1,0,,0,92,61,0:0|0:1|0:2|0:7|1:0|1:2|1:6|1:7|1:8|2:0|2:2|2:3|2:4|2:6|3:0|3:1|3:2|3:4|3:5|3:6|4:2|4:3|4:4|4:6|5:1|5:2|5:4|5:6|6:0|6:1|6:2|6:3|6:4|6:6|6:7|6:8|6:9|7:0|7:3|7:5|7:6|7:8|7:9|8:0|8:1|8:2|8:3|8:4|8:5|8:7|8:8|8:9|9:0|9:1|9:2|9:3|9:4|9:5|9:6|9:7|9:8,2020
1061,2789,0.7375843960990247,3.0,3.0,0.0,3.0,107,victory,1,0,,0,50,43,0:0|0:1|0:4|0:5|0:6|0:7|1:0|1:4|1:6|1:7|1:8|1:9|2:0|2:2|2:3|2:4|2:6|2:8|2:9|3:0|3:1|3:2|3:4|3:5|3:6|3:8|3:9|4:2|4:5|4:6|4:9|5:0|5:1|5:2|5:8|5:9|6:0|6:1|6:6|6:7|6:8|7:8|8:8,2020
1062,2790,0.7373368342085522,2.0,2.0,0.0,2.0,113,death,0,1,monster,0,36,27,0:0|0:4|0:5|0:6|0:7|0:8|0:9|1:0|1:4|1:6|1:7|1:8|1:9|2:0|2:2|2:3|2:4|3:0|3:1|3:2|4:2|4:3|5:0|5:1|5:2|6:1|6:2,2020
1063,2791,0.7370892723180795,2.0,2.0,0.0,2.0,92,death,0,1,monster,0,32,25,0:0|0:1|0:4|0:5|0:6|0:7|0:8|1:0|1:2|1:4|1:8|2:0|2:2|2:3|2:4|3:0|3:1|3:2|3:4|4:2|4:3|4:4|5:1|5:2|6:1,2020
1064,2792,0.7368417104276068,3.0,3.0,0.0,3.0,203,victory,1,0,,0,47,40,0:0|0:1|0:2|0:4|0:5|0:6|0:7|0:8|0:9|1:0|1:4|1:8|1:9|2:0|2:2|2:3|2:4|2:8|2:9|3:0|3:1|3:2|3:8|3:9|4:2|4:5|4:6|4:7|4:8|4:9|5:1|5:2|5:8|5:9|6:1|6:2|6:9|7:8|7:9|8:8,2020
1065,2793,0.7365941485371343,2.0,2.0,0.0,2.0,128,death,0,1,monster,0,35,25,0:0|0:4|0:5|0:6|0:7|1:0|1:4|1:7|1:8|2:0|2:2|2:3|2:4|2:8|3:0|3:1|3:2|4:2|5:0|5:1|5:2|6:0|6:1|6:2|6:3,2020
1066,2794,0.7363465866466616,2.0,2.0,0.0,2.0,246,death,0,1,monster,0,74,50,0:0|0:1|0:4|0:5|0:6|0:7|1:0|1:2|1:4|1:6|1:7|1:8|1:9|2:0|2:2|2:3|2:4|2:6|2:8|2:9|3:0|3:1|3:2|3:4|3:5|3:6|3:8|3:9|4:2|4:3|4:4|4:5|4:6|4:7|4:8|4:9|5:0|5:1|5:2|5:4|5:6|5:8|5:9|6:1|6:6|6:7|6:8|6:9|7:8|7:9,2023
1067,2795,0.736099024756189,1.0,1.0,0.0,1.0,93,death,0,1,monster,0,31,25,0:0|0:1|0:4|0:5|1:0|1:4|2:0|2:4|3:0|3:1|3:2|3:4|3:5|4:2|4:3|4:4|5:1|5:2|5:4|6:1|6:2|6:3|6:4|7:3|8:3,2023
1068,2796,0.7358514628657165,3.0,3.0,0.0,3.0,260,victory,1,0,,0,53,43,0:0|0:4|0:5|0:6|0:7|0:8|0:9|1:0|1:4|1:7|1:8|1:9|2:0|2:2|2:3|2:4|2:8|2:9|3:0|3:1|3:2|3:4|3:8|3:9|4:2|4:3|4:4|4:5|4:8|4:9|5:0|5:1|5:2|5:8|6:0|6:1|6:2|6:3|6:8|6:9|7:8|7:9|8:8,2023
1069,2797,0.7356039009752438,3.0,3.0,0.0,3.0,141,victory,1,0,,0,50,45,0:0|0:1|0:6|0:7|0:8|0:9|1:0|1:6|1:9|2:0|2:2|2:3|2:4|2:6|2:9|3:0|3:1|3:2|3:4|3:5|3:6|3:8|3:9|4:2|4:3|4:4|4:5|4:6|4:7|4:8|4:9|5:0|5:1|5:2|5:4|5:6|5:8|6:1|6:2|6:4|6:8|6:9|7:9|8:8|8:9,2023
1070,2798,0.7353563390847713,1.0,1.0,0.0,1.0,225,death,0,1,monster,0,48,32,0:0|0:4|0:5|1:0|1:2|1:4|2:0|2:2|2:3|2:4|2:6|3:0|3:1|3:2|3:4|3:5|3:6|4:2|4:3|4:4|4:5|4:6|4:7|5:0|5:1|5:2|5:4|5:6|6:1|6:2|6:3|6:4,2023
1071,2799,0.7351087771942986,2.0,2.0,0.0,2.0,113,death,0,1,monster,0,36,28,0:0|0:1|0:5|0:6|0:7|0:8|1:0|1:4|1:6|1:8|2:0|2:2|2:3|2:4|2:6|3:0|3:1|3:2|3:4|3:5|3:6|4:2|5:0|5:1|5:2|6:0|6:1|6:2,2023
1072,2800,0.734861215303826,3.0,3.0,0.0,3.0,133,victory,1,0,,0,47,39,0:0|0:4|0:5|0:6|0:7|0:8|1:0|1:4|1:7|1:8|2:0|2:2|2:3|2:4|2:8|3:0|3:1|3:2|3:4|3:8|3:9|4:2|4:8|4:9|5:0|5:1|5:2|5:8|5:9|6:0|6:1|6:2|6:7|6:8|6:9|7:8|7:9|8:8|8:9,2023
1073,2801,0.7346136534133534,2.0,2.0,0.0,2.0,113,death,0,1,monster,0,38,29,0:0|0:6|0:7|1:0|1:6|1:7|1:8|2:0|2:6|3:0|3:1|3:2|3:4|3:5|3:6|4:2|4:3|4:4|4:6|5:0|5:1|5:2|5:4|5:6|6:0|6:1|6:2|6:3|6:4,2023
1074,2802,0.7343660915228807,2.0,2.0,0.0,2.0,120,death,0,1,monster,0,51,38,0:0|0:4|0:5|0:6|0:7|0:8|1:0|1:4|1:8|2:0|2:4|2:8|2:9|3:0|3:1|3:2|3:4|3:5|3:6|3:8|3:9|4:2|4:3|4:4|4:5|4:6|4:7|4:8|4:9|5:0|5:1|5:2|5:4|5:6|5:8|5:9|6:0|6:1,2024
1075,2803,0.7341185296324081,2.0,2.0,0.0,2.0,128,death,0,1,monster,0,42,33,0:0|0:4|0:5|0:6|0:7|0:8|1:0|1:4|1:6|1:7|1:8|2:0|2:3|2:4|2:6|3:0|3:1|3:2|3:4|3:5|3:6|4:2|4:3|4:4|4:5|4:6|4:7|5:0|5:1|5:2|5:4|6:1|6:2,2024
1076,2804,0.7338709677419355,1.0,1.0,0.0,1.0,141,death,0,1,monster,0,53,29,0:0|0:1|0:2|0:4|1:0|1:2|1:4|2:0|2:2|2:3|2:4|3:0|3:1|3:2|3:4|3:5|4:2|4:3|4:4|4:5|5:0|5:1|5:2|5:4|6:0|6:1|6:2|6:3|6:4,2025
1077,2805,0.7336234058514628,3.0,3.0,0.0,3.0,142,victory,1,0,,0,44,36,0:0|0:6|0:7|0:8|0:9|1:0|1:6|1:7|1:8|1:9|2:0|2:2|2:6|2:8|2:9|3:0|3:1|3:2|3:4|3:5|3:6|3:8|3:9|4:2|4:3|4:4|4:5|4:9|5:1|5:2|5:9|6:1|6:9|7:8|7:9|8:8,2025
1078,2806,0.7333758439609903,1.0,1.0,0.0,1.0,69,death,0,1,monster,0,26,19,0:0|1:0|2:0|2:2|2:3|3:0|3:1|3:2|3:4|4:2|4:3|4:4|5:0|5:1|5:2|6:0|6:1|6:2|7:0,2025
1079,2807,0.7331282820705176,2.0,2.0,0.0,2.0,86,death,0,1,monster,0,42,29,0:0|0:1|0:6|0:7|0:8|1:0|1:4|1:6|1:7|2:0|2:3|2:4|2:6|3:0|3:1|3:2|3:4|3:5|3:6|4:2|4:3|4:4|4:5|4:6|5:0|5:1|5:2|6:1|6:2,2026
1080,2808,0.732880720180045,2.0,2.0,0.0,2.0,90,death,0,1,monster,0,31,24,0:0|0:1|0:4|0:5|0:6|0:7|0:8|1:0|1:4|2:0|2:2|2:3|2:4|3:0|3:1|3:2|3:4|4:2|4:3|4:4|5:1|5:2|5:4|6:1,2026
1081,2809,0.7326331582895724,2.0,2.0,0.0,2.0,350,truncated,0,0,,1,85,55,0:0|0:1|0:2|0:4|0:5|0:6|0:7|1:2|1:4|1:6|1:7|1:8|2:2|2:3|2:4|2:6|2:8|2:9|3:1|3:2|3:4|3:5|3:6|3:8|3:9|4:2|4:3|4:4|4:5|4:6|4:7|4:8|4:9|5:6|5:8|5:9|6:6|6:7|6:8|6:9|7:5|7:6|7:8|7:9|8:4|8:5|8:7|8:8|8:9|9:4|9:5|9:6|9:7|9:8|9:9,2040
1082,2810,0.7323855963990997,0.0,0.0,0.0,0.0,23,death,0,1,monster,0,11,10,0:0|1:0|2:0|2:2|2:3|3:0|3:1|3:2|4:2|4:3,2040
1083,2811,0.7321380345086272,1.0,1.0,0.0,1.0,110,death,0,1,monster,0,30,24,0:0|0:4|0:5|1:0|1:2|1:4|1:6|2:0|2:2|2:3|2:4|2:6|3:0|3:1|3:2|3:4|3:5|3:6|4:2|4:3|5:1|5:2|6:1|6:2,2040
1084,2812,0.7318904726181545,3.0,3.0,0.0,3.0,140,victory,1,0,,0,45,37,0:0|0:1|0:4|0:5|0:6|0:7|0:8|1:0|1:4|1:7|1:8|1:9|2:0|2:2|2:3|2:4|2:8|2:9|3:0|3:1|3:2|3:4|3:8|3:9|4:2|4:8|4:9|5:0|5:1|5:2|5:9|6:0|6:1|6:9|7:8|7:9|8:8,2040
1085,2813,0.7316429107276818,2.0,2.0,0.0,2.0,104,death,0,1,monster,0,42,35,0:0|0:1|0:4|0:5|0:6|0:7|0:8|0:9|1:0|1:4|1:6|1:7|1:8|1:9|2:0|2:2|2:3|2:4|2:6|2:8|2:9|3:0|3:1|3:2|3:6|3:9|4:2|4:3|4:6|5:1|5:2|6:1|6:2|6:3|6:4,2040
1086,2814,0.7313953488372094,2.0,2.0,0.0,2.0,262,death,0,1,monster,0,84,39,0:0|0:1|0:2|0:4|0:5|0:6|0:7|0:8|0:9|1:0|1:2|1:4|1:6|1:7|1:8|1:9|2:0|2:2|2:3|2:4|2:6|2:8|2:9|3:0|3:1|3:2|3:8|3:9|4:2|4:8|4:9|5:0|5:1|5:2|5:9|6:0|6:1|7:0|8:0,2041
1087,2815,0.7311477869467367,2.0,2.0,0.0,2.0,173,death,0,1,monster,0,65,47,0:0|0:2|1:0|1:2|2:0|2:2|2:9|3:0|3:1|3:2|3:4|3:5|3:6|3:9|4:2|4:3|4:4|4:5|4:6|4:7|4:8|4:9|5:0|5:1|5:2|5:9|6:0|6:1|6:2|6:8|6:9|7:0|7:8|7:9|8:0|8:8|8:9|9:0|9:1|9:2|9:3|9:4|9:5|9:6|9:7|9:8|9:9,2047
1088,2816,0.7309002250562641,1.0,1.0,0.0,1.0,70,death,0,1,monster,0,30,23,0:0|1:0|1:2|2:0|2:2|2:3|3:0|3:1|3:2|3:4|3:5|4:2|4:3|4:4|4:5|5:0|5:1|5:2|6:0|6:1|6:2|6:3|6:4,2047
1089,2817,0.7306526631657915,0.0,0.0,0.0,0.0,51,death,0,1,monster,0,17,13,0:0|1:0|2:0|2:2|2:3|3:0|3:1|3:2|3:4|4:2|4:3|4:4|4:5,2047
1090,2818,0.7304051012753188,3.0,3.0,0.0,3.0,236,victory,1,0,,0,47,37,0:0|0:1|0:2|0:4|0:5|0:6|0:7|0:8|1:0|1:2|1:4|1:6|1:7|1:8|1:9|2:0|2:2|2:3|2:4|2:8|2:9|3:0|3:1|3:2|3:8|3:9|4:2|4:9|5:1|5:2|5:9|6:1|6:2|6:9|7:8|7:9|8:8,2047
1091,2819,0.7301575393848462,0.0,0.0,0.0,0.0,10,death,0,1,monster,0,7,6,0:0|1:0|2:0|3:0|3:1|3:2,2047
1092,2820,0.7299099774943736,0.0,0.0,0.0,0.0,60,death,0,1,monster,0,9,8,0:0|1:0|2:0|2:2|3:0|3:1|3:2|4:2,2047
1093,2821,0.729662415603901,1.0,1.0,0.0,1.0,305,death,0,1,monster,0,67,37,0:0|0:1|0:2|0:4|0:5|0:6|1:0|1:2|1:4|1:6|2:0|2:2|2:3|2:4|2:6|3:0|3:1|3:2|3:4|3:5|3:6|4:2|4:3|4:4|4:5|4:6|4:7|5:0|5:1|5:2|5:4|5:6|6:0|6:1|6:3|6:4|7:3,2047
1094,2822,0.7294148537134284,1.0,1.0,0.0,1.0,116,death,0,1,monster,0,31,20,0:0|1:0|2:0|2:2|2:3|2:4|3:0|3:1|3:2|3:4|4:2|4:3|4:4|5:0|5:1|5:2|6:0|6:1|6:2|6:3,2048
1095,2823,0.7291672918229557,3.0,3.0,0.0,3.0,270,victory,1,0,,0,64,52,0:0|0:5|0:6|0:7|0:8|0:9|1:0|1:2|1:6|1:8|1:9|2:0|2:2|2:3|2:4|2:6|2:8|2:9|3:0|3:1|3:2|3:4|3:5|3:6|3:8|3:9|4:2|4:3|4:4|4:5|4:6|4:7|4:8|4:9|5:0|5:1|5:2|5:4|5:8|5:9|6:0|6:1|6:2|6:3|6:4|6:8|6:9|7:0|7:8|7:9|8:0|8:8,2048
1096,2824,0.7289197299324832,3.0,3.0,0.0,3.0,278,victory,1,0,,0,55,47,0:0|0:4|0:5|0:6|0:7|0:8|0:9|1:0|1:4|1:7|1:8|1:9|2:0|2:4|2:8|2:9|3:0|3:1|3:2|3:4|3:5|3:8|3:9|4:2|4:3|4:4|4:5|4:6|4:7|4:8|4:9|5:0|5:1|5:2|5:4|5:6|5:8|5:9|6:1|6:6|6:7|6:8|6:9|7:5|7:6|7:8|8:8,2049
1097,2825,0.7286721680420105,2.0,2.0,0.0,2.0,70,death,0,1,monster,0,39,33,0:0|1:0|2:0|3:0|3:1|3:2|3:4|4:2|4:3|4:4|4:7|4:8|5:1|5:2|5:8|6:0|6:1|6:7|6:8|7:0|7:8|8:0|8:1|8:2|8:3|8:4|8:7|8:8|9:4|9:5|9:6|9:7|9:8,2053
1098,2826,0.7284246061515378,0.0,0.0,0.0,0.0,53,death,0,1,monster,0,19,13,0:0|0:1|0:2|1:0|1:2|2:0|2:2|2:3|3:0|3:1|3:2|4:2|4:3,2053
1099,2827,0.7281770442610653,1.0,1.0,0.0,1.0,206,death,0,1,monster,0,27,19,0:0|0:1|0:2|1:0|1:2|2:0|2:2|2:3|3:0|3:1|3:2|4:2|5:0|5:1|5:2|6:0|6:1|6:2|7:0,2053
1100,2828,0.7279294823705926,1.0,1.0,0.0,1.0,350,truncated,0,0,,1,51,33,0:0|0:1|0:4|0:5|1:0|1:2|1:4|2:0|2:2|2:3|2:4|3:0|3:1|3:2|3:4|3:5|3:6|4:2|4:3|4:4|4:5|4:6|4:7|5:0|5:1|5:2|5:4|5:6|6:0|6:1|6:2|6:3|6:4,2053
1101,2829,0.72768192048012,3.0,3.0,0.0,3.0,220,victory,1,0,,0,77,52,0:0|0:1|0:2|0:4|0:5|0:7|1:2|1:4|1:6|1:7|2:2|2:3|2:4|2:6|3:2|3:4|3:5|3:6|4:2|4:3|4:4|4:5|4:6|4:7|4:8|5:1|5:2|5:4|5:6|5:8|6:1|6:2|6:3|6:4|6:6|6:7|6:8|7:3|7:8|8:3|8:4|8:7|8:8|8:9|9:2|9:3|9:4|9:5|9:6|9:7|9:8|9:9,2055
1102,2830,0.7274343585896474,0.0,0.0,0.0,0.0,22,death,0,1,monster,0,12,11,0:0|1:0|1:4|2:0|2:2|2:3|2:4|3:0|3:1|3:2|4:2,2055
1103,2831,0.7271867966991747,1.0,1.0,0.0,1.0,71,death,0,1,monster,0,26,22,0:0|0:1|1:0|2:0|3:0|3:1|3:2|3:4|3:5|4:2|4:3|4:4|4:5|4:6|4:7|4:8|5:1|5:2|5:6|6:1|6:2|6:6,2055
1104,2832,0.7269392348087022,0.0,0.0,0.0,0.0,45,death,0,1,monster,0,16,10,0:0|1:0|2:0|2:2|2:3|3:0|3:1|3:2|4:2|5:2,2055
1105,2833,0.7266916729182296,1.0,1.0,0.0,1.0,55,death,0,1,monster,0,28,19,0:0|1:0|1:2|2:0|2:2|2:3|2:4|3:0|3:1|3:2|3:4|4:2|4:3|5:0|5:1|5:2|6:0|6:1|6:2,2055
1106,2834,0.726444111027757,2.0,2.0,0.0,2.0,111,death,0,1,monster,0,41,32,0:0|0:1|0:6|0:7|0:8|1:0|1:2|1:6|1:8|2:0|2:2|2:6|2:8|2:9|3:0|3:1|3:2|3:4|3:5|3:6|3:8|4:2|4:3|4:4|4:5|4:6|5:0|5:1|5:2|5:4|6:1|6:2,2055
1107,2835,0.7261965491372844,0.0,0.0,0.0,0.0,14,death,0,1,monster,0,8,7,0:0|1:0|2:0|2:2|3:0|3:1|3:2,2055
1108,2836,0.7259489872468117,3.0,3.0,0.0,3.0,136,victory,1,0,,0,48,40,0:0|0:1|0:2|0:4|0:5|0:6|0:7|1:0|1:2|1:4|1:6|1:7|1:8|1:9|2:0|2:2|2:3|2:4|2:8|2:9|3:0|3:1|3:2|3:4|3:9|4:2|4:3|4:4|4:9|5:0|5:1|5:2|5:9|6:1|6:2|6:7|6:8|6:9|7:8|8:8,2055
1109,2837,0.7257014253563392,3.0,3.0,0.0,3.0,184,victory,1,0,,0,58,41,0:0|0:2|0:4|0:5|0:6|0:7|0:8|1:0|1:2|1:4|1:8|1:9|2:0|2:2|2:3|2:4|2:9|3:0|3:1|3:2|3:9|4:2|4:3|4:4|4:9|5:0|5:1|5:2|5:4|5:9|6:1|6:2|6:3|6:4|6:9|7:3|7:8|7:9|8:8|8:9|9:9,2055
1110,2838,0.7254538634658665,1.0,1.0,0.0,1.0,134,death,0,1,monster,0,33,24,0:0|0:1|0:2|1:0|1:2|2:0|2:2|2:3|2:4|3:0|3:1|3:2|3:4|3:5|3:6|4:2|4:3|4:4|4:6|5:1|5:2|5:4|6:1|6:2,2055
1111,2839,0.7252063015753938,1.0,1.0,0.0,1.0,121,death,0,1,monster,0,37,25,0:0|0:1|0:4|1:0|1:2|1:4|2:0|2:2|2:3|2:4|3:0|3:1|3:2|3:4|3:5|4:2|4:3|4:4|5:0|5:1|5:2|6:0|6:1|6:2|6:3,2055
1112,2840,0.7249587396849212,1.0,1.0,0.0,1.0,350,truncated,0,0,,1,47,29,0:0|0:1|0:2|1:0|1:2|2:0|2:2|2:3|2:4|3:0|3:1|3:2|3:4|4:2|4:3|4:4|5:1|5:2|5:4|6:1|6:2|6:3|6:4|7:3|8:1|8:2|8:3|8:4|9:3,2055
1113,2841,0.7247111777944486,2.0,2.0,0.0,2.0,94,death,0,1,monster,0,37,28,0:0|0:4|0:5|0:6|0:7|0:8|1:0|1:4|1:6|1:7|1:8|2:0|2:2|2:3|2:4|3:0|3:1|3:2|3:4|3:5|3:6|4:2|4:3|4:4|5:1|5:2|5:4|6:1,2055
1114,2842,0.724463615903976,1.0,1.0,0.0,1.0,126,death,0,1,monster,0,23,19,0:0|0:1|0:2|1:0|2:0|2:2|2:4|3:0|3:1|3:2|3:4|4:2|4:3|4:4|5:1|5:2|6:1|6:2|6:3,2055
1115,2843,0.7242160540135034,3.0,3.0,0.0,3.0,224,victory,1,0,,0,79,46,0:0|0:2|0:4|0:5|0:6|0:7|0:8|0:9|1:0|1:2|1:4|1:6|1:7|1:9|2:0|2:2|2:3|2:4|2:6|2:9|3:0|3:1|3:2|3:4|3:5|3:6|3:9|4:2|4:3|4:4|4:5|4:6|4:7|4:9|5:1|5:2|5:4|5:6|5:9|6:1|6:4|6:6|6:9|7:9|8:8|8:9,2057
1116,2844,0.7239684921230307,1.0,1.0,0.0,1.0,147,death,0,1,monster,0,38,26,0:0|1:0|1:2|2:0|2:2|2:3|2:4|3:0|3:1|3:2|3:4|3:5|4:2|4:3|4:4|4:5|4:6|5:0|5:1|5:2|5:4|6:0|6:1|6:2|6:3|6:4,2057
1117,2845,0.7237209302325581,0.0,0.0,0.0,0.0,64,death,0,1,monster,0,10,5,0:0|1:0|2:0|3:0|3:1,2057
1118,2846,0.7234733683420855,2.0,2.0,0.0,2.0,127,death,0,1,monster,0,43,36,0:0|1:0|2:0|3:0|3:1|3:2|4:2|5:0|5:1|5:2|5:4|5:8|6:0|6:1|6:2|6:3|6:4|6:8|7:0|7:3|7:8|8:0|8:1|8:3|8:4|8:5|8:7|8:8|9:1|9:2|9:3|9:4|9:5|9:6|9:7|9:8,2057
1119,2847,0.7232258064516129,3.0,3.0,0.0,3.0,129,victory,1,0,,0,46,37,0:0|0:6|0:7|0:8|0:9|1:0|1:6|1:8|1:9|2:0|2:6|2:8|2:9|3:0|3:1|3:2|3:5|3:6|3:9|4:2|4:3|4:4|4:5|4:6|4:8|4:9|5:0|5:1|5:2|5:8|6:0|6:1|6:2|6:3|6:8|7:8|8:8,2057
1120,2848,0.7229782445611403,2.0,2.0,0.0,2.0,74,death,0,1,monster,0,30,22,0:0|0:1|0:4|0:5|0:6|0:7|1:0|1:4|1:7|2:0|2:2|2:3|2:4|3:0|3:1|3:2|4:2|5:0|5:1|5:2|6:1|6:2,2057
1121,2849,0.7227306826706676,2.0,2.0,0.0,2.0,208,death,0,1,monster,0,46,32,0:0|0:4|0:5|0:6|0:7|0:8|0:9|1:0|1:4|1:6|1:7|1:8|1:9|2:0|2:2|2:3|2:4|2:8|2:9|3:0|3:1|3:2|4:2|4:3|5:0|5:1|5:2|6:0|6:1|6:2|6:3|7:0,2057
1122,2850,0.722483120780195,3.0,3.0,0.0,3.0,115,victory,1,0,,0,45,38,0:0|0:1|0:7|1:0|1:6|1:7|2:0|2:6|3:0|3:1|3:2|3:6|4:2|4:6|5:1|5:2|5:6|6:1|6:2|6:3|6:6|6:7|6:8|6:9|7:3|7:8|7:9|8:3|8:4|8:5|8:7|8:8|8:9|9:4|9:5|9:6|9:7|9:8,2057
1123,2851,0.7222355588897225,3.0,3.0,0.0,3.0,89,victory,1,0,,0,47,41,0:0|0:1|0:5|0:6|0:7|0:9|1:0|1:6|1:7|1:8|1:9|2:0|2:6|2:9|3:0|3:1|3:2|3:4|3:5|3:6|3:8|3:9|4:2|4:3|4:4|4:5|4:9|5:0|5:1|5:2|5:8|5:9|6:0|6:1|6:2|6:7|6:8|7:8|7:9|8:8|8:9,2057
1124,2852,0.7219879969992498,0.0,0.0,0.0,0.0,23,death,0,1,monster,0,13,10,0:0|1:0|2:0|2:2|3:0|3:1|3:2|4:2|4:3|4:4,2057
1125,2853,0.7217404351087772,1.0,1.0,0.0,1.0,117,death,0,1,monster,0,27,19,0:0|0:4|0:5|1:0|1:4|2:0|2:2|2:3|2:4|3:0|3:1|3:2|4:2|4:3|4:4|5:1|5:2|6:1|6:2,2057
1126,2854,0.7214928732183046,2.0,2.0,0.0,2.0,180,death,0,1,monster,0,46,45,0:0|0:1|1:0|1:2|1:6|1:7|2:0|2:2|2:3|2:4|2:6|3:0|3:1|3:2|3:4|3:5|3:6|4:2|4:4|4:5|4:6|4:7|5:1|5:2|5:6|6:0|6:1|6:2|6:3|6:6|6:7|6:8|7:3|7:8|7:9|8:2|8:3|8:4|8:7|8:8|9:3|9:4|9:5|9:6|9:7,2057
1127,2855,0.721245311327832,2.0,2.0,0.0,2.0,221,death,0,1,monster,0,52,35,0:0|0:1|0:2|0:4|0:5|0:6|0:7|1:0|1:2|1:4|1:6|1:7|1:8|1:9|2:0|2:2|2:3|2:4|2:9|3:0|3:1|3:2|3:9|4:2|4:3|4:4|4:7|4:8|4:9|5:1|5:2|5:8|6:1|6:8|7:8,2057
1128,2856,0.7209977494373594,3.0,3.0,0.0,3.0,139,victory,1,0,,0,47,41,0:0|0:4|0:5|0:6|0:7|1:0|1:4|1:6|1:7|2:0|2:2|2:3|2:4|2:6|3:0|3:1|3:2|3:4|3:5|3:6|3:8|3:9|4:2|4:5|4:6|4:7|4:8|4:9|5:0|5:1|5:2|5:6|5:9|6:0|6:1|6:2|6:3|6:9|7:8|7:9|8:8,2057
1129,2857,0.7207501875468867,3.0,3.0,0.0,3.0,230,victory,1,0,,0,65,51,0:0|0:4|0:5|0:6|0:7|0:8|1:0|1:2|1:4|1:6|1:7|1:8|1:9|2:0|2:2|2:3|2:4|2:6|2:8|3:0|3:1|3:2|3:4|3:5|3:6|3:9|4:2|4:3|4:4|4:6|4:7|4:8|4:9|5:0|5:1|5:2|5:4|5:6|5:9|6:0|6:1|6:2|6:3|6:4|6:9|7:0|7:3|7:8|7:9|8:0|8:8,2057
1130,2858,0.7205026256564141,1.0,1.0,0.0,1.0,78,death,0,1,monster,0,31,25,0:0|0:1|1:0|1:2|2:0|2:2|2:3|3:0|3:1|3:2|4:2|5:0|5:1|5:2|6:0|6:1|7:0|8:0|8:1|8:2|8:3|8:4|9:2|9:3|9:4,2057
1131,2859,0.7202550637659415,2.0,2.0,0.0,2.0,158,death,0,1,monster,0,51,37,0:0|0:4|0:5|0:6|0:7|0:8|0:9|1:0|1:4|1:7|1:8|1:9|2:0|2:2|2:3|2:4|2:8|2:9|3:0|3:1|3:2|3:8|3:9|4:2|4:3|4:8|4:9|5:0|5:1|5:2|5:9|6:0|6:1|6:2|6:3|7:0|8:0,2057
1132,2860,0.7200075018754688,0.0,0.0,0.0,0.0,104,death,0,1,monster,0,22,15,0:0|0:1|0:2|1:0|1:2|2:0|2:2|2:3|2:4|3:0|3:1|3:2|4:2|4:3|4:4,2057
1133,2861,0.7197599399849963,1.0,1.0,0.0,1.0,71,death,0,1,monster,0,29,22,0:0|0:1|1:0|2:0|2:2|2:4|2:6|3:0|3:1|3:2|3:4|3:5|3:6|4:2|4:3|4:4|4:5|4:6|5:1|5:2|6:1|6:2,2057
1134,2862,0.7195123780945236,1.0,1.0,0.0,1.0,104,death,0,1,monster,0,26,22,0:0|0:1|0:2|1:0|1:2|2:0|2:2|2:3|3:0|3:1|3:2|4:2|4:3|4:4|5:0|5:1|5:2|6:0|6:1|6:2|6:3|6:4,2057
1135,2863,0.7192648162040509,1.0,1.0,0.0,1.0,65,death,0,1,monster,0,16,13,0:0|1:0|2:0|2:2|3:0|3:1|3:2|4:2|5:0|5:1|5:2|6:1|6:2,2057
1136,2864,0.7190172543135784,1.0,1.0,0.0,1.0,57,death,0,1,monster,0,27,19,0:0|0:4|0:5|1:0|1:4|2:0|2:2|2:3|2:4|3:0|3:1|3:2|4:2|4:3|5:0|5:1|5:2|6:0|6:1,2057
1137,2865,0.7187696924231057,3.0,3.0,0.0,3.0,210,victory,1,0,,0,54,42,0:0|0:4|0:5|0:6|0:7|0:8|0:9|1:0|1:2|1:4|1:9|2:0|2:2|2:3|2:4|2:6|2:8|2:9|3:0|3:1|3:2|3:4|3:5|3:6|3:8|3:9|4:2|4:3|4:6|4:7|4:8|4:9|5:0|5:1|5:2|5:9|6:1|6:2|6:9|7:9|8:8|8:9,2057
1138,2866,0.7185221305326331,3.0,3.0,0.0,3.0,269,victory,1,0,,0,59,48,0:0|0:1|0:4|0:5|0:6|0:7|0:8|0:9|1:0|1:4|1:7|1:8|1:9|2:0|2:4|2:8|2:9|3:0|3:1|3:2|3:4|3:5|3:8|3:9|4:2|4:3|4:4|4:5|4:8|4:9|5:0|5:1|5:2|5:4|5:6|5:8|5:9|6:0|6:1|6:2|6:3|6:4|6:6|6:7|6:8|6:9|7:8|8:8,2057
1139,2867,0.7182745686421605,3.0,3.0,0.0,3.0,113,victory,1,0,,0,55,47,0:0|0:7|1:0|1:4|1:6|1:7|2:0|2:2|2:3|2:4|2:6|3:0|3:1|3:2|3:4|3:6|4:2|4:3|4:6|4:7|4:8|5:0|5:1|5:2|5:8|6:0|6:1|6:2|6:8|7:0|7:3|7:8|8:0|8:1|8:2|8:3|8:4|8:8|8:9|9:1|9:2|9:3|9:4|9:5|9:6|9:7|9:8,2057
1140,2868,0.718027006751688,3.0,3.0,0.0,3.0,282,victory,1,0,,0,66,49,0:0|0:4|0:5|0:6|0:7|0:8|0:9|1:0|1:4|1:6|1:7|1:8|1:9|2:0|2:2|2:3|2:4|2:6|2:8|2:9|3:0|3:1|3:2|3:4|3:5|3:6|3:8|3:9|4:2|4:3|4:4|4:5|4:6|4:7|4:8|4:9|5:1|5:2|5:6|5:9|6:1|6:2|6:3|6:7|6:8|6:9|7:8|7:9|8:8,2057
1141,2869,0.7177794448612154,0.0,0.0,0.0,0.0,29,death,0,1,monster,0,14,11,0:0|0:1|0:2|1:0|2:0|3:0|3:1|3:2|4:2|4:3|5:2,2057
1142,2870,0.7175318829707427,1.0,1.0,0.0,1.0,44,death,0,1,monster,0,21,17,0:0|1:0|2:0|3:0|3:1|3:2|3:4|3:5|4:2|4:3|4:4|5:0|5:1|5:2|6:0|6:1|6:2,2057
1143,2871,0.7172843210802701,3.0,3.0,0.0,3.0,197,victory,1,0,,0,51,38,0:0|0:4|0:5|0:6|0:7|1:0|1:2|1:4|1:6|2:0|2:2|2:3|2:4|2:6|3:0|3:1|3:2|3:4|3:6|4:2|4:3|4:4|4:6|4:7|4:8|4:9|5:0|5:1|5:2|5:8|5:9|6:0|6:1|6:2|6:9|7:8|7:9|8:8,2057
1144,2872,0.7170367591897975,2.0,2.0,0.0,2.0,195,death,0,1,monster,0,54,40,0:0|0:4|0:5|0:6|0:7|0:8|0:9|1:0|1:2|1:4|1:8|1:9|2:0|2:2|2:3|2:4|2:9|3:0|3:1|3:2|3:4|3:8|3:9|4:2|4:3|4:8|5:0|5:1|5:2|5:8|5:9|6:0|6:1|6:2|6:7|6:8|6:9|7:0|7:8|8:8,2057
1145,2873,0.7167891972993248,2.0,2.0,0.0,2.0,127,death,0,1,monster,0,41,32,0:0|0:4|0:5|0:6|0:7|1:0|1:4|1:6|1:7|1:8|2:0|2:2|2:3|2:4|2:6|2:8|3:0|3:1|3:2|3:4|3:5|3:6|4:2|4:3|4:4|4:5|4:6|5:0|5:1|5:2|6:0|6:1,2057
1146,2874,0.7165416354088523,3.0,3.0,0.0,3.0,137,victory,1,0,,0,53,39,0:0|0:4|0:5|0:6|0:7|0:8|1:0|1:4|1:6|1:7|1:8|1:9|2:0|2:4|2:8|2:9|3:0|3:1|3:2|3:4|3:8|3:9|4:2|4:3|4:4|4:5|4:9|5:1|5:2|5:4|5:9|6:1|6:2|6:7|6:8|6:9|7:8|7:9|8:8,2057
1147,2875,0.7162940735183796,0.0,0.0,0.0,0.0,53,death,0,1,monster,0,19,11,0:0|1:0|2:0|2:2|3:0|3:1|3:2|4:2|5:2|6:2|6:3,2057
1148,2876,0.7160465116279069,0.0,0.0,0.0,0.0,14,death,0,1,monster,0,13,11,0:0|1:0|2:0|3:0|3:1|3:2|4:2|4:3|4:4|4:5|5:4,2057
1149,2877,0.7157989497374344,2.0,2.0,0.0,2.0,151,death,0,1,monster,0,44,35,0:0|0:4|0:5|0:6|0:7|0:8|0:9|1:0|1:4|1:6|1:7|1:8|1:9|2:0|2:4|2:8|2:9|3:0|3:1|3:2|3:4|3:8|3:9|4:2|4:3|4:4|4:7|4:8|5:0|5:1|5:2|5:4|6:0|6:1|6:2,2057
1150,2878,0.7155513878469617,2.0,2.0,0.0,2.0,135,death,0,1,monster,0,40,31,0:0|0:1|0:4|0:5|0:6|0:7|0:8|0:9|1:0|1:4|1:7|1:8|2:0|2:2|2:3|2:4|2:8|2:9|3:0|3:1|3:2|3:8|4:2|4:3|4:8|5:0|5:1|5:2|6:1|6:2|6:3,2057
1151,2879,0.7153038259564891,3.0,3.0,0.0,3.0,104,victory,1,0,,0,46,38,0:0|0:4|0:5|0:6|0:7|0:8|0:9|1:0|1:4|1:6|1:7|1:8|1:9|2:0|2:2|2:3|2:4|2:8|2:9|3:0|3:1|3:2|3:4|3:8|4:2|4:8|5:0|5:1|5:2|5:8|5:9|6:0|6:1|6:2|6:9|7:8|7:9|8:8,2057
1152,2880,0.7150562640660165,2.0,2.0,0.0,2.0,111,death,0,1,monster,0,43,35,0:0|0:1|0:4|0:5|0:6|0:7|0:8|0:9|1:0|1:4|1:9|2:0|2:2|2:4|2:8|2:9|3:0|3:1|3:2|3:4|3:8|3:9|4:2|4:3|4:4|4:8|4:9|5:0|5:1|5:2|5:4|5:8|6:0|6:1|6:2,2057
1153,2881,0.7148087021755439,3.0,3.0,0.0,3.0,230,victory,1,0,,0,55,44,0:0|0:1|0:2|0:4|0:5|0:6|0:7|0:8|0:9|1:0|1:2|1:4|1:7|1:8|1:9|2:0|2:2|2:4|2:8|2:9|3:0|3:1|3:2|3:4|3:5|3:8|3:9|4:2|4:3|4:4|4:7|4:8|4:9|5:1|5:2|5:8|5:9|6:1|6:2|6:8|6:9|7:8|7:9|8:8,2057
1154,2882,0.7145611402850713,1.0,1.0,0.0,1.0,72,death,0,1,monster,0,27,16,0:0|0:1|0:2|1:0|1:2|2:0|2:2|2:3|3:0|3:1|3:2|4:2|5:1|5:2|6:1|6:2,2057
1155,2883,0.7143135783945986,2.0,2.0,0.0,2.0,202,death,0,1,monster,0,57,49,0:0|1:0|1:6|1:7|1:8|2:0|2:2|2:3|2:4|2:6|3:0|3:1|3:2|3:4|3:5|3:6|4:2|4:3|4:5|4:6|5:0|5:1|5:2|5:6|5:8|6:0|6:1|6:2|6:3|6:6|6:7|6:8|6:9|7:3|7:5|7:6|7:8|7:9|8:3|8:4|8:5|8:7|8:8|8:9|9:5|9:6|9:7|9:8|9:9,2057
1156,2884,0.714066016504126,3.0,3.0,0.0,3.0,233,victory,1,0,,0,47,39,0:0|0:1|0:2|0:4|0:5|0:6|0:7|0:8|0:9|1:0|1:2|1:4|1:8|1:9|2:0|2:2|2:3|2:4|2:8|2:9|3:0|3:1|3:2|3:4|3:8|3:9|4:2|4:3|4:8|4:9|5:1|5:2|5:8|5:9|6:1|6:8|6:9|7:8|8:8,2057
1157,2885,0.7138184546136535,3.0,3.0,0.0,3.0,270,victory,1,0,,0,69,50,0:0|0:4|0:5|0:6|0:7|0:8|1:0|1:4|1:6|1:7|1:8|1:9|2:0|2:2|2:3|2:4|2:8|2:9|3:0|3:1|3:2|3:8|3:9|4:2|4:8|4:9|5:0|5:1|5:2|5:4|5:8|5:9|6:0|6:1|6:2|6:3|6:4|6:8|6:9|7:3|7:8|8:1|8:2|8:3|8:4|8:8|9:0|9:1|9:2|9:3,2057
1158,2886,0.7135708927231807,3.0,3.0,0.0,3.0,163,victory,1,0,,0,55,42,0:0|0:1|0:2|0:4|0:5|0:6|0:7|0:8|0:9|1:2|1:4|1:6|1:8|1:9|2:2|2:3|2:4|2:6|2:8|2:9|3:1|3:2|3:4|3:5|3:6|3:8|4:2|4:3|4:4|4:5|4:6|4:7|4:8|5:1|5:2|5:6|5:8|6:1|6:2|6:8|7:8|8:8,2057
1159,2887,0.7133233308327082,1.0,1.0,0.0,1.0,35,death,0,1,monster,0,16,14,0:0|0:1|0:2|1:0|2:0|3:0|3:1|3:2|4:2|4:3|5:1|5:2|6:1|6:2,2057
1160,2888,0.7130757689422356,3.0,3.0,0.0,3.0,130,victory,1,0,,0,47,38,0:0|0:4|0:5|0:6|0:7|1:0|1:4|1:6|1:7|2:0|2:2|2:3|2:4|2:6|3:0|3:1|3:2|3:4|3:5|3:6|4:2|4:3|4:4|4:5|4:6|4:7|4:8|5:0|5:1|5:2|5:6|5:8|6:0|6:1|6:8|7:8|7:9|8:8,2057
1161,2889,0.7128282070517629,0.0,0.0,0.0,0.0,23,death,0,1,monster,0,8,7,0:0|1:0|2:0|2:2|3:0|3:1|3:2,2057
1162,2890,0.7125806451612904,1.0,1.0,0.0,1.0,350,truncated,0,0,,1,46,30,0:0|0:2|0:4|0:5|0:6|1:0|1:2|1:4|2:0|2:2|2:3|2:4|3:0|3:1|3:2|3:4|3:5|4:2|4:3|4:4|4:5|4:6|5:0|5:1|5:2|5:4|6:0|6:1|6:2|7:0,2057
1163,2891,0.7123330832708177,3.0,3.0,0.0,3.0,339,victory,1,0,,0,62,46,0:0|0:1|0:2|0:4|0:5|0:6|0:7|0:8|0:9|1:0|1:2|1:4|1:8|1:9|2:0|2:2|2:3|2:4|2:8|2:9|3:0|3:1|3:2|3:4|3:5|3:6|3:9|4:2|4:4|4:6|4:7|4:8|4:9|5:0|5:1|5:2|5:6|5:9|6:0|6:1|6:2|6:3|6:9|7:8|7:9|8:8,2057
1164,2892,0.7120855213803451,1.0,1.0,0.0,1.0,106,death,0,1,monster,0,36,24,0:0|1:0|1:4|2:0|2:2|2:3|2:4|3:0|3:1|3:2|3:4|3:5|4:2|4:3|4:4|4:5|5:0|5:1|5:2|5:4|6:0|6:1|6:2|7:0,2057
1165,2893,0.7118379594898725,3.0,3.0,0.0,3.0,143,victory,1,0,,0,54,43,0:0|0:1|0:2|0:4|0:5|0:6|0:7|0:8|0:9|1:0|1:4|1:7|1:8|1:9|2:0|2:2|2:3|2:4|2:8|2:9|3:0|3:1|3:2|3:6|3:8|3:9|4:2|4:6|4:7|4:8|4:9|5:1|5:2|5:6|5:9|6:1|6:2|6:3|6:6|6:7|6:8|7:8|8:8,2059
1166,2894,0.7115903975993999,0.0,0.0,0.0,0.0,28,death,0,1,monster,0,10,6,0:0|0:1|1:0|2:0|3:0|3:1,2059
1167,2895,0.7113428357089273,3.0,3.0,0.0,3.0,97,victory,1,0,,0,40,38,0:0|0:7|0:8|0:9|1:0|1:8|1:9|2:0|2:9|3:0|3:1|3:2|3:9|4:2|4:8|4:9|5:2|5:9|6:1|6:2|6:3|6:4|6:9|7:3|7:8|7:9|8:2|8:3|8:4|8:7|8:8|8:9|9:3|9:4|9:5|9:6|9:7|9:8,2059
1168,2896,0.7110952738184546,1.0,1.0,0.0,1.0,152,death,0,1,monster,0,45,20,0:0|0:2|1:0|1:2|1:4|2:0|2:2|2:3|2:4|3:0|3:1|3:2|3:4|4:2|5:0|5:1|5:2|6:0|6:1|6:2,2060
1169,2897,0.7108477119279819,2.0,2.0,0.0,2.0,136,death,0,1,monster,0,56,34,0:0|0:4|0:5|0:6|0:7|0:8|1:0|1:4|1:6|1:7|1:8|2:0|2:2|2:3|2:4|2:6|3:0|3:1|3:2|3:4|3:5|3:6|4:2|4:3|4:4|5:1|5:2|5:4|6:1|6:2|6:3|6:4|7:3|8:3,2060
1170,2898,0.7106001500375094,2.0,2.0,0.0,2.0,138,death,0,1,monster,0,46,33,0:0|0:4|0:5|0:6|0:7|0:8|0:9|1:0|1:2|1:4|1:6|1:7|1:8|2:0|2:2|2:3|2:4|2:6|3:0|3:1|3:2|3:4|3:5|3:6|4:2|4:4|4:5|4:6|5:1|5:2|5:4|6:1|6:2,2060
1171,2899,0.7103525881470367,1.0,1.0,0.0,1.0,35,death,0,1,monster,0,20,14,0:0|1:0|2:0|3:0|3:1|3:2|4:2|4:3|5:0|5:1|5:2|6:0|6:1|6:2,2060
1172,2900,0.7101050262565641,1.0,1.0,0.0,1.0,225,death,0,1,monster,0,40,27,0:0|0:2|1:0|1:2|1:4|2:0|2:2|2:3|2:4|3:0|3:1|3:2|3:4|3:5|4:2|4:3|4:4|4:5|5:0|5:1|5:2|5:4|6:0|6:1|6:2|7:0|8:0,2060
1173,2901,0.7098574643660915,2.0,2.0,0.0,2.0,262,death,0,1,monster,0,68,48,0:0|0:4|0:5|0:6|0:7|0:8|0:9|1:0|1:4|1:6|1:7|1:8|1:9|2:0|2:2|2:3|2:4|2:6|2:8|2:9|3:0|3:1|3:2|3:4|3:5|3:6|3:8|3:9|4:2|4:5|4:6|4:7|4:8|4:9|5:1|5:2|5:6|5:8|5:9|6:0|6:1|6:2|6:6|6:7|6:8|7:5|7:6|7:8,2062
1174,2902,0.7096099024756188,2.0,2.0,0.0,2.0,120,death,0,1,monster,0,44,33,0:0|0:4|0:5|0:6|0:7|0:8|1:0|1:4|1:6|1:7|2:0|2:2|2:3|2:4|2:6|3:0|3:1|3:2|3:5|3:6|3:8|4:2|4:3|4:5|4:6|4:7|4:8|5:1|5:2|5:6|6:0|6:1|6:2,2062
1175,2903,0.7093623405851464,3.0,3.0,0.0,3.0,158,victory,1,0,,0,64,48,0:0|0:1|0:4|0:5|0:6|0:7|0:8|1:0|1:4|1:6|1:7|1:8|1:9|2:0|2:2|2:3|2:4|2:6|2:8|2:9|3:0|3:1|3:2|3:4|3:5|3:6|3:9|4:2|4:4|4:5|4:6|4:7|4:8|4:9|5:1|5:2|5:6|5:8|5:9|6:1|6:2|6:6|6:7|6:8|6:9|7:8|7:9|8:8,2065
1176,2904,0.7091147786946737,2.0,2.0,0.0,2.0,246,death,0,1,monster,0,41,29,0:0|0:1|0:2|0:4|0:5|0:6|0:7|1:0|1:2|1:4|1:6|1:7|1:8|2:0|2:2|2:3|2:4|2:8|3:0|3:1|3:2|4:2|5:0|5:1|5:2|6:0|6:1|6:2|6:3,2065
1177,2905,0.7088672168042011,0.0,0.0,0.0,0.0,14,death,0,1,monster,0,9,7,0:0|1:0|2:0|3:0|3:1|3:2|4:2,2065
1178,2906,0.7086196549137285,3.0,3.0,0.0,3.0,159,victory,1,0,,0,58,42,0:0|0:4|0:5|0:6|0:7|0:8|0:9|1:0|1:4|1:8|1:9|2:0|2:2|2:3|2:4|2:8|2:9|3:0|3:1|3:2|3:8|3:9|4:2|4:3|4:4|4:5|4:9|5:0|5:1|5:2|5:4|5:9|6:0|6:1|6:2|6:3|6:4|6:9|7:3|7:8|7:9|8:8,2065
1179,2907,0.7083720930232558,2.0,2.0,0.0,2.0,102,death,0,1,monster,0,37,29,0:0|0:1|0:4|0:5|0:6|0:7|0:8|1:0|1:4|1:6|1:7|1:8|2:0|2:4|3:0|3:1|3:2|3:4|3:5|4:2|4:3|4:4|4:5|5:2|5:4|6:1|6:2|6:3|6:4,2065
1180,2908,0.7081245311327833,0.0,0.0,0.0,0.0,26,death,0,1,monster,0,13,9,0:0|1:0|2:0|2:2|3:0|3:1|3:2|4:2|4:3,2065
1181,2909,0.7078769692423106,1.0,1.0,0.0,1.0,60,death,0,1,monster,0,19,16,0:0|0:1|1:0|2:0|3:0|3:1|3:2|4:2|4:4|5:1|5:2|5:4|6:1|6:2|6:3|6:4,2065
1182,2910,0.7076294073518379,1.0,1.0,0.0,1.0,105,death,0,1,monster,0,36,23,0:0|0:1|0:2|0:4|0:5|1:0|1:2|1:4|2:0|2:2|2:3|2:4|3:0|3:1|3:2|4:2|4:3|5:0|5:1|5:2|6:0|6:1|6:2,2065
1183,2911,0.7073818454613654,3.0,3.0,0.0,3.0,132,victory,1,0,,0,45,41,0:0|0:1|0:2|0:5|0:6|0:7|1:0|1:2|1:6|2:0|2:2|2:6|3:0|3:1|3:2|3:6|4:2|4:6|4:7|5:1|5:2|5:6|6:1|6:2|6:3|6:6|6:7|6:8|7:3|7:6|7:8|7:9|8:3|8:4|8:8|8:9|9:4|9:5|9:6|9:7|9:8,2065
1184,2912,0.7071342835708927,0.0,0.0,0.0,0.0,130,death,0,1,monster,0,17,9,0:0|0:1|0:2|1:0|2:0|3:0|3:1|3:2|4:2,2065
1185,2913,0.7068867216804201,3.0,3.0,0.0,3.0,288,victory,1,0,,0,61,46,0:0|0:1|0:2|0:4|0:5|0:6|0:7|0:8|1:0|1:4|1:6|1:7|1:8|2:0|2:2|2:3|2:4|2:6|2:8|2:9|3:0|3:1|3:2|3:4|3:6|3:8|3:9|4:2|4:3|4:4|4:8|4:9|5:0|5:1|5:2|5:8|5:9|6:0|6:1|6:2|6:8|6:9|7:0|7:9|8:8|8:9,2065
1186,2914,0.7066391597899475,0.0,0.0,0.0,0.0,40,death,0,1,monster,0,10,5,0:0|0:1|0:2|1:0|2:0,2065
1187,2915,0.7063915978994748,3.0,3.0,0.0,3.0,216,victory,1,0,,0,51,43,0:0|0:1|0:4|0:5|0:6|0:7|1:0|1:2|1:4|1:6|1:7|1:8|1:9|2:0|2:2|2:3|2:4|2:6|2:8|2:9|3:0|3:1|3:2|3:5|3:6|3:8|3:9|4:2|4:3|4:5|4:6|4:7|4:8|4:9|5:0|5:1|5:2|5:9|6:1|6:9|7:8|7:9|8:8,2065
1188,2916,0.7061440360090023,2.0,2.0,0.0,2.0,222,death,0,1,monster,0,72,45,0:0|0:1|0:2|0:4|0:5|0:6|0:7|0:8|0:9|1:0|1:2|1:4|1:9|2:0|2:2|2:3|2:4|2:8|2:9|3:0|3:1|3:2|3:4|3:8|3:9|4:2|4:3|4:8|4:9|5:0|5:1|5:2|5:4|5:8|5:9|6:0|6:1|6:2|6:3|6:4|6:7|6:8|6:9|7:8|7:9,2065
1189,2917,0.7058964741185296,3.0,3.0,0.0,3.0,218,victory,1,0,,0,52,43,0:0|0:1|0:2|0:6|0:7|1:2|1:6|2:2|2:3|2:6|3:1|3:2|3:5|3:6|4:2|4:3|4:6|5:2|5:6|6:1|6:2|6:3|6:6|6:7|6:8|7:3|7:8|7:9|8:2|8:3|8:4|8:5|8:7|8:8|8:9|9:2|9:3|9:4|9:5|9:6|9:7|9:8|9:9,2065
1190,2918,0.705648912228057,0.0,0.0,0.0,0.0,46,death,0,1,monster,0,21,19,0:0|0:1|1:0|2:0|3:0|3:1|3:2|3:4|3:5|4:2|4:3|4:4|4:5|5:4|6:2|6:3|6:4|7:3|8:3,2065
1191,2919,0.7054013503375844,3.0,3.0,0.0,3.0,244,victory,1,0,,0,49,39,0:0|0:1|0:2|0:4|0:5|0:6|0:7|0:8|1:2|1:4|1:7|1:8|2:2|2:3|2:4|2:8|2:9|3:1|3:2|3:4|3:8|3:9|4:2|4:3|4:4|4:7|4:8|4:9|5:1|5:2|5:8|5:9|6:1|6:2|6:9|7:9|8:8|8:9|9:9,2065
1192,2920,0.7051537884471117,0.0,0.0,0.0,0.0,15,death,0,1,monster,0,9,6,0:0|0:1|0:2|1:2|2:2|2:3,2065
1193,2921,0.7049062265566393,3.0,3.0,0.0,3.0,92,victory,1,0,,0,42,36,0:0|0:1|0:2|0:4|0:5|0:6|0:7|0:8|1:2|1:4|1:8|2:2|2:3|2:4|2:8|2:9|3:2|3:8|3:9|4:2|4:3|4:4|4:8|4:9|5:0|5:1|5:2|5:8|5:9|6:1|6:2|6:8|6:9|7:8|7:9|8:8,2065
1194,2922,0.7046586646661666,2.0,2.0,0.0,2.0,133,death,0,1,monster,0,52,27,0:0|0:4|0:5|0:6|0:7|0:8|1:0|1:4|1:7|1:8|2:0|2:2|2:3|2:4|3:0|3:1|3:2|3:4|3:5|4:2|4:3|4:4|4:5|5:1|5:2|6:1|6:2,2066
1195,2923,0.7044111027756939,2.0,2.0,0.0,2.0,215,death,0,1,monster,0,69,49,0:0|0:1|0:4|0:5|0:6|0:7|0:8|0:9|1:0|1:2|1:4|1:6|1:7|1:8|1:9|2:0|2:2|2:3|2:4|2:6|2:8|2:9|3:0|3:1|3:2|3:4|3:5|3:8|3:9|4:2|4:3|4:4|4:5|4:8|4:9|5:0|5:1|5:2|5:8|5:9|6:0|6:1|6:2|6:3|6:8|6:9|7:0|7:8|7:9,2066
1196,2924,0.7041635408852213,3.0,3.0,0.0,3.0,152,victory,1,0,,0,42,36,0:0|0:4|0:5|0:6|0:7|0:8|1:0|1:2|1:4|1:7|1:8|2:0|2:2|2:3|2:4|2:8|2:9|3:0|3:1|3:2|3:9|4:2|4:8|4:9|5:1|5:2|5:8|5:9|6:1|6:2|6:3|6:6|6:7|6:8|7:8|8:8,2066
1197,2925,0.7039159789947487,2.0,2.0,0.0,2.0,274,death,0,1,monster,0,92,59,0:0|0:1|0:2|0:4|0:5|0:6|0:7|1:2|1:4|1:6|1:7|1:8|1:9|2:2|2:3|2:4|2:6|2:8|2:9|3:1|3:2|3:4|3:5|3:6|3:8|3:9|4:2|4:3|4:4|4:5|4:6|4:7|4:8|4:9|5:0|5:1|5:2|5:4|5:6|5:8|5:9|6:0|6:1|6:2|6:3|6:4|6:8|6:9|7:0|7:3|7:8|7:9|8:0|8:1|8:2|8:3|9:1|9:2|9:3,2069
1198,2926,0.7036684171042761,1.0,1.0,0.0,1.0,57,death,0,1,monster,0,22,19,0:0|1:0|1:2|2:0|2:2|3:0|3:1|3:2|3:4|3:5|3:6|4:2|4:3|4:4|5:0|5:1|5:2|6:0|6:1,2069
1199,2927,0.7034208552138035,1.0,1.0,0.0,1.0,67,death,0,1,monster,0,28,18,0:0|0:1|0:2|1:0|1:2|1:4|2:0|2:2|2:3|2:4|3:0|3:1|3:2|4:2|5:1|5:2|6:1|6:2,2069
1200,2928,0.7031732933233308,1.0,1.0,0.0,1.0,77,death,0,1,monster,0,29,19,0:0|1:0|2:0|3:0|3:1|3:2|3:4|3:5|4:2|4:3|4:4|4:5|5:1|5:2|5:4|6:1|6:2|6:3|6:4,2069
1201,2929,0.7029257314328582,1.0,1.0,0.0,1.0,81,death,0,1,monster,0,30,21,0:0|0:4|0:5|0:6|1:0|1:2|1:4|1:6|2:0|2:2|2:3|2:4|2:6|3:0|3:1|3:2|4:2|4:3|5:2|6:1|6:2,2069
1202,2930,0.7026781695423856,3.0,3.0,0.0,3.0,107,victory,1,0,,0,48,43,0:0|0:1|0:2|0:7|1:2|1:6|1:7|2:2|2:3|2:6|3:1|3:2|3:6|4:2|4:6|4:7|5:0|5:1|5:2|5:6|6:0|6:1|6:2|6:3|6:6|6:7|6:8|6:9|7:3|7:6|7:8|7:9|8:2|8:3|8:8|8:9|9:3|9:4|9:5|9:6|9:7|9:8|9:9,2070
1203,2931,0.702430607651913,3.0,3.0,0.0,3.0,189,victory,1,0,,0,47,42,0:0|0:4|0:5|0:6|0:7|0:8|0:9|1:0|1:4|1:8|1:9|2:0|2:2|2:3|2:4|2:6|2:8|2:9|3:0|3:1|3:2|3:5|3:6|3:8|3:9|4:2|4:5|4:6|4:7|4:8|4:9|5:1|5:2|5:6|5:8|5:9|6:1|6:2|6:9|7:9|8:8|8:9,2070
1204,2932,0.7021830457614404,3.0,3.0,0.0,3.0,174,victory,1,0,,0,44,39,0:0|0:4|0:5|0:6|0:7|0:8|0:9|1:0|1:2|1:4|1:7|1:8|1:9|2:0|2:2|2:3|2:4|2:8|2:9|3:0|3:1|3:2|3:8|3:9|4:2|4:6|4:7|4:8|4:9|5:1|5:2|5:8|5:9|6:1|6:2|6:8|6:9|7:8|8:8,2070
1205,2933,0.7019354838709677,3.0,3.0,0.0,3.0,236,victory,1,0,,0,63,46,0:0|0:2|0:4|0:5|0:6|0:7|0:8|0:9|1:0|1:2|1:4|1:6|1:7|1:8|2:0|2:2|2:3|2:4|2:6|3:0|3:1|3:2|3:4|3:5|3:6|3:8|3:9|4:2|4:5|4:6|4:7|4:8|4:9|5:1|5:2|5:6|5:8|5:9|6:1|6:2|6:6|6:7|6:8|6:9|7:8|8:8,2070
1206,2934,0.7016879219804951,2.0,2.0,0.0,2.0,135,death,0,1,monster,0,51,44,0:0|0:1|0:4|0:5|0:6|0:7|0:8|0:9|1:0|1:2|1:4|1:6|1:7|1:8|1:9|2:0|2:2|2:3|2:4|2:6|2:9|3:0|3:1|3:2|3:5|3:6|3:8|3:9|4:2|4:5|4:6|4:7|4:8|4:9|5:0|5:1|5:2|5:9|6:1|6:2|6:3|6:7|6:8|6:9,2070
1207,2935,0.7014403600900225,0.0,0.0,0.0,0.0,18,death,0,1,monster,0,14,12,0:0|0:1|0:2|1:0|1:2|2:2|2:3|2:4|3:4|4:2|4:3|4:4,2070
1208,2936,0.7011927981995498,1.0,1.0,0.0,1.0,71,death,0,1,monster,0,30,20,0:0|0:1|0:2|0:4|0:5|1:2|1:4|2:2|2:3|2:4|3:2|4:2|4:3|5:0|5:1|5:2|6:0|6:1|6:2|6:3,2070
1209,2937,0.7009452363090772,1.0,1.0,0.0,1.0,106,death,0,1,monster,0,33,24,0:0|0:1|0:2|0:4|0:5|1:2|1:4|2:2|2:3|2:4|3:1|3:2|3:4|4:2|5:0|5:1|5:2|6:0|6:1|6:2|6:3|6:4|7:0|8:0,2070
1210,2938,0.7006976744186046,1.0,1.0,0.0,1.0,75,death,0,1,monster,0,31,19,0:0|1:0|2:0|2:2|2:3|3:0|3:1|3:2|3:4|4:2|4:3|4:4|5:0|5:1|5:2|5:4|6:1|6:2|6:3,2070
1211,2939,0.700450112528132,3.0,3.0,0.0,3.0,300,victory,1,0,,0,87,61,0:0|0:1|0:2|0:4|0:5|0:6|0:7|0:8|1:0|1:2|1:4|1:6|1:8|2:0|2:2|2:3|2:4|2:6|2:8|2:9|3:0|3:2|3:4|3:5|3:6|3:8|3:9|4:2|4:3|4:4|4:5|4:6|4:7|4:8|4:9|5:0|5:1|5:2|5:4|5:6|5:8|5:9|6:1|6:2|6:3|6:6|6:8|6:9|7:3|7:5|7:6|7:8|8:2|8:3|8:4|8:5|8:8|9:2|9:3|9:4|9:5,2074
1212,2940,0.7002025506376595,2.0,2.0,0.0,2.0,260,death,0,1,monster,0,61,45,0:0|0:1|0:2|0:4|0:5|0:6|0:7|0:8|0:9|1:0|1:2|1:4|1:6|1:7|1:8|1:9|2:0|2:2|2:3|2:4|2:6|2:8|2:9|3:0|3:1|3:2|3:4|3:5|3:6|3:8|3:9|4:2|4:3|4:4|4:5|4:6|4:8|4:9|5:1|5:2|5:4|5:9|6:1|6:2|6:4,2074
1213,2941,0.6999549887471868,2.0,2.0,0.0,2.0,143,death,0,1,monster,0,45,31,0:0|0:1|0:2|0:4|0:5|0:6|0:7|1:2|1:4|1:6|1:7|2:2|2:3|2:4|2:6|3:1|3:2|3:5|3:6|4:2|4:3|4:5|4:6|5:0|5:1|5:2|5:6|6:1|6:2|6:3|6:4,2074
1214,2942,0.6997074268567142,1.0,1.0,0.0,1.0,147,death,0,1,monster,0,42,26,0:0|0:1|0:2|1:0|1:2|1:4|2:0|2:2|2:3|2:4|3:0|3:1|3:2|3:4|4:2|4:3|4:4|4:5|5:0|5:1|5:2|5:4|6:1|6:2|6:3|6:4,2074
1215,2943,0.6994598649662416,1.0,1.0,0.0,1.0,141,death,0,1,monster,0,32,21,0:0|0:4|0:5|1:0|1:4|2:0|2:2|2:3|2:4|3:0|3:1|3:2|4:2|4:3|5:0|5:1|5:2|6:0|6:1|6:2|7:0,2074
1216,2944,0.6992123030757689,1.0,1.0,0.0,1.0,54,death,0,1,monster,0,28,17,0:0|0:1|0:2|1:2|2:2|2:3|2:4|3:2|4:2|4:3|4:4|5:0|5:1|5:2|6:0|6:1|6:2,2074
1217,2945,0.6989647411852964,2.0,2.0,0.0,2.0,263,death,0,1,monster,0,79,51,0:0|0:1|0:2|0:4|0:5|0:6|0:7|0:8|1:0|1:2|1:4|1:6|1:7|1:8|2:0|2:2|2:3|2:4|2:6|2:8|3:0|3:1|3:2|3:4|3:5|3:6|3:8|3:9|4:2|4:3|4:4|4:5|4:6|4:7|4:8|4:9|5:0|5:1|5:2|5:6|5:8|5:9|6:1|6:2|6:6|6:7|6:8|6:9|7:6|7:8|7:9,2074
1218,2946,0.6987171792948237,3.0,3.0,0.0,3.0,146,victory,1,0,,0,64,46,0:0|0:2|0:4|0:5|0:6|0:7|1:0|1:2|1:4|1:7|1:8|2:0|2:2|2:3|2:4|2:6|2:8|3:0|3:1|3:2|3:4|3:5|3:6|3:8|3:9|4:2|4:3|4:4|4:5|4:6|4:7|4:8|4:9|5:0|5:1|5:2|5:6|5:8|5:9|6:1|6:6|6:7|6:8|6:9|7:8|8:8,2074
1219,2947,0.6984696174043511,3.0,3.0,0.0,3.0,95,victory,1,0,,0,51,48,0:0|0:1|0:2|0:4|0:5|0:6|0:7|0:9|1:2|1:4|1:6|1:7|1:8|1:9|2:2|2:6|2:8|2:9|3:2|3:6|3:8|3:9|4:2|4:6|5:1|5:2|5:6|6:1|6:2|6:3|6:6|6:7|6:8|7:3|7:6|7:8|8:3|8:4|8:5|8:8|8:9|9:2|9:3|9:4|9:5|9:6|9:7|9:8,2075
1220,2948,0.6982220555138785,3.0,3.0,0.0,3.0,165,victory,1,0,,0,43,35,0:0|0:1|0:2|0:4|0:5|0:6|0:7|1:2|1:4|1:6|1:7|2:2|2:3|2:4|2:6|3:1|3:2|3:6|4:2|4:6|4:7|4:8|5:0|5:1|5:2|5:6|5:8|6:0|6:1|6:2|6:3|6:8|7:3|7:8|8:8,2075
1221,2949,0.6979744936234058,3.0,3.0,0.0,3.0,150,victory,1,0,,0,55,34,0:0|0:4|0:5|0:6|0:7|1:0|1:6|1:7|1:8|2:0|2:6|3:0|3:1|3:2|3:5|3:6|4:2|4:3|4:4|4:5|4:6|4:7|4:8|5:1|5:2|5:4|5:6|5:8|6:0|6:1|6:2|6:8|7:8|8:8,2075
1222,2950,0.6977269317329332,3.0,3.0,0.0,3.0,179,victory,1,0,,0,52,42,0:0|0:1|0:2|0:4|0:5|0:6|0:7|1:0|1:2|1:4|1:6|1:7|1:8|2:0|2:2|2:3|2:4|2:8|3:0|3:1|3:2|3:4|3:5|3:8|3:9|4:2|4:4|4:5|4:9|5:1|5:2|5:4|5:9|6:1|6:2|6:3|6:4|6:9|7:3|7:8|7:9|8:8,2075
1223,2951,0.6974793698424606,3.0,3.0,0.0,3.0,157,victory,1,0,,0,48,36,0:0|0:4|0:5|0:6|0:7|0:8|1:0|1:4|1:6|1:7|1:8|2:0|2:2|2:3|2:4|2:6|3:0|3:1|3:2|3:6|4:2|4:3|4:6|5:1|5:2|5:6|6:1|6:2|6:3|6:6|6:7|6:8|7:3|7:6|7:8|8:8,2075
1224,2952,0.697231807951988,3.0,3.0,0.0,3.0,145,victory,1,0,,0,50,40,0:0|0:4|0:5|0:6|0:7|0:8|0:9|1:0|1:4|1:6|1:7|1:8|1:9|2:0|2:2|2:3|2:4|2:8|2:9|3:0|3:1|3:2|3:9|4:2|4:9|5:0|5:1|5:2|5:8|5:9|6:0|6:1|6:2|6:3|6:6|6:7|6:8|7:0|7:8|8:8,2075
1225,2953,0.6969842460615154,0.0,0.0,0.0,0.0,18,death,0,1,monster,0,7,6,0:0|0:1|0:2|1:2|2:2|2:3,2075
1226,2954,0.6967366841710427,3.0,3.0,0.0,3.0,163,victory,1,0,,0,62,41,0:0|0:4|0:5|0:6|0:7|1:0|1:4|1:6|1:7|1:8|2:0|2:2|2:3|2:4|2:8|3:0|3:1|3:2|3:4|3:5|3:8|3:9|4:2|4:3|4:4|4:5|4:6|4:8|4:9|5:1|5:2|5:4|5:9|6:1|6:2|6:3|6:4|6:8|6:9|7:8|8:8,2075
1227,2955,0.6964891222805701,3.0,3.0,0.0,3.0,206,victory,1,0,,0,73,51,0:0|0:1|0:2|0:6|0:7|1:0|1:2|1:6|2:0|2:6|3:0|3:1|3:2|3:6|4:2|4:6|4:7|5:1|5:2|5:6|6:0|6:1|6:2|6:6|6:7|6:8|6:9|7:0|7:3|7:5|7:8|7:9|8:0|8:1|8:2|8:3|8:4|8:5|8:7|8:8|8:9|9:0|9:1|9:2|9:3|9:4|9:5|9:6|9:7|9:8|9:9,2078
1228,2956,0.6962415603900975,3.0,3.0,0.0,3.0,213,victory,1,0,,0,51,41,0:0|0:1|0:4|0:5|0:6|0:7|1:0|1:4|1:6|1:7|2:0|2:2|2:3|2:4|2:6|3:0|3:1|3:2|3:4|3:5|3:6|4:2|4:3|4:4|4:5|4:6|4:7|4:8|5:1|5:2|5:4|5:6|5:8|6:0|6:1|6:2|6:3|6:4|6:8|7:8|8:8,2078
1229,2957,0.6959939984996248,3.0,3.0,0.0,3.0,236,victory,1,0,,0,67,49,0:0|0:4|0:5|0:6|0:7|0:8|1:0|1:4|1:6|1:7|1:8|1:9|2:0|2:2|2:3|2:4|2:6|2:8|2:9|3:0|3:1|3:2|3:4|3:5|3:6|3:8|3:9|4:2|4:4|4:5|4:6|4:7|4:8|4:9|5:0|5:1|5:2|5:4|5:6|5:8|6:0|6:1|6:2|6:6|6:7|6:8|7:0|7:8|8:8,2082
1230,2958,0.6957464366091524,3.0,3.0,0.0,3.0,124,victory,1,0,,0,43,36,0:0|0:4|0:5|0:6|0:7|1:0|1:2|1:4|1:6|2:0|2:2|2:3|2:4|2:6|3:0|3:1|3:2|3:4|3:5|3:6|4:2|4:4|4:5|4:6|4:7|4:8|5:1|5:2|5:4|5:6|5:8|6:1|6:7|6:8|7:8|8:8,2082
1231,2959,0.6954988747186797,3.0,3.0,0.0,3.0,163,victory,1,0,,0,52,42,0:0|0:1|0:2|0:6|0:7|1:0|1:2|1:6|1:7|1:8|2:0|2:2|2:4|2:6|2:8|2:9|3:2|3:4|3:5|3:6|3:8|3:9|4:2|4:4|4:8|4:9|5:0|5:1|5:2|5:4|5:9|6:0|6:1|6:2|6:3|6:4|6:8|6:9|7:0|7:3|7:8|8:8,2082
1232,2960,0.6952513128282071,2.0,2.0,0.0,2.0,251,death,0,1,monster,0,57,42,0:0|0:4|0:5|0:6|0:7|1:0|1:4|1:7|1:8|2:0|2:2|2:3|2:4|2:8|2:9|3:0|3:1|3:2|3:4|3:5|3:6|3:8|3:9|4:2|4:3|4:8|4:9|5:0|5:1|5:2|5:8|5:9|6:0|6:1|6:2|6:3|6:4|7:3|8:0|8:1|8:2|8:3,2082
1233,2961,0.6950037509377345,2.0,2.0,0.0,2.0,112,death,0,1,monster,0,41,30,0:0|0:1|0:2|0:4|0:5|0:6|0:7|0:8|1:2|1:4|1:6|1:7|1:8|2:2|2:4|2:6|2:8|3:1|3:2|3:4|3:6|4:2|4:3|4:4|4:6|5:1|5:2|6:1|6:2|6:3,2082
1234,2962,0.6947561890472618,2.0,2.0,0.0,2.0,107,death,0,1,monster,0,36,27,0:0|0:4|0:5|0:6|0:7|1:0|1:2|1:4|1:6|1:7|2:0|2:2|2:3|2:4|2:6|3:0|3:1|3:2|3:6|4:2|4:3|5:0|5:1|5:2|6:1|6:2|6:3,2082
1235,2963,0.6945086271567892,1.0,1.0,0.0,1.0,43,death,0,1,monster,0,24,18,0:0|1:0|1:4|2:0|2:3|2:4|3:0|3:1|3:2|3:4|4:2|4:3|4:4|5:1|5:2|5:4|6:1|6:2,2082
1236,2964,0.6942610652663166,3.0,3.0,0.0,3.0,116,victory,1,0,,0,53,41,0:0|0:4|0:5|0:6|0:7|1:0|1:2|1:4|1:6|1:7|1:8|1:9|2:0|2:2|2:3|2:4|2:6|2:8|2:9|3:0|3:1|3:2|3:4|3:5|3:6|3:8|3:9|4:2|4:5|4:8|4:9|5:1|5:2|5:9|6:1|6:2|6:8|6:9|7:8|7:9|8:8,2083
1237,2965,0.694013503375844,2.0,2.0,0.0,2.0,140,death,0,1,monster,0,49,34,0:0|0:1|0:4|0:5|0:6|0:7|0:8|0:9|1:0|1:4|1:6|1:7|1:8|1:9|2:0|2:2|2:3|2:4|2:8|3:0|3:1|3:2|4:2|4:3|5:0|5:1|5:2|6:0|6:1|6:2|6:3|6:4|7:0|8:0,2083
1238,2966,0.6937659414853714,1.0,1.0,0.0,1.0,99,death,0,1,monster,0,35,22,0:0|0:2|1:0|1:2|2:0|2:2|2:3|2:4|3:0|3:1|3:2|3:4|4:2|4:4|5:1|5:2|5:4|6:1|6:2|6:3|6:4|7:3,2083
1239,2967,0.6935183795948987,2.0,2.0,0.0,2.0,350,truncated,0,0,,1,64,41,0:0|0:2|0:4|0:5|0:6|0:7|0:8|0:9|1:0|1:2|1:4|1:6|1:7|1:8|1:9|2:0|2:2|2:3|2:4|2:6|2:8|2:9|3:0|3:1|3:2|3:4|3:5|3:6|4:2|4:3|4:4|4:5|4:6|4:7|5:1|5:2|5:4|5:6|6:0|6:1|6:2,2083
1240,2968,0.6932708177044261,3.0,3.0,0.0,3.0,113,victory,1,0,,0,40,38,0:0|0:7|0:9|1:0|1:6|1:7|1:8|1:9|2:0|2:8|2:9|3:0|3:1|3:2|3:8|4:2|4:8|4:9|5:2|5:8|5:9|6:1|6:2|6:3|6:7|6:8|7:3|7:8|7:9|8:3|8:4|8:5|8:8|9:3|9:5|9:6|9:7|9:8,2083
1241,2969,0.6930232558139535,2.0,2.0,0.0,2.0,166,death,0,1,monster,0,52,37,0:0|0:1|0:2|0:4|0:5|0:6|0:7|0:8|0:9|1:0|1:2|1:4|1:6|1:7|1:8|1:9|2:0|2:2|2:3|2:4|2:6|2:9|3:0|3:1|3:2|3:4|3:5|3:6|4:2|4:3|4:4|4:5|4:6|5:1|5:2|6:1|6:2,2083
1242,2970,0.6927756939234808,1.0,1.0,0.0,1.0,77,death,0,1,monster,0,32,19,0:0|1:0|2:0|2:2|2:3|2:4|3:0|3:1|3:2|3:4|4:2|4:3|4:4|5:0|5:1|5:2|6:0|6:1|6:2,2083
1243,2971,0.6925281320330083,3.0,3.0,0.0,3.0,224,victory,1,0,,0,63,44,0:0|0:4|0:5|0:6|0:7|1:0|1:2|1:4|1:6|2:0|2:2|2:3|2:4|2:6|3:0|3:1|3:2|3:4|3:5|3:6|4:2|4:3|4:4|4:5|4:6|4:7|4:8|4:9|5:0|5:1|5:2|5:4|5:8|6:0|6:1|6:2|6:3|6:6|6:7|6:8|7:0|7:3|7:8|8:8,2083
1244,2972,0.6922805701425356,0.0,0.0,0.0,0.0,15,death,0,1,monster,0,8,7,0:0|1:0|2:0|3:0|3:1|3:2|4:2,2083
1245,2973,0.6920330082520629,3.0,3.0,0.0,3.0,130,victory,1,0,,0,48,43,0:0|0:4|0:5|0:6|0:7|0:8|1:0|1:4|1:8|1:9|2:0|2:2|2:3|2:4|2:8|2:9|3:0|3:1|3:2|3:8|3:9|4:2|4:9|5:0|5:1|5:2|5:9|6:0|6:1|6:2|6:3|6:4|6:7|6:8|6:9|7:0|7:3|7:8|7:9|8:0|8:8|9:0|9:1,2083
1246,2974,0.6917854463615905,0.0,0.0,0.0,0.0,15,death,0,1,monster,0,9,8,0:0|0:1|0:2|1:2|2:2|2:3|2:4|3:2,2083
1247,2975,0.6915378844711177,2.0,2.0,0.0,2.0,115,death,0,1,monster,0,48,30,0:0|0:4|0:5|0:6|0:7|0:8|1:0|1:4|1:6|1:8|2:0|2:2|2:3|2:4|2:6|3:0|3:1|3:2|3:4|3:5|3:6|4:2|4:3|5:0|5:1|5:2|6:0|6:1|6:2|7:0,2084
1248,2976,0.6912903225806452,2.0,2.0,0.0,2.0,134,death,0,1,monster,0,41,34,0:0|0:4|0:5|0:6|0:7|0:8|1:0|1:4|1:6|1:7|1:8|1:9|2:0|2:2|2:3|2:4|2:8|2:9|3:0|3:1|3:2|3:8|3:9|4:2|4:7|4:8|4:9|5:1|5:2|5:9|6:1|6:2|6:8|6:9,2084
1249,2977,0.6910427606901726,0.0,0.0,0.0,0.0,25,death,0,1,monster,0,12,11,0:0|1:0|2:0|3:0|3:1|3:2|4:2|5:2|6:2|6:3|6:4,2084
1250,2978,0.6907951987997,2.0,2.0,0.0,2.0,185,death,0,1,monster,0,59,42,0:0|0:4|0:5|0:6|0:7|0:8|0:9|1:0|1:4|1:6|1:7|1:8|1:9|2:0|2:2|2:4|2:6|2:8|2:9|3:0|3:1|3:2|3:4|3:5|3:6|3:8|3:9|4:2|4:3|4:4|4:5|4:6|4:8|5:1|5:2|5:4|5:8|5:9|6:1|6:2|6:8|6:9,2084
1251,2979,0.6905476369092274,3.0,3.0,0.0,3.0,92,victory,1,0,,0,41,34,0:0|0:1|0:2|0:4|0:5|0:6|0:7|0:8|0:9|1:2|1:4|1:6|1:7|1:8|1:9|2:2|2:3|2:4|2:8|3:2|3:8|4:2|4:8|4:9|5:0|5:1|5:2|5:9|6:0|6:1|6:8|6:9|7:8|8:8,2084
1252,2980,0.6903000750187547,3.0,3.0,0.0,3.0,92,victory,1,0,,0,50,43,0:0|0:7|1:0|1:6|1:7|2:0|2:2|2:6|3:0|3:1|3:2|3:6|4:2|4:3|4:6|4:7|4:8|5:0|5:1|5:2|5:6|5:8|6:1|6:2|6:3|6:6|6:7|6:8|7:3|7:5|7:6|7:8|8:2|8:3|8:4|8:5|8:7|8:8|9:3|9:4|9:5|9:6|9:7,2084
1253,2981,0.6900525131282821,2.0,2.0,0.0,2.0,210,death,0,1,monster,0,61,42,0:0|0:4|0:5|0:6|0:7|0:8|0:9|1:0|1:2|1:4|1:6|1:7|1:8|1:9|2:0|2:2|2:3|2:4|2:6|2:8|2:9|3:0|3:1|3:2|3:4|3:5|3:6|3:8|3:9|4:2|4:3|4:4|4:5|4:6|4:7|4:8|4:9|5:1|5:2|5:9|6:1|6:2,2086
1254,2982,0.6898049512378095,3.0,3.0,0.0,3.0,190,victory,1,0,,0,61,50,0:0|0:1|0:2|0:4|0:5|0:6|0:7|0:8|0:9|1:0|1:2|1:4|1:8|2:0|2:2|2:3|2:4|2:8|2:9|3:0|3:1|3:2|3:4|3:8|3:9|4:2|4:3|4:4|4:5|4:6|4:7|4:8|4:9|5:0|5:1|5:2|5:6|5:8|5:9|6:0|6:1|6:2|6:3|6:4|6:8|6:9|7:0|7:8|7:9|8:8,2087
1255,2983,0.6895573893473368,0.0,0.0,0.0,0.0,15,death,0,1,monster,0,9,8,0:0|0:1|1:0|2:0|3:0|3:1|3:2|4:2,2087
1256,2984,0.6893098274568642,3.0,3.0,0.0,3.0,137,victory,1,0,,0,44,38,0:0|0:1|0:2|0:4|0:5|0:6|0:7|0:8|1:0|1:2|1:4|1:8|2:0|2:2|2:3|2:4|2:8|2:9|3:0|3:1|3:2|3:8|3:9|4:2|4:7|4:8|4:9|5:1|5:2|5:8|5:9|6:0|6:1|6:2|6:8|6:9|7:8|8:8,2087
1257,2985,0.6890622655663916,3.0,3.0,0.0,3.0,159,victory,1,0,,0,48,42,0:0|0:4|0:5|0:6|0:7|0:8|1:0|1:4|1:6|1:7|1:8|1:9|2:0|2:2|2:3|2:4|2:8|2:9|3:0|3:1|3:2|3:4|3:9|4:2|4:3|4:9|5:0|5:1|5:2|5:9|6:0|6:1|6:2|6:3|6:4|6:8|6:9|7:0|7:3|7:8|7:9|8:8,2087
1258,2986,0.6888147036759189,1.0,1.0,0.0,1.0,75,death,0,1,monster,0,36,16,0:0|1:0|2:0|3:0|3:1|3:2|4:2|5:0|5:1|5:2|6:0|6:1|6:2|6:3|7:0|8:0,2087
1259,2987,0.6885671417854464,3.0,3.0,0.0,3.0,96,victory,1,0,,0,49,46,0:0|0:7|1:0|1:6|1:7|1:8|1:9|2:0|2:6|2:8|2:9|3:0|3:1|3:2|3:6|4:2|4:6|5:2|5:6|6:0|6:1|6:2|6:3|6:6|6:7|6:8|6:9|7:0|7:5|7:6|7:8|8:0|8:1|8:2|8:3|8:5|8:7|8:8|8:9|9:3|9:4|9:5|9:6|9:7|9:8|9:9,2087
1260,2988,0.6883195798949737,3.0,3.0,0.0,3.0,156,victory,1,0,,0,63,58,0:0|0:4|0:5|0:6|0:7|1:0|1:6|2:0|2:2|2:3|2:4|2:6|2:8|3:0|3:1|3:2|3:4|3:5|3:6|3:8|4:2|4:3|4:4|4:5|4:6|4:7|4:8|4:9|5:0|5:1|5:2|5:4|5:8|5:9|6:0|6:1|6:6|6:7|6:8|7:0|7:5|7:6|7:8|8:0|8:1|8:2|8:3|8:4|8:5|8:8|9:1|9:2|9:3|9:4|9:5|9:6|9:7|9:8,2088
1261,2989,0.6880720180045011,2.0,2.0,0.0,2.0,99,death,0,1,monster,0,43,40,0:0|1:0|1:6|2:0|2:6|3:0|3:1|3:2|3:5|3:6|4:2|4:5|4:6|4:7|4:8|5:1|5:2|5:6|5:8|6:0|6:1|6:2|6:8|7:0|7:8|8:0|8:1|8:2|8:3|8:4|8:5|8:7|8:8|8:9|9:4|9:5|9:6|9:7|9:8|9:9,2088
1262,2990,0.6878244561140285,1.0,1.0,0.0,1.0,67,death,0,1,monster,0,30,17,0:0|0:2|1:0|1:2|2:0|2:2|2:3|3:0|3:1|3:2|4:2|5:0|5:1|5:2|6:0|6:1|6:2,2088
1263,2991,0.6875768942235558,2.0,2.0,0.0,2.0,94,death,0,1,monster,0,34,22,0:0|0:4|0:5|0:6|0:7|1:0|1:4|2:0|2:2|2:3|2:4|3:0|3:1|3:2|4:2|4:3|5:0|5:1|5:2|6:1|6:2|6:3,2088
1264,2992,0.6873293323330834,3.0,3.0,0.0,3.0,195,victory,1,0,,0,63,50,0:0|0:1|0:2|0:4|0:7|1:2|1:4|1:6|1:7|2:2|2:3|2:4|2:6|3:1|3:2|3:4|3:5|3:6|4:2|4:3|4:4|4:5|4:6|4:7|4:8|4:9|5:0|5:1|5:2|5:8|5:9|6:0|6:1|6:2|6:3|6:8|7:0|7:3|7:8|8:3|8:4|8:7|8:8|8:9|9:4|9:5|9:6|9:7|9:8|9:9,2088
1265,2993,0.6870817704426107,1.0,1.0,0.0,1.0,38,death,0,1,monster,0,19,15,0:0|0:1|1:0|2:0|2:2|3:0|3:1|3:2|4:2|5:0|5:1|5:2|6:0|6:1|7:0,2089
1266,2994,0.686834208552138,3.0,3.0,0.0,3.0,188,victory,1,0,,0,46,39,0:0|0:4|0:5|0:6|0:7|0:8|0:9|1:0|1:4|1:6|1:7|1:8|1:9|2:0|2:2|2:3|2:4|2:8|2:9|3:0|3:1|3:2|3:8|3:9|4:2|4:9|5:0|5:1|5:2|5:9|6:0|6:1|6:2|6:3|6:9|7:0|7:8|7:9|8:8,2089
1267,2995,0.6865866466616655,0.0,0.0,0.0,0.0,18,death,0,1,monster,0,9,7,0:0|0:1|1:0|2:0|3:0|3:1|3:2,2089
1268,2996,0.6863390847711928,1.0,1.0,0.0,1.0,33,death,0,1,monster,0,21,15,0:0|1:0|2:0|2:2|3:0|3:1|3:2|4:2|5:0|5:2|6:0|6:1|6:2|6:3|6:4,2089
1269,2997,0.6860915228807202,2.0,2.0,0.0,2.0,196,death,0,1,monster,0,57,35,0:0|0:1|0:2|0:4|0:5|0:6|0:7|1:0|1:2|1:4|1:6|1:7|2:0|2:2|2:3|2:4|2:6|3:0|3:1|3:2|3:4|3:5|3:6|4:2|4:3|4:4|4:5|4:6|5:2|5:4|6:1|6:2|6:3|6:4|7:3,2095
1270,2998,0.6858439609902476,2.0,2.0,0.0,2.0,107,death,0,1,monster,0,40,31,0:0|0:2|0:4|0:5|0:6|0:7|0:8|1:0|1:2|1:4|1:6|1:7|1:8|2:0|2:2|2:3|2:4|2:6|3:0|3:1|3:2|3:6|4:2|5:0|5:1|5:2|6:0|6:1|6:2|6:3|7:3,2095
1271,2999,0.6855963990997749,3.0,3.0,0.0,3.0,279,victory,1,0,,0,59,43,0:0|0:1|0:4|0:5|0:6|0:7|1:0|1:2|1:4|1:6|1:7|2:0|2:2|2:3|2:4|2:6|3:0|3:1|3:2|3:4|3:5|3:6|4:2|4:3|4:4|4:5|4:6|4:7|4:8|4:9|5:0|5:1|5:2|5:4|5:6|5:8|5:9|6:0|6:1|6:2|6:8|7:8|8:8,2095
1272,3000,0.6853488372093024,3.0,3.0,0.0,3.0,88,victory,1,0,,0,43,36,0:0|0:4|0:5|0:6|0:7|0:8|0:9|1:0|1:2|1:4|1:9|2:0|2:2|2:3|2:4|2:9|3:0|3:1|3:2|3:8|3:9|4:2|4:8|4:9|5:0|5:1|5:2|5:8|5:9|6:1|6:2|6:3|6:8|7:8|7:9|8:8,2095
1273,3001,0.6851012753188297,0.0,0.0,0.0,0.0,20,death,0,1,monster,0,10,10,0:0|1:0|2:0|3:0|3:1|3:2|4:2|4:3|5:1|5:2,2095
1274,3002,0.6848537134283571,3.0,3.0,0.0,3.0,329,victory,1,0,,0,74,51,0:0|0:2|0:4|0:5|0:6|0:7|0:8|0:9|1:0|1:2|1:4|1:6|1:8|1:9|2:0|2:2|2:3|2:4|2:6|2:8|2:9|3:0|3:1|3:2|3:4|3:5|3:6|3:8|3:9|4:2|4:3|4:4|4:5|4:6|4:7|4:8|4:9|5:0|5:1|5:2|5:4|5:6|5:8|5:9|6:1|6:2|6:4|6:8|6:9|7:8|8:8,2095
1275,3003,0.6846061515378845,3.0,3.0,0.0,3.0,202,victory,1,0,,0,57,40,0:0|0:1|0:2|0:4|0:5|0:6|0:7|1:2|1:4|1:6|1:7|2:2|2:3|2:4|2:6|3:2|3:4|3:5|3:6|3:9|4:2|4:3|4:4|4:5|4:6|4:7|4:8|4:9|5:0|5:1|5:2|5:8|5:9|6:0|6:1|6:8|6:9|7:8|7:9|8:8,2095
1276,3004,0.6843585896474118,3.0,3.0,0.0,3.0,146,victory,1,0,,0,51,39,0:0|0:4|0:5|0:6|0:7|1:0|1:4|1:6|1:7|1:8|2:0|2:2|2:3|2:4|2:8|3:0|3:1|3:2|3:4|3:8|3:9|4:2|4:3|4:4|4:8|4:9|5:1|5:2|5:4|5:8|5:9|6:1|6:2|6:3|6:4|6:8|6:9|7:8|8:8,2095
1277,3005,0.6841110277569393,1.0,1.0,0.0,1.0,38,death,0,1,monster,0,16,14,0:0|1:0|2:0|3:0|3:1|3:2|4:2|5:0|5:1|5:2|6:1|6:2|6:3|6:4,2095
1278,3006,0.6838634658664666,2.0,2.0,0.0,2.0,160,death,0,1,monster,0,45,34,0:0|0:1|0:2|0:4|0:5|0:6|0:7|0:8|1:0|1:2|1:4|1:6|1:7|2:0|2:2|2:3|2:4|2:6|3:0|3:1|3:2|3:4|3:5|3:6|4:2|4:3|4:4|4:5|4:6|5:0|5:1|5:2|6:0|6:1,2096
1279,3007,0.6836159039759939,0.0,0.0,0.0,0.0,8,death,0,1,monster,0,8,8,0:0|1:0|2:0|3:0|3:1|3:2|4:2|4:3,2096
1280,3008,0.6833683420855214,2.0,2.0,0.0,2.0,63,death,0,1,monster,0,31,24,0:0|0:4|0:5|0:6|0:7|1:0|1:4|1:6|1:7|2:0|2:2|2:3|2:4|3:0|3:1|3:2|3:4|4:2|5:0|5:1|5:2|6:1|6:2|6:3,2096
1281,3009,0.6831207801950487,1.0,1.0,0.0,1.0,42,death,0,1,monster,0,21,17,0:0|1:0|2:0|2:2|3:0|3:1|3:2|3:4|3:5|4:2|4:3|4:4|5:0|5:1|5:2|6:1|6:2,2096
1282,3010,0.6828732183045761,3.0,3.0,0.0,3.0,274,victory,1,0,,0,67,50,0:0|0:1|0:2|0:4|0:5|0:6|0:7|0:8|0:9|1:0|1:2|1:4|1:6|1:7|1:8|1:9|2:2|2:3|2:4|2:6|2:8|2:9|3:1|3:2|3:4|3:5|3:6|3:8|3:9|4:2|4:3|4:4|4:5|4:6|4:7|4:8|5:0|5:1|5:2|5:8|5:9|6:0|6:1|6:2|6:3|6:4|6:8|6:9|7:8|8:8,2096
1283,3011,0.6826256564141036,2.0,2.0,0.0,2.0,136,death,0,1,monster,0,39,25,0:0|0:4|0:5|0:6|0:7|1:0|1:2|1:4|1:6|1:7|2:0|2:2|2:3|2:4|3:0|3:1|3:2|4:2|4:3|5:1|5:2|6:1|6:2|6:3|6:4,2096
1284,3012,0.6823780945236309,0.0,0.0,0.0,0.0,23,death,0,1,monster,0,17,13,0:0|0:1|0:2|1:2|2:2|3:2|4:2|5:2|5:4|6:2|6:3|6:4|7:3,2096
1285,3013,0.6821305326331584,1.0,1.0,0.0,1.0,102,death,0,1,monster,0,32,19,0:0|1:0|2:0|2:2|2:3|2:4|3:0|3:1|3:2|4:2|4:3|5:0|5:1|5:2|6:1|6:2|6:3|6:4|7:3,2096
1286,3014,0.6818829707426857,0.0,0.0,0.0,0.0,17,death,0,1,monster,0,11,9,0:0|1:0|2:0|2:2|2:3|3:0|3:1|3:2|4:2,2096
1287,3015,0.6816354088522131,3.0,3.0,0.0,3.0,87,victory,1,0,,0,41,34,0:0|0:4|0:5|0:6|0:7|0:8|0:9|1:0|1:4|1:9|2:0|2:3|2:4|2:8|2:9|3:0|3:1|3:2|3:4|3:9|4:2|4:3|4:4|4:9|5:1|5:2|5:8|5:9|6:1|6:2|6:7|6:8|7:8|8:8,2096
1288,3016,0.6813878469617405,1.0,1.0,0.0,1.0,57,death,0,1,monster,0,30,18,0:0|1:0|2:0|3:0|3:1|3:2|4:2|4:3|4:4|5:0|5:1|5:2|5:4|6:0|6:1|6:2|6:3|6:4,2096
1289,3017,0.6811402850712678,2.0,2.0,0.0,2.0,350,truncated,0,0,,1,61,39,0:0|0:4|0:5|0:6|0:7|1:0|1:2|1:4|1:6|1:7|2:0|2:2|2:3|2:4|2:6|3:0|3:1|3:2|3:4|3:5|3:6|4:2|4:3|4:4|4:5|4:6|4:7|4:8|5:0|5:1|5:2|5:4|5:8|5:9|6:1|6:2|6:3|6:4|7:3,2096
1290,3018,0.6808927231807953,3.0,3.0,0.0,3.0,174,victory,1,0,,0,50,42,0:0|0:4|0:5|0:6|0:7|0:8|1:0|1:2|1:4|1:7|1:8|2:0|2:2|2:3|2:4|2:8|2:9|3:0|3:1|3:2|3:4|3:5|3:9|4:2|4:3|4:4|4:5|4:9|5:1|5:2|5:4|5:9|6:1|6:2|6:3|6:4|6:7|6:8|6:9|7:3|7:8|8:8,2096
1291,3019,0.6806451612903226,1.0,1.0,0.0,1.0,31,death,0,1,monster,0,21,13,0:0|1:0|2:0|2:2|3:0|3:1|3:2|4:2|4:3|4:4|5:1|5:2|6:1,2096
1292,3020,0.6803975993998499,3.0,3.0,0.0,3.0,109,victory,1,0,,0,48,43,0:0|0:7|1:0|1:6|1:7|2:0|2:6|3:0|3:1|3:2|3:5|3:6|4:2|4:3|4:4|4:5|4:6|4:7|4:8|5:1|5:2|5:4|5:8|6:1|6:2|6:3|6:4|6:8|7:3|7:5|7:8|8:2|8:3|8:4|8:5|8:7|8:8|9:3|9:4|9:5|9:6|9:7|9:8,2096
1293,3021,0.6801500375093773,3.0,3.0,0.0,3.0,199,victory,1,0,,0,67,44,0:0|0:4|0:5|0:6|0:7|0:8|1:0|1:2|1:4|1:6|1:7|1:8|1:9|2:0|2:2|2:3|2:4|2:6|2:8|2:9|3:0|3:1|3:2|3:8|3:9|4:2|4:8|4:9|5:0|5:1|5:2|5:8|5:9|6:1|6:2|6:3|6:4|6:6|6:7|6:8|6:9|7:8|7:9|8:8,2096
1294,3022,0.6799024756189047,2.0,2.0,0.0,2.0,122,death,0,1,monster,0,38,30,0:0|0:7|0:8|0:9|1:0|1:6|1:7|1:8|1:9|2:0|2:2|2:6|2:8|2:9|3:0|3:1|3:2|3:4|3:5|3:6|4:2|4:3|4:4|4:5|5:0|5:1|5:2|6:1|6:2|6:3,2096
1295,3023,0.6796549137284321,3.0,3.0,0.0,3.0,72,victory,1,0,,0,41,38,0:0|0:1|0:2|0:5|0:6|0:7|1:2|1:6|1:7|1:8|2:2|2:6|2:8|2:9|3:2|3:4|3:5|3:6|3:9|4:2|4:3|4:4|4:5|4:6|4:9|5:1|5:2|5:4|5:9|6:0|6:1|6:2|6:8|6:9|7:8|7:9|8:8|8:9,2096
1296,3024,0.6794073518379595,3.0,3.0,0.0,3.0,115,victory,1,0,,0,51,39,0:0|0:4|0:5|0:6|0:7|0:8|0:9|1:0|1:2|1:4|1:7|1:8|1:9|2:0|2:2|2:4|2:8|2:9|3:0|3:1|3:2|3:4|3:8|3:9|4:2|4:3|4:4|4:8|4:9|5:1|5:2|5:8|5:9|6:1|6:8|6:9|7:8|7:9|8:8,2097
1297,3025,0.6791597899474868,1.0,1.0,0.0,1.0,46,death,0,1,monster,0,26,18,0:0|1:0|2:0|2:2|2:3|2:4|3:0|3:1|3:2|3:4|4:2|4:3|4:4|5:1|5:2|5:4|6:1|6:2,2097
1298,3026,0.6789122280570142,1.0,1.0,0.0,1.0,71,death,0,1,monster,0,26,14,0:0|1:0|2:0|2:2|3:0|3:1|3:2|4:2|4:3|5:1|5:2|6:1|6:2|6:3,2097
1299,3027,0.6786646661665416,3.0,3.0,0.0,3.0,161,victory,1,0,,0,53,45,0:0|0:4|0:5|0:6|0:7|0:8|0:9|1:0|1:4|1:7|1:8|2:0|2:2|2:3|2:4|2:8|2:9|3:0|3:1|3:2|3:8|3:9|4:2|4:3|4:4|4:8|4:9|5:0|5:1|5:2|5:4|5:8|5:9|6:1|6:2|6:3|6:4|6:6|6:7|6:8|6:9|7:6|7:8|7:9|8:8,2097
1300,3028,0.678417104276069,3.0,3.0,0.0,3.0,166,victory,1,0,,0,45,35,0:0|0:1|0:2|0:4|0:5|0:6|0:7|0:8|1:2|1:4|1:7|1:8|1:9|2:2|2:3|2:4|2:8|2:9|3:2|3:9|4:2|4:3|4:8|4:9|5:0|5:1|5:2|5:8|5:9|6:1|6:2|6:9|7:8|7:9|8:8,2097
1301,3029,0.6781695423855965,1.0,1.0,0.0,1.0,92,death,0,1,monster,0,34,26,0:0|0:1|0:2|0:4|0:5|0:6|1:0|1:2|1:4|1:6|2:0|2:2|2:3|2:4|3:0|3:1|3:2|4:2|4:3|5:0|5:1|5:2|6:0|6:1|6:2|6:3,2097
1302,3030,0.6779219804951238,2.0,2.0,0.0,2.0,125,death,0,1,monster,0,47,31,0:0|0:6|0:7|0:8|0:9|1:0|1:6|1:8|1:9|2:0|2:2|2:3|2:4|2:6|2:9|3:0|3:1|3:2|3:4|3:5|3:6|3:9|4:2|4:3|4:4|4:6|4:9|5:0|5:1|5:2|6:1,2097
1303,3031,0.6776744186046512,3.0,3.0,0.0,3.0,150,victory,1,0,,0,51,44,0:0|0:7|1:0|1:6|1:7|2:0|2:6|3:0|3:1|3:2|3:5|3:6|4:2|4:5|4:6|4:7|5:0|5:1|5:2|5:6|6:0|6:1|6:2|6:3|6:6|6:7|6:8|6:9|7:3|7:6|7:8|7:9|8:2|8:3|8:4|8:5|8:7|8:8|9:2|9:3|9:4|9:5|9:6|9:7,2097
1304,3032,0.6774268567141786,0.0,0.0,0.0,0.0,14,death,0,1,monster,0,9,9,0:0|1:0|2:0|3:0|3:1|3:2|4:2|4:3|4:4,2097
1305,3033,0.6771792948237059,3.0,3.0,0.0,3.0,130,victory,1,0,,0,41,36,0:0|0:4|0:5|0:6|0:7|0:8|0:9|1:0|1:4|1:7|1:8|1:9|2:0|2:2|2:3|2:4|2:8|2:9|3:0|3:1|3:2|3:4|3:8|3:9|4:2|4:9|5:1|5:2|5:9|6:1|6:6|6:7|6:8|6:9|7:8|8:8,2097
1306,3034,0.6769317329332333,3.0,3.0,0.0,3.0,205,victory,1,0,,0,68,52,0:0|0:1|0:2|0:4|0:5|0:6|0:7|0:8|0:9|1:2|1:4|1:6|1:7|1:8|1:9|2:2|2:3|2:4|2:6|2:8|2:9|3:2|3:4|3:5|3:6|3:8|3:9|4:2|4:3|4:4|4:5|4:6|4:7|4:8|4:9|5:0|5:1|5:2|5:6|5:8|5:9|6:0|6:1|6:2|6:6|6:7|6:8|6:9|7:0|7:8|7:9|8:8,2098
1307,3035,0.6766841710427607,0.0,0.0,0.0,0.0,22,death,0,1,monster,0,12,7,0:0|0:1|0:2|1:2|2:2|2:3|3:2,2098
1308,3036,0.6764366091522881,3.0,3.0,0.0,3.0,202,victory,1,0,,0,61,48,0:0|0:1|0:2|0:4|0:5|0:6|0:7|0:8|0:9|1:2|1:4|1:6|1:8|1:9|2:2|2:3|2:4|2:6|2:8|2:9|3:2|3:4|3:5|3:6|3:8|3:9|4:2|4:3|4:4|4:5|4:6|4:7|4:8|4:9|5:0|5:1|5:2|5:6|5:8|5:9|6:0|6:1|6:8|6:9|7:8|7:9|8:8|8:9,2098
1309,3037,0.6761890472618155,1.0,1.0,0.0,1.0,107,death,0,1,monster,0,39,23,0:0|0:2|1:0|1:2|1:4|2:0|2:2|2:3|2:4|3:0|3:1|3:2|3:4|3:5|4:2|4:4|4:5|5:0|5:1|5:2|6:0|6:1|6:2,2098
1310,3038,0.6759414853713428,1.0,1.0,0.0,1.0,79,death,0,1,monster,0,27,18,0:0|1:0|1:2|2:0|2:2|2:3|2:4|3:0|3:1|3:2|3:4|4:2|4:3|4:4|4:5|5:1|5:2|6:1,2098
1311,3039,0.6756939234808702,3.0,3.0,0.0,3.0,277,victory,1,0,,0,56,49,0:0|0:4|0:5|0:6|0:7|0:8|0:9|1:0|1:4|1:7|1:8|1:9|2:0|2:4|2:8|2:9|3:0|3:1|3:2|3:4|3:5|3:8|3:9|4:2|4:3|4:4|4:6|4:8|4:9|5:0|5:1|5:2|5:4|5:6|5:8|5:9|6:0|6:1|6:2|6:4|6:6|6:7|6:8|6:9|7:0|7:6|7:8|7:9|8:8,2098
1312,3040,0.6754463615903976,0.0,0.0,0.0,0.0,23,death,0,1,monster,0,9,8,0:0|0:1|0:2|1:0|1:2|2:2|2:3|2:4,2098
1313,3041,0.6751987996999249,3.0,3.0,0.0,3.0,124,victory,1,0,,0,45,41,0:0|0:4|0:5|0:6|0:7|0:8|0:9|1:0|1:4|1:6|1:7|1:8|2:0|2:2|2:3|2:4|2:6|3:0|3:1|3:2|3:4|3:5|3:6|4:2|4:4|4:5|4:6|4:7|4:8|5:0|5:1|5:2|5:8|5:9|6:0|6:1|6:9|7:8|7:9|8:8|8:9,2098
1314,3042,0.6749512378094524,2.0,2.0,0.0,2.0,88,death,0,1,monster,0,39,29,0:0|0:4|0:5|0:6|0:7|1:0|1:2|1:4|1:6|1:7|1:8|2:0|2:2|2:3|2:4|2:8|2:9|3:0|3:1|3:2|3:8|3:9|4:2|5:0|5:1|5:2|6:0|6:1|6:2,2098
1315,3043,0.6747036759189797,3.0,3.0,0.0,3.0,179,victory,1,0,,0,50,45,0:0|0:4|0:5|0:6|0:7|0:8|0:9|1:0|1:2|1:4|1:6|1:7|1:8|1:9|2:0|2:2|2:3|2:4|2:6|2:8|2:9|3:0|3:1|3:2|3:4|3:6|3:8|3:9|4:2|4:3|4:6|4:7|4:8|4:9|5:1|5:2|5:6|5:9|6:1|6:2|6:6|6:9|7:8|7:9|8:8,2098
1316,3044,0.6744561140285071,0.0,0.0,0.0,0.0,123,death,0,1,monster,0,27,16,0:0|0:1|0:2|1:0|1:2|2:0|2:2|2:3|2:4|3:0|3:1|3:2|3:4|4:2|4:3|5:2,2098
1317,3045,0.6742085521380345,1.0,1.0,0.0,1.0,105,death,0,1,monster,0,31,21,0:0|0:4|0:5|1:0|1:4|2:0|2:2|2:3|2:4|3:0|3:1|3:2|4:2|4:3|5:0|5:1|5:2|6:0|6:1|6:2|6:3,2098
1318,3046,0.6739609902475618,3.0,3.0,0.0,3.0,346,victory,1,0,,0,75,51,0:0|0:4|0:5|0:6|0:7|0:8|1:0|1:2|1:4|1:6|1:7|1:8|2:0|2:2|2:3|2:4|2:6|2:8|2:9|3:0|3:1|3:2|3:4|3:5|3:6|3:8|3:9|4:2|4:3|4:4|4:5|4:6|4:7|4:8|4:9|5:1|5:2|5:4|5:6|5:8|5:9|6:1|6:2|6:3|6:4|6:8|6:9|7:3|7:8|7:9|8:8,2098
1319,3047,0.6737134283570893,1.0,1.0,0.0,1.0,87,death,0,1,monster,0,28,19,0:0|0:1|0:2|1:0|1:2|2:0|2:2|2:3|2:4|3:0|3:1|3:2|3:4|4:2|5:0|5:1|5:2|6:0|6:1,2098
1320,3048,0.6734658664666167,0.0,0.0,0.0,0.0,111,death,0,1,monster,0,20,13,0:0|0:1|0:2|1:0|1:2|2:0|2:2|3:0|3:1|3:2|4:2|4:3|5:2,2098
1321,3049,0.6732183045761441,0.0,0.0,0.0,0.0,82,death,0,1,monster,0,16,12,0:0|0:1|0:2|1:2|2:2|2:3|3:1|3:2|4:2|4:3|4:4|5:2,2098
1322,3050,0.6729707426856715,2.0,2.0,0.0,2.0,266,death,0,1,monster,0,51,41,0:0|0:1|0:2|0:4|0:5|0:6|0:7|0:8|0:9|1:0|1:2|1:4|1:6|1:7|1:8|1:9|2:0|2:2|2:3|2:4|2:6|2:8|2:9|3:0|3:1|3:2|3:4|3:6|3:8|4:2|4:3|4:6|4:7|4:8|5:0|5:1|5:2|6:0|6:1|6:2|6:3,2098
1323,3051,0.6727231807951988,3.0,3.0,0.0,3.0,156,victory,1,0,,0,51,38,0:0|0:1|0:2|0:4|0:5|0:6|0:7|0:8|1:0|1:2|1:4|1:6|1:7|1:8|2:0|2:2|2:3|2:4|2:8|2:9|3:0|3:1|3:2|3:4|3:5|3:9|4:2|4:9|5:1|5:2|5:9|6:1|6:7|6:8|6:9|7:8|7:9|8:8,2098
1324,3052,0.6724756189047262,2.0,2.0,0.0,2.0,155,death,0,1,monster,0,47,36,0:0|0:4|0:5|0:6|0:7|0:8|1:0|1:2|1:4|1:6|1:7|1:8|1:9|2:0|2:2|2:3|2:4|2:6|2:8|2:9|3:0|3:1|3:2|3:8|3:9|4:2|4:8|4:9|5:1|5:2|5:8|5:9|6:1|6:2|6:8|6:9,2099
1325,3053,0.6722280570142536,0.0,0.0,0.0,0.0,83,death,0,1,monster,0,23,13,0:0|0:1|0:2|1:0|1:2|2:0|2:2|3:0|3:1|3:2|4:2|4:3|4:4,2099
1326,3054,0.6719804951237809,1.0,1.0,0.0,1.0,216,death,0,1,monster,0,48,27,0:0|0:1|0:2|1:2|2:2|2:3|2:4|3:2|4:2|4:3|4:4|5:0|5:1|5:2|6:0|6:1|6:2|6:3|7:0|7:3|8:0|8:1|8:2|8:3|9:0|9:1|9:2,2099
1327,3055,0.6717329332333084,0.0,0.0,0.0,0.0,21,death,0,1,monster,0,8,7,0:0|1:0|2:0|3:0|3:1|3:2|4:2,2099
1328,3056,0.6714853713428357,1.0,1.0,0.0,1.0,96,death,0,1,monster,0,36,29,0:0|0:1|0:2|0:4|0:5|0:6|0:7|0:8|1:2|1:4|1:6|1:7|2:0|2:2|2:3|2:4|3:0|3:1|3:2|3:4|3:5|3:6|4:2|4:3|4:4|4:5|4:6|4:7|5:6,2100
1329,3057,0.6712378094523631,2.0,2.0,0.0,2.0,350,truncated,0,0,,1,76,52,0:0|0:4|0:5|0:6|0:7|0:8|0:9|1:0|1:4|1:6|1:7|1:8|1:9|2:0|2:2|2:3|2:4|2:8|2:9|3:0|3:1|3:2|3:4|3:8|3:9|4:2|4:3|4:4|4:6|4:7|4:8|4:9|5:0|5:1|5:2|5:6|5:8|5:9|6:0|6:1|6:2|6:3|6:6|6:7|6:8|6:9|7:0|7:3|7:5|7:6|7:9|8:0,2100
1330,3058,0.6709902475618905,2.0,2.0,0.0,2.0,350,truncated,0,0,,1,49,36,0:0|0:1|0:2|0:4|0:5|0:6|0:7|0:8|0:9|1:0|1:2|1:4|1:6|1:7|1:8|1:9|2:2|2:3|2:4|2:6|2:8|2:9|3:2|3:4|3:8|3:9|4:2|4:8|4:9|5:1|5:2|5:8|5:9|6:1|6:2|6:3,2100
1331,3059,0.6707426856714178,3.0,3.0,0.0,3.0,290,victory,1,0,,0,57,47,0:0|0:4|0:5|0:6|0:7|0:8|0:9|1:0|1:2|1:4|1:7|1:8|1:9|2:0|2:2|2:3|2:4|2:8|2:9|3:0|3:1|3:2|3:4|3:8|3:9|4:2|4:3|4:4|4:8|5:0|5:1|5:2|5:4|5:8|6:0|6:1|6:2|6:3|6:4|6:7|6:8|7:0|7:3|7:8|7:9|8:8|8:9,2101
1332,3060,0.6704951237809452,2.0,2.0,0.0,2.0,120,death,0,1,monster,0,47,37,0:0|0:4|0:5|0:6|0:7|0:8|0:9|1:0|1:4|1:6|1:7|1:8|2:0|2:2|2:3|2:4|2:8|2:9|3:0|3:1|3:2|3:8|3:9|4:2|4:8|4:9|5:0|5:1|5:2|5:8|5:9|6:0|6:1|6:8|6:9|7:8|7:9,2101
1333,3061,0.6702475618904726,3.0,3.0,0.0,3.0,293,victory,1,0,,0,50,40,0:0|0:4|0:5|0:6|0:7|0:8|0:9|1:0|1:4|1:7|1:8|1:9|2:0|2:2|2:3|2:4|2:8|2:9|3:0|3:1|3:2|3:8|3:9|4:2|4:3|4:5|4:6|4:7|4:8|4:9|5:1|5:2|5:8|5:9|6:0|6:1|6:8|6:9|7:8|8:8,2101
1334,3062,0.67,1.0,1.0,0.0,1.0,350,truncated,0,0,,1,44,25,0:0|0:1|0:2|0:4|0:5|0:6|1:0|1:2|1:4|2:0|2:2|2:3|2:4|3:0|3:1|3:2|3:4|4:2|4:3|4:4|5:1|5:2|5:4|6:1|6:2,2101
1335,3063,0.6697524381095274,3.0,3.0,0.0,3.0,236,victory,1,0,,0,49,40,0:0|0:1|0:2|0:4|0:5|0:6|0:7|0:8|1:0|1:2|1:4|1:7|1:8|2:0|2:2|2:3|2:4|2:8|3:0|3:1|3:2|3:4|3:8|4:2|4:3|4:4|4:8|5:0|5:1|5:2|5:4|5:8|6:0|6:1|6:2|6:3|6:4|6:8|7:8|8:8,2101
1336,3064,0.6695048762190547,3.0,3.0,0.0,3.0,184,victory,1,0,,0,80,47,0:0|0:1|0:2|0:4|0:5|0:6|0:7|0:8|0:9|1:0|1:2|1:4|1:6|1:7|1:8|1:9|2:2|2:3|2:4|2:6|2:8|2:9|3:2|3:4|3:6|3:8|4:2|4:3|4:4|4:5|4:7|4:8|5:0|5:1|5:2|5:4|5:8|5:9|6:0|6:1|6:8|6:9|7:8|7:9|8:8|8:9|9:9,2102
1337,3065,0.6692573143285822,3.0,3.0,0.0,3.0,96,victory,1,0,,0,47,43,0:0|0:7|1:0|1:2|1:7|1:8|1:9|2:0|2:2|2:9|3:0|3:1|3:2|3:9|4:2|4:3|4:7|4:8|4:9|5:1|5:2|5:8|6:1|6:2|6:3|6:7|6:8|6:9|7:3|7:9|8:2|8:3|8:4|8:8|8:9|9:2|9:3|9:4|9:5|9:6|9:7|9:8|9:9,2103
1338,3066,0.6690097524381096,0.0,0.0,0.0,0.0,25,death,0,1,monster,0,8,8,0:0|0:1|0:2|1:0|1:2|2:0|2:2|3:2,2103
1339,3067,0.6687621905476369,2.0,2.0,0.0,2.0,84,death,0,1,monster,0,40,33,0:0|0:1|0:2|0:4|0:5|0:6|0:7|0:8|0:9|1:2|1:4|1:7|1:8|1:9|2:0|2:2|2:4|3:0|3:1|3:2|3:4|3:5|4:2|4:4|4:5|5:1|5:2|5:4|6:1|6:2|6:3|6:4|7:3,2103
1340,3068,0.6685146286571643,3.0,3.0,0.0,3.0,146,victory,1,0,,0,48,42,0:0|0:1|0:4|0:5|0:6|0:7|0:8|1:0|1:4|1:8|1:9|2:0|2:2|2:3|2:4|2:8|2:9|3:0|3:1|3:2|3:4|3:8|3:9|4:2|4:3|4:4|4:7|4:8|4:9|5:0|5:1|5:2|5:8|5:9|6:0|6:1|6:2|6:8|6:9|7:8|7:9|8:8,2103
1341,3069,0.6682670667666917,2.0,2.0,0.0,2.0,168,death,0,1,monster,0,44,28,0:0|0:1|0:2|0:4|0:5|0:6|0:7|1:0|1:2|1:4|1:6|1:7|2:0|2:2|2:3|2:4|3:0|3:1|3:2|4:2|4:3|5:0|5:1|5:2|6:0|6:1|6:2|7:0,2103
1342,3070,0.668019504876219,2.0,2.0,0.0,2.0,97,death,0,1,monster,0,45,29,0:0|0:4|0:5|0:6|0:7|0:8|0:9|1:0|1:4|1:6|1:7|1:8|1:9|2:0|2:2|2:3|2:4|2:8|2:9|3:0|3:1|3:2|3:4|3:8|4:2|5:1|5:2|6:1|6:2,2104
1343,3071,0.6677719429857465,3.0,3.0,0.0,3.0,85,victory,1,0,,0,44,39,0:0|0:4|0:5|0:6|0:7|1:0|1:4|1:6|1:7|2:0|2:2|2:3|2:4|2:6|3:0|3:1|3:2|3:4|3:5|3:6|4:2|4:3|4:4|4:5|4:6|4:7|4:8|5:0|5:1|5:2|5:8|6:0|6:1|6:2|6:3|6:7|6:8|7:8|8:8,2104
1344,3072,0.6675243810952738,3.0,3.0,0.0,3.0,103,victory,1,0,,0,45,35,0:0|0:1|0:2|0:4|0:5|0:6|0:7|0:8|1:0|1:2|1:4|1:6|1:7|1:8|2:2|2:4|2:6|3:1|3:2|3:4|3:6|4:2|4:3|4:4|4:6|4:7|4:8|5:1|5:2|5:6|5:8|6:1|6:8|7:8|8:8,2104
1345,3073,0.6672768192048012,3.0,3.0,0.0,3.0,194,victory,1,0,,0,48,39,0:0|0:1|0:2|0:4|0:5|0:6|0:7|0:8|0:9|1:2|1:4|1:8|1:9|2:2|2:3|2:4|2:8|2:9|3:1|3:2|3:4|3:8|3:9|4:2|4:8|4:9|5:0|5:1|5:2|5:8|5:9|6:0|6:1|6:2|6:8|6:9|7:8|7:9|8:8,2104
1346,3074,0.6670292573143286,2.0,2.0,0.0,2.0,165,death,0,1,monster,0,60,37,0:0|0:4|0:5|0:6|0:7|0:8|0:9|1:0|1:2|1:4|1:6|1:7|1:8|1:9|2:0|2:2|2:3|2:4|2:6|3:0|3:1|3:2|3:4|3:5|3:6|4:2|4:3|4:4|4:5|4:6|4:7|5:0|5:1|5:2|6:0|6:1|6:2,2104
1347,3075,0.666781695423856,1.0,1.0,0.0,1.0,56,death,0,1,monster,0,28,16,0:0|0:1|0:2|1:0|1:2|2:0|2:2|3:0|3:1|3:2|4:2|4:3|5:1|5:2|6:1|6:2,2104
1348,3076,0.6665341335333834,0.0,0.0,0.0,0.0,20,death,0,1,monster,0,9,7,0:0|1:0|2:0|2:2|3:0|3:1|3:2,2104
1349,3077,0.6662865716429107,2.0,2.0,0.0,2.0,217,death,0,1,monster,0,53,43,0:0|0:4|0:5|0:6|0:7|0:8|0:9|1:0|1:4|1:6|1:7|1:8|1:9|2:0|2:2|2:3|2:4|2:8|3:0|3:1|3:2|3:4|3:5|3:8|4:2|4:3|4:4|4:5|4:6|4:7|4:8|4:9|5:0|5:1|5:2|5:4|5:9|6:1|6:2|6:3|6:9|7:8|7:9,2104
1350,3078,0.666039009752438,1.0,1.0,0.0,1.0,56,death,0,1,monster,0,26,16,0:0|1:0|1:4|2:0|2:2|2:3|2:4|3:0|3:1|3:2|3:4|4:2|5:0|5:1|5:2|6:1,2104
1351,3079,0.6657914478619655,1.0,1.0,0.0,1.0,76,death,0,1,monster,0,27,18,0:0|0:1|0:2|1:2|2:0|2:2|2:3|2:4|3:0|3:1|3:2|3:4|4:2|5:0|5:1|5:2|6:0|6:1,2104
1352,3080,0.6655438859714928,0.0,0.0,0.0,0.0,80,death,0,1,monster,0,19,12,0:0|0:1|0:2|1:0|1:2|2:0|2:2|2:3|2:4|3:0|3:1|3:2,2104
1353,3081,0.6652963240810202,3.0,3.0,0.0,3.0,111,victory,1,0,,0,42,35,0:0|0:1|0:2|0:4|0:5|0:6|0:7|1:2|1:4|1:6|1:7|1:8|1:9|2:2|2:3|2:4|2:8|2:9|3:2|3:8|4:2|4:3|4:8|5:0|5:1|5:2|5:8|5:9|6:0|6:1|6:2|6:8|6:9|7:8|8:8,2104
1354,3082,0.6650487621905476,3.0,3.0,0.0,3.0,186,victory,1,0,,0,49,34,0:0|0:4|0:5|0:6|0:7|1:0|1:4|1:6|1:7|1:8|1:9|2:0|2:2|2:3|2:4|2:9|3:0|3:1|3:2|3:8|3:9|4:2|4:3|4:8|5:1|5:2|5:8|5:9|6:1|6:2|6:8|6:9|7:8|8:8,2104
1355,3083,0.664801200300075,2.0,2.0,0.0,2.0,185,death,0,1,monster,0,52,43,0:0|0:1|0:2|0:4|0:5|0:6|0:7|1:0|1:2|1:4|1:6|1:7|2:0|2:2|2:3|2:4|2:6|3:0|3:1|3:2|3:4|3:5|3:6|4:2|4:3|4:4|4:5|4:6|4:7|4:8|4:9|5:0|5:1|5:2|5:6|5:9|6:0|6:1|6:2|6:8|6:9|7:0|7:8,2104
1356,3084,0.6645536384096025,3.0,3.0,0.0,3.0,144,victory,1,0,,0,57,44,0:0|0:1|0:2|0:7|1:0|1:6|1:7|2:0|2:6|3:0|3:1|3:2|3:5|3:6|4:2|4:4|4:5|4:6|5:2|5:4|5:6|5:8|6:1|6:2|6:3|6:4|6:6|6:7|6:8|6:9|7:3|7:6|7:8|7:9|8:3|8:4|8:7|8:8|8:9|9:4|9:5|9:6|9:7|9:8,2107
1357,3085,0.6643060765191298,3.0,3.0,0.0,3.0,84,victory,1,0,,0,43,38,0:0|0:1|0:4|0:5|0:6|0:7|1:0|1:4|1:7|1:8|1:9|2:0|2:2|2:3|2:4|2:9|3:0|3:1|3:2|3:8|3:9|4:2|4:3|4:8|4:9|5:0|5:1|5:2|5:8|6:0|6:1|6:2|6:3|6:8|6:9|7:8|7:9|8:8,2107
1358,3086,0.6640585146286572,3.0,3.0,0.0,3.0,271,victory,1,0,,0,66,44,0:0|0:1|0:2|0:4|0:5|0:6|0:7|0:8|1:0|1:2|1:4|1:6|1:7|1:8|1:9|2:0|2:2|2:3|2:4|2:9|3:0|3:1|3:2|3:4|3:8|3:9|4:2|4:3|4:4|4:8|4:9|5:1|5:2|5:4|5:8|6:0|6:1|6:2|6:3|6:4|6:8|6:9|7:8|8:8,2107
1359,3087,0.6638109527381846,3.0,3.0,0.0,3.0,137,victory,1,0,,0,56,43,0:0|0:1|0:2|0:4|0:5|0:6|0:7|0:8|0:9|1:0|1:2|1:4|1:6|1:7|1:8|2:2|2:3|2:4|2:8|3:2|3:4|3:8|4:2|4:4|4:5|4:8|4:9|5:0|5:1|5:2|5:4|5:9|6:0|6:1|6:2|6:3|6:4|6:8|6:9|7:0|7:8|7:9|8:8,2107
1360,3088,0.6635633908477119,2.0,2.0,0.0,2.0,96,death,0,1,monster,0,45,37,0:0|0:4|0:5|0:6|0:7|0:8|0:9|1:0|1:4|1:6|1:7|1:8|1:9|2:0|2:2|2:3|2:4|2:8|2:9|3:0|3:1|3:2|3:8|4:2|4:3|4:4|4:6|4:7|4:8|5:0|5:1|5:2|5:4|6:1|6:2|6:3|6:4,2107
1361,3089,0.6633158289572394,0.0,0.0,0.0,0.0,98,death,0,1,monster,0,27,16,0:0|0:1|0:2|1:0|1:2|2:0|2:2|2:3|2:4|3:0|3:1|3:2|3:4|4:2|4:3|4:4,2107
1362,3090,0.6630682670667667,3.0,3.0,0.0,3.0,141,victory,1,0,,0,59,44,0:0|0:1|0:2|0:4|0:5|0:6|0:7|0:8|0:9|1:0|1:2|1:4|1:6|1:7|1:8|1:9|2:0|2:2|2:3|2:4|2:8|3:0|3:1|3:2|3:8|4:2|4:3|4:8|4:9|5:0|5:1|5:2|5:8|5:9|6:0|6:1|6:2|6:8|6:9|7:0|7:8|7:9|8:0|8:8,2107
1363,3091,0.662820705176294,1.0,1.0,0.0,1.0,154,death,0,1,monster,0,40,18,0:0|0:1|0:2|1:0|1:2|2:0|2:2|2:3|2:4|3:0|3:1|3:2|4:2|4:3|5:1|5:2|6:1|6:2,2107
1364,3092,0.6625731432858215,2.0,2.0,0.0,2.0,72,death,0,1,monster,0,36,27,0:0|0:1|0:2|0:4|0:5|0:6|0:7|0:8|0:9|1:0|1:2|1:4|1:7|1:8|1:9|2:2|2:3|2:4|2:8|3:2|3:8|4:2|4:8|5:1|5:2|6:1|6:2,2107
1365,3093,0.6623255813953488,3.0,3.0,0.0,3.0,199,victory,1,0,,0,49,43,0:0|0:1|0:4|0:5|0:6|0:7|0:8|0:9|1:0|1:4|1:9|2:0|2:2|2:3|2:4|2:9|3:0|3:1|3:2|3:4|3:5|3:8|3:9|4:2|4:4|4:5|4:7|4:8|5:0|5:1|5:2|5:8|5:9|6:1|6:2|6:3|6:6|6:7|6:8|6:9|7:8|7:9|8:8,2107
1366,3094,0.6620780195048762,2.0,2.0,0.0,2.0,54,death,0,1,monster,0,29,23,0:0|0:1|0:4|0:5|0:6|0:7|0:8|1:0|1:4|1:8|2:0|2:2|2:3|2:4|3:0|3:1|3:2|4:2|5:0|5:1|5:2|6:1|6:2,2107
1367,3095,0.6618304576144036,3.0,3.0,0.0,3.0,109,victory,1,0,,0,47,39,0:0|0:6|0:7|1:0|1:6|1:7|1:8|2:0|2:4|2:6|2:8|3:0|3:1|3:2|3:4|3:5|3:6|3:8|4:2|4:3|4:4|4:5|4:6|4:8|5:1|5:2|5:4|5:8|6:1|6:2|6:3|6:4|6:6|6:7|6:8|6:9|7:9|8:8|8:9,2107
1368,3096,0.6615828957239309,3.0,3.0,0.0,3.0,172,victory,1,0,,0,55,42,0:0|0:4|0:5|0:6|0:7|0:8|0:9|1:0|1:2|1:4|1:6|1:7|1:8|1:9|2:0|2:2|2:3|2:4|2:6|2:8|3:0|3:1|3:2|3:4|3:5|3:6|4:2|4:3|4:4|4:5|4:6|4:7|4:8|5:1|5:2|5:6|5:8|6:1|6:2|6:8|7:8|8:8,2107
1369,3097,0.6613353338334584,0.0,0.0,0.0,0.0,64,death,0,1,monster,0,24,11,0:0|1:0|2:0|3:0|3:1|3:2|4:2|4:3|5:2|6:2|6:3,2107
1370,3098,0.6610877719429857,0.0,0.0,0.0,0.0,19,death,0,1,monster,0,10,8,0:0|0:1|0:2|1:2|2:2|2:3|3:1|3:2,2107
1371,3099,0.6608402100525131,1.0,1.0,0.0,1.0,51,death,0,1,monster,0,25,16,0:0|0:2|1:0|1:2|2:0|2:2|2:3|3:0|3:1|3:2|4:2|5:0|5:1|5:2|6:1|6:2,2107
1372,3100,0.6605926481620406,0.0,0.0,0.0,0.0,42,death,0,1,monster,0,10,7,0:0|0:1|1:0|2:0|3:0|3:1|3:2,2107
1373,3101,0.6603450862715678,0.0,0.0,0.0,0.0,148,death,0,1,monster,0,20,16,0:0|0:1|0:2|1:0|1:2|1:4|2:0|2:2|2:3|2:4|3:1|3:2|3:4|4:2|4:3|4:4,2107
1374,3102,0.6600975243810954,0.0,0.0,0.0,0.0,135,death,0,1,monster,0,22,13,0:0|0:1|0:2|1:0|1:2|2:0|2:2|3:0|3:1|3:2|4:2|4:3|4:4,2107
1375,3103,0.6598499624906227,3.0,3.0,0.0,3.0,251,victory,1,0,,0,52,41,0:0|0:4|0:5|0:6|0:7|0:8|0:9|1:0|1:2|1:4|1:6|1:7|1:8|1:9|2:0|2:2|2:3|2:4|2:8|2:9|3:0|3:1|3:2|3:8|3:9|4:2|4:3|4:4|4:8|4:9|5:0|5:1|5:2|5:8|6:0|6:1|6:2|6:8|6:9|7:8|8:8,2107
1376,3104,0.65960240060015,1.0,1.0,0.0,1.0,126,death,0,1,monster,0,31,18,0:0|0:1|0:2|1:0|1:2|2:0|2:2|3:1|3:2|4:2|4:3|5:0|5:1|5:2|6:0|6:1|6:2|6:3,2107
1377,3105,0.6593548387096774,3.0,3.0,0.0,3.0,174,victory,1,0,,0,52,40,0:0|0:1|0:2|0:4|0:5|0:6|0:7|1:0|1:2|1:4|1:6|1:7|1:8|2:2|2:3|2:4|2:8|3:0|3:1|3:2|3:4|3:8|3:9|4:2|4:3|4:4|4:6|4:7|4:8|4:9|5:1|5:2|5:8|5:9|6:1|6:8|6:9|7:8|7:9|8:8,2107
1378,3106,0.6591072768192048,3.0,3.0,0.0,3.0,132,victory,1,0,,0,50,36,0:0|0:1|0:2|0:4|0:5|0:6|0:7|1:0|1:2|1:4|1:6|2:2|2:3|2:4|2:6|3:1|3:2|3:5|3:6|4:2|4:5|4:6|4:7|4:8|5:1|5:2|5:8|6:1|6:2|6:3|6:7|6:8|6:9|7:8|7:9|8:8,2107
1379,3107,0.6588597149287322,3.0,3.0,0.0,3.0,202,victory,1,0,,0,51,41,0:0|0:1|0:2|0:4|0:5|0:6|0:7|0:8|0:9|1:0|1:2|1:4|1:7|1:8|1:9|2:0|2:2|2:3|2:4|2:8|2:9|3:0|3:1|3:2|3:4|3:8|3:9|4:2|4:7|4:8|4:9|5:0|5:1|5:2|5:8|5:9|6:1|6:8|6:9|7:8|8:8,2107
1380,3108,0.6586121530382596,3.0,3.0,0.0,3.0,108,victory,1,0,,0,41,33,0:0|0:1|0:2|0:4|0:5|0:6|0:7|1:2|1:4|1:6|2:2|2:3|2:4|2:6|3:2|3:4|3:6|4:2|4:3|4:4|4:5|4:6|4:7|4:8|5:1|5:2|5:8|6:1|6:6|6:7|6:8|7:8|8:8,2107
1381,3109,0.6583645911477869,3.0,3.0,0.0,3.0,107,victory,1,0,,0,46,33,0:0|0:1|0:2|0:4|0:5|0:6|0:7|1:2|1:4|1:7|1:8|2:2|2:3|2:4|2:8|3:1|3:2|3:4|3:8|4:2|4:8|5:0|5:1|5:2|5:8|5:9|6:0|6:1|6:8|6:9|7:8|7:9|8:8,2107
1382,3110,0.6581170292573144,3.0,3.0,0.0,3.0,106,victory,1,0,,0,46,39,0:0|0:1|0:2|0:4|0:5|0:6|0:7|0:8|1:2|1:4|1:6|1:7|2:2|2:3|2:4|2:6|3:2|3:5|3:6|4:2|4:3|4:5|4:6|4:7|4:8|5:0|5:1|5:2|5:6|5:8|6:0|6:1|6:2|6:7|6:8|6:9|7:8|7:9|8:8,2107
1383,3111,0.6578694673668417,1.0,1.0,0.0,1.0,54,death,0,1,monster,0,21,15,0:0|0:1|0:2|1:0|1:2|2:2|3:2|4:2|5:0|5:1|5:2|6:1|6:2|6:3|7:3,2107
1384,3112,0.6576219054763691,3.0,3.0,0.0,3.0,212,victory,1,0,,0,54,40,0:0|0:1|0:2|0:4|0:5|0:6|0:7|0:8|1:0|1:2|1:4|1:7|1:8|1:9|2:0|2:2|2:3|2:4|2:8|3:0|3:1|3:2|3:4|3:8|4:2|4:3|4:8|5:0|5:1|5:2|5:8|5:9|6:0|6:1|6:2|6:7|6:8|6:9|7:8|8:8,2107
1385,3113,0.6573743435858965,2.0,2.0,0.0,2.0,91,death,0,1,monster,0,52,40,0:0|0:1|0:2|0:4|0:5|0:6|0:7|0:8|1:2|1:4|1:6|1:7|1:8|2:2|2:3|2:4|2:6|2:8|2:9|3:2|3:4|3:6|3:8|3:9|4:2|4:3|4:6|4:7|4:8|4:9|5:0|5:1|5:2|5:6|5:8|5:9|6:0|6:1|6:2|6:8,2107
1386,3114,0.6571267816954238,3.0,3.0,0.0,3.0,112,victory,1,0,,0,50,44,0:0|0:1|0:2|0:4|0:5|0:6|0:7|0:8|1:0|1:2|1:4|1:6|1:7|1:8|2:0|2:2|2:3|2:4|2:8|3:0|3:1|3:2|3:8|3:9|4:2|4:6|4:7|4:8|4:9|5:0|5:1|5:2|5:8|5:9|6:0|6:1|6:2|6:3|6:8|6:9|7:0|7:3|7:8|8:8,2107
1387,3115,0.6568792198049512,2.0,2.0,0.0,2.0,226,death,0,1,monster,0,74,46,0:0|0:1|0:2|0:4|0:5|0:6|0:7|0:8|0:9|1:0|1:2|1:4|1:6|1:7|1:8|1:9|2:0|2:2|2:3|2:4|2:6|2:8|2:9|3:2|3:4|3:5|3:6|3:8|3:9|4:2|4:3|4:4|4:5|4:6|4:7|4:8|4:9|5:0|5:1|5:2|5:6|5:8|6:1|6:6|7:5|7:6,2110
1388,3116,0.6566316579144786,1.0,1.0,0.0,1.0,56,death,0,1,monster,0,26,18,0:0|0:1|0:2|0:4|1:2|1:4|2:2|2:3|2:4|3:1|3:2|4:2|5:0|5:1|5:2|6:0|6:1|6:2,2110
1389,3117,0.6563840960240059,2.0,2.0,0.0,2.0,160,death,0,1,monster,0,53,41,0:0|0:1|0:2|0:4|0:5|0:6|0:7|1:2|1:4|1:6|1:7|2:2|2:3|2:4|2:6|3:1|3:2|3:4|3:6|3:9|4:2|4:6|4:7|4:8|4:9|5:0|5:1|5:2|5:4|5:6|5:8|5:9|6:0|6:1|6:2|6:3|6:4|6:8|6:9|7:3|7:9,2110
1390,3118,0.6561365341335333,3.0,3.0,0.0,3.0,159,victory,1,0,,0,50,46,0:0|0:1|0:7|0:9|1:0|1:6|1:7|1:8|1:9|2:0|2:2|2:6|2:9|3:0|3:1|3:2|3:6|4:2|4:6|5:0|5:1|5:2|5:6|6:0|6:1|6:6|6:7|6:8|7:0|7:3|7:8|7:9|8:0|8:1|8:2|8:3|8:4|8:5|8:7|8:8|9:4|9:5|9:6|9:7|9:8|9:9,2110
1391,3119,0.6558889722430608,1.0,1.0,0.0,1.0,79,death,0,1,monster,0,28,21,0:0|1:0|1:2|2:0|2:2|2:3|2:4|3:0|3:1|3:2|3:4|3:5|4:2|4:3|4:4|4:5|5:0|5:1|5:2|6:0|6:1,2110
1392,3120,0.6556414103525882,1.0,1.0,0.0,1.0,84,death,0,1,monster,0,28,18,0:0|0:1|1:0|2:0|2:2|2:3|3:0|3:1|3:2|4:2|4:3|5:0|5:1|5:2|6:0|6:1|6:2|7:0,2110
1393,3121,0.6553938484621156,3.0,3.0,0.0,3.0,107,victory,1,0,,0,39,34,0:0|0:1|0:2|0:4|0:5|0:6|0:7|0:8|0:9|1:2|1:4|1:8|1:9|2:2|2:3|2:4|2:8|3:2|3:8|4:2|4:8|5:0|5:1|5:2|5:8|6:0|6:1|6:2|6:3|6:8|6:9|7:8|7:9|8:8,2110
1394,3122,0.6551462865716429,0.0,0.0,0.0,0.0,13,death,0,1,monster,0,8,8,0:0|0:1|0:2|1:2|2:2|3:2|4:2|4:3,2110
1395,3123,0.6548987246811704,3.0,3.0,0.0,3.0,178,victory,1,0,,0,55,47,0:0|0:1|0:2|0:4|0:5|0:6|0:7|0:8|0:9|1:2|1:4|1:7|1:8|1:9|2:2|2:3|2:4|2:8|2:9|3:2|3:4|3:8|3:9|4:2|4:4|4:7|4:8|4:9|5:0|5:1|5:2|5:4|5:8|5:9|6:0|6:1|6:2|6:3|6:4|6:6|6:7|6:8|6:9|7:3|7:6|7:8|8:8,2110
1396,3124,0.6546511627906977,1.0,1.0,0.0,1.0,35,death,0,1,monster,0,20,13,0:0|0:1|0:2|1:0|1:2|2:2|3:2|4:2|5:0|5:1|5:2|6:0|6:1,2110
1397,3125,0.654403600900225,2.0,2.0,0.0,2.0,243,death,0,1,monster,0,61,43,0:0|0:1|0:2|0:4|0:5|0:6|0:7|0:8|1:0|1:2|1:4|1:7|1:8|2:2|2:3|2:4|2:8|2:9|3:1|3:2|3:8|3:9|4:2|4:3|4:4|4:5|4:6|4:7|4:8|4:9|5:0|5:1|5:2|6:0|6:1|6:2|6:3|7:0|7:3|8:0|8:1|8:2|8:3,2110
1398,3126,0.6541560390097525,2.0,2.0,0.0,2.0,139,death,0,1,monster,0,44,29,0:0|0:1|0:2|0:4|0:5|0:6|0:7|0:8|1:2|1:4|1:6|1:7|1:8|1:9|2:2|2:3|2:4|2:8|2:9|3:2|3:8|4:2|4:3|4:8|5:1|5:2|6:0|6:1|6:2,2110
1399,3127,0.6539084771192798,2.0,2.0,0.0,2.0,151,death,0,1,monster,0,44,32,0:0|0:1|0:2|0:4|0:5|0:6|0:7|0:8|1:0|1:2|1:4|1:7|1:8|2:0|2:2|2:3|2:4|2:8|3:0|3:1|3:2|3:4|4:2|4:4|5:1|5:2|5:4|6:1|6:2|6:3|6:4|7:3,2110
1400,3128,0.6536609152288072,2.0,2.0,0.0,2.0,68,death,0,1,monster,0,30,23,0:0|0:1|0:2|0:4|0:5|0:6|0:7|0:8|1:2|1:4|2:2|2:3|2:4|3:0|3:1|3:2|4:2|4:3|5:1|5:2|6:0|6:1|7:0,2110
1401,3129,0.6534133533383346,2.0,2.0,0.0,2.0,110,death,0,1,monster,0,59,34,0:0|0:1|0:2|0:4|0:5|0:6|0:7|0:8|1:2|1:4|1:6|1:7|1:8|2:2|2:3|2:4|2:6|2:8|2:9|3:4|3:9|4:8|4:9|5:8|5:9|6:8|6:9|7:8|7:9|8:7|8:8|8:9|9:8|9:9,2117
1402,3130,0.6531657914478619,3.0,3.0,0.0,3.0,203,victory,1,0,,0,57,40,0:0|0:1|0:2|0:4|0:5|0:6|0:7|0:8|1:0|1:2|1:4|1:6|1:7|2:2|2:3|2:4|2:6|3:2|3:4|3:5|3:6|3:8|3:9|4:2|4:4|4:5|4:6|4:7|4:8|4:9|5:1|5:2|5:8|5:9|6:1|6:2|6:8|6:9|7:8|8:8,2118
1403,3131,0.6529182295573893,3.0,3.0,0.0,3.0,241,victory,1,0,,0,62,41,0:0|0:1|0:2|0:4|0:5|0:6|0:7|0:8|0:9|1:2|1:4|1:6|1:7|1:8|1:9|2:2|2:3|2:4|2:8|2:9|3:0|3:1|3:2|3:9|4:2|4:9|5:0|5:1|5:2|5:8|5:9|6:0|6:1|6:2|6:3|6:7|6:8|6:9|7:8|7:9|8:8,2118
1404,3132,0.6526706676669167,0.0,0.0,0.0,0.0,87,death,0,1,monster,0,15,12,0:0|0:1|0:2|1:0|1:2|2:0|2:2|3:0|3:1|3:2|4:2|5:2,2118
1405,3133,0.6524231057764441,0.0,0.0,0.0,0.0,96,death,0,1,monster,0,23,12,0:0|0:1|0:2|1:0|1:2|2:2|2:3|2:4|3:0|3:1|3:2|4:2,2118
1406,3134,0.6521755438859715,0.0,0.0,0.0,0.0,57,death,0,1,monster,0,15,7,0:0|0:1|0:2|1:2|2:2|3:2|4:2,2118
1407,3135,0.6519279819954988,3.0,3.0,0.0,3.0,286,victory,1,0,,0,65,44,0:0|0:1|0:2|0:4|0:5|0:6|0:7|1:0|1:2|1:4|1:6|1:7|1:8|2:0|2:2|2:3|2:4|2:6|2:8|3:0|3:1|3:2|3:6|3:8|4:2|4:3|4:6|4:7|4:8|4:9|5:1|5:2|5:6|5:8|5:9|6:0|6:1|6:2|6:6|6:7|6:8|6:9|7:8|8:8,2118
1408,3136,0.6516804201050262,3.0,3.0,0.0,3.0,133,victory,1,0,,0,49,40,0:0|0:7|1:0|1:6|1:7|2:0|2:6|3:0|3:1|3:2|3:6|4:2|4:6|5:0|5:1|5:2|5:6|6:0|6:1|6:2|6:6|6:7|6:8|7:0|7:8|8:0|8:1|8:2|8:3|8:7|8:8|8:9|9:0|9:1|9:2|9:3|9:4|9:5|9:6|9:7,2118
1409,3137,0.6514328582145537,2.0,2.0,0.0,2.0,164,death,0,1,monster,0,41,25,0:0|0:1|0:2|0:4|0:5|0:6|0:7|0:8|1:2|1:4|1:6|1:7|1:8|1:9|2:2|2:3|2:4|2:8|2:9|3:2|4:2|5:1|5:2|6:1|6:2,2119
1410,3138,0.651185296324081,3.0,3.0,0.0,3.0,121,victory,1,0,,0,45,35,0:0|0:1|0:2|0:4|0:5|0:6|0:7|0:8|0:9|1:0|1:2|1:4|1:9|2:2|2:3|2:4|2:8|2:9|3:1|3:2|3:9|4:2|4:3|4:8|4:9|5:0|5:1|5:2|5:8|5:9|6:1|6:9|7:8|7:9|8:8,2120
1411,3139,0.6509377344336085,2.0,2.0,0.0,2.0,165,death,0,1,monster,0,52,41,0:0|0:1|0:2|0:4|0:5|0:6|0:7|0:8|0:9|1:0|1:2|1:4|1:6|1:7|1:8|1:9|2:2|2:3|2:4|2:6|2:8|2:9|3:1|3:2|3:4|3:5|3:8|3:9|4:2|4:3|4:4|4:5|4:7|4:8|4:9|5:1|5:2|5:9|6:0|6:1|6:2,2120
1412,3140,0.6506901725431358,3.0,3.0,0.0,3.0,172,victory,1,0,,0,53,40,0:0|0:1|0:2|0:4|0:5|0:6|0:7|1:0|1:2|1:4|1:6|1:7|1:8|2:2|2:3|2:4|2:6|2:8|2:9|3:2|3:6|3:8|3:9|4:2|4:3|4:4|4:6|4:8|4:9|5:0|5:1|5:2|5:8|5:9|6:1|6:2|6:8|6:9|7:8|8:8,2120
1413,3141,0.6504426106526632,1.0,1.0,0.0,1.0,102,death,0,1,monster,0,28,20,0:0|0:1|0:2|1:0|1:2|2:0|2:2|2:3|2:4|3:0|3:1|3:2|4:2|5:1|5:2|6:0|6:1|6:2|6:3|7:0,2120
1414,3142,0.6501950487621906,3.0,3.0,0.0,3.0,283,victory,1,0,,0,71,49,0:0|0:1|0:2|0:4|0:5|0:6|0:7|0:8|1:0|1:2|1:4|1:6|1:7|1:8|2:2|2:3|2:4|2:6|2:8|2:9|3:1|3:2|3:4|3:8|3:9|4:2|4:3|4:7|4:8|4:9|5:0|5:1|5:2|5:8|5:9|6:0|6:1|6:2|6:6|6:7|6:8|6:9|7:0|7:8|7:9|8:0|8:8|8:9|9:9,2120
1415,3143,0.6499474868717179,1.0,1.0,0.0,1.0,50,death,0,1,monster,0,23,14,0:0|0:1|0:2|1:0|1:2|2:2|3:2|4:2|5:0|5:1|5:2|6:0|6:1|6:2,2120
1416,3144,0.6496999249812453,0.0,0.0,0.0,0.0,39,death,0,1,monster,0,13,10,0:0|0:1|0:2|1:0|1:2|2:2|3:0|3:1|3:2|4:2,2120
1417,3145,0.6494523630907727,3.0,3.0,0.0,3.0,177,victory,1,0,,0,46,42,0:0|0:1|0:2|0:4|0:5|0:6|0:7|0:9|1:0|1:2|1:4|1:7|1:8|1:9|2:0|2:2|2:3|2:4|2:8|2:9|3:0|3:2|3:4|3:9|4:2|4:3|4:4|4:8|4:9|5:1|5:2|5:4|5:8|5:9|6:1|6:2|6:3|6:4|6:8|6:9|7:8|8:8,2120
1418,3146,0.6492048012003001,3.0,3.0,0.0,3.0,174,victory,1,0,,0,42,33,0:0|0:1|0:4|0:5|0:6|0:7|1:0|1:4|1:7|1:8|2:0|2:2|2:3|2:4|2:8|2:9|3:0|3:1|3:2|3:8|3:9|4:2|4:3|4:8|4:9|5:1|5:2|5:8|6:1|6:8|7:8|7:9|8:8,2120
1419,3147,0.6489572393098275,2.0,2.0,0.0,2.0,310,death,0,1,monster,0,55,34,0:0|0:1|0:2|0:4|0:5|0:6|0:7|0:8|0:9|1:0|1:2|1:4|1:6|1:7|1:8|1:9|2:0|2:2|2:3|2:4|2:8|2:9|3:0|3:1|3:2|3:4|3:8|3:9|4:2|4:3|4:4|5:1|5:2|6:1,2120
1420,3148,0.6487096774193548,2.0,2.0,0.0,2.0,92,death,0,1,monster,0,46,33,0:0|0:4|0:5|0:6|0:7|0:8|0:9|1:0|1:4|1:6|1:7|1:8|1:9|2:0|2:3|2:4|2:8|2:9|3:0|3:1|3:2|3:4|3:8|3:9|4:2|4:4|4:9|5:2|5:4|6:1|6:2|6:3|6:4,2120
1421,3149,0.6484621155288822,0.0,0.0,0.0,0.0,37,death,0,1,monster,0,15,7,0:0|0:1|0:2|1:0|2:0|3:0|3:1,2121
1422,3150,0.6482145536384096,3.0,3.0,0.0,3.0,157,victory,1,0,,0,46,39,0:0|0:1|0:2|0:4|0:5|0:6|0:7|0:8|1:0|1:2|1:4|1:7|1:8|2:0|2:2|2:3|2:4|2:8|2:9|3:0|3:1|3:2|3:8|3:9|4:2|4:8|4:9|5:0|5:1|5:2|5:8|5:9|6:1|6:2|6:7|6:8|6:9|7:8|8:8,2121
1423,3151,0.6479669917479369,3.0,3.0,0.0,3.0,100,victory,1,0,,0,50,39,0:0|0:1|0:2|0:4|0:5|0:6|0:7|1:0|1:2|1:4|1:7|1:8|2:2|2:3|2:4|2:8|2:9|3:1|3:2|3:4|3:5|3:8|3:9|4:2|4:4|4:5|4:8|4:9|5:1|5:2|5:8|5:9|6:0|6:1|6:8|6:9|7:8|7:9|8:8,2121
1424,3152,0.6477194298574644,0.0,0.0,0.0,0.0,97,death,0,1,monster,0,17,8,0:0|0:1|0:2|1:0|1:2|2:0|2:2|3:0,2121
1425,3153,0.6474718679669917,3.0,3.0,0.0,3.0,249,victory,1,0,,0,64,46,0:0|0:1|0:2|0:6|0:7|0:8|0:9|1:0|1:2|1:4|1:6|1:7|1:8|1:9|2:0|2:2|2:3|2:4|2:6|2:8|2:9|3:0|3:1|3:2|3:4|3:5|3:6|3:9|4:2|4:3|4:4|4:6|4:7|4:8|4:9|5:1|5:2|5:4|5:9|6:1|6:2|6:4|6:8|6:9|7:8|8:8,2121
1426,3154,0.6472243060765192,2.0,2.0,0.0,2.0,310,death,0,1,monster,0,59,37,0:0|0:1|0:2|0:4|0:5|0:6|0:7|1:0|1:2|1:4|1:6|1:7|2:2|2:3|2:4|2:6|3:0|3:1|3:2|3:4|3:5|3:6|4:2|4:3|4:5|4:6|4:7|5:0|5:1|5:2|5:6|6:0|6:1|6:2|6:3|7:0|8:0,2121
1427,3155,0.6469767441860466,1.0,1.0,0.0,1.0,97,death,0,1,monster,0,26,19,0:0|0:1|0:2|1:2|2:2|2:4|3:2|3:4|3:5|3:6|4:2|4:3|4:4|4:6|5:0|5:1|5:2|6:0|6:1,2121
1428,3156,0.6467291822955739,3.0,3.0,0.0,3.0,73,victory,1,0,,0,39,35,0:0|0:1|0:2|0:6|0:7|1:2|1:6|1:7|1:8|2:2|2:3|2:4|2:6|2:8|2:9|3:2|3:4|3:5|3:6|3:8|3:9|4:2|4:3|4:4|4:5|4:8|4:9|5:1|5:2|5:9|6:1|6:9|7:9|8:8|8:9,2121
1429,3157,0.6464816204051013,3.0,3.0,0.0,3.0,153,victory,1,0,,0,48,39,0:0|0:1|0:2|0:6|0:7|1:0|1:2|1:6|1:7|1:8|2:0|2:2|2:3|2:4|2:6|2:8|2:9|3:0|3:1|3:2|3:4|3:5|3:6|3:9|4:2|4:5|4:6|4:8|4:9|5:0|5:1|5:2|5:6|5:8|6:1|6:7|6:8|7:8|8:8,2121
1430,3158,0.6462340585146287,3.0,3.0,0.0,3.0,178,victory,1,0,,0,52,41,0:0|0:1|0:2|0:6|0:7|0:8|1:2|1:6|1:7|1:8|1:9|2:2|2:6|2:8|2:9|3:2|3:4|3:5|3:6|3:8|4:2|4:3|4:4|4:5|4:6|4:8|5:0|5:1|5:2|5:4|5:8|6:0|6:1|6:2|6:3|6:4|6:8|7:0|7:3|7:8|8:8,2121
1431,3159,0.6459864966241561,1.0,1.0,0.0,1.0,19,death,0,1,monster,0,15,12,0:0|0:1|0:2|1:2|2:2|3:1|3:2|4:2|4:3|5:1|5:2|6:1,2121
1432,3160,0.6457389347336835,0.0,0.0,0.0,0.0,48,death,0,1,monster,0,14,8,0:0|0:1|0:2|1:0|1:2|2:2|3:1|3:2,2121
1433,3161,0.6454913728432108,3.0,3.0,0.0,3.0,226,victory,1,0,,0,56,43,0:0|0:1|0:4|0:5|0:6|0:7|1:0|1:4|1:6|1:7|2:0|2:2|2:3|2:4|2:6|3:0|3:1|3:2|3:4|3:5|3:6|4:2|4:3|4:4|4:5|4:6|4:7|4:8|4:9|5:1|5:2|5:4|5:6|5:9|6:1|6:2|6:3|6:4|6:7|6:8|6:9|7:8|8:8,2121
1434,3162,0.6452438109527381,3.0,3.0,0.0,3.0,194,victory,1,0,,0,75,49,0:0|0:1|0:2|0:4|0:5|0:6|0:7|1:2|1:4|1:6|1:7|1:8|2:2|2:3|2:4|2:6|2:8|2:9|3:1|3:2|3:4|3:5|3:6|3:8|3:9|4:2|4:3|4:4|4:5|4:6|4:7|4:8|4:9|5:0|5:1|5:2|5:4|5:6|5:8|5:9|6:0|6:1|6:2|6:6|6:8|6:9|7:6|7:8|8:8,2121
1435,3163,0.6449962490622656,1.0,1.0,0.0,1.0,103,death,0,1,monster,0,33,25,0:0|0:1|0:2|1:0|1:2|2:2|3:1|3:2|3:4|3:5|4:2|4:3|4:4|4:5|5:0|5:1|5:2|5:4|6:0|6:1|6:2|6:3|6:4|7:0|7:3,2121
1436,3164,0.6447486871717929,3.0,3.0,0.0,3.0,179,victory,1,0,,0,65,50,0:0|0:1|0:2|0:4|0:5|0:6|0:7|0:8|0:9|1:0|1:2|1:4|1:6|1:8|1:9|2:0|2:2|2:3|2:4|2:8|2:9|3:0|3:1|3:2|3:4|3:5|3:6|3:8|3:9|4:2|4:3|4:4|4:6|4:7|4:8|4:9|5:0|5:1|5:2|5:6|5:8|5:9|6:0|6:1|6:6|6:7|6:8|7:0|7:8|8:8,2121
1437,3165,0.6445011252813203,2.0,2.0,0.0,2.0,231,death,0,1,monster,0,65,40,0:0|0:1|0:2|0:4|0:5|0:6|0:7|0:8|0:9|1:2|1:4|1:6|1:7|1:8|1:9|2:2|2:3|2:4|2:8|2:9|3:2|3:4|3:8|3:9|4:2|4:3|4:4|4:5|4:8|4:9|5:0|5:1|5:2|5:4|5:8|5:9|6:1|6:2|6:3|6:4,2121
1438,3166,0.6442535633908477,1.0,1.0,0.0,1.0,79,death,0,1,monster,0,29,23,0:0|0:1|0:2|0:4|1:2|1:4|2:2|2:3|2:4|3:2|3:4|4:2|4:4|5:0|5:1|5:2|5:4|6:0|6:1|6:2|6:3|6:4|7:0,2121
1439,3167,0.6440060015003751,0.0,0.0,0.0,0.0,20,death,0,1,monster,0,13,10,0:0|1:0|1:2|2:0|2:2|3:0|3:1|3:2|4:2|5:2,2121
1440,3168,0.6437584396099025,3.0,3.0,0.0,3.0,174,victory,1,0,,0,56,39,0:0|0:1|0:2|0:5|0:6|0:7|1:0|1:2|1:4|1:6|1:7|1:8|2:2|2:3|2:4|2:6|2:8|2:9|3:1|3:2|3:4|3:5|3:6|3:9|4:2|4:3|4:4|4:5|4:8|4:9|5:1|5:2|5:8|5:9|6:1|6:2|6:8|7:8|8:8,2121
1441,3169,0.6435108777194298,3.0,3.0,0.0,3.0,164,victory,1,0,,0,51,44,0:0|0:1|0:2|0:4|0:5|0:6|0:7|0:8|0:9|1:2|1:6|1:7|1:8|1:9|2:2|2:6|2:8|2:9|3:0|3:1|3:2|3:6|3:8|3:9|4:2|4:4|4:5|4:6|4:7|4:8|4:9|5:1|5:2|5:4|5:8|5:9|6:1|6:2|6:3|6:4|6:8|6:9|7:8|8:8,2121
1442,3170,0.6432633158289572,3.0,3.0,0.0,3.0,85,victory,1,0,,0,50,43,0:0|0:1|0:2|0:7|1:0|1:2|1:6|1:7|2:2|2:6|3:2|3:6|4:2|4:4|4:6|5:1|5:2|5:4|5:6|6:0|6:1|6:2|6:3|6:4|6:6|6:7|6:8|7:0|7:3|7:8|8:0|8:8|8:9|9:0|9:1|9:2|9:3|9:4|9:5|9:6|9:7|9:8|9:9,2121
1443,3171,0.6430157539384846,1.0,1.0,0.0,1.0,139,death,0,1,monster,0,48,28,0:0|0:1|0:2|0:4|0:5|0:6|1:2|1:4|2:2|2:3|2:4|2:6|3:1|3:2|3:4|3:5|3:6|4:2|4:3|4:4|4:5|4:6|5:1|5:2|5:4|6:1|6:2|6:4,2121
1444,3172,0.6427681920480119,1.0,1.0,0.0,1.0,48,death,0,1,monster,0,24,14,0:0|0:1|0:2|1:2|2:2|2:3|3:1|3:2|4:2|5:1|5:2|6:0|6:1|6:2,2121
1445,3173,0.6425206301575395,1.0,1.0,0.0,1.0,190,death,0,1,monster,0,52,25,0:0|0:1|0:2|1:2|1:4|2:2|2:3|2:4|3:1|3:2|3:4|3:5|4:2|4:3|4:4|4:5|5:0|5:1|5:2|5:4|6:0|6:1|6:2|6:3|6:4,2121
1446,3174,0.6422730682670668,0.0,0.0,0.0,0.0,20,death,0,1,monster,0,8,8,0:0|0:1|0:2|1:0|1:2|2:2|3:2|4:2,2121
1447,3175,0.6420255063765941,2.0,2.0,0.0,2.0,212,death,0,1,monster,0,54,42,0:0|0:1|0:2|0:4|0:5|0:6|0:7|0:8|1:2|1:4|1:6|1:7|1:8|2:2|2:3|2:4|2:8|3:0|3:1|3:2|3:4|3:5|3:8|3:9|4:2|4:3|4:4|4:5|4:8|4:9|5:1|5:2|5:8|5:9|6:1|6:2|6:3|6:7|6:8|6:9|7:8|8:8,2121
1448,3176,0.6417779444861216,3.0,3.0,0.0,3.0,174,victory,1,0,,0,56,46,0:0|0:1|0:2|0:4|0:5|0:6|0:7|0:8|0:9|1:2|1:4|1:9|2:2|2:4|2:9|3:2|3:4|3:5|3:6|3:8|3:9|4:2|4:3|4:4|4:5|4:6|4:7|4:8|5:0|5:1|5:2|5:4|5:6|5:8|5:9|6:0|6:1|6:2|6:3|6:4|6:8|6:9|7:0|7:8|7:9|8:8,2121
1449,3177,0.6415303825956489,3.0,3.0,0.0,3.0,190,victory,1,0,,0,61,49,0:0|0:1|0:2|0:7|1:2|1:6|1:7|2:2|2:4|2:6|3:2|3:4|3:6|4:2|4:3|4:4|4:5|4:6|4:7|4:9|5:0|5:1|5:2|5:4|5:6|5:8|5:9|6:0|6:1|6:2|6:3|6:4|6:6|6:7|6:8|6:9|7:0|7:3|7:8|7:9|8:3|8:8|8:9|9:3|9:4|9:5|9:6|9:7|9:8,2121
1450,3178,0.6412828207051763,2.0,2.0,0.0,2.0,98,death,0,1,monster,0,35,26,0:0|0:1|0:2|0:4|0:5|0:6|0:7|1:2|1:4|1:6|2:2|2:3|2:4|2:6|3:2|4:2|4:3|5:0|5:1|5:2|6:0|6:1|6:2|6:3|7:0|8:0,2121
1451,3179,0.6410352588147037,3.0,3.0,0.0,3.0,77,victory,1,0,,0,41,39,0:0|0:1|0:2|0:7|0:8|1:0|1:2|1:7|1:8|1:9|2:2|2:9|3:2|3:9|4:2|4:9|5:1|5:2|5:8|5:9|6:0|6:1|6:2|6:8|6:9|7:0|7:8|7:9|8:0|8:7|8:8|9:0|9:1|9:2|9:3|9:4|9:5|9:6|9:7,2121
1452,3180,0.640787696924231,1.0,1.0,0.0,1.0,83,death,0,1,monster,0,37,20,0:0|0:1|0:2|0:4|1:2|1:4|2:2|2:3|2:4|3:2|3:4|4:2|4:3|4:4|5:0|5:1|5:2|6:0|6:1|6:2,2121
1453,3181,0.6405401350337585,3.0,3.0,0.0,3.0,188,victory,1,0,,0,63,41,0:0|0:1|0:2|0:4|0:5|0:6|0:7|0:8|0:9|1:2|1:4|1:6|1:7|1:8|1:9|2:2|2:3|2:4|2:8|2:9|3:1|3:2|3:4|3:9|4:2|4:3|4:9|5:0|5:1|5:2|5:9|6:0|6:1|6:2|6:3|6:4|6:8|6:9|7:0|7:8|8:8,2121
1454,3182,0.6402925731432858,2.0,2.0,0.0,2.0,161,death,0,1,monster,0,62,53,0:0|0:1|0:2|0:7|1:2|1:6|1:7|2:2|2:3|2:4|2:6|3:1|3:2|3:4|3:5|3:6|4:2|4:3|4:4|4:5|4:6|4:7|5:0|5:1|5:2|5:4|5:6|6:0|6:1|6:2|6:3|6:4|6:6|6:7|6:8|6:9|7:0|7:8|7:9|8:0|8:1|8:2|8:3|8:4|8:7|8:8|8:9|9:4|9:5|9:6|9:7|9:8|9:9,2122
1455,3183,0.6400450112528132,3.0,3.0,0.0,3.0,88,victory,1,0,,0,43,38,0:0|0:1|0:2|0:4|0:5|0:6|0:7|0:8|1:2|1:4|1:8|2:2|2:3|2:4|2:8|2:9|3:2|3:4|3:5|3:8|3:9|4:2|4:4|4:5|4:8|5:1|5:2|5:4|5:8|6:0|6:1|6:2|6:3|6:4|6:8|6:9|7:8|8:8,2122
1456,3184,0.6397974493623406,3.0,3.0,0.0,3.0,153,victory,1,0,,0,68,45,0:0|0:1|0:2|0:4|0:5|0:6|0:7|1:0|1:2|1:4|1:7|1:8|2:2|2:3|2:4|2:8|2:9|3:1|3:2|3:4|3:5|3:6|3:9|4:2|4:3|4:4|4:5|4:6|4:7|4:8|4:9|5:0|5:1|5:2|5:8|5:9|6:0|6:1|6:2|6:8|6:9|7:0|7:8|7:9|8:8,2122
1457,3185,0.6395498874718679,2.0,2.0,0.0,2.0,80,death,0,1,monster,0,39,33,0:0|0:1|0:2|0:4|0:5|0:6|0:7|0:8|1:2|1:4|1:8|1:9|2:2|2:3|2:4|3:2|4:2|4:3|4:4|5:0|5:1|5:2|5:4|6:0|6:1|6:2|6:3|6:4|7:3|8:3|8:4|9:3|9:4,2122
1458,3186,0.6393023255813954,0.0,0.0,0.0,0.0,56,death,0,1,monster,0,23,17,0:0|1:0|2:0|2:2|2:3|3:0|3:1|3:2|3:5|3:6|4:2|4:3|4:4|4:5|4:6|4:7|4:8,2123
1459,3187,0.6390547636909227,1.0,1.0,0.0,1.0,38,death,0,1,monster,0,21,15,0:0|0:1|0:2|1:0|1:2|2:2|2:3|3:2|4:2|4:3|4:4|5:1|5:2|6:0|6:1,2123
1460,3188,0.63880720180045,2.0,2.0,0.0,2.0,205,death,0,1,monster,0,54,30,0:0|0:1|0:2|0:4|0:5|0:6|0:7|0:8|1:2|1:4|1:6|1:7|2:2|2:4|2:6|3:0|3:1|3:2|3:4|4:2|4:3|4:4|5:0|5:1|5:2|6:0|6:1|6:2|6:3|7:0,2124
1461,3189,0.6385596399099775,1.0,1.0,0.0,1.0,53,death,0,1,monster,0,19,14,0:0|0:1|0:2|1:2|2:2|3:2|4:2|5:0|5:1|5:2|6:0|6:1|6:2|7:0,2124
1462,3190,0.6383120780195048,2.0,2.0,0.0,2.0,137,death,0,1,monster,0,36,29,0:0|0:4|0:5|0:6|0:7|1:0|1:4|1:6|1:7|1:8|2:0|2:2|2:3|2:4|2:8|2:9|3:0|3:1|3:2|3:9|4:2|4:9|5:0|5:1|5:2|6:0|6:1|6:2|7:0,2124
1463,3191,0.6380645161290323,1.0,1.0,0.0,1.0,59,death,0,1,monster,0,27,15,0:0|0:1|0:2|1:2|2:2|3:2|4:2|5:0|5:1|5:2|6:0|6:1|6:2|7:0|8:0,2124
1464,3192,0.6378169542385597,1.0,1.0,0.0,1.0,126,death,0,1,monster,0,38,30,0:0|0:1|0:2|1:0|2:0|3:0|3:1|3:2|4:2|5:0|5:1|5:2|6:0|6:1|6:2|7:0|7:3|8:0|8:2|8:3|8:4|8:7|9:0|9:1|9:2|9:3|9:4|9:5|9:6|9:7,2125
1465,3193,0.637569392348087,3.0,3.0,0.0,3.0,158,victory,1,0,,0,47,32,0:0|0:1|0:2|0:4|0:5|0:6|0:7|1:2|1:4|1:6|1:7|1:8|2:2|2:3|2:4|2:8|3:0|3:1|3:2|3:8|4:2|4:8|5:1|5:2|5:8|6:0|6:1|6:7|6:8|7:8|7:9|8:8,2125
1466,3194,0.6373218304576145,3.0,3.0,0.0,3.0,222,victory,1,0,,0,49,46,0:0|0:1|0:2|0:6|0:7|1:2|1:6|2:2|2:6|3:2|3:6|4:2|4:6|5:0|5:1|5:2|5:6|6:0|6:1|6:6|6:7|6:8|7:0|7:5|7:6|7:8|7:9|8:0|8:1|8:2|8:3|8:4|8:5|8:7|8:8|8:9|9:0|9:1|9:2|9:3|9:4|9:5|9:6|9:7|9:8|9:9,2125
1467,3195,0.6370742685671418,3.0,3.0,0.0,3.0,120,victory,1,0,,0,46,39,0:0|0:1|0:2|0:4|0:5|0:6|0:7|0:8|0:9|1:0|1:2|1:4|1:9|2:0|2:2|2:3|2:4|2:8|2:9|3:0|3:1|3:2|3:8|3:9|4:2|4:8|4:9|5:0|5:1|5:2|5:9|6:1|6:2|6:9|7:8|7:9|8:8|8:9|9:9,2125
1468,3196,0.6368267066766692,2.0,2.0,0.0,2.0,175,death,0,1,monster,0,61,31,0:0|0:1|0:2|0:4|0:5|0:6|0:7|0:8|0:9|1:2|1:4|1:6|1:7|1:8|1:9|2:2|2:3|2:4|2:6|2:8|2:9|3:2|3:6|4:2|4:6|4:7|4:8|5:1|5:2|5:8|6:1,2125
1469,3197,0.6365791447861966,2.0,2.0,0.0,2.0,154,death,0,1,monster,0,46,28,0:0|0:1|0:2|0:4|0:5|0:6|0:7|0:8|0:9|1:2|1:4|1:6|1:7|1:8|1:9|2:2|2:3|2:4|2:9|3:0|3:1|3:2|4:2|5:1|5:2|6:1|6:2|6:3,2125
1470,3198,0.6363315828957239,2.0,2.0,0.0,2.0,138,death,0,1,monster,0,47,25,0:0|0:1|0:2|0:4|0:5|0:6|0:7|1:2|1:4|2:2|2:3|2:4|3:0|3:1|3:2|3:4|4:2|4:3|4:4|5:0|5:1|5:2|5:4|6:1|6:2,2125
1471,3199,0.6360840210052514,3.0,3.0,0.0,3.0,85,victory,1,0,,0,43,40,0:0|0:1|0:2|0:6|0:7|1:2|1:6|2:2|2:3|2:6|3:2|3:6|4:2|4:6|5:0|5:1|5:2|5:6|6:0|6:1|6:6|6:7|6:8|7:0|7:8|8:0|8:1|8:2|8:3|8:4|8:7|8:8|9:0|9:1|9:2|9:3|9:4|9:5|9:6|9:7,2125
1472,3200,0.6358364591147787,3.0,3.0,0.0,3.0,177,victory,1,0,,0,59,49,0:0|0:1|0:2|0:4|0:5|0:6|0:7|0:8|1:2|1:4|1:6|1:7|1:8|1:9|2:2|2:3|2:4|2:6|2:8|2:9|3:2|3:4|3:8|3:9|4:2|4:3|4:4|4:5|4:7|4:8|4:9|5:1|5:2|5:8|5:9|6:0|6:1|6:2|6:3|6:8|6:9|7:0|7:3|7:8|8:2|8:3|8:4|8:8|9:4,2125
1473,3201,0.635588897224306,0.0,0.0,0.0,0.0,20,death,0,1,monster,0,11,9,0:0|0:1|0:2|1:2|2:2|3:0|3:1|3:2|4:2,2125
1474,3202,0.6353413353338334,1.0,1.0,0.0,1.0,183,death,0,1,monster,0,31,20,0:0|0:1|0:2|1:2|2:0|2:2|2:3|2:4|3:0|3:1|3:2|4:2|4:3|5:0|5:1|5:2|6:0|6:1|6:2|7:0,2125
1475,3203,0.6350937734433608,2.0,2.0,0.0,2.0,132,death,0,1,monster,0,37,26,0:0|0:1|0:2|0:4|0:5|0:6|0:7|0:8|1:2|1:4|1:7|2:2|2:3|2:4|3:1|3:2|3:4|4:2|4:3|5:0|5:1|5:2|6:0|6:1|6:2|6:3,2125
1476,3204,0.6348462115528882,0.0,0.0,0.0,0.0,14,death,0,1,monster,0,12,8,0:0|0:1|0:2|1:2|2:2|2:3|3:1|3:2,2125
1477,3205,0.6345986496624156,3.0,3.0,0.0,3.0,110,victory,1,0,,0,48,35,0:0|0:4|0:5|0:6|0:7|1:0|1:4|1:6|1:7|2:0|2:4|2:6|3:0|3:1|3:2|3:4|3:5|3:6|4:2|4:3|4:4|4:5|4:6|4:7|4:8|4:9|5:1|5:2|5:9|6:1|6:2|6:9|7:8|7:9|8:8,2125
1478,3206,0.6343510877719429,3.0,3.0,0.0,3.0,214,victory,1,0,,0,54,40,0:0|0:4|0:5|0:6|0:7|1:0|1:4|1:6|1:7|1:8|2:0|2:2|2:3|2:4|2:6|3:0|3:1|3:2|3:5|3:6|4:2|4:3|4:4|4:5|4:6|4:7|4:8|4:9|5:0|5:1|5:2|5:4|5:6|5:9|6:1|6:8|6:9|7:8|7:9|8:8,2126
1479,3207,0.6341035258814705,3.0,3.0,0.0,3.0,146,victory,1,0,,0,58,48,0:0|0:1|0:4|0:5|0:6|0:7|1:0|1:4|1:6|2:0|2:2|2:3|2:4|2:6|2:8|2:9|3:0|3:1|3:2|3:4|3:5|3:6|3:8|3:9|4:2|4:4|4:5|4:6|4:7|4:8|4:9|5:1|5:2|5:4|5:6|5:8|5:9|6:0|6:1|6:2|6:3|6:4|6:7|6:8|6:9|7:3|7:8|8:8,2126
1480,3208,0.6338559639909978,2.0,2.0,0.0,2.0,150,death,0,1,monster,0,59,46,0:0|0:1|0:2|0:4|0:5|0:6|0:7|0:8|1:0|1:2|1:4|1:6|1:7|1:8|1:9|2:0|2:2|2:3|2:4|2:8|2:9|3:0|3:1|3:2|3:5|3:6|3:9|4:2|4:3|4:4|4:5|4:6|4:7|4:8|4:9|5:1|5:2|5:6|5:9|6:0|6:1|6:2|6:6|6:7|6:8|7:0,2126
1481,3209,0.6336084021005252,3.0,3.0,0.0,3.0,220,victory,1,0,,0,82,58,0:0|0:1|0:2|0:6|0:7|0:9|1:2|1:6|1:7|1:8|1:9|2:2|2:3|2:4|2:6|2:8|2:9|3:1|3:2|3:4|3:5|3:6|3:8|3:9|4:2|4:3|4:4|4:5|4:6|4:7|4:8|4:9|5:0|5:1|5:2|5:8|5:9|6:0|6:1|6:2|6:8|7:0|7:8|7:9|8:0|8:1|8:2|8:3|8:4|8:7|8:8|8:9|9:4|9:5|9:6|9:7|9:8|9:9,2130
1482,3210,0.6333608402100526,3.0,3.0,0.0,3.0,155,victory,1,0,,0,58,42,0:0|0:1|0:2|0:4|0:5|0:6|0:7|0:8|0:9|1:2|1:4|1:7|1:8|1:9|2:2|2:3|2:4|2:8|2:9|3:2|3:8|3:9|4:2|4:3|4:6|4:7|4:8|4:9|5:1|5:2|5:6|5:8|5:9|6:1|6:6|6:7|6:8|6:9|7:5|7:6|7:8|8:8,2130
1483,3211,0.6331132783195799,0.0,0.0,0.0,0.0,19,death,0,1,monster,0,11,9,0:0|0:1|0:2|1:2|2:2|3:2|4:2|4:3|4:4,2130
1484,3212,0.6328657164291073,1.0,1.0,0.0,1.0,61,death,0,1,monster,0,21,15,0:0|0:1|0:2|1:2|2:2|2:3|3:2|4:2|5:0|5:1|5:2|6:0|6:1|6:2|7:0,2130
1485,3213,0.6326181545386347,3.0,3.0,0.0,3.0,155,victory,1,0,,0,51,41,0:0|0:1|0:2|0:4|0:5|0:6|0:7|1:2|1:4|1:7|1:8|1:9|2:2|2:3|2:4|2:8|3:1|3:2|3:4|3:5|3:8|4:2|4:3|4:4|4:8|5:0|5:1|5:2|5:4|5:8|5:9|6:0|6:1|6:2|6:3|6:4|6:7|6:8|6:9|7:8|8:8,2131
1486,3214,0.632370592648162,1.0,1.0,0.0,1.0,28,death,0,1,monster,0,19,15,0:0|0:1|0:2|1:2|2:2|3:2|4:2|5:1|5:2|6:1|6:2|6:3|6:4|7:3|8:3,2131
1487,3215,0.6321230307576894,2.0,2.0,0.0,2.0,136,death,0,1,monster,0,50,36,0:0|0:4|0:5|0:6|0:7|1:0|1:4|1:6|1:7|2:0|2:2|2:3|2:4|2:6|3:0|3:1|3:2|3:4|3:5|3:6|4:2|4:4|4:5|4:6|4:7|5:0|5:1|5:2|5:6|6:0|6:1|6:2|6:3|6:6|7:0|7:3,2131
1488,3216,0.6318754688672168,3.0,3.0,0.0,3.0,138,victory,1,0,,0,65,46,0:0|0:1|0:2|0:6|0:7|1:0|1:2|1:6|2:0|2:2|2:3|2:4|2:6|3:0|3:1|3:2|3:6|4:2|4:6|5:0|5:1|5:2|5:6|6:0|6:1|6:6|6:7|6:8|7:0|7:5|7:8|8:0|8:2|8:3|8:4|8:5|8:7|8:8|9:0|9:1|9:2|9:5|9:6|9:7|9:8|9:9,2131
1489,3217,0.6316279069767442,3.0,3.0,0.0,3.0,131,victory,1,0,,0,44,36,0:0|0:1|0:2|0:7|1:2|1:6|1:7|1:8|2:2|2:6|3:2|3:6|4:2|4:6|4:7|5:0|5:1|5:2|5:6|6:0|6:1|6:2|6:3|6:6|6:7|6:8|7:3|7:8|8:3|8:4|8:7|8:8|9:4|9:5|9:6|9:7,2134
1490,3218,0.6313803450862716,3.0,3.0,0.0,3.0,81,victory,1,0,,0,43,37,0:0|0:4|0:5|0:6|0:7|0:8|0:9|1:0|1:4|1:8|1:9|2:0|2:4|2:8|2:9|3:0|3:1|3:2|3:4|3:5|3:6|3:9|4:2|4:3|4:4|4:5|4:9|5:1|5:2|5:9|6:1|6:2|6:7|6:8|6:9|7:8|8:8,2134
1491,3219,0.6311327831957989,2.0,2.0,0.0,2.0,86,death,0,1,monster,0,38,33,0:0|1:0|2:0|3:0|3:1|3:2|4:2|4:5|4:6|5:1|5:2|5:6|6:0|6:1|6:2|6:6|6:7|6:8|7:0|7:8|8:0|8:1|8:2|8:7|8:8|9:0|9:1|9:2|9:3|9:4|9:5|9:6|9:7,2134
1492,3220,0.6308852213053264,3.0,3.0,0.0,3.0,193,victory,1,0,,0,43,38,0:0|0:1|0:2|0:4|0:5|0:6|0:7|1:2|1:4|1:6|1:7|1:8|1:9|2:2|2:3|2:4|2:8|2:9|3:2|3:8|3:9|4:2|4:8|4:9|5:0|5:1|5:2|5:8|5:9|6:0|6:1|6:2|6:8|7:0|7:8|8:0|8:8|9:0,2134
1493,3221,0.6306376594148537,3.0,3.0,0.0,3.0,110,victory,1,0,,0,49,42,0:0|0:4|0:5|0:6|0:7|0:8|0:9|1:0|1:4|1:7|1:9|2:0|2:2|2:3|2:4|2:9|3:0|3:1|3:2|3:4|3:5|3:6|3:9|4:2|4:3|4:4|4:5|4:6|4:7|4:9|5:1|5:2|5:8|5:9|6:1|6:2|6:6|6:7|6:8|6:9|7:8|8:8,2134
1494,3222,0.630390097524381,2.0,2.0,0.0,2.0,176,death,0,1,monster,0,56,38,0:0|0:1|0:2|0:4|0:5|0:6|0:7|0:8|0:9|1:2|1:4|1:6|1:7|2:2|2:3|2:4|2:6|2:9|3:2|3:6|3:9|4:2|4:6|4:7|4:8|4:9|5:0|5:1|5:2|5:6|5:8|5:9|6:1|6:2|6:6|6:7|6:8|6:9,2134
1495,3223,0.6301425356339085,1.0,1.0,0.0,1.0,66,death,0,1,monster,0,28,23,0:0|0:1|0:2|0:4|0:5|0:6|1:0|1:2|1:4|2:2|2:4|3:2|3:4|4:2|4:3|4:4|5:0|5:1|5:2|6:0|6:1|6:2|7:0,2134
1496,3224,0.6298949737434358,3.0,3.0,0.0,3.0,116,victory,1,0,,0,46,42,0:0|0:1|0:2|0:6|0:7|1:2|1:6|2:2|2:6|3:2|3:6|4:2|4:6|5:0|5:1|5:2|5:6|6:0|6:1|6:2|6:3|6:4|6:6|6:7|6:8|6:9|7:3|7:8|8:1|8:2|8:3|8:4|8:5|8:7|8:8|8:9|9:2|9:3|9:4|9:5|9:6|9:7,2134
1497,3225,0.6296474118529632,2.0,2.0,0.0,2.0,162,death,0,1,monster,0,46,34,0:0|0:1|0:2|0:4|0:5|0:6|0:7|0:8|0:9|1:0|1:2|1:4|1:7|1:8|1:9|2:0|2:2|2:3|2:4|2:8|3:0|3:1|3:2|3:4|3:5|3:8|4:2|4:3|4:8|5:0|5:1|5:2|6:1|6:2,2134
1498,3226,0.6293998499624907,2.0,2.0,0.0,2.0,101,death,0,1,monster,0,35,33,0:0|0:1|0:2|0:4|0:5|0:6|0:7|0:8|0:9|1:0|1:2|1:4|1:7|1:8|2:2|2:3|2:4|2:8|2:9|3:2|3:4|3:8|3:9|4:2|4:4|5:1|5:2|5:4|6:1|6:2|6:3|6:4|7:3,2134
1499,3227,0.629152288072018,0.0,0.0,0.0,0.0,21,death,0,1,monster,0,10,8,0:0|0:1|0:2|1:2|2:2|2:3|3:2|4:2,2134
1500,3228,0.6289047261815454,3.0,3.0,0.0,3.0,68,victory,1,0,,0,42,34,0:0|0:1|0:2|0:4|0:5|0:6|0:7|1:2|1:4|1:7|1:8|2:2|2:3|2:4|2:8|2:9|3:1|3:2|3:8|3:9|4:2|4:7|4:8|4:9|5:0|5:1|5:2|5:8|5:9|6:1|6:2|6:8|7:8|8:8,2134
1501,3229,0.6286571642910728,3.0,3.0,0.0,3.0,76,victory,1,0,,0,45,42,0:0|0:7|0:8|1:0|1:6|1:7|1:8|1:9|2:0|2:2|2:6|2:8|2:9|3:0|3:1|3:2|3:4|3:6|3:8|4:2|4:4|4:5|4:6|4:7|4:8|4:9|5:1|5:2|5:4|5:9|6:1|6:2|6:3|6:4|6:7|6:8|6:9|7:8|7:9|8:8|8:9|9:9,2134
1502,3230,0.6284096024006002,3.0,3.0,0.0,3.0,177,victory,1,0,,0,63,42,0:0|0:1|0:2|0:4|0:5|0:6|0:7|1:0|1:2|1:4|1:6|1:7|1:8|2:0|2:2|2:3|2:4|2:6|3:0|3:1|3:2|3:4|3:5|3:6|4:2|4:3|4:5|4:6|4:7|5:1|5:2|5:6|6:1|6:2|6:6|6:7|6:8|6:9|7:6|7:8|7:9|8:8,2134
1503,3231,0.6281620405101276,3.0,3.0,0.0,3.0,83,victory,1,0,,0,39,34,0:0|0:1|0:2|0:4|0:5|0:6|0:7|0:8|1:2|1:4|1:6|1:7|1:8|1:9|2:2|2:4|2:9|3:2|3:4|3:9|4:2|4:3|4:4|4:9|5:0|5:1|5:2|5:4|5:9|6:1|6:8|6:9|7:8|8:8,2134
1504,3232,0.6279144786196549,3.0,3.0,0.0,3.0,135,victory,1,0,,0,53,42,0:0|0:1|0:2|0:4|0:5|0:6|0:7|0:8|1:0|1:2|1:4|1:6|2:0|2:2|2:3|2:4|2:6|3:2|3:4|3:5|3:6|3:8|4:2|4:4|4:5|4:6|4:7|4:8|5:2|5:4|5:8|6:1|6:2|6:3|6:4|6:7|6:8|6:9|7:8|7:9|8:8|8:9,2134
1505,3233,0.6276669167291823,0.0,0.0,0.0,0.0,13,death,0,1,monster,0,8,7,0:0|0:1|0:2|1:2|2:2|2:3|3:2,2134
1506,3234,0.6274193548387097,3.0,3.0,0.0,3.0,123,victory,1,0,,0,53,40,0:0|0:1|0:2|0:4|0:5|0:6|0:7|1:2|1:4|1:7|1:8|2:2|2:3|2:4|2:8|2:9|3:1|3:2|3:4|3:8|3:9|4:2|4:3|4:4|4:7|4:8|4:9|5:1|5:2|5:4|5:8|5:9|6:1|6:2|6:3|6:4|6:9|7:8|7:9|8:8,2134
1507,3235,0.627171792948237,1.0,1.0,0.0,1.0,15,death,0,1,monster,0,11,11,0:0|1:0|2:0|3:0|3:1|3:2|4:2|5:1|5:2|6:1|6:2,2134
1508,3236,0.6269242310577645,3.0,3.0,0.0,3.0,237,victory,1,0,,0,61,44,0:0|0:1|0:2|0:4|0:5|0:6|0:7|1:2|1:4|1:6|1:7|1:8|2:2|2:3|2:4|2:6|2:8|3:2|3:4|3:5|3:6|3:8|4:2|4:3|4:4|4:5|4:6|4:7|4:8|4:9|5:0|5:1|5:2|5:4|5:6|5:9|6:0|6:1|6:2|6:4|6:9|7:8|7:9|8:8,2134
1509,3237,0.6266766691672918,3.0,3.0,0.0,3.0,138,victory,1,0,,0,55,39,0:0|0:1|0:2|0:4|0:5|0:6|0:7|1:0|1:2|1:4|1:6|1:7|1:8|1:9|2:0|2:2|2:3|2:4|2:9|3:0|3:1|3:2|3:4|3:9|4:2|4:3|4:9|5:0|5:1|5:2|5:8|5:9|6:0|6:1|6:2|6:8|6:9|7:8|8:8,2134
1510,3238,0.6264291072768192,2.0,2.0,0.0,2.0,104,death,0,1,monster,0,41,33,0:0|0:4|0:5|0:6|0:7|1:0|1:4|1:6|2:0|2:2|2:3|2:4|2:6|3:0|3:1|3:2|3:5|3:6|4:2|4:3|4:4|4:5|4:6|4:7|4:8|4:9|5:0|5:1|5:2|5:4|5:9|6:1|6:2,2134
1511,3239,0.6261815453863466,0.0,0.0,0.0,0.0,60,death,0,1,monster,0,20,19,0:0|0:1|0:2|1:2|2:0|2:2|3:0|3:1|3:2|4:2|4:3|4:4|4:5|5:2|5:4|6:2|6:3|6:4|7:3,2134
1512,3240,0.6259339834958739,3.0,3.0,0.0,3.0,102,victory,1,0,,0,41,35,0:0|0:1|0:2|0:4|0:5|0:6|0:7|1:0|1:2|1:4|1:6|1:7|2:0|2:2|2:3|2:4|2:6|3:0|3:1|3:2|3:6|4:2|4:6|5:0|5:1|5:2|5:6|6:0|6:1|6:6|6:7|6:8|6:9|7:8|8:8,2134
1513,3241,0.6256864216054013,2.0,2.0,0.0,2.0,117,death,0,1,monster,0,51,39,0:0|0:1|0:2|0:4|0:5|0:6|0:7|0:8|0:9|1:2|1:4|1:7|1:8|1:9|2:2|2:3|2:4|2:9|3:1|3:2|3:6|3:8|3:9|4:2|4:3|4:4|4:6|4:7|4:8|4:9|5:1|5:2|5:6|5:8|5:9|6:1|6:2|6:6|6:7,2134
1514,3242,0.6254388597149287,3.0,3.0,0.0,3.0,140,victory,1,0,,0,46,36,0:0|0:1|0:2|0:4|0:5|0:6|0:7|1:2|1:4|1:6|1:7|2:2|2:3|2:4|2:6|3:1|3:2|3:5|3:6|3:8|4:2|4:5|4:6|4:7|4:8|4:9|5:1|5:2|5:8|5:9|6:1|6:2|6:8|6:9|7:8|8:8,2134
1515,3243,0.6251912978244561,1.0,1.0,0.0,1.0,65,death,0,1,monster,0,26,17,0:0|0:1|0:2|1:0|1:2|2:0|2:2|2:3|2:4|3:0|3:1|3:2|3:4|4:2|5:2|6:1|6:2,2134
1516,3244,0.6249437359339836,0.0,0.0,0.0,0.0,14,death,0,1,monster,0,13,11,0:0|0:1|0:2|1:2|2:2|3:2|4:2|4:3|5:1|5:2|6:2,2134
1517,3245,0.6246961740435109,2.0,2.0,0.0,2.0,163,death,0,1,monster,0,55,41,0:0|0:4|0:5|0:6|0:7|0:8|1:0|1:4|1:6|1:7|1:8|1:9|2:0|2:2|2:3|2:4|2:6|2:8|2:9|3:0|3:1|3:2|3:4|3:5|3:6|3:8|3:9|4:2|4:5|4:6|4:7|4:8|4:9|5:0|5:1|5:2|5:9|6:1|6:2|6:8|6:9,2134
1518,3246,0.6244486121530383,2.0,2.0,0.0,2.0,97,death,0,1,monster,0,37,31,0:0|0:1|0:2|0:4|0:5|0:6|0:7|1:2|1:4|1:6|1:7|2:2|2:3|2:4|2:6|3:2|3:5|3:6|3:8|4:2|4:5|4:6|4:7|4:8|5:0|5:1|5:2|5:6|6:0|6:1|6:2,2134
1519,3247,0.6242010502625657,0.0,0.0,0.0,0.0,36,death,0,1,monster,0,14,12,0:0|0:1|1:0|2:0|3:0|3:1|3:2|4:2|5:1|5:2|6:2|6:3,2134
1520,3248,0.623953488372093,1.0,1.0,0.0,1.0,32,death,0,1,monster,0,18,16,0:0|0:1|0:2|1:2|2:2|2:3|3:2|4:2|4:3|4:4|4:5|4:6|5:1|5:2|6:1|6:2,2134
1521,3249,0.6237059264816204,3.0,3.0,0.0,3.0,66,victory,1,0,,0,36,31,0:0|0:4|0:5|0:6|0:7|1:0|1:4|1:7|1:8|2:0|2:2|2:3|2:4|2:8|3:0|3:1|3:2|3:8|3:9|4:2|4:9|5:0|5:1|5:2|5:9|6:1|6:2|6:9|7:8|7:9|8:8,2134
1522,3250,0.6234583645911478,0.0,0.0,0.0,0.0,74,death,0,1,monster,0,19,13,0:0|1:0|2:0|2:2|3:0|3:1|3:2|4:2|4:3|5:0|5:1|5:2|6:0,2135
1523,3251,0.6232108027006752,2.0,2.0,0.0,2.0,202,death,0,1,monster,0,61,36,0:0|0:1|0:2|0:4|0:5|0:6|0:7|0:8|0:9|1:2|1:4|1:6|1:7|1:9|2:0|2:2|2:3|2:4|2:6|3:0|3:1|3:2|3:4|3:5|3:6|4:2|4:3|4:4|4:5|4:6|5:1|5:2|5:6|6:1|6:2|6:3,2135
1524,3252,0.6229632408102026,3.0,3.0,0.0,3.0,102,victory,1,0,,0,41,36,0:0|0:1|0:2|0:4|0:5|0:6|0:7|0:8|1:2|1:4|1:8|2:2|2:3|2:4|2:8|2:9|3:1|3:2|3:8|3:9|4:2|4:3|4:9|5:0|5:1|5:2|5:9|6:0|6:1|6:2|6:3|6:9|7:0|7:8|7:9|8:8,2135
1525,3253,0.6227156789197299,3.0,3.0,0.0,3.0,137,victory,1,0,,0,51,39,0:0|0:1|0:2|0:4|0:5|0:6|0:7|0:8|1:2|1:4|1:8|1:9|2:2|2:3|2:4|2:8|2:9|3:1|3:2|3:4|3:6|3:8|3:9|4:2|4:3|4:4|4:6|4:7|4:8|4:9|5:2|5:8|5:9|6:1|6:2|6:8|6:9|7:8|8:8,2135
1526,3254,0.6224681170292573,0.0,0.0,0.0,0.0,69,death,0,1,monster,0,18,13,0:0|0:1|0:2|1:2|2:2|2:3|3:1|3:2|4:2|4:3|4:4|5:2|5:4,2135
1527,3255,0.6222205551387847,0.0,0.0,0.0,0.0,9,death,0,1,monster,0,7,7,0:0|0:1|0:2|1:2|2:2|2:3|2:4,2135
1528,3256,0.6219729932483121,3.0,3.0,0.0,3.0,143,victory,1,0,,0,49,37,0:0|0:1|0:2|0:4|0:5|0:6|0:7|0:8|0:9|1:2|1:4|1:7|1:8|1:9|2:0|2:2|2:3|2:4|2:8|2:9|3:0|3:1|3:2|3:9|4:2|4:9|5:1|5:2|5:8|5:9|6:1|6:2|6:8|6:9|7:8|7:9|8:8,2135
1529,3257,0.6217254313578395,3.0,3.0,0.0,3.0,268,victory,1,0,,0,47,40,0:0|0:1|0:2|0:4|0:5|0:6|0:7|0:8|0:9|1:0|1:2|1:4|1:6|1:8|1:9|2:0|2:2|2:3|2:4|2:8|2:9|3:0|3:1|3:2|3:4|3:9|4:2|4:9|5:0|5:1|5:2|5:9|6:0|6:1|6:2|6:8|6:9|7:8|7:9|8:8,2135
1530,3258,0.6214778694673668,3.0,3.0,0.0,3.0,124,victory,1,0,,0,46,41,0:0|0:1|0:2|0:4|0:5|0:6|0:7|1:2|1:4|1:6|2:2|2:3|2:4|2:6|3:2|3:4|3:6|3:8|3:9|4:2|4:3|4:4|4:5|4:6|4:7|4:8|4:9|5:1|5:2|5:6|5:8|5:9|6:1|6:2|6:6|6:7|6:8|6:9|7:8|7:9|8:8,2135
1531,3259,0.6212303075768941,0.0,0.0,0.0,0.0,35,death,0,1,monster,0,10,9,0:0|0:1|0:2|1:0|1:2|1:4|2:2|2:3|2:4,2135
1532,3260,0.6209827456864216,1.0,1.0,0.0,1.0,62,death,0,1,monster,0,28,16,0:0|0:1|0:2|0:4|0:5|1:2|1:4|2:2|2:3|2:4|3:1|3:2|4:2|5:1|5:2|6:1,2135
1533,3261,0.6207351837959489,3.0,3.0,0.0,3.0,338,victory,1,0,,0,96,59,0:0|0:1|0:2|0:4|0:5|0:6|0:7|0:8|0:9|1:0|1:2|1:4|1:6|1:7|1:8|1:9|2:0|2:2|2:3|2:4|2:6|2:8|2:9|3:0|3:1|3:2|3:4|3:5|3:6|3:8|3:9|4:2|4:3|4:4|4:5|4:6|4:7|4:8|4:9|5:2|5:4|5:6|5:8|6:1|6:2|6:3|6:4|6:6|6:7|6:8|7:8|8:7|8:8|8:9|9:5|9:6|9:7|9:8|9:9,2149
1534,3262,0.6204876219054763,3.0,3.0,0.0,3.0,178,victory,1,0,,0,67,41,0:0|0:1|0:2|0:4|0:5|0:6|0:7|1:2|1:4|1:6|1:7|2:2|2:3|2:4|2:6|3:1|3:2|3:4|3:5|3:6|3:8|3:9|4:2|4:3|4:4|4:5|4:6|4:7|4:8|4:9|5:0|5:1|5:2|5:9|6:1|6:2|6:8|6:9|7:8|7:9|8:8,2149
1535,3263,0.6202400600150038,1.0,1.0,0.0,1.0,64,death,0,1,monster,0,27,18,0:0|0:1|0:2|1:2|2:2|2:3|2:4|3:2|3:4|3:5|4:2|4:3|4:4|4:5|5:1|5:2|6:1|6:2,2149
1536,3264,0.6199924981245312,1.0,1.0,0.0,1.0,72,death,0,1,monster,0,25,20,0:0|0:1|0:2|1:0|1:2|2:0|2:2|2:3|2:4|3:2|3:4|4:2|4:4|4:5|5:0|5:1|5:2|6:0|6:1|6:2,2149
1537,3265,0.6197449362340586,1.0,1.0,0.0,1.0,87,death,0,1,monster,0,33,31,0:0|0:1|0:2|0:4|0:5|0:6|0:7|0:8|0:9|1:2|1:4|1:7|1:8|1:9|2:2|2:3|2:4|2:8|3:4|3:8|3:9|4:7|4:8|4:9|5:8|5:9|6:8|6:9|7:8|7:9|8:8,2149
1538,3266,0.6194973743435859,2.0,2.0,0.0,2.0,71,death,0,1,monster,0,28,21,0:0|0:1|0:2|0:4|0:5|0:6|0:7|1:2|1:4|2:2|2:3|2:4|3:1|3:2|4:2|5:0|5:1|5:2|6:0|6:1|6:2,2149
1539,3267,0.6192498124531133,3.0,3.0,0.0,3.0,144,victory,1,0,,0,54,43,0:0|0:1|0:2|0:6|0:7|0:8|0:9|1:0|1:2|1:6|1:7|1:8|1:9|2:0|2:2|2:3|2:4|2:6|2:8|2:9|3:0|3:1|3:2|3:4|3:5|3:6|3:8|3:9|4:2|4:7|4:8|4:9|5:1|5:2|5:8|5:9|6:1|6:2|6:3|6:4|6:8|7:8|8:8,2149
1540,3268,0.6190022505626407,3.0,3.0,0.0,3.0,79,victory,1,0,,0,36,31,0:0|0:1|0:2|0:4|0:5|0:6|0:7|0:8|1:2|1:4|1:8|2:2|2:3|2:4|2:8|3:1|3:2|3:8|3:9|4:2|4:3|4:9|5:1|5:2|5:9|6:1|6:2|6:8|6:9|7:8|8:8,2149
1541,3269,0.618754688672168,3.0,3.0,0.0,3.0,119,victory,1,0,,0,45,37,0:0|0:2|0:4|0:5|0:6|0:7|0:8|1:0|1:2|1:4|1:6|1:8|1:9|2:0|2:2|2:3|2:4|2:6|2:8|2:9|3:0|3:1|3:2|3:8|3:9|4:2|4:8|4:9|5:1|5:2|5:9|6:1|6:2|6:8|6:9|7:8|8:8,2149
1542,3270,0.6185071267816955,1.0,1.0,0.0,1.0,51,death,0,1,monster,0,29,18,0:0|0:1|0:2|1:0|1:2|2:0|2:2|2:3|2:4|3:0|3:1|3:2|4:2|4:3|5:1|5:2|6:1|6:2,2149
1543,3271,0.6182595648912228,1.0,1.0,0.0,1.0,29,death,0,1,monster,0,18,16,0:0|1:0|2:0|2:2|3:0|3:1|3:2|4:2|4:3|5:1|5:2|5:4|6:1|6:2|6:3|6:4,2149
1544,3272,0.6180120030007501,2.0,2.0,0.0,2.0,137,death,0,1,monster,0,50,38,0:0|0:1|0:2|0:4|0:5|0:6|0:7|0:8|0:9|1:2|1:4|1:7|1:8|1:9|2:0|2:2|2:3|2:4|2:8|2:9|3:0|3:1|3:2|3:4|3:8|3:9|4:2|4:3|4:4|4:9|5:0|5:1|5:2|5:9|6:0|6:1|6:2|6:3,2149
1545,3273,0.6177644411102776,1.0,1.0,0.0,1.0,30,death,0,1,monster,0,20,16,0:0|0:1|1:0|2:0|3:0|3:1|3:2|4:2|5:0|5:1|5:2|6:0|6:1|6:2|6:3|6:4,2149
1546,3274,0.6175168792198049,1.0,1.0,0.0,1.0,23,death,0,1,monster,0,18,10,0:0|0:1|0:2|1:2|2:2|3:2|4:2|5:2|6:1|6:2,2149
1547,3275,0.6172693173293323,3.0,3.0,0.0,3.0,86,victory,1,0,,0,44,36,0:0|0:1|0:2|0:4|0:5|0:6|0:7|1:0|1:2|1:4|1:6|1:7|1:8|1:9|2:2|2:3|2:4|2:9|3:2|3:9|4:2|4:8|4:9|5:1|5:2|5:4|5:9|6:1|6:2|6:3|6:4|6:9|7:8|7:9|8:8|8:9,2149
1548,3276,0.6170217554388597,3.0,3.0,0.0,3.0,69,victory,1,0,,0,40,36,0:0|0:2|0:4|0:5|0:6|0:7|0:8|1:0|1:2|1:4|1:8|2:0|2:2|2:3|2:4|2:8|2:9|3:0|3:1|3:2|3:4|3:9|4:2|4:3|4:9|5:0|5:1|5:2|5:9|6:1|6:2|6:3|6:9|7:8|7:9|8:8,2149
1549,3277,0.616774193548387,3.0,3.0,0.0,3.0,138,victory,1,0,,0,60,43,0:0|0:1|0:2|0:4|0:5|0:6|0:7|0:8|1:2|1:4|1:6|1:7|1:8|1:9|2:2|2:3|2:4|2:6|2:8|2:9|3:1|3:2|3:6|3:8|3:9|4:2|4:5|4:6|4:7|4:8|4:9|5:1|5:2|5:8|5:9|6:1|6:2|6:6|6:7|6:8|6:9|7:8|8:8,2149
1550,3278,0.6165266316579145,0.0,0.0,0.0,0.0,35,death,0,1,monster,0,15,10,0:0|1:0|1:2|2:0|2:2|2:3|3:0|3:1|3:2|4:2,2149
1551,3279,0.6162790697674418,3.0,3.0,0.0,3.0,85,victory,1,0,,0,40,33,0:0|0:1|0:2|0:4|0:5|0:6|0:7|0:8|0:9|1:2|1:4|1:8|2:2|2:3|2:4|2:8|2:9|3:1|3:2|3:9|4:2|4:9|5:1|5:2|5:8|5:9|6:1|6:2|6:8|6:9|7:8|7:9|8:8,2149
1552,3280,0.6160315078769693,1.0,1.0,0.0,1.0,20,death,0,1,monster,0,13,13,0:0|0:1|0:2|1:2|2:2|3:1|3:2|4:2|5:1|5:2|6:1|6:2|6:3,2149
1553,3281,0.6157839459864967,3.0,3.0,0.0,3.0,86,victory,1,0,,0,41,36,0:0|0:1|0:2|0:4|0:5|0:6|0:7|0:8|1:2|1:4|1:6|1:7|1:8|1:9|2:2|2:3|2:4|2:8|2:9|3:2|3:8|3:9|4:2|4:9|5:0|5:1|5:2|5:8|5:9|6:1|6:6|6:7|6:8|7:6|7:8|8:8,2149
1554,3282,0.615536384096024,3.0,3.0,0.0,3.0,109,victory,1,0,,0,46,39,0:0|0:1|0:2|0:4|0:5|0:6|0:7|0:8|0:9|1:2|1:4|1:6|1:7|1:8|1:9|2:2|2:3|2:4|2:6|2:8|2:9|3:2|3:8|3:9|4:2|4:3|4:9|5:1|5:2|5:8|5:9|6:1|6:2|6:8|6:9|7:8|7:9|8:8|8:9,2149
1555,3283,0.6152888222055515,2.0,2.0,0.0,2.0,308,death,0,1,monster,0,89,57,0:0|0:1|0:2|0:5|0:6|0:7|0:8|0:9|1:2|1:6|1:7|1:8|1:9|2:2|2:4|2:6|2:8|2:9|3:2|3:4|3:5|3:6|3:8|4:2|4:3|4:4|4:8|4:9|5:2|5:8|5:9|6:0|6:7|6:8|6:9|7:0|7:8|7:9|8:0|8:1|8:2|8:3|8:4|8:5|8:7|8:8|8:9|9:0|9:1|9:2|9:3|9:4|9:5|9:6|9:7|9:8|9:9,2160
1556,3284,0.6150412603150788,3.0,3.0,0.0,3.0,165,victory,1,0,,0,65,52,0:0|0:1|0:2|0:4|0:5|0:6|0:7|0:8|1:2|1:4|1:6|1:7|1:8|1:9|2:2|2:3|2:4|2:6|2:8|2:9|3:0|3:1|3:2|3:5|3:6|3:8|3:9|4:2|4:3|4:4|4:5|4:6|4:8|4:9|5:1|5:2|5:4|5:8|5:9|6:1|6:2|6:3|6:4|6:8|7:3|7:8|8:2|8:3|8:8|9:1|9:2|9:3,2160
1557,3285,0.6147936984246061,2.0,2.0,0.0,2.0,71,death,0,1,monster,0,33,22,0:0|0:4|0:5|0:6|0:7|0:8|1:0|1:4|1:7|1:8|2:0|2:2|2:3|2:4|3:0|3:1|3:2|4:2|4:3|5:1|5:2|6:1,2160
1558,3286,0.6145461365341336,2.0,2.0,0.0,2.0,104,death,0,1,monster,0,48,27,0:0|0:1|0:2|0:4|0:5|0:6|0:7|1:2|1:4|1:6|1:7|2:2|2:3|2:4|3:2|3:4|3:5|3:6|4:2|4:4|4:5|4:6|5:1|5:2|6:1|6:2|6:3,2161
1559,3287,0.6142985746436609,2.0,2.0,0.0,2.0,73,death,0,1,monster,0,39,37,0:0|0:1|0:2|1:0|1:2|2:2|3:1|3:2|4:2|4:3|4:6|5:0|5:1|5:2|5:6|6:0|6:1|6:2|6:6|6:7|6:8|7:0|7:6|7:8|8:0|8:1|8:2|8:3|8:4|8:7|8:8|9:2|9:3|9:4|9:5|9:6|9:7,2162
1560,3288,0.6140510127531883,1.0,1.0,0.0,1.0,46,death,0,1,monster,0,24,16,0:0|0:1|0:2|1:2|2:2|3:1|3:2|4:2|4:3|5:0|5:1|5:2|6:1|6:2|6:3|6:4,2162
1561,3289,0.6138034508627157,3.0,3.0,0.0,3.0,149,victory,1,0,,0,54,43,0:0|0:1|0:2|0:4|0:5|0:6|0:7|0:8|0:9|1:2|1:4|1:8|1:9|2:2|2:3|2:4|2:8|2:9|3:2|3:6|3:8|3:9|4:2|4:3|4:6|4:7|4:8|4:9|5:1|5:2|5:6|5:8|5:9|6:1|6:2|6:6|6:7|6:8|6:9|7:6|7:8|7:9|8:8,2162
1562,3290,0.613555888972243,2.0,2.0,0.0,2.0,120,death,0,1,monster,0,51,27,0:0|0:1|0:2|0:4|0:5|0:6|0:7|0:8|1:2|1:4|1:8|2:2|2:3|2:4|2:8|2:9|3:1|3:2|3:4|3:8|4:2|4:3|5:1|5:2|6:1|6:2|6:3,2162
1563,3291,0.6133083270817705,1.0,1.0,0.0,1.0,32,death,0,1,monster,0,18,14,0:0|0:1|0:2|1:2|2:2|3:2|4:2|4:3|4:4|5:1|5:2|5:4|6:1|6:2,2162
1564,3292,0.6130607651912978,3.0,3.0,0.0,3.0,134,victory,1,0,,0,50,40,0:0|0:1|0:2|0:4|0:5|0:6|0:7|0:8|0:9|1:2|1:4|1:6|1:7|1:8|1:9|2:2|2:3|2:4|2:8|2:9|3:1|3:2|3:9|4:2|4:8|4:9|5:0|5:1|5:2|5:8|5:9|6:0|6:1|6:2|6:7|6:8|6:9|7:8|7:9|8:8,2163
1565,3293,0.6128132033008252,3.0,3.0,0.0,3.0,200,victory,1,0,,0,58,41,0:0|0:1|0:2|0:4|0:5|0:6|0:7|0:8|1:2|1:4|1:6|1:7|1:8|2:2|2:3|2:4|2:6|2:8|2:9|3:1|3:2|3:4|3:5|3:8|3:9|4:2|4:3|4:4|4:5|4:9|5:0|5:1|5:2|5:8|5:9|6:0|6:1|6:2|6:8|7:8|8:8,2163
1566,3294,0.6125656414103526,3.0,3.0,0.0,3.0,87,victory,1,0,,0,42,37,0:0|0:4|0:5|0:6|0:7|1:0|1:2|1:4|1:6|1:7|1:8|2:0|2:2|2:3|2:4|2:8|2:9|3:0|3:1|3:2|3:8|3:9|4:2|4:3|4:8|4:9|5:1|5:2|5:8|5:9|6:0|6:1|6:2|6:9|7:9|8:8|8:9,2163
1567,3295,0.6123180795198799,3.0,3.0,0.0,3.0,78,victory,1,0,,0,41,34,0:0|0:1|0:2|0:4|0:5|0:6|0:7|1:2|1:4|1:7|1:8|1:9|2:2|2:3|2:4|2:8|2:9|3:1|3:2|3:8|3:9|4:2|4:8|4:9|5:1|5:2|5:9|6:1|6:2|6:8|6:9|7:8|7:9|8:8,2164
1568,3296,0.6120705176294073,3.0,3.0,0.0,3.0,85,victory,1,0,,0,41,36,0:0|0:1|0:2|0:4|0:5|0:6|0:7|1:2|1:4|1:7|1:8|2:2|2:3|2:4|2:8|2:9|3:1|3:2|3:9|4:2|4:8|4:9|5:0|5:1|5:2|5:8|5:9|6:0|6:1|6:2|6:7|6:8|6:9|7:9|8:8|8:9,2164
1569,3297,0.6118229557389347,3.0,3.0,0.0,3.0,87,victory,1,0,,0,43,37,0:0|0:4|0:5|0:6|0:7|0:8|0:9|1:0|1:4|1:6|1:9|2:0|2:2|2:4|2:6|2:9|3:0|3:1|3:2|3:4|3:5|3:6|3:9|4:2|4:3|4:4|4:5|4:9|5:1|5:2|5:9|6:1|6:2|6:9|7:8|7:9|8:8,2164
1570,3298,0.611575393848462,3.0,3.0,0.0,3.0,104,victory,1,0,,0,53,39,0:0|0:1|0:2|0:4|0:5|0:6|0:7|0:8|0:9|1:2|1:4|1:7|1:8|1:9|2:2|2:3|2:4|3:0|3:1|3:2|3:4|3:5|3:6|4:2|4:4|4:5|4:6|4:7|4:8|5:1|5:2|5:8|5:9|6:1|6:2|6:9|7:8|7:9|8:8,2164
1571,3299,0.6113278319579895,3.0,3.0,0.0,3.0,95,victory,1,0,,0,46,36,0:0|0:1|0:2|0:4|0:5|0:6|0:7|0:8|0:9|1:2|1:4|1:7|1:8|2:2|2:3|2:4|2:8|2:9|3:1|3:2|3:9|4:2|4:3|4:4|4:9|5:0|5:1|5:2|5:9|6:0|6:1|6:2|6:9|7:8|7:9|8:8,2164
1572,3300,0.6110802700675169,3.0,3.0,0.0,3.0,98,victory,1,0,,0,40,32,0:0|0:4|0:5|0:6|0:7|1:0|1:4|1:7|1:8|2:0|2:2|2:3|2:4|2:8|2:9|3:0|3:1|3:2|3:9|4:2|4:3|4:9|5:0|5:1|5:2|5:9|6:1|6:2|6:9|7:8|7:9|8:8,2164
1573,3301,0.6108327081770443,3.0,3.0,0.0,3.0,154,victory,1,0,,0,49,39,0:0|0:1|0:2|0:4|0:5|0:6|0:7|0:8|1:2|1:4|1:8|2:2|2:3|2:4|2:8|3:1|3:2|3:8|3:9|4:2|4:3|4:4|4:8|4:9|5:2|5:4|5:8|5:9|6:1|6:2|6:3|6:4|6:6|6:7|6:8|6:9|7:8|7:9|8:8,2166
1574,3302,0.6105851462865717,1.0,1.0,0.0,1.0,73,death,0,1,monster,0,33,21,0:0|0:1|0:2|1:2|2:2|2:3|2:4|3:1|3:2|3:4|4:2|4:4|5:0|5:1|5:2|5:4|6:0|6:1|6:2|6:3|6:4,2166
1575,3303,0.610337584396099,2.0,2.0,0.0,2.0,245,death,0,1,monster,0,65,37,0:0|0:2|0:4|0:5|0:6|0:7|0:8|1:0|1:2|1:4|1:6|1:7|1:8|1:9|2:0|2:2|2:3|2:4|2:8|2:9|3:0|3:1|3:2|3:9|4:2|4:3|4:4|5:0|5:1|5:2|5:4|6:0|6:1|6:2|6:3|6:4|7:0,2166
1576,3304,0.6100900225056265,1.0,1.0,0.0,1.0,159,death,0,1,monster,0,36,21,0:0|0:1|0:2|1:0|1:2|2:0|2:2|2:3|2:4|3:0|3:1|3:2|3:4|4:2|4:3|4:4|5:1|5:2|6:0|6:1|6:2,2166
1577,3305,0.6098424606151538,2.0,2.0,0.0,2.0,212,death,0,1,monster,0,54,43,0:0|0:1|0:2|0:4|0:5|0:6|0:7|1:2|1:4|1:6|1:7|2:2|2:3|2:4|2:6|3:0|3:1|3:2|3:6|3:9|4:2|4:3|4:4|4:6|4:7|4:8|4:9|5:1|5:2|5:6|5:8|5:9|6:1|6:2|6:3|6:4|6:6|6:7|6:8|6:9|7:6|7:8|7:9,2167
1578,3306,0.6095948987246811,3.0,3.0,0.0,3.0,85,victory,1,0,,0,39,34,0:0|0:1|0:2|0:4|0:5|0:6|0:7|0:8|0:9|1:2|1:4|1:7|1:8|1:9|2:2|2:3|2:4|2:8|2:9|3:2|3:9|4:2|4:9|5:1|5:2|5:8|5:9|6:1|6:2|6:8|6:9|7:8|7:9|8:8,2167
1579,3307,0.6093473368342086,3.0,3.0,0.0,3.0,177,victory,1,0,,0,52,39,0:0|0:1|0:2|0:4|0:5|0:6|0:7|0:8|0:9|1:0|1:2|1:4|1:6|1:7|1:8|1:9|2:2|2:3|2:4|2:8|2:9|3:1|3:2|3:4|3:8|3:9|4:2|4:3|4:8|4:9|5:1|5:2|5:9|6:1|6:2|6:9|7:8|7:9|8:8,2167
1580,3308,0.6090997749437359,3.0,3.0,0.0,3.0,192,victory,1,0,,0,48,37,0:0|0:1|0:2|0:4|0:5|0:6|0:7|1:2|1:4|1:6|1:7|2:2|2:3|2:4|2:6|3:0|3:1|3:2|3:4|3:6|4:2|4:6|4:7|4:8|4:9|5:1|5:2|5:8|5:9|6:1|6:2|6:8|6:9|7:8|7:9|8:8|8:9,2167
1581,3309,0.6088522130532633,3.0,3.0,0.0,3.0,181,victory,1,0,,0,53,41,0:0|0:1|0:2|0:4|0:5|0:6|0:7|0:8|1:0|1:2|1:4|1:6|1:8|2:0|2:2|2:3|2:4|2:6|2:8|2:9|3:0|3:1|3:2|3:8|3:9|4:2|4:3|4:8|4:9|5:0|5:1|5:2|5:8|6:0|6:1|6:2|6:8|6:9|7:8|7:9|8:8,2167
1582,3310,0.6086046511627907,3.0,3.0,0.0,3.0,136,victory,1,0,,0,52,41,0:0|0:1|0:4|0:5|0:6|0:7|0:8|1:0|1:2|1:4|1:6|1:7|1:8|1:9|2:0|2:2|2:3|2:4|2:8|2:9|3:0|3:1|3:2|3:4|3:8|3:9|4:2|4:3|4:4|4:8|4:9|5:1|5:2|5:8|5:9|6:1|6:2|6:9|7:8|7:9|8:8,2167
1583,3311,0.608357089272318,2.0,2.0,0.0,2.0,106,death,0,1,monster,0,29,24,0:0|0:1|0:2|0:4|0:5|0:6|0:7|1:2|1:4|1:6|1:7|1:8|1:9|2:2|2:3|2:4|2:9|3:2|3:9|4:2|5:1|5:2|6:1|6:2,2167
1584,3312,0.6081095273818454,1.0,1.0,0.0,1.0,106,death,0,1,monster,0,30,19,0:0|0:1|0:2|0:4|0:5|1:2|1:4|2:2|2:3|2:4|3:2|3:4|4:2|4:3|4:4|5:1|5:2|6:1|6:2,2167
1585,3313,0.6078619654913728,3.0,3.0,0.0,3.0,197,victory,1,0,,0,49,35,0:0|0:1|0:2|0:4|0:5|0:6|0:7|0:8|1:2|1:4|1:6|1:7|1:8|1:9|2:2|2:3|2:4|2:8|3:1|3:2|3:8|3:9|4:2|4:8|4:9|5:1|5:2|5:8|5:9|6:1|6:2|6:3|6:8|7:8|8:8,2167
1586,3314,0.6076144036009002,1.0,1.0,0.0,1.0,90,death,0,1,monster,0,18,14,0:0|0:1|0:2|1:0|2:0|3:0|3:1|3:2|4:2|4:3|5:1|5:2|6:1|6:2,2167
1587,3315,0.6073668417104277,3.0,3.0,0.0,3.0,150,victory,1,0,,0,54,42,0:0|0:2|0:4|0:5|0:6|0:7|1:0|1:2|1:4|1:7|1:8|1:9|2:0|2:2|2:3|2:4|2:8|2:9|3:0|3:1|3:2|3:4|3:5|3:9|4:2|4:3|4:4|4:5|4:9|5:1|5:2|5:4|5:9|6:1|6:2|6:3|6:4|6:8|6:9|7:8|7:9|8:8,2167
1588,3316,0.607119279819955,1.0,1.0,0.0,1.0,50,death,0,1,monster,0,22,14,0:0|1:0|1:2|2:0|2:2|2:3|3:0|3:1|3:2|4:2|5:1|5:2|6:1|6:2,2167
1589,3317,0.6068717179294825,1.0,1.0,0.0,1.0,46,death,0,1,monster,0,31,17,0:0|0:1|1:0|2:0|2:2|2:3|2:4|3:0|3:1|3:2|3:4|4:2|5:0|5:1|5:2|6:0|6:1,2167
1590,3318,0.6066241560390098,3.0,3.0,0.0,3.0,116,victory,1,0,,0,48,39,0:0|0:1|0:2|0:4|0:5|0:6|0:7|1:0|1:2|1:4|1:7|1:8|2:0|2:2|2:3|2:4|2:8|2:9|3:0|3:1|3:2|3:8|3:9|4:2|4:3|4:8|4:9|5:0|5:1|5:2|5:8|5:9|6:1|6:2|6:8|6:9|7:9|8:8|8:9,2167
1591,3319,0.6063765941485371,3.0,3.0,0.0,3.0,86,victory,1,0,,0,36,30,0:0|0:4|0:5|0:6|0:7|1:0|1:4|1:7|1:8|2:0|2:2|2:3|2:4|2:8|2:9|3:0|3:1|3:2|3:9|4:2|4:9|5:0|5:1|5:2|5:8|5:9|6:1|6:8|7:8|8:8,2167
1592,3320,0.6061290322580646,1.0,1.0,0.0,1.0,33,death,0,1,monster,0,21,14,0:0|1:0|2:0|3:0|3:1|3:2|4:2|4:3|4:4|5:1|5:2|6:1|6:2|6:3,2167
1593,3321,0.6058814703675919,2.0,2.0,0.0,2.0,167,death,0,1,monster,0,52,35,0:0|0:1|0:2|0:4|0:5|0:6|0:7|0:8|0:9|1:0|1:2|1:4|2:0|2:2|2:3|2:4|3:0|3:1|3:2|3:4|3:5|4:2|4:3|4:4|5:0|5:1|5:2|5:4|6:0|6:1|6:2|6:3|6:4|7:0|8:0,2167
1594,3322,0.6056339084771193,2.0,2.0,0.0,2.0,93,death,0,1,monster,0,45,31,0:0|0:1|0:2|0:4|0:5|0:6|0:7|1:2|1:4|1:6|2:2|2:3|2:4|2:6|3:0|3:1|3:2|3:5|3:6|4:2|4:3|4:4|4:5|4:6|4:7|4:8|5:1|5:2|5:6|6:1|6:2,2167
1595,3323,0.6053863465866467,3.0,3.0,0.0,3.0,165,victory,1,0,,0,57,48,0:0|0:1|0:2|0:6|0:7|0:8|0:9|1:0|1:2|1:6|1:7|1:8|2:2|2:3|2:4|2:6|2:8|2:9|3:1|3:2|3:4|3:5|3:6|3:8|3:9|4:2|4:4|4:5|4:6|4:7|4:8|4:9|5:1|5:2|5:6|5:8|5:9|6:1|6:2|6:3|6:4|6:6|6:9|7:3|7:9|8:8|8:9|9:9,2167
1596,3324,0.605138784696174,3.0,3.0,0.0,3.0,106,victory,1,0,,0,50,37,0:0|0:4|0:5|0:6|0:7|0:8|0:9|1:0|1:4|1:7|1:8|1:9|2:0|2:2|2:3|2:4|2:9|3:0|3:1|3:2|3:8|3:9|4:2|4:3|4:9|5:0|5:1|5:2|5:9|6:0|6:1|6:2|6:8|6:9|7:9|8:8|8:9,2167
1597,3325,0.6048912228057014,0.0,0.0,0.0,0.0,86,death,0,1,monster,0,20,14,0:0|0:1|0:2|1:0|1:2|2:0|2:2|2:3|3:0|3:1|3:2|4:2|4:3|5:2,2167
1598,3326,0.6046436609152288,3.0,3.0,0.0,3.0,89,victory,1,0,,0,45,39,0:0|0:1|0:4|0:5|0:6|0:7|0:8|1:0|1:2|1:4|1:8|2:0|2:2|2:3|2:4|2:8|2:9|3:0|3:1|3:2|3:9|4:2|4:3|4:9|5:0|5:1|5:2|5:9|6:0|6:1|6:2|6:3|6:9|7:0|7:3|7:8|7:9|8:3|8:8,2167
1599,3327,0.6043960990247562,2.0,2.0,0.0,2.0,159,death,0,1,monster,0,60,47,0:0|0:1|1:0|2:0|3:0|3:1|3:2|3:5|3:6|4:2|4:3|4:4|4:5|4:6|4:7|4:8|5:1|5:2|5:4|5:6|5:8|6:0|6:1|6:2|6:3|6:4|6:6|6:7|6:8|7:0|7:3|7:5|7:6|7:8|8:0|8:4|8:5|8:7|8:8|9:0|9:1|9:2|9:3|9:4|9:5|9:6|9:7,2169
1600,3328,0.6041485371342836,1.0,1.0,0.0,1.0,123,death,0,1,monster,0,37,20,0:0|0:1|0:2|1:0|1:2|2:0|2:2|3:0|3:1|3:2|4:2|4:3|4:4|5:0|5:1|5:2|6:1|6:2|6:3|7:3,2169
1601,3329,0.6039009752438109,3.0,3.0,0.0,3.0,321,victory,1,0,,0,62,40,0:0|0:1|0:2|0:4|0:5|0:6|0:7|1:0|1:2|1:4|1:7|1:8|1:9|2:0|2:2|2:3|2:4|2:8|2:9|3:0|3:1|3:2|3:8|3:9|4:2|4:3|4:8|4:9|5:0|5:1|5:2|5:8|5:9|6:1|6:2|6:8|6:9|7:8|7:9|8:8,2169
1602,3330,0.6036534133533384,1.0,1.0,0.0,1.0,136,death,0,1,monster,0,35,16,0:0|1:0|2:0|3:0|3:1|3:2|4:2|4:3|5:0|5:1|5:2|6:0|6:1|6:2|6:3|7:0,2169
1603,3331,0.6034058514628657,1.0,1.0,0.0,1.0,106,death,0,1,monster,0,26,16,0:0|1:0|2:0|2:2|2:3|3:0|3:1|3:2|4:2|5:0|5:1|5:2|6:0|6:1|6:2|6:3,2169
1604,3332,0.603158289572393,2.0,2.0,0.0,2.0,120,death,0,1,monster,0,36,29,0:0|0:2|0:4|0:5|0:6|0:7|0:8|0:9|1:0|1:2|1:4|1:6|1:7|1:8|2:0|2:2|2:3|2:4|3:0|3:1|3:2|4:2|5:0|5:1|5:2|6:0|6:1|6:2|7:0,2169
1605,3333,0.6029107276819206,3.0,3.0,0.0,3.0,118,victory,1,0,,0,45,37,0:0|0:1|0:4|0:5|0:6|0:7|0:8|0:9|1:0|1:4|1:6|1:7|1:8|1:9|2:0|2:2|2:3|2:4|2:8|2:9|3:0|3:1|3:2|3:9|4:2|4:8|4:9|5:1|5:2|5:8|5:9|6:1|6:2|6:8|6:9|7:8|8:8,2169
1606,3334,0.6026631657914479,2.0,2.0,0.0,2.0,100,death,0,1,monster,0,41,33,0:0|0:4|0:5|0:6|0:7|1:0|1:4|1:7|1:8|2:0|2:2|2:3|2:4|2:8|3:0|3:1|3:2|3:8|3:9|4:2|4:9|5:1|5:2|5:8|5:9|6:1|6:2|6:3|6:6|6:7|6:8|6:9|7:9,2169
1607,3335,0.6024156039009753,3.0,3.0,0.0,3.0,145,victory,1,0,,0,44,38,0:0|0:4|0:5|0:6|0:7|0:8|0:9|1:0|1:4|1:7|1:8|1:9|2:0|2:4|2:8|2:9|3:0|3:1|3:2|3:4|3:8|3:9|4:2|4:3|4:4|4:8|4:9|5:1|5:2|5:8|5:9|6:1|6:2|6:8|6:9|7:8|7:9|8:8,2169
1608,3336,0.6021680420105027,3.0,3.0,0.0,3.0,163,victory,1,0,,0,52,34,0:0|0:1|0:2|0:4|0:5|0:6|0:7|1:2|1:4|1:6|1:7|1:8|2:2|2:3|2:4|2:6|2:8|2:9|3:2|3:9|4:2|4:9|5:0|5:1|5:2|5:8|5:9|6:0|6:1|6:2|6:9|7:8|7:9|8:8,2169
1609,3337,0.60192048012003,3.0,3.0,0.0,3.0,135,victory,1,0,,0,50,43,0:0|0:1|0:4|0:5|0:6|0:7|0:8|0:9|1:0|1:4|1:6|1:7|1:8|1:9|2:0|2:4|2:8|2:9|3:0|3:1|3:2|3:4|3:8|3:9|4:2|4:3|4:4|4:7|4:8|4:9|5:1|5:2|5:8|5:9|6:1|6:8|6:9|7:8|7:9|8:8|8:9|9:8|9:9,2169
1610,3338,0.6016729182295574,3.0,3.0,0.0,3.0,130,victory,1,0,,0,43,35,0:0|0:4|0:5|0:6|0:7|1:0|1:4|1:7|1:8|1:9|2:0|2:2|2:3|2:4|2:8|2:9|3:0|3:1|3:2|3:9|4:2|4:9|5:0|5:1|5:2|5:9|6:0|6:1|6:2|6:9|7:0|7:8|7:9|8:0|8:8,2169
1611,3339,0.6014253563390848,3.0,3.0,0.0,3.0,110,victory,1,0,,0,50,41,0:0|0:1|0:7|1:0|1:4|1:6|1:7|1:8|1:9|2:0|2:2|2:3|2:4|2:6|2:8|2:9|3:0|3:1|3:2|3:4|3:5|3:6|3:8|3:9|4:2|4:6|4:7|4:8|4:9|5:0|5:1|5:2|5:8|5:9|6:0|6:1|6:2|6:9|7:9|8:8|8:9,2169
1612,3340,0.6011777944486122,3.0,3.0,0.0,3.0,112,victory,1,0,,0,41,32,0:0|0:4|0:5|0:6|0:7|1:0|1:4|1:7|1:8|2:0|2:2|2:3|2:4|2:8|2:9|3:0|3:1|3:2|3:8|4:2|4:8|5:1|5:2|5:8|6:0|6:1|6:2|6:3|6:7|6:8|7:8|8:8,2169
1613,3341,0.6009302325581396,3.0,3.0,0.0,3.0,93,victory,1,0,,0,47,42,0:0|0:1|0:2|0:4|0:5|0:6|0:7|0:8|1:0|1:2|1:4|1:6|1:7|1:8|2:0|2:2|2:3|2:4|2:8|2:9|3:0|3:1|3:2|3:9|4:2|4:3|4:4|4:9|5:0|5:1|5:2|5:4|5:9|6:0|6:1|6:2|6:3|6:4|6:9|7:9|8:8|8:9,2169
1614,3342,0.6006826706676669,2.0,2.0,0.0,2.0,155,death,0,1,monster,0,43,26,0:0|0:4|0:5|0:6|0:7|0:8|1:0|1:4|1:6|1:7|1:8|2:0|2:2|2:3|2:4|3:0|3:1|3:2|3:4|4:2|4:3|5:1|5:2|6:1|6:2|6:3,2169
1615,3343,0.6004351087771942,3.0,3.0,0.0,3.0,114,victory,1,0,,0,49,43,0:0|0:7|1:0|1:6|1:7|2:0|2:6|3:0|3:1|3:2|3:5|3:6|4:2|4:3|4:6|5:0|5:1|5:2|5:6|6:0|6:1|6:2|6:3|6:6|6:7|6:8|7:0|7:8|8:0|8:1|8:2|8:3|8:4|8:5|8:7|8:8|9:0|9:1|9:3|9:4|9:5|9:6|9:7,2169
1616,3344,0.6001875468867217,3.0,3.0,0.0,3.0,142,victory,1,0,,0,40,34,0:0|0:4|0:5|0:6|0:7|1:0|1:4|1:6|1:7|1:8|2:0|2:2|2:3|2:4|2:8|3:0|3:1|3:2|3:8|3:9|4:2|4:3|4:9|5:0|5:1|5:2|5:9|6:1|6:2|6:3|6:9|7:8|7:9|8:8,2169
1617,3345,0.599939984996249,3.0,3.0,0.0,3.0,152,victory,1,0,,0,47,39,0:0|0:1|0:2|0:4|0:5|0:6|0:7|0:8|1:2|1:4|1:7|1:8|2:2|2:3|2:4|2:8|2:9|3:2|3:8|3:9|4:2|4:3|4:8|4:9|5:0|5:1|5:2|5:8|5:9|6:0|6:1|6:2|6:7|6:8|6:9|7:0|7:8|7:9|8:8,2169
1618,3346,0.5996924231057764,2.0,2.0,0.0,2.0,100,death,0,1,monster,0,36,31,0:0|0:1|0:2|0:5|0:6|0:7|1:2|1:4|1:6|1:7|1:8|2:2|2:3|2:4|2:6|2:8|3:2|3:4|3:5|3:6|3:8|3:9|4:2|4:9|5:0|5:1|5:2|6:1|6:2|6:3|6:4,2169
1619,3347,0.5994448612153038,1.0,1.0,0.0,1.0,71,death,0,1,monster,0,35,24,0:0|0:1|0:2|1:0|1:2|1:4|2:0|2:2|2:3|2:4|2:6|3:0|3:1|3:2|3:4|3:5|3:6|4:2|5:0|5:1|5:2|6:0|6:1|6:2,2169
1620,3348,0.5991972993248312,0.0,0.0,0.0,0.0,15,death,0,1,monster,0,11,10,0:0|1:0|2:0|3:0|3:1|3:2|4:2|4:3|4:4|5:4,2169
1621,3349,0.5989497374343586,3.0,3.0,0.0,3.0,140,victory,1,0,,0,61,40,0:0|0:7|1:0|1:4|1:6|1:7|2:0|2:2|2:3|2:4|2:6|3:0|3:1|3:2|3:4|3:5|3:6|4:2|4:5|4:6|4:7|5:1|5:2|5:6|6:1|6:2|6:6|6:7|6:8|7:5|7:6|7:8|8:4|8:5|8:7|8:8|9:4|9:5|9:6|9:7,2170
1622,3350,0.5987021755438859,3.0,3.0,0.0,3.0,131,victory,1,0,,0,62,41,0:0|0:7|1:0|1:6|1:7|2:0|2:6|3:0|3:1|3:2|3:6|4:2|4:3|4:6|5:0|5:1|5:2|5:6|6:0|6:1|6:2|6:6|6:7|6:8|7:0|7:8|8:0|8:1|8:2|8:3|8:4|8:7|8:8|9:0|9:1|9:2|9:3|9:4|9:5|9:6|9:7,2172
1623,3351,0.5984546136534133,3.0,3.0,0.0,3.0,108,victory,1,0,,0,57,43,0:0|0:4|0:5|0:6|0:7|0:8|0:9|1:0|1:4|1:6|1:7|1:8|1:9|2:0|2:2|2:3|2:4|2:6|2:9|3:0|3:1|3:2|3:9|4:2|4:3|4:9|5:0|5:1|5:2|5:8|5:9|6:0|6:1|6:2|6:6|6:7|6:8|6:9|7:0|7:8|7:9|8:8|8:9,2172
1624,3352,0.5982070517629408,3.0,3.0,0.0,3.0,118,victory,1,0,,0,49,37,0:0|0:4|0:5|0:6|0:7|1:0|1:4|1:6|1:7|1:8|2:0|2:2|2:3|2:4|2:6|2:8|2:9|3:0|3:1|3:2|3:8|3:9|4:2|4:8|4:9|5:0|5:1|5:2|5:8|5:9|6:1|6:2|6:8|6:9|7:9|8:8|8:9,2172
1625,3353,0.597959489872468,3.0,3.0,0.0,3.0,115,victory,1,0,,0,49,34,0:0|0:1|0:2|0:4|0:5|0:6|0:7|1:2|1:4|1:7|1:8|1:9|2:2|2:3|2:4|2:8|2:9|3:1|3:2|3:8|3:9|4:2|4:3|4:8|4:9|5:0|5:1|5:2|5:9|6:1|6:9|7:8|7:9|8:8,2172
1626,3354,0.5977119279819956,2.0,2.0,0.0,2.0,182,death,0,1,monster,0,53,29,0:0|0:1|0:2|0:4|0:5|0:6|0:7|0:8|1:0|1:2|1:4|1:6|1:7|2:0|2:2|2:3|2:4|3:0|3:1|3:2|3:4|4:2|5:0|5:1|5:2|6:1|6:2|6:3|6:4,2172
1627,3355,0.5974643660915229,2.0,2.0,0.0,2.0,80,death,0,1,monster,0,37,27,0:0|0:4|0:5|0:6|0:7|0:8|1:0|1:4|1:8|1:9|2:0|2:2|2:3|2:4|2:9|3:0|3:1|3:2|3:8|3:9|4:2|4:8|4:9|5:2|5:9|6:1|6:2,2172
1628,3356,0.5972168042010502,2.0,2.0,0.0,2.0,104,death,0,1,monster,0,40,32,0:0|0:4|0:5|0:6|0:7|1:0|1:2|1:4|1:7|1:8|1:9|2:0|2:2|2:3|2:4|2:8|2:9|3:0|3:1|3:2|3:4|3:8|3:9|4:2|4:3|4:4|4:8|4:9|5:1|5:2|6:1|6:2,2172
1629,3357,0.5969692423105777,3.0,3.0,0.0,3.0,128,victory,1,0,,0,55,37,0:0|0:4|0:5|0:6|0:7|1:0|1:4|1:6|1:7|1:8|1:9|2:0|2:4|2:8|2:9|3:0|3:1|3:2|3:4|3:8|3:9|4:2|4:3|4:4|4:8|4:9|5:1|5:2|5:8|6:1|6:2|6:3|6:8|6:9|7:9|8:8|8:9,2172
1630,3358,0.596721680420105,3.0,3.0,0.0,3.0,241,victory,1,0,,0,66,44,0:0|0:4|0:5|0:6|0:7|0:8|0:9|1:0|1:2|1:4|1:6|1:7|1:8|1:9|2:0|2:2|2:3|2:4|2:6|2:8|2:9|3:0|3:1|3:2|3:6|3:8|3:9|4:2|4:3|4:6|4:7|4:8|4:9|5:0|5:1|5:2|5:8|5:9|6:0|6:1|6:9|7:8|7:9|8:8,2172
1631,3359,0.5964741185296324,3.0,3.0,0.0,3.0,178,victory,1,0,,0,59,41,0:0|0:2|0:4|0:5|0:6|0:7|1:0|1:2|1:4|1:7|1:8|1:9|2:0|2:2|2:3|2:4|2:8|2:9|3:0|3:1|3:2|3:4|3:5|3:8|3:9|4:2|4:3|4:4|4:8|4:9|5:1|5:2|5:9|6:0|6:1|6:2|6:3|6:9|7:8|7:9|8:8,2172
1632,3360,0.5962265566391598,3.0,3.0,0.0,3.0,81,victory,1,0,,0,45,39,0:0|0:4|0:5|0:6|0:7|1:0|1:4|1:6|1:7|1:8|1:9|2:0|2:2|2:3|2:4|2:8|2:9|3:0|3:1|3:2|3:4|3:8|3:9|4:2|4:8|4:9|5:1|5:2|5:9|6:0|6:1|6:2|6:3|6:8|6:9|7:0|7:8|7:9|8:8,2172
1633,3361,0.5959789947486872,3.0,3.0,0.0,3.0,96,victory,1,0,,0,55,39,0:0|0:1|0:2|0:4|0:5|0:6|0:7|0:8|0:9|1:0|1:2|1:4|1:6|1:8|1:9|2:2|2:3|2:4|2:8|2:9|3:2|3:4|3:5|3:8|4:2|4:8|5:0|5:1|5:2|5:8|5:9|6:0|6:1|6:2|6:8|6:9|7:8|7:9|8:8,2173
1634,3362,0.5957314328582146,2.0,2.0,0.0,2.0,72,death,0,1,monster,0,32,26,0:0|0:1|0:2|0:4|0:5|0:6|0:7|0:8|1:2|1:4|1:7|1:8|1:9|2:2|2:3|2:4|2:9|3:2|3:9|4:2|5:0|5:1|5:2|6:0|6:1|6:2,2173
1635,3363,0.5954838709677419,3.0,3.0,0.0,3.0,135,victory,1,0,,0,53,39,0:0|0:1|0:4|0:5|0:6|0:7|1:0|1:4|1:7|1:8|2:0|2:2|2:3|2:4|2:8|2:9|3:0|3:1|3:2|3:4|3:8|3:9|4:2|4:3|4:4|4:8|4:9|5:1|5:2|5:4|5:9|6:1|6:2|6:3|6:4|6:9|7:8|7:9|8:8,2173
1636,3364,0.5952363090772693,3.0,3.0,0.0,3.0,131,victory,1,0,,0,50,37,0:0|0:1|0:2|0:4|0:5|0:6|0:7|0:8|1:2|1:4|1:7|1:8|1:9|2:2|2:3|2:4|2:9|3:2|3:9|4:2|4:8|4:9|5:0|5:1|5:2|5:8|6:0|6:1|6:2|6:3|6:8|6:9|7:0|7:8|7:9|8:8|8:9,2173
1637,3365,0.5949887471867967,3.0,3.0,0.0,3.0,78,victory,1,0,,0,41,34,0:0|0:4|0:5|0:6|0:7|1:0|1:4|1:7|1:8|2:0|2:2|2:3|2:4|2:8|3:0|3:1|3:2|3:8|3:9|4:2|4:9|5:1|5:2|5:8|5:9|6:1|6:2|6:3|6:4|6:8|6:9|7:9|8:8|8:9,2173
1638,3366,0.594741185296324,3.0,3.0,0.0,3.0,107,victory,1,0,,0,43,35,0:0|0:1|0:4|0:5|0:6|0:7|1:0|1:4|1:7|1:8|2:0|2:2|2:3|2:4|2:8|2:9|3:0|3:1|3:2|3:9|4:2|4:9|5:1|5:2|5:8|5:9|6:1|6:2|6:3|6:4|6:8|6:9|7:8|7:9|8:8,2173
1639,3367,0.5944936234058515,3.0,3.0,0.0,3.0,189,victory,1,0,,0,46,37,0:0|0:1|0:4|0:5|0:6|0:7|1:0|1:4|1:6|1:7|1:8|1:9|2:0|2:2|2:3|2:4|2:8|2:9|3:0|3:1|3:2|3:4|3:8|3:9|4:2|4:8|4:9|5:1|5:2|5:8|5:9|6:1|6:8|6:9|7:8|7:9|8:8,2173
1640,3368,0.5942460615153788,1.0,1.0,0.0,1.0,79,death,0,1,monster,0,42,25,0:0|1:0|1:2|1:4|2:0|2:2|2:3|2:4|2:6|3:0|3:1|3:2|3:4|3:5|3:6|4:2|4:4|4:5|4:6|5:0|5:1|5:2|5:6|6:0|6:1,2173
1641,3369,0.5939984996249061,3.0,3.0,0.0,3.0,97,victory,1,0,,0,47,38,0:0|0:1|0:2|0:4|0:5|0:6|0:7|1:2|1:4|1:6|1:7|1:8|2:2|2:3|2:4|2:8|2:9|3:2|3:8|3:9|4:2|4:3|4:9|5:1|5:2|5:8|5:9|6:1|6:2|6:3|6:8|6:9|7:8|7:9|8:8|8:9|9:8|9:9,2173
1642,3370,0.5937509377344337,3.0,3.0,0.0,3.0,132,victory,1,0,,0,55,40,0:0|0:1|0:4|0:5|0:6|0:7|1:0|1:2|1:4|1:6|1:7|1:8|2:0|2:2|2:4|2:8|2:9|3:0|3:1|3:2|3:4|3:9|4:2|4:3|4:4|4:7|4:8|4:9|5:0|5:1|5:2|5:8|5:9|6:0|6:1|6:2|6:8|6:9|7:8|8:8,2173
1643,3371,0.593503375843961,2.0,2.0,0.0,2.0,76,death,0,1,monster,0,35,23,0:0|0:4|0:5|0:6|0:7|1:0|1:4|1:6|2:0|2:2|2:3|2:4|3:0|3:1|3:2|3:4|4:2|4:3|4:4|4:5|5:2|6:1|6:2,2173
1644,3372,0.5932558139534884,1.0,1.0,0.0,1.0,95,death,0,1,monster,0,33,24,0:0|0:4|0:5|0:6|1:0|1:4|2:0|2:2|2:3|2:4|3:0|3:1|3:2|4:2|4:3|5:0|5:1|5:2|6:0|6:1|6:2|6:3|6:4|7:3,2173
1645,3373,0.5930082520630158,3.0,3.0,0.0,3.0,119,victory,1,0,,0,59,45,0:0|0:1|0:6|0:7|1:0|1:4|1:6|1:7|1:8|1:9|2:0|2:2|2:3|2:4|2:6|2:8|2:9|3:0|3:1|3:2|3:4|3:5|3:6|3:8|3:9|4:2|4:3|4:4|4:5|4:6|4:8|4:9|5:0|5:1|5:2|5:4|5:9|6:1|6:2|6:3|6:4|6:9|7:8|7:9|8:8,2173
1646,3374,0.5927606901725432,3.0,3.0,0.0,3.0,87,victory,1,0,,0,43,37,0:0|0:4|0:5|0:6|0:7|0:8|1:0|1:4|1:8|1:9|2:0|2:4|2:8|2:9|3:0|3:1|3:2|3:4|3:8|3:9|4:2|4:3|4:4|4:9|5:0|5:1|5:2|5:9|6:0|6:1|6:2|6:9|7:9|8:8|8:9|9:8|9:9,2173
1647,3375,0.5925131282820706,0.0,0.0,0.0,0.0,20,death,0,1,monster,0,9,9,0:0|0:1|0:2|1:0|1:2|2:2|2:3|2:4|3:4,2173
1648,3376,0.5922655663915979,2.0,2.0,0.0,2.0,111,death,0,1,monster,0,49,36,0:0|0:4|0:5|0:6|0:7|1:0|1:2|1:4|1:7|1:8|2:0|2:2|2:3|2:4|2:8|2:9|3:0|3:1|3:2|3:4|3:8|3:9|4:2|4:4|4:5|4:6|4:7|4:8|4:9|5:1|5:2|5:6|6:0|6:1|6:2|7:0,2175
1649,3377,0.5920180045011253,3.0,3.0,0.0,3.0,133,victory,1,0,,0,51,39,0:0|0:1|0:2|0:4|0:5|0:6|0:7|0:8|1:0|1:2|1:4|1:8|1:9|2:0|2:2|2:3|2:4|2:9|3:0|3:1|3:2|3:9|4:2|4:5|4:6|4:7|4:8|4:9|5:2|5:9|6:1|6:2|6:3|6:4|6:9|7:3|7:9|8:8|8:9,2175
1650,3378,0.5917704426106527,3.0,3.0,0.0,3.0,137,victory,1,0,,0,45,33,0:0|0:4|0:5|0:6|0:7|1:0|1:4|1:7|1:8|2:0|2:2|2:3|2:4|2:8|2:9|3:0|3:1|3:2|3:8|3:9|4:2|4:9|5:2|5:9|6:0|6:1|6:2|6:8|6:9|7:8|7:9|8:8|8:9,2175
1651,3379,0.59152288072018,3.0,3.0,0.0,3.0,156,victory,1,0,,0,49,37,0:0|0:1|0:2|0:4|0:5|0:6|0:7|0:8|0:9|1:0|1:2|1:4|1:7|1:8|1:9|2:0|2:2|2:3|2:4|2:9|3:0|3:1|3:2|3:4|3:8|3:9|4:2|4:8|4:9|5:2|5:9|6:1|6:2|6:9|7:9|8:8|8:9,2175
1652,3380,0.5912753188297075,0.0,0.0,0.0,0.0,35,death,0,1,monster,0,16,6,0:0|1:0|2:0|3:0|3:1|3:2,2175
1653,3381,0.5910277569392348,3.0,3.0,0.0,3.0,83,victory,1,0,,0,44,36,0:0|0:4|0:5|0:6|0:7|0:8|0:9|1:0|1:4|1:7|1:8|1:9|2:0|2:2|2:3|2:4|2:8|3:0|3:1|3:2|3:8|3:9|4:2|4:3|4:8|4:9|5:2|5:8|5:9|6:1|6:2|6:8|6:9|7:8|7:9|8:8,2175
1654,3382,0.5907801950487621,2.0,2.0,0.0,2.0,136,death,0,1,monster,0,52,33,0:0|0:1|0:4|0:5|0:6|0:7|0:8|0:9|1:0|1:2|1:4|1:6|1:7|1:8|1:9|2:0|2:2|2:3|2:4|2:8|2:9|3:0|3:1|3:2|3:8|3:9|4:2|4:8|4:9|5:2|6:0|6:1|6:2,2175
1655,3383,0.5905326331582896,1.0,1.0,0.0,1.0,98,death,0,1,monster,0,36,21,0:0|0:1|0:2|1:0|1:2|2:0|2:2|2:3|3:0|3:1|3:2|4:2|5:0|5:1|5:2|6:0|6:1|6:2|6:3|7:0|8:0,2175
1656,3384,0.5902850712678169,2.0,2.0,0.0,2.0,177,death,0,1,monster,0,53,38,0:0|0:1|0:2|0:4|0:5|0:6|0:7|0:8|0:9|1:0|1:2|1:4|1:7|1:8|1:9|2:0|2:2|2:3|2:4|2:8|2:9|3:0|3:1|3:2|3:8|3:9|4:2|4:3|4:8|4:9|5:0|5:1|5:2|5:8|5:9|6:1|6:2|6:3,2175
1657,3385,0.5900375093773443,3.0,3.0,0.0,3.0,212,victory,1,0,,0,72,47,0:0|0:4|0:5|0:6|0:7|0:8|0:9|1:0|1:2|1:4|1:6|1:7|1:8|1:9|2:0|2:2|2:3|2:4|2:6|2:8|2:9|3:0|3:1|3:2|3:4|3:5|3:6|3:8|3:9|4:2|4:4|4:5|4:8|4:9|5:1|5:2|5:4|5:9|6:1|6:2|6:3|6:4|6:8|6:9|7:3|7:8|8:8,2175
1658,3386,0.5897899474868717,2.0,2.0,0.0,2.0,89,death,0,1,monster,0,42,27,0:0|0:1|0:2|0:4|0:5|0:6|0:7|0:8|0:9|1:2|1:4|1:7|1:8|1:9|2:0|2:2|2:3|2:4|3:0|3:1|3:2|3:4|3:5|4:2|5:2|6:1|6:2,2175
1659,3387,0.589542385596399,3.0,3.0,0.0,3.0,299,victory,1,0,,0,55,44,0:0|0:1|0:2|0:4|0:5|0:6|0:7|0:8|0:9|1:2|1:4|1:6|1:7|1:8|1:9|2:2|2:3|2:4|2:6|2:8|2:9|3:0|3:1|3:2|3:6|3:8|3:9|4:2|4:3|4:6|4:7|4:8|4:9|5:1|5:2|5:8|5:9|6:1|6:2|6:8|6:9|7:9|8:8|8:9,2175
1660,3388,0.5892948237059266,2.0,2.0,0.0,2.0,97,death,0,1,monster,0,34,22,0:0|0:1|0:2|0:4|0:5|0:6|0:7|0:8|1:2|1:4|1:6|1:7|2:2|2:3|2:4|3:2|4:2|5:0|5:1|5:2|6:1|6:2,2175
1661,3389,0.5890472618154539,2.0,2.0,0.0,2.0,256,death,0,1,monster,0,56,40,0:0|0:1|0:2|0:4|0:5|0:6|0:7|0:8|0:9|1:2|1:4|1:6|1:7|1:8|1:9|2:2|2:3|2:4|2:8|2:9|3:2|3:8|3:9|4:2|4:5|4:6|4:7|4:8|4:9|5:2|5:6|5:8|5:9|6:1|6:2|6:3|6:6|6:7|6:8|6:9,2175
1662,3390,0.5887996999249813,0.0,0.0,0.0,0.0,23,death,0,1,monster,0,14,11,0:0|0:1|0:2|1:2|2:2|2:3|3:2|4:2|4:3|5:2|6:2,2175
1663,3391,0.5885521380345087,0.0,0.0,0.0,0.0,28,death,0,1,monster,0,15,14,0:0|0:1|1:0|2:0|3:0|3:1|3:2|4:2|4:4|5:2|5:4|6:2|6:3|6:4,2175
1664,3392,0.588304576144036,3.0,3.0,0.0,3.0,126,victory,1,0,,0,48,39,0:0|0:1|0:2|0:4|0:5|0:6|0:7|0:8|1:2|1:4|1:7|1:8|2:2|2:3|2:4|2:8|2:9|3:2|3:4|3:5|3:6|3:8|3:9|4:2|4:3|4:4|4:5|4:6|4:8|4:9|5:2|5:8|6:1|6:2|6:3|6:4|6:8|7:8|8:8,2175
1665,3393,0.5880570142535634,0.0,0.0,0.0,0.0,46,death,0,1,monster,0,17,11,0:0|0:1|0:2|1:2|2:2|2:3|3:1|3:2|4:2|5:2|6:2,2175
1666,3394,0.5878094523630908,0.0,0.0,0.0,0.0,33,death,0,1,monster,0,14,10,0:0|0:2|1:0|1:2|2:0|2:2|2:3|3:0|3:1|3:2,2175
1667,3395,0.5875618904726181,2.0,2.0,0.0,2.0,74,death,0,1,monster,0,37,32,0:0|0:1|0:2|0:4|0:5|0:6|0:7|1:0|1:2|1:4|1:6|1:7|1:8|2:0|2:2|2:3|2:4|2:8|2:9|3:0|3:1|3:2|3:4|3:8|3:9|4:2|5:1|5:2|6:0|6:1|6:2|6:3,2175
1668,3396,0.5873143285821456,0.0,0.0,0.0,0.0,63,death,0,1,monster,0,20,13,0:0|0:2|1:0|1:2|2:0|2:2|2:3|3:0|3:1|3:2|4:2|4:3|5:2,2175
1669,3397,0.5870667666916729,3.0,3.0,0.0,3.0,184,victory,1,0,,0,55,44,0:0|0:1|0:2|0:4|0:5|0:6|0:7|0:8|0:9|1:0|1:2|1:4|1:7|1:8|1:9|2:0|2:2|2:3|2:4|2:8|2:9|3:2|3:4|3:8|3:9|4:2|4:3|4:4|4:7|4:8|4:9|5:0|5:1|5:2|5:4|5:8|5:9|6:1|6:2|6:3|6:4|6:8|7:8|8:8,2175
1670,3398,0.5868192048012003,0.0,0.0,0.0,0.0,12,death,0,1,monster,0,10,9,0:0|1:0|2:0|3:0|3:1|3:2|4:2|4:3|4:4,2175
1671,3399,0.5865716429107277,1.0,1.0,0.0,1.0,79,death,0,1,monster,0,31,19,0:0|1:0|1:2|2:0|2:2|2:3|2:4|3:0|3:1|3:2|3:4|3:5|3:6|4:2|4:4|4:5|5:1|5:2|6:1,2175
1672,3400,0.586324081020255,3.0,3.0,0.0,3.0,115,victory,1,0,,0,44,34,0:0|0:4|0:5|0:6|0:7|0:8|1:0|1:4|1:7|1:8|1:9|2:0|2:2|2:3|2:4|2:8|2:9|3:0|3:1|3:2|3:8|3:9|4:2|4:8|4:9|5:1|5:2|5:9|6:1|6:2|6:9|7:9|8:8|8:9,2175
1673,3401,0.5860765191297825,3.0,3.0,0.0,3.0,62,victory,1,0,,0,38,35,0:0|0:1|0:2|0:6|0:7|1:0|1:2|1:6|1:7|1:8|1:9|2:2|2:6|2:8|2:9|3:2|3:4|3:5|3:6|3:8|3:9|4:2|4:3|4:4|4:5|4:6|4:8|5:2|5:8|6:0|6:1|6:2|6:8|7:8|8:8,2175
1674,3402,0.5858289572393098,2.0,2.0,0.0,2.0,98,death,0,1,monster,0,48,38,0:0|0:4|0:5|0:6|0:7|0:8|1:0|1:4|1:6|1:7|1:8|1:9|2:0|2:2|2:3|2:4|2:6|2:8|2:9|3:0|3:1|3:2|3:5|3:6|3:8|3:9|4:2|4:3|4:6|4:7|4:8|4:9|5:0|5:1|5:2|6:0|6:1|6:2,2175
1675,3403,0.5855813953488371,3.0,3.0,0.0,3.0,163,victory,1,0,,0,43,34,0:0|0:2|0:4|0:5|0:6|0:7|1:0|1:2|1:4|1:7|1:8|1:9|2:0|2:2|2:3|2:4|2:8|2:9|3:0|3:1|3:2|3:8|3:9|4:2|4:9|5:1|5:2|5:9|6:1|6:2|6:9|7:9|8:8|8:9,2175
1676,3404,0.5853338334583646,3.0,3.0,0.0,3.0,86,victory,1,0,,0,46,42,0:0|0:7|1:0|1:2|1:6|1:7|2:0|2:2|2:6|3:0|3:1|3:2|3:6|4:2|4:6|5:0|5:1|5:2|5:6|6:0|6:1|6:6|6:7|6:8|7:0|7:6|7:8|7:9|8:0|8:1|8:2|8:3|8:7|8:8|9:0|9:1|9:2|9:3|9:4|9:5|9:6|9:7,2175
1677,3405,0.585086271567892,2.0,2.0,0.0,2.0,89,death,0,1,monster,0,37,31,0:0|0:4|0:5|0:6|0:7|1:0|1:4|1:7|1:8|2:0|2:4|2:8|3:0|3:1|3:2|3:4|3:5|3:8|3:9|4:2|4:3|4:4|4:5|4:9|5:1|5:2|5:4|5:8|5:9|6:1|6:2,2175
1678,3406,0.5848387096774194,3.0,3.0,0.0,3.0,82,victory,1,0,,0,41,36,0:0|0:1|0:2|0:4|0:5|0:6|0:7|0:8|0:9|1:2|1:4|1:7|1:8|1:9|2:2|2:3|2:4|2:8|3:2|3:8|3:9|4:2|4:3|4:4|4:9|5:2|5:4|5:9|6:1|6:2|6:3|6:4|6:9|7:9|8:8|8:9,2175
1679,3407,0.5845911477869468,0.0,0.0,0.0,0.0,12,death,0,1,monster,0,10,8,0:0|1:0|2:0|2:2|3:0|3:1|3:2|4:2,2175
1680,3408,0.5843435858964741,1.0,1.0,0.0,1.0,84,death,0,1,monster,0,28,16,0:0|0:1|1:0|1:2|2:0|2:2|2:3|3:0|3:1|3:2|4:2|4:3|5:2|6:1|6:2|6:3,2175
1681,3409,0.5840960240060015,3.0,3.0,0.0,3.0,79,victory,1,0,,0,35,31,0:0|0:4|0:5|0:6|0:7|1:0|1:4|1:6|1:7|1:8|2:0|2:2|2:3|2:4|2:8|3:0|3:1|3:2|3:8|3:9|4:2|4:9|5:1|5:2|5:9|6:1|6:2|6:9|7:8|7:9|8:8,2175
1682,3410,0.5838484621155289,3.0,3.0,0.0,3.0,124,victory,1,0,,0,50,45,0:0|0:1|0:4|0:5|0:6|0:7|0:8|0:9|1:0|1:4|1:6|1:7|1:8|1:9|2:0|2:2|2:3|2:4|2:8|3:0|3:1|3:2|3:8|3:9|4:2|4:6|4:7|4:8|4:9|5:0|5:1|5:2|5:6|5:8|5:9|6:0|6:1|6:2|6:6|6:7|6:8|6:9|7:8|7:9|8:8,2175
1683,3411,0.5836009002250563,1.0,1.0,0.0,1.0,101,death,0,1,monster,0,31,22,0:0|0:2|1:0|1:2|2:0|2:2|2:3|2:4|3:0|3:1|3:2|3:4|3:5|3:6|4:2|4:3|4:5|4:6|5:1|5:2|6:1|6:2,2175
1684,3412,0.5833533383345837,3.0,3.0,0.0,3.0,148,victory,1,0,,0,62,51,0:0|0:4|0:5|0:6|0:7|1:0|1:4|1:6|1:7|1:8|1:9|2:0|2:2|2:3|2:4|2:8|2:9|3:0|3:1|3:2|3:4|3:5|3:6|3:8|4:2|4:4|4:5|4:6|4:8|4:9|5:1|5:2|5:4|5:8|5:9|6:1|6:2|6:3|6:4|6:8|6:9|7:3|7:8|7:9|8:1|8:2|8:3|8:4|8:5|8:8|8:9,2175
1685,3413,0.583105776444111,3.0,3.0,0.0,3.0,98,victory,1,0,,0,42,35,0:0|0:1|0:4|0:5|0:6|0:7|1:0|1:4|1:6|1:7|1:8|2:0|2:2|2:3|2:4|2:6|3:0|3:1|3:2|3:6|4:2|4:3|4:6|4:7|4:8|4:9|5:2|5:9|6:1|6:2|6:8|6:9|7:9|8:8|8:9,2175
1686,3414,0.5828582145536385,1.0,1.0,0.0,1.0,28,death,0,1,monster,0,18,14,0:0|1:0|2:0|2:2|3:0|3:1|3:2|4:2|4:3|4:4|5:1|5:2|6:1|6:2,2175
1687,3415,0.5826106526631658,1.0,1.0,0.0,1.0,201,death,0,1,monster,0,55,26,0:0|1:0|1:2|1:4|2:0|2:2|2:3|2:4|3:0|3:1|3:2|3:4|3:5|4:2|4:3|4:4|4:5|5:0|5:1|5:2|5:4|6:1|6:2|6:3|6:4|7:3,2175
1688,3416,0.5823630907726931,1.0,1.0,0.0,1.0,50,death,0,1,monster,0,24,20,0:0|1:0|1:2|1:4|2:0|2:2|2:4|3:0|3:1|3:2|3:4|3:5|4:2|4:3|4:4|4:5|5:1|5:2|6:1|6:2,2175
1689,3417,0.5821155288822206,3.0,3.0,0.0,3.0,70,victory,1,0,,0,40,35,0:0|0:4|0:5|0:6|0:7|1:0|1:4|1:6|1:7|1:8|1:9|2:0|2:2|2:3|2:4|2:8|2:9|3:0|3:1|3:2|3:9|4:2|4:9|5:0|5:1|5:2|5:9|6:1|6:2|6:8|6:9|7:9|8:8|8:9|9:9,2175
1690,3418,0.5818679669917479,0.0,0.0,0.0,0.0,69,death,0,1,monster,0,21,10,0:0|0:1|0:2|1:0|1:2|2:0|2:2|3:0|3:1|3:2,2175
1691,3419,0.5816204051012753,3.0,3.0,0.0,3.0,170,victory,1,0,,0,61,43,0:0|0:1|0:2|0:4|0:5|0:6|0:7|1:0|1:2|1:4|1:6|1:7|1:8|2:0|2:2|2:3|2:4|2:6|3:0|3:1|3:2|3:4|3:6|4:2|4:3|4:4|4:6|4:7|4:8|4:9|5:0|5:1|5:2|5:4|5:9|6:1|6:2|6:3|6:4|6:9|7:9|8:8|8:9,2175
1692,3420,0.5813728432108027,2.0,2.0,0.0,2.0,60,death,0,1,monster,0,30,25,0:0|0:4|0:5|0:6|0:7|1:0|1:2|1:4|1:7|1:8|2:0|2:2|2:3|2:4|2:8|2:9|3:0|3:1|3:2|4:2|5:0|5:1|5:2|6:1|6:2,2175
1693,3421,0.58112528132033,3.0,3.0,0.0,3.0,83,victory,1,0,,0,44,40,0:0|0:1|0:4|0:5|0:6|0:7|0:8|0:9|1:0|1:4|1:7|1:8|1:9|2:0|2:2|2:3|2:4|2:9|3:0|3:1|3:2|3:9|4:2|4:6|4:7|4:8|4:9|5:1|5:2|5:6|5:9|6:1|6:2|6:6|6:7|6:8|6:9|7:8|7:9|8:8,2175
1694,3422,0.5808777194298574,3.0,3.0,0.0,3.0,140,victory,1,0,,0,46,41,0:0|0:4|0:5|0:6|0:7|0:8|0:9|1:0|1:4|1:6|1:7|1:8|1:9|2:0|2:2|2:3|2:4|2:8|2:9|3:0|3:1|3:2|3:9|4:2|4:3|4:4|4:5|4:9|5:0|5:1|5:2|5:9|6:1|6:2|6:3|6:8|6:9|7:8|7:9|8:8|8:9,2175
1695,3423,0.5806301575393849,1.0,1.0,0.0,1.0,26,death,0,1,monster,0,12,12,0:0|0:1|1:0|2:0|3:0|3:1|3:2|4:2|5:1|5:2|6:1|6:2,2175
1696,3424,0.5803825956489123,2.0,2.0,0.0,2.0,51,death,0,1,monster,0,35,28,0:0|0:4|0:5|0:6|0:7|1:0|1:4|1:7|1:8|1:9|2:0|2:2|2:3|2:4|2:9|3:0|3:1|3:2|3:9|4:2|4:9|5:2|5:9|6:1|6:2|6:7|6:8|6:9,2175
1697,3425,0.5801350337584397,0.0,0.0,0.0,0.0,30,death,0,1,monster,0,11,10,0:0|0:1|1:0|2:0|3:0|3:1|3:2|4:2|5:2|6:2,2175
1698,3426,0.579887471867967,1.0,1.0,0.0,1.0,51,death,0,1,monster,0,21,13,0:0|1:0|2:0|3:0|3:1|3:2|4:2|5:0|5:1|5:2|6:0|6:1|7:0,2175
1699,3427,0.5796399099774945,3.0,3.0,0.0,3.0,109,victory,1,0,,0,47,43,0:0|0:1|0:4|0:5|0:6|0:7|1:0|1:2|1:4|1:6|1:7|2:0|2:2|2:3|2:4|2:6|3:0|3:1|3:2|3:5|3:6|3:9|4:2|4:3|4:5|4:6|4:7|4:8|4:9|5:0|5:1|5:2|5:6|5:8|5:9|6:0|6:1|6:2|6:8|6:9|7:8|7:9|8:8,2175
1700,3428,0.5793923480870218,0.0,0.0,0.0,0.0,41,death,0,1,monster,0,10,6,0:0|1:0|2:0|3:0|3:1|3:2,2175
1701,3429,0.5791447861965491,3.0,3.0,0.0,3.0,92,victory,1,0,,0,46,35,0:0|0:4|0:5|0:6|0:7|0:8|0:9|1:0|1:4|1:7|1:8|1:9|2:0|2:2|2:3|2:4|2:8|2:9|3:0|3:1|3:2|3:8|3:9|4:2|4:8|4:9|5:2|5:9|6:1|6:2|6:8|6:9|7:8|7:9|8:8,2175
1702,3430,0.5788972243060765,3.0,3.0,0.0,3.0,89,victory,1,0,,0,44,36,0:0|0:1|0:4|0:5|0:6|0:7|0:8|1:0|1:4|1:6|1:7|1:8|1:9|2:0|2:2|2:3|2:4|2:6|2:8|2:9|3:0|3:1|3:2|3:9|4:2|4:8|4:9|5:1|5:2|5:9|6:1|6:2|6:9|7:8|7:9|8:8,2175
1703,3431,0.5786496624156039,3.0,3.0,0.0,3.0,124,victory,1,0,,0,46,37,0:0|0:2|0:4|0:5|0:6|0:7|0:8|1:0|1:2|1:4|1:6|1:7|1:8|1:9|2:0|2:2|2:3|2:4|2:9|3:0|3:1|3:2|3:9|4:2|4:3|4:9|5:1|5:2|5:8|5:9|6:1|6:2|6:8|6:9|7:8|7:9|8:8,2175
1704,3432,0.5784021005251313,3.0,3.0,0.0,3.0,314,victory,1,0,,0,56,43,0:0|0:1|0:4|0:5|0:6|0:7|0:8|0:9|1:0|1:2|1:4|1:6|1:7|1:8|1:9|2:0|2:2|2:3|2:4|2:8|2:9|3:0|3:1|3:2|3:8|3:9|4:2|4:3|4:8|4:9|5:1|5:2|5:8|5:9|6:1|6:2|6:7|6:8|6:9|7:8|7:9|8:8|8:9,2175
1705,3433,0.5781545386346587,3.0,3.0,0.0,3.0,202,victory,1,0,,0,44,38,0:0|0:1|0:4|0:5|0:6|0:7|0:8|0:9|1:0|1:4|1:7|1:8|1:9|2:0|2:2|2:3|2:4|2:8|2:9|3:0|3:1|3:2|3:8|3:9|4:2|4:8|4:9|5:1|5:2|5:8|5:9|6:1|6:2|6:8|6:9|7:8|7:9|8:8,2175
1706,3434,0.577906976744186,3.0,3.0,0.0,3.0,107,victory,1,0,,0,42,37,0:0|0:4|0:5|0:6|0:7|0:8|1:0|1:4|1:6|1:7|2:0|2:2|2:3|2:4|2:6|2:9|3:0|3:1|3:2|3:4|3:6|3:8|3:9|4:2|4:6|4:7|4:8|4:9|5:1|5:2|5:9|6:1|6:2|6:9|7:8|7:9|8:8,2175
1707,3435,0.5776594148537134,3.0,3.0,0.0,3.0,110,victory,1,0,,0,45,35,0:0|0:1|0:2|0:4|0:5|0:6|0:7|0:8|0:9|1:0|1:2|1:4|1:8|1:9|2:0|2:2|2:3|2:4|2:8|2:9|3:0|3:1|3:2|3:9|4:2|4:9|5:2|5:8|5:9|6:1|6:2|6:9|7:8|7:9|8:8,2175
1708,3436,0.5774118529632408,2.0,2.0,0.0,2.0,86,death,0,1,monster,0,40,32,0:0|0:4|0:5|0:6|0:7|1:0|1:4|1:6|1:7|1:8|1:9|2:0|2:2|2:3|2:4|2:8|3:0|3:1|3:2|3:8|4:2|4:3|4:8|5:1|5:2|5:8|5:9|6:1|6:2|6:3|6:8|7:8,2175
1709,3437,0.5771642910727682,1.0,1.0,0.0,1.0,28,death,0,1,monster,0,17,13,0:0|0:1|1:0|2:0|2:2|3:0|3:1|3:2|4:2|5:1|5:2|6:1|6:2,2175
1710,3438,0.5769167291822956,3.0,3.0,0.0,3.0,80,victory,1,0,,0,44,35,0:0|0:4|0:5|0:6|0:7|1:0|1:4|1:6|1:7|1:8|2:0|2:2|2:3|2:4|2:8|2:9|3:0|3:1|3:2|3:8|3:9|4:2|4:9|5:1|5:2|5:9|6:1|6:2|6:7|6:8|6:9|7:8|7:9|8:8|8:9,2175
1711,3439,0.5766691672918229,2.0,2.0,0.0,2.0,106,death,0,1,monster,0,31,20,0:0|0:4|0:5|0:6|0:7|1:0|1:4|2:0|2:4|3:0|3:1|3:2|3:4|4:2|4:3|4:4|5:1|5:2|6:1|6:2,2175
1712,3440,0.5764216054013502,3.0,3.0,0.0,3.0,125,victory,1,0,,0,43,37,0:0|0:4|0:5|0:6|0:7|1:0|1:4|1:7|1:8|2:0|2:4|2:8|2:9|3:0|3:1|3:2|3:4|3:5|3:9|4:2|4:4|4:5|4:9|5:0|5:1|5:2|5:4|5:9|6:1|6:2|6:3|6:4|6:8|6:9|7:8|7:9|8:8,2175
1713,3441,0.5761740435108778,1.0,1.0,0.0,1.0,100,death,0,1,monster,0,29,19,0:0|0:4|0:5|1:0|1:4|2:0|2:2|2:3|2:4|3:0|3:1|3:2|3:4|4:2|4:3|5:1|5:2|6:1|6:2,2175
1714,3442,0.575926481620405,3.0,3.0,0.0,3.0,84,victory,1,0,,0,41,36,0:0|0:1|0:4|0:5|0:6|0:7|1:0|1:4|1:6|1:7|1:8|2:0|2:2|2:3|2:4|2:8|2:9|3:0|3:1|3:2|3:4|3:9|4:2|4:3|4:9|5:1|5:2|5:9|6:1|6:2|6:3|6:8|6:9|7:8|7:9|8:8,2175
1715,3443,0.5756789197299325,2.0,2.0,0.0,2.0,350,truncated,0,0,,1,76,46,0:0|0:1|0:2|0:4|0:5|0:6|0:7|0:8|0:9|1:2|1:4|1:6|1:7|1:8|1:9|2:2|2:3|2:4|2:8|2:9|3:4|3:5|3:8|3:9|4:7|4:8|4:9|5:8|5:9|6:6|6:7|6:8|6:9|7:5|7:6|7:8|7:9|8:5|8:7|8:8|8:9|9:5|9:6|9:7|9:8|9:9,2180
1716,3444,0.5754313578394599,0.0,0.0,0.0,0.0,62,death,0,1,monster,0,16,13,0:0|0:1|1:0|1:2|1:4|2:0|2:2|2:3|2:4|3:0|3:1|3:2|4:2,2180
1717,3445,0.5751837959489873,1.0,1.0,0.0,1.0,187,death,0,1,monster,0,35,20,0:0|0:4|0:5|1:0|1:2|1:4|2:0|2:2|2:3|2:4|3:0|3:1|3:2|3:4|4:2|5:1|5:2|6:0|6:1|6:2,2180
1718,3446,0.5749362340585147,3.0,3.0,0.0,3.0,88,victory,1,0,,0,46,38,0:0|0:4|0:5|0:6|0:7|1:0|1:4|1:6|1:7|1:8|2:0|2:4|2:6|2:8|3:0|3:1|3:2|3:4|3:8|3:9|4:2|4:3|4:4|4:8|4:9|5:1|5:2|5:4|5:9|6:1|6:2|6:3|6:4|6:8|6:9|7:8|7:9|8:8,2180
1719,3447,0.574688672168042,0.0,0.0,0.0,0.0,8,death,0,1,monster,0,6,6,0:0|1:0|2:0|3:0|3:1|3:2,2180
1720,3448,0.5744411102775694,0.0,0.0,0.0,0.0,99,death,0,1,monster,0,27,19,0:0|0:1|1:0|2:0|2:2|2:3|3:0|3:1|3:2|4:2|4:3|4:4|4:5|4:6|5:0|5:1|5:2|6:0|7:0,2182
1721,3449,0.5741935483870968,3.0,3.0,0.0,3.0,189,victory,1,0,,0,48,38,0:0|0:1|0:2|0:4|0:5|0:6|0:7|0:8|0:9|1:0|1:2|1:4|1:7|1:8|1:9|2:0|2:2|2:3|2:4|2:9|3:0|3:1|3:2|3:9|4:2|4:8|4:9|5:0|5:1|5:2|5:8|5:9|6:1|6:8|6:9|7:8|7:9|8:8,2182
1722,3450,0.5739459864966241,2.0,2.0,0.0,2.0,137,death,0,1,monster,0,42,32,0:0|0:1|0:2|0:4|0:5|0:6|0:7|0:8|0:9|1:0|1:2|1:4|1:7|1:8|1:9|2:0|2:2|2:3|2:4|2:8|2:9|3:0|3:1|3:2|3:9|4:2|4:8|4:9|5:1|5:2|6:1|6:2,2182
1723,3451,0.5736984246061516,3.0,3.0,0.0,3.0,90,victory,1,0,,0,42,31,0:0|0:4|0:5|0:6|0:7|0:8|1:0|1:4|1:7|1:8|1:9|2:0|2:2|2:3|2:4|2:9|3:0|3:1|3:2|3:9|4:2|4:9|5:1|5:2|5:9|6:1|6:2|6:9|7:8|7:9|8:8,2182
1724,3452,0.5734508627156789,2.0,2.0,0.0,2.0,170,death,0,1,monster,0,53,38,0:0|0:4|0:5|0:6|0:7|0:8|0:9|1:0|1:4|1:6|1:7|1:8|1:9|2:0|2:2|2:3|2:4|2:8|2:9|3:0|3:1|3:2|3:4|3:8|3:9|4:2|4:8|4:9|5:0|5:1|5:2|5:8|5:9|6:0|6:1|6:2|6:8|6:9,2182
1725,3453,0.5732033008252062,3.0,3.0,0.0,3.0,110,victory,1,0,,0,41,33,0:0|0:1|0:4|0:5|0:6|0:7|0:8|1:0|1:4|1:8|2:0|2:2|2:3|2:4|2:8|2:9|3:0|3:1|3:2|3:9|4:2|4:8|4:9|5:1|5:2|5:8|5:9|6:1|6:2|6:9|7:8|7:9|8:8,2182
1726,3454,0.5729557389347337,3.0,3.0,0.0,3.0,113,victory,1,0,,0,42,33,0:0|0:4|0:5|0:6|0:7|0:8|1:0|1:4|1:6|1:7|1:8|2:0|2:2|2:3|2:4|2:8|2:9|3:0|3:1|3:2|3:9|4:2|4:9|5:0|5:1|5:2|5:9|6:1|6:2|6:9|7:9|8:8|8:9,2182
1727,3455,0.572708177044261,1.0,1.0,0.0,1.0,70,death,0,1,monster,0,34,23,0:0|0:2|1:0|1:2|1:4|2:0|2:2|2:3|2:4|3:0|3:1|3:2|3:4|4:2|4:4|5:0|5:1|5:2|5:4|6:1|6:2|6:3|6:4,2182
1728,3456,0.5724606151537884,3.0,3.0,0.0,3.0,117,victory,1,0,,0,49,39,0:0|0:4|0:5|0:6|0:7|0:8|1:0|1:4|1:6|1:8|2:0|2:2|2:3|2:4|2:8|2:9|3:0|3:1|3:2|3:8|3:9|4:2|4:3|4:4|4:8|4:9|5:0|5:1|5:2|5:9|6:1|6:2|6:8|6:9|7:8|7:9|8:8|8:9|9:9,2182
1729,3457,0.5722130532633158,3.0,3.0,0.0,3.0,73,victory,1,0,,0,41,35,0:0|0:1|0:4|0:5|0:6|0:7|1:0|1:4|1:6|1:7|2:0|2:2|2:3|2:4|2:6|3:0|3:1|3:2|3:6|4:2|4:3|4:6|4:7|4:8|4:9|5:1|5:2|5:6|5:9|6:1|6:2|6:8|6:9|7:8|8:8,2182
1730,3458,0.5719654913728432,3.0,3.0,0.0,3.0,108,victory,1,0,,0,48,41,0:0|0:6|0:7|0:8|1:0|1:4|1:6|1:7|1:8|2:0|2:2|2:3|2:4|2:6|2:8|2:9|3:0|3:1|3:2|3:4|3:5|3:6|3:9|4:2|4:3|4:4|4:5|4:8|4:9|5:1|5:2|5:4|5:8|5:9|6:1|6:2|6:8|6:9|7:8|7:9|8:8,2182
1731,3459,0.5717179294823707,3.0,3.0,0.0,3.0,88,victory,1,0,,0,46,37,0:0|0:4|0:5|0:6|0:7|0:8|1:0|1:4|1:8|2:0|2:2|2:3|2:4|2:8|2:9|3:0|3:1|3:2|3:9|4:2|4:3|4:4|4:9|5:1|5:2|5:4|5:8|5:9|6:0|6:1|6:2|6:3|6:4|6:8|6:9|7:8|8:8,2182
1732,3460,0.571470367591898,3.0,3.0,0.0,3.0,128,victory,1,0,,0,56,37,0:0|0:1|0:2|0:4|0:5|0:6|0:7|0:8|1:0|1:2|1:4|1:7|1:8|1:9|2:0|2:2|2:3|2:4|2:9|3:0|3:1|3:2|3:4|3:9|4:2|4:3|4:9|5:1|5:2|5:8|5:9|6:0|6:1|6:2|6:8|7:8|8:8,2182
1733,3461,0.5712228057014254,1.0,1.0,0.0,1.0,64,death,0,1,monster,0,31,20,0:0|0:1|0:2|1:0|1:2|2:0|2:2|2:3|2:4|3:0|3:1|3:2|3:4|4:2|4:3|4:4|5:1|5:2|6:1|6:2,2182
1734,3462,0.5709752438109528,2.0,2.0,0.0,2.0,119,death,0,1,monster,0,42,33,0:0|0:4|0:5|0:6|0:7|0:8|1:0|1:4|1:8|2:0|2:2|2:3|2:4|2:8|2:9|3:0|3:1|3:2|3:4|3:5|3:9|4:2|4:9|5:0|5:1|5:2|5:8|5:9|6:0|6:1|6:2|6:3|7:0,2182
1735,3463,0.5707276819204801,0.0,0.0,0.0,0.0,33,death,0,1,monster,0,8,6,0:0|1:0|2:0|3:0|3:1|3:2,2182
1736,3464,0.5704801200300076,0.0,0.0,0.0,0.0,38,death,0,1,monster,0,16,11,0:0|1:0|2:0|3:0|3:1|3:2|4:2|4:3|4:4|5:2|6:2,2182
1737,3465,0.5702325581395349,3.0,3.0,0.0,3.0,119,victory,1,0,,0,46,39,0:0|0:4|0:5|0:6|0:7|0:8|1:0|1:4|1:6|1:7|1:8|1:9|2:0|2:2|2:3|2:4|2:8|2:9|3:0|3:1|3:2|3:8|3:9|4:2|4:3|4:9|5:0|5:1|5:2|5:9|6:0|6:1|6:2|6:8|6:9|7:0|7:8|8:0|8:8,2182
1738,3466,0.5699849962490622,0.0,0.0,0.0,0.0,39,death,0,1,monster,0,15,12,0:0|1:0|2:0|2:2|3:0|3:1|3:2|3:4|4:2|4:3|4:4|4:5,2182
1739,3467,0.5697374343585897,3.0,3.0,0.0,3.0,77,victory,1,0,,0,38,37,0:0|0:7|1:0|1:6|1:7|2:0|2:6|3:0|3:1|3:2|3:6|4:2|4:6|5:1|5:2|5:6|6:0|6:1|6:6|6:7|6:8|7:0|7:3|7:8|8:0|8:1|8:2|8:3|8:4|8:8|9:2|9:3|9:4|9:5|9:6|9:7|9:8,2182
1740,3468,0.569489872468117,3.0,3.0,0.0,3.0,124,victory,1,0,,0,42,36,0:0|0:1|0:2|0:4|0:5|0:6|0:7|0:8|1:0|1:4|1:6|1:8|1:9|2:0|2:2|2:3|2:4|2:8|2:9|3:0|3:1|3:2|3:8|3:9|4:2|4:3|4:9|5:1|5:2|5:9|6:1|6:2|6:9|7:8|7:9|8:8,2182
1741,3469,0.5692423105776444,0.0,0.0,0.0,0.0,24,death,0,1,monster,0,9,7,0:0|1:0|2:0|3:0|3:1|3:2|4:2,2182
1742,3470,0.5689947486871718,0.0,0.0,0.0,0.0,24,death,0,1,monster,0,10,8,0:0|1:0|2:0|3:0|3:1|3:2|4:2|4:3,2182
1743,3471,0.5687471867966992,1.0,1.0,0.0,1.0,66,death,0,1,monster,0,29,19,0:0|0:1|0:2|1:0|1:2|2:0|2:2|2:3|3:0|3:1|3:2|4:2|4:3|4:4|4:5|5:1|5:2|6:1|6:2,2183
1744,3472,0.5684996249062266,1.0,1.0,0.0,1.0,34,death,0,1,monster,0,19,15,0:0|0:4|1:0|1:4|2:0|2:2|2:3|2:4|3:0|3:1|3:2|4:2|5:1|5:2|6:1,2183
1745,3473,0.5682520630157539,2.0,2.0,0.0,2.0,128,death,0,1,monster,0,43,36,0:0|0:4|0:5|0:6|0:7|0:8|1:0|1:4|1:8|2:0|2:2|2:3|2:4|2:8|2:9|3:0|3:1|3:2|3:4|3:5|3:8|3:9|4:2|4:4|4:7|4:8|4:9|5:1|5:2|5:8|5:9|6:1|6:2|6:8|6:9|7:8,2183
1746,3474,0.5680045011252813,2.0,2.0,0.0,2.0,55,death,0,1,monster,0,29,22,0:0|0:4|0:5|0:6|0:7|1:0|1:2|1:4|2:0|2:2|2:3|2:4|3:0|3:1|3:2|3:4|3:5|4:2|4:4|5:1|5:2|6:1,2183
1747,3475,0.5677569392348087,2.0,2.0,0.0,2.0,60,death,0,1,monster,0,32,26,0:0|0:1|0:4|0:5|0:6|0:7|0:8|1:0|1:4|1:8|1:9|2:0|2:2|2:3|2:4|2:8|3:0|3:1|3:2|3:8|4:2|4:3|4:8|5:1|5:2|6:1,2183
1748,3476,0.567509377344336,1.0,1.0,0.0,1.0,91,death,0,1,monster,0,33,18,0:0|0:1|0:2|1:0|1:2|2:0|2:2|2:3|3:0|3:1|3:2|4:2|4:3|5:0|5:1|5:2|6:1|6:2,2183
1749,3477,0.5672618154538634,3.0,3.0,0.0,3.0,112,victory,1,0,,0,46,37,0:0|0:4|0:5|0:6|0:7|0:8|1:0|1:2|1:4|1:8|1:9|2:0|2:2|2:3|2:4|2:8|2:9|3:0|3:1|3:2|3:4|3:9|4:2|4:7|4:8|4:9|5:2|5:9|6:1|6:2|6:3|6:4|6:8|6:9|7:3|7:8|8:8,2183
1750,3478,0.5670142535633909,2.0,2.0,0.0,2.0,64,death,0,1,monster,0,37,24,0:0|0:4|0:5|0:6|0:7|1:0|1:2|1:4|1:6|1:7|2:0|2:2|2:3|2:4|2:6|3:0|3:1|3:2|3:4|4:2|4:3|5:1|5:2|6:1,2183
1751,3479,0.5667666916729182,3.0,3.0,0.0,3.0,87,victory,1,0,,0,41,35,0:0|0:4|0:5|0:6|0:7|0:8|0:9|1:0|1:2|1:4|1:9|2:0|2:2|2:3|2:4|2:9|3:0|3:1|3:2|3:9|4:2|4:9|5:1|5:2|5:9|6:1|6:2|6:6|6:7|6:8|6:9|7:6|7:8|7:9|8:8,2183
1752,3480,0.5665191297824457,3.0,3.0,0.0,3.0,85,victory,1,0,,0,40,36,0:0|0:4|0:5|0:6|0:7|0:8|1:0|1:4|1:7|1:8|2:0|2:2|2:3|2:4|2:8|2:9|3:0|3:1|3:2|3:9|4:2|4:8|4:9|5:0|5:1|5:2|5:8|5:9|6:0|6:1|6:2|6:3|6:9|7:9|8:8|8:9,2183
1753,3481,0.566271567891973,3.0,3.0,0.0,3.0,116,victory,1,0,,0,45,32,0:0|0:4|0:5|0:6|0:7|0:8|1:0|1:2|1:4|1:8|2:0|2:2|2:3|2:4|2:8|2:9|3:0|3:1|3:2|3:9|4:2|4:3|4:8|4:9|5:1|5:2|5:9|6:1|6:9|7:8|7:9|8:8,2183
1754,3482,0.5660240060015004,3.0,3.0,0.0,3.0,108,victory,1,0,,0,40,34,0:0|0:4|0:5|0:6|0:7|0:8|0:9|1:0|1:2|1:4|1:8|1:9|2:0|2:2|2:3|2:4|2:8|2:9|3:0|3:1|3:2|3:8|3:9|4:2|4:8|4:9|5:1|5:2|5:8|5:9|6:1|6:8|7:8|8:8,2183
1755,3483,0.5657764441110278,3.0,3.0,0.0,3.0,73,victory,1,0,,0,45,36,0:0|0:2|0:6|0:7|0:8|1:0|1:2|1:6|1:8|1:9|2:0|2:2|2:3|2:4|2:6|2:8|2:9|3:0|3:1|3:2|3:4|3:5|3:6|3:9|4:2|4:9|5:1|5:2|5:9|6:1|6:8|6:9|7:8|7:9|8:8|8:9,2183
1756,3484,0.5655288822205551,3.0,3.0,0.0,3.0,93,victory,1,0,,0,45,36,0:0|0:1|0:2|0:4|0:5|0:6|0:7|0:8|1:0|1:2|1:4|1:8|2:0|2:2|2:3|2:4|2:8|2:9|3:0|3:1|3:2|3:9|4:2|4:8|4:9|5:0|5:1|5:2|5:9|6:1|6:2|6:3|6:9|7:8|7:9|8:8,2183
1757,3485,0.5652813203300826,3.0,3.0,0.0,3.0,86,victory,1,0,,0,44,36,0:0|0:4|0:5|0:6|0:7|0:8|0:9|1:0|1:2|1:4|1:8|1:9|2:0|2:2|2:3|2:4|2:8|2:9|3:0|3:1|3:2|3:9|4:2|4:8|4:9|5:0|5:1|5:2|5:9|6:0|6:1|6:2|6:9|7:8|7:9|8:8,2183
1758,3486,0.5650337584396099,3.0,3.0,0.0,3.0,73,victory,1,0,,0,39,35,0:0|0:4|0:5|0:6|0:7|0:8|1:0|1:2|1:4|1:8|2:0|2:2|2:3|2:4|2:8|2:9|3:0|3:1|3:2|3:8|3:9|4:2|4:8|4:9|5:1|5:2|5:9|6:1|6:2|6:3|6:4|6:9|7:9|8:8|8:9,2183
1759,3487,0.5647861965491372,3.0,3.0,0.0,3.0,120,victory,1,0,,0,45,39,0:0|0:1|0:2|0:4|0:5|0:6|0:7|0:8|0:9|1:0|1:2|1:4|1:6|1:9|2:0|2:2|2:3|2:4|2:9|3:0|3:1|3:2|3:9|4:2|4:9|5:0|5:1|5:2|5:8|5:9|6:1|6:2|6:6|6:7|6:8|6:9|7:8|7:9|8:8,2183
1760,3488,0.5645386346586647,3.0,3.0,0.0,3.0,127,victory,1,0,,0,60,43,0:0|0:1|0:2|0:5|0:6|0:7|0:8|1:0|1:2|1:6|1:8|1:9|2:0|2:2|2:3|2:4|2:6|2:8|2:9|3:0|3:1|3:2|3:4|3:5|3:6|3:9|4:2|4:3|4:4|4:5|4:6|4:7|4:9|5:0|5:1|5:2|5:9|6:1|6:2|6:9|7:8|7:9|8:8,2183
1761,3489,0.564291072768192,3.0,3.0,0.0,3.0,132,victory,1,0,,0,44,35,0:0|0:4|0:5|0:6|0:7|0:8|0:9|1:0|1:4|1:6|1:7|1:8|1:9|2:0|2:2|2:3|2:4|2:9|3:0|3:1|3:2|3:9|4:2|4:9|5:1|5:2|5:8|5:9|6:1|6:2|6:8|6:9|7:9|8:8|8:9,2183
1762,3490,0.5640435108777194,1.0,1.0,0.0,1.0,90,death,0,1,monster,0,29,19,0:0|1:0|2:0|2:2|2:3|2:4|3:0|3:1|3:2|4:2|4:3|4:4|5:1|5:2|6:0|6:1|6:2|6:3|6:4,2183
1763,3491,0.5637959489872468,2.0,2.0,0.0,2.0,113,death,0,1,monster,0,36,24,0:0|0:4|0:5|0:6|0:7|0:8|1:0|1:2|1:4|1:6|1:7|2:0|2:2|2:3|2:4|3:0|3:1|3:2|4:2|4:3|4:4|5:1|5:2|6:1,2183
1764,3492,0.5635483870967741,3.0,3.0,0.0,3.0,57,victory,1,0,,0,37,32,0:0|0:4|0:5|0:6|0:7|0:8|0:9|1:0|1:4|1:9|2:0|2:2|2:3|2:4|2:9|3:0|3:1|3:2|3:9|4:2|4:9|5:0|5:1|5:2|5:9|6:1|6:2|6:9|7:8|7:9|8:8|8:9,2183
1765,3493,0.5633008252063016,3.0,3.0,0.0,3.0,93,victory,1,0,,0,40,34,0:0|0:4|0:5|0:6|0:7|0:8|0:9|1:0|1:4|1:6|1:8|1:9|2:0|2:2|2:3|2:4|2:8|2:9|3:0|3:1|3:2|3:9|4:2|4:3|4:9|5:1|5:2|5:8|5:9|6:1|6:2|6:8|7:8|8:8,2183
1766,3494,0.563053263315829,3.0,3.0,0.0,3.0,99,victory,1,0,,0,43,39,0:0|0:4|0:5|0:6|0:7|0:8|1:0|1:2|1:4|1:7|1:8|1:9|2:0|2:2|2:3|2:4|2:8|2:9|3:0|3:1|3:2|3:4|3:9|4:2|4:9|5:1|5:2|5:9|6:1|6:2|6:3|6:4|6:8|6:9|7:3|7:8|7:9|8:3|8:8,2183
1767,3495,0.5628057014253564,3.0,3.0,0.0,3.0,71,victory,1,0,,0,37,33,0:0|0:1|0:4|0:5|0:6|0:7|0:8|0:9|1:0|1:4|1:8|1:9|2:0|2:2|2:3|2:4|2:9|3:0|3:1|3:2|3:9|4:2|4:9|5:1|5:2|5:9|6:0|6:1|6:2|6:9|7:8|7:9|8:8,2183
1768,3496,0.5625581395348838,3.0,3.0,0.0,3.0,66,victory,1,0,,0,46,36,0:0|0:4|0:5|0:6|0:7|0:8|0:9|1:0|1:4|1:6|1:8|1:9|2:0|2:2|2:3|2:4|2:6|2:9|3:0|3:1|3:2|3:9|4:2|4:9|5:0|5:1|5:2|5:8|5:9|6:0|6:1|6:2|6:7|6:8|7:8|8:8,2183
1769,3497,0.5623105776444111,3.0,3.0,0.0,3.0,102,victory,1,0,,0,46,38,0:0|0:1|0:4|0:5|0:6|0:7|0:8|0:9|1:0|1:2|1:4|1:6|1:7|1:8|1:9|2:0|2:2|2:3|2:4|2:8|2:9|3:0|3:1|3:2|3:8|3:9|4:2|4:3|4:9|5:1|5:2|5:9|6:1|6:9|7:8|7:9|8:8|8:9,2183
1770,3498,0.5620630157539386,2.0,2.0,0.0,2.0,95,death,0,1,monster,0,43,29,0:0|0:2|0:4|0:5|0:6|0:7|0:8|0:9|1:0|1:2|1:4|1:6|1:7|1:8|2:0|2:2|2:3|2:4|3:0|3:1|3:2|4:2|4:3|5:0|5:1|5:2|6:0|6:1|6:2,2183
1771,3499,0.5618154538634659,2.0,2.0,0.0,2.0,89,death,0,1,monster,0,43,33,0:0|0:4|0:5|0:6|0:7|0:8|0:9|1:0|1:4|1:6|1:7|1:8|1:9|2:0|2:3|2:4|2:8|2:9|3:0|3:1|3:2|3:4|3:8|3:9|4:2|4:3|4:4|4:9|5:1|5:2|6:1|6:2|6:3,2183
1772,3500,0.5615678919729932,3.0,3.0,0.0,3.0,79,victory,1,0,,0,40,33,0:0|0:4|0:5|0:6|0:7|0:8|1:0|1:4|1:8|1:9|2:0|2:2|2:3|2:4|2:9|3:0|3:1|3:2|3:9|4:2|4:3|4:9|5:0|5:1|5:2|5:9|6:1|6:2|6:9|7:8|7:9|8:8|8:9,2184
1773,3501,0.5613203300825207,2.0,2.0,0.0,2.0,128,death,0,1,monster,0,40,22,0:0|0:1|0:2|0:4|0:5|0:6|0:7|0:8|0:9|1:2|1:4|1:7|1:9|2:2|2:3|2:4|3:2|4:2|5:0|5:1|5:2|6:1,2184
1774,3502,0.561072768192048,0.0,0.0,0.0,0.0,21,death,0,1,monster,0,7,4,0:0|1:0|2:0|3:0,2184
1775,3503,0.5608252063015754,3.0,3.0,0.0,3.0,111,victory,1,0,,0,42,37,0:0|0:4|0:5|0:6|0:7|0:8|0:9|1:0|1:4|1:6|1:7|1:8|1:9|2:0|2:2|2:3|2:4|2:8|2:9|3:0|3:1|3:2|3:9|4:2|4:8|4:9|5:1|5:2|5:8|5:9|6:1|6:2|6:8|6:9|7:9|8:8|8:9,2184
1776,3504,0.5605776444111028,2.0,2.0,0.0,2.0,117,death,0,1,monster,0,52,31,0:0|0:4|0:5|0:6|0:7|0:8|1:0|1:4|1:6|1:7|1:8|1:9|2:0|2:2|2:3|2:4|2:6|2:8|2:9|3:0|3:1|3:2|3:4|3:5|3:6|4:2|4:3|5:1|5:2|6:1|6:2,2184
1777,3505,0.5603300825206301,1.0,1.0,0.0,1.0,42,death,0,1,monster,0,19,15,0:0|0:1|1:0|2:0|3:0|3:1|3:2|4:2|4:3|5:0|5:1|5:2|6:1|6:2|6:3,2184
1778,3506,0.5600825206301575,3.0,3.0,0.0,3.0,152,victory,1,0,,0,54,38,0:0|0:1|0:2|0:4|0:5|0:6|0:7|0:8|1:0|1:2|1:4|1:8|2:0|2:2|2:3|2:4|2:8|2:9|3:0|3:1|3:2|3:4|3:9|4:2|4:3|4:9|5:0|5:1|5:2|5:9|6:0|6:1|6:2|6:8|6:9|7:8|7:9|8:8,2184
1779,3507,0.5598349587396849,3.0,3.0,0.0,3.0,78,victory,1,0,,0,48,39,0:0|0:6|0:7|0:8|0:9|1:0|1:2|1:6|1:8|2:0|2:2|2:3|2:4|2:6|2:8|3:0|3:1|3:2|3:4|3:5|3:6|3:8|3:9|4:2|4:6|4:9|5:0|5:1|5:2|5:9|6:0|6:1|6:2|6:3|6:9|7:3|7:9|8:8|8:9,2184
1780,3508,0.5595873968492123,1.0,1.0,0.0,1.0,25,death,0,1,monster,0,15,11,0:0|1:0|2:0|3:0|3:1|3:2|4:2|5:1|5:2|6:1|6:2,2184
1781,3509,0.5593398349587397,3.0,3.0,0.0,3.0,145,victory,1,0,,0,50,40,0:0|0:4|0:5|0:6|0:7|0:8|1:0|1:4|1:6|1:7|1:8|1:9|2:0|2:2|2:3|2:4|2:8|2:9|3:0|3:1|3:2|3:4|3:8|3:9|4:2|4:8|4:9|5:1|5:2|5:8|5:9|6:0|6:1|6:2|6:8|6:9|7:0|7:8|7:9|8:8,2184
1782,3510,0.559092273068267,2.0,2.0,0.0,2.0,75,death,0,1,monster,0,37,28,0:0|0:4|0:5|0:6|0:7|1:0|1:2|1:4|1:6|1:7|1:8|2:0|2:2|2:3|2:4|3:0|3:1|3:2|4:2|4:3|4:4|5:1|5:2|5:4|6:1|6:2|6:3|6:4,2184
1783,3511,0.5588447111777946,3.0,3.0,0.0,3.0,90,victory,1,0,,0,45,35,0:0|0:4|0:5|0:6|0:7|1:0|1:4|1:6|1:7|1:8|2:0|2:2|2:3|2:4|2:8|3:0|3:1|3:2|3:8|3:9|4:2|4:9|5:0|5:1|5:2|5:8|5:9|6:0|6:1|6:2|6:8|6:9|7:0|7:8|8:8,2184
1784,3512,0.5585971492873218,3.0,3.0,0.0,3.0,103,victory,1,0,,0,50,43,0:0|0:4|0:5|0:6|0:7|0:8|0:9|1:0|1:4|1:7|1:8|1:9|2:0|2:4|2:8|2:9|3:0|3:1|3:2|3:4|3:9|4:2|4:3|4:4|4:9|5:0|5:1|5:2|5:4|5:8|5:9|6:0|6:1|6:2|6:3|6:4|6:8|6:9|7:0|7:3|7:9|8:8|8:9,2184
1785,3513,0.5583495873968491,2.0,2.0,0.0,2.0,58,death,0,1,monster,0,34,24,0:0|0:4|0:5|0:6|0:7|0:8|1:0|1:4|1:8|1:9|2:0|2:2|2:3|2:4|2:8|2:9|3:0|3:1|3:2|4:2|5:1|5:2|6:1|6:2,2184
1786,3514,0.5581020255063767,2.0,2.0,0.0,2.0,81,death,0,1,monster,0,44,24,0:0|0:4|0:5|0:6|0:7|0:8|0:9|1:0|1:4|1:6|1:8|1:9|2:0|2:2|2:3|2:4|3:0|3:1|3:2|4:2|4:3|5:1|5:2|6:1,2184
1787,3515,0.557854463615904,3.0,3.0,0.0,3.0,216,victory,1,0,,0,50,39,0:0|0:4|0:5|0:6|0:7|0:8|0:9|1:0|1:4|1:6|1:7|1:9|2:0|2:2|2:3|2:4|2:8|2:9|3:0|3:1|3:2|3:8|3:9|4:2|4:7|4:8|4:9|5:0|5:1|5:2|5:8|5:9|6:1|6:2|6:8|6:9|7:9|8:8|8:9,2185
1788,3516,0.5576069017254314,0.0,0.0,0.0,0.0,61,death,0,1,monster,0,17,9,0:0|1:0|2:0|3:0|3:1|3:2|4:2|5:2|6:2,2185
1789,3517,0.5573593398349588,0.0,0.0,0.0,0.0,9,death,0,1,monster,0,8,7,0:0|1:0|2:0|2:2|3:0|3:1|3:2,2185
1790,3518,0.5571117779444861,3.0,3.0,0.0,3.0,232,victory,1,0,,0,45,39,0:0|0:1|0:2|0:4|0:5|0:6|0:7|0:8|0:9|1:0|1:2|1:4|1:7|1:8|1:9|2:0|2:2|2:3|2:4|2:9|3:0|3:1|3:2|3:9|4:2|4:7|4:8|4:9|5:0|5:1|5:2|5:8|5:9|6:1|6:2|6:9|7:9|8:8|8:9,2185
1791,3519,0.5568642160540135,3.0,3.0,0.0,3.0,294,victory,1,0,,0,55,41,0:0|0:4|0:5|0:6|0:7|0:8|0:9|1:0|1:2|1:4|1:6|1:7|1:8|1:9|2:0|2:2|2:3|2:4|2:8|2:9|3:0|3:1|3:2|3:8|3:9|4:2|4:3|4:7|4:8|4:9|5:1|5:2|5:8|5:9|6:0|6:1|6:2|6:8|6:9|7:8|8:8,2185
1792,3520,0.5566166541635409,3.0,3.0,0.0,3.0,148,victory,1,0,,0,46,37,0:0|0:4|0:5|0:6|0:7|0:8|1:0|1:4|1:7|1:8|1:9|2:0|2:2|2:3|2:4|2:8|2:9|3:0|3:1|3:2|3:4|3:5|3:8|3:9|4:2|4:4|4:5|4:8|4:9|5:1|5:2|5:9|6:1|6:8|6:9|7:8|8:8,2185
1793,3521,0.5563690922730683,3.0,3.0,0.0,3.0,105,victory,1,0,,0,42,36,0:0|0:1|0:4|0:5|0:6|0:7|0:8|1:0|1:4|1:7|1:8|1:9|2:0|2:2|2:3|2:4|2:9|3:0|3:1|3:2|3:8|3:9|4:2|4:3|4:8|4:9|5:1|5:2|5:8|5:9|6:1|6:8|6:9|7:8|7:9|8:8,2185
1794,3522,0.5561215303825957,3.0,3.0,0.0,3.0,71,victory,1,0,,0,40,33,0:0|0:4|0:5|0:6|0:7|1:0|1:4|1:6|2:0|2:2|2:3|2:4|2:6|3:0|3:1|3:2|3:6|4:2|4:5|4:6|4:7|4:8|4:9|5:1|5:2|5:9|6:1|6:2|6:3|6:8|6:9|7:8|8:8,2185
1795,3523,0.555873968492123,1.0,1.0,0.0,1.0,55,death,0,1,monster,0,19,14,0:0|1:0|2:0|2:2|3:0|3:1|3:2|4:2|4:3|4:4|5:1|5:2|6:1|6:2,2185
1796,3524,0.5556264066016504,0.0,0.0,0.0,0.0,30,death,0,1,monster,0,10,9,0:0|1:0|2:0|3:0|3:1|3:2|4:2|4:3|4:4,2185
1797,3525,0.5553788447111778,3.0,3.0,0.0,3.0,92,victory,1,0,,0,45,39,0:0|0:2|0:7|1:0|1:2|1:6|1:7|2:0|2:2|2:6|3:0|3:1|3:2|3:6|4:2|4:6|5:0|5:1|5:2|5:6|6:0|6:1|6:6|6:7|6:8|7:0|7:8|8:0|8:1|8:2|8:8|9:2|9:3|9:4|9:5|9:6|9:7|9:8|9:9,2186
1798,3526,0.5551312828207051,3.0,3.0,0.0,3.0,90,victory,1,0,,0,40,35,0:0|0:1|0:4|0:5|0:6|0:7|0:8|1:0|1:4|1:6|1:7|1:8|1:9|2:0|2:2|2:3|2:4|2:9|3:0|3:1|3:2|3:9|4:2|4:6|4:7|4:8|4:9|5:1|5:2|5:9|6:1|6:8|6:9|7:8|8:8,2186
1799,3527,0.5548837209302325,3.0,3.0,0.0,3.0,344,victory,1,0,,0,80,44,0:0|0:1|0:2|0:4|0:5|0:6|0:7|0:8|0:9|1:0|1:2|1:4|1:6|1:7|1:8|1:9|2:0|2:2|2:3|2:4|2:6|2:8|2:9|3:0|3:1|3:2|3:4|3:9|4:2|4:3|4:6|4:7|4:8|4:9|5:1|5:2|5:8|5:9|6:1|6:7|6:8|6:9|7:8|8:8,2186
1800,3528,0.5546361590397599,2.0,2.0,0.0,2.0,89,death,0,1,monster,0,33,27,0:0|0:6|0:7|0:8|0:9|1:0|1:2|1:4|1:6|1:7|2:0|2:2|2:3|2:4|2:6|3:0|3:1|3:2|3:4|3:5|3:6|4:2|4:3|5:1|5:2|6:1|6:2,2186
1801,3529,0.5543885971492873,2.0,2.0,0.0,2.0,350,truncated,0,0,,1,77,47,0:0|0:6|0:7|0:8|0:9|1:0|1:2|1:6|1:7|1:8|1:9|2:0|2:2|2:3|2:4|2:6|2:8|2:9|3:0|3:1|3:2|3:4|3:5|3:6|3:8|3:9|4:2|4:3|4:5|4:6|4:7|4:8|4:9|5:1|5:2|5:6|5:8|5:9|6:1|6:2|6:3|6:6|6:7|6:8|6:9|7:6|7:9,2186
1802,3530,0.5541410352588148,2.0,2.0,0.0,2.0,143,death,0,1,monster,0,40,30,0:0|0:4|0:5|0:6|0:7|0:8|0:9|1:0|1:4|1:8|1:9|2:0|2:2|2:3|2:4|2:8|2:9|3:0|3:1|3:2|3:8|3:9|4:2|4:8|4:9|5:1|5:2|5:9|6:1|6:2,2187
1803,3531,0.553893473368342,0.0,0.0,0.0,0.0,13,death,0,1,monster,0,9,8,0:0|1:0|2:0|3:0|3:1|3:2|4:2|4:3,2187
1804,3532,0.5536459114778695,0.0,0.0,0.0,0.0,45,death,0,1,monster,0,17,9,0:0|1:0|2:0|2:2|2:3|2:4|3:0|3:1|3:2,2187
1805,3533,0.5533983495873969,1.0,1.0,0.0,1.0,45,death,0,1,monster,0,20,15,0:0|0:1|0:2|1:0|2:0|2:2|3:0|3:1|3:2|4:2|4:3|4:4|5:1|5:2|6:1,2187
1806,3534,0.5531507876969242,0.0,0.0,0.0,0.0,31,death,0,1,monster,0,8,4,0:0|1:0|2:0|3:0,2187
1807,3535,0.5529032258064517,2.0,2.0,0.0,2.0,102,death,0,1,monster,0,42,29,0:0|0:4|0:5|0:6|0:7|0:8|0:9|1:0|1:4|1:8|1:9|2:0|2:2|2:3|2:4|3:0|3:1|3:2|3:4|3:5|3:6|4:2|4:4|4:5|5:1|5:2|6:1|6:2|6:3,2187
1808,3536,0.552655663915979,1.0,1.0,0.0,1.0,159,death,0,1,monster,0,36,17,0:0|1:0|2:0|2:2|2:3|2:4|3:0|3:1|3:2|3:4|4:2|4:3|5:0|5:1|5:2|6:0|6:1,2187
1809,3537,0.5524081020255064,3.0,3.0,0.0,3.0,234,victory,1,0,,0,50,44,0:0|0:1|0:2|0:6|0:7|1:0|1:2|1:6|1:7|1:8|2:0|2:2|2:3|2:4|2:6|2:8|2:9|3:0|3:1|3:2|3:4|3:5|3:6|3:9|4:2|4:3|4:6|4:7|4:8|4:9|5:1|5:2|5:6|5:8|5:9|6:0|6:1|6:2|6:6|6:8|6:9|7:8|7:9|8:8,2187
1810,3538,0.5521605401350338,3.0,3.0,0.0,3.0,181,victory,1,0,,0,50,35,0:0|0:1|0:2|0:4|0:5|0:6|0:7|0:8|0:9|1:0|1:2|1:4|1:6|1:7|1:9|2:0|2:2|2:3|2:4|2:9|3:2|3:9|4:2|4:8|4:9|5:1|5:2|5:9|6:0|6:1|6:2|6:9|7:9|8:8|8:9,2188
1811,3539,0.5519129782445611,3.0,3.0,0.0,3.0,187,victory,1,0,,0,51,43,0:0|0:1|0:4|0:5|0:6|0:7|0:8|1:0|1:4|1:6|1:7|1:8|2:0|2:2|2:3|2:4|2:6|2:8|2:9|3:0|3:1|3:2|3:6|3:9|4:2|4:3|4:8|4:9|5:0|5:1|5:2|5:8|5:9|6:0|6:1|6:2|6:3|6:8|6:9|7:8|7:9|8:8|8:9,2188
1812,3540,0.5516654163540885,3.0,3.0,0.0,3.0,62,victory,1,0,,0,41,34,0:0|0:4|0:5|0:6|0:7|0:8|0:9|1:0|1:4|1:7|1:8|1:9|2:0|2:2|2:3|2:4|2:8|2:9|3:0|3:1|3:2|3:8|3:9|4:2|4:9|5:1|5:2|5:9|6:1|6:2|6:8|6:9|7:8|8:8,2188
1813,3541,0.5514178544636159,3.0,3.0,0.0,3.0,88,victory,1,0,,0,39,33,0:0|0:4|0:5|0:6|0:7|0:9|1:0|1:4|1:7|1:8|1:9|2:0|2:2|2:3|2:4|2:9|3:0|3:1|3:2|3:4|3:9|4:2|4:9|5:1|5:2|5:8|5:9|6:1|6:2|6:8|6:9|7:8|8:8,2188
1814,3542,0.5511702925731433,2.0,2.0,0.0,2.0,136,death,0,1,monster,0,46,32,0:0|0:1|0:2|0:4|0:5|0:6|0:7|0:8|0:9|1:2|1:4|1:6|1:8|1:9|2:2|2:3|2:4|2:6|2:8|3:2|3:8|4:2|4:3|4:4|4:5|4:6|4:7|4:8|5:1|5:2|6:1|6:2,2188
1815,3543,0.5509227306826707,0.0,0.0,0.0,0.0,33,death,0,1,monster,0,8,5,0:0|0:1|0:2|1:0|2:0,2188
1816,3544,0.550675168792198,2.0,2.0,0.0,2.0,72,death,0,1,monster,0,41,28,0:0|0:4|0:5|0:6|0:7|0:8|0:9|1:0|1:2|1:4|1:6|1:7|1:8|2:0|2:2|2:3|2:4|3:0|3:1|3:2|4:2|4:3|5:0|5:1|5:2|6:0|6:1|6:2,2188
1817,3545,0.5504276069017254,3.0,3.0,0.0,3.0,152,victory,1,0,,0,46,38,0:0|0:4|0:5|0:6|0:7|0:8|0:9|1:0|1:4|1:6|1:7|1:8|1:9|2:0|2:2|2:3|2:4|2:8|2:9|3:0|3:1|3:2|3:8|3:9|4:2|4:8|4:9|5:0|5:1|5:2|5:8|5:9|6:1|6:2|6:8|6:9|7:8|8:8,2188
1818,3546,0.5501800450112528,3.0,3.0,0.0,3.0,90,victory,1,0,,0,41,32,0:0|0:1|0:2|0:4|0:5|0:6|0:7|0:8|0:9|1:2|1:4|1:6|1:9|2:2|2:3|2:4|2:8|2:9|3:1|3:2|3:9|4:2|4:3|4:9|5:1|5:2|5:9|6:1|6:8|6:9|7:8|8:8,2188
1819,3547,0.5499324831207801,2.0,2.0,0.0,2.0,72,death,0,1,monster,0,35,29,0:0|0:1|0:2|0:4|0:5|0:6|0:7|1:0|1:2|1:4|1:6|1:7|1:8|1:9|2:2|2:3|2:4|2:8|2:9|3:2|3:8|3:9|4:2|4:3|4:4|5:1|5:2|6:1|6:2,2188
1820,3548,0.5496849212303077,3.0,3.0,0.0,3.0,76,victory,1,0,,0,46,38,0:0|0:1|0:2|0:7|1:2|1:6|1:7|2:2|2:3|2:6|3:2|3:6|4:2|4:3|4:5|4:6|5:2|5:6|6:0|6:1|6:2|6:6|6:7|6:8|7:0|7:6|7:8|8:0|8:1|8:2|8:3|8:4|8:7|8:8|9:4|9:5|9:6|9:7,2188
1821,3549,0.549437359339835,3.0,3.0,0.0,3.0,121,victory,1,0,,0,45,41,0:0|0:1|0:2|0:4|0:5|0:6|0:7|0:8|1:0|1:2|1:4|1:8|1:9|2:0|2:2|2:4|2:8|2:9|3:0|3:1|3:2|3:4|3:5|3:8|3:9|4:2|4:3|4:4|4:5|4:7|4:8|4:9|5:1|5:2|5:9|6:1|6:2|6:8|6:9|7:8|8:8,2188
1822,3550,0.5491897974493622,2.0,2.0,0.0,2.0,86,death,0,1,monster,0,40,28,0:0|0:1|0:2|0:4|0:5|0:6|0:7|0:8|1:2|1:4|1:6|1:7|1:8|2:2|2:3|2:4|2:6|3:2|3:6|3:8|4:2|4:6|4:7|4:8|5:0|5:1|5:2|6:1,2188
1823,3551,0.5489422355588898,1.0,1.0,0.0,1.0,38,death,0,1,monster,0,23,12,0:0|0:1|0:2|1:2|2:2|3:1|3:2|4:2|4:3|5:1|5:2|6:1,2188
1824,3552,0.5486946736684171,3.0,3.0,0.0,3.0,198,victory,1,0,,0,49,39,0:0|0:1|0:2|0:4|0:5|0:6|0:7|0:8|0:9|1:0|1:2|1:4|1:6|1:7|1:9|2:0|2:2|2:3|2:4|2:9|3:0|3:1|3:2|3:4|3:8|3:9|4:2|4:3|4:9|5:0|5:1|5:2|5:9|6:1|6:7|6:8|6:9|7:8|8:8,2188
1825,3553,0.5484471117779445,3.0,3.0,0.0,3.0,166,victory,1,0,,0,52,36,0:0|0:1|0:2|0:4|0:5|0:6|0:7|0:8|1:2|1:4|1:7|1:8|2:2|2:3|2:4|2:8|3:1|3:2|3:8|3:9|4:2|4:3|4:4|4:8|4:9|5:2|5:4|5:9|6:1|6:2|6:3|6:4|6:8|6:9|7:8|8:8,2188
1826,3554,0.5481995498874719,1.0,1.0,0.0,1.0,31,death,0,1,monster,0,20,15,0:0|0:1|0:2|1:2|2:2|2:3|2:4|3:2|3:4|4:2|4:3|4:4|5:1|5:2|6:1,2188
1827,3555,0.5479519879969993,3.0,3.0,0.0,3.0,107,victory,1,0,,0,43,35,0:0|0:1|0:2|0:4|0:5|0:6|0:7|0:9|1:0|1:2|1:4|1:6|1:7|1:8|1:9|2:2|2:3|2:4|2:8|2:9|3:2|3:9|4:2|4:3|4:9|5:1|5:2|5:8|5:9|6:1|6:2|6:8|6:9|7:8|8:8,2188
1828,3556,0.5477044261065267,0.0,0.0,0.0,0.0,19,death,0,1,monster,0,8,8,0:0|0:1|0:2|1:2|2:2|3:2|4:2|4:3,2188
1829,3557,0.547456864216054,2.0,2.0,0.0,2.0,71,death,0,1,monster,0,42,37,0:0|0:1|0:2|1:2|2:2|2:3|3:2|4:2|4:9|5:0|5:1|5:2|5:6|5:8|5:9|6:1|6:2|6:3|6:6|6:7|6:8|6:9|7:3|7:8|8:3|8:5|8:7|8:8|8:9|9:2|9:3|9:4|9:5|9:6|9:7|9:8|9:9,2188
1830,3558,0.5472093023255814,3.0,3.0,0.0,3.0,79,victory,1,0,,0,42,37,0:0|0:1|0:2|0:4|0:5|0:6|0:7|0:8|0:9|1:2|1:4|1:7|1:8|1:9|2:2|2:3|2:4|2:8|2:9|3:1|3:2|3:8|3:9|4:2|4:3|4:8|4:9|5:1|5:2|5:9|6:1|6:2|6:7|6:8|6:9|7:8|8:8,2188
1831,3559,0.5469617404351088,3.0,3.0,0.0,3.0,122,victory,1,0,,0,45,40,0:0|0:4|0:5|0:6|0:7|0:8|1:0|1:2|1:4|1:6|1:7|1:8|1:9|2:0|2:2|2:3|2:4|2:8|2:9|3:0|3:1|3:2|3:9|4:2|4:8|4:9|5:0|5:1|5:2|5:8|5:9|6:1|6:2|6:3|6:7|6:8|6:9|7:3|7:8|8:8,2188
1832,3560,0.5467141785446361,3.0,3.0,0.0,3.0,61,victory,1,0,,0,41,34,0:0|0:1|0:2|0:4|0:5|0:6|0:7|1:2|1:4|1:7|1:8|2:2|2:3|2:4|2:8|2:9|3:2|3:8|3:9|4:2|4:8|4:9|5:1|5:2|5:9|6:1|6:2|6:3|6:7|6:8|6:9|7:3|7:8|8:8,2188
1833,3561,0.5464666166541636,3.0,3.0,0.0,3.0,93,victory,1,0,,0,41,34,0:0|0:1|0:2|0:4|0:5|0:6|0:7|1:2|1:4|1:7|1:8|1:9|2:2|2:3|2:4|2:8|2:9|3:2|3:8|3:9|4:2|4:8|4:9|5:0|5:1|5:2|5:8|5:9|6:1|6:2|6:7|6:8|7:8|8:8,2188
1834,3562,0.5462190547636909,1.0,1.0,0.0,1.0,15,death,0,1,monster,0,12,11,0:0|0:1|0:2|1:2|2:2|3:2|4:2|4:3|5:2|6:1|6:2,2188
1835,3563,0.5459714928732182,3.0,3.0,0.0,3.0,95,victory,1,0,,0,47,39,0:0|0:1|0:2|0:4|0:5|0:6|0:7|1:2|1:4|1:7|1:8|2:2|2:3|2:4|2:8|3:1|3:2|3:4|3:8|3:9|4:2|4:3|4:4|4:9|5:0|5:1|5:2|5:4|5:8|5:9|6:0|6:1|6:2|6:3|6:7|6:8|6:9|7:8|8:8,2188
1836,3564,0.5457239309827457,3.0,3.0,0.0,3.0,78,victory,1,0,,0,42,35,0:0|0:1|0:2|0:4|0:5|0:6|0:7|1:2|1:4|1:6|1:7|2:2|2:3|2:4|2:6|3:2|3:4|3:6|4:2|4:6|4:7|4:8|4:9|5:1|5:2|5:8|5:9|6:0|6:1|6:2|6:3|6:9|7:9|8:8|8:9,2188
1837,3565,0.545476369092273,3.0,3.0,0.0,3.0,96,victory,1,0,,0,48,35,0:0|0:1|0:2|0:4|0:5|0:6|0:7|0:8|0:9|1:2|1:4|1:7|1:8|1:9|2:2|2:3|2:4|2:8|2:9|3:2|3:8|3:9|4:2|4:9|5:1|5:2|5:8|5:9|6:0|6:1|6:2|6:7|6:8|7:8|8:8,2188
1838,3566,0.5452288072018004,1.0,1.0,0.0,1.0,38,death,0,1,monster,0,23,15,0:0|0:1|0:2|1:2|2:2|2:3|3:2|4:2|5:0|5:1|5:2|6:0|6:1|6:2|7:0,2188
1839,3567,0.5449812453113279,2.0,2.0,0.0,2.0,72,death,0,1,monster,0,42,35,0:0|0:4|0:5|0:6|0:7|1:0|1:4|1:6|1:7|1:8|1:9|2:0|2:2|2:3|2:4|2:6|2:8|2:9|3:0|3:1|3:2|3:6|3:8|3:9|4:2|4:6|4:7|4:8|4:9|5:0|5:1|5:2|6:0|6:1|6:2,2188
1840,3568,0.5447336834208553,3.0,3.0,0.0,3.0,78,victory,1,0,,0,35,31,0:0|0:1|0:2|0:4|0:5|0:6|0:7|1:2|1:4|1:7|1:8|1:9|2:2|2:3|2:4|2:9|3:2|3:8|3:9|4:2|4:3|4:9|5:1|5:2|5:8|5:9|6:1|6:2|6:8|7:8|8:8,2188
1841,3569,0.5444861215303827,3.0,3.0,0.0,3.0,132,victory,1,0,,0,51,37,0:0|0:1|0:2|0:4|0:5|0:6|0:7|0:8|0:9|1:2|1:4|1:6|1:7|1:8|1:9|2:2|2:3|2:4|2:8|2:9|3:1|3:2|3:4|3:8|3:9|4:2|4:3|4:9|5:1|5:2|5:8|5:9|6:1|6:2|6:8|7:8|8:8,2188
1842,3570,0.54423855963991,3.0,3.0,0.0,3.0,73,victory,1,0,,0,37,32,0:0|0:1|0:2|0:4|0:5|0:6|0:7|0:8|1:2|1:4|1:8|1:9|2:2|2:3|2:4|2:8|2:9|3:2|3:9|4:2|4:8|4:9|5:0|5:1|5:2|5:8|6:0|6:1|6:2|6:8|7:8|8:8,2188
1843,3571,0.5439909977494374,3.0,3.0,0.0,3.0,73,victory,1,0,,0,45,31,0:0|0:1|0:2|0:4|0:5|0:6|0:7|1:2|1:4|1:7|1:8|2:2|2:3|2:4|2:8|2:9|3:2|3:9|4:2|4:3|4:9|5:1|5:2|5:8|5:9|6:1|6:2|6:7|6:8|7:8|8:8,2188
1844,3572,0.5437434358589648,1.0,1.0,0.0,1.0,37,death,0,1,monster,0,23,14,0:0|0:1|0:2|0:4|1:2|1:4|2:2|2:3|2:4|3:2|4:2|5:2|6:1|6:2,2188
1845,3573,0.5434958739684921,2.0,2.0,0.0,2.0,51,death,0,1,monster,0,27,20,0:0|0:1|0:2|0:4|0:5|0:6|0:7|0:8|1:2|1:4|1:6|1:7|2:2|2:3|2:4|3:2|4:2|5:1|5:2|6:1,2188
1846,3574,0.5432483120780195,1.0,1.0,0.0,1.0,34,death,0,1,monster,0,21,11,0:0|0:1|0:2|1:2|2:2|3:2|4:2|5:0|5:1|5:2|6:1,2188
1847,3575,0.5430007501875469,0.0,0.0,0.0,0.0,56,death,0,1,monster,0,24,12,0:0|0:1|0:2|1:2|2:0|2:2|2:3|3:0|3:1|3:2|4:2|4:3,2188
1848,3576,0.5427531882970742,0.0,0.0,0.0,0.0,7,death,0,1,monster,0,6,6,0:0|1:0|2:0|3:0|3:1|3:2,2188
1849,3577,0.5425056264066017,1.0,1.0,0.0,1.0,57,death,0,1,monster,0,22,14,0:0|1:0|1:2|2:0|2:2|2:3|3:0|3:1|3:2|4:2|5:1|5:2|6:1|6:2,2188
1850,3578,0.542258064516129,3.0,3.0,0.0,3.0,123,victory,1,0,,0,50,38,0:0|0:1|0:2|0:4|0:5|0:6|0:7|0:8|1:2|1:4|1:8|1:9|2:0|2:2|2:3|2:4|2:8|2:9|3:0|3:1|3:2|3:8|3:9|4:2|4:7|4:8|4:9|5:1|5:2|5:8|5:9|6:1|6:2|6:8|6:9|7:9|8:8|8:9,2188
1851,3579,0.5420105026256564,3.0,3.0,0.0,3.0,66,victory,1,0,,0,41,33,0:0|0:1|0:2|0:4|0:5|0:6|0:7|0:8|1:2|1:4|1:6|1:7|1:8|2:2|2:3|2:4|2:6|3:2|3:5|3:6|4:2|4:6|5:0|5:1|5:2|5:6|6:0|6:1|6:6|6:7|6:8|7:8|8:8,2188
1852,3580,0.5417629407351838,1.0,1.0,0.0,1.0,122,death,0,1,monster,0,36,20,0:0|0:1|0:2|1:0|1:2|2:0|2:2|2:3|3:0|3:1|3:2|4:2|4:3|4:4|5:1|5:2|6:1|6:2|6:3|6:4,2190
1853,3581,0.5415153788447111,1.0,1.0,0.0,1.0,119,death,0,1,monster,0,31,20,0:0|0:1|0:2|1:0|1:2|2:0|2:2|3:0|3:1|3:2|4:2|4:3|5:0|5:1|5:2|6:1|6:2|6:3|7:3|8:3,2190
1854,3582,0.5412678169542386,0.0,0.0,0.0,0.0,11,death,0,1,monster,0,11,9,0:0|0:1|0:2|1:2|1:4|2:2|2:3|2:4|3:4,2190
1855,3583,0.5410202550637659,0.0,0.0,0.0,0.0,22,death,0,1,monster,0,9,6,0:0|0:1|0:2|1:2|2:2|3:2,2190
1856,3584,0.5407726931732932,1.0,1.0,0.0,1.0,66,death,0,1,monster,0,26,16,0:0|0:1|0:2|1:2|2:2|2:3|3:2|4:2|4:3|5:1|5:2|5:4|6:1|6:2|6:3|6:4,2190
1857,3585,0.5405251312828208,3.0,3.0,0.0,3.0,180,victory,1,0,,0,44,38,0:0|0:1|0:2|0:4|0:5|0:6|0:7|0:8|1:2|1:4|1:8|1:9|2:2|2:3|2:4|2:8|2:9|3:0|3:1|3:2|3:8|3:9|4:2|4:3|4:9|5:1|5:2|5:9|6:0|6:1|6:2|6:3|6:4|6:8|6:9|7:3|7:8|8:8,2190
1858,3586,0.5402775693923481,1.0,1.0,0.0,1.0,35,death,0,1,monster,0,19,12,0:0|0:1|0:2|1:2|2:2|3:1|3:2|4:2|5:1|5:2|6:1|6:2,2190
1859,3587,0.5400300075018755,2.0,2.0,0.0,2.0,98,death,0,1,monster,0,42,29,0:0|0:1|0:2|0:4|0:5|0:6|0:7|0:8|1:2|1:4|1:6|1:8|2:2|2:3|2:4|2:8|2:9|3:2|3:4|3:8|3:9|4:2|4:8|4:9|5:1|5:2|5:8|5:9|6:1,2190
1860,3588,0.5397824456114029,3.0,3.0,0.0,3.0,68,victory,1,0,,0,44,38,0:0|0:1|0:2|0:6|0:7|0:8|1:0|1:2|1:6|1:7|1:8|2:0|2:2|2:3|2:6|2:8|2:9|3:0|3:1|3:2|3:4|3:5|3:6|3:9|4:2|4:3|4:4|4:6|4:8|4:9|5:1|5:2|5:8|6:1|6:2|6:8|7:8|8:8,2190
1861,3589,0.5395348837209302,3.0,3.0,0.0,3.0,181,victory,1,0,,0,59,48,0:0|0:1|0:2|0:4|0:5|0:6|0:7|0:8|0:9|1:2|1:4|1:8|1:9|2:2|2:3|2:4|2:6|2:8|2:9|3:1|3:2|3:4|3:5|3:6|3:8|3:9|4:2|4:3|4:4|4:5|4:6|4:7|4:8|4:9|5:1|5:2|5:6|5:8|5:9|6:0|6:1|6:2|6:3|6:4|6:8|6:9|7:8|8:8,2190
1862,3590,0.5392873218304577,3.0,3.0,0.0,3.0,173,victory,1,0,,0,46,37,0:0|0:1|0:2|0:4|0:5|0:6|0:7|0:8|0:9|1:2|1:4|1:7|1:8|1:9|2:2|2:3|2:4|2:8|2:9|3:2|3:9|4:2|4:7|4:8|4:9|5:1|5:2|5:9|6:0|6:1|6:2|6:3|6:4|6:8|6:9|7:8|8:8,2190
1863,3591,0.539039759939985,3.0,3.0,0.0,3.0,167,victory,1,0,,0,45,39,0:0|0:1|0:2|0:4|0:5|0:6|0:7|0:8|0:9|1:2|1:4|1:6|1:8|1:9|2:2|2:3|2:4|2:8|2:9|3:1|3:2|3:8|3:9|4:2|4:3|4:6|4:7|4:8|4:9|5:1|5:2|5:8|5:9|6:0|6:1|6:2|6:8|7:8|8:8,2190
1864,3592,0.5387921980495124,3.0,3.0,0.0,3.0,117,victory,1,0,,0,52,42,0:0|0:1|0:2|0:4|0:5|0:6|0:7|0:8|1:0|1:2|1:4|1:6|1:7|1:8|1:9|2:0|2:2|2:3|2:4|2:8|2:9|3:0|3:1|3:2|3:4|3:8|4:2|4:3|4:4|4:7|4:8|4:9|5:0|5:1|5:2|5:8|5:9|6:1|6:2|6:8|7:8|8:8,2190
1865,3593,0.5385446361590398,2.0,2.0,0.0,2.0,97,death,0,1,monster,0,45,27,0:0|0:1|0:2|0:6|0:7|0:8|0:9|1:2|1:6|1:7|1:8|1:9|2:2|2:3|2:4|2:6|3:0|3:1|3:2|3:4|3:5|3:6|4:2|5:1|5:2|6:1|6:2,2190
1866,3594,0.5382970742685671,3.0,3.0,0.0,3.0,100,victory,1,0,,0,39,35,0:0|0:1|0:2|0:4|0:5|0:6|0:7|0:8|0:9|1:2|1:4|1:7|1:8|2:2|2:3|2:4|2:8|2:9|3:1|3:2|3:9|4:2|4:3|4:8|4:9|5:1|5:2|5:8|5:9|6:1|6:2|6:9|7:9|8:8|8:9,2190
1867,3595,0.5380495123780946,1.0,1.0,0.0,1.0,34,death,0,1,monster,0,21,14,0:0|0:1|0:2|1:2|2:2|3:2|4:2|5:0|5:1|5:2|6:0|6:1|7:0|8:0,2190
1868,3596,0.5378019504876219,1.0,1.0,0.0,1.0,31,death,0,1,monster,0,20,14,0:0|0:1|0:2|1:2|2:0|2:2|3:0|3:1|3:2|4:2|5:0|5:1|5:2|6:1,2190
1869,3597,0.5375543885971492,3.0,3.0,0.0,3.0,113,victory,1,0,,0,46,37,0:0|0:1|0:2|0:4|0:5|0:6|0:7|1:2|1:4|1:7|1:8|1:9|2:2|2:3|2:4|2:8|2:9|3:1|3:2|3:4|3:5|3:8|3:9|4:2|4:7|4:8|4:9|5:1|5:2|5:8|5:9|6:1|6:7|6:8|6:9|7:8|8:8,2190
1870,3598,0.5373068267066767,2.0,2.0,0.0,2.0,90,death,0,1,monster,0,33,26,0:0|0:1|0:2|0:4|0:5|0:6|0:7|0:8|0:9|1:2|1:4|1:9|2:2|2:3|2:4|2:9|3:2|3:9|4:2|4:9|5:0|5:1|5:2|6:0|6:1|6:2,2190
1871,3599,0.537059264816204,3.0,3.0,0.0,3.0,83,victory,1,0,,0,46,35,0:0|0:1|0:2|0:4|0:5|0:6|0:7|0:8|1:2|1:4|1:6|1:8|1:9|2:2|2:3|2:4|2:8|3:2|3:4|3:8|4:2|4:3|4:4|4:7|4:8|5:0|5:1|5:2|5:4|5:8|6:1|6:2|6:8|7:8|8:8,2190
1872,3600,0.5368117029257314,3.0,3.0,0.0,3.0,159,victory,1,0,,0,65,40,0:0|0:1|0:2|0:5|0:6|0:7|0:8|0:9|1:2|1:4|1:6|1:7|1:8|1:9|2:2|2:3|2:4|2:6|2:8|3:1|3:2|3:4|3:5|3:6|3:8|3:9|4:2|4:3|4:7|4:8|4:9|5:0|5:1|5:2|5:8|5:9|6:1|6:8|7:8|8:8,2190
1873,3601,0.5365641410352588,3.0,3.0,0.0,3.0,72,victory,1,0,,0,38,34,0:0|0:2|0:4|0:5|0:6|0:7|0:8|1:0|1:2|1:4|1:8|1:9|2:0|2:2|2:3|2:4|2:8|2:9|3:0|3:1|3:2|3:8|3:9|4:2|4:8|4:9|5:1|5:2|5:8|6:0|6:1|6:8|7:8|8:8,2190
1874,3602,0.5363165791447861,3.0,3.0,0.0,3.0,110,victory,1,0,,0,45,35,0:0|0:1|0:2|0:4|0:5|0:6|0:7|0:8|1:2|1:4|1:6|2:0|2:2|2:3|2:4|2:6|3:0|3:1|3:2|3:6|4:2|4:6|4:7|4:8|5:1|5:2|5:8|6:1|6:2|6:3|6:8|7:8|7:9|8:8|8:9,2190
1875,3603,0.5360690172543137,2.0,2.0,0.0,2.0,161,death,0,1,monster,0,62,42,0:0|0:1|0:2|0:4|0:5|0:6|0:7|0:8|0:9|1:2|1:4|1:6|1:7|1:8|1:9|2:2|2:3|2:4|2:9|3:1|3:2|3:4|3:5|3:8|3:9|4:2|4:3|4:4|4:5|4:6|4:7|4:8|4:9|5:0|5:1|5:2|5:4|5:6|6:0|6:1|6:2|7:0,2190
1876,3604,0.535821455363841,3.0,3.0,0.0,3.0,97,victory,1,0,,0,43,35,0:0|0:1|0:2|0:4|0:5|0:6|0:7|0:8|1:2|1:4|1:6|1:7|1:8|1:9|2:2|2:3|2:4|2:8|2:9|3:0|3:1|3:2|3:4|3:8|4:2|4:8|5:1|5:2|5:8|5:9|6:0|6:1|6:8|7:8|8:8,2190
1877,3605,0.5355738934733684,3.0,3.0,0.0,3.0,80,victory,1,0,,0,39,33,0:0|0:1|0:2|0:4|0:5|0:6|0:7|0:8|1:2|1:4|1:6|1:8|1:9|2:2|2:3|2:4|2:9|3:2|3:9|4:2|4:3|4:8|4:9|5:1|5:2|5:8|5:9|6:1|6:2|6:8|6:9|7:8|8:8,2190
1878,3606,0.5353263315828958,3.0,3.0,0.0,3.0,146,victory,1,0,,0,69,39,0:0|0:1|0:2|0:4|0:5|0:6|0:7|0:8|0:9|1:2|1:4|1:6|1:7|1:8|1:9|2:2|2:3|2:4|2:6|2:8|2:9|3:2|3:6|3:8|3:9|4:2|4:3|4:5|4:6|4:7|4:8|5:1|5:2|5:6|5:8|6:1|6:8|7:8|8:8,2190
1879,3607,0.5350787696924231,3.0,3.0,0.0,3.0,104,victory,1,0,,0,53,31,0:0|0:1|0:2|0:4|0:5|0:6|0:7|0:8|1:2|1:4|1:6|1:7|2:2|2:3|2:4|2:6|3:2|3:6|3:8|4:2|4:6|4:7|4:8|5:1|5:2|5:8|6:1|6:2|6:8|7:8|8:8,2190
1880,3608,0.5348312078019506,3.0,3.0,0.0,3.0,63,victory,1,0,,0,46,34,0:0|0:4|0:5|0:6|0:7|0:8|0:9|1:0|1:4|1:6|1:7|1:8|1:9|2:0|2:2|2:3|2:4|2:8|3:0|3:1|3:2|3:8|4:2|4:8|5:1|5:2|5:8|6:1|6:2|6:7|6:8|6:9|7:8|8:8,2190
1881,3609,0.5345836459114779,1.0,1.0,0.0,1.0,74,death,0,1,monster,0,28,19,0:0|1:0|1:2|1:4|2:0|2:2|2:3|2:4|3:0|3:1|3:2|3:4|4:2|4:3|4:4|5:1|5:2|6:1|6:2,2190
1882,3610,0.5343360840210052,3.0,3.0,0.0,3.0,126,victory,1,0,,0,40,34,0:0|0:1|0:2|0:4|0:5|0:6|0:7|0:8|0:9|1:2|1:4|1:8|1:9|2:2|2:3|2:4|2:8|2:9|3:2|3:4|3:8|4:2|4:7|4:8|5:0|5:1|5:2|5:8|6:0|6:1|6:2|6:8|7:8|8:8,2190
1883,3611,0.5340885221305326,3.0,3.0,0.0,3.0,121,victory,1,0,,0,41,34,0:0|0:1|0:2|0:4|0:5|0:6|0:7|0:8|0:9|1:2|1:4|1:7|1:9|2:2|2:3|2:4|2:8|2:9|3:1|3:2|3:8|4:2|4:3|4:8|5:1|5:2|5:8|6:1|6:2|6:8|7:8|7:9|8:8|8:9,2190
1884,3612,0.53384096024006,3.0,3.0,0.0,3.0,166,victory,1,0,,0,63,43,0:0|0:1|0:2|0:4|0:5|0:6|0:7|0:8|0:9|1:2|1:4|1:6|1:9|2:0|2:2|2:3|2:4|2:8|2:9|3:0|3:1|3:2|3:4|3:8|3:9|4:2|4:3|4:4|4:5|4:8|4:9|5:0|5:1|5:2|5:4|5:8|5:9|6:1|6:7|6:8|6:9|7:8|8:8,2190
1885,3613,0.5335933983495874,0.0,0.0,0.0,0.0,47,death,0,1,monster,0,22,12,0:0|0:1|0:2|1:2|2:2|3:1|3:2|4:2|4:3|4:4|4:5|5:2,2190
1886,3614,0.5333458364591148,0.0,0.0,0.0,0.0,12,death,0,1,monster,0,8,7,0:0|0:1|0:2|1:2|2:2|2:3|3:2,2190
1887,3615,0.5330982745686421,3.0,3.0,0.0,3.0,79,victory,1,0,,0,42,35,0:0|0:4|0:5|0:6|0:7|0:8|1:0|1:4|1:8|2:0|2:2|2:3|2:4|2:8|2:9|3:0|3:1|3:2|3:4|3:8|3:9|4:2|4:8|4:9|5:0|5:1|5:2|5:8|5:9|6:0|6:1|6:8|7:0|7:8|8:8,2190
1888,3616,0.5328507126781695,1.0,1.0,0.0,1.0,106,death,0,1,monster,0,25,17,0:0|0:1|0:2|1:0|1:2|2:0|2:2|3:0|3:1|3:2|4:2|4:3|5:1|5:2|6:1|6:2|6:3,2190
1889,3617,0.5326031507876969,3.0,3.0,0.0,3.0,112,victory,1,0,,0,48,40,0:0|0:1|0:2|0:7|1:2|1:6|1:7|2:2|2:3|2:6|3:1|3:2|3:5|3:6|4:2|4:3|4:6|5:1|5:2|5:6|6:1|6:2|6:3|6:6|6:7|6:8|7:3|7:6|7:8|8:3|8:4|8:5|8:7|8:8|8:9|9:5|9:6|9:7|9:8|9:9,2191
1890,3618,0.5323555888972243,3.0,3.0,0.0,3.0,94,victory,1,0,,0,46,39,0:0|0:1|0:2|0:6|0:7|0:8|0:9|1:2|1:6|1:7|1:8|1:9|2:0|2:2|2:6|2:8|2:9|3:0|3:1|3:2|3:5|3:6|3:8|4:2|4:3|4:4|4:5|4:6|4:7|4:8|5:2|5:6|5:8|6:1|6:2|6:6|6:8|7:8|8:8,2191
1891,3619,0.5321080270067517,3.0,3.0,0.0,3.0,205,victory,1,0,,0,52,40,0:0|0:1|0:2|0:4|0:5|0:6|0:7|0:8|0:9|1:0|1:2|1:4|1:7|1:8|1:9|2:0|2:2|2:3|2:4|2:8|2:9|3:0|3:1|3:2|3:4|3:8|3:9|4:2|4:3|4:8|5:1|5:2|5:8|6:1|6:2|6:7|6:8|6:9|7:8|8:8,2191
1892,3620,0.531860465116279,3.0,3.0,0.0,3.0,103,victory,1,0,,0,41,35,0:0|0:1|0:2|0:4|0:5|0:6|0:7|1:2|1:4|1:6|1:7|1:8|2:2|2:3|2:4|2:8|2:9|3:2|3:4|3:8|4:2|4:8|4:9|5:0|5:1|5:2|5:8|5:9|6:0|6:1|6:2|6:8|6:9|7:8|8:8,2191
1893,3621,0.5316129032258065,3.0,3.0,0.0,3.0,169,victory,1,0,,0,51,37,0:0|0:1|0:2|0:4|0:5|0:6|0:7|1:2|1:4|1:6|2:2|2:3|2:4|2:6|3:1|3:2|3:6|4:2|4:3|4:5|4:6|4:7|4:8|5:0|5:1|5:2|5:6|5:8|5:9|6:1|6:2|6:6|6:8|7:5|7:6|7:8|8:8,2191
1894,3622,0.5313653413353339,1.0,1.0,0.0,1.0,91,death,0,1,monster,0,29,14,0:0|0:1|0:2|1:0|1:2|2:0|2:2|2:3|3:2|4:2|5:1|5:2|6:1|6:2,2191
1895,3623,0.5311177794448612,3.0,3.0,0.0,3.0,102,victory,1,0,,0,45,35,0:0|0:4|0:5|0:6|0:7|0:8|0:9|1:0|1:4|1:6|1:7|1:8|1:9|2:0|2:2|2:3|2:4|2:8|2:9|3:0|3:1|3:2|3:8|4:2|4:7|4:8|5:1|5:2|5:8|6:1|6:2|6:7|6:8|7:8|8:8,2191
1896,3624,0.5308702175543886,3.0,3.0,0.0,3.0,68,victory,1,0,,0,41,33,0:0|0:1|0:2|0:4|0:5|0:6|0:7|0:8|0:9|1:0|1:2|1:4|1:9|2:2|2:3|2:4|2:8|2:9|3:2|3:8|4:2|4:8|5:0|5:1|5:2|5:8|6:0|6:1|6:2|6:8|6:9|7:8|8:8,2191
1897,3625,0.530622655663916,3.0,3.0,0.0,3.0,91,victory,1,0,,0,45,37,0:0|0:1|0:2|0:4|0:5|0:6|0:7|0:8|0:9|1:2|1:4|1:8|1:9|2:2|2:3|2:4|2:8|2:9|3:2|3:8|4:2|4:3|4:8|5:0|5:1|5:2|5:8|6:0|6:1|6:2|6:8|6:9|7:0|7:8|7:9|8:8|8:9,2191
1898,3626,0.5303750937734434,0.0,0.0,0.0,0.0,15,death,0,1,monster,0,11,10,0:0|0:1|0:2|1:2|2:2|2:3|3:2|4:2|4:3|4:4,2191
1899,3627,0.5301275318829708,3.0,3.0,0.0,3.0,100,victory,1,0,,0,50,40,0:0|0:1|0:2|0:4|0:5|0:6|0:7|0:8|0:9|1:2|1:4|1:6|1:7|1:8|1:9|2:2|2:3|2:4|2:6|2:8|2:9|3:2|3:6|3:8|4:2|4:5|4:6|4:8|5:0|5:1|5:2|5:6|5:8|6:0|6:1|6:6|6:7|6:8|7:8|8:8,2191
1900,3628,0.5298799699924981,3.0,3.0,0.0,3.0,111,victory,1,0,,0,41,35,0:0|0:1|0:2|0:4|0:5|0:6|0:7|0:8|0:9|1:2|1:4|1:9|2:2|2:3|2:4|2:8|2:9|3:1|3:2|3:4|3:8|4:2|4:3|4:8|5:0|5:1|5:2|5:8|6:1|6:2|6:3|6:8|7:3|7:8|8:8,2191
1901,3629,0.5296324081020255,3.0,3.0,0.0,3.0,122,victory,1,0,,0,42,35,0:0|0:1|0:2|0:4|0:5|0:6|0:7|0:8|0:9|1:0|1:2|1:4|1:8|1:9|2:2|2:3|2:4|2:8|2:9|3:2|3:8|4:2|4:8|5:0|5:1|5:2|5:8|5:9|6:1|6:2|6:7|6:8|6:9|7:8|8:8,2191
1902,3630,0.5293848462115529,1.0,1.0,0.0,1.0,51,death,0,1,monster,0,24,14,0:0|0:1|0:2|1:2|2:2|2:3|2:4|3:2|3:4|4:2|5:1|5:2|6:1|6:2,2191
1903,3631,0.5291372843210802,2.0,2.0,0.0,2.0,104,death,0,1,monster,0,44,35,0:0|0:1|0:2|0:6|0:7|0:8|0:9|1:2|1:6|1:8|1:9|2:2|2:6|2:8|2:9|3:2|3:4|3:6|3:8|3:9|4:2|4:3|4:4|4:5|4:6|4:8|4:9|5:1|5:2|5:6|5:8|5:9|6:1|6:8|6:9,2192
1904,3632,0.5288897224306077,0.0,0.0,0.0,0.0,31,death,0,1,monster,0,19,14,0:0|1:0|1:2|2:0|2:2|2:3|3:0|3:1|3:2|4:2|5:0|5:1|5:2|6:0,2192
1905,3633,0.528642160540135,2.0,2.0,0.0,2.0,90,death,0,1,monster,0,37,30,0:0|0:1|0:2|0:4|0:5|0:6|0:7|0:8|0:9|1:2|1:4|1:8|1:9|2:2|2:3|2:4|2:6|2:9|3:2|3:4|3:5|3:6|4:2|4:4|4:6|5:1|5:2|6:0|6:1|6:2,2192
1906,3634,0.5283945986496624,0.0,0.0,0.0,0.0,19,death,0,1,monster,0,10,6,0:0|0:1|0:2|1:2|2:2|3:2,2192
1907,3635,0.5281470367591898,3.0,3.0,0.0,3.0,136,victory,1,0,,0,49,37,0:0|0:1|0:2|0:6|0:7|1:2|1:6|1:7|1:8|2:2|2:3|2:4|2:6|2:8|3:2|3:4|3:5|3:6|3:8|3:9|4:2|4:3|4:4|4:5|4:6|4:7|4:8|5:1|5:2|5:6|5:8|6:1|6:2|6:7|6:8|7:8|8:8,2192
1908,3636,0.5278994748687171,2.0,2.0,0.0,2.0,235,death,0,1,monster,0,52,42,0:0|0:1|0:2|0:4|0:5|0:6|0:7|0:8|0:9|1:0|1:2|1:4|1:8|1:9|2:0|2:2|2:3|2:4|2:8|2:9|3:0|3:1|3:2|3:8|3:9|4:2|4:4|4:5|4:6|4:7|4:8|4:9|5:1|5:2|5:6|5:8|5:9|6:1|6:6|6:7|6:8|7:6,2193
1909,3637,0.5276519129782445,2.0,2.0,0.0,2.0,178,death,0,1,monster,0,50,37,0:0|0:1|0:2|0:4|0:5|0:6|0:7|0:8|0:9|1:2|1:4|1:6|1:7|1:8|1:9|2:2|2:3|2:4|2:6|2:8|2:9|3:2|3:6|3:8|3:9|4:2|4:3|4:6|4:7|4:8|5:1|5:2|5:8|5:9|6:1|6:8|6:9,2193
1910,3638,0.527404351087772,3.0,3.0,0.0,3.0,144,victory,1,0,,0,52,37,0:0|0:1|0:2|0:4|0:5|0:6|0:7|1:0|1:2|1:4|1:6|1:7|1:8|2:0|2:2|2:3|2:4|2:8|3:0|3:1|3:2|3:4|3:8|4:2|4:7|4:8|4:9|5:1|5:2|5:8|5:9|6:1|6:2|6:8|6:9|7:8|8:8,2193
1911,3639,0.5271567891972994,2.0,2.0,0.0,2.0,121,death,0,1,monster,0,43,31,0:0|0:1|0:4|0:5|0:6|0:7|0:8|0:9|1:0|1:2|1:4|1:8|2:0|2:2|2:3|2:4|2:8|3:0|3:1|3:2|3:4|3:5|3:8|4:2|4:3|4:4|4:5|5:0|5:1|5:2|6:1,2193
1912,3640,0.5269092273068268,3.0,3.0,0.0,3.0,194,victory,1,0,,0,54,42,0:0|0:1|0:4|0:5|0:6|0:7|0:8|0:9|1:0|1:4|1:6|1:7|1:8|1:9|2:0|2:2|2:3|2:4|2:6|2:8|2:9|3:0|3:1|3:2|3:6|3:8|3:9|4:2|4:7|4:8|4:9|5:1|5:2|5:8|5:9|6:1|6:2|6:3|6:7|6:8|7:8|8:8,2193
1913,3641,0.5266616654163541,2.0,2.0,0.0,2.0,56,death,0,1,monster,0,30,22,0:0|0:1|0:4|0:5|0:6|0:7|1:0|1:4|1:6|1:7|1:8|2:0|2:2|2:3|2:4|3:0|3:1|3:2|4:2|5:1|5:2|6:1,2193
1914,3642,0.5264141035258815,3.0,3.0,0.0,3.0,98,victory,1,0,,0,46,35,0:0|0:4|0:5|0:6|0:7|0:8|1:0|1:4|1:7|1:8|2:0|2:2|2:3|2:4|2:8|3:0|3:1|3:2|3:8|4:2|4:3|4:8|4:9|5:1|5:2|5:8|5:9|6:0|6:1|6:8|6:9|7:9|8:8|8:9|9:9,2193
1915,3643,0.5261665416354089,1.0,1.0,0.0,1.0,93,death,0,1,monster,0,33,20,0:0|0:1|0:2|1:0|1:2|1:4|2:0|2:2|2:3|2:4|3:0|3:1|3:2|4:2|5:0|5:1|5:2|6:0|6:1|6:2,2193
1916,3644,0.5259189797449362,3.0,3.0,0.0,3.0,89,victory,1,0,,0,43,37,0:0|0:1|0:4|0:5|0:6|0:7|0:8|0:9|1:0|1:4|1:7|1:8|1:9|2:0|2:2|2:3|2:4|2:8|2:9|3:0|3:1|3:2|3:8|3:9|4:2|4:8|4:9|5:1|5:2|5:8|5:9|6:1|6:2|6:8|6:9|7:8|8:8,2193
1917,3645,0.5256714178544637,3.0,3.0,0.0,3.0,120,victory,1,0,,0,41,36,0:0|0:1|0:4|0:5|0:6|0:7|0:9|1:0|1:4|1:6|1:7|1:8|1:9|2:0|2:2|2:3|2:4|2:8|2:9|3:0|3:1|3:2|3:8|3:9|4:2|4:7|4:8|4:9|5:1|5:2|5:8|5:9|6:1|6:8|7:8|8:8,2193
1918,3646,0.525423855963991,3.0,3.0,0.0,3.0,177,victory,1,0,,0,46,39,0:0|0:1|0:2|0:4|0:5|0:6|0:7|1:0|1:4|1:7|1:8|1:9|2:0|2:2|2:3|2:4|2:9|3:0|3:1|3:2|3:8|3:9|4:2|4:5|4:6|4:7|4:8|4:9|5:1|5:2|5:8|5:9|6:1|6:2|6:8|6:9|7:8|7:9|8:8,2193
1919,3647,0.5251762940735183,3.0,3.0,0.0,3.0,96,victory,1,0,,0,49,41,0:0|0:4|0:5|0:6|0:7|1:0|1:2|1:4|1:7|1:8|2:0|2:2|2:3|2:4|2:8|2:9|3:0|3:1|3:2|3:8|3:9|4:2|4:6|4:7|4:8|4:9|5:0|5:1|5:2|5:8|5:9|6:0|6:1|6:2|6:7|6:8|6:9|7:0|7:8|8:0|8:8,2193
1920,3648,0.5249287321830458,2.0,2.0,0.0,2.0,137,death,0,1,monster,0,55,42,0:0|0:1|0:2|0:4|0:5|0:6|0:7|0:8|1:0|1:2|1:4|1:6|1:7|1:8|1:9|2:0|2:2|2:3|2:4|2:9|3:0|3:1|3:2|3:8|3:9|4:2|4:8|4:9|5:0|5:1|5:2|5:8|5:9|6:0|6:1|6:8|6:9|7:0|7:8|7:9|8:0|8:9,2193
1921,3649,0.5246811702925731,2.0,2.0,0.0,2.0,83,death,0,1,monster,0,45,30,0:0|0:1|0:2|0:4|0:5|0:6|0:7|0:8|1:2|1:4|1:6|1:7|1:8|1:9|2:2|2:3|2:4|2:8|2:9|3:2|3:8|3:9|4:2|4:3|4:4|5:0|5:1|5:2|6:0|6:1,2193
1922,3650,0.5244336084021005,1.0,1.0,0.0,1.0,91,death,0,1,monster,0,37,15,0:0|0:1|0:2|1:2|1:4|2:2|2:3|2:4|3:1|3:2|4:2|5:1|5:2|6:1|6:2,2193
1923,3651,0.5241860465116279,3.0,3.0,0.0,3.0,125,victory,1,0,,0,46,39,0:0|0:1|0:4|0:5|0:6|0:7|1:0|1:4|1:7|1:8|1:9|2:0|2:2|2:3|2:4|2:9|3:0|3:1|3:2|3:4|3:8|3:9|4:2|4:3|4:4|4:8|4:9|5:1|5:2|5:8|5:9|6:1|6:2|6:7|6:8|6:9|7:8|7:9|8:8,2193
1924,3652,0.5239384846211553,3.0,3.0,0.0,3.0,117,victory,1,0,,0,44,38,0:0|0:4|0:5|0:6|0:7|0:9|1:0|1:2|1:4|1:6|1:7|1:8|1:9|2:0|2:2|2:3|2:4|2:8|2:9|3:0|3:1|3:2|3:8|3:9|4:2|4:8|4:9|5:0|5:1|5:2|5:8|5:9|6:1|6:2|6:8|6:9|7:8|8:8,2193
1925,3653,0.5236909227306827,3.0,3.0,0.0,3.0,105,victory,1,0,,0,49,39,0:0|0:1|0:4|0:5|0:6|0:7|1:0|1:2|1:4|1:7|1:8|1:9|2:0|2:2|2:3|2:4|2:9|3:0|3:1|3:2|3:8|3:9|4:2|4:6|4:7|4:8|4:9|5:0|5:1|5:2|5:8|5:9|6:0|6:1|6:8|6:9|7:8|7:9|8:8,2193
1926,3654,0.52344336084021,1.0,1.0,0.0,1.0,40,death,0,1,monster,0,22,17,0:0|1:0|1:4|2:0|2:2|2:3|2:4|3:0|3:1|3:2|4:2|4:3|5:0|5:1|5:2|6:0|6:1,2193
1927,3655,0.5231957989497374,3.0,3.0,0.0,3.0,73,victory,1,0,,0,35,30,0:0|0:4|0:5|0:6|0:7|1:0|1:2|1:4|1:7|1:8|2:0|2:2|2:3|2:4|2:8|3:0|3:1|3:2|3:8|4:2|4:8|5:0|5:1|5:2|5:8|6:0|6:1|6:8|7:8|8:8,2193
1928,3656,0.5229482370592649,2.0,2.0,0.0,2.0,96,death,0,1,monster,0,41,23,0:0|0:4|0:5|0:6|0:7|0:8|1:0|1:2|1:4|1:6|1:7|1:8|2:0|2:2|2:3|2:4|3:0|3:1|3:2|4:2|5:1|5:2|6:1,2193
1929,3657,0.5227006751687922,3.0,3.0,0.0,3.0,70,victory,1,0,,0,42,35,0:0|0:4|0:5|0:6|0:7|0:8|0:9|1:0|1:4|1:6|1:7|1:8|1:9|2:0|2:2|2:3|2:4|2:8|2:9|3:0|3:1|3:2|3:8|3:9|4:2|4:8|5:1|5:2|5:8|5:9|6:1|6:8|6:9|7:8|8:8,2193
1930,3658,0.5224531132783196,3.0,3.0,0.0,3.0,79,victory,1,0,,0,41,37,0:0|0:4|0:5|0:6|0:7|1:0|1:4|1:6|1:7|1:8|1:9|2:0|2:2|2:3|2:4|2:8|2:9|3:0|3:1|3:2|3:4|3:8|3:9|4:2|4:7|4:8|4:9|5:1|5:2|5:8|5:9|6:1|6:2|6:9|7:8|7:9|8:8,2193
1931,3659,0.522205551387847,3.0,3.0,0.0,3.0,87,victory,1,0,,0,44,35,0:0|0:2|0:4|0:5|0:6|0:7|0:9|1:0|1:2|1:4|1:7|1:8|1:9|2:0|2:2|2:3|2:4|2:8|2:9|3:0|3:1|3:2|3:8|3:9|4:2|4:8|4:9|5:1|5:2|5:9|6:1|6:9|7:8|7:9|8:8,2193
1932,3660,0.5219579894973743,3.0,3.0,0.0,3.0,236,victory,1,0,,0,55,43,0:0|0:4|0:5|0:6|0:7|0:8|1:0|1:2|1:4|1:6|1:7|1:8|1:9|2:0|2:2|2:3|2:4|2:8|2:9|3:0|3:1|3:2|3:8|3:9|4:2|4:3|4:7|4:8|4:9|5:1|5:2|5:8|5:9|6:1|6:2|6:6|6:7|6:8|6:9|7:6|7:8|7:9|8:8,2193
1933,3661,0.5217104276069018,3.0,3.0,0.0,3.0,190,victory,1,0,,0,65,43,0:0|0:1|0:2|0:4|0:5|0:6|0:7|0:8|1:0|1:2|1:4|1:6|1:7|1:8|1:9|2:0|2:2|2:3|2:4|2:8|2:9|3:0|3:1|3:2|3:8|3:9|4:2|4:3|4:8|4:9|5:0|5:1|5:2|5:8|5:9|6:1|6:7|6:8|6:9|7:8|7:9|8:8|8:9,2193
1934,3662,0.5214628657164291,1.0,1.0,0.0,1.0,28,death,0,1,monster,0,16,13,0:0|1:0|1:2|2:0|2:2|3:0|3:1|3:2|4:2|5:1|5:2|6:1|6:2,2193
1935,3663,0.5212153038259565,2.0,2.0,0.0,2.0,117,death,0,1,monster,0,40,32,0:0|0:1|0:4|0:5|0:6|0:7|1:0|1:2|1:4|1:6|1:7|1:8|1:9|2:0|2:2|2:3|2:4|2:8|2:9|3:0|3:1|3:2|3:4|4:2|4:3|5:0|5:1|5:2|6:0|6:1|6:2|6:3,2193
1936,3664,0.5209677419354839,3.0,3.0,0.0,3.0,159,victory,1,0,,0,45,36,0:0|0:2|0:4|0:5|0:6|0:7|1:0|1:2|1:4|1:7|1:8|2:0|2:2|2:3|2:4|2:8|3:0|3:1|3:2|3:8|4:2|4:3|4:8|5:1|5:2|5:8|5:9|6:1|6:2|6:3|6:7|6:8|6:9|7:8|7:9|8:8,2193
1937,3665,0.5207201800450113,3.0,3.0,0.0,3.0,87,victory,1,0,,0,45,36,0:0|0:4|0:5|0:6|0:7|0:8|0:9|1:0|1:4|1:6|1:7|1:8|1:9|2:0|2:2|2:3|2:4|2:9|3:0|3:1|3:2|3:9|4:2|4:3|4:8|4:9|5:1|5:2|5:8|5:9|6:1|6:8|6:9|7:8|7:9|8:8,2193
1938,3666,0.5204726181545387,0.0,0.0,0.0,0.0,24,death,0,1,monster,0,12,9,0:0|0:2|1:0|1:2|2:0|2:2|3:0|3:1|3:2,2193
1939,3667,0.520225056264066,3.0,3.0,0.0,3.0,77,victory,1,0,,0,39,31,0:0|0:1|0:2|0:4|0:5|0:6|0:7|1:2|1:4|1:6|1:7|2:2|2:3|2:4|2:6|3:2|3:6|4:2|4:6|4:7|4:8|5:1|5:2|5:8|5:9|6:1|6:2|6:9|7:8|7:9|8:8,2193
1940,3668,0.5199774943735933,3.0,3.0,0.0,3.0,120,victory,1,0,,0,46,35,0:0|0:4|0:5|0:6|0:7|0:8|0:9|1:0|1:4|1:6|1:7|1:8|1:9|2:0|2:2|2:3|2:4|2:9|3:0|3:1|3:2|3:4|3:9|4:2|4:9|5:0|5:1|5:2|5:9|6:1|6:2|6:8|6:9|7:8|8:8,2193
1941,3669,0.5197299324831208,3.0,3.0,0.0,3.0,77,victory,1,0,,0,38,33,0:0|0:4|0:5|0:6|0:7|0:8|0:9|1:0|1:4|1:7|1:8|1:9|2:0|2:2|2:3|2:4|2:9|3:0|3:1|3:2|3:8|3:9|4:2|4:7|4:8|5:0|5:1|5:2|5:8|6:1|6:8|7:8|8:8,2193
1942,3670,0.5194823705926481,3.0,3.0,0.0,3.0,105,victory,1,0,,0,43,35,0:0|0:4|0:5|0:6|0:7|0:8|1:0|1:4|1:7|1:8|1:9|2:0|2:2|2:3|2:4|2:8|3:0|3:1|3:2|3:8|4:2|4:8|5:0|5:1|5:2|5:8|5:9|6:0|6:1|6:7|6:8|6:9|7:0|7:8|8:8,2193
1943,3671,0.5192348087021755,3.0,3.0,0.0,3.0,87,victory,1,0,,0,46,43,0:0|0:4|0:5|0:6|0:7|0:8|0:9|1:0|1:4|1:7|1:8|1:9|2:0|2:2|2:3|2:4|2:8|2:9|3:0|3:1|3:2|3:4|3:5|3:8|4:2|4:4|4:5|4:7|4:8|5:0|5:1|5:2|5:8|5:9|6:0|6:1|6:2|6:3|6:8|6:9|7:8|7:9|8:8,2193
1944,3672,0.5189872468117029,0.0,0.0,0.0,0.0,19,death,0,1,monster,0,8,7,0:0|0:1|1:0|2:0|3:0|3:1|3:2,2193
1945,3673,0.5187396849212302,3.0,3.0,0.0,3.0,85,victory,1,0,,0,46,37,0:0|0:2|0:4|0:5|0:6|0:7|0:8|1:0|1:2|1:4|1:6|1:8|2:0|2:2|2:3|2:4|2:8|3:0|3:1|3:2|3:8|4:2|4:8|5:0|5:1|5:2|5:8|5:9|6:0|6:1|6:2|6:7|6:8|6:9|7:8|7:9|8:8,2193
1946,3674,0.5184921230307578,2.0,2.0,0.0,2.0,83,death,0,1,monster,0,36,25,0:0|0:4|0:5|0:6|0:7|0:8|1:0|1:4|1:6|1:7|2:0|2:4|2:6|3:0|3:1|3:2|3:4|3:5|3:6|4:2|4:3|4:4|5:1|5:2|6:1,2193
1947,3675,0.518244561140285,3.0,3.0,0.0,3.0,114,victory,1,0,,0,46,37,0:0|0:2|0:4|0:5|0:6|0:7|0:8|1:0|1:2|1:4|1:6|1:7|1:8|2:0|2:2|2:3|2:4|2:8|3:0|3:1|3:2|3:4|3:8|4:2|4:3|4:7|4:8|5:1|5:2|5:8|5:9|6:1|6:2|6:8|6:9|7:8|8:8,2193
1948,3676,0.5179969992498125,0.0,0.0,0.0,0.0,12,death,0,1,monster,0,9,8,0:0|1:0|2:0|3:0|3:1|3:2|4:2|4:3,2193
1949,3677,0.5177494373593399,1.0,1.0,0.0,1.0,42,death,0,1,monster,0,26,16,0:0|1:0|1:4|2:0|2:2|2:3|2:4|3:0|3:1|3:2|3:4|4:2|5:0|5:1|5:2|6:1,2193
1950,3678,0.5175018754688672,3.0,3.0,0.0,3.0,103,victory,1,0,,0,50,40,0:0|0:4|0:6|0:7|0:8|1:0|1:4|1:6|1:7|1:8|2:0|2:2|2:3|2:4|2:6|2:8|2:9|3:0|3:1|3:2|3:4|3:5|3:6|3:8|3:9|4:2|4:3|4:4|4:8|4:9|5:1|5:2|5:8|5:9|6:1|6:8|6:9|7:8|7:9|8:8,2193
1951,3679,0.5172543135783947,3.0,3.0,0.0,3.0,83,victory,1,0,,0,38,31,0:0|0:4|0:5|0:6|0:7|0:8|1:0|1:2|1:4|1:8|2:0|2:2|2:3|2:4|2:8|3:0|3:1|3:2|3:4|3:8|4:2|4:3|4:8|5:1|5:2|5:8|5:9|6:1|6:8|7:8|8:8,2193
1952,3680,0.517006751687922,3.0,3.0,0.0,3.0,72,victory,1,0,,0,44,35,0:0|0:1|0:4|0:5|0:6|0:7|0:8|1:0|1:4|1:8|1:9|2:0|2:2|2:3|2:4|2:8|2:9|3:0|3:1|3:2|3:8|3:9|4:2|4:7|4:8|5:0|5:1|5:2|5:8|5:9|6:1|6:9|7:8|7:9|8:8,2193
1953,3681,0.5167591897974493,3.0,3.0,0.0,3.0,102,victory,1,0,,0,60,44,0:0|0:7|1:0|1:6|1:7|2:0|2:6|3:0|3:1|3:2|3:6|4:2|4:6|5:0|5:2|5:6|6:0|6:1|6:2|6:3|6:4|6:6|6:7|6:8|6:9|7:0|7:3|7:8|7:9|8:0|8:1|8:2|8:3|8:4|8:5|8:7|8:8|9:2|9:3|9:4|9:5|9:6|9:7|9:8,2195
1954,3682,0.5165116279069768,2.0,2.0,0.0,2.0,201,death,0,1,monster,0,64,37,0:0|0:1|0:4|0:5|0:6|0:7|0:8|0:9|1:0|1:2|1:4|1:8|1:9|2:0|2:2|2:3|2:4|2:8|2:9|3:0|3:1|3:2|3:4|3:8|3:9|4:2|4:8|4:9|5:0|5:1|5:2|5:8|6:0|6:1|6:2|6:8|6:9,2195
1955,3683,0.5162640660165041,3.0,3.0,0.0,3.0,107,victory,1,0,,0,44,37,0:0|0:4|0:5|0:6|0:7|0:8|0:9|1:0|1:4|1:6|1:7|1:9|2:0|2:2|2:3|2:4|2:8|2:9|3:0|3:1|3:2|3:4|3:8|3:9|4:2|4:3|4:4|4:9|5:1|5:2|5:9|6:1|6:2|6:9|7:8|7:9|8:8,2195
1956,3684,0.5160165041260315,3.0,3.0,0.0,3.0,111,victory,1,0,,0,46,37,0:0|0:4|0:5|0:6|0:7|0:8|0:9|1:0|1:2|1:4|1:7|1:8|1:9|2:0|2:2|2:3|2:4|2:8|2:9|3:0|3:1|3:2|3:4|3:9|4:2|4:3|4:9|5:1|5:2|5:8|5:9|6:1|6:2|6:8|6:9|7:8|8:8,2195
1957,3685,0.5157689422355589,3.0,3.0,0.0,3.0,65,victory,1,0,,0,41,35,0:0|0:1|0:4|0:5|0:6|0:7|0:8|0:9|1:0|1:4|1:7|1:9|2:0|2:2|2:3|2:4|2:9|3:0|3:1|3:2|3:8|3:9|4:2|4:3|4:8|4:9|5:1|5:2|5:9|6:1|6:2|6:9|7:9|8:8|8:9,2195
1958,3686,0.5155213803450862,2.0,2.0,0.0,2.0,89,death,0,1,monster,0,54,35,0:0|0:4|0:5|0:6|0:7|0:8|0:9|1:0|1:2|1:4|1:8|1:9|2:0|2:2|2:3|2:4|2:8|2:9|3:0|3:1|3:2|3:4|3:5|3:8|3:9|4:2|4:3|4:4|4:5|4:9|5:1|5:2|6:1|6:2|6:3,2195
1959,3687,0.5152738184546137,2.0,2.0,0.0,2.0,48,death,0,1,monster,0,31,28,0:0|0:1|1:0|2:0|3:0|3:1|3:2|4:2|5:0|5:1|5:2|6:0|6:1|6:2|6:3|6:4|6:8|7:3|7:8|8:3|8:4|8:7|8:8|9:4|9:5|9:6|9:7|9:8,2195
1960,3688,0.515026256564141,3.0,3.0,0.0,3.0,70,victory,1,0,,0,41,36,0:0|0:4|0:5|0:6|0:7|0:8|0:9|1:0|1:4|1:7|1:8|1:9|2:0|2:2|2:3|2:4|2:9|3:0|3:1|3:2|3:9|4:2|4:3|4:9|5:0|5:1|5:2|5:8|5:9|6:0|6:1|6:2|6:9|7:8|7:9|8:8,2195
1961,3689,0.5147786946736684,3.0,3.0,0.0,3.0,68,victory,1,0,,0,40,32,0:0|0:4|0:5|0:6|0:7|0:8|0:9|1:0|1:4|1:6|1:7|1:9|2:0|2:2|2:3|2:4|2:9|3:0|3:1|3:2|3:9|4:2|4:9|5:1|5:2|5:9|6:1|6:2|6:9|7:8|7:9|8:8,2195
1962,3690,0.5145311327831958,3.0,3.0,0.0,3.0,146,victory,1,0,,0,52,39,0:0|0:1|0:2|0:4|0:5|0:6|0:7|0:8|1:0|1:2|1:4|1:8|1:9|2:0|2:2|2:3|2:4|2:8|2:9|3:0|3:1|3:2|3:8|3:9|4:2|4:3|4:8|4:9|5:1|5:2|5:8|5:9|6:1|6:2|6:9|7:9|8:8|8:9|9:9,2195
1963,3691,0.5142835708927231,2.0,2.0,0.0,2.0,281,death,0,1,monster,0,41,26,0:0|0:1|0:2|0:4|0:5|0:6|0:7|0:8|0:9|1:0|1:2|1:4|1:9|2:0|2:2|2:3|2:4|2:9|3:2|3:9|4:2|4:9|5:1|5:2|6:1|6:2,2195
1964,3692,0.5140360090022507,2.0,2.0,0.0,2.0,91,death,0,1,monster,0,33,26,0:0|0:1|0:2|0:4|0:5|0:6|0:7|0:8|0:9|1:2|1:4|1:6|1:7|1:9|2:2|2:3|2:4|3:1|3:2|3:4|4:2|4:3|5:1|5:2|6:1|6:2,2195
1965,3693,0.513788447111778,3.0,3.0,0.0,3.0,112,victory,1,0,,0,48,35,0:0|0:1|0:2|0:4|0:5|0:6|0:7|0:8|0:9|1:2|1:4|1:6|1:7|1:8|1:9|2:2|2:3|2:4|2:8|2:9|3:2|3:4|3:9|4:2|4:9|5:0|5:1|5:2|5:9|6:1|6:2|6:8|6:9|7:8|8:8,2195
1966,3694,0.5135408852213053,2.0,2.0,0.0,2.0,92,death,0,1,monster,0,36,26,0:0|0:1|0:2|0:4|0:5|0:6|0:7|0:8|1:2|1:4|1:6|1:7|2:0|2:2|2:3|2:4|3:0|3:1|3:2|4:2|5:0|5:1|5:2|6:1|6:2|6:3,2195
1967,3695,0.5132933233308328,3.0,3.0,0.0,3.0,114,victory,1,0,,0,48,37,0:0|0:1|0:2|0:4|0:5|0:6|0:7|0:8|1:0|1:2|1:4|1:8|1:9|2:0|2:2|2:3|2:4|2:9|3:0|3:1|3:2|3:9|4:2|4:8|4:9|5:0|5:1|5:2|5:9|6:0|6:1|6:2|6:3|6:9|7:8|7:9|8:8,2195
1968,3696,0.5130457614403601,1.0,1.0,0.0,1.0,82,death,0,1,monster,0,30,24,0:0|0:1|0:2|1:0|1:2|2:0|2:2|2:3|2:4|2:6|3:0|3:1|3:2|3:4|3:5|3:6|4:2|4:4|4:5|5:0|5:1|5:2|6:1|6:2,2195
1969,3697,0.5127981995498875,3.0,3.0,0.0,3.0,104,victory,1,0,,0,45,34,0:0|0:1|0:2|0:4|0:5|0:6|0:7|0:8|0:9|1:2|1:4|1:6|1:7|1:8|1:9|2:2|2:3|2:4|2:9|3:1|3:2|3:9|4:2|4:9|5:1|5:2|5:8|5:9|6:1|6:2|6:9|7:8|7:9|8:8,2195
1970,3698,0.5125506376594149,0.0,0.0,0.0,0.0,46,death,0,1,monster,0,18,15,0:0|0:1|0:2|1:0|1:2|2:2|3:0|3:1|3:2|4:2|5:0|5:1|5:2|6:0|6:1,2196
1971,3699,0.5123030757689422,0.0,0.0,0.0,0.0,11,death,0,1,monster,0,9,9,0:0|0:1|0:2|1:0|1:2|2:2|3:2|4:2|4:3,2196
1972,3700,0.5120555138784697,2.0,2.0,0.0,2.0,92,death,0,1,monster,0,41,36,0:0|0:1|0:2|0:4|0:5|0:6|0:7|0:8|0:9|1:2|1:4|1:6|1:8|1:9|2:2|2:3|2:4|2:9|3:1|3:2|3:4|3:9|4:2|4:9|5:0|5:1|5:2|5:8|5:9|6:0|6:1|6:7|6:8|6:9|7:0|7:9,2196
1973,3701,0.511807951987997,3.0,3.0,0.0,3.0,115,victory,1,0,,0,56,43,0:0|0:1|0:2|0:4|0:5|0:6|0:7|0:8|0:9|1:2|1:4|1:6|1:7|1:8|1:9|2:2|2:3|2:4|2:6|2:9|3:2|3:4|3:5|3:6|3:9|4:2|4:3|4:4|4:5|4:6|4:7|4:9|5:0|5:1|5:2|5:6|5:9|6:0|6:1|6:9|7:8|7:9|8:8,2197
1974,3702,0.5115603900975244,3.0,3.0,0.0,3.0,101,victory,1,0,,0,48,40,0:0|0:1|0:2|0:6|0:7|0:8|0:9|1:2|1:6|1:9|2:2|2:3|2:4|2:6|2:8|2:9|3:2|3:4|3:5|3:6|3:8|3:9|4:2|4:4|4:5|4:6|4:7|4:8|4:9|5:0|5:1|5:2|5:6|5:9|6:1|6:9|7:8|7:9|8:8|8:9,2197
1975,3703,0.5113128282070518,1.0,1.0,0.0,1.0,187,death,0,1,monster,0,64,27,0:0|0:1|0:2|0:4|0:5|1:0|1:2|1:4|2:0|2:2|2:3|2:4|3:0|3:1|3:2|4:2|4:3|4:4|5:0|5:1|5:2|6:0|6:1|6:2|6:3|7:0|7:3,2197
1976,3704,0.5110652663165791,2.0,2.0,0.0,2.0,104,death,0,1,monster,0,33,26,0:0|0:1|0:2|0:6|0:7|1:2|1:6|1:7|1:8|2:2|2:3|2:4|2:6|3:0|3:1|3:2|3:4|3:5|3:6|4:2|4:6|5:0|5:1|5:2|6:1|6:2,2197
1977,3705,0.5108177044261065,2.0,2.0,0.0,2.0,131,death,0,1,monster,0,36,24,0:0|0:1|0:2|0:4|0:5|0:6|0:7|1:2|1:4|1:7|2:2|2:3|2:4|3:1|3:2|3:4|4:2|4:3|5:0|5:1|5:2|6:0|6:1|6:2,2197
1978,3706,0.5105701425356339,3.0,3.0,0.0,3.0,101,victory,1,0,,0,42,34,0:0|0:1|0:2|0:4|0:5|0:6|0:7|0:8|1:2|1:4|1:6|1:8|2:2|2:3|2:4|2:8|3:1|3:2|3:4|3:8|3:9|4:2|4:8|4:9|5:1|5:2|5:8|5:9|6:1|6:2|6:9|7:8|7:9|8:8,2197
1979,3707,0.5103225806451612,3.0,3.0,0.0,3.0,89,victory,1,0,,0,40,33,0:0|0:1|0:2|0:4|0:5|0:6|0:7|0:8|0:9|1:2|1:4|1:6|1:7|1:8|1:9|2:2|2:3|2:4|2:9|3:1|3:2|3:9|4:2|4:9|5:1|5:2|5:9|6:1|6:2|6:9|7:8|7:9|8:8,2197
1980,3708,0.5100750187546886,3.0,3.0,0.0,3.0,66,victory,1,0,,0,37,32,0:0|0:1|0:2|0:4|0:5|0:6|0:7|0:8|1:2|1:4|1:7|1:8|1:9|2:2|2:3|2:4|2:9|3:2|3:8|3:9|4:2|4:8|5:1|5:2|5:8|5:9|6:1|6:2|6:9|7:8|7:9|8:8,2197
1981,3709,0.509827456864216,2.0,2.0,0.0,2.0,57,death,0,1,monster,0,34,24,0:0|0:1|0:2|0:4|0:5|0:6|0:7|0:8|1:2|1:4|1:8|1:9|2:2|2:3|2:4|2:9|3:1|3:2|4:2|5:1|5:2|6:1|6:2|6:3,2197
1982,3710,0.5095798949737435,0.0,0.0,0.0,0.0,25,death,0,1,monster,0,12,9,0:0|0:1|0:2|1:0|1:2|2:0|2:2|3:0|3:2,2197
1983,3711,0.5093323330832709,3.0,3.0,0.0,3.0,85,victory,1,0,,0,44,32,0:0|0:1|0:2|0:4|0:5|0:6|0:7|0:8|1:2|1:4|1:8|2:2|2:3|2:4|2:8|2:9|3:2|3:8|3:9|4:2|4:3|4:9|5:1|5:2|5:8|5:9|6:1|6:2|6:9|7:8|7:9|8:8,2197
1984,3712,0.5090847711927982,1.0,1.0,0.0,1.0,34,death,0,1,monster,0,17,13,0:0|0:1|0:2|1:2|2:2|3:1|3:2|4:2|5:0|5:1|5:2|6:0|6:1,2197
1985,3713,0.5088372093023256,3.0,3.0,0.0,3.0,110,victory,1,0,,0,44,38,0:0|0:1|0:2|0:4|0:5|0:6|0:7|0:8|1:0|1:2|1:4|1:8|2:2|2:3|2:4|2:8|3:0|3:1|3:2|3:8|4:2|4:3|4:8|4:9|5:0|5:1|5:2|5:9|6:0|6:1|6:2|6:3|6:4|6:9|7:3|7:9|8:8|8:9,2197
1986,3714,0.508589647411853,3.0,3.0,0.0,3.0,48,victory,1,0,,0,34,30,0:0|0:1|0:2|0:4|0:5|0:6|0:7|0:8|0:9|1:2|1:4|1:9|2:2|2:3|2:4|2:9|3:1|3:2|3:9|4:2|4:9|5:1|5:2|5:9|6:1|6:2|6:9|7:8|7:9|8:8,2197
1987,3715,0.5083420855213803,3.0,3.0,0.0,3.0,158,victory,1,0,,0,50,39,0:0|0:1|0:2|0:4|0:5|0:6|0:7|0:8|1:0|1:2|1:4|1:6|1:7|1:8|2:2|2:3|2:4|2:6|2:8|3:1|3:2|3:4|3:8|4:2|4:8|4:9|5:0|5:1|5:2|5:8|5:9|6:0|6:1|6:2|6:8|6:9|7:8|7:9|8:8,2197
1988,3716,0.5080945236309078,3.0,3.0,0.0,3.0,101,victory,1,0,,0,51,44,0:0|0:1|0:2|0:7|1:2|1:6|1:7|2:0|2:2|2:6|3:0|3:1|3:2|3:6|4:2|4:4|4:5|4:6|4:7|5:0|5:1|5:2|5:6|6:0|6:1|6:6|6:7|6:8|6:9|7:0|7:6|7:8|7:9|8:0|8:7|8:8|9:0|9:1|9:2|9:3|9:4|9:5|9:6|9:7,2197
1989,3717,0.5078469617404351,3.0,3.0,0.0,3.0,62,victory,1,0,,0,39,31,0:0|0:1|0:2|0:4|0:5|0:6|0:7|0:8|1:2|1:4|1:8|2:2|2:3|2:4|2:8|3:1|3:2|3:8|4:2|4:3|4:8|4:9|5:1|5:2|5:9|6:1|6:2|6:9|7:9|8:8|8:9,2197
1990,3718,0.5075993998499625,0.0,0.0,0.0,0.0,26,death,0,1,monster,0,18,13,0:0|0:1|0:2|1:2|2:2|2:6|3:2|3:5|3:6|4:2|4:3|4:4|4:5,2198
1991,3719,0.5073518379594899,3.0,3.0,0.0,3.0,89,victory,1,0,,0,43,34,0:0|0:1|0:2|0:4|0:5|0:6|0:7|0:8|1:2|1:4|1:6|1:7|1:8|2:2|2:3|2:4|2:8|3:1|3:2|3:8|3:9|4:2|4:3|4:8|4:9|5:1|5:2|5:9|6:1|6:2|6:9|7:8|7:9|8:8,2198
1992,3720,0.5071042760690172,1.0,1.0,0.0,1.0,60,death,0,1,monster,0,31,21,0:0|0:1|0:2|0:4|0:5|1:2|1:4|2:2|2:3|2:4|3:1|3:2|3:4|4:2|4:3|4:4|5:1|5:2|5:4|6:1|6:2,2198
1993,3721,0.5068567141785446,1.0,1.0,0.0,1.0,75,death,0,1,monster,0,30,17,0:0|0:1|0:2|1:2|2:2|3:2|4:2|4:3|5:0|5:1|5:2|6:0|6:1|6:2|6:3|6:4|7:3,2198
1994,3722,0.506609152288072,3.0,3.0,0.0,3.0,175,victory,1,0,,0,47,39,0:0|0:1|0:2|0:4|0:5|0:6|0:7|0:8|0:9|1:2|1:4|1:6|1:7|1:8|1:9|2:2|2:3|2:4|2:9|3:2|3:4|3:9|4:2|4:3|4:4|4:9|5:0|5:1|5:2|5:9|6:0|6:1|6:2|6:3|6:9|7:3|7:8|7:9|8:8,2198
1995,3723,0.5063615903975994,3.0,3.0,0.0,3.0,155,victory,1,0,,0,47,37,0:0|0:1|0:2|0:6|0:7|0:8|1:2|1:6|1:7|1:8|2:2|2:3|2:4|2:6|2:8|3:2|3:4|3:5|3:6|3:8|4:2|4:8|4:9|5:0|5:1|5:2|5:8|5:9|6:0|6:1|6:2|6:9|7:0|7:8|7:9|8:0|8:8,2198
1996,3724,0.5061140285071268,2.0,2.0,0.0,2.0,153,death,0,1,monster,0,44,31,0:0|0:1|0:2|0:4|0:5|0:6|0:7|0:8|1:2|1:4|1:6|1:7|1:8|2:2|2:3|2:4|2:6|3:2|3:6|3:8|4:2|4:3|4:6|4:7|4:8|5:0|5:1|5:2|6:0|6:1|6:2,2198
1997,3725,0.5058664666166541,0.0,0.0,0.0,0.0,28,death,0,1,monster,0,15,11,0:0|0:1|0:2|1:0|1:2|2:0|2:2|3:0|3:1|3:2|4:2,2198
1998,3726,0.5056189047261815,3.0,3.0,0.0,3.0,59,victory,1,0,,0,38,31,0:0|0:1|0:2|0:4|0:5|0:6|0:7|0:8|1:2|1:4|1:8|1:9|2:2|2:3|2:4|2:8|3:2|3:8|4:2|4:8|4:9|5:0|5:1|5:2|5:9|6:0|6:1|6:8|6:9|7:8|8:8,2198
1999,3727,0.505371342835709,1.0,1.0,0.0,1.0,49,death,0,1,monster,0,19,13,0:0|0:1|0:2|1:2|2:2|2:3|3:2|4:2|5:2|6:0|6:1|6:2|7:0,2198
2000,3728,0.5051237809452362,2.0,2.0,0.0,2.0,102,death,0,1,monster,0,40,30,0:0|0:1|0:2|0:4|0:5|0:6|0:7|1:2|1:4|1:7|1:8|2:2|2:3|2:4|2:8|3:2|3:8|4:2|4:3|4:7|4:8|5:1|5:2|5:8|6:1|6:2|6:6|6:7|6:8|7:6,2198
2001,3729,0.5048762190547637,2.0,2.0,0.0,2.0,232,death,0,1,monster,0,75,45,0:0|0:1|0:2|0:4|0:6|0:7|1:2|1:4|1:6|1:7|1:8|2:2|2:3|2:4|2:6|2:8|2:9|3:4|3:5|3:6|3:8|3:9|4:4|4:5|4:6|4:7|4:8|4:9|5:6|5:8|5:9|6:6|6:7|6:8|6:9|7:5|7:6|7:8|7:9|8:5|8:7|8:8|9:5|9:6|9:7,2203
2002,3730,0.5046286571642911,0.0,0.0,0.0,0.0,13,death,0,1,monster,0,12,10,0:0|0:1|0:2|1:2|2:2|3:2|4:2|4:3|4:4|5:2,2203
2003,3731,0.5043810952738186,2.0,2.0,0.0,2.0,142,death,0,1,monster,0,56,37,0:0|0:1|0:2|0:4|0:5|0:6|0:7|0:8|1:2|1:4|1:6|1:7|1:8|1:9|2:2|2:3|2:4|2:8|2:9|3:2|3:4|3:8|3:9|4:2|4:3|4:4|4:7|4:8|4:9|5:1|5:2|5:4|6:1|6:2|6:3|6:4|7:3,2203
2004,3732,0.5041335333833459,1.0,1.0,0.0,1.0,40,death,0,1,monster,0,23,15,0:0|0:1|0:2|1:2|2:2|3:2|4:2|5:0|5:1|5:2|6:0|6:1|6:2|7:0|8:0,2203
2005,3733,0.5038859714928732,3.0,3.0,0.0,3.0,104,victory,1,0,,0,44,33,0:0|0:1|0:2|0:4|0:5|0:6|0:7|1:0|1:2|1:4|1:6|2:2|2:3|2:4|2:6|3:2|3:6|4:2|4:5|4:6|4:7|5:0|5:1|5:2|5:6|5:8|6:1|6:6|6:7|6:8|6:9|7:8|8:8,2203
2006,3734,0.5036384096024007,3.0,3.0,0.0,3.0,168,victory,1,0,,0,57,43,0:0|0:1|0:2|0:6|0:7|0:8|0:9|1:0|1:2|1:6|1:7|1:8|1:9|2:0|2:2|2:3|2:4|2:6|2:9|3:0|3:1|3:2|3:4|3:5|3:6|3:8|3:9|4:2|4:3|4:4|4:5|4:8|4:9|5:1|5:2|5:9|6:1|6:2|6:8|6:9|7:8|7:9|8:8,2203
2007,3735,0.503390847711928,2.0,2.0,0.0,2.0,121,death,0,1,monster,0,36,27,0:0|0:1|0:2|0:4|0:5|0:6|0:7|1:0|1:2|1:4|1:6|1:7|1:8|1:9|2:2|2:3|2:4|2:8|2:9|3:2|4:2|4:3|5:0|5:1|5:2|6:0|6:1,2203
2008,3736,0.5031432858214554,3.0,3.0,0.0,3.0,162,victory,1,0,,0,60,40,0:0|0:1|0:2|0:4|0:5|0:6|0:7|1:0|1:2|1:4|1:6|1:7|1:8|2:0|2:2|2:3|2:4|2:6|3:0|3:1|3:2|3:4|3:6|4:2|4:3|4:4|4:6|4:7|4:8|4:9|5:1|5:2|5:4|5:8|5:9|6:1|6:9|7:8|7:9|8:8,2203
2009,3737,0.5028957239309828,3.0,3.0,0.0,3.0,100,victory,1,0,,0,51,42,0:0|0:1|0:2|0:4|0:5|0:6|0:7|0:8|0:9|1:2|1:4|1:6|1:7|1:8|1:9|2:2|2:4|2:8|2:9|3:2|3:4|3:8|3:9|4:2|4:3|4:4|4:8|4:9|5:0|5:1|5:2|5:8|5:9|6:0|6:1|6:8|6:9|7:0|7:9|8:0|8:8|8:9,2203
2010,3738,0.5026481620405101,0.0,0.0,0.0,0.0,33,death,0,1,monster,0,17,11,0:0|0:1|0:2|1:0|1:2|2:0|2:2|2:3|3:0|3:1|3:2,2203
2011,3739,0.5024006001500375,3.0,3.0,0.0,3.0,69,victory,1,0,,0,39,37,0:0|0:1|0:2|0:6|0:7|0:8|1:2|1:6|1:7|1:8|2:2|2:6|2:8|2:9|3:1|3:2|3:4|3:5|3:6|3:8|3:9|4:2|4:4|4:8|4:9|5:1|5:2|5:4|5:9|6:1|6:2|6:3|6:4|6:9|7:8|7:9|8:8,2203
2012,3740,0.5021530382595649,3.0,3.0,0.0,3.0,81,victory,1,0,,0,38,32,0:0|0:1|0:2|0:4|0:5|0:6|0:7|0:8|1:2|1:4|1:7|1:8|2:2|2:3|2:4|2:8|2:9|3:2|3:8|3:9|4:2|4:9|5:1|5:2|5:9|6:1|6:7|6:8|6:9|7:8|7:9|8:8,2203
2013,3741,0.5019054763690922,2.0,2.0,0.0,2.0,79,death,0,1,monster,0,36,33,0:0|0:1|0:2|0:4|0:5|0:6|0:7|1:2|1:4|1:7|1:8|2:2|2:3|2:4|2:8|3:2|3:4|3:8|3:9|4:2|4:3|4:4|4:9|5:9|6:8|6:9|7:8|8:7|8:8|9:6|9:7|9:8|9:9,2203
2014,3742,0.5016579144786197,3.0,3.0,0.0,3.0,77,victory,1,0,,0,40,34,0:0|0:4|0:5|0:6|0:7|0:8|1:0|1:4|1:7|1:8|2:0|2:2|2:3|2:4|2:8|2:9|3:0|3:1|3:2|3:4|3:8|3:9|4:2|4:8|4:9|5:1|5:2|5:9|6:1|6:8|6:9|7:8|7:9|8:8,2203
2015,3743,0.501410352588147,1.0,1.0,0.0,1.0,70,death,0,1,monster,0,27,18,0:0|0:1|0:2|1:0|1:2|1:4|2:2|2:3|2:4|3:2|3:4|4:2|4:4|5:0|5:1|5:2|6:1|6:2,2203
2016,3744,0.5011627906976744,0.0,0.0,0.0,0.0,95,death,0,1,monster,0,17,12,0:0|1:0|2:0|3:0|3:1|3:2|4:2|4:3|5:0|5:1|5:2|6:2,2203
2017,3745,0.5009152288072019,2.0,2.0,0.0,2.0,132,death,0,1,monster,0,49,38,0:0|0:4|0:5|0:6|0:7|0:8|1:0|1:2|1:4|1:8|2:0|2:2|2:3|2:4|2:8|2:9|3:0|3:1|3:2|3:8|3:9|4:2|4:3|4:8|4:9|5:0|5:1|5:2|5:8|5:9|6:0|6:1|6:2|6:7|6:8|6:9|7:8|7:9,2203
2018,3746,0.5006676669167291,3.0,3.0,0.0,3.0,64,victory,1,0,,0,38,32,0:0|0:4|0:5|0:6|0:7|1:0|1:4|1:6|1:7|1:8|2:0|2:2|2:3|2:4|2:8|2:9|3:0|3:1|3:2|3:8|3:9|4:2|4:8|4:9|5:1|5:2|5:9|6:1|6:8|6:9|7:8|8:8,2203
2019,3747,0.5004201050262566,3.0,3.0,0.0,3.0,223,victory,1,0,,0,65,40,0:0|0:2|0:4|0:5|0:6|0:7|0:8|0:9|1:0|1:2|1:4|1:6|1:7|1:8|1:9|2:0|2:2|2:3|2:4|2:8|2:9|3:0|3:1|3:2|3:4|3:8|3:9|4:2|4:3|4:4|4:9|5:1|5:2|5:4|5:9|6:1|6:9|7:9|8:8|8:9,2203
2020,3748,0.500172543135784,3.0,3.0,0.0,3.0,102,victory,1,0,,0,42,36,0:0|0:4|0:5|0:6|0:7|0:8|0:9|1:0|1:4|1:8|1:9|2:0|2:2|2:3|2:4|2:8|3:0|3:1|3:2|3:8|3:9|4:2|4:3|4:9|5:0|5:1|5:2|5:9|6:0|6:1|6:2|6:9|7:9|8:8|8:9|9:9,2203
2021,3749,0.49992498124531126,3.0,3.0,0.0,3.0,100,victory,1,0,,0,49,37,0:0|0:1|0:2|0:4|0:5|0:6|0:7|0:8|1:2|1:4|1:6|1:7|1:8|2:2|2:3|2:4|2:6|2:8|3:1|3:2|3:8|3:9|4:2|4:3|4:9|5:0|5:1|5:2|5:8|5:9|6:0|6:1|6:9|7:9|8:8|8:9|9:9,2203
2022,3750,0.49967741935483867,2.0,2.0,0.0,2.0,64,death,0,1,monster,0,31,23,0:0|0:1|0:4|0:5|0:6|0:7|0:8|1:0|1:4|1:8|2:0|2:2|2:3|2:4|2:8|3:0|3:1|3:2|3:8|4:2|5:1|5:2|6:1,2203
2023,3751,0.4994298574643662,2.0,2.0,0.0,2.0,132,death,0,1,monster,0,59,40,0:0|0:4|0:5|0:6|0:7|1:0|1:2|1:4|1:6|1:7|2:0|2:2|2:3|2:4|2:6|3:0|3:1|3:2|3:4|3:5|3:6|3:9|4:2|4:3|4:4|4:5|4:6|4:7|4:8|4:9|5:1|5:2|5:4|5:8|5:9|6:1|6:2|6:3|6:4|7:3,2203
2024,3752,0.4991822955738935,3.0,3.0,0.0,3.0,89,victory,1,0,,0,42,34,0:0|0:6|0:7|0:8|1:0|1:6|1:8|2:0|2:4|2:6|2:8|3:0|3:1|3:2|3:4|3:5|3:6|3:8|3:9|4:2|4:3|4:4|4:9|5:0|5:1|5:2|5:9|6:1|6:2|6:3|6:9|7:9|8:8|8:9,2203
2025,3753,0.4989347336834209,0.0,0.0,0.0,0.0,17,death,0,1,monster,0,9,9,0:0|1:0|2:0|2:2|2:3|3:0|3:1|3:2|4:2,2203
2026,3754,0.4986871717929483,3.0,3.0,0.0,3.0,104,victory,1,0,,0,44,38,0:0|0:4|0:5|0:6|0:7|0:8|1:0|1:2|1:4|1:8|2:0|2:2|2:3|2:4|2:8|3:0|3:1|3:2|3:4|3:8|3:9|4:2|4:4|4:5|4:8|4:9|5:1|5:2|5:4|5:8|5:9|6:1|6:2|6:8|6:9|7:8|7:9|8:8,2203
2027,3755,0.4984396099024756,3.0,3.0,0.0,3.0,138,victory,1,0,,0,43,38,0:0|0:4|0:5|0:6|0:7|0:8|0:9|1:0|1:2|1:4|1:6|1:8|1:9|2:0|2:2|2:3|2:4|2:8|3:0|3:1|3:2|3:8|3:9|4:2|4:3|4:9|5:0|5:1|5:2|5:9|6:0|6:1|6:2|6:3|6:9|7:9|8:8|8:9,2203
2028,3756,0.498192048012003,3.0,3.0,0.0,3.0,85,victory,1,0,,0,40,34,0:0|0:4|0:5|0:6|0:7|0:8|0:9|1:0|1:4|1:8|1:9|2:0|2:2|2:3|2:4|2:8|2:9|3:0|3:1|3:2|3:9|4:2|4:9|5:0|5:1|5:2|5:9|6:1|6:2|6:9|7:8|7:9|8:8|8:9,2203
2029,3757,0.4979444861215304,3.0,3.0,0.0,3.0,102,victory,1,0,,0,56,41,0:0|0:4|0:5|0:6|0:7|0:8|1:0|1:4|1:6|1:7|1:8|2:0|2:2|2:3|2:4|2:6|2:8|2:9|3:0|3:1|3:2|3:6|3:8|3:9|4:2|4:3|4:6|4:7|4:8|4:9|5:1|5:2|5:9|6:1|6:2|6:8|6:9|7:8|7:9|8:8|8:9,2203
2030,3758,0.4976969242310577,3.0,3.0,0.0,3.0,63,victory,1,0,,0,43,34,0:0|0:4|0:5|0:6|0:7|0:8|1:0|1:4|1:8|2:0|2:2|2:3|2:4|2:8|3:0|3:1|3:2|3:8|3:9|4:2|4:9|5:0|5:1|5:2|5:9|6:0|6:1|6:2|6:9|7:9|8:8|8:9|9:8|9:9,2203
2031,3759,0.4974493623405851,3.0,3.0,0.0,3.0,77,victory,1,0,,0,37,34,0:0|0:4|0:5|0:6|0:7|0:8|1:0|1:4|1:7|1:8|2:0|2:2|2:3|2:4|2:8|2:9|3:0|3:1|3:2|3:8|3:9|4:2|4:9|5:0|5:1|5:2|5:9|6:0|6:1|6:2|6:9|7:9|8:8|8:9,2203
2032,3760,0.49720180045011253,2.0,2.0,0.0,2.0,67,death,0,1,monster,0,36,26,0:0|0:1|0:2|0:4|0:5|0:6|0:7|0:8|1:2|1:4|1:8|1:9|2:2|2:3|2:4|2:8|2:9|3:0|3:1|3:2|3:8|4:2|4:3|5:1|5:2|6:1,2203
2033,3761,0.49695423855963994,0.0,0.0,0.0,0.0,20,death,0,1,monster,0,10,7,0:0|0:1|0:2|1:2|2:2|2:3|3:2,2203
2034,3762,0.49670667666916735,3.0,3.0,0.0,3.0,198,victory,1,0,,0,48,36,0:0|0:4|0:5|0:6|0:7|0:8|0:9|1:0|1:4|1:6|1:7|1:8|1:9|2:0|2:2|2:3|2:4|2:8|2:9|3:0|3:1|3:2|3:9|4:2|4:9|5:0|5:1|5:2|5:9|6:1|6:2|6:3|6:9|7:9|8:8|8:9,2203
2035,3763,0.49645911477869464,3.0,3.0,0.0,3.0,93,victory,1,0,,0,40,34,0:0|0:4|0:5|0:6|0:7|0:8|0:9|1:0|1:4|1:8|1:9|2:0|2:2|2:3|2:4|2:8|3:0|3:1|3:2|3:4|3:8|3:9|4:2|4:3|4:9|5:1|5:2|5:9|6:1|6:2|6:9|7:9|8:8|8:9,2203
2036,3764,0.49621155288822205,2.0,2.0,0.0,2.0,57,death,0,1,monster,0,28,21,0:0|0:4|0:5|0:6|0:7|1:0|1:4|2:0|2:2|2:3|2:4|3:0|3:1|3:2|4:2|4:3|5:1|5:2|6:1|6:2|6:3,2203
2037,3765,0.49596399099774946,3.0,3.0,0.0,3.0,117,victory,1,0,,0,48,39,0:0|0:1|0:2|0:4|0:5|0:6|0:7|0:8|0:9|1:0|1:2|1:4|1:8|1:9|2:0|2:2|2:3|2:4|2:9|3:0|3:1|3:2|3:4|3:9|4:2|4:3|4:4|4:9|5:1|5:2|5:4|5:9|6:1|6:2|6:3|6:9|7:9|8:8|8:9,2203
2038,3766,0.49571642910727676,3.0,3.0,0.0,3.0,77,victory,1,0,,0,39,34,0:0|0:4|0:5|0:6|0:7|0:8|0:9|1:0|1:4|1:9|2:0|2:2|2:3|2:4|2:9|3:0|3:1|3:2|3:4|3:9|4:2|4:8|4:9|5:0|5:1|5:2|5:8|5:9|6:1|6:2|6:9|7:9|8:8|8:9,2203
2039,3767,0.49546886721680417,1.0,1.0,0.0,1.0,59,death,0,1,monster,0,27,17,0:0|0:1|0:2|0:4|0:5|1:2|1:4|2:2|2:3|2:4|3:2|4:2|5:0|5:1|5:2|6:1|6:2,2203
2040,3768,0.4952213053263316,1.0,1.0,0.0,1.0,27,death,0,1,monster,0,19,14,0:0|1:0|2:0|3:0|3:1|3:2|4:2|5:0|5:1|5:2|6:0|6:1|6:2|7:0,2203
2041,3769,0.494973743435859,0.0,0.0,0.0,0.0,22,death,0,1,monster,0,17,13,0:0|1:0|2:0|2:2|3:0|3:1|3:2|4:2|4:3|4:4|5:4|6:3|6:4,2203
2042,3770,0.4947261815453864,3.0,3.0,0.0,3.0,66,victory,1,0,,0,45,37,0:0|0:2|0:4|0:5|0:6|0:7|0:8|0:9|1:0|1:2|1:4|1:7|1:8|1:9|2:0|2:2|2:3|2:4|2:9|3:0|3:1|3:2|3:9|4:2|4:9|5:2|5:8|5:9|6:1|6:2|6:3|6:8|6:9|7:8|7:9|8:8|8:9,2203
2043,3771,0.4944786196549138,2.0,2.0,0.0,2.0,72,death,0,1,monster,0,39,31,0:0|0:4|0:5|0:6|0:7|0:8|0:9|1:0|1:4|1:7|1:8|1:9|2:0|2:2|2:3|2:4|2:8|2:9|3:0|3:1|3:2|3:8|3:9|4:2|4:3|4:9|5:1|5:2|5:9|6:1|6:2,2203
2044,3772,0.4942310577644411,3.0,3.0,0.0,3.0,79,victory,1,0,,0,48,40,0:0|0:4|0:5|0:6|0:7|0:8|0:9|1:0|1:2|1:4|1:9|2:0|2:2|2:3|2:4|2:8|2:9|3:0|3:1|3:2|3:4|3:5|3:6|3:8|3:9|4:2|4:4|4:5|4:9|5:1|5:2|5:9|6:1|6:2|6:9|7:9|8:8|8:9|9:8|9:9,2203
2045,3773,0.4939834958739685,3.0,3.0,0.0,3.0,100,victory,1,0,,0,45,38,0:0|0:1|0:2|0:6|0:7|0:8|0:9|1:0|1:2|1:6|1:7|1:8|1:9|2:2|2:3|2:4|2:6|2:9|3:2|3:4|3:5|3:6|3:9|4:2|4:4|4:5|4:6|4:9|5:1|5:2|5:9|6:1|6:2|6:3|6:9|7:9|8:8|8:9,2203
2046,3774,0.4937359339834959,3.0,3.0,0.0,3.0,43,victory,1,0,,0,34,31,0:0|0:4|0:5|0:6|0:7|0:8|1:0|1:4|1:6|1:8|2:0|2:2|2:3|2:4|2:8|2:9|3:0|3:1|3:2|3:9|4:2|4:9|5:1|5:2|5:9|6:1|6:2|6:9|7:8|7:9|8:8,2203
2047,3775,0.4934883720930232,3.0,3.0,0.0,3.0,63,victory,1,0,,0,36,32,0:0|0:4|0:5|0:6|0:7|0:8|1:0|1:4|1:8|1:9|2:0|2:2|2:3|2:4|2:9|3:0|3:1|3:2|3:9|4:2|4:8|4:9|5:1|5:2|5:8|5:9|6:1|6:2|6:9|7:8|7:9|8:8,2203
2048,3776,0.4932408102025506,3.0,3.0,0.0,3.0,72,victory,1,0,,0,47,37,0:0|0:6|0:7|0:8|0:9|1:0|1:6|1:9|2:0|2:2|2:3|2:4|2:6|2:8|2:9|3:0|3:1|3:2|3:4|3:6|3:8|3:9|4:2|4:4|4:5|4:6|4:9|5:1|5:2|5:6|5:9|6:1|6:2|6:9|7:8|7:9|8:8,2203
2049,3777,0.492993248312078,3.0,3.0,0.0,3.0,71,victory,1,0,,0,41,34,0:0|0:4|0:5|0:6|0:7|0:8|1:0|1:4|1:6|1:8|1:9|2:0|2:2|2:3|2:4|2:9|3:0|3:1|3:2|3:9|4:2|4:9|5:0|5:1|5:2|5:9|6:0|6:1|6:9|7:0|7:8|7:9|8:0|8:8,2203
2050,3778,0.49274568642160543,3.0,3.0,0.0,3.0,83,victory,1,0,,0,51,38,0:0|0:4|0:5|0:6|0:7|0:8|0:9|1:0|1:4|1:8|1:9|2:0|2:2|2:3|2:4|2:8|2:9|3:0|3:1|3:2|3:9|4:2|4:3|4:6|4:7|4:8|4:9|5:2|5:8|5:9|6:1|6:2|6:3|6:8|6:9|7:8|7:9|8:8,2203
2051,3779,0.49249812453113284,3.0,3.0,0.0,3.0,61,victory,1,0,,0,37,33,0:0|0:4|0:5|0:6|0:7|0:8|0:9|1:0|1:4|1:9|2:0|2:2|2:3|2:4|2:9|3:0|3:1|3:2|3:4|3:9|4:2|4:3|4:4|4:9|5:1|5:2|5:9|6:1|6:2|6:9|7:8|7:9|8:8,2203
2052,3780,0.49225056264066014,2.0,2.0,0.0,2.0,101,death,0,1,monster,0,42,34,0:0|0:2|0:4|0:5|0:6|0:7|0:8|0:9|1:0|1:2|1:4|1:9|2:0|2:2|2:3|2:4|2:9|3:0|3:1|3:2|3:9|4:2|4:9|5:0|5:1|5:2|5:9|6:0|6:1|6:2|6:8|6:9|7:9|8:9,2203
2053,3781,0.49200300075018755,3.0,3.0,0.0,3.0,81,victory,1,0,,0,43,37,0:0|0:4|0:5|0:6|0:7|0:8|1:0|1:4|1:7|1:8|1:9|2:0|2:2|2:3|2:4|2:8|2:9|3:0|3:1|3:2|3:8|3:9|4:2|4:3|4:8|4:9|5:1|5:2|5:8|5:9|6:1|6:2|6:3|6:9|7:8|7:9|8:8,2203
2054,3782,0.49175543885971496,3.0,3.0,0.0,3.0,93,victory,1,0,,0,47,39,0:0|0:7|1:0|1:6|1:7|2:0|2:6|3:0|3:1|3:2|3:6|4:2|4:6|4:7|4:8|4:9|5:1|5:2|5:6|5:9|6:1|6:2|6:3|6:6|6:7|6:8|6:9|7:3|7:8|7:9|8:3|8:4|8:7|8:8|9:4|9:5|9:6|9:7|9:8,2203
2055,3783,0.49150787696924225,3.0,3.0,0.0,3.0,67,victory,1,0,,0,34,30,0:0|0:4|0:5|0:6|0:7|0:8|1:0|1:4|1:8|1:9|2:0|2:2|2:3|2:4|2:9|3:0|3:1|3:2|3:9|4:2|4:9|5:1|5:2|5:9|6:1|6:2|6:8|6:9|7:8|8:8,2203
2056,3784,0.49126031507876966,3.0,3.0,0.0,3.0,81,victory,1,0,,0,38,31,0:0|0:4|0:5|0:6|0:7|0:8|0:9|1:0|1:4|1:9|2:0|2:2|2:3|2:4|2:9|3:0|3:1|3:2|3:9|4:2|4:9|5:0|5:1|5:2|5:9|6:0|6:1|6:8|6:9|7:8|8:8,2203
2057,3785,0.49101275318829707,3.0,3.0,0.0,3.0,91,victory,1,0,,0,44,34,0:0|0:4|0:5|0:6|0:7|0:8|0:9|1:0|1:2|1:4|1:8|1:9|2:0|2:2|2:3|2:4|2:9|3:0|3:1|3:2|3:9|4:2|4:3|4:9|5:1|5:2|5:8|5:9|6:1|6:2|6:8|6:9|7:8|8:8,2203
2058,3786,0.4907651912978245,0.0,0.0,0.0,0.0,20,death,0,1,monster,0,11,7,0:0|0:1|0:2|1:2|2:2|2:3|3:2,2203
2059,3787,0.4905176294073519,3.0,3.0,0.0,3.0,75,victory,1,0,,0,43,36,0:0|0:4|0:5|0:6|0:7|0:8|1:0|1:2|1:4|1:6|1:7|1:8|1:9|2:0|2:2|2:3|2:4|2:8|3:0|3:1|3:2|3:8|3:9|4:2|4:9|5:0|5:1|5:2|5:9|6:0|6:1|6:2|6:8|6:9|7:8|8:8,2203
2060,3788,0.4902700675168793,3.0,3.0,0.0,3.0,74,victory,1,0,,0,39,33,0:0|0:4|0:5|0:6|0:7|0:8|0:9|1:0|1:2|1:4|1:9|2:0|2:2|2:3|2:4|2:9|3:0|3:1|3:2|3:9|4:2|4:9|5:0|5:1|5:2|5:9|6:1|6:2|6:3|6:9|7:8|7:9|8:8,2203
2061,3789,0.4900225056264066,3.0,3.0,0.0,3.0,170,victory,1,0,,0,54,37,0:0|0:1|0:2|0:4|0:5|0:6|0:7|0:8|0:9|1:0|1:2|1:4|1:7|1:8|1:9|2:0|2:2|2:3|2:4|2:9|3:0|3:1|3:2|3:9|4:2|4:9|5:0|5:1|5:2|5:9|6:0|6:1|6:8|6:9|7:8|7:9|8:8,2203
2062,3790,0.489774943735934,3.0,3.0,0.0,3.0,94,victory,1,0,,0,40,35,0:0|0:1|0:2|0:4|0:5|0:6|0:7|0:8|0:9|1:0|1:2|1:4|1:9|2:2|2:3|2:4|2:9|3:1|3:2|3:4|3:9|4:2|4:3|4:9|5:1|5:2|5:8|5:9|6:1|6:2|6:8|6:9|7:8|7:9|8:8,2203
2063,3791,0.4895273818454614,3.0,3.0,0.0,3.0,86,victory,1,0,,0,41,37,0:0|0:4|0:5|0:6|0:7|0:8|0:9|1:0|1:2|1:4|1:9|2:0|2:2|2:3|2:4|2:9|3:0|3:1|3:2|3:9|4:2|4:3|4:8|4:9|5:1|5:2|5:8|5:9|6:1|6:2|6:3|6:8|6:9|7:3|7:8|8:3|8:8,2203
2064,3792,0.4892798199549887,3.0,3.0,0.0,3.0,86,victory,1,0,,0,37,34,0:0|0:4|0:5|0:6|0:7|0:8|0:9|1:0|1:4|1:6|1:7|1:9|2:0|2:2|2:3|2:4|2:9|3:0|3:1|3:2|3:9|4:2|4:9|5:0|5:1|5:2|5:8|5:9|6:1|6:2|6:8|6:9|7:8|8:8,2203
2065,3793,0.4890322580645161,2.0,2.0,0.0,2.0,139,death,0,1,monster,0,59,37,0:0|0:5|0:6|0:7|0:8|0:9|1:0|1:6|1:7|1:8|1:9|2:0|2:2|2:3|2:4|2:6|2:8|2:9|3:0|3:1|3:2|3:4|3:5|3:6|3:8|3:9|4:2|4:4|4:5|4:6|4:7|4:8|4:9|5:1|5:2|5:9|6:1,2203
2066,3794,0.4887846961740435,3.0,3.0,0.0,3.0,68,victory,1,0,,0,41,34,0:0|0:4|0:5|0:6|0:7|0:8|0:9|1:0|1:4|1:8|1:9|2:0|2:2|2:3|2:4|2:9|3:0|3:1|3:2|3:8|3:9|4:2|4:3|4:9|5:1|5:2|5:9|6:1|6:2|6:8|6:9|7:8|7:9|8:8,2203
2067,3795,0.48853713428357093,2.0,2.0,0.0,2.0,79,death,0,1,monster,0,39,33,0:0|0:2|0:4|0:5|0:6|0:7|0:8|0:9|1:0|1:2|1:4|1:6|1:9|2:0|2:2|2:3|2:4|2:9|3:0|3:1|3:2|3:8|3:9|4:2|4:7|4:8|4:9|5:0|5:1|5:2|5:9|6:0|6:1,2203
2068,3796,0.48828957239309834,1.0,1.0,0.0,1.0,44,death,0,1,monster,0,23,17,0:0|0:4|1:0|1:4|2:0|2:2|2:3|2:4|3:0|3:1|3:2|4:2|4:3|5:1|5:2|6:1|6:2,2203
2069,3797,0.48804201050262563,3.0,3.0,0.0,3.0,75,victory,1,0,,0,39,34,0:0|0:4|0:5|0:6|0:7|0:8|1:0|1:4|1:8|1:9|2:0|2:2|2:3|2:4|2:9|3:0|3:1|3:2|3:9|4:2|4:3|4:8|4:9|5:1|5:2|5:8|5:9|6:1|6:2|6:7|6:8|6:9|7:8|8:8,2203
2070,3798,0.48779444861215304,3.0,3.0,0.0,3.0,168,victory,1,0,,0,51,37,0:0|0:4|0:5|0:6|0:7|0:8|0:9|1:0|1:4|1:8|1:9|2:0|2:2|2:3|2:4|2:9|3:0|3:1|3:2|3:8|3:9|4:2|4:6|4:7|4:8|4:9|5:1|5:2|5:8|5:9|6:1|6:7|6:8|6:9|7:9|8:8|8:9,2203
2071,3799,0.48754688672168045,1.0,1.0,0.0,1.0,135,death,0,1,monster,0,42,26,0:0|0:4|0:5|1:0|1:4|2:0|2:2|2:3|2:4|3:0|3:1|3:2|3:4|3:5|4:2|4:3|4:4|4:5|5:0|5:1|5:2|5:4|6:0|6:1|6:2|7:0,2203
2072,3800,0.48729932483120775,3.0,3.0,0.0,3.0,176,victory,1,0,,0,39,35,0:0|0:4|0:5|0:6|0:7|0:8|1:0|1:4|1:6|1:8|1:9|2:0|2:2|2:3|2:4|2:9|3:0|3:1|3:2|3:4|3:9|4:2|4:3|4:9|5:1|5:2|5:8|5:9|6:1|6:2|6:9|7:9|8:8|8:9|9:9,2203
2073,3801,0.48705176294073516,1.0,1.0,0.0,1.0,76,death,0,1,monster,0,29,16,0:0|1:0|2:0|2:2|3:0|3:1|3:2|4:2|4:3|5:0|5:1|5:2|6:1|6:2|6:3|7:3,2203
2074,3802,0.48680420105026256,1.0,1.0,0.0,1.0,123,death,0,1,monster,0,42,22,0:0|0:1|1:0|1:4|2:0|2:2|2:3|2:4|3:0|3:1|3:2|3:4|4:2|5:0|5:1|5:2|6:0|6:1|6:2|6:3|6:4|7:3,2203
2075,3803,0.48655663915978986,3.0,3.0,0.0,3.0,216,victory,1,0,,0,49,37,0:0|0:1|0:4|0:5|0:6|0:7|0:8|0:9|1:0|1:4|1:9|2:0|2:4|2:9|3:0|3:1|3:2|3:4|3:9|4:2|4:3|4:4|4:8|4:9|5:0|5:1|5:2|5:9|6:1|6:2|6:3|6:7|6:8|6:9|7:8|7:9|8:8,2203
2076,3804,0.4863090772693174,3.0,3.0,0.0,3.0,134,victory,1,0,,0,38,33,0:0|0:1|0:2|0:4|0:5|0:6|0:7|0:8|0:9|1:2|1:4|1:7|1:9|2:2|2:3|2:4|2:9|3:2|3:8|3:9|4:2|4:8|4:9|5:0|5:1|5:2|5:8|5:9|6:1|6:8|6:9|7:8|8:8,2203
2077,3805,0.4860615153788448,2.0,2.0,0.0,2.0,60,death,0,1,monster,0,34,30,0:0|0:4|0:5|0:6|0:7|0:8|0:9|1:0|1:4|1:6|1:7|1:9|2:0|2:2|2:3|2:4|2:6|2:9|3:0|3:1|3:2|3:4|3:9|4:2|4:9|5:1|5:2|6:1|6:2|6:3,2203
2078,3806,0.4858139534883721,3.0,3.0,0.0,3.0,211,victory,1,0,,0,65,44,0:0|0:1|0:2|0:4|0:5|0:6|0:7|0:8|0:9|1:2|1:4|1:9|2:2|2:3|2:4|2:8|2:9|3:1|3:2|3:8|3:9|4:2|4:5|4:6|4:7|4:8|4:9|5:0|5:1|5:2|5:6|5:8|5:9|6:0|6:1|6:2|6:6|6:7|6:8|6:9|7:8|7:9|8:8|8:9,2203
2079,3807,0.4855663915978995,3.0,3.0,0.0,3.0,318,victory,1,0,,0,68,47,0:0|0:2|0:4|0:6|0:7|0:8|0:9|1:0|1:2|1:4|1:6|1:9|2:0|2:2|2:3|2:4|2:6|2:9|3:0|3:1|3:2|3:4|3:5|3:6|3:8|3:9|4:2|4:3|4:4|4:5|4:7|4:8|4:9|5:0|5:1|5:2|5:4|5:8|5:9|6:0|6:1|6:2|6:8|6:9|7:8|7:9|8:8,2203
2080,3808,0.4853188297074269,1.0,1.0,0.0,1.0,93,death,0,1,monster,0,34,19,0:0|0:2|1:0|1:2|1:4|2:0|2:2|2:3|2:4|3:0|3:1|3:2|4:2|5:0|5:1|5:2|6:0|6:1|6:2,2203
2081,3809,0.4850712678169542,3.0,3.0,0.0,3.0,208,victory,1,0,,0,43,36,0:0|0:4|0:5|0:6|0:7|0:8|1:0|1:2|1:4|1:8|2:0|2:2|2:3|2:4|2:8|2:9|3:0|3:1|3:2|3:4|3:9|4:2|4:3|4:4|4:8|4:9|5:0|5:1|5:2|5:8|5:9|6:1|6:2|6:8|7:8|8:8,2203
2082,3810,0.4848237059264816,3.0,3.0,0.0,3.0,101,victory,1,0,,0,47,36,0:0|0:1|0:2|0:4|0:5|0:6|0:7|0:8|1:2|1:4|1:8|1:9|2:2|2:3|2:4|2:9|3:2|3:9|4:2|4:8|4:9|5:0|5:1|5:2|5:8|5:9|6:0|6:1|6:6|6:7|6:8|6:9|7:6|7:8|7:9|8:8,2203
2083,3811,0.484576144036009,3.0,3.0,0.0,3.0,106,victory,1,0,,0,41,34,0:0|0:1|0:4|0:5|0:6|0:7|0:8|0:9|1:0|1:4|1:9|2:0|2:2|2:3|2:4|2:9|3:0|3:1|3:2|3:4|3:8|3:9|4:2|4:8|4:9|5:1|5:2|5:8|5:9|6:1|6:8|6:9|7:8|8:8,2203
2084,3812,0.4843285821455363,2.0,2.0,0.0,2.0,82,death,0,1,monster,0,32,22,0:0|0:4|0:5|0:6|0:7|1:0|1:4|2:0|2:2|2:3|2:4|3:0|3:1|3:2|3:4|4:2|4:3|5:0|5:1|5:2|6:0|6:1,2203
2085,3813,0.48408102025506383,3.0,3.0,0.0,3.0,88,victory,1,0,,0,44,35,0:0|0:5|0:6|0:7|0:8|0:9|1:0|1:6|1:8|1:9|2:0|2:6|2:9|3:0|3:1|3:2|3:5|3:6|3:9|4:2|4:3|4:4|4:5|4:8|4:9|5:1|5:2|5:8|5:9|6:1|6:2|6:9|7:8|7:9|8:8,2203
2086,3814,0.48383345836459124,2.0,2.0,0.0,2.0,141,death,0,1,monster,0,40,25,0:0|0:4|0:5|0:6|0:7|0:8|1:0|1:4|1:6|1:7|1:8|2:0|2:2|2:3|2:4|3:0|3:1|3:2|3:4|4:2|5:0|5:1|5:2|6:0|6:1,2203
2087,3815,0.48358589647411854,3.0,3.0,0.0,3.0,150,victory,1,0,,0,53,44,0:0|0:2|0:6|0:7|0:8|0:9|1:0|1:2|1:6|1:7|1:8|1:9|2:0|2:2|2:3|2:4|2:6|2:8|2:9|3:0|3:1|3:2|3:4|3:5|3:6|3:8|3:9|4:2|4:8|4:9|5:0|5:1|5:2|5:8|5:9|6:0|6:1|6:2|6:7|6:8|6:9|7:8|7:9|8:8,2203
2088,3816,0.48333833458364595,2.0,2.0,0.0,2.0,60,death,0,1,monster,0,39,32,0:0|0:4|0:5|0:6|0:7|0:8|0:9|1:0|1:4|1:7|1:8|1:9|2:0|2:2|2:3|2:4|2:9|3:0|3:1|3:2|3:9|4:2|4:8|4:9|5:0|5:1|5:2|5:9|6:0|6:1|6:8|6:9,2203
2089,3817,0.48309077269317324,1.0,1.0,0.0,1.0,25,death,0,1,monster,0,16,13,0:0|1:0|2:0|3:0|3:1|3:2|4:2|4:3|5:0|5:1|5:2|6:0|6:1,2203
2090,3818,0.48284321080270065,1.0,1.0,0.0,1.0,37,death,0,1,monster,0,26,16,0:0|0:1|0:2|1:2|2:2|2:3|2:4|3:2|3:4|4:2|5:1|5:2|6:1|6:2|6:3|7:3,2203
2091,3819,0.48259564891222806,3.0,3.0,0.0,3.0,76,victory,1,0,,0,42,34,0:0|0:1|0:2|0:4|0:5|0:6|0:7|0:8|0:9|1:2|1:4|1:7|1:9|2:2|2:3|2:4|2:9|3:1|3:2|3:4|3:9|4:2|4:9|5:0|5:1|5:2|5:9|6:0|6:1|6:2|6:9|7:8|7:9|8:8,2203
2092,3820,0.48234808702175536,3.0,3.0,0.0,3.0,76,victory,1,0,,0,39,35,0:0|0:4|0:5|0:6|0:7|0:8|0:9|1:0|1:4|1:6|1:8|1:9|2:0|2:2|2:3|2:4|2:8|2:9|3:0|3:1|3:2|3:8|3:9|4:2|4:3|4:9|5:1|5:2|5:9|6:1|6:8|6:9|7:8|7:9|8:8,2203
2093,3821,0.4821005251312829,2.0,2.0,0.0,2.0,211,death,0,1,monster,0,57,36,0:0|0:4|0:5|0:6|0:7|0:8|0:9|1:0|1:2|1:4|1:6|1:7|1:8|1:9|2:0|2:2|2:3|2:4|2:8|2:9|3:0|3:1|3:2|3:8|3:9|4:2|4:7|4:8|4:9|5:0|5:1|5:2|5:9|6:0|6:1|6:2,2203
2094,3822,0.4818529632408103,3.0,3.0,0.0,3.0,129,victory,1,0,,0,40,34,0:0|0:4|0:5|0:6|0:7|0:8|0:9|1:0|1:4|1:8|1:9|2:0|2:2|2:3|2:4|2:8|2:9|3:0|3:1|3:2|3:8|3:9|4:2|4:9|5:1|5:2|5:8|5:9|6:1|6:6|6:7|6:8|7:8|8:8,2203
2095,3823,0.4816054013503376,3.0,3.0,0.0,3.0,66,victory,1,0,,0,41,34,0:0|0:4|0:5|0:6|0:7|0:8|0:9|1:0|1:4|1:9|2:0|2:2|2:4|2:8|2:9|3:0|3:1|3:2|3:4|3:8|3:9|4:2|4:3|4:4|4:8|4:9|5:1|5:2|5:9|6:1|6:9|7:8|7:9|8:8,2203
2096,3824,0.481357839459865,2.0,2.0,0.0,2.0,224,death,0,1,monster,0,65,33,0:0|0:4|0:5|0:6|0:7|0:8|0:9|1:0|1:4|1:6|1:7|1:8|1:9|2:0|2:2|2:3|2:4|2:6|2:8|2:9|3:0|3:1|3:2|3:8|3:9|4:2|4:3|4:4|4:8|4:9|5:1|5:2|6:1,2203
2097,3825,0.4811102775693924,1.0,1.0,0.0,1.0,60,death,0,1,monster,0,28,14,0:0|1:0|2:0|3:0|3:1|3:2|4:2|5:0|5:1|5:2|6:0|6:1|6:2|6:3,2203
2098,3826,0.4808627156789197,1.0,1.0,0.0,1.0,67,death,0,1,monster,0,21,17,0:0|1:0|2:0|2:2|2:4|3:0|3:1|3:2|3:4|4:2|4:3|4:4|5:0|5:1|5:2|6:0|6:1,2203
2099,3827,0.4806151537884471,3.0,3.0,0.0,3.0,118,victory,1,0,,0,44,39,0:0|0:2|0:4|0:5|0:6|0:7|0:8|0:9|1:0|1:2|1:4|1:6|1:9|2:0|2:2|2:4|2:6|2:9|3:0|3:1|3:2|3:4|3:9|4:2|4:3|4:4|4:9|5:0|5:1|5:2|5:8|5:9|6:1|6:2|6:7|6:8|6:9|7:8|8:8,2203
2100,3828,0.4803675918979745,3.0,3.0,0.0,3.0,164,victory,1,0,,0,59,43,0:0|0:4|0:5|0:6|0:7|0:8|0:9|1:0|1:4|1:8|1:9|2:0|2:2|2:3|2:4|2:8|2:9|3:0|3:1|3:2|3:4|3:5|3:6|3:8|3:9|4:2|4:5|4:6|4:7|4:8|4:9|5:0|5:1|5:2|5:6|5:8|5:9|6:1|6:6|6:7|6:8|7:8|8:8,2203
2101,3829,0.4801200300075018,1.0,1.0,0.0,1.0,29,death,0,1,monster,0,21,15,0:0|1:0|2:0|2:2|2:3|2:4|3:0|3:1|3:2|3:4|3:5|4:2|5:1|5:2|6:1,2203
2102,3830,0.4798724681170293,3.0,3.0,0.0,3.0,160,victory,1,0,,0,51,46,0:0|0:4|0:5|0:6|0:7|0:8|1:0|1:2|1:4|1:6|1:8|1:9|2:0|2:2|2:3|2:4|2:9|3:0|3:1|3:2|3:4|3:5|3:6|3:8|3:9|4:2|4:4|4:5|4:6|4:7|4:8|4:9|5:1|5:2|5:6|5:8|5:9|6:1|6:2|6:6|6:7|6:8|6:9|7:8|7:9|8:8,2203
2103,3831,0.47962490622655674,1.0,1.0,0.0,1.0,25,death,0,1,monster,0,20,11,0:0|1:0|2:0|3:0|3:1|3:2|4:2|4:3|5:1|5:2|6:1,2203
2104,3832,0.47937734433608403,3.0,3.0,0.0,3.0,108,victory,1,0,,0,48,40,0:0|0:1|0:2|0:4|0:5|0:6|0:7|0:8|0:9|1:2|1:4|1:6|1:7|1:8|1:9|2:2|2:3|2:4|2:6|3:0|3:1|3:2|3:4|3:5|3:6|4:2|4:3|4:6|4:7|4:8|5:1|5:2|5:8|5:9|6:1|6:8|6:9|7:8|7:9|8:8,2203
2105,3833,0.47912978244561144,2.0,2.0,0.0,2.0,141,death,0,1,monster,0,53,34,0:0|0:4|0:5|0:6|0:7|0:8|0:9|1:0|1:4|1:8|1:9|2:0|2:2|2:3|2:4|2:8|2:9|3:0|3:1|3:2|3:8|3:9|4:2|4:3|4:8|4:9|5:0|5:1|5:2|6:0|6:1|6:2|6:3|6:4,2203
2106,3834,0.47888222055513874,2.0,2.0,0.0,2.0,117,death,0,1,monster,0,48,34,0:0|0:4|0:5|0:6|0:7|1:0|1:4|1:7|1:8|2:0|2:2|2:3|2:4|2:8|2:9|3:0|3:1|3:2|3:4|3:8|3:9|4:2|4:8|4:9|5:1|5:2|5:8|5:9|6:1|6:2|6:8|6:9|7:8|7:9,2203
2107,3835,0.47863465866466615,3.0,3.0,0.0,3.0,252,victory,1,0,,0,60,39,0:0|0:1|0:2|0:4|0:5|0:6|0:7|0:8|0:9|1:2|1:4|1:6|1:7|1:8|1:9|2:2|2:3|2:4|2:8|2:9|3:1|3:2|3:8|3:9|4:2|4:7|4:8|4:9|5:1|5:2|5:8|5:9|6:1|6:7|6:8|6:9|7:8|7:9|8:8,2203
2108,3836,0.47838709677419355,2.0,2.0,0.0,2.0,70,death,0,1,monster,0,35,26,0:0|0:6|0:7|0:8|1:0|1:2|1:4|1:6|1:7|2:0|2:2|2:3|2:4|2:6|3:0|3:1|3:2|3:4|3:5|3:6|4:2|4:3|5:0|5:1|5:2|6:1,2203
2109,3837,0.47813953488372085,3.0,3.0,0.0,3.0,104,victory,1,0,,0,44,32,0:0|0:4|0:5|0:6|0:7|0:8|0:9|1:0|1:2|1:4|1:8|1:9|2:0|2:2|2:3|2:4|2:8|2:9|3:0|3:1|3:2|3:9|4:2|4:9|5:1|5:2|5:9|6:1|6:9|7:9|8:8|8:9,2204
2110,3838,0.47789197299324826,3.0,3.0,0.0,3.0,135,victory,1,0,,0,44,36,0:0|0:4|0:5|0:6|0:7|0:8|0:9|1:0|1:4|1:7|1:8|1:9|2:0|2:2|2:3|2:4|2:8|2:9|3:0|3:1|3:2|3:8|3:9|4:2|4:8|4:9|5:0|5:1|5:2|5:8|5:9|6:1|6:8|6:9|7:8|8:8,2204
2111,3839,0.4776444111027758,3.0,3.0,0.0,3.0,112,victory,1,0,,0,39,33,0:0|0:4|0:5|0:6|0:7|0:8|0:9|1:0|1:4|1:9|2:0|2:2|2:3|2:4|2:9|3:0|3:1|3:2|3:8|3:9|4:2|4:8|4:9|5:0|5:1|5:2|5:9|6:0|6:1|6:8|6:9|7:8|8:8,2204
2112,3840,0.4773968492123031,3.0,3.0,0.0,3.0,143,victory,1,0,,0,51,37,0:0|0:6|0:7|0:8|0:9|1:0|1:6|1:7|1:8|1:9|2:0|2:6|2:8|2:9|3:0|3:1|3:2|3:5|3:6|3:9|4:2|4:3|4:4|4:5|4:9|5:0|5:1|5:2|5:4|5:8|5:9|6:1|6:2|6:9|7:8|7:9|8:8,2204
2113,3841,0.4771492873218305,3.0,3.0,0.0,3.0,79,victory,1,0,,0,40,35,0:0|0:4|0:5|0:6|0:7|0:8|0:9|1:0|1:4|1:9|2:0|2:4|2:8|2:9|3:0|3:1|3:2|3:4|3:9|4:2|4:3|4:4|4:8|4:9|5:0|5:1|5:2|5:9|6:0|6:1|6:2|6:8|6:9|7:8|8:8,2204
2114,3842,0.4769017254313579,1.0,1.0,0.0,1.0,38,death,0,1,monster,0,21,18,0:0|1:0|1:6|2:0|2:6|3:0|3:1|3:2|3:4|3:5|3:6|4:2|4:3|4:4|5:1|5:2|5:4|6:1,2204
2115,3843,0.4766541635408852,3.0,3.0,0.0,3.0,182,victory,1,0,,0,39,34,0:0|0:4|0:5|0:6|0:7|0:8|0:9|1:0|1:4|1:9|2:0|2:2|2:3|2:4|2:9|3:0|3:1|3:2|3:9|4:2|4:9|5:0|5:1|5:2|5:9|6:0|6:1|6:2|6:3|6:8|6:9|7:3|7:8|8:8,2204
2116,3844,0.4764066016504126,2.0,2.0,0.0,2.0,186,death,0,1,monster,0,52,32,0:0|0:1|0:2|0:4|0:5|0:6|0:7|0:8|0:9|1:0|1:2|1:4|1:9|2:2|2:3|2:4|2:8|2:9|3:2|3:4|3:8|3:9|4:2|4:8|4:9|5:1|5:2|5:8|5:9|6:1|6:2|6:9,2204
2117,3845,0.47615903975994,2.0,2.0,0.0,2.0,109,death,0,1,monster,0,43,32,0:0|0:4|0:5|0:6|0:7|0:8|0:9|1:0|1:4|1:8|1:9|2:0|2:2|2:3|2:4|2:8|3:0|3:1|3:2|3:8|3:9|4:2|4:8|4:9|5:0|5:1|5:2|5:8|5:9|6:1|6:2|6:3,2204
2118,3846,0.4759114778694673,1.0,1.0,0.0,1.0,71,death,0,1,monster,0,27,19,0:0|0:4|0:5|0:6|1:0|1:4|2:0|2:2|2:3|2:4|3:0|3:1|3:2|4:2|5:1|5:2|6:1|6:2|6:3,2204
2119,3847,0.4756639159789947,3.0,3.0,0.0,3.0,126,victory,1,0,,0,48,42,0:0|0:1|0:2|0:4|0:5|0:6|0:7|0:8|0:9|1:0|1:2|1:4|1:7|1:8|1:9|2:0|2:2|2:4|2:8|2:9|3:0|3:1|3:2|3:4|3:9|4:2|4:3|4:4|4:7|4:8|4:9|5:0|5:1|5:2|5:8|5:9|6:0|6:1|6:8|6:9|7:8|8:8,2204
2120,3848,0.47541635408852223,3.0,3.0,0.0,3.0,161,victory,1,0,,0,46,36,0:0|0:4|0:5|0:6|0:7|0:8|0:9|1:0|1:2|1:4|1:8|1:9|2:0|2:2|2:3|2:4|2:8|2:9|3:0|3:1|3:2|3:8|3:9|4:2|4:7|4:8|4:9|5:1|5:2|5:8|5:9|6:1|6:8|6:9|7:8|8:8,2204
2121,3849,0.4751687921980495,3.0,3.0,0.0,3.0,97,victory,1,0,,0,48,33,0:0|0:4|0:5|0:6|0:7|0:8|1:0|1:2|1:4|1:7|1:8|2:0|2:2|2:3|2:4|2:8|2:9|3:0|3:1|3:2|3:9|4:2|4:8|4:9|5:0|5:1|5:2|5:8|6:0|6:1|6:8|7:8|8:8,2204
2122,3850,0.47492123030757694,1.0,1.0,0.0,1.0,47,death,0,1,monster,0,26,14,0:0|0:2|1:0|1:2|2:0|2:2|2:3|3:0|3:1|3:2|4:2|5:1|5:2|6:1,2204
2123,3851,0.47467366841710434,3.0,3.0,0.0,3.0,180,victory,1,0,,0,59,43,0:0|0:2|0:4|0:5|0:6|0:7|0:8|0:9|1:0|1:2|1:4|1:8|1:9|2:0|2:2|2:3|2:4|2:8|2:9|3:0|3:1|3:2|3:4|3:9|4:2|4:3|4:4|4:7|4:8|4:9|5:0|5:1|5:2|5:8|5:9|6:1|6:2|6:3|6:8|6:9|7:9|8:8|8:9,2204
2124,3852,0.47442610652663164,3.0,3.0,0.0,3.0,119,victory,1,0,,0,44,39,0:0|0:4|0:5|0:6|0:7|0:8|0:9|1:0|1:4|1:6|1:7|1:8|1:9|2:0|2:2|2:3|2:4|2:8|2:9|3:0|3:1|3:2|3:8|3:9|4:2|4:8|4:9|5:1|5:2|5:8|5:9|6:1|6:2|6:6|6:7|6:8|6:9|7:8|8:8,2204
2125,3853,0.47417854463615905,3.0,3.0,0.0,3.0,137,victory,1,0,,0,64,38,0:0|0:6|0:7|0:8|0:9|1:0|1:4|1:6|1:7|1:8|1:9|2:0|2:2|2:3|2:4|2:6|3:0|3:1|3:2|3:4|3:5|3:6|4:2|4:3|4:4|4:5|4:6|4:7|4:8|5:1|5:2|5:8|5:9|6:1|6:8|6:9|7:8|8:8,2204
2126,3854,0.47393098274568635,1.0,1.0,0.0,1.0,88,death,0,1,monster,0,30,22,0:0|0:6|1:0|1:2|1:6|2:0|2:2|2:3|2:4|2:6|3:0|3:1|3:2|3:4|3:5|3:6|4:2|4:3|4:6|5:1|5:2|6:1,2204
2127,3855,0.47368342085521375,1.0,1.0,0.0,1.0,80,death,0,1,monster,0,29,17,0:0|0:1|0:2|1:0|1:2|1:4|2:0|2:2|2:3|2:4|3:0|3:1|3:2|4:2|5:2|6:1|6:2,2204
2128,3856,0.47343585896474116,3.0,3.0,0.0,3.0,163,victory,1,0,,0,49,41,0:0|0:2|0:4|0:5|0:6|0:7|0:8|0:9|1:0|1:2|1:4|1:8|1:9|2:0|2:2|2:3|2:4|2:8|2:9|3:0|3:1|3:2|3:8|3:9|4:2|4:3|4:8|4:9|5:0|5:1|5:2|5:8|5:9|6:0|6:1|6:2|6:8|6:9|7:0|7:8|8:8,2204
2129,3857,0.47318829707426857,3.0,3.0,0.0,3.0,80,victory,1,0,,0,36,31,0:0|0:4|0:5|0:6|0:7|0:8|0:9|1:0|1:4|1:8|1:9|2:0|2:2|2:3|2:4|2:9|3:0|3:1|3:2|3:4|3:9|4:2|4:9|5:1|5:2|5:9|6:1|6:8|6:9|7:8|8:8,2204
2130,3858,0.472940735183796,3.0,3.0,0.0,3.0,135,victory,1,0,,0,48,35,0:0|0:4|0:5|0:6|0:7|0:8|0:9|1:0|1:4|1:7|1:8|1:9|2:0|2:2|2:3|2:4|2:8|2:9|3:0|3:1|3:2|3:8|3:9|4:2|4:9|5:1|5:2|5:9|6:1|6:2|6:3|6:8|6:9|7:8|8:8,2204
2131,3859,0.4726931732933234,3.0,3.0,0.0,3.0,147,victory,1,0,,0,46,35,0:0|0:4|0:5|0:6|0:7|0:8|0:9|1:0|1:4|1:8|1:9|2:0|2:2|2:3|2:4|2:8|2:9|3:0|3:1|3:2|3:8|3:9|4:2|4:8|5:0|5:1|5:2|5:8|5:9|6:1|6:2|6:8|6:9|7:8|8:8,2204
2132,3860,0.4724456114028507,1.0,1.0,0.0,1.0,152,death,0,1,monster,0,37,19,0:0|0:1|0:2|1:0|1:2|1:4|2:0|2:2|2:3|2:4|3:0|3:1|3:2|4:2|5:0|5:1|5:2|6:0|6:1,2204
2133,3861,0.4721980495123781,3.0,3.0,0.0,3.0,154,victory,1,0,,0,51,36,0:0|0:4|0:5|0:6|0:7|0:8|0:9|1:0|1:4|1:9|2:0|2:2|2:3|2:4|2:8|2:9|3:0|3:1|3:2|3:4|3:9|4:2|4:8|4:9|5:0|5:1|5:2|5:8|5:9|6:1|6:2|6:8|6:9|7:8|7:9|8:8,2204
2134,3862,0.4719504876219055,3.0,3.0,0.0,3.0,204,victory,1,0,,0,64,41,0:0|0:4|0:5|0:6|0:7|0:8|0:9|1:0|1:2|1:4|1:7|1:9|2:0|2:2|2:3|2:4|2:8|2:9|3:0|3:1|3:2|3:8|3:9|4:2|4:3|4:4|4:8|5:0|5:1|5:2|5:8|5:9|6:1|6:2|6:3|6:8|6:9|7:8|7:9|8:8|8:9,2204
2135,3863,0.4717029257314328,2.0,2.0,0.0,2.0,153,death,0,1,monster,0,57,41,0:0|0:2|0:4|0:5|0:6|0:7|0:8|0:9|1:0|1:2|1:4|1:9|2:0|2:2|2:3|2:4|2:9|3:0|3:1|3:2|3:4|3:9|4:2|4:3|4:4|4:8|4:9|5:0|5:1|5:2|5:8|5:9|6:0|6:1|6:2|6:8|6:9|7:0|7:9|8:9|9:9,2205
2136,3864,0.4714553638409602,3.0,3.0,0.0,3.0,155,victory,1,0,,0,45,39,0:0|0:4|0:5|0:6|0:7|0:8|0:9|1:0|1:2|1:4|1:9|2:0|2:2|2:3|2:4|2:8|2:9|3:0|3:1|3:2|3:4|3:8|3:9|4:2|4:3|4:7|4:8|4:9|5:0|5:1|5:2|5:8|5:9|6:0|6:1|6:9|7:8|7:9|8:8,2205
2137,3865,0.4712078019504876,1.0,1.0,0.0,1.0,57,death,0,1,monster,0,29,15,0:0|1:0|2:0|2:2|3:0|3:1|3:2|4:2|4:3|5:0|5:1|5:2|6:0|6:1|7:0,2205
2138,3866,0.470960240060015,2.0,2.0,0.0,2.0,159,death,0,1,monster,0,41,26,0:0|0:4|0:5|0:6|0:7|0:8|0:9|1:0|1:4|1:7|1:8|2:0|2:2|2:3|2:4|3:0|3:1|3:2|3:4|4:2|4:3|4:4|5:1|5:2|6:1|6:2,2205
2139,3867,0.47071267816954243,3.0,3.0,0.0,3.0,153,victory,1,0,,0,45,36,0:0|0:4|0:5|0:6|0:7|0:8|0:9|1:0|1:4|1:7|1:8|1:9|2:0|2:2|2:3|2:4|2:8|2:9|3:0|3:1|3:2|3:4|3:8|4:2|4:8|5:0|5:1|5:2|5:8|5:9|6:1|6:2|6:8|6:9|7:8|8:8,2205
2140,3868,0.47046511627906984,2.0,2.0,0.0,2.0,159,death,0,1,monster,0,50,30,0:0|0:4|0:5|0:6|0:7|0:8|0:9|1:0|1:4|1:6|1:7|1:8|1:9|2:0|2:2|2:3|2:4|2:9|3:0|3:1|3:2|3:8|3:9|4:2|4:3|5:1|5:2|6:1|6:2|6:3,2205
2141,3869,0.47021755438859714,0.0,0.0,0.0,0.0,14,death,0,1,monster,0,11,8,0:0|1:0|1:2|2:0|2:2|3:0|3:1|3:2,2205
2142,3870,0.46996999249812454,3.0,3.0,0.0,3.0,101,victory,1,0,,0,41,37,0:0|0:4|0:5|0:6|0:7|0:8|0:9|1:0|1:2|1:4|1:7|1:8|1:9|2:0|2:2|2:3|2:4|2:8|2:9|3:0|3:1|3:2|3:8|4:2|4:8|5:0|5:1|5:2|5:8|6:0|6:1|6:2|6:3|6:7|6:8|7:8|8:8,2205
2143,3871,0.46972243060765195,3.0,3.0,0.0,3.0,148,victory,1,0,,0,61,47,0:0|0:1|0:2|0:4|0:5|0:6|0:7|0:8|1:0|1:2|1:4|1:6|1:7|1:8|2:0|2:2|2:3|2:4|2:6|2:8|2:9|3:0|3:1|3:2|3:4|3:5|3:6|3:8|3:9|4:2|4:3|4:6|4:7|4:8|4:9|5:1|5:2|5:8|5:9|6:1|6:2|6:3|6:8|6:9|7:3|7:8|8:8,2205
2144,3872,0.46947486871717925,3.0,3.0,0.0,3.0,87,victory,1,0,,0,38,34,0:0|0:2|0:4|0:5|0:6|0:7|0:8|0:9|1:0|1:2|1:4|1:6|1:7|1:8|1:9|2:0|2:2|2:3|2:4|2:9|3:0|3:1|3:2|3:9|4:2|4:9|5:2|5:9|6:1|6:2|6:8|6:9|7:8|8:8,2205
2145,3873,0.46922730682670666,2.0,2.0,0.0,2.0,350,truncated,0,0,,1,48,30,0:0|0:1|0:2|0:4|0:5|0:6|0:7|0:8|0:9|1:0|1:2|1:4|1:9|2:0|2:2|2:3|2:4|2:8|2:9|3:0|3:1|3:2|3:8|3:9|4:2|4:3|5:1|5:2|6:1|6:2,2205
2146,3874,0.46897974493623407,3.0,3.0,0.0,3.0,170,victory,1,0,,0,49,37,0:0|0:1|0:2|0:4|0:5|0:6|0:7|0:8|0:9|1:0|1:2|1:4|1:8|1:9|2:2|2:3|2:4|2:8|2:9|3:2|3:8|4:2|4:3|4:8|5:1|5:2|5:8|5:9|6:0|6:1|6:8|6:9|7:0|7:8|7:9|8:8|8:9,2205
2147,3875,0.4687321830457615,3.0,3.0,0.0,3.0,81,victory,1,0,,0,42,37,0:0|0:4|0:5|0:6|0:7|0:8|0:9|1:0|1:4|1:6|1:7|1:8|1:9|2:0|2:2|2:3|2:4|2:8|2:9|3:0|3:1|3:2|3:9|4:2|4:8|4:9|5:1|5:2|5:8|5:9|6:1|6:2|6:3|6:8|6:9|7:8|8:8,2205
2148,3876,0.4684846211552889,0.0,0.0,0.0,0.0,29,death,0,1,monster,0,9,9,0:0|1:0|2:0|3:0|3:1|3:2|4:2|4:3|4:4,2205
2149,3877,0.4682370592648162,0.0,0.0,0.0,0.0,85,death,0,1,monster,0,19,7,0:0|1:0|2:0|2:2|3:0|3:1|3:2,2205
2150,3878,0.4679894973743436,2.0,2.0,0.0,2.0,89,death,0,1,monster,0,35,22,0:0|0:1|0:2|0:4|0:5|0:6|0:7|0:8|1:2|1:4|2:2|2:3|2:4|3:1|3:2|4:2|4:3|5:1|5:2|6:1|6:2|6:3,2205
2151,3879,0.467741935483871,3.0,3.0,0.0,3.0,203,victory,1,0,,0,46,39,0:0|0:1|0:2|0:4|0:5|0:6|0:7|0:8|1:2|1:4|1:8|2:2|2:3|2:4|2:8|2:9|3:0|3:1|3:2|3:4|3:5|3:8|3:9|4:2|4:3|4:4|4:8|4:9|5:1|5:2|5:8|5:9|6:1|6:2|6:3|6:8|6:9|7:8|8:8,2205
2152,3880,0.4674943735933983,3.0,3.0,0.0,3.0,86,victory,1,0,,0,44,33,0:0|0:1|0:2|0:4|0:5|0:6|0:7|0:8|0:9|1:2|1:4|1:9|2:2|2:3|2:4|2:9|3:1|3:2|3:8|3:9|4:2|4:8|5:1|5:2|5:8|5:9|6:1|6:2|6:3|6:8|6:9|7:8|8:8,2205
2153,3881,0.4672468117029257,3.0,3.0,0.0,3.0,114,victory,1,0,,0,54,42,0:0|0:1|0:4|0:5|0:6|0:7|0:8|0:9|1:0|1:4|1:9|2:0|2:2|2:3|2:4|2:8|2:9|3:0|3:1|3:2|3:4|3:8|3:9|4:2|4:7|4:8|4:9|5:0|5:1|5:2|5:8|5:9|6:0|6:1|6:2|6:8|6:9|7:8|7:9|8:8|8:9|9:9,2205
2154,3882,0.4669992498124531,1.0,1.0,0.0,1.0,40,death,0,1,monster,0,23,16,0:0|0:1|0:2|0:4|1:2|1:4|2:2|2:3|2:4|3:1|3:2|4:2|5:1|5:2|6:1|6:2,2205
2155,3883,0.4667516879219805,0.0,0.0,0.0,0.0,33,death,0,1,monster,0,18,10,0:0|0:1|0:2|1:2|2:2|2:3|2:4|3:1|3:2|4:2,2205
2156,3884,0.4665041260315079,3.0,3.0,0.0,3.0,78,victory,1,0,,0,49,40,0:0|0:1|0:2|0:4|0:5|0:6|0:7|0:8|0:9|1:2|1:4|1:7|1:9|2:2|2:3|2:4|2:9|3:2|3:4|3:5|3:6|3:8|3:9|4:2|4:3|4:4|4:5|4:8|4:9|5:1|5:2|5:8|5:9|6:1|6:2|6:8|6:9|7:9|8:8|8:9,2205
2157,3885,0.46625656414103533,1.0,1.0,0.0,1.0,37,death,0,1,monster,0,20,14,0:0|1:0|2:0|2:2|2:3|2:4|3:0|3:1|3:2|4:2|5:1|5:2|6:1|6:2,2205
2158,3886,0.46600900225056263,1.0,1.0,0.0,1.0,41,death,0,1,monster,0,20,14,0:0|1:0|2:0|3:0|3:1|3:2|4:2|4:3|4:4|5:0|5:1|5:2|6:1|6:2,2205
2159,3887,0.46576144036009004,1.0,1.0,0.0,1.0,33,death,0,1,monster,0,18,11,0:0|0:1|0:2|1:2|2:2|3:2|4:2|5:1|5:2|6:1|6:2,2205
2160,3888,0.46551387846961745,3.0,3.0,0.0,3.0,244,victory,1,0,,0,61,46,0:0|0:1|0:2|0:4|0:5|0:6|0:7|0:8|0:9|1:2|1:4|1:7|1:8|1:9|2:2|2:3|2:4|2:8|2:9|3:0|3:1|3:2|3:4|3:8|3:9|4:2|4:3|4:4|4:8|4:9|5:1|5:2|5:4|5:8|5:9|6:1|6:2|6:3|6:4|6:8|6:9|7:8|7:9|8:8|8:9|9:9,2205
2161,3889,0.46526631657914475,3.0,3.0,0.0,3.0,102,victory,1,0,,0,52,38,0:0|0:1|0:2|0:4|0:5|0:6|0:7|0:8|0:9|1:2|1:4|1:9|2:2|2:3|2:4|2:9|3:1|3:2|3:8|3:9|4:2|4:3|4:4|4:8|4:9|5:0|5:1|5:2|5:8|5:9|6:0|6:1|6:2|6:8|6:9|7:0|7:8|8:8,2205
2162,3890,0.46501875468867215,3.0,3.0,0.0,3.0,67,victory,1,0,,0,39,30,0:0|0:1|0:2|0:4|0:5|0:6|0:7|1:2|1:4|1:6|2:2|2:3|2:4|2:6|3:2|3:6|4:2|4:3|4:6|4:7|4:8|5:1|5:2|5:8|5:9|6:1|6:9|7:9|8:8|8:9,2205
2163,3891,0.46477119279819945,3.0,3.0,0.0,3.0,73,victory,1,0,,0,38,33,0:0|0:1|0:2|0:4|0:5|0:6|0:7|0:8|1:2|1:4|1:8|1:9|2:2|2:3|2:4|2:8|2:9|3:2|3:9|4:2|4:3|4:8|4:9|5:1|5:2|5:8|5:9|6:1|6:2|6:8|6:9|7:8|8:8,2205
2164,3892,0.46452363090772697,3.0,3.0,0.0,3.0,214,victory,1,0,,0,56,40,0:0|0:1|0:2|0:4|0:5|0:6|0:7|0:8|0:9|1:2|1:4|1:7|1:8|1:9|2:2|2:3|2:4|2:8|2:9|3:1|3:2|3:8|3:9|4:2|4:8|4:9|5:0|5:1|5:2|5:9|6:0|6:1|6:2|6:7|6:8|6:9|7:8|7:9|8:8|8:9,2205
2165,3893,0.4642760690172544,3.0,3.0,0.0,3.0,109,victory,1,0,,0,45,37,0:0|0:1|0:2|0:4|0:5|0:6|0:7|0:8|0:9|1:2|1:4|1:6|1:7|1:8|1:9|2:0|2:2|2:3|2:4|2:9|3:0|3:1|3:2|3:8|3:9|4:2|4:8|4:9|5:1|5:2|5:8|5:9|6:1|6:2|6:8|7:8|8:8,2205
2166,3894,0.4640285071267817,3.0,3.0,0.0,3.0,129,victory,1,0,,0,46,38,0:0|0:1|0:2|0:6|0:7|0:8|0:9|1:2|1:6|1:8|1:9|2:2|2:6|2:8|2:9|3:2|3:4|3:5|3:6|3:8|3:9|4:2|4:3|4:4|4:5|4:6|4:7|4:8|4:9|5:1|5:2|5:6|5:8|6:1|6:2|6:8|7:8|8:8,2205
2167,3895,0.4637809452363091,1.0,1.0,0.0,1.0,155,death,0,1,monster,0,32,23,0:0|0:4|0:5|0:6|0:7|1:0|1:4|2:0|2:2|2:3|2:4|3:0|3:1|3:2|4:2|4:3|4:4|5:0|5:1|5:2|6:0|6:1|6:2,2205
2168,3896,0.4635333833458365,0.0,0.0,0.0,0.0,17,death,0,1,monster,0,8,8,0:0|0:1|0:2|1:2|2:2|3:2|4:2|4:3,2205
2169,3897,0.4632858214553638,2.0,2.0,0.0,2.0,76,death,0,1,monster,0,37,26,0:0|0:1|0:2|0:4|0:5|0:6|0:7|0:8|1:2|1:4|1:7|1:8|1:9|2:2|2:3|2:4|2:8|2:9|3:0|3:1|3:2|4:2|5:2|6:1|6:2|6:3,2205
2170,3898,0.4630382595648912,2.0,2.0,0.0,2.0,104,death,0,1,monster,0,41,29,0:0|0:1|0:2|0:5|0:6|0:7|0:8|0:9|1:2|1:6|1:7|1:8|1:9|2:2|2:3|2:4|2:6|3:0|3:1|3:2|3:4|3:5|3:6|4:2|4:3|5:1|5:2|6:1|6:2,2205
2171,3899,0.4627906976744186,2.0,2.0,0.0,2.0,88,death,0,1,monster,0,43,28,0:0|0:1|0:2|0:4|0:5|0:6|0:7|0:8|0:9|1:2|1:4|1:7|1:8|1:9|2:2|2:3|2:4|2:9|3:1|3:2|3:9|4:2|5:0|5:1|5:2|6:0|6:1|6:2,2205
2172,3900,0.4625431357839459,3.0,3.0,0.0,3.0,146,victory,1,0,,0,42,37,0:0|0:1|0:2|0:4|0:5|0:6|0:7|0:8|0:9|1:2|1:4|1:8|1:9|2:2|2:3|2:4|2:8|2:9|3:1|3:2|3:9|4:2|4:8|4:9|5:0|5:1|5:2|5:8|5:9|6:0|6:1|6:2|6:8|6:9|7:0|7:8|8:8,2205
2173,3901,0.4622955738934734,3.0,3.0,0.0,3.0,98,victory,1,0,,0,45,36,0:0|0:1|0:2|0:4|0:5|0:6|0:7|0:9|1:2|1:4|1:7|1:8|1:9|2:2|2:3|2:4|2:8|2:9|3:2|3:4|3:8|3:9|4:2|4:8|5:1|5:2|5:8|5:9|6:1|6:2|6:6|6:7|6:8|6:9|7:8|8:8,2205
2174,3902,0.46204801200300083,3.0,3.0,0.0,3.0,59,victory,1,0,,0,37,32,0:0|0:1|0:2|0:4|0:5|0:6|0:7|0:8|0:9|1:2|1:4|1:8|2:2|2:3|2:4|2:8|2:9|3:1|3:2|3:9|4:2|4:7|4:8|4:9|5:1|5:2|5:8|6:1|6:2|6:8|7:8|8:8,2205
2175,3903,0.4618004501125281,1.0,1.0,0.0,1.0,81,death,0,1,monster,0,37,15,0:0|0:1|0:2|1:0|1:2|2:2|2:3|3:1|3:2|4:2|4:3|5:1|5:2|6:1|6:2,2206
2176,3904,0.46155288822205554,3.0,3.0,0.0,3.0,178,victory,1,0,,0,68,44,0:0|0:1|0:2|0:4|0:5|0:6|0:7|0:8|0:9|1:2|1:4|1:8|1:9|2:2|2:3|2:4|2:6|2:8|2:9|3:2|3:4|3:5|3:6|3:8|3:9|4:2|4:4|4:5|4:6|4:7|4:8|4:9|5:0|5:1|5:2|5:4|5:8|6:1|6:2|6:3|6:4|6:8|7:8|8:8,2206
2177,3905,0.46130532633158294,3.0,3.0,0.0,3.0,102,victory,1,0,,0,60,38,0:0|0:1|0:2|0:4|0:5|0:6|0:7|0:8|0:9|1:2|1:4|1:6|1:7|1:8|1:9|2:2|2:3|2:4|2:6|2:8|2:9|3:1|3:2|3:6|4:2|4:3|4:6|4:7|4:8|4:9|5:1|5:2|5:8|6:1|6:2|6:8|7:8|8:8,2206
2178,3906,0.46105776444111024,1.0,1.0,0.0,1.0,20,death,0,1,monster,0,18,13,0:0|0:1|0:2|1:2|2:2|2:3|2:4|3:2|3:4|4:2|5:2|6:1|6:2,2206
2179,3907,0.46081020255063765,3.0,3.0,0.0,3.0,86,victory,1,0,,0,46,40,0:0|0:1|0:2|0:4|0:5|0:6|0:7|0:8|1:2|1:4|1:6|1:7|2:2|2:4|2:6|3:1|3:2|3:4|3:6|4:2|4:3|4:4|4:6|4:7|4:8|5:0|5:1|5:2|5:6|5:8|6:0|6:1|6:2|6:3|6:7|6:8|7:8|7:9|8:8|8:9,2206
2180,3908,0.46056264066016506,1.0,1.0,0.0,1.0,33,death,0,1,monster,0,23,14,0:0|0:1|0:2|1:2|2:2|2:3|3:1|3:2|4:2|4:3|5:1|5:2|6:1|6:2,2206
2181,3909,0.46031507876969235,1.0,1.0,0.0,1.0,154,death,0,1,monster,0,47,23,0:0|0:1|0:2|1:2|2:2|3:1|3:2|4:2|4:3|5:0|5:1|5:2|6:0|6:1|6:2|6:3|6:4|7:0|7:3|8:0|8:1|8:2|8:3,2206
2182,3910,0.4600675168792199,1.0,1.0,0.0,1.0,53,death,0,1,monster,0,19,14,0:0|0:1|0:2|1:2|2:2|3:2|4:2|4:3|5:1|5:2|6:0|6:1|6:2|6:3,2206
2183,3911,0.45981995498874717,1.0,1.0,0.0,1.0,307,death,0,1,monster,0,37,19,0:0|0:1|1:0|2:0|3:0|3:1|3:2|4:2|5:0|5:1|5:2|6:0|6:1|6:2|6:3|6:4|7:0|7:3|8:0,2206
2184,3912,0.4595723930982746,3.0,3.0,0.0,3.0,139,victory,1,0,,0,56,38,0:0|0:1|0:2|0:4|0:5|0:6|0:7|0:8|1:0|1:2|1:4|1:6|1:7|1:8|2:0|2:2|2:3|2:4|2:6|3:0|3:1|3:2|3:6|4:2|4:3|4:6|4:7|4:8|5:1|5:2|5:8|6:1|6:2|6:8|6:9|7:9|8:8|8:9,2206
2185,3913,0.459324831207802,3.0,3.0,0.0,3.0,111,victory,1,0,,0,47,31,0:0|0:1|0:2|0:4|0:5|0:6|0:7|1:2|1:4|1:6|2:2|2:3|2:4|3:2|3:4|3:5|3:6|4:2|4:3|4:5|4:6|4:7|4:8|5:2|5:8|6:1|6:2|6:8|6:9|7:8|8:8,2206
2186,3914,0.4590772693173293,3.0,3.0,0.0,3.0,220,victory,1,0,,0,52,40,0:0|0:1|0:2|0:4|0:5|0:6|0:7|0:8|0:9|1:2|1:4|1:6|1:8|1:9|2:2|2:3|2:4|2:8|2:9|3:2|3:8|3:9|4:2|4:3|4:8|4:9|5:0|5:1|5:2|5:8|6:0|6:1|6:2|6:6|6:7|6:8|6:9|7:8|7:9|8:8,2206
2187,3915,0.4588297074268567,2.0,2.0,0.0,2.0,103,death,0,1,monster,0,42,35,0:0|0:4|0:5|0:6|0:7|0:8|1:0|1:4|1:8|1:9|2:0|2:2|2:3|2:4|2:9|3:0|3:1|3:2|3:4|3:8|3:9|4:2|4:8|4:9|5:0|5:1|5:2|5:8|6:0|6:1|6:2|6:3|6:7|6:8|6:9,2206
2188,3916,0.4585821455363841,3.0,3.0,0.0,3.0,86,victory,1,0,,0,38,33,0:0|0:1|0:2|0:4|0:5|0:6|0:7|0:8|0:9|1:2|1:4|1:9|2:2|2:3|2:4|2:9|3:1|3:2|3:8|3:9|4:2|4:8|4:9|5:1|5:2|5:8|6:1|6:2|6:8|6:9|7:9|8:8|8:9,2206
2189,3917,0.4583345836459114,3.0,3.0,0.0,3.0,59,victory,1,0,,0,41,32,0:0|0:1|0:2|0:4|0:5|0:6|0:7|0:8|1:2|1:4|1:7|1:8|1:9|2:2|2:3|2:4|2:8|2:9|3:2|3:8|3:9|4:2|4:9|5:2|5:9|6:1|6:2|6:3|6:9|7:9|8:8|8:9,2206
2190,3918,0.4580870217554389,3.0,3.0,0.0,3.0,64,victory,1,0,,0,39,33,0:0|0:1|0:2|0:4|0:5|0:6|0:7|0:8|1:2|1:4|1:7|1:8|1:9|2:2|2:3|2:4|2:8|2:9|3:2|3:8|3:9|4:2|4:3|4:9|5:1|5:2|5:9|6:1|6:2|6:9|7:9|8:8|8:9,2206
2191,3919,0.4578394598649663,3.0,3.0,0.0,3.0,84,victory,1,0,,0,48,31,0:0|0:1|0:2|0:4|0:5|0:6|0:7|0:8|1:2|1:4|1:8|1:9|2:2|2:3|2:4|2:9|3:2|3:9|4:2|4:8|4:9|5:1|5:2|5:8|5:9|6:1|6:2|6:9|7:9|8:8|8:9,2206
2192,3920,0.4575918979744936,3.0,3.0,0.0,3.0,203,victory,1,0,,0,76,37,0:0|0:1|0:2|0:4|0:5|0:6|0:7|0:8|0:9|1:2|1:4|1:6|1:7|1:8|1:9|2:2|2:3|2:4|2:6|2:8|2:9|3:2|3:8|3:9|4:2|4:8|4:9|5:1|5:2|5:8|5:9|6:1|6:2|6:9|7:9|8:8|8:9,2206
2193,3921,0.45734433608402103,2.0,2.0,0.0,2.0,48,death,0,1,monster,0,31,25,0:0|0:1|0:2|0:4|0:5|0:6|0:7|0:8|1:2|1:4|1:6|1:7|1:8|1:9|2:2|2:3|2:4|2:8|2:9|3:2|3:8|4:2|5:2|6:1|6:2,2206
2194,3922,0.45709677419354844,0.0,0.0,0.0,0.0,43,death,0,1,monster,0,18,10,0:0|0:1|0:2|1:2|2:2|2:3|2:4|3:2|3:4|4:2,2206
2195,3923,0.45684921230307574,2.0,2.0,0.0,2.0,64,death,0,1,monster,0,31,24,0:0|0:1|0:2|0:4|0:5|0:6|0:7|0:8|1:2|1:4|1:6|1:8|2:2|2:3|2:4|3:1|3:2|4:2|5:0|5:1|5:2|6:0|6:1|6:2,2206
2196,3924,0.45660165041260314,3.0,3.0,0.0,3.0,111,victory,1,0,,0,42,36,0:0|0:1|0:2|0:4|0:5|0:6|0:7|0:8|0:9|1:2|1:4|1:7|1:8|1:9|2:2|2:3|2:4|2:8|2:9|3:2|3:9|4:2|4:8|4:9|5:1|5:2|5:8|5:9|6:0|6:1|6:2|6:8|6:9|7:9|8:8|8:9,2206
2197,3925,0.45635408852213055,3.0,3.0,0.0,3.0,86,victory,1,0,,0,45,37,0:0|0:1|0:2|0:4|0:5|0:6|0:7|0:8|1:2|1:4|1:6|1:8|1:9|2:2|2:3|2:4|2:8|2:9|3:2|3:8|3:9|4:2|4:3|4:9|5:1|5:2|5:9|6:1|6:2|6:3|6:9|7:3|7:9|8:3|8:8|8:9|9:9,2206
2198,3926,0.45610652663165785,2.0,2.0,0.0,2.0,197,death,0,1,monster,0,48,30,0:0|0:1|0:2|0:4|0:5|0:6|0:7|0:8|0:9|1:2|1:4|1:6|1:7|1:8|1:9|2:2|2:3|2:4|2:8|3:0|3:1|3:2|3:4|4:2|4:4|5:2|6:0|6:1|6:2|6:3,2206
2199,3927,0.45585896474118537,3.0,3.0,0.0,3.0,251,victory,1,0,,0,60,39,0:0|0:1|0:2|0:4|0:5|0:6|0:7|0:8|0:9|1:2|1:4|1:6|1:7|1:8|1:9|2:2|2:3|2:4|2:8|2:9|3:0|3:1|3:2|3:8|3:9|4:2|4:3|4:8|4:9|5:1|5:2|5:8|6:1|6:2|6:8|6:9|7:9|8:8|8:9,2206
2200,3928,0.4556114028507128,1.0,1.0,0.0,1.0,31,death,0,1,monster,0,21,12,0:0|0:1|0:2|1:2|2:2|3:1|3:2|4:2|5:1|5:2|6:1|6:2,2206
2201,3929,0.4553638409602401,3.0,3.0,0.0,3.0,68,victory,1,0,,0,43,37,0:0|0:1|0:2|0:4|0:5|0:6|0:7|0:8|1:2|1:4|1:7|1:8|2:2|2:3|2:4|2:8|2:9|3:2|3:4|3:8|3:9|4:2|4:3|4:4|4:9|5:0|5:1|5:2|5:9|6:0|6:1|6:2|6:9|7:9|8:8|8:9|9:9,2206
2202,3930,0.4551162790697675,3.0,3.0,0.0,3.0,108,victory,1,0,,0,56,37,0:0|0:1|0:2|0:4|0:5|0:6|0:7|0:8|1:2|1:4|1:6|1:7|1:8|2:2|2:3|2:4|2:8|2:9|3:1|3:2|3:8|3:9|4:2|4:7|4:8|4:9|5:1|5:2|5:8|6:0|6:1|6:2|6:8|6:9|7:9|8:8|8:9,2206
2203,3931,0.4548687171792948,3.0,3.0,0.0,3.0,79,victory,1,0,,0,41,33,0:0|0:1|0:2|0:4|0:5|0:6|0:7|0:8|1:2|1:4|1:8|1:9|2:2|2:4|2:8|3:1|3:2|3:4|3:8|3:9|4:2|4:3|4:4|4:7|4:8|4:9|5:1|5:2|5:8|6:1|6:8|7:8|8:8,2206
2204,3932,0.4546211552888222,3.0,3.0,0.0,3.0,107,victory,1,0,,0,45,36,0:0|0:1|0:2|0:4|0:5|0:6|0:7|0:8|0:9|1:2|1:4|1:7|1:8|1:9|2:2|2:3|2:4|2:8|2:9|3:2|3:9|4:2|4:3|4:9|5:0|5:1|5:2|5:9|6:0|6:1|6:2|6:9|7:9|8:8|8:9|9:9,2206
2205,3933,0.4543735933983496,1.0,1.0,0.0,1.0,31,death,0,1,monster,0,22,13,0:0|0:1|0:2|1:2|2:2|3:2|4:2|4:3|5:1|5:2|6:1|6:2|6:3,2206
2206,3934,0.4541260315078769,3.0,3.0,0.0,3.0,139,victory,1,0,,0,64,44,0:0|0:1|0:2|0:4|0:5|0:6|0:7|1:2|1:4|1:7|1:8|1:9|2:2|2:3|2:4|2:8|2:9|3:1|3:2|3:4|3:5|3:8|3:9|4:2|4:3|4:4|4:5|4:8|4:9|5:0|5:1|5:2|5:4|5:8|6:0|6:1|6:2|6:3|6:4|6:8|6:9|7:9|8:8|8:9,2206
2207,3935,0.4538784696174043,3.0,3.0,0.0,3.0,85,victory,1,0,,0,38,33,0:0|0:1|0:2|0:4|0:5|0:6|0:7|0:8|1:2|1:4|1:7|1:8|2:2|2:3|2:4|2:8|2:9|3:2|3:8|3:9|4:2|4:8|4:9|5:1|5:2|5:8|6:1|6:2|6:8|6:9|7:9|8:8|8:9,2206
2208,3936,0.4536309077269318,3.0,3.0,0.0,3.0,82,victory,1,0,,0,40,34,0:0|0:1|0:2|0:4|0:5|0:6|0:7|0:8|1:2|1:4|1:6|1:8|2:2|2:4|2:8|3:2|3:4|3:5|3:8|4:2|4:3|4:4|4:5|4:8|5:1|5:2|5:8|6:1|6:8|6:9|7:9|8:8|8:9|9:9,2206
2209,3937,0.4533833458364591,2.0,2.0,0.0,2.0,76,death,0,1,monster,0,43,30,0:0|0:4|0:5|0:6|0:7|0:8|0:9|1:0|1:4|1:6|1:8|1:9|2:0|2:2|2:3|2:4|2:8|2:9|3:0|3:1|3:2|3:8|3:9|4:2|4:9|5:0|5:1|5:2|6:1|6:2,2206
2210,3938,0.4531357839459865,2.0,2.0,0.0,2.0,62,death,0,1,monster,0,33,25,0:0|0:1|0:2|0:4|0:5|0:6|0:7|0:8|1:2|1:4|1:8|2:2|2:3|2:4|2:8|2:9|3:2|3:9|4:2|4:7|4:8|4:9|5:1|5:2|6:1,2206
2211,3939,0.45288822205551393,3.0,3.0,0.0,3.0,57,victory,1,0,,0,40,31,0:0|0:1|0:2|0:4|0:5|0:6|0:7|0:8|1:2|1:4|1:8|2:2|2:3|2:4|2:8|2:9|3:2|3:9|4:2|4:3|4:4|4:9|5:1|5:2|5:9|6:1|6:2|6:9|7:9|8:8|8:9,2206
2212,3940,0.45264066016504123,3.0,3.0,0.0,3.0,74,victory,1,0,,0,47,36,0:0|0:4|0:5|0:6|0:7|0:8|1:0|1:4|1:8|2:0|2:2|2:3|2:4|2:8|2:9|3:0|3:1|3:2|3:9|4:2|4:3|4:4|4:9|5:1|5:2|5:4|5:9|6:0|6:1|6:2|6:3|6:4|6:9|7:9|8:8|8:9,2206
2213,3941,0.45239309827456864,3.0,3.0,0.0,3.0,63,victory,1,0,,0,39,33,0:0|0:4|0:5|0:6|0:7|0:8|1:0|1:4|1:8|1:9|2:0|2:2|2:3|2:4|2:9|3:0|3:1|3:2|3:9|4:2|4:3|4:8|4:9|5:0|5:1|5:2|5:8|6:1|6:8|6:9|7:9|8:8|8:9,2206
2214,3942,0.45214553638409605,2.0,2.0,0.0,2.0,110,death,0,1,monster,0,33,26,0:0|0:1|0:2|0:4|0:5|0:6|0:7|0:8|0:9|1:2|1:4|2:2|2:3|2:4|3:2|3:4|4:2|4:3|4:4|5:1|5:2|5:4|6:1|6:2|6:3|6:4,2206
2215,3943,0.45189797449362334,0.0,0.0,0.0,0.0,12,death,0,1,monster,0,8,7,0:0|0:1|0:2|1:2|2:2|2:3|2:4,2206
2216,3944,0.45165041260315075,3.0,3.0,0.0,3.0,81,victory,1,0,,0,45,36,0:0|0:1|0:2|0:4|0:5|0:6|0:7|0:8|1:2|1:4|1:8|2:2|2:4|2:8|2:9|3:2|3:4|3:8|3:9|4:2|4:3|4:4|4:7|4:8|5:0|5:1|5:2|5:4|5:8|6:1|6:2|6:8|6:9|7:9|8:8|8:9,2206
2217,3945,0.45140285071267827,0.0,0.0,0.0,0.0,17,death,0,1,monster,0,9,7,0:0|0:1|0:2|1:2|2:2|3:2|4:2,2206
2218,3946,0.45115528882220557,2.0,2.0,0.0,2.0,48,death,0,1,monster,0,27,22,0:0|0:1|0:2|0:4|0:5|0:6|0:7|0:8|1:2|1:4|2:2|2:3|2:4|3:1|3:2|3:4|4:2|4:4|5:0|5:1|5:2|6:1,2206
2219,3947,0.450907726931733,3.0,3.0,0.0,3.0,99,victory,1,0,,0,47,34,0:0|0:1|0:2|0:4|0:5|0:6|0:7|0:8|0:9|1:2|1:4|1:8|1:9|2:2|2:3|2:4|2:8|2:9|3:2|3:9|4:2|4:9|5:0|5:1|5:2|5:9|6:1|6:2|6:3|6:9|7:3|7:9|8:8|8:9,2206
2220,3948,0.4506601650412603,0.0,0.0,0.0,0.0,18,death,0,1,monster,0,11,9,0:0|0:1|0:2|1:2|2:2|3:2|4:2|4:3|4:4,2206
2221,3949,0.4504126031507877,3.0,3.0,0.0,3.0,48,victory,1,0,,0,37,31,0:0|0:1|0:2|0:4|0:5|0:6|0:7|0:8|1:2|1:4|1:8|2:0|2:2|2:3|2:4|2:8|2:9|3:0|3:1|3:2|3:9|4:2|4:9|5:1|5:2|5:9|6:1|6:9|7:8|7:9|8:8,2206
2222,3950,0.4501650412603151,2.0,2.0,0.0,2.0,175,death,0,1,monster,0,60,35,0:0|0:1|0:2|0:4|0:5|0:6|0:7|0:8|0:9|1:2|1:4|1:8|1:9|2:2|2:4|2:8|2:9|3:1|3:2|3:4|3:8|3:9|4:2|4:3|4:4|4:8|4:9|5:0|5:1|5:2|5:4|6:0|6:1|7:0|8:0,2206
2223,3951,0.4499174793698424,2.0,2.0,0.0,2.0,76,death,0,1,monster,0,35,24,0:0|0:1|0:2|0:4|0:5|0:6|0:7|1:2|1:4|1:6|1:7|2:2|2:3|2:4|3:2|3:4|3:5|4:2|4:4|5:0|5:1|5:2|6:1|6:2,2206
2224,3952,0.4496699174793698,3.0,3.0,0.0,3.0,160,victory,1,0,,0,47,30,0:0|0:1|0:2|0:4|0:5|0:6|0:7|0:8|1:2|1:4|1:8|2:2|2:3|2:4|2:8|2:9|3:2|3:4|3:9|4:2|4:9|5:1|5:2|5:9|6:1|6:8|6:9|7:9|8:8|8:9,2206
2225,3953,0.4494223555888972,3.0,3.0,0.0,3.0,101,victory,1,0,,0,42,34,0:0|0:4|0:5|0:6|0:7|0:8|1:0|1:4|1:8|2:0|2:2|2:3|2:4|2:8|2:9|3:0|3:1|3:2|3:9|4:2|4:9|5:0|5:1|5:2|5:8|5:9|6:1|6:6|6:7|6:8|6:9|7:9|8:8|8:9,2206
2226,3954,0.4491747936984246,3.0,3.0,0.0,3.0,85,victory,1,0,,0,45,33,0:0|0:1|0:2|0:4|0:5|0:6|0:7|0:8|1:2|1:4|1:8|2:2|2:3|2:4|2:8|2:9|3:2|3:4|3:5|3:9|4:2|4:5|4:9|5:0|5:1|5:2|5:9|6:0|6:1|6:9|7:9|8:8|8:9,2206
2227,3955,0.448927231807952,3.0,3.0,0.0,3.0,94,victory,1,0,,0,39,30,0:0|0:1|0:2|0:4|0:5|0:6|0:7|0:8|1:2|1:4|1:8|2:2|2:3|2:4|2:8|2:9|3:1|3:2|3:9|4:2|4:9|5:0|5:1|5:2|5:9|6:1|6:9|7:9|8:8|8:9,2206
2228,3956,0.44867966991747943,0.0,0.0,0.0,0.0,8,death,0,1,monster,0,8,8,0:0|0:1|0:2|1:2|2:2|2:3|2:4|3:4,2206
2229,3957,0.4484321080270067,3.0,3.0,0.0,3.0,95,victory,1,0,,0,45,37,0:0|0:1|0:2|0:4|0:5|0:6|0:7|0:8|1:2|1:4|1:6|1:8|2:2|2:3|2:4|2:8|2:9|3:2|3:9|4:2|4:3|4:9|5:0|5:1|5:2|5:8|5:9|6:0|6:1|6:2|6:8|6:9|7:0|7:9|8:0|8:8|8:9,2206
2230,3958,0.44818454613653413,2.0,2.0,0.0,2.0,227,death,0,1,monster,0,62,34,0:0|0:1|0:4|0:5|0:6|0:7|0:8|1:0|1:2|1:4|1:6|1:7|1:8|1:9|2:0|2:2|2:3|2:4|2:6|2:8|2:9|3:0|3:1|3:2|3:8|3:9|4:2|4:8|4:9|5:1|5:2|5:9|6:1|6:2,2206
2231,3959,0.44793698424606154,3.0,3.0,0.0,3.0,49,victory,1,0,,0,35,30,0:0|0:1|0:2|0:4|0:5|0:6|0:7|0:8|0:9|1:2|1:4|1:9|2:2|2:3|2:4|2:9|3:2|3:9|4:2|4:3|4:9|5:1|5:2|5:9|6:1|6:2|6:9|7:8|7:9|8:8,2206
2232,3960,0.44768942235558884,1.0,1.0,0.0,1.0,64,death,0,1,monster,0,25,15,0:0|0:1|0:2|0:4|1:2|1:4|2:2|2:3|2:4|3:2|4:2|5:1|5:2|6:1|6:2,2206
2233,3961,0.44744186046511625,3.0,3.0,0.0,3.0,124,victory,1,0,,0,56,47,0:0|0:1|0:2|0:4|0:5|0:6|0:7|0:8|0:9|1:2|1:4|1:6|1:7|1:8|1:9|2:0|2:2|2:3|2:4|2:6|2:8|2:9|3:0|3:1|3:2|3:5|3:6|3:9|4:2|4:6|4:7|4:8|4:9|5:1|5:2|5:6|5:8|5:9|6:1|6:2|6:6|6:7|6:8|6:9|7:8|7:9|8:8,2208
2234,3962,0.44719429857464377,3.0,3.0,0.0,3.0,86,victory,1,0,,0,56,47,0:0|0:1|0:2|0:4|0:5|0:6|0:7|1:2|1:4|1:6|1:7|2:2|2:4|2:6|3:2|3:4|3:6|4:2|4:3|4:4|4:6|4:7|4:8|4:9|5:0|5:1|5:2|5:4|5:8|5:9|6:0|6:1|6:2|6:3|6:4|6:7|6:8|6:9|7:0|7:3|7:9|8:0|8:1|8:2|8:3|8:8|8:9,2208
2235,3963,0.44694673668417106,2.0,2.0,0.0,2.0,56,death,0,1,monster,0,31,24,0:0|0:1|0:2|0:4|0:5|0:6|0:7|0:8|1:2|1:4|1:7|1:8|1:9|2:2|2:3|2:4|2:8|2:9|3:2|4:2|5:1|5:2|6:1|6:2,2208
2236,3964,0.4466991747936985,3.0,3.0,0.0,3.0,67,victory,1,0,,0,39,31,0:0|0:1|0:2|0:4|0:5|0:6|0:7|0:8|1:2|1:4|1:8|2:2|2:3|2:4|2:8|2:9|3:2|3:9|4:2|4:3|4:8|4:9|5:1|5:2|5:8|6:1|6:8|6:9|7:9|8:8|8:9,2208
2237,3965,0.4464516129032259,3.0,3.0,0.0,3.0,66,victory,1,0,,0,36,31,0:0|0:4|0:5|0:6|0:7|0:8|1:0|1:4|1:8|2:0|2:2|2:3|2:4|2:8|2:9|3:0|3:1|3:2|3:9|4:2|4:9|5:1|5:2|5:9|6:0|6:1|6:2|6:9|7:9|8:8|8:9,2208
2238,3966,0.4462040510127532,3.0,3.0,0.0,3.0,71,victory,1,0,,0,46,35,0:0|0:1|0:2|0:4|0:5|0:6|0:7|0:8|1:2|1:4|1:6|1:7|1:8|2:2|2:3|2:4|2:8|2:9|3:1|3:2|3:9|4:2|4:8|4:9|5:0|5:1|5:2|5:8|5:9|6:1|6:9|7:9|8:8|8:9|9:9,2208
2239,3967,0.4459564891222806,3.0,3.0,0.0,3.0,72,victory,1,0,,0,51,38,0:0|0:1|0:2|0:4|0:5|0:6|0:7|0:8|1:2|1:4|1:8|1:9|2:2|2:3|2:4|2:8|2:9|3:2|3:4|3:8|3:9|4:2|4:3|4:4|4:7|4:8|4:9|5:1|5:2|5:4|5:8|6:1|6:2|6:8|6:9|7:9|8:8|8:9,2209
2240,3968,0.4457089272318079,3.0,3.0,0.0,3.0,76,victory,1,0,,0,39,33,0:0|0:4|0:5|0:6|0:7|0:8|1:0|1:4|1:8|2:0|2:2|2:3|2:4|2:8|2:9|3:0|3:1|3:2|3:4|3:8|3:9|4:2|4:8|4:9|5:1|5:2|5:8|6:1|6:8|6:9|7:8|7:9|8:8,2209
2241,3969,0.4454613653413353,3.0,3.0,0.0,3.0,50,victory,1,0,,0,35,30,0:0|0:1|0:2|0:4|0:5|0:6|0:7|0:8|1:2|1:4|1:8|1:9|2:2|2:3|2:4|2:8|2:9|3:2|3:9|4:2|4:3|4:9|5:1|5:2|5:9|6:1|6:9|7:9|8:8|8:9,2209
2242,3970,0.4452138034508627,2.0,2.0,0.0,2.0,67,death,0,1,monster,0,38,31,0:0|0:1|0:2|0:4|0:5|0:6|0:7|0:8|1:2|1:4|1:8|2:2|2:3|2:4|2:8|2:9|3:0|3:1|3:2|3:8|3:9|4:2|4:3|4:8|4:9|5:0|5:1|5:2|6:0|6:1|6:2,2209
2243,3971,0.4449662415603901,1.0,1.0,0.0,1.0,80,death,0,1,monster,0,37,19,0:0|0:1|0:2|1:2|1:4|2:2|2:3|2:4|3:2|3:4|3:5|4:2|4:3|4:4|4:5|5:1|5:2|6:0|6:1,2209
2244,3972,0.4447186796699175,3.0,3.0,0.0,3.0,73,victory,1,0,,0,37,28,0:0|0:1|0:2|0:4|0:5|0:6|0:7|0:8|1:2|1:4|1:8|2:2|2:3|2:4|2:8|3:2|3:8|4:2|4:8|5:1|5:2|5:8|6:1|6:8|6:9|7:9|8:8|8:9,2209
2245,3973,0.4444711177794449,1.0,1.0,0.0,1.0,40,death,0,1,monster,0,21,15,0:0|0:1|0:2|0:4|1:2|1:4|2:2|2:3|2:4|3:1|3:2|4:2|5:1|5:2|6:1,2209
2246,3974,0.4442235558889722,2.0,2.0,0.0,2.0,107,death,0,1,monster,0,42,31,0:0|0:1|0:2|0:4|0:5|0:6|0:7|0:8|1:2|1:4|1:6|1:7|1:8|1:9|2:2|2:3|2:4|2:8|2:9|3:2|3:9|4:2|4:3|4:8|4:9|5:0|5:1|5:2|5:9|6:0|6:1,2209
2247,3975,0.44397599399849963,3.0,3.0,0.0,3.0,72,victory,1,0,,0,37,32,0:0|0:1|0:2|0:4|0:5|0:6|0:7|0:8|1:2|1:4|1:8|1:9|2:2|2:3|2:4|2:8|2:9|3:2|3:9|4:2|4:9|5:0|5:1|5:2|5:9|6:0|6:1|6:9|7:0|7:9|8:8|8:9,2209
2248,3976,0.44372843210802704,2.0,2.0,0.0,2.0,125,death,0,1,monster,0,56,37,0:0|0:1|0:2|0:4|0:5|0:6|0:7|0:8|1:2|1:4|1:7|1:8|2:2|2:3|2:4|2:8|3:2|3:4|3:8|4:2|4:6|4:7|4:8|4:9|5:0|5:1|5:2|5:6|5:8|5:9|6:0|6:1|6:6|6:7|6:8|6:9|7:6,2209
2249,3977,0.44348087021755433,3.0,3.0,0.0,3.0,71,victory,1,0,,0,47,34,0:0|0:1|0:2|0:4|0:5|0:6|0:7|1:2|1:4|1:6|1:7|1:8|2:2|2:3|2:4|2:8|2:9|3:1|3:2|3:9|4:2|4:9|5:0|5:1|5:2|5:9|6:0|6:1|6:9|7:0|7:9|8:0|8:8|8:9,2209
2250,3978,0.44323330832708174,3.0,3.0,0.0,3.0,43,victory,1,0,,0,33,28,0:0|0:1|0:2|0:4|0:5|0:6|0:7|0:8|1:2|1:4|1:8|2:2|2:3|2:4|2:8|2:9|3:2|3:9|4:2|4:9|5:1|5:2|5:9|6:1|6:9|7:9|8:8|8:9,2209
2251,3979,0.44298574643660915,3.0,3.0,0.0,3.0,106,victory,1,0,,0,49,38,0:0|0:1|0:2|0:6|0:7|0:8|1:2|1:6|1:8|2:2|2:3|2:4|2:6|2:8|2:9|3:0|3:1|3:2|3:4|3:5|3:6|3:8|3:9|4:2|4:8|4:9|5:1|5:2|5:8|5:9|6:1|6:2|6:8|6:9|7:9|8:8|8:9|9:9,2209
2252,3980,0.44273818454613656,3.0,3.0,0.0,3.0,142,victory,1,0,,0,58,40,0:0|0:1|0:2|0:4|0:6|0:7|1:2|1:4|1:6|1:7|1:8|2:2|2:3|2:4|2:6|2:8|2:9|3:1|3:2|3:4|3:5|3:6|3:9|4:2|4:3|4:4|4:5|4:6|4:9|5:2|5:8|5:9|6:1|6:2|6:3|6:8|6:9|7:9|8:8|8:9,2209
2253,3981,0.44249062265566397,3.0,3.0,0.0,3.0,43,victory,1,0,,0,33,28,0:0|0:1|0:2|0:4|0:5|0:6|0:7|0:8|1:2|1:4|1:8|2:2|2:3|2:4|2:8|2:9|3:2|3:9|4:2|4:9|5:1|5:2|5:9|6:1|6:9|7:9|8:8|8:9,2209
2254,3982,0.4422430607651914,3.0,3.0,0.0,3.0,69,victory,1,0,,0,45,41,0:0|0:1|0:2|0:4|0:5|0:6|0:7|0:8|1:0|1:2|1:4|1:8|2:0|2:2|2:3|2:4|2:8|2:9|3:0|3:1|3:2|3:9|4:2|4:9|5:1|5:2|5:8|5:9|6:1|6:2|6:3|6:8|6:9|7:3|7:9|8:3|8:8|8:9|9:3|9:8|9:9,2209
2255,3983,0.4419954988747187,1.0,1.0,0.0,1.0,26,death,0,1,monster,0,18,12,0:0|0:1|0:2|1:2|2:2|2:3|3:2|4:2|5:1|5:2|6:1|6:2,2209
2256,3984,0.4417479369842461,3.0,3.0,0.0,3.0,52,victory,1,0,,0,38,31,0:0|0:1|0:2|0:4|0:5|0:6|0:7|0:8|1:2|1:4|1:8|2:2|2:3|2:4|2:8|2:9|3:1|3:2|3:9|4:2|4:9|5:0|5:1|5:2|5:9|6:0|6:1|6:9|7:9|8:8|8:9,2209
2257,3985,0.4415003750937735,1.0,1.0,0.0,1.0,23,death,0,1,monster,0,20,12,0:0|0:1|0:2|1:2|2:2|2:3|2:4|3:2|4:2|5:1|5:2|6:1,2209
2258,3986,0.4412528132033008,2.0,2.0,0.0,2.0,94,death,0,1,monster,0,47,37,0:0|0:1|0:2|0:4|0:5|0:6|0:7|0:8|1:2|1:4|1:8|2:0|2:2|2:3|2:4|2:8|3:0|3:1|3:2|3:5|3:6|3:8|4:2|4:3|4:4|4:6|4:7|4:8|5:0|5:1|5:2|5:4|6:0|6:1|6:2|6:3|6:4,2209
2259,3987,0.4410052513128282,3.0,3.0,0.0,3.0,116,victory,1,0,,0,50,33,0:0|0:1|0:2|0:4|0:5|0:6|0:7|0:8|1:0|1:2|1:4|1:8|2:0|2:2|2:3|2:4|2:8|2:9|3:0|3:1|3:2|3:9|4:2|4:3|4:9|5:1|5:2|5:9|6:1|6:9|7:9|8:8|8:9,2209
2260,3988,0.4407576894223555,3.0,3.0,0.0,3.0,79,victory,1,0,,0,40,36,0:0|0:1|0:2|0:4|0:5|0:6|0:7|0:8|1:0|1:4|1:8|2:0|2:2|2:3|2:4|2:8|2:9|3:0|3:1|3:2|3:4|3:8|3:9|4:2|4:4|4:8|5:1|5:2|5:8|5:9|6:1|6:2|6:9|7:9|8:8|8:9,2209
2261,3989,0.440510127531883,1.0,1.0,0.0,1.0,107,death,0,1,monster,0,32,17,0:0|1:0|2:0|2:2|3:0|3:1|3:2|4:2|4:3|4:4|5:0|5:1|5:2|6:0|6:1|6:2|7:0,2209
2262,3990,0.4402625656414104,1.0,1.0,0.0,1.0,59,death,0,1,monster,0,29,20,0:0|0:1|0:2|1:2|1:4|2:2|2:3|2:4|3:1|3:2|3:4|3:5|4:2|4:3|4:5|5:0|5:1|5:2|6:1|6:2,2209
2263,3991,0.4400150037509377,3.0,3.0,0.0,3.0,181,victory,1,0,,0,45,32,0:0|0:1|0:2|0:4|0:5|0:6|0:7|0:8|0:9|1:2|1:4|1:9|2:0|2:2|2:3|2:4|2:9|3:0|3:1|3:2|3:9|4:2|4:9|5:1|5:2|5:9|6:1|6:2|6:9|7:9|8:8|8:9,2209
2264,3992,0.4397674418604651,3.0,3.0,0.0,3.0,175,victory,1,0,,0,59,40,0:0|0:1|0:2|0:4|0:5|0:6|0:7|0:8|0:9|1:2|1:4|1:7|1:8|1:9|2:2|2:3|2:4|2:8|2:9|3:1|3:2|3:4|3:5|3:8|3:9|4:2|4:3|4:4|4:5|4:8|4:9|5:1|5:2|5:9|6:1|6:2|6:9|7:9|8:8|8:9,2209
2265,3993,0.43951987996999253,3.0,3.0,0.0,3.0,118,victory,1,0,,0,42,32,0:0|0:1|0:2|0:4|0:5|0:6|0:7|0:8|1:2|1:4|1:8|2:2|2:3|2:4|2:8|2:9|3:1|3:2|3:9|4:2|4:8|4:9|5:1|5:2|5:8|5:9|6:0|6:1|6:9|7:9|8:8|8:9,2209
2266,3994,0.43927231807951983,3.0,3.0,0.0,3.0,103,victory,1,0,,0,53,36,0:0|0:1|0:2|0:4|0:5|0:6|0:7|0:8|1:2|1:4|1:8|2:2|2:3|2:4|2:8|2:9|3:0|3:1|3:2|3:9|4:2|4:3|4:8|4:9|5:0|5:1|5:2|5:9|6:0|6:1|6:2|6:9|7:0|7:8|7:9|8:8,2209
2267,3995,0.43902475618904724,3.0,3.0,0.0,3.0,246,victory,1,0,,0,61,41,0:0|0:1|0:2|0:4|0:5|0:6|0:7|0:8|1:2|1:4|1:8|2:2|2:3|2:4|2:8|2:9|3:1|3:2|3:8|3:9|4:2|4:3|4:7|4:8|4:9|5:0|5:1|5:2|5:8|5:9|6:0|6:1|6:2|6:6|6:7|6:8|6:9|7:8|7:9|8:8|8:9,2209
2268,3996,0.43877719429857465,3.0,3.0,0.0,3.0,87,victory,1,0,,0,52,41,0:0|0:1|0:2|0:4|0:5|0:6|0:7|0:8|1:2|1:4|1:6|1:7|1:8|2:2|2:3|2:4|2:6|2:8|2:9|3:2|3:5|3:6|3:8|4:2|4:6|4:7|4:8|4:9|5:0|5:1|5:2|5:9|6:0|6:1|6:2|6:7|6:8|6:9|7:9|8:8|8:9,2209
2269,3997,0.43852963240810194,3.0,3.0,0.0,3.0,94,victory,1,0,,0,45,35,0:0|0:1|0:2|0:4|0:5|0:6|0:7|0:8|1:2|1:4|1:6|1:7|1:8|1:9|2:2|2:3|2:4|2:8|2:9|3:2|3:9|4:2|4:3|4:9|5:1|5:2|5:9|6:1|6:2|6:3|6:8|6:9|7:9|8:8|8:9,2209
2270,3998,0.43828207051762946,2.0,2.0,0.0,2.0,126,death,0,1,monster,0,56,41,0:0|0:1|0:2|0:4|0:5|0:6|0:7|0:8|1:2|1:4|1:6|1:7|1:8|2:2|2:3|2:4|2:6|2:8|3:0|3:1|3:2|3:4|3:5|3:6|3:8|3:9|4:2|4:4|4:5|4:6|4:7|4:8|4:9|5:1|5:2|5:8|5:9|6:1|6:2|6:8|6:9,2209
2271,3999,0.43803450862715687,2.0,2.0,0.0,2.0,98,death,0,1,monster,0,49,31,0:0|0:1|0:2|0:4|0:5|0:6|0:7|0:8|1:2|1:4|1:8|1:9|2:2|2:3|2:4|2:8|2:9|3:0|3:1|3:2|3:8|3:9|4:2|4:8|4:9|5:1|5:2|5:9|6:1|6:9|7:9,2209
2272,4000,0.43778694673668417,3.0,3.0,0.0,3.0,74,victory,1,0,,0,41,34,0:0|0:1|0:2|0:4|0:5|0:6|0:7|0:8|1:2|1:4|1:6|1:8|1:9|2:2|2:3|2:4|2:9|3:2|3:9|4:2|4:8|4:9|5:1|5:2|5:8|5:9|6:0|6:1|6:2|6:8|6:9|7:9|8:8|8:9,2209
2273,4001,0.4375393848462116,1.0,1.0,0.0,1.0,47,death,0,1,monster,0,31,11,0:0|0:1|0:2|1:2|2:2|3:2|4:2|4:3|5:1|5:2|6:1,2209
2274,4002,0.437291822955739,2.0,2.0,0.0,2.0,94,death,0,1,monster,0,49,34,0:0|0:1|0:2|0:4|0:5|0:6|0:7|0:8|0:9|1:2|1:4|1:7|1:8|1:9|2:2|2:3|2:4|2:8|2:9|3:2|3:4|3:8|3:9|4:2|4:8|4:9|5:0|5:1|5:2|5:9|6:0|6:1|6:2|7:0,2209
2275,4003,0.4370442610652663,2.0,2.0,0.0,2.0,97,death,0,1,monster,0,42,32,0:0|0:1|0:2|0:4|0:5|0:6|0:7|0:8|1:2|1:4|1:8|1:9|2:2|2:3|2:4|2:9|3:2|3:9|4:2|4:3|4:9|5:1|5:2|5:8|5:9|6:1|6:6|6:7|6:8|6:9|7:5|7:6,2209
2276,4004,0.4367966991747937,3.0,3.0,0.0,3.0,130,victory,1,0,,0,53,38,0:0|0:1|0:2|0:4|0:5|0:6|0:7|0:8|0:9|1:2|1:4|1:8|1:9|2:2|2:3|2:4|2:9|3:2|3:4|3:5|3:9|4:2|4:3|4:4|4:5|4:6|4:9|5:1|5:2|5:9|6:0|6:1|6:7|6:8|6:9|7:9|8:8|8:9,2209
2277,4005,0.436549137284321,3.0,3.0,0.0,3.0,54,victory,1,0,,0,36,30,0:0|0:1|0:2|0:4|0:5|0:6|0:7|0:8|1:2|1:4|1:8|1:9|2:2|2:3|2:4|2:9|3:2|3:9|4:2|4:9|5:1|5:2|5:9|6:0|6:1|6:9|7:0|7:9|8:8|8:9,2209
2278,4006,0.4363015753938485,3.0,3.0,0.0,3.0,47,victory,1,0,,0,38,33,0:0|0:4|0:5|0:6|0:7|0:8|1:0|1:4|1:6|1:8|1:9|2:0|2:2|2:3|2:4|2:9|3:0|3:1|3:2|3:9|4:2|4:9|5:1|5:2|5:9|6:1|6:2|6:9|7:9|8:8|8:9|9:8|9:9,2209
2279,4007,0.4360540135033759,3.0,3.0,0.0,3.0,55,victory,1,0,,0,37,31,0:0|0:1|0:2|0:4|0:5|0:6|0:7|0:8|1:2|1:4|1:8|1:9|2:2|2:3|2:4|2:8|2:9|3:2|3:8|3:9|4:2|4:9|5:1|5:2|5:9|6:1|6:2|6:9|7:9|8:8|8:9,2209
2280,4008,0.4358064516129032,3.0,3.0,0.0,3.0,95,victory,1,0,,0,47,35,0:0|0:1|0:2|0:4|0:5|0:6|0:7|0:8|1:2|1:4|1:6|1:7|1:8|2:2|2:4|2:8|2:9|3:2|3:4|3:5|3:9|4:2|4:3|4:4|4:5|4:9|5:1|5:2|5:9|6:1|6:9|7:9|8:8|8:9|9:9,2209
2281,4009,0.4355588897224306,0.0,0.0,0.0,0.0,21,death,0,1,monster,0,13,9,0:0|0:1|0:2|1:2|2:2|3:2|4:2|4:3|4:4,2209
2282,4010,0.43531132783195803,3.0,3.0,0.0,3.0,90,victory,1,0,,0,46,32,0:0|0:1|0:2|0:4|0:5|0:6|0:7|0:8|1:2|1:4|1:8|1:9|2:2|2:3|2:4|2:9|3:1|3:2|3:4|3:9|4:2|4:3|4:4|4:9|5:1|5:2|5:9|6:1|6:9|7:9|8:8|8:9,2209
2283,4011,0.4350637659414853,3.0,3.0,0.0,3.0,81,victory,1,0,,0,46,35,0:0|0:1|0:2|0:4|0:5|0:6|0:7|0:8|0:9|1:2|1:4|1:8|1:9|2:2|2:3|2:4|2:9|3:1|3:2|3:8|3:9|4:2|4:8|4:9|5:1|5:2|5:8|5:9|6:1|6:7|6:8|6:9|7:8|7:9|8:8,2209
2284,4012,0.43481620405101273,3.0,3.0,0.0,3.0,66,victory,1,0,,0,38,33,0:0|0:1|0:2|0:4|0:5|0:6|0:7|1:2|1:4|1:6|1:7|1:8|1:9|2:2|2:3|2:4|2:9|3:2|3:4|3:8|3:9|4:2|4:3|4:8|4:9|5:1|5:2|5:9|6:1|6:9|7:9|8:8|8:9,2209
2285,4013,0.43456864216054014,0.0,0.0,0.0,0.0,8,death,0,1,monster,0,8,7,0:0|0:1|0:2|1:2|2:2|3:2|4:2,2209
2286,4014,0.43432108027006744,3.0,3.0,0.0,3.0,124,victory,1,0,,0,50,38,0:0|0:1|0:2|0:4|0:5|0:6|0:7|0:8|1:2|1:4|1:8|1:9|2:2|2:3|2:4|2:9|3:1|3:2|3:4|3:9|4:2|4:3|4:4|4:8|4:9|5:0|5:1|5:2|5:8|5:9|6:0|6:1|6:2|6:3|6:9|7:8|7:9|8:8,2209
2287,4015,0.43407351837959496,3.0,3.0,0.0,3.0,49,victory,1,0,,0,37,31,0:0|0:1|0:2|0:4|0:5|0:6|0:7|1:2|1:4|1:6|1:7|1:8|1:9|2:2|2:3|2:4|2:9|3:2|3:9|4:2|4:3|4:9|5:1|5:2|5:9|6:0|6:1|6:9|7:9|8:8|8:9,2209
2288,4016,0.43382595648912237,3.0,3.0,0.0,3.0,108,victory,1,0,,0,42,36,0:0|0:1|0:2|0:4|0:5|0:6|0:7|0:8|1:2|1:4|1:7|1:8|1:9|2:2|2:3|2:4|2:9|3:2|3:9|4:2|4:3|4:9|5:1|5:2|5:8|5:9|6:1|6:2|6:3|6:8|6:9|7:3|7:8|7:9|8:8|8:9,2209
2289,4017,0.43357839459864966,3.0,3.0,0.0,3.0,84,victory,1,0,,0,47,37,0:0|0:1|0:2|0:4|0:5|0:6|0:7|0:8|1:2|1:4|1:6|1:7|1:8|1:9|2:2|2:3|2:4|2:8|2:9|3:1|3:2|3:4|3:8|4:2|4:3|4:4|4:8|4:9|5:1|5:2|5:4|5:9|6:1|6:9|7:9|8:8|8:9,2209
2290,4018,0.43333083270817707,3.0,3.0,0.0,3.0,67,victory,1,0,,0,37,32,0:0|0:1|0:2|0:4|0:5|0:6|0:7|0:8|1:2|1:4|1:8|1:9|2:2|2:3|2:4|2:9|3:2|3:4|3:5|3:9|4:2|4:4|4:9|5:1|5:2|5:9|6:1|6:2|6:9|7:8|7:9|8:8,2209
2291,4019,0.4330832708177045,3.0,3.0,0.0,3.0,72,victory,1,0,,0,38,34,0:0|0:4|0:5|0:6|0:7|1:0|1:4|1:7|1:8|1:9|2:0|2:2|2:3|2:4|2:9|3:0|3:1|3:2|3:4|3:9|4:2|4:9|5:0|5:1|5:2|5:9|6:0|6:1|6:2|6:9|7:0|7:9|8:8|8:9,2209
2292,4020,0.4328357089272318,1.0,1.0,0.0,1.0,35,death,0,1,monster,0,24,17,0:0|0:1|0:2|1:2|1:4|2:2|2:3|2:4|3:2|3:4|3:5|3:6|4:2|5:0|5:1|5:2|6:1,2209
2293,4021,0.4325881470367592,3.0,3.0,0.0,3.0,104,victory,1,0,,0,48,39,0:0|0:1|0:2|0:5|0:6|0:7|0:8|1:2|1:6|1:8|1:9|2:2|2:3|2:4|2:6|2:8|2:9|3:2|3:4|3:5|3:6|3:8|3:9|4:2|4:5|4:9|5:0|5:1|5:2|5:8|5:9|6:0|6:1|6:2|6:8|6:9|7:9|8:8|8:9,2210
2294,4022,0.4323405851462866,1.0,1.0,0.0,1.0,29,death,0,1,monster,0,20,16,0:0|0:1|0:2|1:2|2:2|3:2|3:4|3:5|4:2|4:3|4:4|4:5|4:6|5:1|5:2|6:1,2210
2295,4023,0.4320930232558139,3.0,3.0,0.0,3.0,95,victory,1,0,,0,40,35,0:0|0:1|0:2|0:4|0:5|0:6|0:7|0:8|0:9|1:2|1:4|1:6|1:7|1:8|1:9|2:2|2:3|2:4|2:9|3:2|3:9|4:2|4:3|4:8|4:9|5:1|5:2|5:9|6:0|6:1|6:2|6:9|7:8|7:9|8:8,2210
2296,4024,0.4318454613653414,3.0,3.0,0.0,3.0,84,victory,1,0,,0,45,34,0:0|0:1|0:2|0:4|0:5|0:6|0:7|0:8|1:2|1:4|1:8|1:9|2:2|2:3|2:4|2:9|3:2|3:9|4:2|4:7|4:8|4:9|5:0|5:1|5:2|5:8|5:9|6:1|6:7|6:8|6:9|7:9|8:8|8:9,2210
2297,4025,0.4315978994748687,2.0,2.0,0.0,2.0,89,death,0,1,monster,0,41,25,0:0|0:1|0:2|0:4|0:5|0:6|0:7|0:8|0:9|1:2|1:4|1:7|1:8|1:9|2:2|2:3|2:4|2:8|2:9|3:2|4:2|4:3|5:1|5:2|6:1,2210
2298,4026,0.4313503375843961,2.0,2.0,0.0,2.0,93,death,0,1,monster,0,46,31,0:0|0:1|0:4|0:5|0:6|0:7|0:8|1:0|1:4|1:8|1:9|2:0|2:2|2:3|2:4|2:8|2:9|3:0|3:1|3:2|3:8|3:9|4:2|4:9|5:0|5:1|5:2|5:9|6:0|6:1|6:2,2210
2299,4027,0.4311027756939235,3.0,3.0,0.0,3.0,76,victory,1,0,,0,41,34,0:0|0:1|0:2|0:4|0:5|0:6|0:7|0:8|0:9|1:2|1:4|1:6|1:8|1:9|2:2|2:3|2:4|2:6|2:9|3:1|3:2|3:6|3:9|4:2|4:9|5:1|5:2|5:9|6:1|6:9|7:9|8:8|8:9|9:9,2210
2300,4028,0.4308552138034508,3.0,3.0,0.0,3.0,101,victory,1,0,,0,43,35,0:0|0:1|0:2|0:4|0:5|0:6|0:7|0:8|0:9|1:2|1:4|1:6|1:7|1:8|1:9|2:2|2:3|2:4|2:8|2:9|3:2|3:8|3:9|4:2|4:8|4:9|5:0|5:1|5:2|5:9|6:1|6:9|7:9|8:8|8:9,2210
2301,4029,0.43060765191297823,3.0,3.0,0.0,3.0,62,victory,1,0,,0,37,31,0:0|0:1|0:2|0:4|0:5|0:6|0:7|0:8|0:9|1:2|1:4|1:7|1:8|1:9|2:2|2:3|2:4|2:9|3:2|3:9|4:2|4:3|4:9|5:1|5:2|5:9|6:1|6:8|6:9|7:8|8:8,2210
2302,4030,0.43036009002250564,3.0,3.0,0.0,3.0,102,victory,1,0,,0,54,39,0:0|0:1|0:2|0:4|0:5|0:6|0:7|0:8|1:2|1:4|1:6|1:7|1:8|1:9|2:2|2:3|2:4|2:8|2:9|3:1|3:2|3:9|4:2|4:6|4:9|5:1|5:2|5:6|5:8|5:9|6:1|6:2|6:6|6:7|6:8|6:9|7:9|8:8|8:9,2211
2303,4031,0.43011252813203293,3.0,3.0,0.0,3.0,73,victory,1,0,,0,41,35,0:0|0:4|0:5|0:6|0:7|0:8|1:0|1:4|1:6|1:7|1:8|1:9|2:0|2:2|2:3|2:4|2:9|3:0|3:1|3:2|3:8|3:9|4:2|4:8|4:9|5:0|5:1|5:2|5:9|6:0|6:1|6:9|7:9|8:8|8:9,2211
2304,4032,0.42986496624156034,3.0,3.0,0.0,3.0,61,victory,1,0,,0,40,32,0:0|0:1|0:2|0:4|0:5|0:6|0:7|1:2|1:4|1:7|1:8|1:9|2:2|2:4|2:9|3:2|3:4|3:9|4:2|4:3|4:4|4:9|5:0|5:1|5:2|5:9|6:0|6:1|6:9|7:9|8:8|8:9,2211
2305,4033,0.42961740435108786,3.0,3.0,0.0,3.0,66,victory,1,0,,0,37,32,0:0|0:1|0:2|0:4|0:5|0:6|0:7|0:8|1:2|1:4|1:8|1:9|2:2|2:3|2:4|2:8|2:9|3:2|3:9|4:2|4:8|4:9|5:1|5:2|5:9|6:1|6:2|6:3|6:9|7:9|8:8|8:9,2211
2306,4034,0.42936984246061516,2.0,2.0,0.0,2.0,72,death,0,1,monster,0,39,22,0:0|0:1|0:2|0:4|0:5|0:6|0:7|0:8|1:2|1:4|1:6|1:7|1:8|1:9|2:2|2:3|2:4|3:2|4:2|5:1|5:2|6:1,2211
2307,4035,0.42912228057014257,3.0,3.0,0.0,3.0,47,victory,1,0,,0,34,29,0:0|0:1|0:2|0:4|0:5|0:6|0:7|0:8|1:2|1:4|1:7|1:8|1:9|2:2|2:3|2:4|2:9|3:2|3:9|4:2|4:9|5:1|5:2|5:9|6:1|6:9|7:9|8:8|8:9,2211
2308,4036,0.42887471867967,3.0,3.0,0.0,3.0,61,victory,1,0,,0,43,38,0:0|0:1|0:2|0:4|0:5|0:6|0:7|0:8|1:2|1:4|1:6|1:7|1:8|2:2|2:3|2:4|2:6|3:2|3:5|3:6|4:2|4:5|4:6|4:7|4:8|4:9|5:1|5:2|5:8|5:9|6:1|6:2|6:9|7:9|8:8|8:9|9:8|9:9,2211
2309,4037,0.4286271567891973,3.0,3.0,0.0,3.0,78,victory,1,0,,0,50,37,0:0|0:6|0:7|0:8|1:0|1:4|1:6|1:8|1:9|2:0|2:2|2:3|2:4|2:6|2:9|3:0|3:1|3:2|3:4|3:5|3:6|3:9|4:2|4:4|4:9|5:0|5:1|5:2|5:9|6:0|6:1|6:8|6:9|7:8|7:9|8:8|8:9,2211
2310,4038,0.4283795948987247,3.0,3.0,0.0,3.0,64,victory,1,0,,0,48,34,0:0|0:1|0:2|0:4|0:5|0:6|0:7|0:8|1:2|1:4|1:8|1:9|2:2|2:3|2:4|2:9|3:1|3:2|3:8|3:9|4:2|4:8|4:9|5:0|5:1|5:2|5:9|6:0|6:1|6:2|6:9|7:9|8:8|8:9,2211
2311,4039,0.4281320330082521,3.0,3.0,0.0,3.0,115,victory,1,0,,0,46,36,0:0|0:1|0:2|0:4|0:5|0:6|0:7|0:8|1:2|1:4|1:7|1:8|1:9|2:2|2:3|2:4|2:9|3:1|3:2|3:9|4:2|4:3|4:9|5:0|5:1|5:2|5:8|5:9|6:0|6:1|6:2|6:9|7:0|7:8|7:9|8:8,2211
2312,4040,0.4278844711177794,3.0,3.0,0.0,3.0,142,victory,1,0,,0,43,37,0:0|0:1|0:2|0:4|0:5|0:6|0:7|0:8|0:9|1:2|1:4|1:6|1:8|2:2|2:3|2:4|2:6|2:8|2:9|3:1|3:2|3:8|3:9|4:2|4:8|4:9|5:0|5:1|5:2|5:9|6:0|6:1|6:2|6:9|7:9|8:8|8:9,2211
2313,4041,0.4276369092273068,3.0,3.0,0.0,3.0,111,victory,1,0,,0,57,41,0:0|0:1|0:2|0:4|0:5|0:6|0:7|0:8|1:2|1:4|1:8|1:9|2:2|2:3|2:4|2:6|2:9|3:0|3:1|3:2|3:5|3:6|3:9|4:2|4:3|4:4|4:5|4:6|4:8|4:9|5:1|5:2|5:9|6:0|6:1|6:2|6:9|7:9|8:8|8:9|9:9,2211
2314,4042,0.4273893473368343,3.0,3.0,0.0,3.0,49,victory,1,0,,0,36,31,0:0|0:1|0:2|0:4|0:5|0:6|0:7|0:8|1:2|1:4|1:8|1:9|2:2|2:3|2:4|2:8|2:9|3:2|3:9|4:2|4:9|5:1|5:2|5:9|6:1|6:9|7:9|8:8|8:9|9:8|9:9,2211
2315,4043,0.4271417854463616,3.0,3.0,0.0,3.0,54,victory,1,0,,0,40,36,0:0|0:4|0:5|0:6|0:7|0:8|0:9|1:0|1:4|1:6|1:7|1:8|1:9|2:0|2:2|2:3|2:4|2:9|3:0|3:1|3:2|3:8|3:9|4:2|4:8|4:9|5:1|5:2|5:8|5:9|6:1|6:8|6:9|7:9|8:8|8:9,2211
2316,4044,0.426894223555889,0.0,0.0,0.0,0.0,8,death,0,1,monster,0,7,7,0:0|0:1|0:2|1:2|2:2|3:2|4:2,2211
2317,4045,0.4266466616654163,3.0,3.0,0.0,3.0,83,victory,1,0,,0,47,33,0:0|0:1|0:2|0:4|0:5|0:6|0:7|0:8|0:9|1:2|1:4|1:8|1:9|2:2|2:3|2:4|2:8|2:9|3:2|3:9|4:2|4:3|4:9|5:0|5:1|5:2|5:9|6:0|6:1|6:9|7:9|8:8|8:9,2211
2318,4046,0.4263990997749437,3.0,3.0,0.0,3.0,64,victory,1,0,,0,40,33,0:0|0:1|0:2|0:4|0:5|0:6|0:7|0:8|1:2|1:4|1:6|1:7|1:8|1:9|2:2|2:3|2:4|2:6|2:9|3:2|3:9|4:2|4:8|4:9|5:1|5:2|5:9|6:1|6:8|6:9|7:9|8:8|8:9,2211
2319,4047,0.42615153788447113,3.0,3.0,0.0,3.0,124,victory,1,0,,0,55,40,0:0|0:1|0:2|0:4|0:5|0:6|0:7|0:8|0:9|1:2|1:4|1:6|1:7|1:8|1:9|2:2|2:3|2:4|2:9|3:2|3:4|3:5|3:6|3:9|4:2|4:5|4:6|4:9|5:0|5:1|5:2|5:8|5:9|6:0|6:1|6:2|6:9|7:9|8:8|8:9,2211
2320,4048,0.42590397599399843,3.0,3.0,0.0,3.0,90,victory,1,0,,0,56,42,0:0|0:1|0:2|0:4|0:5|0:6|0:7|0:8|1:2|1:4|1:8|1:9|2:2|2:3|2:4|2:8|2:9|3:1|3:2|3:8|3:9|4:2|4:9|5:0|5:1|5:2|5:9|6:0|6:1|6:2|6:3|6:4|6:8|6:9|7:0|7:3|7:8|8:0|8:1|8:2|8:3|8:8,2211
2321,4049,0.42565641410352584,3.0,3.0,0.0,3.0,56,victory,1,0,,0,36,32,0:0|0:1|0:2|0:4|0:5|0:6|0:7|0:8|1:2|1:4|1:6|1:7|1:8|1:9|2:2|2:3|2:4|2:8|2:9|3:2|3:9|4:2|4:9|5:1|5:2|5:9|6:1|6:2|6:9|7:9|8:8|8:9,2211
2322,4050,0.42540885221305325,0.0,0.0,0.0,0.0,35,death,0,1,monster,0,19,13,0:0|0:1|0:2|1:2|1:4|2:2|2:3|2:4|3:2|3:4|4:2|4:3|4:4,2211
2323,4051,0.42516129032258065,2.0,2.0,0.0,2.0,76,death,0,1,monster,0,39,28,0:0|0:1|0:2|0:4|0:5|0:6|0:7|0:8|1:2|1:4|1:6|1:7|2:2|2:3|2:4|2:6|3:1|3:2|4:2|4:3|4:4|5:1|5:2|5:4|6:1|6:2|6:3|6:4,2211
2324,4052,0.42491372843210806,1.0,1.0,0.0,1.0,60,death,0,1,monster,0,35,18,0:0|0:1|0:2|0:4|0:5|1:2|1:4|2:2|2:3|2:4|3:0|3:1|3:2|4:2|4:3|5:1|5:2|6:1,2211
2325,4053,0.42466616654163547,2.0,2.0,0.0,2.0,59,death,0,1,monster,0,34,29,0:0|0:1|0:4|0:5|0:6|0:7|0:8|1:0|1:2|1:4|1:7|1:8|1:9|2:0|2:2|2:3|2:4|2:9|3:0|3:1|3:2|3:9|4:2|4:9|5:1|5:2|5:8|5:9|6:1,2211
2326,4054,0.42441860465116277,3.0,3.0,0.0,3.0,62,victory,1,0,,0,39,33,0:0|0:1|0:2|0:4|0:5|0:6|0:7|0:8|1:2|1:4|1:8|1:9|2:2|2:3|2:4|2:8|2:9|3:2|3:9|4:2|4:3|4:9|5:1|5:2|5:9|6:1|6:2|6:9|7:9|8:8|8:9|9:8|9:9,2211
2327,4055,0.4241710427606902,1.0,1.0,0.0,1.0,46,death,0,1,monster,0,25,18,0:0|0:1|0:2|0:4|0:5|0:6|1:2|1:4|1:6|2:2|2:3|2:4|3:1|3:2|4:2|5:1|5:2|6:1,2211
2328,4056,0.4239234808702176,2.0,2.0,0.0,2.0,56,death,0,1,monster,0,33,19,0:0|0:1|0:2|0:4|0:5|0:6|0:7|1:2|1:4|1:7|2:2|2:3|2:4|3:2|4:2|4:3|5:1|5:2|6:1,2211
2329,4057,0.4236759189797449,3.0,3.0,0.0,3.0,83,victory,1,0,,0,35,30,0:0|0:4|0:5|0:6|0:7|0:8|1:0|1:4|1:8|1:9|2:0|2:2|2:3|2:4|2:9|3:0|3:1|3:2|3:9|4:2|4:9|5:0|5:1|5:2|5:9|6:1|6:9|7:9|8:8|8:9,2211
2330,4058,0.4234283570892723,3.0,3.0,0.0,3.0,56,victory,1,0,,0,40,30,0:0|0:1|0:2|0:4|0:5|0:6|0:7|0:8|1:2|1:4|1:8|1:9|2:2|2:3|2:4|2:9|3:2|3:9|4:2|4:9|5:0|5:1|5:2|5:9|6:0|6:1|6:9|7:9|8:8|8:9,2211
2331,4059,0.4231807951987998,2.0,2.0,0.0,2.0,41,death,0,1,monster,0,31,28,0:0|0:4|0:5|0:6|0:7|1:0|1:4|1:7|1:8|1:9|2:0|2:4|2:9|3:0|3:1|3:2|3:4|3:9|4:2|4:4|4:9|5:1|5:2|5:4|6:1|6:2|6:3|6:4,2211
2332,4060,0.4229332333083271,3.0,3.0,0.0,3.0,85,victory,1,0,,0,49,38,0:0|0:1|0:2|0:7|0:8|1:2|1:6|1:7|1:8|1:9|2:2|2:3|2:4|2:6|2:9|3:1|3:2|3:4|3:5|3:6|3:9|4:2|4:4|4:5|4:9|5:0|5:1|5:2|5:9|6:0|6:1|6:2|6:9|7:9|8:8|8:9|9:8|9:9,2211
2333,4061,0.4226856714178545,3.0,3.0,0.0,3.0,81,victory,1,0,,0,41,34,0:0|0:1|0:2|0:4|0:5|0:6|0:7|0:8|1:2|1:4|1:8|1:9|2:2|2:4|2:8|2:9|3:2|3:4|3:9|4:2|4:3|4:4|4:9|5:0|5:1|5:2|5:9|6:0|6:1|6:2|6:9|7:9|8:8|8:9,2211
2334,4062,0.4224381095273818,3.0,3.0,0.0,3.0,106,victory,1,0,,0,43,35,0:0|0:1|0:2|0:4|0:5|0:6|0:7|1:2|1:4|1:6|1:7|2:2|2:3|2:4|2:6|3:2|3:5|3:6|4:2|4:5|4:6|4:7|4:8|4:9|5:1|5:2|5:8|5:9|6:1|6:2|6:8|6:9|7:9|8:8|8:9,2211
2335,4063,0.4221905476369092,3.0,3.0,0.0,3.0,81,victory,1,0,,0,39,34,0:0|0:1|0:2|0:6|0:7|0:8|1:2|1:6|1:7|1:8|1:9|2:2|2:6|2:9|3:2|3:4|3:5|3:6|3:9|4:2|4:4|4:9|5:1|5:2|5:4|5:9|6:1|6:2|6:3|6:4|6:9|7:9|8:8|8:9,2211
2336,4064,0.4219429857464366,1.0,1.0,0.0,1.0,51,death,0,1,monster,0,26,16,0:0|0:1|0:2|1:2|2:2|3:2|4:2|5:0|5:1|5:2|6:0|6:1|6:2|6:3|6:4|7:3,2211
2337,4065,0.4216954238559639,3.0,3.0,0.0,3.0,82,victory,1,0,,0,42,32,0:0|0:1|0:2|0:4|0:5|0:6|0:7|0:8|1:2|1:4|1:8|1:9|2:2|2:3|2:4|2:9|3:2|3:9|4:2|4:3|4:9|5:1|5:2|5:9|6:1|6:2|6:3|6:9|7:9|8:8|8:9|9:9,2211
2338,4066,0.42144786196549133,3.0,3.0,0.0,3.0,75,victory,1,0,,0,43,31,0:0|0:1|0:2|0:4|0:5|0:6|0:7|0:8|1:2|1:4|1:8|1:9|2:2|2:3|2:4|2:9|3:1|3:2|3:9|4:2|4:9|5:0|5:1|5:2|5:9|6:0|6:1|6:9|7:9|8:8|8:9,2211
2339,4067,0.42120030007501874,2.0,2.0,0.0,2.0,76,death,0,1,monster,0,31,23,0:0|0:1|0:2|0:4|0:5|0:6|0:7|0:8|1:2|1:4|1:8|2:2|2:3|2:4|3:2|4:2|4:3|5:0|5:1|5:2|6:0|6:1|6:2,2211
2340,4068,0.42095273818454615,3.0,3.0,0.0,3.0,195,victory,1,0,,0,51,37,0:0|0:1|0:2|0:4|0:5|0:6|0:7|0:8|1:2|1:4|1:6|1:7|1:8|1:9|2:2|2:3|2:4|2:6|2:9|3:1|3:2|3:6|3:9|4:2|4:8|4:9|5:0|5:1|5:2|5:9|6:0|6:1|6:9|7:0|7:9|8:8|8:9,2211
2341,4069,0.42070517629407356,3.0,3.0,0.0,3.0,50,victory,1,0,,0,36,30,0:0|0:1|0:2|0:4|0:5|0:6|0:7|1:2|1:4|1:6|1:7|1:8|1:9|2:2|2:3|2:4|2:9|3:1|3:2|3:9|4:2|4:9|5:2|5:9|6:1|6:2|6:9|7:9|8:8|8:9,2211
2342,4070,0.42045761440360097,1.0,1.0,0.0,1.0,35,death,0,1,monster,0,19,12,0:0|0:1|0:2|1:2|2:2|3:2|4:2|4:3|5:0|5:1|5:2|6:1,2211
2343,4071,0.42021005251312826,1.0,1.0,0.0,1.0,21,death,0,1,monster,0,17,12,0:0|0:1|0:2|1:2|2:2|2:3|3:2|4:2|5:0|5:1|5:2|6:1,2211
2344,4072,0.41996249062265567,3.0,3.0,0.0,3.0,83,victory,1,0,,0,43,37,0:0|0:1|0:2|0:4|0:5|0:6|0:7|0:8|1:2|1:4|1:6|1:7|1:8|1:9|2:2|2:4|2:9|3:1|3:2|3:4|3:5|3:9|4:2|4:3|4:4|4:5|4:9|5:0|5:1|5:2|5:9|6:1|6:2|6:9|7:8|7:9|8:8,2211
2345,4073,0.4197149287321831,1.0,1.0,0.0,1.0,63,death,0,1,monster,0,29,18,0:0|0:1|0:2|0:4|1:2|1:4|2:2|2:3|2:4|3:2|4:2|5:0|5:1|5:2|6:0|6:1|6:2|7:0,2211
2346,4074,0.4194673668417104,3.0,3.0,0.0,3.0,90,victory,1,0,,0,43,36,0:0|0:1|0:2|0:7|0:8|0:9|1:2|1:6|1:7|1:8|2:2|2:6|2:8|2:9|3:2|3:4|3:5|3:6|3:9|4:2|4:3|4:4|4:9|5:0|5:1|5:2|5:9|6:0|6:1|6:2|6:8|6:9|7:0|7:9|8:8|8:9,2211
2347,4075,0.4192198049512378,3.0,3.0,0.0,3.0,80,victory,1,0,,0,37,33,0:0|0:1|0:2|0:4|0:5|0:6|0:7|0:8|1:2|1:4|1:6|1:8|1:9|2:2|2:4|2:6|2:9|3:2|3:4|3:9|4:2|4:3|4:4|4:9|5:1|5:2|5:9|6:1|6:2|6:9|7:9|8:8|8:9,2211
2348,4076,0.4189722430607652,3.0,3.0,0.0,3.0,72,victory,1,0,,0,40,33,0:0|0:1|0:2|0:4|0:5|0:6|0:7|0:8|1:2|1:4|1:8|1:9|2:2|2:3|2:4|2:8|2:9|3:2|3:9|4:2|4:9|5:0|5:1|5:2|5:8|5:9|6:1|6:2|6:8|6:9|7:9|8:8|8:9,2211
2349,4077,0.4187246811702926,1.0,1.0,0.0,1.0,94,death,0,1,monster,0,46,20,0:0|0:1|0:2|1:2|2:2|2:3|2:4|3:1|3:2|4:2|4:3|5:0|5:1|5:2|6:0|6:1|6:2|6:3|7:0|8:0,2211
2350,4078,0.41847711927982,3.0,3.0,0.0,3.0,79,victory,1,0,,0,46,37,0:0|0:1|0:2|0:4|0:5|0:6|0:7|0:8|1:2|1:4|1:8|1:9|2:2|2:3|2:4|2:9|3:1|3:2|3:4|3:8|3:9|4:2|4:3|4:4|4:8|4:9|5:0|5:1|5:2|5:9|6:0|6:1|6:2|6:9|7:9|8:8|8:9,2211
2351,4079,0.4182295573893474,1.0,1.0,0.0,1.0,95,death,0,1,monster,0,33,19,0:0|0:1|0:2|0:4|0:5|1:2|1:4|2:2|2:3|2:4|3:1|3:2|4:2|5:1|5:2|6:1|6:2|6:3|6:4,2211
2352,4080,0.4179819954988747,3.0,3.0,0.0,3.0,86,victory,1,0,,0,42,36,0:0|0:1|0:2|0:4|0:5|0:6|0:7|1:2|1:4|1:7|1:8|1:9|2:2|2:3|2:4|2:9|3:2|3:9|4:2|4:3|4:9|5:1|5:2|5:8|5:9|6:1|6:2|6:3|6:6|6:7|6:8|6:9|7:8|7:9|8:8|8:9,2211
2353,4081,0.4177344336084021,3.0,3.0,0.0,3.0,74,victory,1,0,,0,37,32,0:0|0:1|0:2|0:4|0:5|0:6|0:7|0:8|1:2|1:4|1:8|1:9|2:2|2:3|2:4|2:9|3:2|3:9|4:2|4:3|4:9|5:1|5:2|5:8|5:9|6:0|6:1|6:2|6:9|7:9|8:8|8:9,2211
2354,4082,0.4174868717179294,0.0,0.0,0.0,0.0,14,death,0,1,monster,0,8,8,0:0|1:0|2:0|3:0|3:1|3:2|4:2|4:3,2211
2355,4083,0.41723930982745683,1.0,1.0,0.0,1.0,39,death,0,1,monster,0,24,16,0:0|0:1|0:2|1:2|1:4|2:2|2:3|2:4|3:2|3:4|3:5|4:2|5:1|5:2|6:1|6:2,2211
2356,4084,0.41699174793698424,3.0,3.0,0.0,3.0,64,victory,1,0,,0,38,32,0:0|0:1|0:2|0:4|0:5|0:6|0:7|0:8|1:2|1:4|1:6|1:8|2:2|2:3|2:4|2:8|3:2|3:8|3:9|4:2|4:9|5:1|5:2|5:9|6:0|6:1|6:2|6:8|6:9|7:9|8:8|8:9,2211
2357,4085,0.41674418604651153,2.0,2.0,0.0,2.0,84,death,0,1,monster,0,37,28,0:0|0:1|0:2|0:4|0:5|0:6|0:7|0:8|1:2|1:4|1:8|2:2|2:3|2:4|2:8|3:2|3:4|3:5|3:6|4:2|4:3|4:4|4:5|4:6|5:1|5:2|6:1|6:2,2211
2358,4086,0.41649662415603905,3.0,3.0,0.0,3.0,86,victory,1,0,,0,44,35,0:0|0:1|0:2|0:4|0:5|0:6|0:7|0:8|1:2|1:4|1:6|1:7|1:8|1:9|2:2|2:3|2:4|2:9|3:2|3:9|4:2|4:9|5:1|5:2|5:9|6:1|6:2|6:6|6:7|6:8|6:9|7:9|8:8|8:9|9:9,2211
2359,4087,0.41624906226556646,3.0,3.0,0.0,3.0,161,victory,1,0,,0,45,39,0:0|0:4|0:5|0:6|0:7|0:8|1:0|1:4|1:8|1:9|2:0|2:2|2:3|2:4|2:8|2:9|3:0|3:1|3:2|3:8|3:9|4:2|4:3|4:6|4:7|4:8|4:9|5:1|5:2|5:8|5:9|6:1|6:2|6:8|6:9|7:8|7:9|8:8|8:9,2211
2360,4088,0.41600150037509376,2.0,2.0,0.0,2.0,156,death,0,1,monster,0,49,25,0:0|0:1|0:2|0:4|0:5|0:6|0:7|0:8|1:2|1:4|1:7|1:8|2:2|2:3|2:4|3:1|3:2|4:2|5:0|5:1|5:2|6:0|6:1|6:2|7:0,2211
2361,4089,0.41575393848462117,3.0,3.0,0.0,3.0,139,victory,1,0,,0,67,44,0:0|0:1|0:2|0:6|0:7|0:8|1:2|1:6|1:8|1:9|2:2|2:3|2:4|2:6|2:9|3:0|3:1|3:2|3:4|3:5|3:6|3:9|4:2|4:3|4:4|4:5|4:6|4:8|4:9|5:1|5:2|5:4|5:8|5:9|6:1|6:2|6:3|6:4|6:8|6:9|7:9|8:8|8:9|9:9,2211
2362,4090,0.4155063765941486,2.0,2.0,0.0,2.0,147,death,0,1,monster,0,57,32,0:0|0:1|0:2|0:4|0:5|0:6|0:7|0:8|1:2|1:4|1:8|1:9|2:2|2:3|2:4|2:8|2:9|3:1|3:2|3:8|3:9|4:2|4:8|4:9|5:1|5:2|5:8|5:9|6:1|6:2|6:8|6:9,2211
2363,4091,0.41525881470367587,2.0,2.0,0.0,2.0,38,death,0,1,monster,0,28,20,0:0|0:1|0:2|0:4|0:5|0:6|0:7|0:8|0:9|1:2|1:4|2:2|2:3|2:4|3:2|4:2|5:1|5:2|6:0|6:1,2211
2364,4092,0.4150112528132033,3.0,3.0,0.0,3.0,85,victory,1,0,,0,41,33,0:0|0:1|0:2|0:4|0:5|0:6|0:7|0:8|1:2|1:4|1:8|1:9|2:2|2:3|2:4|2:9|3:1|3:2|3:8|3:9|4:2|4:9|5:1|5:2|5:8|5:9|6:1|6:2|6:8|6:9|7:9|8:8|8:9,2211
2365,4093,0.4147636909227307,3.0,3.0,0.0,3.0,54,victory,1,0,,0,34,30,0:0|0:4|0:5|0:6|0:7|0:8|1:0|1:4|1:8|1:9|2:0|2:2|2:3|2:4|2:9|3:0|3:1|3:2|3:9|4:2|4:9|5:1|5:2|5:9|6:1|6:9|7:8|7:9|8:8|8:9,2211
2366,4094,0.414516129032258,3.0,3.0,0.0,3.0,49,victory,1,0,,0,36,31,0:0|0:1|0:2|0:4|0:5|0:6|0:7|0:8|1:2|1:4|1:8|1:9|2:2|2:3|2:4|2:9|3:1|3:2|3:8|3:9|4:2|4:8|4:9|5:1|5:2|5:9|6:1|6:9|7:9|8:8|8:9,2211
2367,4095,0.4142685671417855,3.0,3.0,0.0,3.0,49,victory,1,0,,0,35,31,0:0|0:4|0:5|0:6|0:7|0:8|1:0|1:4|1:8|1:9|2:0|2:2|2:3|2:4|2:9|3:0|3:1|3:2|3:9|4:2|4:8|4:9|5:1|5:2|5:9|6:1|6:9|7:9|8:8|8:9|9:9,2211
2368,4096,0.4140210052513129,0.0,0.0,0.0,0.0,11,death,0,1,monster,0,8,8,0:0|0:1|0:2|1:2|2:2|3:2|4:2|4:3,2211
2369,4097,0.4137734433608402,3.0,3.0,0.0,3.0,88,victory,1,0,,0,40,34,0:0|0:1|0:2|0:4|0:5|0:6|0:7|0:8|0:9|1:2|1:4|1:8|1:9|2:2|2:3|2:4|2:8|2:9|3:2|3:9|4:2|4:9|5:0|5:1|5:2|5:9|6:0|6:1|6:2|6:9|7:0|7:9|8:8|8:9,2211
2370,4098,0.4135258814703676,3.0,3.0,0.0,3.0,58,victory,1,0,,0,37,32,0:0|0:1|0:2|0:4|0:5|0:6|0:7|0:8|1:2|1:4|1:7|1:8|1:9|2:2|2:3|2:4|2:9|3:2|3:9|4:2|4:8|4:9|5:0|5:1|5:2|5:9|6:0|6:1|6:9|7:9|8:8|8:9,2211
2371,4099,0.413278319579895,3.0,3.0,0.0,3.0,64,victory,1,0,,0,47,38,0:0|0:1|0:2|0:4|0:5|0:6|0:7|0:8|0:9|1:2|1:4|1:6|1:7|1:8|1:9|2:2|2:3|2:4|2:6|2:8|2:9|3:2|3:6|3:9|4:2|4:6|4:7|4:8|4:9|5:1|5:2|5:9|6:1|6:2|6:9|7:9|8:8|8:9,2211
2372,4100,0.4130307576894223,2.0,2.0,0.0,2.0,43,death,0,1,monster,0,29,21,0:0|0:1|0:2|0:4|0:5|0:6|0:7|1:2|1:4|1:7|1:8|2:2|2:3|2:4|3:2|3:4|4:2|5:1|5:2|6:1|6:2,2211
2373,4101,0.41278319579894973,3.0,3.0,0.0,3.0,68,victory,1,0,,0,37,32,0:0|0:1|0:2|0:4|0:5|0:6|0:7|0:8|1:2|1:4|1:8|1:9|2:2|2:3|2:4|2:8|2:9|3:2|3:8|3:9|4:2|4:8|4:9|5:1|5:2|5:9|6:1|6:2|6:9|7:9|8:8|8:9,2211
2374,4102,0.41253563390847703,3.0,3.0,0.0,3.0,92,victory,1,0,,0,42,33,0:0|0:1|0:2|0:4|0:5|0:6|0:7|0:8|0:9|1:2|1:4|1:8|1:9|2:2|2:3|2:4|2:9|3:1|3:2|3:9|4:2|4:9|5:1|5:2|5:9|6:1|6:2|6:8|6:9|7:8|7:9|8:8|8:9,2211
2375,4103,0.41228807201800455,3.0,3.0,0.0,3.0,59,victory,1,0,,0,42,34,0:0|0:1|0:2|0:4|0:5|0:6|0:7|0:8|0:9|1:2|1:4|1:8|1:9|2:2|2:3|2:4|2:8|2:9|3:1|3:2|3:8|3:9|4:2|4:3|4:9|5:1|5:2|5:9|6:1|6:2|6:9|7:9|8:8|8:9,2211
2376,4104,0.41204051012753196,3.0,3.0,0.0,3.0,52,victory,1,0,,0,36,31,0:0|0:1|0:2|0:4|0:5|0:6|0:7|0:8|0:9|1:2|1:4|1:9|2:2|2:3|2:4|2:9|3:2|3:8|3:9|4:2|4:8|4:9|5:1|5:2|5:9|6:1|6:2|6:9|7:9|8:8|8:9,2211
2377,4105,0.41179294823705925,3.0,3.0,0.0,3.0,57,victory,1,0,,0,39,35,0:0|0:1|0:2|0:4|0:5|0:6|0:7|0:8|1:2|1:4|1:8|1:9|2:2|2:3|2:4|2:9|3:2|3:8|3:9|4:2|4:7|4:8|4:9|5:1|5:2|5:8|5:9|6:1|6:2|6:3|6:8|6:9|7:9|8:8|8:9,2211
2378,4106,0.41154538634658666,3.0,3.0,0.0,3.0,59,victory,1,0,,0,40,33,0:0|0:1|0:2|0:4|0:5|0:6|0:7|0:8|1:2|1:4|1:7|1:8|1:9|2:2|2:3|2:4|2:9|3:2|3:4|3:9|4:2|4:9|5:1|5:2|5:9|6:1|6:2|6:3|6:9|7:9|8:8|8:9|9:9,2211
2379,4107,0.41129782445611407,3.0,3.0,0.0,3.0,64,victory,1,0,,0,45,34,0:0|0:1|0:2|0:6|0:7|0:8|1:2|1:6|1:8|2:2|2:3|2:4|2:6|2:8|2:9|3:1|3:2|3:4|3:5|3:6|3:9|4:2|4:9|5:1|5:2|5:9|6:1|6:2|6:3|6:9|7:9|8:8|8:9|9:9,2211
2380,4108,0.41105026256564137,3.0,3.0,0.0,3.0,67,victory,1,0,,0,39,31,0:0|0:1|0:2|0:4|0:5|0:6|0:7|0:8|0:9|1:0|1:2|1:4|1:8|1:9|2:2|2:3|2:4|2:9|3:2|3:9|4:2|4:9|5:1|5:2|5:9|6:1|6:2|6:9|7:9|8:8|8:9,2211
2381,4109,0.4108027006751688,3.0,3.0,0.0,3.0,77,victory,1,0,,0,43,37,0:0|0:1|0:2|0:4|0:5|0:6|0:7|0:8|0:9|1:2|1:4|1:7|1:8|1:9|2:2|2:3|2:4|2:8|3:2|3:4|3:8|4:2|4:3|4:4|4:8|4:9|5:1|5:2|5:9|6:1|6:2|6:3|6:9|7:9|8:8|8:9|9:9,2211
2382,4110,0.4105551387846962,3.0,3.0,0.0,3.0,50,victory,1,0,,0,36,30,0:0|0:1|0:4|0:5|0:6|0:7|0:8|1:0|1:4|1:8|1:9|2:0|2:2|2:3|2:4|2:9|3:0|3:1|3:2|3:9|4:2|4:9|5:1|5:2|5:9|6:1|6:9|7:9|8:8|8:9,2211
2383,4111,0.4103075768942235,3.0,3.0,0.0,3.0,74,victory,1,0,,0,43,35,0:0|0:4|0:5|0:6|0:7|0:8|1:0|1:4|1:8|1:9|2:0|2:2|2:3|2:4|2:8|2:9|3:0|3:1|3:2|3:8|4:2|4:3|4:8|4:9|5:1|5:2|5:8|5:9|6:1|6:2|6:8|6:9|7:8|7:9|8:8,2211
2384,4112,0.410060015003751,2.0,2.0,0.0,2.0,129,death,0,1,monster,0,58,37,0:0|0:1|0:2|0:4|0:5|0:6|0:7|0:8|0:9|1:2|1:4|1:7|1:8|1:9|2:2|2:3|2:4|2:8|2:9|3:1|3:2|3:4|3:8|3:9|4:2|4:3|4:8|4:9|5:1|5:2|5:6|5:8|5:9|6:1|6:6|6:7|6:8,2211
2385,4113,0.4098124531132784,2.0,2.0,0.0,2.0,115,death,0,1,monster,0,52,38,0:0|0:1|0:2|0:4|0:5|0:6|0:7|0:8|0:9|1:2|1:4|1:7|1:8|1:9|2:2|2:3|2:4|2:8|2:9|3:1|3:2|3:8|3:9|4:2|4:7|4:8|4:9|5:1|5:2|5:8|5:9|6:1|6:2|6:6|6:7|6:8|6:9|7:9,2211
2386,4114,0.4095648912228057,3.0,3.0,0.0,3.0,72,victory,1,0,,0,39,31,0:0|0:1|0:2|0:4|0:5|0:6|0:7|0:8|1:2|1:4|1:8|1:9|2:2|2:3|2:4|2:9|3:1|3:2|3:9|4:2|4:3|4:9|5:1|5:2|5:9|6:1|6:2|6:9|7:9|8:8|8:9,2211
2387,4115,0.4093173293323331,3.0,3.0,0.0,3.0,83,victory,1,0,,0,46,34,0:0|0:1|0:2|0:4|0:5|0:6|0:7|1:2|1:4|1:6|1:7|1:8|2:2|2:3|2:4|2:8|2:9|3:0|3:1|3:2|3:9|4:2|4:9|5:0|5:1|5:2|5:9|6:0|6:1|6:2|6:9|7:9|8:8|8:9,2211
2388,4116,0.4090697674418605,3.0,3.0,0.0,3.0,58,victory,1,0,,0,34,29,0:0|0:1|0:2|0:4|0:5|0:6|0:7|0:8|1:2|1:4|1:8|1:9|2:2|2:3|2:4|2:9|3:2|3:9|4:2|4:9|5:1|5:2|5:9|6:1|6:2|6:9|7:9|8:8|8:9,2211
2389,4117,0.4088222055513878,3.0,3.0,0.0,3.0,96,victory,1,0,,0,40,29,0:0|0:1|0:2|0:4|0:5|0:6|0:7|0:8|0:9|1:2|1:4|1:9|2:2|2:3|2:4|2:9|3:2|3:9|4:2|4:8|4:9|5:1|5:2|5:9|6:1|6:9|7:9|8:8|8:9,2211
2390,4118,0.4085746436609152,0.0,0.0,0.0,0.0,17,death,0,1,monster,0,9,8,0:0|0:1|0:2|1:0|1:2|2:2|3:2|4:2,2211
2391,4119,0.4083270817704425,3.0,3.0,0.0,3.0,50,victory,1,0,,0,37,31,0:0|0:1|0:2|0:4|0:5|0:6|0:7|0:8|1:2|1:4|1:8|1:9|2:2|2:3|2:4|2:9|3:2|3:4|3:9|4:2|4:9|5:1|5:2|5:9|6:1|6:2|6:3|6:9|7:8|7:9|8:8,2211
2392,4120,0.40807951987996993,3.0,3.0,0.0,3.0,63,victory,1,0,,0,37,30,0:0|0:1|0:2|0:4|0:5|0:6|0:7|0:8|1:2|1:4|1:8|1:9|2:2|2:3|2:4|2:9|3:2|3:9|4:2|4:9|5:1|5:2|5:9|6:1|6:2|6:8|6:9|7:9|8:8|8:9,2211
2393,4121,0.40783195798949745,3.0,3.0,0.0,3.0,62,victory,1,0,,0,38,32,0:0|0:1|0:2|0:4|0:5|0:6|0:7|0:8|1:2|1:4|1:7|1:8|1:9|2:2|2:3|2:4|2:9|3:2|3:9|4:2|4:8|4:9|5:1|5:2|5:9|6:1|6:2|6:3|6:9|7:9|8:8|8:9,2211
2394,4122,0.40758439609902475,3.0,3.0,0.0,3.0,68,victory,1,0,,0,43,36,0:0|0:1|0:2|0:4|0:5|0:6|0:7|1:2|1:4|1:6|1:7|1:8|2:2|2:3|2:4|2:8|2:9|3:2|3:8|3:9|4:2|4:3|4:8|4:9|5:0|5:1|5:2|5:9|6:0|6:1|6:2|6:8|6:9|7:0|7:8|8:8,2211
2395,4123,0.40733683420855216,3.0,3.0,0.0,3.0,54,victory,1,0,,0,35,31,0:0|0:1|0:2|0:4|0:5|0:6|0:7|0:8|1:2|1:4|1:8|1:9|2:2|2:3|2:4|2:9|3:1|3:2|3:9|4:2|4:9|5:1|5:2|5:8|5:9|6:1|6:2|6:9|7:9|8:8|8:9,2211
2396,4124,0.40708927231807956,3.0,3.0,0.0,3.0,70,victory,1,0,,0,37,32,0:0|0:1|0:2|0:4|0:5|0:6|0:7|0:8|0:9|1:2|1:4|1:8|1:9|2:2|2:3|2:4|2:9|3:2|3:8|3:9|4:2|4:8|4:9|5:1|5:2|5:8|5:9|6:1|6:9|7:9|8:8|8:9,2211
2397,4125,0.40684171042760686,3.0,3.0,0.0,3.0,64,victory,1,0,,0,41,35,0:0|0:1|0:2|0:4|0:5|0:6|0:7|0:8|1:2|1:4|1:8|1:9|2:2|2:3|2:4|2:8|2:9|3:1|3:2|3:4|3:5|3:8|3:9|4:2|4:4|4:9|5:1|5:2|5:9|6:1|6:8|6:9|7:8|7:9|8:8,2211
2398,4126,0.40659414853713427,3.0,3.0,0.0,3.0,81,victory,1,0,,0,46,35,0:0|0:1|0:2|0:4|0:5|0:6|0:7|0:8|1:2|1:4|1:6|1:7|1:8|1:9|2:2|2:3|2:4|2:8|2:9|3:2|3:9|4:2|4:9|5:0|5:1|5:2|5:8|5:9|6:0|6:1|6:8|6:9|7:9|8:8|8:9,2211
2399,4127,0.4063465866466617,3.0,3.0,0.0,3.0,71,victory,1,0,,0,40,34,0:0|0:1|0:2|0:4|0:5|0:6|0:7|0:8|1:0|1:2|1:4|1:8|2:2|2:3|2:4|2:8|2:9|3:2|3:9|4:2|4:8|4:9|5:0|5:1|5:2|5:8|5:9|6:0|6:1|6:2|6:9|7:9|8:8|8:9,2211
2400,4128,0.406099024756189,1.0,1.0,0.0,1.0,80,death,0,1,monster,0,35,19,0:0|0:1|0:2|1:2|2:2|2:3|3:0|3:1|3:2|4:2|5:0|5:1|5:2|6:0|6:1|6:2|6:3|7:0|7:3,2211
2401,4129,0.4058514628657164,1.0,1.0,0.0,1.0,53,death,0,1,monster,0,18,14,0:0|0:1|0:2|1:2|2:2|2:3|3:1|3:2|4:2|5:1|5:2|6:0|6:1|6:2,2211
2402,4130,0.4056039009752439,3.0,3.0,0.0,3.0,72,victory,1,0,,0,37,30,0:0|0:1|0:2|0:4|0:5|0:6|0:7|0:8|1:2|1:4|1:8|1:9|2:2|2:3|2:4|2:8|2:9|3:1|3:2|3:9|4:2|4:9|5:1|5:2|5:9|6:1|6:9|7:9|8:8|8:9,2211
2403,4131,0.4053563390847712,3.0,3.0,0.0,3.0,60,victory,1,0,,0,38,29,0:0|0:1|0:2|0:4|0:5|0:6|0:7|0:8|1:2|1:4|1:8|2:2|2:3|2:4|2:8|2:9|3:2|3:9|4:2|4:3|4:9|5:1|5:2|5:9|6:1|6:9|7:9|8:8|8:9,2211
2404,4132,0.4051087771942986,3.0,3.0,0.0,3.0,64,victory,1,0,,0,38,32,0:0|0:1|0:2|0:4|0:5|0:6|0:7|0:8|0:9|1:2|1:4|1:8|2:2|2:3|2:4|2:8|2:9|3:2|3:9|4:2|4:3|4:8|4:9|5:1|5:2|5:9|6:0|6:1|6:8|6:9|7:8|8:8,2211
2405,4133,0.404861215303826,3.0,3.0,0.0,3.0,79,victory,1,0,,0,38,33,0:0|0:4|0:5|0:6|0:7|0:8|0:9|1:0|1:4|1:8|1:9|2:0|2:2|2:3|2:4|2:9|3:0|3:1|3:2|3:4|3:9|4:2|4:9|5:1|5:2|5:8|5:9|6:0|6:1|6:9|7:8|7:9|8:8,2211
2406,4134,0.4046136534133533,3.0,3.0,0.0,3.0,58,victory,1,0,,0,42,31,0:0|0:1|0:2|0:4|0:5|0:6|0:7|0:8|1:2|1:4|1:8|1:9|2:2|2:3|2:4|2:9|3:2|3:9|4:2|4:9|5:1|5:2|5:9|6:1|6:2|6:3|6:9|7:8|7:9|8:8|8:9,2211
2407,4135,0.4043660915228807,3.0,3.0,0.0,3.0,102,victory,1,0,,0,44,37,0:0|0:1|0:2|0:4|0:5|0:6|0:7|1:2|1:4|1:6|1:7|2:2|2:3|2:4|2:6|3:2|3:6|4:2|4:3|4:6|4:7|4:8|4:9|5:0|5:1|5:2|5:9|6:0|6:1|6:2|6:3|6:4|6:9|7:3|7:9|8:8|8:9,2211
2408,4136,0.40411852963240813,0.0,0.0,0.0,0.0,28,death,0,1,monster,0,18,11,0:0|0:2|1:0|1:2|2:0|2:2|3:0|3:1|3:2|4:2|4:3,2211
2409,4137,0.4038709677419354,2.0,2.0,0.0,2.0,89,death,0,1,monster,0,45,23,0:0|0:1|0:2|0:4|0:5|0:6|0:7|0:8|1:2|1:4|1:7|2:2|2:3|2:4|3:1|3:2|4:2|5:0|5:1|5:2|6:0|6:1|6:2,2211
2410,4138,0.40362340585146284,3.0,3.0,0.0,3.0,119,victory,1,0,,0,52,39,0:0|0:4|0:5|0:6|0:7|0:8|0:9|1:0|1:2|1:4|1:8|1:9|2:0|2:2|2:3|2:4|2:9|3:0|3:1|3:2|3:8|3:9|4:2|4:3|4:4|4:8|4:9|5:1|5:2|5:4|5:9|6:1|6:2|6:3|6:4|6:9|7:9|8:8|8:9,2211
2411,4139,0.40337584396099024,3.0,3.0,0.0,3.0,58,victory,1,0,,0,42,34,0:0|0:1|0:2|0:4|0:5|0:6|0:7|1:2|1:4|1:7|1:8|1:9|2:2|2:4|2:8|2:9|3:1|3:2|3:4|3:8|4:2|4:3|4:4|4:8|4:9|5:1|5:2|5:4|5:9|6:1|6:9|7:8|7:9|8:8,2211
2412,4140,0.40312828207051765,2.0,2.0,0.0,2.0,105,death,0,1,monster,0,39,25,0:0|0:1|0:2|0:4|0:5|0:6|0:7|0:8|1:2|1:4|1:7|1:8|2:2|2:3|2:4|3:0|3:1|3:2|3:4|4:2|4:3|4:4|5:1|5:2|6:1,2211
2413,4141,0.40288072018004506,1.0,1.0,0.0,1.0,20,death,0,1,monster,0,14,13,0:0|0:1|0:2|1:2|2:2|3:2|4:2|5:0|5:1|5:2|6:1|6:2|6:3,2211
2414,4142,0.40263315828957236,1.0,1.0,0.0,1.0,38,death,0,1,monster,0,18,14,0:0|0:1|0:2|1:2|2:2|3:1|3:2|4:2|5:0|5:1|5:2|6:0|6:1|6:2,2211
2415,4143,0.40238559639909977,2.0,2.0,0.0,2.0,184,death,0,1,monster,0,39,25,0:0|0:2|0:4|0:5|0:6|0:7|1:0|1:2|1:4|1:6|1:7|2:0|2:2|2:3|2:4|2:6|3:0|3:1|3:2|4:2|4:3|5:1|5:2|6:1|6:2,2211
2416,4144,0.4021380345086272,1.0,1.0,0.0,1.0,350,truncated,0,0,,1,50,24,0:0|0:1|0:2|0:4|0:5|0:6|1:0|1:2|1:4|2:0|2:2|2:3|2:4|3:0|3:1|3:2|3:4|4:2|4:3|4:4|5:1|5:2|6:1|6:2,2211
2417,4145,0.40189047261815447,3.0,3.0,0.0,3.0,103,victory,1,0,,0,50,38,0:0|0:1|0:2|0:4|0:5|0:6|0:7|0:9|1:2|1:4|1:7|1:8|1:9|2:0|2:2|2:3|2:4|2:9|3:0|3:1|3:2|3:9|4:2|4:3|4:9|5:0|5:1|5:2|5:9|6:0|6:1|6:2|6:9|7:0|7:9|8:0|8:8|8:9,2211
2418,4146,0.4016429107276819,2.0,2.0,0.0,2.0,298,death,0,1,monster,0,45,32,0:0|0:1|0:2|0:4|0:5|0:6|0:7|1:0|1:2|1:4|1:6|2:0|2:2|2:3|2:4|2:6|3:0|3:1|3:2|3:6|3:8|4:2|4:3|4:4|4:6|4:7|4:8|4:9|5:0|5:1|5:2|6:1,2211
2419,4147,0.4013953488372094,3.0,3.0,0.0,3.0,96,victory,1,0,,0,47,43,0:0|0:1|0:2|0:4|0:5|0:6|0:7|0:8|0:9|1:0|1:2|1:4|1:6|1:8|1:9|2:0|2:2|2:3|2:4|2:9|3:0|3:1|3:2|3:8|3:9|4:2|4:3|4:6|4:7|4:8|4:9|5:0|5:1|5:2|5:8|5:9|6:0|6:1|6:2|6:9|7:8|7:9|8:8,2211
2420,4148,0.4011477869467367,3.0,3.0,0.0,3.0,93,victory,1,0,,0,46,36,0:0|0:4|0:5|0:6|0:7|0:8|0:9|1:0|1:2|1:4|1:6|1:8|1:9|2:0|2:2|2:3|2:4|2:8|2:9|3:0|3:1|3:2|3:8|4:2|4:8|4:9|5:1|5:2|5:8|5:9|6:1|6:2|6:9|7:9|8:8|8:9,2211
2421,4149,0.4009002250562641,3.0,3.0,0.0,3.0,64,victory,1,0,,0,36,32,0:0|0:4|0:5|0:6|0:7|0:8|1:0|1:4|1:8|2:0|2:2|2:3|2:4|2:8|3:0|3:1|3:2|3:8|4:2|4:3|4:8|4:9|5:0|5:1|5:2|5:9|6:0|6:1|6:9|7:8|7:9|8:8,2211
2422,4150,0.4006526631657915,3.0,3.0,0.0,3.0,55,victory,1,0,,0,39,35,0:0|0:4|0:5|0:6|0:7|0:8|0:9|1:0|1:4|1:9|2:0|2:2|2:3|2:4|2:9|3:0|3:1|3:2|3:8|3:9|4:2|4:7|4:8|5:1|5:2|5:8|5:9|6:0|6:1|6:2|6:8|6:9|7:8|7:9|8:8,2211
2423,4151,0.4004051012753188,3.0,3.0,0.0,3.0,93,victory,1,0,,0,42,34,0:0|0:1|0:4|0:5|0:6|0:7|0:8|0:9|1:0|1:4|1:7|1:8|1:9|2:0|2:2|2:3|2:4|2:9|3:0|3:1|3:2|3:9|4:2|4:3|4:9|5:1|5:2|5:9|6:1|6:8|6:9|7:8|7:9|8:8,2211
2424,4152,0.4001575393848462,2.0,2.0,0.0,2.0,43,death,0,1,monster,0,29,24,0:0|0:4|0:5|0:6|0:7|0:8|1:0|1:4|1:8|2:0|2:2|2:3|2:4|2:8|3:0|3:1|3:2|3:8|4:2|5:0|5:1|5:2|6:1|6:2,2211
2425,4153,0.3999099774943736,3.0,3.0,0.0,3.0,69,victory,1,0,,0,39,30,0:0|0:1|0:2|0:4|0:5|0:6|0:7|0:8|0:9|1:2|1:4|1:8|1:9|2:2|2:3|2:4|2:9|3:1|3:2|3:9|4:2|4:9|5:1|5:2|5:9|6:1|6:9|7:8|7:9|8:8,2211
2426,4154,0.3996624156039009,3.0,3.0,0.0,3.0,109,victory,1,0,,0,54,40,0:0|0:1|0:4|0:5|0:6|0:7|1:0|1:4|1:6|1:7|1:8|1:9|2:0|2:4|2:9|3:0|3:1|3:2|3:4|3:8|3:9|4:2|4:3|4:4|4:7|4:8|4:9|5:0|5:1|5:2|5:8|5:9|6:0|6:1|6:2|6:3|6:9|7:8|7:9|8:8,2211
2427,4155,0.39941485371342833,3.0,3.0,0.0,3.0,55,victory,1,0,,0,37,29,0:0|0:1|0:2|0:4|0:5|0:6|0:7|0:8|1:2|1:4|1:8|1:9|2:2|2:3|2:4|2:9|3:2|3:9|4:2|4:9|5:1|5:2|5:9|6:1|6:2|6:9|7:8|7:9|8:8,2211
2428,4156,0.39916729182295585,3.0,3.0,0.0,3.0,90,victory,1,0,,0,51,37,0:0|0:1|0:4|0:5|0:6|0:7|0:8|1:0|1:4|1:6|1:8|1:9|2:0|2:2|2:3|2:4|2:9|3:0|3:1|3:2|3:9|4:2|4:8|4:9|5:1|5:2|5:8|5:9|6:1|6:6|6:7|6:8|6:9|7:8|7:9|8:8|8:9,2211
2429,4157,0.39891972993248315,3.0,3.0,0.0,3.0,109,victory,1,0,,0,40,37,0:0|0:1|0:2|0:4|0:5|0:6|0:7|0:8|0:9|1:0|1:4|1:8|1:9|2:0|2:2|2:3|2:4|2:8|2:9|3:0|3:1|3:2|3:9|4:2|4:3|4:9|5:1|5:2|5:8|5:9|6:0|6:1|6:2|6:9|7:8|7:9|8:8,2211
2430,4158,0.39867216804201056,3.0,3.0,0.0,3.0,83,victory,1,0,,0,42,34,0:0|0:4|0:5|0:6|0:7|0:8|0:9|1:0|1:4|1:6|1:7|1:8|1:9|2:0|2:2|2:3|2:4|2:9|3:0|3:1|3:2|3:9|4:2|4:9|5:1|5:2|5:8|5:9|6:1|6:8|6:9|7:8|7:9|8:8,2211
2431,4159,0.39842460615153785,1.0,1.0,0.0,1.0,41,death,0,1,monster,0,24,12,0:0|0:1|0:2|1:2|2:2|2:3|3:1|3:2|4:2|5:1|5:2|6:1,2211
2432,4160,0.39817704426106526,3.0,3.0,0.0,3.0,89,victory,1,0,,0,43,35,0:0|0:1|0:4|0:5|0:6|0:7|1:0|1:2|1:4|1:7|1:8|1:9|2:0|2:2|2:3|2:4|2:8|2:9|3:0|3:1|3:2|3:9|4:2|4:3|4:8|4:9|5:1|5:2|5:9|6:0|6:1|6:9|7:8|7:9|8:8,2211
2433,4161,0.39792948237059267,3.0,3.0,0.0,3.0,48,victory,1,0,,0,36,29,0:0|0:1|0:2|0:4|0:5|0:6|0:7|0:8|1:2|1:4|1:8|2:2|2:3|2:4|2:8|2:9|3:1|3:2|3:9|4:2|4:9|5:1|5:2|5:9|6:1|6:9|7:8|7:9|8:8,2211
2434,4162,0.39768192048011997,3.0,3.0,0.0,3.0,60,victory,1,0,,0,40,29,0:0|0:4|0:5|0:6|0:7|0:8|1:0|1:4|1:8|2:0|2:2|2:3|2:4|2:8|2:9|3:0|3:1|3:2|3:9|4:2|4:9|5:1|5:2|5:9|6:1|6:9|7:8|7:9|8:8,2211
2435,4163,0.3974343585896474,1.0,1.0,0.0,1.0,147,death,0,1,monster,0,29,18,0:0|0:1|0:2|1:0|1:2|2:0|2:2|3:0|3:1|3:2|4:2|4:3|5:0|5:1|5:2|6:0|6:1|6:2,2211
2436,4164,0.3971867966991748,3.0,3.0,0.0,3.0,190,victory,1,0,,0,56,40,0:0|0:4|0:5|0:6|0:7|0:8|1:0|1:4|1:8|1:9|2:0|2:2|2:3|2:4|2:9|3:0|3:1|3:2|3:4|3:8|3:9|4:2|4:3|4:4|4:8|4:9|5:1|5:2|5:8|5:9|6:1|6:2|6:7|6:8|6:9|7:8|7:9|8:8|8:9|9:9,2211
2437,4165,0.3969392348087022,0.0,0.0,0.0,0.0,76,death,0,1,monster,0,7,6,0:0|1:0|2:0|3:0|3:1|3:2,2211
2438,4166,0.3966916729182296,3.0,3.0,0.0,3.0,208,victory,1,0,,0,41,33,0:0|0:4|0:5|0:6|0:7|0:8|1:0|1:4|1:7|1:8|1:9|2:0|2:2|2:3|2:4|2:8|2:9|3:0|3:1|3:2|3:9|4:2|4:3|4:9|5:1|5:2|5:9|6:1|6:2|6:9|7:8|7:9|8:8,2211
2439,4167,0.396444111027757,2.0,2.0,0.0,2.0,261,death,0,1,monster,0,63,43,0:0|0:1|0:2|0:4|0:5|0:6|0:7|0:8|1:0|1:4|1:6|1:7|1:8|1:9|2:0|2:2|2:3|2:4|2:8|2:9|3:0|3:1|3:2|3:4|3:8|3:9|4:2|4:7|4:8|4:9|5:1|5:2|5:6|5:8|5:9|6:1|6:2|6:6|6:7|6:8|6:9|7:6|7:9,2212
2440,4168,0.3961965491372843,3.0,3.0,0.0,3.0,119,victory,1,0,,0,43,34,0:0|0:1|0:2|0:4|0:5|0:6|0:7|0:8|1:2|1:4|1:8|1:9|2:2|2:3|2:4|2:9|3:1|3:2|3:8|3:9|4:2|4:8|4:9|5:1|5:2|5:8|5:9|6:0|6:1|6:8|6:9|7:8|7:9|8:8,2212
2441,4169,0.3959489872468117,3.0,3.0,0.0,3.0,79,victory,1,0,,0,39,32,0:0|0:4|0:5|0:6|0:7|1:0|1:4|1:7|1:8|1:9|2:0|2:2|2:3|2:4|2:8|2:9|3:0|3:1|3:2|3:9|4:2|4:3|4:9|5:1|5:2|5:9|6:1|6:8|6:9|7:8|7:9|8:8,2212
2442,4170,0.3957014253563391,3.0,3.0,0.0,3.0,160,victory,1,0,,0,59,36,0:0|0:1|0:2|0:4|0:5|0:6|0:7|0:8|0:9|1:0|1:2|1:4|1:6|1:7|1:8|1:9|2:2|2:3|2:4|2:9|3:1|3:2|3:9|4:2|4:9|5:1|5:2|5:8|5:9|6:1|6:6|6:7|6:8|6:9|7:8|8:8,2212
2443,4171,0.3954538634658664,2.0,2.0,0.0,2.0,231,death,0,1,monster,0,74,37,0:0|0:4|0:5|0:6|0:7|0:8|0:9|1:0|1:4|1:6|1:7|1:8|1:9|2:0|2:2|2:3|2:4|2:6|2:8|2:9|3:0|3:1|3:2|3:8|3:9|4:2|4:7|4:8|4:9|5:1|5:2|5:8|5:9|6:1|6:8|6:9|7:9,2212
2444,4172,0.3952063015753938,3.0,3.0,0.0,3.0,147,victory,1,0,,0,45,39,0:0|0:4|0:5|0:6|0:7|0:8|0:9|1:0|1:2|1:4|1:6|1:7|1:9|2:0|2:2|2:3|2:4|2:6|2:8|2:9|3:0|3:1|3:2|3:4|3:5|3:6|3:8|3:9|4:2|4:8|4:9|5:1|5:2|5:9|6:1|6:8|6:9|7:8|8:8,2212
2445,4173,0.39495873968492123,2.0,2.0,0.0,2.0,99,death,0,1,monster,0,44,33,0:0|0:4|0:5|0:6|0:7|0:8|0:9|1:0|1:4|1:9|2:0|2:2|2:3|2:4|2:8|2:9|3:0|3:1|3:2|3:8|3:9|4:2|4:7|4:8|4:9|5:1|5:2|5:8|5:9|6:1|6:2|6:3|6:9,2212
2446,4174,0.39471117779444864,1.0,1.0,0.0,1.0,35,death,0,1,monster,0,20,15,0:0|0:1|0:2|1:2|2:2|2:3|2:4|3:2|3:4|4:2|5:0|5:1|5:2|6:0|6:1,2212
2447,4175,0.39446361590397605,3.0,3.0,0.0,3.0,135,victory,1,0,,0,52,38,0:0|0:1|0:2|0:4|0:5|0:6|0:7|0:8|0:9|1:0|1:2|1:4|1:8|1:9|2:0|2:2|2:3|2:4|2:8|2:9|3:0|3:1|3:2|3:8|3:9|4:2|4:3|4:8|4:9|5:1|5:2|5:8|5:9|6:1|6:8|6:9|7:8|8:8,2212
2448,4176,0.39421605401350346,2.0,2.0,0.0,2.0,80,death,0,1,monster,0,38,28,0:0|0:1|0:2|0:4|0:5|0:6|0:7|0:8|0:9|1:2|1:4|1:9|2:2|2:3|2:4|2:9|3:2|3:9|4:2|4:8|4:9|5:1|5:2|5:8|5:9|6:1|6:8|6:9,2212
2449,4177,0.39396849212303076,3.0,3.0,0.0,3.0,97,victory,1,0,,0,44,36,0:0|0:1|0:2|0:4|0:5|0:6|0:7|0:8|0:9|1:2|1:4|1:8|1:9|2:2|2:3|2:4|2:8|2:9|3:2|3:8|3:9|4:2|4:8|4:9|5:0|5:1|5:2|5:8|5:9|6:0|6:1|6:8|6:9|7:8|7:9|8:8,2212
2450,4178,0.39372093023255816,0.0,0.0,0.0,0.0,27,death,0,1,monster,0,11,6,0:0|0:1|1:0|2:0|3:0|3:1,2212
2451,4179,0.39347336834208546,2.0,2.0,0.0,2.0,51,death,0,1,monster,0,28,21,0:0|0:1|0:2|0:4|0:5|0:6|0:7|1:0|1:2|1:4|2:2|2:3|2:4|3:0|3:1|3:2|4:2|4:3|5:1|5:2|6:1,2212
2452,4180,0.39322580645161287,3.0,3.0,0.0,3.0,178,victory,1,0,,0,43,38,0:0|0:1|0:2|0:4|0:5|0:6|0:7|0:8|0:9|1:0|1:2|1:4|1:8|1:9|2:2|2:3|2:4|2:8|2:9|3:2|3:8|3:9|4:2|4:7|4:8|4:9|5:0|5:1|5:2|5:8|5:9|6:0|6:1|6:7|6:8|6:9|7:8|8:8,2212
2453,4181,0.3929782445611403,3.0,3.0,0.0,3.0,119,victory,1,0,,0,45,36,0:0|0:1|0:2|0:4|0:5|0:6|0:7|0:8|0:9|1:0|1:2|1:4|1:6|1:7|1:8|1:9|2:2|2:3|2:4|2:8|2:9|3:2|3:8|3:9|4:2|4:9|5:0|5:1|5:2|5:9|6:0|6:1|6:9|7:8|7:9|8:8,2212
2454,4182,0.3927306826706676,3.0,3.0,0.0,3.0,83,victory,1,0,,0,47,32,0:0|0:1|0:2|0:4|0:5|0:6|0:7|0:8|0:9|1:0|1:2|1:4|1:8|1:9|2:2|2:3|2:4|2:8|2:9|3:2|3:4|3:9|4:2|4:9|5:1|5:2|5:9|6:1|6:8|6:9|7:8|8:8,2212
2455,4183,0.3924831207801951,2.0,2.0,0.0,2.0,72,death,0,1,monster,0,30,23,0:0|0:1|0:2|0:4|0:5|0:6|0:7|0:8|1:2|1:4|1:7|1:8|1:9|2:2|2:3|2:4|2:9|3:2|4:2|4:3|5:1|5:2|6:1,2212
2456,4184,0.3922355588897225,1.0,1.0,0.0,1.0,62,death,0,1,monster,0,33,22,0:0|0:1|0:2|0:4|0:5|1:0|1:2|1:4|2:0|2:2|2:3|2:4|3:0|3:1|3:2|3:4|4:2|5:0|5:1|5:2|6:0|6:1,2212
2457,4185,0.3919879969992498,3.0,3.0,0.0,3.0,92,victory,1,0,,0,49,34,0:0|0:1|0:2|0:4|0:5|0:6|0:7|0:8|1:2|1:4|1:8|2:2|2:3|2:4|2:8|2:9|3:1|3:2|3:4|3:9|4:2|4:3|4:4|4:8|4:9|5:1|5:2|5:8|5:9|6:1|6:9|7:8|7:9|8:8,2212
2458,4186,0.3917404351087772,3.0,3.0,0.0,3.0,68,victory,1,0,,0,40,34,0:0|0:1|0:2|0:4|0:5|0:6|0:7|0:8|0:9|1:2|1:4|1:6|1:8|1:9|2:2|2:3|2:4|2:8|2:9|3:2|3:9|4:2|4:3|4:8|4:9|5:1|5:2|5:9|6:1|6:2|6:9|7:9|8:8|8:9,2212
2459,4187,0.3914928732183046,3.0,3.0,0.0,3.0,86,victory,1,0,,0,38,32,0:0|0:1|0:2|0:4|0:5|0:6|0:7|0:8|0:9|1:2|1:4|1:7|1:8|1:9|2:2|2:3|2:4|2:8|2:9|3:1|3:2|3:9|4:2|4:9|5:1|5:2|5:9|6:1|6:9|7:8|7:9|8:8,2212
2460,4188,0.3912453113278319,1.0,1.0,0.0,1.0,32,death,0,1,monster,0,22,16,0:0|0:1|0:2|1:2|2:2|2:3|2:4|3:1|3:2|3:4|3:5|3:6|4:2|5:1|5:2|6:1,2212
2461,4189,0.3909977494373593,3.0,3.0,0.0,3.0,52,victory,1,0,,0,35,30,0:0|0:1|0:2|0:4|0:5|0:6|0:7|1:2|1:4|1:7|1:8|1:9|2:2|2:3|2:4|2:9|3:2|3:9|4:2|4:9|5:0|5:1|5:2|5:9|6:0|6:1|6:9|7:8|7:9|8:8,2212
2462,4190,0.39075018754688673,3.0,3.0,0.0,3.0,93,victory,1,0,,0,50,33,0:0|0:1|0:2|0:4|0:5|0:6|0:7|0:8|0:9|1:0|1:2|1:4|1:8|1:9|2:0|2:2|2:3|2:4|2:9|3:0|3:1|3:2|3:9|4:2|4:9|5:1|5:2|5:9|6:1|6:9|7:8|7:9|8:8,2213
2463,4191,0.39050262565641414,3.0,3.0,0.0,3.0,57,victory,1,0,,0,37,31,0:0|0:1|0:2|0:4|0:5|0:6|0:7|0:8|1:2|1:4|1:8|1:9|2:2|2:3|2:4|2:8|2:9|3:2|3:9|4:2|4:3|4:8|4:9|5:1|5:2|5:9|6:1|6:9|7:8|7:9|8:8,2213
2464,4192,0.39025506376594155,3.0,3.0,0.0,3.0,94,victory,1,0,,0,43,33,0:0|0:1|0:2|0:4|0:5|0:6|0:7|0:8|0:9|1:2|1:4|1:7|1:8|1:9|2:2|2:3|2:4|2:8|2:9|3:1|3:2|3:8|3:9|4:2|4:9|5:1|5:2|5:9|6:1|6:9|7:8|7:9|8:8,2213
2465,4193,0.39000750187546895,3.0,3.0,0.0,3.0,78,victory,1,0,,0,41,33,0:0|0:1|0:2|0:4|0:5|0:6|0:7|0:8|0:9|1:2|1:4|1:8|1:9|2:2|2:3|2:4|2:8|2:9|3:2|3:9|4:2|4:9|5:1|5:2|5:9|6:0|6:1|6:8|6:9|7:9|8:8|8:9|9:9,2213
2466,4194,0.38975993998499625,2.0,2.0,0.0,2.0,47,death,0,1,monster,0,26,19,0:0|0:1|0:2|0:4|0:5|0:6|0:7|1:2|1:4|2:2|2:3|2:4|3:2|4:2|5:1|5:2|6:1|6:2|6:3,2213
2467,4195,0.38951237809452366,2.0,2.0,0.0,2.0,90,death,0,1,monster,0,39,27,0:0|0:1|0:2|0:4|0:5|0:6|0:7|0:8|0:9|1:0|1:2|1:4|1:6|1:7|1:8|1:9|2:0|2:2|2:3|2:4|3:0|3:1|3:2|4:2|5:1|5:2|6:1,2213
2468,4196,0.38926481620405096,3.0,3.0,0.0,3.0,101,victory,1,0,,0,42,33,0:0|0:1|0:2|0:4|0:5|0:6|0:7|1:2|1:4|1:7|1:8|2:2|2:3|2:4|2:8|2:9|3:2|3:4|3:9|4:2|4:3|4:8|4:9|5:1|5:2|5:8|5:9|6:1|6:2|6:9|7:8|7:9|8:8,2213
2469,4197,0.38901725431357836,3.0,3.0,0.0,3.0,72,victory,1,0,,0,41,31,0:0|0:1|0:2|0:4|0:5|0:6|0:7|1:2|1:4|1:7|1:8|2:2|2:3|2:4|2:8|2:9|3:2|3:9|4:2|4:8|4:9|5:1|5:2|5:8|5:9|6:1|6:2|6:9|7:8|7:9|8:8,2213
2470,4198,0.3887696924231058,1.0,1.0,0.0,1.0,88,death,0,1,monster,0,33,17,0:0|0:1|0:2|1:2|2:2|2:3|3:0|3:1|3:2|4:2|4:3|5:0|5:1|5:2|6:0|6:1|6:2,2213
2471,4199,0.38852213053263307,1.0,1.0,0.0,1.0,37,death,0,1,monster,0,26,22,0:0|0:1|0:2|0:4|0:5|0:6|1:2|1:4|1:6|2:2|2:3|2:4|2:6|3:2|3:4|4:2|4:3|4:4|5:1|5:2|6:1|6:2,2213
2472,4200,0.3882745686421606,2.0,2.0,0.0,2.0,73,death,0,1,monster,0,31,26,0:0|0:1|0:2|0:4|0:5|0:6|0:7|0:8|1:2|1:4|1:8|1:9|2:2|2:3|2:4|3:1|3:2|4:2|4:3|5:0|5:1|5:2|6:0|6:1|6:2|7:0,2213
2473,4201,0.388027006751688,1.0,1.0,0.0,1.0,30,death,0,1,monster,0,17,12,0:0|0:1|0:2|1:2|2:2|3:2|4:2|4:3|5:1|5:2|6:1|6:2,2213
2474,4202,0.3877794448612153,3.0,3.0,0.0,3.0,117,victory,1,0,,0,44,40,0:0|0:4|0:5|0:6|0:7|0:8|0:9|1:0|1:2|1:4|1:6|1:7|1:8|1:9|2:0|2:2|2:3|2:4|2:8|2:9|3:0|3:1|3:2|3:9|4:2|4:3|4:8|4:9|5:0|5:1|5:2|5:8|5:9|6:0|6:1|6:2|6:9|7:8|7:9|8:8,2213
2475,4203,0.3875318829707427,2.0,2.0,0.0,2.0,81,death,0,1,monster,0,36,29,0:0|0:1|0:2|0:4|0:5|0:6|0:7|1:2|1:4|1:7|1:8|1:9|2:2|2:3|2:4|2:8|2:9|3:2|3:4|3:8|3:9|4:2|4:3|4:9|5:0|5:1|5:2|6:0|6:1,2213
2476,4204,0.3872843210802701,1.0,1.0,0.0,1.0,34,death,0,1,monster,0,20,14,0:0|0:1|0:2|1:0|1:2|2:0|2:2|2:3|3:2|4:2|5:1|5:2|6:1|6:2,2213
2477,4205,0.3870367591897974,2.0,2.0,0.0,2.0,43,death,0,1,monster,0,25,18,0:0|0:1|0:2|0:4|0:5|0:6|0:7|1:2|1:4|2:2|2:3|2:4|3:2|4:2|5:1|5:2|6:1|6:2,2213
2478,4206,0.3867891972993248,3.0,3.0,0.0,3.0,134,victory,1,0,,0,55,37,0:0|0:1|0:2|0:4|0:5|0:6|0:7|1:2|1:4|1:7|1:8|1:9|2:2|2:3|2:4|2:8|2:9|3:1|3:2|3:4|3:5|3:6|3:9|4:2|4:9|5:0|5:1|5:2|5:8|5:9|6:0|6:1|6:2|6:9|7:8|7:9|8:8,2213
2479,4207,0.3865416354088522,3.0,3.0,0.0,3.0,131,victory,1,0,,0,47,33,0:0|0:1|0:2|0:4|0:5|0:6|0:7|1:2|1:4|1:7|1:8|2:2|2:3|2:4|2:8|2:9|3:2|3:8|3:9|4:2|4:7|4:8|4:9|5:1|5:2|5:8|5:9|6:1|6:2|6:9|7:8|7:9|8:8,2213
2480,4208,0.3862940735183795,3.0,3.0,0.0,3.0,102,victory,1,0,,0,46,37,0:0|0:1|0:2|0:4|0:5|0:6|0:7|0:8|0:9|1:0|1:2|1:4|1:7|1:8|1:9|2:2|2:3|2:4|2:8|3:1|3:2|3:8|3:9|4:2|4:8|4:9|5:1|5:2|5:8|5:9|6:0|6:1|6:2|6:7|6:8|7:8|8:8,2213
2481,4209,0.38604651162790704,2.0,2.0,0.0,2.0,65,death,0,1,monster,0,33,24,0:0|0:1|0:2|0:4|0:5|0:6|0:7|0:8|0:9|1:2|1:4|1:7|1:8|1:9|2:2|2:3|2:4|2:8|3:2|4:2|5:1|5:2|6:1|6:2,2213
2482,4210,0.38579894973743445,2.0,2.0,0.0,2.0,84,death,0,1,monster,0,36,28,0:0|0:1|0:2|0:4|0:5|0:6|0:7|1:2|1:4|1:7|1:8|2:2|2:3|2:4|2:8|2:9|3:2|3:8|3:9|4:2|4:9|5:1|5:2|5:8|5:9|6:1|6:2|6:8,2213
2483,4211,0.38555138784696175,3.0,3.0,0.0,3.0,143,victory,1,0,,0,57,42,0:0|0:1|0:2|0:4|0:5|0:6|0:7|1:0|1:2|1:4|1:6|1:7|1:8|2:0|2:2|2:3|2:4|2:8|2:9|3:0|3:1|3:2|3:4|3:5|3:8|3:9|4:2|4:3|4:4|4:5|4:8|4:9|5:1|5:2|5:9|6:1|6:2|6:3|6:9|7:8|7:9|8:8,2213
2484,4212,0.38530382595648915,1.0,1.0,0.0,1.0,32,death,0,1,monster,0,25,15,0:0|0:1|0:2|1:2|2:2|3:2|4:2|5:0|5:1|5:2|6:0|6:1|6:2|7:0|8:0,2213
2485,4213,0.38505626406601656,3.0,3.0,0.0,3.0,88,victory,1,0,,0,41,31,0:0|0:1|0:2|0:4|0:5|0:6|0:7|1:2|1:4|1:6|1:7|2:2|2:3|2:4|2:6|3:1|3:2|3:6|4:2|4:3|4:6|4:7|4:8|5:1|5:2|5:8|6:1|6:2|6:8|7:8|8:8,2213
2486,4214,0.38480870217554386,2.0,2.0,0.0,2.0,64,death,0,1,monster,0,41,33,0:0|0:1|0:2|0:4|0:5|0:6|0:7|1:2|1:4|1:7|1:8|1:9|2:2|2:3|2:4|2:8|2:9|3:1|3:2|3:4|3:9|4:2|4:4|4:9|5:1|5:2|5:8|5:9|6:1|6:2|6:6|6:7|6:8,2213
2487,4215,0.38456114028507127,3.0,3.0,0.0,3.0,84,victory,1,0,,0,39,34,0:0|0:1|0:2|0:4|0:5|0:6|0:7|1:0|1:2|1:4|1:6|1:7|1:8|2:0|2:2|2:3|2:4|2:8|2:9|3:0|3:1|3:2|3:9|4:2|4:9|5:1|5:2|5:9|6:1|6:2|6:9|7:8|7:9|8:8,2213
2488,4216,0.38431357839459857,1.0,1.0,0.0,1.0,37,death,0,1,monster,0,21,15,0:0|0:1|0:2|1:2|2:2|2:3|3:1|3:2|4:2|5:0|5:1|5:2|6:0|6:1|6:2,2213
2489,4217,0.384066016504126,3.0,3.0,0.0,3.0,63,victory,1,0,,0,43,32,0:0|0:1|0:2|0:4|0:5|0:6|0:7|0:9|1:2|1:4|1:7|1:8|1:9|2:2|2:3|2:4|2:8|2:9|3:2|3:9|4:2|4:9|5:1|5:2|5:9|6:1|6:2|6:8|6:9|7:8|7:9|8:8,2213
2490,4218,0.3838184546136535,3.0,3.0,0.0,3.0,94,victory,1,0,,0,50,35,0:0|0:1|0:2|0:4|0:5|0:6|0:7|1:2|1:4|1:6|1:7|1:8|2:2|2:3|2:4|2:6|2:8|3:1|3:2|3:6|3:8|3:9|4:2|4:5|4:6|4:9|5:1|5:2|5:9|6:0|6:1|6:9|7:9|8:8|8:9,2214
2491,4219,0.3835708927231808,3.0,3.0,0.0,3.0,100,victory,1,0,,0,48,39,0:0|0:1|0:2|0:4|0:5|0:6|0:7|1:2|1:4|1:6|1:7|1:8|1:9|2:0|2:2|2:3|2:4|2:8|2:9|3:0|3:1|3:2|3:8|3:9|4:2|4:3|4:8|4:9|5:0|5:1|5:2|5:9|6:0|6:1|6:2|6:9|7:8|7:9|8:8,2214
2492,4220,0.3833233308327082,3.0,3.0,0.0,3.0,132,victory,1,0,,0,53,32,0:0|0:1|0:2|0:4|0:5|0:6|0:7|0:8|0:9|1:0|1:2|1:4|1:6|1:7|1:8|1:9|2:2|2:3|2:4|2:9|3:2|3:9|4:2|4:9|5:1|5:2|5:9|6:1|6:9|7:8|7:9|8:8,2214
2493,4221,0.3830757689422356,1.0,1.0,0.0,1.0,38,death,0,1,monster,0,26,16,0:0|0:1|0:2|1:2|2:0|2:2|3:0|3:1|3:2|4:2|4:3|5:0|5:1|5:2|6:1|6:2,2214
2494,4222,0.3828282070517629,3.0,3.0,0.0,3.0,64,victory,1,0,,0,40,33,0:0|0:1|0:2|0:4|0:5|0:6|0:7|0:8|1:2|1:4|1:6|1:7|1:8|2:2|2:3|2:4|2:6|3:2|3:6|4:2|4:5|4:6|5:1|5:2|5:6|6:1|6:2|6:6|6:7|6:8|7:6|7:8|8:8,2214
2495,4223,0.3825806451612903,3.0,3.0,0.0,3.0,71,victory,1,0,,0,41,35,0:0|0:1|0:2|0:4|0:5|0:6|0:7|0:8|0:9|1:2|1:4|1:7|1:8|1:9|2:2|2:3|2:4|2:8|2:9|3:2|3:4|3:9|4:2|4:8|4:9|5:1|5:2|5:8|5:9|6:1|6:2|6:9|7:8|7:9|8:8,2214
2496,4224,0.3823330832708177,3.0,3.0,0.0,3.0,48,victory,1,0,,0,37,29,0:0|0:1|0:2|0:4|0:5|0:6|0:7|1:2|1:4|1:7|1:8|2:2|2:3|2:4|2:8|2:9|3:2|3:9|4:2|4:3|4:9|5:1|5:2|5:9|6:1|6:9|7:8|7:9|8:8,2214
2497,4225,0.382085521380345,2.0,2.0,0.0,2.0,65,death,0,1,monster,0,39,30,0:0|0:1|0:2|0:4|0:5|0:6|0:7|1:2|1:4|1:7|1:8|2:0|2:2|2:3|2:4|2:8|2:9|3:0|3:1|3:2|3:4|3:9|4:2|4:8|4:9|5:1|5:2|5:9|6:1|6:2,2214
2498,4226,0.3818379594898724,3.0,3.0,0.0,3.0,44,victory,1,0,,0,35,29,0:0|0:1|0:2|0:4|0:5|0:6|0:7|1:2|1:4|1:6|1:7|1:8|2:2|2:3|2:4|2:8|2:9|3:2|3:9|4:2|4:9|5:2|5:9|6:1|6:2|6:9|7:8|7:9|8:8,2214
2499,4227,0.38159039759939994,2.0,2.0,0.0,2.0,88,death,0,1,monster,0,47,33,0:0|0:1|0:2|0:4|0:5|0:6|0:7|1:2|1:4|1:7|1:8|1:9|2:2|2:3|2:4|2:8|2:9|3:1|3:2|3:9|4:2|4:6|4:7|4:8|4:9|5:1|5:2|5:6|5:9|6:1|6:2|6:6|6:7,2214
2500,4228,0.38134283570892724,3.0,3.0,0.0,3.0,52,victory,1,0,,0,35,31,0:0|0:1|0:2|0:4|0:5|0:6|0:7|0:8|0:9|1:2|1:4|1:9|2:2|2:3|2:4|2:9|3:0|3:1|3:2|3:9|4:2|4:9|5:1|5:2|5:9|6:1|6:2|6:9|7:8|7:9|8:8,2214
2501,4229,0.38109527381845465,3.0,3.0,0.0,3.0,101,victory,1,0,,0,43,34,0:0|0:1|0:2|0:4|0:5|0:6|0:7|0:8|0:9|1:2|1:4|1:6|1:7|1:8|1:9|2:2|2:3|2:4|2:8|2:9|3:1|3:2|3:9|4:2|4:9|5:1|5:2|5:9|6:1|6:2|6:9|7:8|7:9|8:8,2214
2502,4230,0.38084771192798206,3.0,3.0,0.0,3.0,64,victory,1,0,,0,40,32,0:0|0:1|0:2|0:4|0:5|0:6|0:7|1:2|1:4|1:7|1:8|2:2|2:3|2:4|2:8|2:9|3:2|3:8|3:9|4:2|4:8|4:9|5:2|5:8|5:9|6:0|6:1|6:2|6:9|7:8|7:9|8:8,2214
2503,4231,0.38060015003750935,3.0,3.0,0.0,3.0,63,victory,1,0,,0,38,32,0:0|0:1|0:2|0:4|0:5|0:6|0:7|1:2|1:4|1:7|1:8|2:2|2:3|2:4|2:8|2:9|3:1|3:2|3:9|4:2|4:8|4:9|5:1|5:2|5:9|6:0|6:1|6:2|6:9|7:8|7:9|8:8,2214
2504,4232,0.38035258814703676,3.0,3.0,0.0,3.0,79,victory,1,0,,0,36,32,0:0|0:1|0:2|0:4|0:5|0:6|0:7|0:8|0:9|1:2|1:4|1:7|1:8|1:9|2:2|2:3|2:4|2:8|2:9|3:2|3:9|4:2|4:9|5:1|5:2|5:9|6:1|6:2|6:9|7:8|7:9|8:8,2214
2505,4233,0.38010502625656417,3.0,3.0,0.0,3.0,53,victory,1,0,,0,41,32,0:0|0:1|0:2|0:4|0:5|0:6|0:7|1:2|1:4|1:7|1:8|2:2|2:3|2:4|2:8|2:9|3:1|3:2|3:9|4:2|4:8|4:9|5:1|5:2|5:8|5:9|6:1|6:2|6:9|7:8|7:9|8:8,2214
2506,4234,0.37985746436609147,3.0,3.0,0.0,3.0,78,victory,1,0,,0,53,37,0:0|0:1|0:2|0:4|0:5|0:6|0:7|1:2|1:4|1:7|1:8|2:2|2:3|2:4|2:8|2:9|3:2|3:9|4:2|4:6|4:7|4:8|4:9|5:0|5:1|5:2|5:6|5:8|5:9|6:0|6:1|6:2|6:6|6:9|7:8|7:9|8:8,2214
2507,4235,0.379609902475619,3.0,3.0,0.0,3.0,70,victory,1,0,,0,39,35,0:0|0:1|0:2|0:4|0:5|0:6|0:7|0:8|0:9|1:0|1:2|1:4|1:8|1:9|2:2|2:3|2:4|2:8|2:9|3:2|3:9|4:2|4:3|4:8|4:9|5:1|5:2|5:8|5:9|6:1|6:2|6:9|7:8|7:9|8:8,2214
2508,4236,0.3793623405851463,3.0,3.0,0.0,3.0,105,victory,1,0,,0,47,35,0:0|0:1|0:2|0:4|0:5|0:6|0:7|0:8|0:9|1:2|1:4|1:6|1:8|1:9|2:2|2:3|2:4|2:8|2:9|3:2|3:9|4:2|4:9|5:0|5:1|5:2|5:9|6:0|6:1|6:2|6:9|7:0|7:8|7:9|8:8,2214
2509,4237,0.3791147786946737,3.0,3.0,0.0,3.0,56,victory,1,0,,0,36,30,0:0|0:1|0:2|0:4|0:5|0:6|0:7|1:2|1:4|1:6|1:7|1:8|2:2|2:3|2:4|2:8|2:9|3:1|3:2|3:9|4:2|4:9|5:1|5:2|5:9|6:1|6:9|7:8|7:9|8:8,2214
2510,4238,0.3788672168042011,2.0,2.0,0.0,2.0,36,death,0,1,monster,0,28,22,0:0|0:1|0:2|0:4|0:5|0:6|0:7|1:2|1:4|1:6|1:7|2:2|2:3|2:4|3:1|3:2|3:4|4:2|5:1|5:2|6:1|6:2,2214
2511,4239,0.3786196549137284,3.0,3.0,0.0,3.0,126,victory,1,0,,0,58,37,0:0|0:1|0:2|0:4|0:5|0:6|0:7|0:8|0:9|1:0|1:2|1:4|1:6|1:7|1:8|1:9|2:2|2:3|2:4|2:8|2:9|3:2|3:9|4:2|4:3|4:9|5:1|5:2|5:8|5:9|6:0|6:1|6:2|6:8|6:9|7:8|8:8,2214
2512,4240,0.3783720930232558,3.0,3.0,0.0,3.0,179,victory,1,0,,0,70,40,0:0|0:1|0:2|0:4|0:5|0:6|0:7|1:2|1:4|1:6|1:7|1:8|1:9|2:2|2:3|2:4|2:8|2:9|3:0|3:1|3:2|3:4|3:8|3:9|4:2|4:3|4:4|4:9|5:0|5:1|5:2|5:8|5:9|6:0|6:1|6:9|7:0|7:9|8:8|8:9,2214
2513,4241,0.3781245311327832,3.0,3.0,0.0,3.0,55,victory,1,0,,0,41,36,0:0|0:1|0:2|0:4|0:5|0:6|0:7|0:8|0:9|1:2|1:4|1:6|1:7|1:8|2:2|2:4|2:8|2:9|3:2|3:4|3:5|3:9|4:2|4:3|4:4|4:5|4:9|5:1|5:2|5:9|6:1|6:2|6:9|7:8|7:9|8:8,2214
2514,4242,0.3778769692423105,3.0,3.0,0.0,3.0,77,victory,1,0,,0,38,33,0:0|0:1|0:2|0:4|0:5|0:6|0:7|1:2|1:4|1:6|1:7|1:8|2:2|2:3|2:4|2:8|2:9|3:1|3:2|3:9|4:2|4:3|4:9|5:1|5:2|5:9|6:1|6:2|6:8|6:9|7:8|7:9|8:8,2214
2515,4243,0.3776294073518379,3.0,3.0,0.0,3.0,97,victory,1,0,,0,40,32,0:0|0:1|0:2|0:4|0:5|0:6|0:7|1:2|1:4|1:7|1:8|2:2|2:3|2:4|2:8|2:9|3:2|3:8|3:9|4:2|4:3|4:4|4:9|5:1|5:2|5:9|6:1|6:2|6:9|7:8|7:9|8:8,2214
2516,4244,0.37738184546136544,3.0,3.0,0.0,3.0,160,victory,1,0,,0,50,37,0:0|0:1|0:2|0:4|0:5|0:6|0:7|1:0|1:2|1:4|1:7|1:8|1:9|2:0|2:2|2:3|2:4|2:8|2:9|3:0|3:1|3:2|3:4|3:8|3:9|4:2|4:3|4:9|5:1|5:2|5:9|6:1|6:2|6:9|7:8|7:9|8:8,2214
2517,4245,0.37713428357089274,3.0,3.0,0.0,3.0,70,victory,1,0,,0,42,36,0:0|0:4|0:5|0:6|0:7|0:8|1:0|1:4|1:7|1:8|2:0|2:4|2:8|2:9|3:0|3:1|3:2|3:4|3:9|4:2|4:3|4:4|4:9|5:0|5:1|5:2|5:8|5:9|6:0|6:1|6:2|6:9|7:0|7:8|7:9|8:8,2214
2518,4246,0.37688672168042014,3.0,3.0,0.0,3.0,64,victory,1,0,,0,36,33,0:0|0:4|0:5|0:6|0:7|1:0|1:4|1:7|1:8|1:9|2:0|2:2|2:3|2:4|2:8|2:9|3:0|3:1|3:2|3:9|4:2|4:9|5:0|5:1|5:2|5:9|6:0|6:1|6:2|6:9|7:8|7:9|8:8,2214
2519,4247,0.37663915978994755,3.0,3.0,0.0,3.0,49,victory,1,0,,0,34,31,0:0|0:4|0:5|0:6|0:7|1:0|1:4|1:7|1:8|2:0|2:2|2:3|2:4|2:8|2:9|3:0|3:1|3:2|3:9|4:2|4:9|5:1|5:2|5:9|6:1|6:2|6:9|7:8|7:9|8:8|8:9,2214
2520,4248,0.37639159789947485,1.0,1.0,0.0,1.0,36,death,0,1,monster,0,23,15,0:0|1:0|1:2|2:0|2:2|2:3|2:4|3:0|3:1|3:2|4:2|5:1|5:2|6:1|6:2,2214
2521,4249,0.37614403600900226,3.0,3.0,0.0,3.0,109,victory,1,0,,0,45,33,0:0|0:1|0:2|0:4|0:5|0:6|0:7|1:0|1:2|1:4|1:7|1:8|2:0|2:2|2:3|2:4|2:8|2:9|3:0|3:1|3:2|3:8|3:9|4:2|4:9|5:2|5:9|6:1|6:2|6:9|7:9|8:8|8:9,2214
2522,4250,0.37589647411852967,1.0,1.0,0.0,1.0,46,death,0,1,monster,0,21,15,0:0|0:1|1:0|1:4|2:0|2:2|2:3|2:4|3:0|3:1|3:2|4:2|5:1|5:2|6:1,2214
2523,4251,0.37564891222805696,3.0,3.0,0.0,3.0,58,victory,1,0,,0,40,33,0:0|0:6|0:7|1:0|1:6|1:7|1:8|2:0|2:6|2:8|2:9|3:0|3:1|3:2|3:6|3:9|4:2|4:3|4:4|4:5|4:6|4:7|4:9|5:1|5:2|5:4|5:9|6:1|6:2|6:9|7:8|7:9|8:8,2214
2524,4252,0.37540135033758437,2.0,2.0,0.0,2.0,140,death,0,1,monster,0,44,32,0:0|0:1|0:2|0:4|0:5|0:6|0:7|0:8|1:2|1:4|1:8|2:2|2:3|2:4|2:8|2:9|3:2|3:9|4:2|4:9|5:1|5:2|5:8|5:9|6:1|6:2|6:7|6:8|6:9|7:8|7:9|8:9,2214
2525,4253,0.3751537884471118,3.0,3.0,0.0,3.0,159,victory,1,0,,0,61,36,0:0|0:1|0:2|0:4|0:5|0:6|0:7|0:8|0:9|1:2|1:4|1:7|1:8|1:9|2:2|2:3|2:4|2:8|2:9|3:1|3:2|3:4|3:9|4:2|4:3|4:9|5:1|5:2|5:9|6:1|6:2|6:8|6:9|7:8|7:9|8:8,2214
2526,4254,0.3749062265566392,3.0,3.0,0.0,3.0,87,victory,1,0,,0,44,34,0:0|0:1|0:2|0:4|0:5|0:6|0:7|0:8|1:2|1:4|1:7|1:8|1:9|2:2|2:3|2:4|2:8|2:9|3:2|3:9|4:2|4:3|4:9|5:1|5:2|5:9|6:1|6:2|6:3|6:4|6:9|7:9|8:8|8:9,2214
2527,4255,0.3746586646661666,3.0,3.0,0.0,3.0,99,victory,1,0,,0,38,31,0:0|0:1|0:2|0:4|0:5|0:6|0:7|1:2|1:4|1:7|1:8|2:2|2:3|2:4|2:8|3:2|3:8|3:9|4:2|4:3|4:9|5:1|5:2|5:9|6:1|6:2|6:3|6:9|7:8|7:9|8:8,2214
2528,4256,0.3744111027756939,2.0,2.0,0.0,2.0,77,death,0,1,monster,0,37,28,0:0|0:1|0:2|0:4|0:5|0:6|0:7|0:8|1:2|1:4|1:6|1:7|1:8|2:2|2:3|2:4|2:8|3:1|3:2|4:2|5:0|5:1|5:2|6:0|6:1|6:2|7:0|8:0,2214
2529,4257,0.3741635408852213,3.0,3.0,0.0,3.0,88,victory,1,0,,0,42,37,0:0|0:1|0:2|0:4|0:5|0:6|0:7|0:8|1:0|1:4|1:7|1:8|2:0|2:2|2:3|2:4|2:8|2:9|3:0|3:1|3:2|3:9|4:2|4:7|4:8|4:9|5:0|5:1|5:2|5:8|5:9|6:0|6:1|6:9|7:8|7:9|8:8,2214
2530,4258,0.3739159789947487,2.0,2.0,0.0,2.0,55,death,0,1,monster,0,39,35,0:0|0:4|0:5|0:6|0:7|1:0|1:4|1:6|1:7|1:8|2:0|2:4|2:8|2:9|3:0|3:1|3:2|3:4|3:9|4:2|4:3|4:4|4:5|4:8|4:9|5:1|5:2|5:4|5:9|6:1|6:2|6:3|6:8|6:9|7:8,2214
2531,4259,0.373668417104276,1.0,1.0,0.0,1.0,32,death,0,1,monster,0,24,19,0:0|0:1|0:2|0:4|0:5|0:6|1:2|1:4|1:6|2:2|2:3|2:4|2:6|3:2|4:2|5:1|5:2|6:1|6:2,2214
2532,4260,0.3734208552138034,3.0,3.0,0.0,3.0,74,victory,1,0,,0,44,39,0:0|0:1|0:2|0:4|0:5|0:6|0:7|0:8|0:9|1:0|1:4|1:6|1:7|1:8|1:9|2:0|2:2|2:3|2:4|2:8|2:9|3:0|3:1|3:2|3:9|4:2|4:8|4:9|5:1|5:2|5:8|5:9|6:1|6:2|6:3|6:9|7:9|8:8|8:9,2214
2533,4261,0.3731732933233308,3.0,3.0,0.0,3.0,108,victory,1,0,,0,46,32,0:0|0:1|0:2|0:4|0:5|0:6|0:7|1:2|1:4|1:7|1:8|2:2|2:3|2:4|2:8|2:9|3:0|3:1|3:2|3:9|4:2|4:9|5:0|5:1|5:2|5:9|6:0|6:1|6:9|7:8|7:9|8:8,2214
2534,4262,0.37292573143285823,1.0,1.0,0.0,1.0,93,death,0,1,monster,0,32,19,0:0|0:1|0:2|1:0|1:2|2:0|2:2|2:3|3:0|3:1|3:2|4:2|4:3|5:0|5:1|5:2|6:0|6:1|6:2,2214
2535,4263,0.37267816954238564,3.0,3.0,0.0,3.0,59,victory,1,0,,0,37,30,0:0|0:4|0:5|0:6|0:7|1:0|1:2|1:4|1:7|1:8|2:0|2:2|2:3|2:4|2:8|2:9|3:0|3:1|3:2|3:9|4:2|4:9|5:2|5:9|6:1|6:2|6:9|7:8|7:9|8:8,2214
2536,4264,0.37243060765191305,3.0,3.0,0.0,3.0,115,victory,1,0,,0,50,34,0:0|0:2|0:4|0:5|0:6|0:7|1:0|1:2|1:4|1:7|1:8|2:0|2:2|2:3|2:4|2:8|3:0|3:1|3:2|3:8|3:9|4:2|4:3|4:9|5:1|5:2|5:9|6:0|6:1|6:2|6:9|7:8|7:9|8:8,2214
2537,4265,0.37218304576144035,3.0,3.0,0.0,3.0,64,victory,1,0,,0,34,30,0:0|0:4|0:5|0:6|0:7|1:0|1:4|1:7|1:8|2:0|2:2|2:3|2:4|2:8|2:9|3:0|3:1|3:2|3:9|4:2|4:3|4:9|5:2|5:9|6:1|6:2|6:9|7:8|7:9|8:8,2214
2538,4266,0.37193548387096775,3.0,3.0,0.0,3.0,72,victory,1,0,,0,48,35,0:0|0:4|0:5|0:6|0:7|0:9|1:0|1:4|1:7|1:8|1:9|2:0|2:2|2:3|2:4|2:8|2:9|3:0|3:1|3:2|3:8|3:9|4:2|4:3|4:8|4:9|5:2|5:9|6:1|6:2|6:8|6:9|7:8|7:9|8:8,2214
2539,4267,0.37168792198049516,3.0,3.0,0.0,3.0,41,victory,1,0,,0,33,29,0:0|0:4|0:5|0:6|0:7|1:0|1:4|1:7|1:8|1:9|2:0|2:2|2:3|2:4|2:9|3:0|3:1|3:2|3:9|4:2|4:9|5:2|5:9|6:1|6:2|6:9|7:8|7:9|8:8,2214
2540,4268,0.37144036009002246,3.0,3.0,0.0,3.0,52,victory,1,0,,0,38,33,0:0|0:1|0:2|0:4|0:5|0:6|0:7|1:0|1:2|1:4|1:7|1:8|2:0|2:2|2:3|2:4|2:8|2:9|3:0|3:1|3:2|3:9|4:2|4:9|5:1|5:2|5:9|6:1|6:2|6:9|7:8|7:9|8:8,2214
2541,4269,0.37119279819954987,3.0,3.0,0.0,3.0,57,victory,1,0,,0,39,32,0:0|0:4|0:5|0:6|0:7|0:8|1:0|1:2|1:4|1:8|2:0|2:2|2:3|2:4|2:8|2:9|3:0|3:1|3:2|3:9|4:2|4:8|4:9|5:1|5:2|5:8|5:9|6:1|6:9|7:9|8:8|8:9,2214
2542,4270,0.3709452363090773,3.0,3.0,0.0,3.0,51,victory,1,0,,0,40,33,0:0|0:4|0:5|0:6|0:7|1:0|1:4|1:6|1:7|1:8|1:9|2:0|2:2|2:3|2:4|2:9|3:0|3:1|3:2|3:8|3:9|4:2|4:8|4:9|5:1|5:2|5:9|6:1|6:2|6:9|7:8|7:9|8:8,2214
2543,4271,0.3706976744186047,3.0,3.0,0.0,3.0,46,victory,1,0,,0,34,30,0:0|0:4|0:5|0:6|0:7|1:0|1:4|1:7|1:8|2:0|2:2|2:3|2:4|2:8|2:9|3:0|3:1|3:2|3:9|4:2|4:3|4:9|5:1|5:2|5:9|6:1|6:9|7:8|7:9|8:8,2214
2544,4272,0.3704501125281321,3.0,3.0,0.0,3.0,60,victory,1,0,,0,37,30,0:0|0:1|0:2|0:4|0:5|0:6|0:7|0:9|1:2|1:4|1:7|1:8|1:9|2:2|2:3|2:4|2:9|3:1|3:2|3:9|4:2|4:9|5:1|5:2|5:9|6:1|6:9|7:8|7:9|8:8,2214
2545,4273,0.3702025506376594,3.0,3.0,0.0,3.0,60,victory,1,0,,0,36,32,0:0|0:4|0:5|0:6|0:7|1:0|1:4|1:7|1:8|1:9|2:0|2:2|2:3|2:4|2:8|2:9|3:0|3:1|3:2|3:4|3:9|4:2|4:9|5:1|5:2|5:9|6:1|6:8|6:9|7:8|7:9|8:8,2214
2546,4274,0.3699549887471868,1.0,1.0,0.0,1.0,37,death,0,1,monster,0,22,13,0:0|0:1|0:2|1:2|2:2|3:1|3:2|4:2|4:3|5:2|6:1|6:2|6:3,2214
2547,4275,0.3697074268567142,3.0,3.0,0.0,3.0,67,victory,1,0,,0,43,32,0:0|0:4|0:5|0:6|0:7|1:0|1:2|1:4|1:7|1:8|2:0|2:2|2:3|2:4|2:8|2:9|3:0|3:1|3:2|3:9|4:2|4:9|5:1|5:2|5:9|6:1|6:2|6:3|6:8|6:9|7:8|8:8,2214
2548,4276,0.3694598649662415,3.0,3.0,0.0,3.0,84,victory,1,0,,0,51,33,0:0|0:1|0:2|0:4|0:5|0:6|0:7|1:0|1:2|1:4|1:7|1:8|2:2|2:3|2:4|2:8|2:9|3:1|3:2|3:9|4:2|4:9|5:0|5:1|5:2|5:9|6:0|6:1|6:9|7:0|7:8|7:9|8:8,2214
2549,4277,0.3692123030757689,2.0,2.0,0.0,2.0,64,death,0,1,monster,0,41,29,0:0|0:4|0:5|0:6|0:7|0:8|0:9|1:0|1:2|1:4|1:7|1:8|1:9|2:0|2:2|2:3|2:4|2:8|2:9|3:0|3:1|3:2|3:9|4:2|4:3|5:1|5:2|6:1|6:2,2214
2550,4278,0.3689647411852963,3.0,3.0,0.0,3.0,82,victory,1,0,,0,38,31,0:0|0:4|0:5|0:6|0:7|0:8|1:0|1:4|1:8|2:0|2:2|2:3|2:4|2:8|2:9|3:0|3:1|3:2|3:9|4:2|4:9|5:1|5:2|5:9|6:1|6:2|6:9|7:9|8:8|8:9|9:9,2214
2551,4279,0.3687171792948237,3.0,3.0,0.0,3.0,102,victory,1,0,,0,38,31,0:0|0:4|0:5|0:6|0:7|0:8|1:0|1:4|1:8|2:0|2:2|2:3|2:4|2:8|2:9|3:0|3:1|3:2|3:9|4:2|4:3|4:9|5:1|5:2|5:9|6:1|6:2|6:9|7:8|7:9|8:8,2214
2552,4280,0.36846961740435114,3.0,3.0,0.0,3.0,64,victory,1,0,,0,35,31,0:0|0:4|0:5|0:6|0:7|1:0|1:4|1:6|1:7|1:8|1:9|2:0|2:2|2:3|2:4|2:8|2:9|3:0|3:1|3:2|3:9|4:2|4:9|5:1|5:2|5:9|6:1|6:9|7:9|8:8|8:9,2214
2553,4281,0.36822205551387854,3.0,3.0,0.0,3.0,55,victory,1,0,,0,35,30,0:0|0:4|0:5|0:6|0:7|1:0|1:4|1:7|1:8|2:0|2:2|2:3|2:4|2:8|2:9|3:0|3:1|3:2|3:9|4:2|4:9|5:1|5:2|5:9|6:1|6:8|6:9|7:8|7:9|8:8,2214
2554,4282,0.36797449362340584,3.0,3.0,0.0,3.0,56,victory,1,0,,0,36,29,0:0|0:4|0:5|0:6|0:7|0:8|0:9|1:0|1:4|1:9|2:0|2:2|2:3|2:4|2:9|3:0|3:1|3:2|3:9|4:2|4:9|5:1|5:2|5:9|6:1|6:9|7:8|7:9|8:8,2214
2555,4283,0.36772693173293325,1.0,1.0,0.0,1.0,56,death,0,1,monster,0,26,20,0:0|0:4|0:5|0:6|1:0|1:2|1:4|2:0|2:2|2:3|2:4|3:0|3:1|3:2|4:2|5:0|5:1|5:2|6:0|6:1,2214
2556,4284,0.36747936984246066,3.0,3.0,0.0,3.0,128,victory,1,0,,0,60,40,0:0|0:7|1:0|1:2|1:6|1:7|2:0|2:2|2:3|2:4|2:6|3:0|3:1|3:2|3:6|4:2|4:3|4:4|4:5|4:6|5:2|5:4|5:6|6:1|6:2|6:3|6:4|6:6|6:7|6:8|7:3|7:8|8:3|8:4|8:7|8:8|9:4|9:5|9:6|9:7,2214
2557,4285,0.36723180795198795,1.0,1.0,0.0,1.0,42,death,0,1,monster,0,29,15,0:0|0:2|1:0|1:2|2:0|2:2|3:0|3:1|3:2|4:2|4:3|5:1|5:2|6:0|6:1,2214
2558,4286,0.36698424606151536,3.0,3.0,0.0,3.0,77,victory,1,0,,0,36,30,0:0|0:4|0:5|0:6|0:7|1:0|1:4|1:7|1:8|1:9|2:0|2:2|2:3|2:4|2:8|2:9|3:0|3:1|3:2|3:9|4:2|4:9|5:1|5:2|5:9|6:1|6:9|7:8|7:9|8:8,2214
2559,4287,0.36673668417104277,3.0,3.0,0.0,3.0,51,victory,1,0,,0,36,31,0:0|0:4|0:5|0:6|0:7|1:0|1:4|1:7|1:8|1:9|2:0|2:2|2:3|2:4|2:8|2:9|3:0|3:1|3:2|3:9|4:2|4:9|5:1|5:2|5:9|6:1|6:2|6:9|7:8|7:9|8:8,2214
2560,4288,0.3664891222805702,2.0,2.0,0.0,2.0,93,death,0,1,monster,0,40,32,0:0|0:4|0:5|0:6|0:7|0:8|1:0|1:2|1:4|1:7|1:8|2:0|2:2|2:3|2:4|2:8|2:9|3:0|3:1|3:2|3:9|4:2|4:9|5:1|5:2|5:8|5:9|6:1|6:2|6:9|7:8|7:9,2214
2561,4289,0.3662415603900976,3.0,3.0,0.0,3.0,48,victory,1,0,,0,35,29,0:0|0:4|0:5|0:6|0:7|1:0|1:4|1:7|1:8|2:0|2:2|2:3|2:4|2:8|2:9|3:0|3:1|3:2|3:9|4:2|4:9|5:1|5:2|5:9|6:1|6:8|6:9|7:8|8:8,2214
2562,4290,0.365993998499625,2.0,2.0,0.0,2.0,86,death,0,1,monster,0,55,33,0:0|0:4|0:5|0:6|0:7|0:8|0:9|1:0|1:4|1:6|1:7|1:8|1:9|2:0|2:2|2:3|2:4|2:6|2:8|2:9|3:0|3:1|3:2|3:8|3:9|4:2|4:7|4:8|4:9|5:1|5:2|5:9|6:1,2214
2563,4291,0.3657464366091523,3.0,3.0,0.0,3.0,91,victory,1,0,,0,52,34,0:0|0:4|0:5|0:6|0:7|1:0|1:2|1:4|1:6|1:7|1:8|1:9|2:0|2:2|2:3|2:4|2:8|2:9|3:0|3:1|3:2|3:9|4:2|4:8|4:9|5:1|5:2|5:8|5:9|6:1|6:8|6:9|7:8|8:8,2214
2564,4292,0.3654988747186797,3.0,3.0,0.0,3.0,63,victory,1,0,,0,33,29,0:0|0:4|0:5|0:6|0:7|1:0|1:4|1:7|1:8|2:0|2:2|2:3|2:4|2:8|2:9|3:0|3:1|3:2|3:9|4:2|4:9|5:1|5:2|5:9|6:1|6:8|6:9|7:8|8:8,2214
2565,4293,0.365251312828207,2.0,2.0,0.0,2.0,43,death,0,1,monster,0,28,23,0:0|0:4|0:5|0:6|0:7|1:0|1:4|1:7|1:8|2:0|2:2|2:3|2:4|2:8|3:0|3:1|3:2|4:2|5:0|5:1|5:2|6:0|6:1,2214
2566,4294,0.3650037509377344,3.0,3.0,0.0,3.0,76,victory,1,0,,0,41,33,0:0|0:4|0:5|0:6|0:7|0:8|1:0|1:4|1:6|1:7|1:8|2:0|2:2|2:3|2:4|2:8|2:9|3:0|3:1|3:2|3:4|3:9|4:2|4:8|4:9|5:1|5:2|5:9|6:1|6:8|6:9|7:8|8:8,2214
2567,4295,0.3647561890472618,1.0,1.0,0.0,1.0,33,death,0,1,monster,0,25,16,0:0|1:0|1:4|2:0|2:2|2:3|2:4|3:0|3:1|3:2|4:2|5:0|5:1|5:2|6:0|6:1,2214
2568,4296,0.3645086271567891,3.0,3.0,0.0,3.0,77,victory,1,0,,0,38,33,0:0|0:4|0:5|0:6|0:7|1:0|1:4|1:7|1:8|2:0|2:2|2:3|2:4|2:8|2:9|3:0|3:1|3:2|3:8|3:9|4:2|4:9|5:0|5:1|5:2|5:9|6:0|6:1|6:2|6:9|7:8|7:9|8:8,2214
2569,4297,0.36426106526631663,3.0,3.0,0.0,3.0,58,victory,1,0,,0,42,33,0:0|0:1|0:2|0:4|0:5|0:6|0:7|1:2|1:4|1:7|1:8|2:2|2:3|2:4|2:8|2:9|3:1|3:2|3:4|3:8|3:9|4:2|4:3|4:4|4:9|5:1|5:2|5:9|6:1|6:9|7:8|7:9|8:8,2214
2570,4298,0.36401350337584404,0.0,0.0,0.0,0.0,23,death,0,1,monster,0,11,8,0:0|1:0|1:2|2:0|2:2|3:0|3:1|3:2,2214
2571,4299,0.36376594148537134,2.0,2.0,0.0,2.0,78,death,0,1,monster,0,45,25,0:0|0:4|0:5|0:6|0:7|1:0|1:4|1:6|1:7|1:8|1:9|2:0|2:2|2:3|2:4|2:6|2:8|3:0|3:1|3:2|4:2|4:3|5:1|5:2|6:1,2214
2572,4300,0.36351837959489874,2.0,2.0,0.0,2.0,119,death,0,1,monster,0,52,23,0:0|0:2|0:4|0:5|0:6|0:7|1:0|1:2|1:4|1:6|1:7|1:8|2:0|2:2|2:3|2:4|3:0|3:1|3:2|4:2|5:1|5:2|6:1,2214
2573,4301,0.36327081770442615,3.0,3.0,0.0,3.0,46,victory,1,0,,0,36,31,0:0|0:4|0:5|0:6|0:7|1:0|1:4|1:7|1:8|2:0|2:2|2:3|2:4|2:8|2:9|3:0|3:1|3:2|3:9|4:2|4:8|4:9|5:1|5:2|5:9|6:1|6:2|6:8|6:9|7:8|8:8,2214
2574,4302,0.36302325581395345,3.0,3.0,0.0,3.0,69,victory,1,0,,0,38,33,0:0|0:4|0:5|0:6|0:7|0:8|1:0|1:2|1:4|1:7|1:8|2:0|2:2|2:3|2:4|2:8|2:9|3:0|3:1|3:2|3:4|3:9|4:2|4:9|5:1|5:2|5:9|6:1|6:2|6:9|7:8|7:9|8:8,2214
2575,4303,0.36277569392348086,3.0,3.0,0.0,3.0,84,victory,1,0,,0,43,34,0:0|0:4|0:5|0:6|0:7|1:0|1:4|1:7|1:8|2:0|2:2|2:3|2:4|2:8|2:9|3:0|3:1|3:2|3:8|3:9|4:2|4:9|5:0|5:1|5:2|5:8|5:9|6:0|6:1|6:9|7:0|7:8|7:9|8:8,2214
2576,4304,0.36252813203300827,1.0,1.0,0.0,1.0,48,death,0,1,monster,0,27,16,0:0|0:1|0:2|1:2|1:4|2:2|2:3|2:4|3:1|3:2|4:2|4:3|5:1|5:2|6:1|6:2,2214
2577,4305,0.36228057014253556,2.0,2.0,0.0,2.0,87,death,0,1,monster,0,34,26,0:0|0:4|0:5|0:6|0:7|1:0|1:4|1:7|1:8|2:0|2:2|2:3|2:4|2:8|2:9|3:0|3:1|3:2|3:9|4:2|4:3|4:8|4:9|5:1|5:2|6:1,2214
2578,4306,0.3620330082520631,3.0,3.0,0.0,3.0,81,victory,1,0,,0,42,33,0:0|0:4|0:5|0:6|0:7|0:8|1:0|1:4|1:7|1:8|1:9|2:0|2:2|2:3|2:4|2:8|2:9|3:0|3:1|3:2|3:8|3:9|4:2|4:3|4:9|5:1|5:2|5:9|6:1|6:9|7:8|7:9|8:8,2214
2579,4307,0.3617854463615905,1.0,1.0,0.0,1.0,41,death,0,1,monster,0,26,19,0:0|0:4|1:0|1:4|2:0|2:2|2:3|2:4|3:0|3:1|3:2|3:4|4:2|5:0|5:1|5:2|6:0|6:1|6:2,2214
2580,4308,0.3615378844711178,3.0,3.0,0.0,3.0,101,victory,1,0,,0,37,29,0:0|0:4|0:5|0:6|0:7|0:8|1:0|1:4|1:8|2:0|2:2|2:3|2:4|2:8|2:9|3:0|3:1|3:2|3:9|4:2|4:9|5:1|5:2|5:9|6:1|6:9|7:8|7:9|8:8,2214
2581,4309,0.3612903225806452,3.0,3.0,0.0,3.0,65,victory,1,0,,0,40,34,0:0|0:4|0:5|0:6|0:7|0:8|1:0|1:4|1:7|1:8|2:0|2:2|2:3|2:4|2:8|2:9|3:0|3:1|3:2|3:4|3:9|4:2|4:3|4:4|4:9|5:1|5:2|5:4|5:9|6:1|6:9|7:8|7:9|8:8,2214
2582,4310,0.3610427606901725,2.0,2.0,0.0,2.0,35,death,0,1,monster,0,24,21,0:0|0:4|0:5|0:6|0:7|0:8|1:0|1:2|1:4|2:0|2:2|2:3|2:4|3:0|3:1|3:2|4:2|5:1|5:2|6:1|6:2,2214
2583,4311,0.3607951987996999,3.0,3.0,0.0,3.0,62,victory,1,0,,0,36,30,0:0|0:4|0:5|0:6|0:7|1:0|1:4|1:7|1:8|1:9|2:0|2:2|2:3|2:4|2:8|2:9|3:0|3:1|3:2|3:9|4:2|4:9|5:1|5:2|5:9|6:1|6:9|7:8|7:9|8:8,2214
2584,4312,0.3605476369092273,3.0,3.0,0.0,3.0,45,victory,1,0,,0,38,32,0:0|0:4|0:5|0:6|0:7|1:0|1:4|1:7|1:8|2:0|2:2|2:3|2:4|2:8|2:9|3:0|3:1|3:2|3:4|3:5|3:8|3:9|4:2|4:9|5:1|5:2|5:9|6:1|6:9|7:8|7:9|8:8,2214
2585,4313,0.3603000750187546,3.0,3.0,0.0,3.0,95,victory,1,0,,0,45,34,0:0|0:1|0:2|0:4|0:5|0:6|0:7|0:8|1:0|1:2|1:4|1:6|1:8|2:0|2:2|2:3|2:4|2:8|2:9|3:0|3:1|3:2|3:9|4:2|4:8|4:9|5:1|5:2|5:9|6:1|6:9|7:8|7:9|8:8,2214
2586,4314,0.360052513128282,3.0,3.0,0.0,3.0,64,victory,1,0,,0,38,32,0:0|0:4|0:5|0:6|0:7|1:0|1:4|1:6|1:7|1:8|2:0|2:2|2:3|2:4|2:8|2:9|3:0|3:1|3:2|3:9|4:2|4:9|5:1|5:2|5:9|6:1|6:2|6:8|6:9|7:8|7:9|8:8,2214
2587,4315,0.35980495123780953,3.0,3.0,0.0,3.0,102,victory,1,0,,0,56,39,0:0|0:4|0:5|0:6|0:7|0:8|1:0|1:4|1:6|1:7|2:0|2:2|2:3|2:4|3:0|3:1|3:2|3:4|3:5|3:6|4:2|4:5|4:6|4:7|4:8|5:0|5:1|5:2|5:6|5:8|5:9|6:0|6:1|6:2|6:9|7:0|7:8|7:9|8:8,2214
2588,4316,0.35955738934733683,2.0,2.0,0.0,2.0,35,death,0,1,monster,0,27,21,0:0|0:4|0:5|0:6|0:7|1:0|1:4|1:7|1:8|2:0|2:2|2:3|2:4|2:8|3:0|3:1|3:2|4:2|5:1|5:2|6:1,2214
2589,4317,0.35930982745686424,3.0,3.0,0.0,3.0,98,victory,1,0,,0,49,33,0:0|0:4|0:5|0:6|0:7|1:0|1:4|1:6|1:7|1:8|1:9|2:0|2:2|2:3|2:4|2:6|2:8|2:9|3:0|3:1|3:2|3:4|3:9|4:2|4:9|5:1|5:2|5:9|6:1|6:8|6:9|7:8|8:8,2214
2590,4318,0.35906226556639165,3.0,3.0,0.0,3.0,59,victory,1,0,,0,37,32,0:0|0:4|0:5|0:6|0:7|1:0|1:4|1:7|1:8|1:9|2:0|2:2|2:3|2:4|2:8|2:9|3:0|3:1|3:2|3:8|3:9|4:2|4:9|5:1|5:2|5:9|6:1|6:2|6:9|7:8|7:9|8:8,2214
2591,4319,0.35881470367591894,3.0,3.0,0.0,3.0,90,victory,1,0,,0,40,32,0:0|0:4|0:5|0:6|0:7|1:0|1:2|1:4|1:6|1:7|1:8|2:0|2:2|2:3|2:4|2:8|2:9|3:0|3:1|3:2|3:8|3:9|4:2|4:9|5:1|5:2|5:9|6:1|6:9|7:8|7:9|8:8,2214
2592,4320,0.35856714178544635,0.0,0.0,0.0,0.0,11,death,0,1,monster,0,9,9,0:0|1:0|2:0|2:2|3:0|3:1|3:2|4:2|4:3,2214
2593,4321,0.35831957989497376,1.0,1.0,0.0,1.0,97,death,0,1,monster,0,38,22,0:0|0:1|0:2|1:0|1:2|1:4|2:0|2:2|2:3|2:4|3:0|3:1|3:2|3:4|4:2|4:3|4:4|5:1|5:2|5:4|6:1|6:2,2214
2594,4322,0.35807201800450106,3.0,3.0,0.0,3.0,44,victory,1,0,,0,36,30,0:0|0:4|0:5|0:6|0:7|1:0|1:4|1:7|1:8|2:0|2:2|2:3|2:4|2:8|3:0|3:1|3:2|3:4|3:8|3:9|4:2|4:9|5:1|5:2|5:9|6:1|6:9|7:8|7:9|8:8,2214
2595,4323,0.35782445611402847,3.0,3.0,0.0,3.0,86,victory,1,0,,0,45,38,0:0|0:7|1:0|1:6|1:7|2:0|2:2|2:3|2:4|2:6|3:0|3:1|3:2|3:4|3:6|4:2|4:4|4:6|5:1|5:2|5:4|5:6|6:1|6:3|6:4|6:6|6:7|6:8|7:3|7:8|8:3|8:8|9:3|9:4|9:5|9:6|9:7|9:8,2214
2596,4324,0.357576894223556,3.0,3.0,0.0,3.0,94,victory,1,0,,0,45,37,0:0|0:4|0:5|0:6|0:7|0:8|1:0|1:4|1:6|1:7|1:8|1:9|2:0|2:2|2:3|2:4|2:8|2:9|3:0|3:1|3:2|3:4|3:5|3:8|3:9|4:2|4:9|5:0|5:1|5:2|5:9|6:0|6:1|6:9|7:8|7:9|8:8,2214
2597,4325,0.3573293323330833,1.0,1.0,0.0,1.0,27,death,0,1,monster,0,23,16,0:0|1:0|2:0|3:0|3:1|3:2|4:2|5:0|5:1|5:2|6:0|6:1|6:2|6:3|6:4|7:0,2214
2598,4326,0.3570817704426107,1.0,1.0,0.0,1.0,34,death,0,1,monster,0,25,14,0:0|0:1|0:2|1:0|1:2|2:0|2:2|3:0|3:1|3:2|4:2|5:1|5:2|6:1,2214
2599,4327,0.3568342085521381,3.0,3.0,0.0,3.0,83,victory,1,0,,0,42,30,0:0|0:4|0:5|0:6|0:7|1:0|1:4|1:7|1:8|2:0|2:2|2:3|2:4|2:8|3:0|3:1|3:2|3:4|3:8|3:9|4:2|4:9|5:1|5:2|5:9|6:1|6:9|7:8|7:9|8:8,2214
2600,4328,0.3565866466616654,3.0,3.0,0.0,3.0,113,victory,1,0,,0,56,38,0:0|0:2|0:4|0:5|0:6|0:7|0:8|1:0|1:2|1:4|1:8|1:9|2:0|2:2|2:3|2:4|2:8|3:0|3:1|3:2|3:8|3:9|4:2|4:8|4:9|5:0|5:1|5:2|5:8|5:9|6:0|6:1|6:2|6:9|7:0|7:8|7:9|8:8,2214
2601,4329,0.3563390847711928,3.0,3.0,0.0,3.0,122,victory,1,0,,0,53,42,0:0|0:4|0:5|0:6|0:7|1:0|1:2|1:4|1:7|1:8|2:0|2:2|2:3|2:4|2:8|2:9|3:0|3:1|3:2|3:4|3:8|3:9|4:2|4:3|4:4|4:7|4:8|4:9|5:1|5:2|5:4|5:8|5:9|6:1|6:2|6:3|6:4|6:9|7:3|7:9|8:8|8:9,2214
2602,4330,0.3560915228807201,3.0,3.0,0.0,3.0,64,victory,1,0,,0,41,30,0:0|0:4|0:5|0:6|0:7|1:0|1:4|1:7|1:8|2:0|2:2|2:3|2:4|2:8|3:0|3:1|3:2|3:8|3:9|4:2|4:3|4:9|5:1|5:2|5:9|6:1|6:9|7:9|8:8|8:9,2214
2603,4331,0.3558439609902475,3.0,3.0,0.0,3.0,69,victory,1,0,,0,44,33,0:0|0:4|0:5|0:6|0:7|0:8|0:9|1:0|1:4|1:8|1:9|2:0|2:2|2:3|2:4|2:8|2:9|3:0|3:1|3:2|3:8|3:9|4:2|4:3|4:9|5:1|5:2|5:9|6:1|6:9|7:8|7:9|8:8,2214
2604,4332,0.35559639909977503,2.0,2.0,0.0,2.0,46,death,0,1,monster,0,28,25,0:0|0:4|0:5|0:6|0:7|1:0|1:4|1:6|1:7|1:8|2:0|2:2|2:3|2:4|3:0|3:1|3:2|4:2|5:1|5:2|6:0|6:1|6:2|6:3|7:3,2214
2605,4333,0.3553488372093023,3.0,3.0,0.0,3.0,67,victory,1,0,,0,37,32,0:0|0:4|0:5|0:6|0:7|1:0|1:4|1:7|1:8|2:0|2:2|2:3|2:4|2:8|2:9|3:0|3:1|3:2|3:9|4:2|4:9|5:0|5:1|5:2|5:9|6:0|6:1|6:2|6:9|7:9|8:8|8:9,2214
2606,4334,0.35510127531882973,3.0,3.0,0.0,3.0,61,victory,1,0,,0,39,32,0:0|0:4|0:5|0:6|0:7|1:0|1:4|1:7|1:8|2:0|2:2|2:3|2:4|2:8|3:0|3:1|3:2|3:8|3:9|4:2|4:3|4:9|5:0|5:1|5:2|5:9|6:0|6:1|6:9|7:8|7:9|8:8,2214
2607,4335,0.35485371342835714,3.0,3.0,0.0,3.0,59,victory,1,0,,0,35,31,0:0|0:1|0:4|0:5|0:6|0:7|1:0|1:4|1:7|1:8|2:0|2:2|2:3|2:4|2:8|3:0|3:1|3:2|3:4|3:8|3:9|4:2|4:9|5:1|5:2|5:9|6:1|6:9|7:8|7:9|8:8,2214
2608,4336,0.35460615153788444,2.0,2.0,0.0,2.0,57,death,0,1,monster,0,38,25,0:0|0:4|0:5|0:6|0:7|1:0|1:2|1:4|2:0|2:2|2:3|2:4|3:0|3:1|3:2|3:4|3:5|4:2|4:4|4:5|5:0|5:1|5:2|6:0|6:1,2214
2609,4337,0.35435858964741185,3.0,3.0,0.0,3.0,59,victory,1,0,,0,36,32,0:0|0:4|0:5|0:6|0:7|1:0|1:4|1:7|1:8|2:0|2:2|2:3|2:4|2:8|3:0|3:1|3:2|3:8|3:9|4:2|4:8|4:9|5:0|5:1|5:2|5:9|6:0|6:1|6:9|7:8|7:9|8:8,2214
2610,4338,0.35411102775693926,3.0,3.0,0.0,3.0,60,victory,1,0,,0,40,32,0:0|0:1|0:4|0:5|0:6|0:7|0:8|1:0|1:4|1:7|1:8|2:0|2:2|2:3|2:4|2:8|3:0|3:1|3:2|3:8|3:9|4:2|4:9|5:1|5:2|5:9|6:1|6:2|6:9|7:8|7:9|8:8,2214
2611,4339,0.35386346586646655,0.0,0.0,0.0,0.0,61,death,0,1,monster,0,21,13,0:0|0:1|0:2|1:0|1:2|2:0|2:2|3:0|3:1|3:2|4:2|4:3|5:2,2214
2612,4340,0.35361590397599396,3.0,3.0,0.0,3.0,45,victory,1,0,,0,33,29,0:0|0:4|0:5|0:6|0:7|1:0|1:4|1:7|1:8|2:0|2:2|2:3|2:4|2:8|3:0|3:1|3:2|3:8|4:2|4:8|4:9|5:1|5:2|5:9|6:1|6:9|7:8|7:9|8:8,2214
2613,4341,0.3533683420855215,3.0,3.0,0.0,3.0,44,victory,1,0,,0,34,30,0:0|0:4|0:5|0:6|0:7|1:0|1:4|1:7|1:8|2:0|2:2|2:3|2:4|2:8|2:9|3:0|3:1|3:2|3:8|3:9|4:2|4:9|5:1|5:2|5:9|6:1|6:9|7:8|7:9|8:8,2214
2614,4342,0.3531207801950488,3.0,3.0,0.0,3.0,54,victory,1,0,,0,40,34,0:0|0:4|0:5|0:6|0:7|0:8|0:9|1:0|1:4|1:7|1:8|1:9|2:0|2:2|2:3|2:4|2:8|3:0|3:1|3:2|3:8|3:9|4:2|4:9|5:1|5:2|5:9|6:1|6:2|6:9|7:9|8:8|8:9|9:9,2214
2615,4343,0.3528732183045762,3.0,3.0,0.0,3.0,69,victory,1,0,,0,40,35,0:0|0:1|0:4|0:5|0:6|0:7|0:8|1:0|1:4|1:6|1:7|1:8|2:0|2:2|2:3|2:4|2:6|2:8|3:0|3:1|3:2|3:8|3:9|4:2|4:9|5:0|5:1|5:2|5:9|6:0|6:1|6:9|7:8|7:9|8:8,2214
2616,4344,0.3526256564141036,3.0,3.0,0.0,3.0,166,victory,1,0,,0,62,40,0:0|0:1|0:2|0:4|0:5|0:6|0:7|0:8|1:0|1:2|1:4|1:6|1:7|1:8|2:0|2:2|2:3|2:4|2:8|2:9|3:0|3:1|3:2|3:4|3:5|3:8|3:9|4:2|4:3|4:4|4:5|4:9|5:1|5:2|5:9|6:1|6:9|7:8|7:9|8:8,2214
2617,4345,0.3523780945236309,2.0,2.0,0.0,2.0,32,death,0,1,monster,0,29,25,0:0|0:4|0:5|0:6|0:7|0:8|1:0|1:4|1:6|1:7|1:8|2:0|2:2|2:3|2:4|2:8|3:0|3:1|3:2|3:8|4:2|4:8|5:1|5:2|6:1,2214
2618,4346,0.3521305326331583,3.0,3.0,0.0,3.0,66,victory,1,0,,0,38,32,0:0|0:1|0:4|0:5|0:6|0:7|1:0|1:4|1:7|1:8|2:0|2:2|2:3|2:4|2:8|2:9|3:0|3:1|3:2|3:8|3:9|4:2|4:3|4:9|5:1|5:2|5:9|6:1|6:9|7:8|7:9|8:8,2214
2619,4347,0.3518829707426857,0.0,0.0,0.0,0.0,19,death,0,1,monster,0,11,9,0:0|0:1|1:0|2:0|3:0|3:1|3:2|4:2|4:3,2214
2620,4348,0.351635408852213,1.0,1.0,0.0,1.0,31,death,0,1,monster,0,19,14,0:0|1:0|2:0|2:2|2:3|2:4|3:0|3:1|3:2|3:4|4:2|5:1|5:2|6:1,2214
2621,4349,0.3513878469617404,3.0,3.0,0.0,3.0,59,victory,1,0,,0,40,33,0:0|0:4|0:5|0:6|0:7|1:0|1:4|1:7|1:8|2:0|2:2|2:3|2:4|2:8|3:0|3:1|3:2|3:4|3:8|3:9|4:2|4:3|4:4|4:9|5:1|5:2|5:9|6:0|6:1|6:9|7:8|7:9|8:8,2214
2622,4350,0.3511402850712678,3.0,3.0,0.0,3.0,73,victory,1,0,,0,41,34,0:0|0:1|0:4|0:5|0:6|0:7|1:0|1:2|1:4|1:7|1:8|2:0|2:2|2:3|2:4|2:8|3:0|3:1|3:2|3:8|3:9|4:2|4:3|4:9|5:1|5:2|5:9|6:1|6:2|6:9|7:8|7:9|8:8|8:9,2214
2623,4351,0.35089272318079523,3.0,3.0,0.0,3.0,77,victory,1,0,,0,37,34,0:0|0:4|0:5|0:6|0:7|1:0|1:4|1:7|1:8|2:0|2:2|2:3|2:4|2:8|3:0|3:1|3:2|3:8|3:9|4:2|4:9|5:1|5:2|5:9|6:1|6:2|6:3|6:4|6:9|7:3|7:8|7:9|8:3|8:8,2214
2624,4352,0.35064516129032264,3.0,3.0,0.0,3.0,49,victory,1,0,,0,37,31,0:0|0:4|0:5|0:6|0:7|1:0|1:2|1:4|1:7|1:8|2:0|2:2|2:3|2:4|2:8|3:0|3:1|3:2|3:8|3:9|4:2|4:9|5:1|5:2|5:9|6:1|6:2|6:9|7:8|7:9|8:8,2214
2625,4353,0.35039759939984993,2.0,2.0,0.0,2.0,49,death,0,1,monster,0,30,28,0:0|1:0|2:0|3:0|3:1|3:2|4:2|4:3|4:6|5:1|5:2|5:6|6:1|6:2|6:3|6:6|6:7|6:8|7:3|7:8|8:3|8:7|8:8|9:3|9:4|9:5|9:6|9:7,2214
2626,4354,0.35015003750937734,3.0,3.0,0.0,3.0,75,victory,1,0,,0,43,35,0:0|0:4|0:5|0:6|0:7|0:8|1:0|1:2|1:4|1:6|1:7|1:8|2:0|2:2|2:3|2:4|2:6|2:8|3:0|3:1|3:2|3:8|3:9|4:2|4:8|4:9|5:1|5:2|5:8|5:9|6:1|6:9|7:8|7:9|8:8,2214
2627,4355,0.34990247561890475,3.0,3.0,0.0,3.0,47,victory,1,0,,0,41,32,0:0|0:1|0:4|0:5|0:6|0:7|1:0|1:4|1:7|1:8|2:0|2:2|2:3|2:4|2:8|3:0|3:1|3:2|3:8|4:2|4:3|4:8|4:9|5:1|5:2|5:9|6:1|6:2|6:9|7:8|7:9|8:8,2214
2628,4356,0.34965491372843205,2.0,2.0,0.0,2.0,58,death,0,1,monster,0,42,28,0:0|0:4|0:5|0:6|0:7|0:8|1:0|1:4|1:6|1:7|1:8|2:0|2:2|2:3|2:4|2:8|2:9|3:0|3:1|3:2|3:8|3:9|4:2|5:0|5:1|5:2|6:0|6:1,2214
2629,4357,0.34940735183795946,3.0,3.0,0.0,3.0,53,victory,1,0,,0,36,31,0:0|0:4|0:5|0:6|0:7|0:8|0:9|1:0|1:4|1:8|1:9|2:0|2:2|2:3|2:4|2:8|3:0|3:1|3:2|3:8|3:9|4:2|4:9|5:1|5:2|5:9|6:1|6:9|7:9|8:8|8:9,2214
2630,4358,0.34915978994748686,1.0,1.0,0.0,1.0,36,death,0,1,monster,0,23,14,0:0|1:0|2:0|2:2|2:3|2:4|3:0|3:1|3:2|3:4|4:2|5:1|5:2|6:1,2214
2631,4359,0.3489122280570143,3.0,3.0,0.0,3.0,43,victory,1,0,,0,35,30,0:0|0:4|0:5|0:6|0:7|1:0|1:4|1:7|1:8|1:9|2:0|2:2|2:3|2:4|2:8|3:0|3:1|3:2|3:8|3:9|4:2|4:9|5:1|5:2|5:9|6:1|6:9|7:9|8:8|8:9,2214
2632,4360,0.3486646661665417,3.0,3.0,0.0,3.0,114,victory,1,0,,0,52,39,0:0|0:4|0:5|0:6|0:7|1:0|1:4|1:7|1:8|2:0|2:2|2:3|2:4|2:8|2:9|3:0|3:1|3:2|3:8|3:9|4:2|4:3|4:6|4:7|4:8|4:9|5:1|5:2|5:6|5:8|5:9|6:1|6:6|6:7|6:8|6:9|7:9|8:8|8:9,2214
2633,4361,0.3484171042760691,3.0,3.0,0.0,3.0,75,victory,1,0,,0,41,33,0:0|0:4|0:5|0:6|0:7|1:0|1:4|1:6|1:7|1:8|2:0|2:2|2:3|2:4|2:8|2:9|3:0|3:1|3:2|3:8|3:9|4:2|4:3|4:8|4:9|5:1|5:2|5:9|6:1|6:9|7:9|8:8|8:9,2214
2634,4362,0.3481695423855964,3.0,3.0,0.0,3.0,51,victory,1,0,,0,36,31,0:0|0:4|0:5|0:6|0:7|1:0|1:4|1:6|1:7|1:8|1:9|2:0|2:2|2:3|2:4|2:8|3:0|3:1|3:2|3:8|3:9|4:2|4:9|5:1|5:2|5:9|6:1|6:9|7:9|8:8|8:9,2214
2635,4363,0.3479219804951238,3.0,3.0,0.0,3.0,178,victory,1,0,,0,54,36,0:0|0:4|0:5|0:6|0:7|0:8|0:9|1:0|1:4|1:6|1:7|1:8|1:9|2:0|2:2|2:3|2:4|2:8|2:9|3:0|3:1|3:2|3:8|3:9|4:2|4:9|5:0|5:1|5:2|5:9|6:0|6:1|6:9|7:9|8:8|8:9,2214
2636,4364,0.3476744186046512,3.0,3.0,0.0,3.0,114,victory,1,0,,0,59,51,0:0|0:4|0:5|0:6|0:7|0:8|1:0|1:4|1:7|1:8|2:0|2:2|2:3|2:4|2:8|3:0|3:1|3:2|3:4|3:8|3:9|4:2|4:6|4:7|4:8|4:9|5:0|5:1|5:2|5:6|5:8|5:9|6:0|6:1|6:2|6:6|6:9|7:5|7:6|7:8|7:9|8:4|8:5|8:8|8:9|9:4|9:5|9:6|9:7|9:8|9:9,2217
2637,4365,0.3474268567141785,3.0,3.0,0.0,3.0,62,victory,1,0,,0,39,31,0:0|0:4|0:5|0:6|0:7|1:0|1:2|1:4|1:7|1:8|2:0|2:2|2:3|2:4|2:8|3:0|3:1|3:2|3:8|3:9|4:2|4:9|5:1|5:2|5:9|6:1|6:2|6:9|7:8|7:9|8:8,2217
2638,4366,0.3471792948237059,3.0,3.0,0.0,3.0,45,victory,1,0,,0,34,29,0:0|0:4|0:5|0:6|0:7|1:0|1:4|1:7|1:8|2:0|2:2|2:3|2:4|2:8|3:0|3:1|3:2|3:8|3:9|4:2|4:9|5:1|5:2|5:9|6:1|6:9|7:8|7:9|8:8,2217
2639,4367,0.3469317329332332,3.0,3.0,0.0,3.0,94,victory,1,0,,0,43,35,0:0|0:4|0:5|0:6|0:7|0:8|1:0|1:4|1:7|1:8|2:0|2:2|2:3|2:4|2:8|2:9|3:0|3:1|3:2|3:8|3:9|4:2|4:9|5:1|5:2|5:9|6:1|6:2|6:3|6:4|6:9|7:3|7:8|7:9|8:8,2217
2640,4368,0.3466841710427607,3.0,3.0,0.0,3.0,142,victory,1,0,,0,50,37,0:0|0:1|0:4|0:5|0:6|0:7|1:0|1:4|1:6|1:7|1:8|1:9|2:0|2:2|2:3|2:4|2:8|2:9|3:0|3:1|3:2|3:4|3:9|4:2|4:3|4:4|4:9|5:1|5:2|5:4|5:9|6:1|6:2|6:9|7:8|7:9|8:8,2217
2641,4369,0.34643660915228813,3.0,3.0,0.0,3.0,75,victory,1,0,,0,39,35,0:0|0:4|0:5|0:6|0:7|0:8|1:0|1:4|1:7|1:8|2:0|2:2|2:3|2:4|2:8|2:9|3:0|3:1|3:2|3:4|3:8|4:2|4:3|4:4|4:8|4:9|5:1|5:2|5:4|5:9|6:1|6:9|7:8|7:9|8:8,2217
2642,4370,0.34618904726181543,3.0,3.0,0.0,3.0,62,victory,1,0,,0,41,35,0:0|0:4|0:5|0:6|0:7|1:0|1:4|1:6|1:7|1:8|2:0|2:2|2:3|2:4|2:8|2:9|3:0|3:1|3:2|3:8|3:9|4:2|4:9|5:1|5:2|5:9|6:0|6:1|6:2|6:9|7:0|7:8|7:9|8:0|8:8,2217
2643,4371,0.34594148537134284,1.0,1.0,0.0,1.0,31,death,0,1,monster,0,20,16,0:0|1:0|2:0|2:2|2:3|2:4|3:0|3:1|3:2|3:4|4:2|5:1|5:2|6:0|6:1|7:0,2217
2644,4372,0.34569392348087025,1.0,1.0,0.0,1.0,71,death,0,1,monster,0,27,18,0:0|0:4|1:0|1:2|1:4|2:0|2:2|2:3|2:4|3:0|3:1|3:2|3:4|4:2|5:1|5:2|6:1|6:2,2217
2645,4373,0.34544636159039754,2.0,2.0,0.0,2.0,44,death,0,1,monster,0,31,23,0:0|0:4|0:5|0:6|0:7|1:0|1:4|1:7|1:8|1:9|2:0|2:2|2:3|2:4|2:8|2:9|3:0|3:1|3:2|4:2|5:1|5:2|6:1,2217
2646,4374,0.34519879969992495,3.0,3.0,0.0,3.0,68,victory,1,0,,0,40,33,0:0|0:1|0:2|0:4|0:5|0:6|0:7|1:0|1:2|1:4|1:7|1:8|2:0|2:2|2:3|2:4|2:8|2:9|3:0|3:1|3:2|3:8|3:9|4:2|4:9|5:1|5:2|5:9|6:1|6:9|7:8|7:9|8:8,2217
2647,4375,0.34495123780945236,3.0,3.0,0.0,3.0,46,victory,1,0,,0,39,34,0:0|0:4|0:5|0:6|0:7|1:0|1:4|1:6|1:7|1:8|2:0|2:2|2:3|2:4|2:8|3:0|3:1|3:2|3:4|3:5|3:8|3:9|4:2|4:3|4:8|4:9|5:1|5:2|5:9|6:1|6:9|7:8|7:9|8:8,2217
2648,4376,0.34470367591897977,3.0,3.0,0.0,3.0,73,victory,1,0,,0,46,36,0:0|0:1|0:2|0:4|0:5|0:6|0:7|0:9|1:0|1:2|1:4|1:7|1:8|1:9|2:0|2:2|2:3|2:4|2:8|3:0|3:1|3:2|3:8|3:9|4:2|4:3|4:9|5:1|5:2|5:9|6:1|6:2|6:9|7:9|8:8|8:9,2217
2649,4377,0.3444561140285072,3.0,3.0,0.0,3.0,51,victory,1,0,,0,38,34,0:0|0:1|0:4|0:5|0:6|0:7|0:8|1:0|1:4|1:7|1:8|2:0|2:2|2:3|2:4|2:8|3:0|3:1|3:2|3:8|3:9|4:2|4:3|4:9|5:0|5:1|5:2|5:9|6:0|6:1|6:9|7:8|7:9|8:8,2217
2650,4378,0.3442085521380346,3.0,3.0,0.0,3.0,66,victory,1,0,,0,41,33,0:0|0:4|0:5|0:6|0:7|0:8|1:0|1:4|1:6|1:7|1:8|2:0|2:2|2:3|2:4|2:8|3:0|3:1|3:2|3:8|3:9|4:2|4:9|5:1|5:2|5:9|6:1|6:2|6:8|6:9|7:8|7:9|8:8,2217
2651,4379,0.3439609902475619,3.0,3.0,0.0,3.0,66,victory,1,0,,0,38,33,0:0|0:1|0:4|0:5|0:6|0:7|0:8|1:0|1:4|1:8|2:0|2:2|2:3|2:4|2:8|3:0|3:1|3:2|3:8|3:9|4:2|4:3|4:9|5:1|5:2|5:8|5:9|6:1|6:8|6:9|7:8|7:9|8:8,2217
2652,4380,0.3437134283570893,3.0,3.0,0.0,3.0,52,victory,1,0,,0,39,31,0:0|0:4|0:5|0:6|0:7|1:0|1:4|1:7|1:8|2:0|2:2|2:3|2:4|2:8|2:9|3:0|3:1|3:2|3:8|3:9|4:2|4:3|4:9|5:1|5:2|5:9|6:1|6:9|7:8|7:9|8:8,2217
2653,4381,0.3434658664666167,3.0,3.0,0.0,3.0,74,victory,1,0,,0,37,30,0:0|0:4|0:5|0:6|0:7|0:8|1:0|1:2|1:4|1:8|2:0|2:2|2:3|2:4|2:8|3:0|3:1|3:2|3:8|3:9|4:2|4:9|5:1|5:2|5:9|6:1|6:9|7:8|7:9|8:8,2217
2654,4382,0.343218304576144,3.0,3.0,0.0,3.0,64,victory,1,0,,0,40,33,0:0|0:1|0:4|0:5|0:6|0:7|1:0|1:4|1:7|1:8|2:0|2:2|2:3|2:4|2:8|3:0|3:1|3:2|3:4|3:8|3:9|4:2|4:8|4:9|5:1|5:2|5:9|6:1|6:2|6:9|7:8|7:9|8:8,2217
2655,4383,0.3429707426856714,3.0,3.0,0.0,3.0,63,victory,1,0,,0,39,31,0:0|0:4|0:5|0:6|0:7|1:0|1:4|1:7|1:8|2:0|2:2|2:3|2:4|2:8|3:0|3:1|3:2|3:8|4:2|4:3|4:8|4:9|5:1|5:2|5:8|5:9|6:1|6:9|7:8|7:9|8:8,2217
2656,4384,0.3427231807951988,3.0,3.0,0.0,3.0,90,victory,1,0,,0,45,33,0:0|0:1|0:2|0:4|0:5|0:6|0:7|0:8|1:0|1:2|1:4|1:7|1:8|2:0|2:2|2:3|2:4|2:8|3:0|3:1|3:2|3:8|3:9|4:2|4:9|5:1|5:2|5:9|6:1|6:9|7:8|7:9|8:8,2217
2657,4385,0.3424756189047262,3.0,3.0,0.0,3.0,103,victory,1,0,,0,48,35,0:0|0:4|0:5|0:6|0:7|1:0|1:4|1:7|1:8|2:0|2:2|2:3|2:4|2:8|2:9|3:0|3:1|3:2|3:8|3:9|4:2|4:8|4:9|5:0|5:1|5:2|5:8|5:9|6:0|6:1|6:2|6:9|7:9|8:8|8:9,2217
2658,4386,0.34222805701425363,2.0,2.0,0.0,2.0,88,death,0,1,monster,0,46,25,0:0|0:4|0:5|0:6|0:7|1:0|1:2|1:4|1:7|1:8|1:9|2:0|2:2|2:3|2:4|2:8|2:9|3:0|3:1|3:2|3:9|4:2|5:1|5:2|6:1,2217
2659,4387,0.3419804951237809,1.0,1.0,0.0,1.0,38,death,0,1,monster,0,23,17,0:0|0:1|1:0|2:0|2:2|3:0|3:1|3:2|4:2|4:3|5:0|5:1|5:2|6:0|6:1|7:0|8:0,2217
2660,4388,0.34173293323330833,3.0,3.0,0.0,3.0,66,victory,1,0,,0,39,35,0:0|0:1|0:4|0:5|0:6|0:7|1:0|1:4|1:7|1:8|1:9|2:0|2:2|2:3|2:4|2:8|3:0|3:1|3:2|3:4|3:8|3:9|4:2|4:9|5:0|5:1|5:2|5:9|6:0|6:1|6:2|6:9|7:8|7:9|8:8,2217
2661,4389,0.34148537134283574,3.0,3.0,0.0,3.0,71,victory,1,0,,0,39,30,0:0|0:4|0:5|0:6|0:7|1:0|1:4|1:7|1:8|2:0|2:2|2:3|2:4|2:8|3:0|3:1|3:2|3:8|4:2|4:3|4:8|4:9|5:1|5:2|5:9|6:1|6:9|7:8|7:9|8:8,2217
2662,4390,0.34123780945236304,3.0,3.0,0.0,3.0,53,victory,1,0,,0,36,30,0:0|0:4|0:5|0:6|0:7|0:8|1:0|1:2|1:4|1:8|2:0|2:2|2:3|2:4|2:8|3:0|3:1|3:2|3:8|4:2|4:8|4:9|5:1|5:2|5:9|6:1|6:9|7:8|7:9|8:8,2217
2663,4391,0.34099024756189045,3.0,3.0,0.0,3.0,92,victory,1,0,,0,47,36,0:0|0:1|0:4|0:5|0:6|0:7|0:8|1:0|1:4|1:6|1:8|1:9|2:0|2:2|2:3|2:4|2:8|2:9|3:0|3:1|3:2|3:8|3:9|4:2|4:3|4:9|5:1|5:2|5:8|5:9|6:1|6:2|6:9|7:8|7:9|8:8,2217
2664,4392,0.34074268567141786,2.0,2.0,0.0,2.0,97,death,0,1,monster,0,48,28,0:0|0:4|0:5|0:6|0:7|0:8|1:0|1:2|1:4|1:6|1:7|1:8|1:9|2:0|2:2|2:3|2:4|2:8|2:9|3:0|3:1|3:2|3:8|4:2|4:3|5:1|5:2|6:1,2217
2665,4393,0.34049512378094515,3.0,3.0,0.0,3.0,56,victory,1,0,,0,36,30,0:0|0:4|0:5|0:6|0:7|1:0|1:4|1:7|1:8|2:0|2:2|2:3|2:4|2:8|2:9|3:0|3:1|3:2|3:8|3:9|4:2|4:9|5:1|5:2|5:9|6:1|6:9|7:8|7:9|8:8,2217
2666,4394,0.34024756189047267,1.0,1.0,0.0,1.0,48,death,0,1,monster,0,27,15,0:0|1:0|1:4|2:0|2:2|2:3|2:4|3:0|3:1|3:2|4:2|5:1|5:2|6:1|6:2,2217
2667,4395,0.3400000000000001,3.0,3.0,0.0,3.0,55,victory,1,0,,0,40,33,0:0|0:4|0:5|0:6|0:7|1:0|1:4|1:6|1:7|2:0|2:2|2:3|2:4|2:6|3:0|3:1|3:2|3:6|4:2|4:3|4:6|4:7|4:8|4:9|5:1|5:2|5:8|5:9|6:1|6:9|7:9|8:8|8:9,2217
2668,4396,0.3397524381095274,0.0,0.0,0.0,0.0,12,death,0,1,monster,0,9,8,0:0|1:0|1:2|2:0|2:2|3:0|3:1|3:2,2217
2669,4397,0.3395048762190548,2.0,2.0,0.0,2.0,84,death,0,1,monster,0,39,30,0:0|0:4|0:5|0:6|0:7|1:0|1:4|1:7|1:8|1:9|2:0|2:3|2:4|2:8|2:9|3:0|3:1|3:2|3:4|3:8|3:9|4:2|4:3|4:4|4:8|4:9|5:1|5:2|5:9|6:1,2217
2670,4398,0.3392573143285822,3.0,3.0,0.0,3.0,65,victory,1,0,,0,37,32,0:0|0:4|0:5|0:6|0:7|0:8|1:0|1:4|1:7|1:8|1:9|2:0|2:2|2:3|2:4|2:8|2:9|3:0|3:1|3:2|3:8|3:9|4:2|4:9|5:1|5:2|5:9|6:1|6:9|7:9|8:8|8:9,2217
2671,4399,0.3390097524381095,3.0,3.0,0.0,3.0,76,victory,1,0,,0,41,35,0:0|0:1|0:2|0:4|0:5|0:6|0:7|0:8|1:0|1:2|1:4|1:6|1:7|1:8|2:0|2:2|2:3|2:4|2:8|2:9|3:0|3:1|3:2|3:9|4:2|4:9|5:1|5:2|5:9|6:1|6:2|6:9|7:8|7:9|8:8,2217
2672,4400,0.3387621905476369,2.0,2.0,0.0,2.0,92,death,0,1,monster,0,41,21,0:0|0:4|0:5|0:6|0:7|1:0|1:4|1:6|1:7|1:8|2:0|2:2|2:3|2:4|3:0|3:1|3:2|4:2|5:1|5:2|6:1,2217
2673,4401,0.3385146286571643,3.0,3.0,0.0,3.0,84,victory,1,0,,0,40,37,0:0|0:4|0:5|0:6|0:7|1:0|1:2|1:4|1:6|1:7|1:8|1:9|2:0|2:2|2:3|2:4|2:8|2:9|3:0|3:1|3:2|3:9|4:2|4:8|4:9|5:0|5:1|5:2|5:9|6:0|6:1|6:2|6:9|7:0|7:8|7:9|8:8,2217
2674,4402,0.3382670667666916,2.0,2.0,0.0,2.0,111,death,0,1,monster,0,47,31,0:0|0:4|0:5|0:6|0:7|0:8|1:0|1:4|1:6|1:7|1:8|1:9|2:0|2:2|2:3|2:4|2:8|2:9|3:0|3:1|3:2|3:8|3:9|4:2|4:8|4:9|5:1|5:2|5:9|6:1|6:2,2217
2675,4403,0.3380195048762191,3.0,3.0,0.0,3.0,52,victory,1,0,,0,36,32,0:0|0:4|0:5|0:6|0:7|0:8|1:0|1:4|1:7|1:8|2:0|2:2|2:3|2:4|2:8|2:9|3:0|3:1|3:2|3:9|4:2|4:9|5:0|5:1|5:2|5:9|6:0|6:1|6:9|7:8|7:9|8:8,2217
2676,4404,0.33777194298574653,1.0,1.0,0.0,1.0,44,death,0,1,monster,0,27,15,0:0|0:1|0:2|1:0|1:2|2:0|2:2|2:3|3:0|3:1|3:2|4:2|5:1|5:2|6:1,2217
2677,4405,0.33752438109527383,2.0,2.0,0.0,2.0,141,death,0,1,monster,0,56,28,0:0|0:4|0:5|0:6|0:7|0:8|1:0|1:4|2:0|2:2|2:3|2:4|3:0|3:1|3:2|3:4|4:2|4:4|5:0|5:1|5:2|5:4|6:0|6:1|6:2|6:3|6:4|7:3,2217
2678,4406,0.33727681920480124,3.0,3.0,0.0,3.0,82,victory,1,0,,0,45,35,0:0|0:1|0:2|0:4|0:5|0:6|0:7|0:8|1:0|1:2|1:4|1:8|2:0|2:2|2:4|2:8|2:9|3:0|3:1|3:2|3:4|3:5|3:9|4:2|4:3|4:4|4:9|5:1|5:2|5:9|6:1|6:9|7:8|7:9|8:8,2217
2679,4407,0.33702925731432853,2.0,2.0,0.0,2.0,68,death,0,1,monster,0,34,21,0:0|0:4|0:5|0:6|0:7|1:0|1:4|1:6|1:7|2:0|2:2|2:3|2:4|3:0|3:1|3:2|4:2|5:1|5:2|6:0|6:1,2217
2680,4408,0.33678169542385594,3.0,3.0,0.0,3.0,70,victory,1,0,,0,41,30,0:0|0:4|0:5|0:6|0:7|0:8|1:0|1:4|1:8|2:0|2:2|2:3|2:4|2:8|3:0|3:1|3:2|3:4|3:8|3:9|4:2|4:9|5:1|5:2|5:9|6:1|6:9|7:8|7:9|8:8,2217
2681,4409,0.33653413353338335,3.0,3.0,0.0,3.0,46,victory,1,0,,0,35,31,0:0|0:4|0:5|0:6|0:7|0:8|1:0|1:4|1:8|2:0|2:2|2:3|2:4|2:8|3:0|3:1|3:2|3:8|3:9|4:2|4:3|4:8|4:9|5:1|5:2|5:9|6:1|6:9|7:8|7:9|8:8,2217
2682,4410,0.33628657164291065,3.0,3.0,0.0,3.0,69,victory,1,0,,0,43,33,0:0|0:4|0:5|0:6|0:7|0:8|1:0|1:2|1:4|1:7|1:8|2:0|2:2|2:3|2:4|2:8|3:0|3:1|3:2|3:4|3:8|3:9|4:2|4:3|4:9|5:1|5:2|5:9|6:1|6:9|7:8|7:9|8:8,2217
2683,4411,0.33603900975243806,3.0,3.0,0.0,3.0,50,victory,1,0,,0,35,30,0:0|0:4|0:5|0:6|0:7|0:8|1:0|1:4|1:8|2:0|2:2|2:3|2:4|2:8|3:0|3:1|3:2|3:8|4:2|4:8|4:9|5:1|5:2|5:8|5:9|6:1|6:9|7:8|7:9|8:8,2217
2684,4412,0.3357914478619656,3.0,3.0,0.0,3.0,53,victory,1,0,,0,36,30,0:0|0:4|0:5|0:6|0:7|0:8|1:0|1:4|1:7|1:8|2:0|2:2|2:3|2:4|2:8|3:0|3:1|3:2|3:8|3:9|4:2|4:9|5:1|5:2|5:9|6:1|6:9|7:9|8:8|8:9,2217
2685,4413,0.3355438859714929,3.0,3.0,0.0,3.0,51,victory,1,0,,0,42,30,0:0|0:4|0:5|0:6|0:7|0:8|1:0|1:4|1:8|2:0|2:2|2:3|2:4|2:8|3:0|3:1|3:2|3:8|3:9|4:2|4:9|5:0|5:1|5:2|5:9|6:1|6:9|7:8|7:9|8:8,2217
2686,4414,0.3352963240810203,3.0,3.0,0.0,3.0,47,victory,1,0,,0,33,29,0:0|0:4|0:5|0:6|0:7|0:8|1:0|1:4|1:8|2:0|2:2|2:3|2:4|2:8|3:0|3:1|3:2|3:8|3:9|4:2|4:9|5:1|5:2|5:9|6:1|6:9|7:8|7:9|8:8,2217
2687,4415,0.3350487621905477,3.0,3.0,0.0,3.0,102,victory,1,0,,0,51,44,0:0|0:4|0:5|0:6|0:7|0:8|0:9|1:0|1:4|1:8|2:0|2:2|2:3|2:4|2:8|3:0|3:1|3:2|3:8|3:9|4:2|4:8|4:9|5:1|5:2|5:8|5:9|6:0|6:1|6:2|6:3|6:4|6:7|6:8|6:9|7:0|7:3|7:8|7:9|8:0|8:1|8:2|8:3|8:8,2217
2688,4416,0.334801200300075,3.0,3.0,0.0,3.0,80,victory,1,0,,0,43,36,0:0|0:4|0:5|0:6|0:7|0:8|0:9|1:0|1:4|1:7|1:8|1:9|2:0|2:2|2:3|2:4|2:8|2:9|3:0|3:1|3:2|3:8|3:9|4:2|4:9|5:0|5:1|5:2|5:8|5:9|6:0|6:1|6:9|7:8|7:9|8:8,2217
2689,4417,0.3345536384096024,3.0,3.0,0.0,3.0,59,victory,1,0,,0,38,33,0:0|0:1|0:4|0:5|0:6|0:7|0:8|1:0|1:4|1:8|2:0|2:2|2:3|2:4|2:8|3:0|3:1|3:2|3:8|3:9|4:2|4:8|4:9|5:1|5:2|5:8|5:9|6:1|6:8|6:9|7:8|7:9|8:8,2217
2690,4418,0.3343060765191298,3.0,3.0,0.0,3.0,82,victory,1,0,,0,51,38,0:0|0:4|0:5|0:6|0:7|0:8|1:0|1:4|1:8|2:0|2:2|2:3|2:4|2:8|3:0|3:1|3:2|3:8|3:9|4:2|4:3|4:6|4:7|4:8|4:9|5:1|5:2|5:6|5:8|5:9|6:1|6:6|6:7|6:8|6:9|7:9|8:8|8:9,2217
2691,4419,0.3340585146286571,3.0,3.0,0.0,3.0,53,victory,1,0,,0,37,31,0:0|0:4|0:5|0:6|0:7|0:8|1:0|1:4|1:8|2:0|2:2|2:3|2:4|2:8|3:0|3:1|3:2|3:4|3:8|3:9|4:2|4:9|5:1|5:2|5:9|6:1|6:2|6:9|7:8|7:9|8:8,2217
2692,4420,0.3338109527381846,1.0,1.0,0.0,1.0,26,death,0,1,monster,0,22,15,0:0|0:4|1:0|1:4|2:0|2:2|2:3|2:4|3:0|3:1|3:2|4:2|5:1|5:2|6:1,2217
2693,4421,0.333563390847712,3.0,3.0,0.0,3.0,71,victory,1,0,,0,35,30,0:0|0:4|0:5|0:6|0:7|0:8|1:0|1:4|1:8|2:0|2:2|2:3|2:4|2:8|3:0|3:1|3:2|3:8|3:9|4:2|4:9|5:1|5:2|5:8|5:9|6:1|6:9|7:9|8:8|8:9,2217
2694,4422,0.3333158289572393,3.0,3.0,0.0,3.0,55,victory,1,0,,0,38,32,0:0|0:4|0:5|0:6|0:7|0:8|1:0|1:4|1:7|1:8|2:0|2:4|2:8|3:0|3:1|3:2|3:4|3:8|3:9|4:2|4:3|4:4|4:9|5:1|5:2|5:9|6:1|6:8|6:9|7:8|7:9|8:8,2217
2695,4423,0.33306826706676673,3.0,3.0,0.0,3.0,90,victory,1,0,,0,41,33,0:0|0:4|0:5|0:6|0:7|0:8|1:0|1:4|1:8|2:0|2:2|2:3|2:4|2:8|2:9|3:0|3:1|3:2|3:4|3:5|3:8|3:9|4:2|4:9|5:1|5:2|5:9|6:1|6:8|6:9|7:8|7:9|8:8,2217
2696,4424,0.33282070517629403,2.0,2.0,0.0,2.0,78,death,0,1,monster,0,46,34,0:0|0:4|0:5|0:6|0:7|0:8|1:0|1:4|1:7|1:8|2:0|2:2|2:3|2:4|2:8|3:0|3:1|3:2|3:8|4:2|4:3|4:8|4:9|5:1|5:2|5:9|6:1|6:2|6:7|6:8|6:9|7:8|7:9|8:9,2218
2697,4425,0.33257314328582144,3.0,3.0,0.0,3.0,62,victory,1,0,,0,36,34,0:0|0:4|0:5|0:6|0:7|0:8|1:0|1:4|1:8|2:0|2:3|2:4|2:8|3:0|3:1|3:2|3:4|3:8|3:9|4:2|4:4|4:9|5:1|5:2|5:4|5:9|6:1|6:2|6:3|6:4|6:9|7:9|8:8|8:9,2218
2698,4426,0.33232558139534885,3.0,3.0,0.0,3.0,120,victory,1,0,,0,49,39,0:0|0:4|0:5|0:6|0:7|0:8|1:0|1:4|1:7|1:8|2:0|2:2|2:3|2:4|2:8|2:9|3:0|3:1|3:2|3:4|3:5|3:9|4:2|4:3|4:4|4:9|5:0|5:1|5:2|5:8|5:9|6:0|6:1|6:8|6:9|7:0|7:8|8:0|8:8,2218
2699,4427,0.33207801950487614,2.0,2.0,0.0,2.0,113,death,0,1,monster,0,50,29,0:0|0:4|0:5|0:6|0:7|0:8|1:0|1:4|1:6|1:7|2:0|2:2|2:3|2:4|2:6|3:0|3:1|3:2|3:4|3:5|3:6|4:2|4:3|4:4|4:5|4:6|5:1|5:2|6:1,2218
2700,4428,0.33183045761440355,0.0,0.0,0.0,0.0,17,death,0,1,monster,0,12,11,0:0|0:1|1:0|2:0|3:0|3:1|3:2|4:2|5:2|6:2|6:3,2218
2701,4429,0.33158289572393107,3.0,3.0,0.0,3.0,80,victory,1,0,,0,39,32,0:0|0:4|0:5|0:6|0:7|0:8|1:0|1:4|1:8|2:0|2:2|2:3|2:4|2:8|3:0|3:1|3:2|3:8|3:9|4:2|4:8|4:9|5:1|5:2|5:9|6:1|6:2|6:9|7:9|8:8|8:9|9:9,2218
2702,4430,0.33133533383345837,3.0,3.0,0.0,3.0,47,victory,1,0,,0,36,30,0:0|0:4|0:5|0:6|0:7|0:8|1:0|1:4|1:8|2:0|2:2|2:3|2:4|2:8|3:0|3:1|3:2|3:8|3:9|4:2|4:8|4:9|5:1|5:2|5:9|6:1|6:9|7:9|8:8|8:9,2218
2703,4431,0.3310877719429858,3.0,3.0,0.0,3.0,262,victory,1,0,,0,50,36,0:0|0:1|0:2|0:4|0:5|0:6|0:7|0:8|1:0|1:2|1:4|1:7|1:8|1:9|2:0|2:2|2:3|2:4|2:8|2:9|3:0|3:1|3:2|3:8|3:9|4:2|4:8|4:9|5:1|5:2|5:9|6:1|6:9|7:9|8:8|8:9,2218
2704,4432,0.3308402100525132,3.0,3.0,0.0,3.0,110,victory,1,0,,0,50,37,0:0|0:1|0:2|0:4|0:5|0:6|0:7|0:8|1:0|1:4|1:8|1:9|2:0|2:2|2:3|2:4|2:8|2:9|3:0|3:1|3:2|3:4|3:9|4:2|4:3|4:4|4:9|5:1|5:2|5:4|5:9|6:1|6:8|6:9|7:9|8:8|8:9,2218
2705,4433,0.3305926481620405,3.0,3.0,0.0,3.0,130,victory,1,0,,0,52,35,0:0|0:4|0:5|0:6|0:7|0:8|1:0|1:4|1:8|2:0|2:2|2:3|2:4|2:8|3:0|3:1|3:2|3:8|3:9|4:2|4:8|4:9|5:0|5:1|5:2|5:9|6:0|6:1|6:2|6:9|7:0|7:9|8:0|8:8|8:9,2218
2706,4434,0.3303450862715679,3.0,3.0,0.0,3.0,45,victory,1,0,,0,36,32,0:0|0:4|0:5|0:6|0:7|0:8|0:9|1:0|1:2|1:4|1:9|2:0|2:2|2:3|2:4|2:8|2:9|3:0|3:1|3:2|3:8|3:9|4:2|4:9|5:1|5:2|5:9|6:1|6:9|7:9|8:8|8:9,2218
2707,4435,0.3300975243810953,3.0,3.0,0.0,3.0,69,victory,1,0,,0,39,36,0:0|0:4|0:5|0:6|0:7|0:8|1:0|1:4|1:8|1:9|2:0|2:2|2:3|2:4|2:8|2:9|3:0|3:1|3:2|3:4|3:8|3:9|4:2|4:9|5:1|5:2|5:8|5:9|6:0|6:1|6:2|6:8|6:9|7:8|7:9|8:8,2218
2708,4436,0.3298499624906226,3.0,3.0,0.0,3.0,47,victory,1,0,,0,37,31,0:0|0:4|0:5|0:6|0:7|0:8|1:0|1:4|1:8|2:0|2:2|2:3|2:4|2:8|3:0|3:1|3:2|3:8|3:9|4:2|4:9|5:1|5:2|5:9|6:1|6:2|6:9|7:9|8:8|8:9|9:9,2218
2709,4437,0.32960240060015,2.0,2.0,0.0,2.0,189,death,0,1,monster,0,71,41,0:0|0:4|0:5|0:6|0:7|0:8|0:9|1:0|1:4|1:6|1:7|1:8|1:9|2:0|2:2|2:3|2:4|2:8|2:9|3:0|3:1|3:2|3:8|3:9|4:2|4:6|4:7|4:8|4:9|5:1|5:2|5:6|5:8|5:9|6:1|6:2|6:6|6:7|6:8|6:9|7:6,2218
2710,4438,0.3293548387096775,3.0,3.0,0.0,3.0,56,victory,1,0,,0,38,33,0:0|0:4|0:5|0:6|0:7|0:8|0:9|1:0|1:4|1:9|2:0|2:2|2:3|2:4|2:9|3:0|3:1|3:2|3:9|4:2|4:9|5:0|5:1|5:2|5:8|5:9|6:0|6:1|6:2|6:9|7:9|8:8|8:9,2218
2711,4439,0.3291072768192048,3.0,3.0,0.0,3.0,153,victory,1,0,,0,49,36,0:0|0:4|0:5|0:6|0:7|0:8|1:0|1:4|1:7|1:8|2:0|2:2|2:3|2:4|2:8|2:9|3:0|3:1|3:2|3:4|3:8|3:9|4:2|4:3|4:8|4:9|5:1|5:2|5:8|5:9|6:1|6:2|6:9|7:9|8:8|8:9,2218
2712,4440,0.3288597149287322,3.0,3.0,0.0,3.0,65,victory,1,0,,0,41,32,0:0|0:1|0:4|0:5|0:6|0:7|0:8|1:0|1:2|1:4|1:8|1:9|2:0|2:2|2:3|2:4|2:9|3:0|3:1|3:2|3:9|4:2|4:9|5:2|5:8|5:9|6:1|6:2|6:9|7:9|8:8|8:9,2218
2713,4441,0.32861215303825964,3.0,3.0,0.0,3.0,49,victory,1,0,,0,33,30,0:0|0:4|0:5|0:6|0:7|1:0|1:4|1:7|1:8|2:0|2:2|2:3|2:4|2:8|3:0|3:1|3:2|3:8|3:9|4:2|4:9|5:1|5:2|5:9|6:1|6:2|6:9|7:9|8:8|8:9,2218
2714,4442,0.32836459114778693,3.0,3.0,0.0,3.0,81,victory,1,0,,0,39,33,0:0|0:1|0:4|0:5|0:6|0:7|0:8|1:0|1:4|1:8|2:0|2:2|2:3|2:4|2:8|3:0|3:1|3:2|3:8|3:9|4:2|4:3|4:8|4:9|5:1|5:2|5:9|6:1|6:2|6:8|6:9|7:8|8:8,2218
2715,4443,0.32811702925731434,3.0,3.0,0.0,3.0,76,victory,1,0,,0,43,38,0:0|0:4|0:5|0:6|0:7|0:8|1:0|1:4|1:8|2:0|2:2|2:3|2:4|2:8|3:0|3:1|3:2|3:4|3:8|4:2|4:4|4:8|4:9|5:1|5:2|5:4|5:8|5:9|6:0|6:1|6:2|6:3|6:4|6:8|6:9|7:9|8:8|8:9,2218
2716,4444,0.32786946736684164,3.0,3.0,0.0,3.0,95,victory,1,0,,0,39,32,0:0|0:4|0:5|0:6|0:7|0:8|1:0|1:4|1:8|2:0|2:2|2:3|2:4|2:8|3:0|3:1|3:2|3:8|3:9|4:2|4:9|5:0|5:1|5:2|5:9|6:0|6:1|6:9|7:0|7:9|8:8|8:9,2218
2717,4445,0.32762190547636905,2.0,2.0,0.0,2.0,148,death,0,1,monster,0,43,31,0:0|0:4|0:5|0:6|0:7|0:8|1:0|1:4|1:7|1:8|2:0|2:2|2:3|2:4|2:8|2:9|3:0|3:1|3:2|3:4|3:8|3:9|4:2|4:8|4:9|5:1|5:2|5:9|6:1|6:2|6:9,2218
2718,4446,0.32737434358589645,1.0,1.0,0.0,1.0,83,death,0,1,monster,0,30,20,0:0|0:4|0:5|1:0|1:4|2:0|2:2|2:3|2:4|3:0|3:1|3:2|3:4|4:2|4:4|5:0|5:1|5:2|6:0|6:1,2218
2719,4447,0.32712678169542386,3.0,3.0,0.0,3.0,135,victory,1,0,,0,60,43,0:0|0:4|0:5|0:6|0:7|0:8|0:9|1:0|1:4|1:6|1:7|1:8|1:9|2:0|2:2|2:3|2:4|2:6|2:8|2:9|3:0|3:1|3:2|3:6|3:8|3:9|4:2|4:5|4:6|4:7|4:8|4:9|5:1|5:2|5:6|5:9|6:1|6:2|6:9|7:9|8:8|8:9|9:9,2218
2720,4448,0.32687921980495127,3.0,3.0,0.0,3.0,49,victory,1,0,,0,37,31,0:0|0:1|0:4|0:5|0:6|0:7|0:8|1:0|1:4|1:8|1:9|2:0|2:2|2:3|2:4|2:9|3:0|3:1|3:2|3:9|4:2|4:9|5:1|5:2|5:9|6:1|6:2|6:9|7:9|8:8|8:9,2218
2721,4449,0.3266316579144787,3.0,3.0,0.0,3.0,163,victory,1,0,,0,57,37,0:0|0:1|0:2|0:4|0:5|0:6|0:7|0:8|0:9|1:0|1:2|1:4|1:8|1:9|2:0|2:2|2:3|2:4|2:9|3:0|3:1|3:2|3:4|3:9|4:2|4:3|4:9|5:1|5:2|5:9|6:0|6:1|6:2|6:9|7:8|7:9|8:8,2218
2722,4450,0.326384096024006,3.0,3.0,0.0,3.0,130,victory,1,0,,0,45,34,0:0|0:4|0:5|0:6|0:7|0:8|1:0|1:4|1:7|1:8|2:0|2:2|2:3|2:4|2:8|3:0|3:1|3:2|3:4|3:8|4:2|4:3|4:4|4:8|4:9|5:1|5:2|5:9|6:1|6:2|6:9|7:9|8:8|8:9,2218
2723,4451,0.3261365341335334,3.0,3.0,0.0,3.0,211,victory,1,0,,0,53,36,0:0|0:1|0:2|0:4|0:5|0:6|0:7|0:8|1:0|1:2|1:4|1:8|2:0|2:2|2:3|2:4|2:8|3:0|3:1|3:2|3:4|3:8|3:9|4:2|4:9|5:0|5:1|5:2|5:9|6:0|6:1|6:2|6:9|7:9|8:8|8:9,2218
2724,4452,0.3258889722430608,3.0,3.0,0.0,3.0,86,victory,1,0,,0,43,38,0:0|0:2|0:4|0:5|0:6|0:7|0:8|1:0|1:2|1:4|1:6|1:7|1:8|1:9|2:0|2:2|2:3|2:4|2:8|2:9|3:0|3:1|3:2|3:8|3:9|4:2|4:9|5:0|5:1|5:2|5:9|6:0|6:1|6:2|6:9|7:9|8:8|8:9,2218
2725,4453,0.3256414103525881,3.0,3.0,0.0,3.0,59,victory,1,0,,0,38,32,0:0|0:4|0:5|0:6|0:7|0:8|0:9|1:0|1:2|1:4|1:9|2:0|2:2|2:3|2:4|2:9|3:0|3:1|3:2|3:9|4:2|4:3|4:9|5:1|5:2|5:9|6:1|6:2|6:9|7:9|8:8|8:9,2218
2726,4454,0.3253938484621155,2.0,2.0,0.0,2.0,51,death,0,1,monster,0,28,23,0:0|0:1|0:2|0:4|0:5|0:6|0:7|0:8|1:0|1:2|1:4|2:0|2:2|2:3|2:4|3:0|3:1|3:2|4:2|5:1|5:2|6:1|6:2,2218
2727,4455,0.3251462865716429,3.0,3.0,0.0,3.0,138,victory,1,0,,0,55,34,0:0|0:1|0:2|0:4|0:5|0:6|0:7|0:8|1:0|1:2|1:4|1:8|2:0|2:2|2:3|2:4|2:8|3:0|3:1|3:2|3:8|3:9|4:2|4:3|4:9|5:1|5:2|5:9|6:1|6:2|6:9|7:9|8:8|8:9,2218
2728,4456,0.3248987246811703,3.0,3.0,0.0,3.0,103,victory,1,0,,0,44,35,0:0|0:2|0:4|0:5|0:6|0:7|0:8|1:0|1:2|1:4|1:7|1:8|2:0|2:2|2:3|2:4|2:8|2:9|3:0|3:1|3:2|3:8|3:9|4:2|4:9|5:1|5:2|5:9|6:1|6:2|6:8|6:9|7:9|8:8|8:9,2218
2729,4457,0.3246511627906977,3.0,3.0,0.0,3.0,53,victory,1,0,,0,36,32,0:0|0:4|0:5|0:6|0:7|0:8|1:0|1:4|1:8|1:9|2:0|2:2|2:3|2:4|2:9|3:0|3:1|3:2|3:9|4:2|4:7|4:8|4:9|5:1|5:2|5:9|6:1|6:2|6:9|7:9|8:8|8:9,2218
2730,4458,0.32440360090022513,1.0,1.0,0.0,1.0,17,death,0,1,monster,0,15,12,0:0|1:0|2:0|2:2|3:0|3:1|3:2|4:2|5:1|5:2|6:1|6:2,2218
2731,4459,0.32415603900975243,3.0,3.0,0.0,3.0,120,victory,1,0,,0,43,33,0:0|0:4|0:5|0:6|0:7|0:8|1:0|1:4|1:8|2:0|2:2|2:3|2:4|2:8|3:0|3:1|3:2|3:8|3:9|4:2|4:3|4:9|5:0|5:1|5:2|5:9|6:0|6:1|6:2|6:9|7:9|8:8|8:9,2218
2732,4460,0.32390847711927984,3.0,3.0,0.0,3.0,47,victory,1,0,,0,36,31,0:0|0:1|0:4|0:5|0:6|0:7|0:8|1:0|1:4|1:8|2:0|2:4|2:8|3:0|3:1|3:2|3:4|3:8|3:9|4:2|4:3|4:4|4:9|5:1|5:2|5:9|6:1|6:9|7:9|8:8|8:9,2218
2733,4461,0.32366091522880724,3.0,3.0,0.0,3.0,113,victory,1,0,,0,53,40,0:0|0:6|0:7|0:8|1:0|1:6|1:8|2:0|2:6|2:8|3:0|3:1|3:2|3:4|3:5|3:6|3:8|3:9|4:2|4:4|4:9|5:1|5:2|5:4|5:9|6:1|6:2|6:3|6:4|6:9|7:3|7:9|8:3|8:4|8:8|8:9|9:3|9:4|9:5|9:6,2218
2734,4462,0.32341335333833454,3.0,3.0,0.0,3.0,76,victory,1,0,,0,40,35,0:0|0:4|0:5|0:6|0:7|0:8|1:0|1:2|1:4|1:8|2:0|2:2|2:3|2:4|2:8|3:0|3:1|3:2|3:8|3:9|4:2|4:8|4:9|5:1|5:2|5:8|5:9|6:1|6:2|6:3|6:8|6:9|7:9|8:8|8:9,2218
2735,4463,0.32316579144786195,3.0,3.0,0.0,3.0,100,victory,1,0,,0,44,34,0:0|0:1|0:4|0:5|0:6|0:7|0:8|1:0|1:2|1:4|1:8|2:0|2:2|2:3|2:4|2:8|3:0|3:1|3:2|3:8|3:9|4:2|4:3|4:9|5:1|5:2|5:9|6:1|6:2|6:3|6:9|7:9|8:8|8:9,2218
2736,4464,0.32291822955738936,1.0,1.0,0.0,1.0,39,death,0,1,monster,0,23,15,0:0|1:0|2:0|3:0|3:1|3:2|4:2|5:0|5:1|5:2|6:0|6:1|6:2|6:3|7:0,2218
2737,4465,0.32267066766691677,3.0,3.0,0.0,3.0,52,victory,1,0,,0,37,33,0:0|0:4|0:5|0:6|0:7|0:8|1:0|1:4|1:8|2:0|2:2|2:3|2:4|2:8|3:0|3:1|3:2|3:8|3:9|4:2|4:8|4:9|5:1|5:2|5:9|6:0|6:1|6:2|6:3|6:9|7:9|8:8|8:9,2218
2738,4466,0.3224231057764442,2.0,2.0,0.0,2.0,73,death,0,1,monster,0,46,33,0:0|0:4|0:5|0:6|0:7|0:8|1:0|1:4|1:8|2:0|2:2|2:3|2:4|2:8|3:0|3:1|3:2|3:4|3:5|3:8|3:9|4:2|4:4|4:7|4:8|4:9|5:1|5:2|5:8|6:0|6:1|6:2|6:8,2218
2739,4467,0.32217554388597147,3.0,3.0,0.0,3.0,83,victory,1,0,,0,47,36,0:0|0:1|0:2|0:4|0:5|0:6|0:7|0:8|1:0|1:2|1:4|1:7|1:8|2:0|2:2|2:3|2:4|2:8|3:0|3:1|3:2|3:4|3:8|3:9|4:2|4:9|5:1|5:2|5:9|6:1|6:2|6:3|6:9|7:9|8:8|8:9,2218
2740,4468,0.3219279819954989,2.0,2.0,0.0,2.0,53,death,0,1,monster,0,35,26,0:0|0:4|0:5|0:6|0:7|0:8|0:9|1:0|1:4|1:8|1:9|2:0|2:2|2:3|2:4|2:8|2:9|3:0|3:1|3:2|3:8|4:2|5:1|5:2|6:1|6:2,2218
2741,4469,0.3216804201050263,2.0,2.0,0.0,2.0,244,death,0,1,monster,0,75,36,0:0|0:4|0:5|0:6|0:7|0:8|0:9|1:0|1:4|1:6|1:7|1:8|1:9|2:0|2:2|2:3|2:4|2:8|2:9|3:0|3:1|3:2|3:8|3:9|4:2|4:8|4:9|5:1|5:2|5:8|5:9|6:1|6:7|6:8|6:9|7:9,2218
2742,4470,0.3214328582145536,1.0,1.0,0.0,1.0,30,death,0,1,monster,0,18,14,0:0|0:1|1:0|2:0|2:2|2:3|3:0|3:1|3:2|4:2|5:1|5:2|6:1|6:2,2218
2743,4471,0.321185296324081,3.0,3.0,0.0,3.0,54,victory,1,0,,0,38,35,0:0|0:4|0:5|0:6|0:7|0:8|1:0|1:4|1:7|1:8|1:9|2:0|2:2|2:3|2:4|2:8|2:9|3:0|3:1|3:2|3:8|4:2|4:7|4:8|4:9|5:1|5:2|5:8|5:9|6:1|6:2|6:9|7:9|8:8|8:9,2218
2744,4472,0.3209377344336084,2.0,2.0,0.0,2.0,73,death,0,1,monster,0,37,24,0:0|0:4|0:5|0:6|0:7|0:8|1:0|1:4|1:6|1:7|2:0|2:2|2:3|2:4|3:0|3:1|3:2|3:4|4:2|4:4|5:1|5:2|6:1|6:2,2218
2745,4473,0.3206901725431358,3.0,3.0,0.0,3.0,64,victory,1,0,,0,41,36,0:0|0:4|0:5|0:6|0:7|0:8|1:0|1:4|1:7|1:8|1:9|2:0|2:4|2:8|2:9|3:0|3:1|3:2|3:4|3:8|3:9|4:2|4:3|4:4|4:9|5:0|5:1|5:2|5:9|6:0|6:1|6:2|6:9|7:9|8:8|8:9,2218
2746,4474,0.3204426106526632,3.0,3.0,0.0,3.0,100,victory,1,0,,0,41,37,0:0|0:4|0:5|0:6|0:7|1:0|1:2|1:4|1:6|1:7|2:0|2:2|2:3|2:4|2:6|3:0|3:1|3:2|3:6|4:2|4:3|4:6|4:7|4:8|4:9|5:0|5:1|5:2|5:9|6:0|6:1|6:2|6:8|6:9|7:9|8:8|8:9,2218
2747,4475,0.3201950487621906,3.0,3.0,0.0,3.0,62,victory,1,0,,0,37,32,0:0|0:1|0:4|0:5|0:6|0:7|0:8|0:9|1:0|1:4|1:9|2:0|2:2|2:3|2:4|2:9|3:0|3:1|3:2|3:8|3:9|4:2|4:9|5:1|5:2|5:9|6:1|6:2|6:9|7:9|8:8|8:9,2218
2748,4476,0.3199474868717179,2.0,2.0,0.0,2.0,55,death,0,1,monster,0,33,22,0:0|0:4|0:5|0:6|0:7|1:0|1:4|1:6|1:7|1:8|2:0|2:2|2:3|2:4|3:0|3:1|3:2|4:2|5:1|5:2|6:1|6:2,2218
2749,4477,0.31969992498124533,2.0,2.0,0.0,2.0,65,death,0,1,monster,0,38,31,0:0|0:4|0:5|0:6|0:7|0:8|0:9|1:0|1:4|1:7|1:8|1:9|2:0|2:2|2:3|2:4|2:8|2:9|3:0|3:1|3:2|3:8|4:2|4:8|4:9|5:1|5:2|5:8|5:9|6:1|6:2,2218
2750,4478,0.31945236309077274,2.0,2.0,0.0,2.0,56,death,0,1,monster,0,31,24,0:0|0:4|0:5|0:6|0:7|0:8|1:0|1:4|1:7|1:8|1:9|2:0|2:2|2:3|2:4|2:8|2:9|3:0|3:1|3:2|4:2|5:1|5:2|6:1,2218
2751,4479,0.31920480120030004,3.0,3.0,0.0,3.0,58,victory,1,0,,0,38,33,0:0|0:4|0:5|0:6|0:7|0:8|0:9|1:0|1:4|1:8|1:9|2:0|2:2|2:3|2:4|2:8|2:9|3:0|3:1|3:2|3:8|4:2|4:8|4:9|5:1|5:2|5:9|6:1|6:9|7:9|8:8|8:9|9:9,2218
2752,4480,0.31895723930982744,3.0,3.0,0.0,3.0,122,victory,1,0,,0,50,33,0:0|0:4|0:5|0:6|0:7|0:8|0:9|1:0|1:4|1:6|1:7|1:8|1:9|2:0|2:2|2:3|2:4|2:9|3:0|3:1|3:2|3:9|4:2|4:9|5:1|5:2|5:9|6:1|6:2|6:9|7:8|7:9|8:8,2218
2753,4481,0.31870967741935474,3.0,3.0,0.0,3.0,64,victory,1,0,,0,41,36,0:0|0:4|0:5|0:6|0:7|0:8|0:9|1:0|1:2|1:4|1:7|1:8|1:9|2:0|2:2|2:3|2:4|2:8|2:9|3:0|3:1|3:2|3:8|3:9|4:2|4:9|5:0|5:1|5:2|5:9|6:0|6:1|6:9|7:9|8:8|8:9,2218
2754,4482,0.31846211552888226,3.0,3.0,0.0,3.0,77,victory,1,0,,0,38,31,0:0|0:4|0:5|0:6|0:7|1:0|1:4|1:7|1:8|1:9|2:0|2:2|2:3|2:4|2:9|3:0|3:1|3:2|3:4|3:5|3:9|4:2|4:9|5:1|5:2|5:9|6:1|6:9|7:8|7:9|8:8,2218
2755,4483,0.31821455363840967,1.0,1.0,0.0,1.0,42,death,0,1,monster,0,26,14,0:0|1:0|1:2|2:0|2:2|3:0|3:1|3:2|4:2|5:0|5:1|5:2|6:0|6:1,2218
2756,4484,0.31796699174793697,2.0,2.0,0.0,2.0,76,death,0,1,monster,0,41,37,0:0|1:0|2:0|2:2|2:6|3:0|3:1|3:2|3:6|4:2|4:3|4:6|4:7|5:0|5:1|5:2|5:6|6:0|6:1|6:6|6:7|6:8|6:9|7:0|7:6|7:8|8:0|8:7|8:8|9:0|9:1|9:2|9:3|9:4|9:5|9:6|9:7,2218
2757,4485,0.3177194298574644,3.0,3.0,0.0,3.0,54,victory,1,0,,0,38,32,0:0|0:4|0:5|0:6|0:7|1:0|1:4|1:7|1:8|1:9|2:0|2:2|2:3|2:4|2:9|3:0|3:1|3:2|3:8|3:9|4:2|4:7|4:8|4:9|5:1|5:2|5:9|6:1|6:9|7:9|8:8|8:9,2218
2758,4486,0.3174718679669918,3.0,3.0,0.0,3.0,43,victory,1,0,,0,34,30,0:0|0:1|0:4|0:5|0:6|0:7|1:0|1:4|1:7|1:8|1:9|2:0|2:2|2:3|2:4|2:9|3:0|3:1|3:2|3:9|4:2|4:9|5:1|5:2|5:9|6:1|6:9|7:9|8:8|8:9,2218
2759,4487,0.3172243060765191,2.0,2.0,0.0,2.0,99,death,0,1,monster,0,46,31,0:0|0:4|0:5|0:6|0:7|0:8|0:9|1:0|1:4|1:7|1:8|1:9|2:0|2:2|2:3|2:4|2:8|2:9|3:0|3:1|3:2|3:8|3:9|4:2|4:9|5:0|5:1|5:2|6:0|6:1|6:2,2218
2760,4488,0.3169767441860465,3.0,3.0,0.0,3.0,57,victory,1,0,,0,38,31,0:0|0:4|0:5|0:6|0:7|1:0|1:4|1:6|1:7|1:8|1:9|2:0|2:2|2:3|2:4|2:9|3:0|3:1|3:2|3:9|4:2|4:9|5:0|5:1|5:2|5:9|6:1|6:9|7:9|8:8|8:9,2218
2761,4489,0.3167291822955739,3.0,3.0,0.0,3.0,61,victory,1,0,,0,37,32,0:0|0:4|0:5|0:6|0:7|1:0|1:4|1:6|1:7|1:8|1:9|2:0|2:2|2:3|2:4|2:9|3:0|3:1|3:2|3:9|4:2|4:9|5:0|5:1|5:2|5:9|6:0|6:1|6:9|7:9|8:8|8:9,2218
2762,4490,0.3164816204051012,2.0,2.0,0.0,2.0,71,death,0,1,monster,0,37,27,0:0|0:4|0:5|0:6|0:7|0:8|0:9|1:0|1:4|1:6|1:7|1:8|1:9|2:0|2:2|2:3|2:4|3:0|3:1|3:2|4:2|5:0|5:1|5:2|6:0|6:1|6:2,2218
2763,4491,0.3162340585146287,3.0,3.0,0.0,3.0,90,victory,1,0,,0,56,39,0:0|0:4|0:5|0:6|0:7|0:8|0:9|1:0|1:4|1:6|1:7|1:8|1:9|2:0|2:2|2:3|2:4|2:8|2:9|3:0|3:1|3:2|3:4|3:8|3:9|4:2|4:4|4:7|4:8|4:9|5:1|5:2|5:4|5:9|6:1|6:9|7:9|8:8|8:9,2218
2764,4492,0.3159864966241561,1.0,1.0,0.0,1.0,122,death,0,1,monster,0,40,17,0:0|0:1|0:2|1:0|1:2|2:0|2:2|2:3|2:4|3:0|3:1|3:2|4:2|4:3|5:1|5:2|6:1,2218
2765,4493,0.3157389347336834,3.0,3.0,0.0,3.0,39,victory,1,0,,0,33,29,0:0|0:4|0:5|0:6|0:7|1:0|1:4|1:7|1:8|1:9|2:0|2:2|2:3|2:4|2:9|3:0|3:1|3:2|3:9|4:2|4:9|5:1|5:2|5:9|6:1|6:9|7:9|8:8|8:9,2218
2766,4494,0.3154913728432108,3.0,3.0,0.0,3.0,54,victory,1,0,,0,36,31,0:0|0:4|0:5|0:6|0:7|1:0|1:2|1:4|1:7|1:8|1:9|2:0|2:2|2:3|2:4|2:9|3:0|3:1|3:2|3:9|4:2|4:9|5:1|5:2|5:9|6:1|6:2|6:9|7:9|8:8|8:9,2218
2767,4495,0.31524381095273823,3.0,3.0,0.0,3.0,93,victory,1,0,,0,54,37,0:0|0:4|0:5|0:6|0:7|0:8|0:9|1:0|1:4|1:7|1:8|1:9|2:0|2:2|2:3|2:4|2:8|3:0|3:1|3:2|3:4|3:8|3:9|4:2|4:3|4:4|4:5|4:9|5:1|5:2|5:4|5:9|6:1|6:9|7:9|8:8|8:9,2218
2768,4496,0.31499624906226553,3.0,3.0,0.0,3.0,52,victory,1,0,,0,36,30,0:0|0:4|0:5|0:6|0:7|0:8|1:0|1:4|1:7|1:8|1:9|2:0|2:2|2:3|2:4|2:9|3:0|3:1|3:2|3:9|4:2|4:9|5:1|5:2|5:9|6:1|6:9|7:8|7:9|8:8,2218
2769,4497,0.31474868717179294,3.0,3.0,0.0,3.0,62,victory,1,0,,0,42,34,0:0|0:4|0:5|0:6|0:7|1:0|1:4|1:7|1:8|2:0|2:2|2:3|2:4|2:8|3:0|3:1|3:2|3:8|3:9|4:2|4:9|5:0|5:1|5:2|5:9|6:0|6:1|6:6|6:7|6:8|6:9|7:9|8:8|8:9,2218
2770,4498,0.31450112528132035,2.0,2.0,0.0,2.0,51,death,0,1,monster,0,32,21,0:0|0:1|0:4|0:5|0:6|0:7|0:8|1:0|1:4|2:0|2:2|2:3|2:4|3:0|3:1|3:2|4:2|5:1|5:2|6:1|6:2,2218
2771,4499,0.31425356339084765,3.0,3.0,0.0,3.0,40,victory,1,0,,0,34,30,0:0|0:4|0:5|0:6|0:7|0:8|1:0|1:4|1:8|2:0|2:2|2:3|2:4|2:8|3:0|3:1|3:2|3:8|4:2|4:8|4:9|5:1|5:2|5:9|6:1|6:9|7:8|7:9|8:8|8:9,2218
2772,4500,0.31400600150037516,3.0,3.0,0.0,3.0,46,victory,1,0,,0,37,34,0:0|0:4|0:5|0:6|0:7|1:0|1:4|1:7|1:8|2:0|2:4|2:8|3:0|3:1|3:2|3:4|3:8|3:9|4:2|4:4|4:9|5:1|5:2|5:4|5:9|6:1|6:2|6:3|6:4|6:8|6:9|7:8|7:9|8:8,2218
2773,4501,0.31375843960990246,3.0,3.0,0.0,3.0,98,victory,1,0,,0,44,34,0:0|0:4|0:5|0:6|0:7|0:8|0:9|1:0|1:4|1:6|1:7|1:8|1:9|2:0|2:2|2:3|2:4|2:9|3:0|3:1|3:2|3:4|3:9|4:2|4:9|5:1|5:2|5:9|6:1|6:2|6:9|7:8|7:9|8:8,2218
2774,4502,0.31351087771942987,3.0,3.0,0.0,3.0,66,victory,1,0,,0,42,35,0:0|0:4|0:5|0:6|0:7|0:8|0:9|1:0|1:4|1:7|1:8|1:9|2:0|2:2|2:3|2:4|2:9|3:0|3:1|3:2|3:9|4:2|4:9|5:1|5:2|5:8|5:9|6:1|6:2|6:7|6:8|6:9|7:8|7:9|8:8,2218
2775,4503,0.3132633158289573,3.0,3.0,0.0,3.0,52,victory,1,0,,0,36,30,0:0|0:4|0:5|0:6|0:7|1:0|1:4|1:7|1:8|1:9|2:0|2:2|2:3|2:4|2:9|3:0|3:1|3:2|3:9|4:2|4:9|5:1|5:2|5:9|6:1|6:2|6:9|7:8|7:9|8:8,2218
2776,4504,0.3130157539384846,3.0,3.0,0.0,3.0,42,victory,1,0,,0,34,29,0:0|0:4|0:5|0:6|0:7|1:0|1:4|1:7|1:8|1:9|2:0|2:2|2:3|2:4|2:9|3:0|3:1|3:2|3:9|4:2|4:9|5:1|5:2|5:9|6:1|6:9|7:8|7:9|8:8,2218
2777,4505,0.312768192048012,3.0,3.0,0.0,3.0,49,victory,1,0,,0,37,33,0:0|0:4|0:5|0:6|0:7|0:8|0:9|1:0|1:2|1:4|1:7|1:8|1:9|2:0|2:2|2:3|2:4|2:8|3:0|3:1|3:2|3:8|3:9|4:2|4:9|5:1|5:2|5:9|6:1|6:9|7:9|8:8|8:9,2218
2778,4506,0.3125206301575394,3.0,3.0,0.0,3.0,50,victory,1,0,,0,37,30,0:0|0:4|0:5|0:6|0:7|0:8|1:0|1:4|1:7|1:8|1:9|2:0|2:2|2:3|2:4|2:9|3:0|3:1|3:2|3:9|4:2|4:9|5:1|5:2|5:9|6:1|6:9|7:8|7:9|8:8,2218
2779,4507,0.3122730682670667,3.0,3.0,0.0,3.0,157,victory,1,0,,0,39,35,0:0|0:4|0:5|0:6|0:7|0:8|1:0|1:4|1:7|1:8|1:9|2:0|2:2|2:3|2:4|2:8|2:9|3:0|3:1|3:2|3:8|3:9|4:2|4:8|4:9|5:1|5:2|5:8|5:9|6:1|6:2|6:9|7:9|8:8|8:9,2218
2780,4508,0.3120255063765941,3.0,3.0,0.0,3.0,51,victory,1,0,,0,40,33,0:0|0:4|0:5|0:6|0:7|0:8|1:0|1:4|1:6|1:7|1:8|1:9|2:0|2:2|2:3|2:4|2:9|3:0|3:1|3:2|3:8|3:9|4:2|4:8|5:1|5:2|5:8|5:9|6:1|6:9|7:9|8:8|8:9,2218
2781,4509,0.3117779444861216,3.0,3.0,0.0,3.0,50,victory,1,0,,0,40,35,0:0|0:4|0:5|0:6|0:7|1:0|1:4|1:6|1:7|1:8|1:9|2:0|2:2|2:3|2:4|2:9|3:0|3:1|3:2|3:4|3:9|4:2|4:3|4:4|4:9|5:0|5:1|5:2|5:9|6:0|6:1|6:9|7:9|8:8|8:9,2218
2782,4510,0.3115303825956489,2.0,2.0,0.0,2.0,60,death,0,1,monster,0,36,30,0:0|0:4|0:5|0:6|0:7|1:0|1:4|1:7|1:8|1:9|2:0|2:2|2:3|2:4|2:8|2:9|3:0|3:1|3:2|3:8|3:9|4:2|4:9|5:1|5:2|5:9|6:1|6:2|6:8|6:9,2218
2783,4511,0.3112828207051763,3.0,3.0,0.0,3.0,67,victory,1,0,,0,44,35,0:0|0:2|0:4|0:5|0:6|0:7|1:0|1:2|1:4|1:6|1:7|1:8|1:9|2:0|2:2|2:3|2:4|2:9|3:0|3:1|3:2|3:4|3:9|4:2|4:4|4:9|5:1|5:2|5:8|5:9|6:1|6:9|7:9|8:8|8:9,2218
2784,4512,0.31103525881470373,2.0,2.0,0.0,2.0,51,death,0,1,monster,0,32,24,0:0|0:4|0:5|0:6|0:7|0:8|1:0|1:4|1:7|1:8|1:9|2:0|2:2|2:3|2:4|2:8|2:9|3:0|3:1|3:2|4:2|5:1|5:2|6:1,2218
2785,4513,0.310787696924231,3.0,3.0,0.0,3.0,48,victory,1,0,,0,36,32,0:0|0:4|0:5|0:6|0:7|1:0|1:4|1:7|1:8|1:9|2:0|2:2|2:3|2:4|2:8|2:9|3:0|3:1|3:2|3:9|4:2|4:8|4:9|5:1|5:2|5:9|6:1|6:9|7:9|8:8|8:9|9:9,2218
2786,4514,0.31054013503375844,2.0,2.0,0.0,2.0,72,death,0,1,monster,0,38,28,0:0|0:1|0:4|0:5|0:6|0:7|1:0|1:4|1:6|1:7|1:8|2:0|2:2|2:3|2:4|2:8|2:9|3:0|3:1|3:2|3:8|3:9|4:2|4:8|4:9|5:1|5:2|6:1,2218
2787,4515,0.31029257314328584,3.0,3.0,0.0,3.0,46,victory,1,0,,0,38,33,0:0|0:4|0:5|0:6|0:7|0:8|1:0|1:4|1:8|2:0|2:2|2:3|2:4|2:8|2:9|3:0|3:1|3:2|3:8|3:9|4:2|4:8|5:1|5:2|5:8|5:9|6:1|6:2|6:8|6:9|7:9|8:8|8:9,2218
2788,4516,0.31004501125281314,3.0,3.0,0.0,3.0,78,victory,1,0,,0,36,30,0:0|0:4|0:5|0:6|0:7|0:8|1:0|1:4|1:8|2:0|2:2|2:3|2:4|2:8|2:9|3:0|3:1|3:2|3:8|3:9|4:2|4:9|5:1|5:2|5:9|6:1|6:9|7:9|8:8|8:9,2218
2789,4517,0.30979744936234066,3.0,3.0,0.0,3.0,45,victory,1,0,,0,36,29,0:0|0:4|0:5|0:6|0:7|1:0|1:4|1:7|1:8|2:0|2:2|2:3|2:4|2:8|2:9|3:0|3:1|3:2|3:9|4:2|4:9|5:1|5:2|5:9|6:1|6:9|7:8|7:9|8:8,2218
2790,4518,0.30954988747186807,3.0,3.0,0.0,3.0,238,victory,1,0,,0,58,35,0:0|0:4|0:5|0:6|0:7|1:0|1:2|1:4|1:7|1:8|2:0|2:2|2:3|2:4|2:8|2:9|3:0|3:1|3:2|3:9|4:2|4:3|4:9|5:0|5:1|5:2|5:9|6:0|6:1|6:9|7:9|8:8|8:9|9:8|9:9,2218
2791,4519,0.30930232558139537,2.0,2.0,0.0,2.0,330,death,0,1,monster,0,40,26,0:0|0:4|0:5|0:6|0:7|1:0|1:2|1:4|1:7|1:8|2:0|2:2|2:3|2:4|2:8|2:9|3:0|3:1|3:2|3:8|3:9|4:2|5:0|5:1|5:2|6:1,2218
2792,4520,0.3090547636909228,3.0,3.0,0.0,3.0,71,victory,1,0,,0,44,34,0:0|0:4|0:5|0:6|0:7|1:0|1:4|1:6|1:7|2:0|2:2|2:3|2:4|2:6|3:0|3:1|3:2|3:6|4:2|4:6|4:7|4:8|5:0|5:1|5:2|5:8|6:0|6:1|6:2|6:8|6:9|7:9|8:8|8:9,2218
2793,4521,0.30880720180045007,3.0,3.0,0.0,3.0,278,victory,1,0,,0,55,32,0:0|0:1|0:4|0:5|0:6|0:7|1:0|1:4|1:6|1:7|1:8|2:0|2:2|2:3|2:4|2:8|2:9|3:0|3:1|3:2|3:4|3:9|4:2|4:9|5:1|5:2|5:9|6:1|6:9|7:9|8:8|8:9,2218
2794,4522,0.3085596399099775,3.0,3.0,0.0,3.0,73,victory,1,0,,0,38,32,0:0|0:4|0:5|0:6|0:7|0:8|1:0|1:4|1:7|1:8|2:0|2:2|2:3|2:4|2:8|2:9|3:0|3:1|3:2|3:8|3:9|4:2|4:9|5:1|5:2|5:9|6:1|6:9|7:9|8:8|8:9|9:9,2218
2795,4523,0.3083120780195049,2.0,2.0,0.0,2.0,80,death,0,1,monster,0,46,34,0:0|0:4|0:5|0:6|0:7|1:0|1:4|1:7|1:8|2:0|2:2|2:3|2:4|2:8|3:0|3:1|3:2|3:8|3:9|4:2|4:8|4:9|5:1|5:2|5:8|5:9|6:1|6:2|6:3|6:7|6:8|6:9|7:9|8:9,2218
2796,4524,0.3080645161290322,3.0,3.0,0.0,3.0,126,victory,1,0,,0,53,34,0:0|0:4|0:5|0:6|0:7|0:8|1:0|1:4|1:8|2:0|2:2|2:3|2:4|2:8|2:9|3:0|3:1|3:2|3:8|3:9|4:2|4:8|4:9|5:1|5:2|5:8|5:9|6:1|6:8|6:9|7:8|7:9|8:8|8:9,2218
2797,4525,0.3078169542385596,2.0,2.0,0.0,2.0,47,death,0,1,monster,0,37,31,0:0|0:4|0:5|0:6|0:7|0:8|1:0|1:4|1:8|2:0|2:2|2:3|2:4|2:8|3:0|3:1|3:2|3:8|3:9|4:2|4:3|4:5|4:6|4:7|4:8|4:9|5:1|5:2|6:1|6:2|6:3,2218
2798,4526,0.3075693923480871,3.0,3.0,0.0,3.0,100,victory,1,0,,0,42,34,0:0|0:4|0:5|0:6|0:7|0:8|1:0|1:2|1:4|1:8|2:0|2:2|2:3|2:4|2:8|2:9|3:0|3:1|3:2|3:8|3:9|4:2|4:3|4:8|4:9|5:1|5:2|5:8|5:9|6:1|6:9|7:9|8:8|8:9,2218
2799,4527,0.3073218304576144,0.0,0.0,0.0,0.0,54,death,0,1,monster,0,23,14,0:0|0:1|0:2|1:0|1:2|2:0|2:2|3:0|3:1|3:2|4:2|5:0|5:1|5:2,2218
2800,4528,0.3070742685671418,3.0,3.0,0.0,3.0,105,victory,1,0,,0,47,37,0:0|0:4|0:5|0:6|0:7|0:8|0:9|1:0|1:4|1:8|1:9|2:0|2:2|2:3|2:4|2:8|2:9|3:0|3:1|3:2|3:8|3:9|4:2|4:7|4:8|4:9|5:0|5:1|5:2|5:8|6:1|6:2|6:8|6:9|7:9|8:8|8:9,2218
2801,4529,0.3068267066766692,3.0,3.0,0.0,3.0,71,victory,1,0,,0,38,33,0:0|0:4|0:5|0:6|0:7|0:8|1:0|1:4|1:7|1:8|1:9|2:0|2:2|2:3|2:4|2:8|2:9|3:0|3:1|3:2|3:9|4:2|4:8|4:9|5:1|5:2|5:8|5:9|6:1|6:9|7:9|8:8|8:9,2218
2802,4530,0.3065791447861965,3.0,3.0,0.0,3.0,139,victory,1,0,,0,47,40,0:0|0:4|0:5|0:6|0:7|0:8|1:0|1:4|1:6|1:7|1:8|2:0|2:2|2:3|2:4|2:8|2:9|3:0|3:1|3:2|3:8|3:9|4:2|4:7|4:8|4:9|5:2|5:8|5:9|6:0|6:1|6:2|6:8|6:9|7:0|7:8|7:9|8:0|8:8|8:9,2218
2803,4531,0.30633158289572393,3.0,3.0,0.0,3.0,88,victory,1,0,,0,37,32,0:0|0:4|0:5|0:6|0:7|0:8|1:0|1:4|1:8|1:9|2:0|2:2|2:3|2:4|2:9|3:0|3:1|3:2|3:4|3:9|4:2|4:3|4:8|4:9|5:1|5:2|5:9|6:1|6:9|7:9|8:8|8:9,2218
2804,4532,0.30608402100525134,3.0,3.0,0.0,3.0,67,victory,1,0,,0,44,32,0:0|0:4|0:5|0:6|0:7|0:8|0:9|1:0|1:4|1:8|2:0|2:2|2:3|2:4|2:8|2:9|3:0|3:1|3:2|3:9|4:2|4:9|5:1|5:2|5:8|5:9|6:1|6:2|6:9|7:9|8:8|8:9,2218
2805,4533,0.30583645911477864,3.0,3.0,0.0,3.0,77,victory,1,0,,0,39,31,0:0|0:4|0:5|0:6|0:7|0:8|1:0|1:4|1:8|2:0|2:2|2:3|2:4|2:8|2:9|3:0|3:1|3:2|3:9|4:2|4:3|4:9|5:1|5:2|5:9|6:1|6:2|6:9|7:9|8:8|8:9,2218
2806,4534,0.30558889722430604,3.0,3.0,0.0,3.0,110,victory,1,0,,0,48,38,0:0|0:1|0:4|0:5|0:6|0:7|1:0|1:4|1:6|1:7|1:8|2:0|2:2|2:3|2:4|2:6|2:8|2:9|3:0|3:1|3:2|3:6|3:8|3:9|4:2|4:5|4:6|4:7|4:8|4:9|5:2|5:9|6:1|6:2|6:9|7:9|8:8|8:9,2218
2807,4535,0.30534133533383356,3.0,3.0,0.0,3.0,68,victory,1,0,,0,46,35,0:0|0:4|0:5|0:6|0:7|1:0|1:4|1:6|1:7|2:0|2:2|2:3|2:4|2:6|3:0|3:1|3:2|3:4|3:6|3:8|4:2|4:6|4:7|4:8|4:9|5:1|5:2|5:6|5:9|6:1|6:2|6:9|7:8|7:9|8:8,2218
2808,4536,0.30509377344336086,3.0,3.0,0.0,3.0,92,victory,1,0,,0,35,30,0:0|0:4|0:5|0:6|0:7|0:8|1:0|1:4|1:8|2:0|2:2|2:3|2:4|2:8|2:9|3:0|3:1|3:2|3:9|4:2|4:9|5:1|5:2|5:9|6:1|6:2|6:9|7:9|8:8|8:9,2218
2809,4537,0.30484621155288827,0.0,0.0,0.0,0.0,36,death,0,1,monster,0,17,10,0:0|0:1|0:2|1:0|1:2|2:0|2:2|3:0|3:1|3:2,2218
2810,4538,0.30459864966241557,3.0,3.0,0.0,3.0,156,victory,1,0,,0,36,33,0:0|0:1|0:4|0:5|0:6|0:7|0:8|1:0|1:4|1:8|2:0|2:2|2:3|2:4|2:8|2:9|3:0|3:1|3:2|3:8|3:9|4:2|4:8|4:9|5:1|5:2|5:9|6:1|6:2|6:9|7:9|8:8|8:9,2218
2811,4539,0.304351087771943,3.0,3.0,0.0,3.0,128,victory,1,0,,0,37,34,0:0|0:1|0:2|0:4|0:5|0:6|0:7|0:8|1:0|1:2|1:4|1:8|2:0|2:2|2:3|2:4|2:8|2:9|3:0|3:1|3:2|3:9|4:2|4:9|5:1|5:2|5:9|6:0|6:1|6:2|6:9|7:9|8:8|8:9,2218
2812,4540,0.3041035258814704,3.0,3.0,0.0,3.0,100,victory,1,0,,0,44,34,0:0|0:4|0:5|0:6|0:7|0:8|1:0|1:4|1:8|2:0|2:2|2:3|2:4|2:8|2:9|3:0|3:1|3:2|3:9|4:2|4:3|4:9|5:0|5:1|5:2|5:9|6:0|6:1|6:2|6:3|6:9|7:9|8:8|8:9,2218
2813,4541,0.3038559639909977,3.0,3.0,0.0,3.0,172,victory,1,0,,0,48,37,0:0|0:1|0:2|0:4|0:5|0:6|0:7|0:8|0:9|1:0|1:4|1:6|1:7|1:9|2:0|2:2|2:3|2:4|2:9|3:0|3:1|3:2|3:9|4:2|4:8|4:9|5:0|5:1|5:2|5:9|6:0|6:1|6:8|6:9|7:9|8:8|8:9,2218
2814,4542,0.3036084021005251,2.0,2.0,0.0,2.0,110,death,0,1,monster,0,35,28,0:0|0:4|0:5|0:6|0:7|0:8|0:9|1:0|1:4|1:7|1:8|1:9|2:0|2:2|2:3|2:4|2:8|2:9|3:0|3:1|3:2|3:8|3:9|4:2|5:1|5:2|6:1|6:2,2218
2815,4543,0.3033608402100525,2.0,2.0,0.0,2.0,52,death,0,1,monster,0,33,26,0:0|0:4|0:5|0:6|0:7|0:8|1:0|1:4|1:7|1:8|1:9|2:0|2:2|2:3|2:4|2:8|2:9|3:0|3:1|3:2|4:2|5:1|5:2|6:0|6:1|6:2,2218
2816,4544,0.3031132783195799,3.0,3.0,0.0,3.0,212,victory,1,0,,0,39,33,0:0|0:4|0:5|0:6|0:7|0:8|0:9|1:0|1:4|1:6|1:7|1:8|1:9|2:0|2:2|2:3|2:4|2:9|3:0|3:1|3:2|3:9|4:2|4:9|5:1|5:2|5:9|6:1|6:2|6:9|7:9|8:8|8:9,2218
2817,4545,0.3028657164291073,3.0,3.0,0.0,3.0,152,victory,1,0,,0,57,44,0:0|0:7|1:0|1:6|1:7|2:0|2:2|2:6|3:0|3:1|3:2|3:6|4:2|4:6|4:7|4:8|5:0|5:1|5:2|5:4|5:8|6:0|6:1|6:2|6:3|6:4|6:8|7:0|7:3|7:8|8:0|8:1|8:2|8:3|8:4|8:5|8:7|8:8|9:2|9:3|9:4|9:5|9:6|9:7,2218
2818,4546,0.3026181545386347,2.0,2.0,0.0,2.0,70,death,0,1,monster,0,38,27,0:0|0:4|0:5|0:6|0:7|0:8|1:0|1:4|1:8|1:9|2:0|2:2|2:3|2:4|2:8|2:9|3:0|3:1|3:2|3:8|3:9|4:2|4:9|5:1|5:2|6:1|6:2,2218
2819,4547,0.302370592648162,2.0,2.0,0.0,2.0,178,death,0,1,monster,0,60,44,0:0|0:4|0:5|0:6|0:7|0:8|1:0|1:4|1:8|2:0|2:2|2:3|2:4|2:8|2:9|3:0|3:1|3:2|3:8|3:9|4:2|4:8|4:9|5:0|5:1|5:2|5:8|5:9|6:0|6:1|6:2|6:3|6:8|6:9|7:0|7:3|7:8|7:9|8:0|8:1|8:2|8:3|9:0|9:1,2218
2820,4548,0.3021230307576894,2.0,2.0,0.0,2.0,187,death,0,1,monster,0,59,41,0:0|0:4|0:5|0:6|0:7|0:8|1:0|1:4|1:7|1:8|1:9|2:0|2:2|2:3|2:4|2:9|3:0|3:1|3:2|3:8|3:9|4:2|4:6|4:7|4:8|4:9|5:0|5:1|5:2|5:6|5:8|5:9|6:0|6:1|6:2|6:6|6:7|6:8|6:9|7:9|8:9,2218
2821,4549,0.30187546886721683,3.0,3.0,0.0,3.0,136,victory,1,0,,0,46,38,0:0|0:4|0:5|0:6|0:7|0:8|1:0|1:4|1:8|1:9|2:0|2:2|2:3|2:4|2:8|2:9|3:0|3:1|3:2|3:4|3:5|3:8|3:9|4:2|4:8|4:9|5:1|5:2|5:8|5:9|6:1|6:2|6:3|6:8|6:9|7:9|8:8|8:9,2218
2822,4550,0.30162790697674413,3.0,3.0,0.0,3.0,97,victory,1,0,,0,40,36,0:0|0:4|0:5|0:6|0:7|0:8|1:0|1:4|1:8|1:9|2:0|2:2|2:3|2:4|2:9|3:0|3:1|3:2|3:8|3:9|4:2|4:8|4:9|5:0|5:1|5:2|5:9|6:0|6:1|6:2|6:9|7:0|7:8|7:9|8:0|8:8,2218
2823,4551,0.30138034508627154,3.0,3.0,0.0,3.0,63,victory,1,0,,0,45,33,0:0|0:4|0:5|0:6|0:7|1:0|1:4|1:6|1:7|2:0|2:2|2:3|2:4|2:6|3:0|3:1|3:2|3:4|3:6|4:2|4:6|4:7|4:8|4:9|5:1|5:2|5:9|6:1|6:2|6:9|7:9|8:8|8:9,2218
2824,4552,0.30113278319579895,3.0,3.0,0.0,3.0,104,victory,1,0,,0,39,34,0:0|0:4|0:5|0:6|0:7|0:8|1:0|1:4|1:8|1:9|2:0|2:2|2:3|2:4|2:8|2:9|3:0|3:1|3:2|3:8|3:9|4:2|4:8|4:9|5:1|5:2|5:9|6:0|6:1|6:8|6:9|7:9|8:8|8:9,2218
2825,4553,0.30088522130532636,3.0,3.0,0.0,3.0,180,victory,1,0,,0,48,36,0:0|0:4|0:5|0:6|0:7|0:8|1:0|1:4|1:7|1:8|1:9|2:0|2:2|2:3|2:4|2:9|3:0|3:1|3:2|3:9|4:2|4:3|4:4|4:9|5:0|5:1|5:2|5:9|6:0|6:1|6:2|6:8|6:9|7:9|8:8|8:9,2218
2826,4554,0.30063765941485376,3.0,3.0,0.0,3.0,167,victory,1,0,,0,67,44,0:0|0:4|0:5|0:6|0:7|0:8|1:0|1:4|1:7|1:8|1:9|2:0|2:2|2:3|2:4|2:6|2:8|2:9|3:0|3:1|3:2|3:4|3:5|3:6|3:8|3:9|4:2|4:4|4:5|4:6|4:7|4:8|5:0|5:1|5:2|5:6|5:8|5:9|6:1|6:6|6:9|7:8|7:9|8:8,2219
2827,4555,0.30039009752438117,0.0,0.0,0.0,0.0,42,death,0,1,monster,0,13,6,0:0|0:1|0:2|1:0|2:0|3:0,2219
2828,4556,0.30014253563390847,3.0,3.0,0.0,3.0,95,victory,1,0,,0,37,31,0:0|0:4|0:5|0:6|0:7|1:0|1:4|1:7|1:8|1:9|2:0|2:2|2:3|2:4|2:8|2:9|3:0|3:1|3:2|3:8|4:2|4:8|4:9|5:1|5:2|5:9|6:1|6:9|7:9|8:8|8:9,2219
2829,4557,0.2998949737434359,1.0,1.0,0.0,1.0,28,death,0,1,monster,0,24,14,0:0|1:0|2:0|3:0|3:1|3:2|4:2|4:3|5:0|5:1|5:2|6:0|6:1|6:2,2219
2830,4558,0.2996474118529632,2.0,2.0,0.0,2.0,256,death,0,1,monster,0,56,28,0:0|0:4|0:5|0:6|0:7|0:8|0:9|1:0|1:4|1:6|1:7|1:8|1:9|2:0|2:2|2:3|2:4|2:8|2:9|3:0|3:1|3:2|3:4|4:2|5:1|5:2|6:1|6:2,2219
2831,4559,0.2993998499624906,1.0,1.0,0.0,1.0,114,death,0,1,monster,0,33,21,0:0|0:1|0:2|1:0|1:2|1:6|1:7|2:2|2:3|2:4|2:6|3:1|3:2|3:4|3:5|3:6|4:2|4:4|5:1|5:2|6:1,2219
2832,4560,0.299152288072018,3.0,3.0,0.0,3.0,105,victory,1,0,,0,33,29,0:0|0:4|0:5|0:6|0:7|0:8|1:0|1:4|1:8|1:9|2:0|2:2|2:3|2:4|2:9|3:0|3:1|3:2|3:9|4:2|4:9|5:1|5:2|5:9|6:1|6:9|7:9|8:8|8:9,2219
2833,4561,0.2989047261815454,1.0,1.0,0.0,1.0,69,death,0,1,monster,0,27,15,0:0|0:1|0:2|1:0|1:2|2:2|3:0|3:1|3:2|4:2|4:3|5:1|5:2|6:1|6:2,2219
2834,4562,0.2986571642910728,3.0,3.0,0.0,3.0,70,victory,1,0,,0,36,30,0:0|0:1|0:2|0:4|0:5|0:6|0:7|1:0|1:2|1:4|1:7|1:8|2:2|2:3|2:4|2:8|2:9|3:2|3:9|4:2|4:9|5:1|5:2|5:9|6:1|6:2|6:9|7:9|8:8|8:9,2219
2835,4563,0.2984096024006002,2.0,2.0,0.0,2.0,215,death,0,1,monster,0,75,47,0:0|0:1|0:2|0:4|0:5|0:6|0:7|0:8|0:9|1:0|1:2|1:4|1:8|1:9|2:2|2:3|2:4|2:6|2:8|2:9|3:2|3:5|3:6|3:8|3:9|4:2|4:5|4:6|4:7|4:8|4:9|5:0|5:1|5:2|5:6|5:8|5:9|6:0|6:1|6:6|6:7|6:8|6:9|7:6|7:8|7:9|8:9,2219
2836,4564,0.2981620405101275,3.0,3.0,0.0,3.0,74,victory,1,0,,0,41,37,0:0|0:4|0:5|0:6|0:7|0:8|1:0|1:4|1:6|1:7|1:8|1:9|2:0|2:4|2:9|3:0|3:1|3:2|3:4|3:8|3:9|4:2|4:3|4:4|4:6|4:7|4:8|4:9|5:1|5:2|5:9|6:1|6:9|7:9|8:8|8:9|9:9,2219
2837,4565,0.2979144786196549,3.0,3.0,0.0,3.0,57,victory,1,0,,0,35,28,0:0|0:1|0:2|0:4|0:5|0:6|0:7|0:8|1:2|1:4|1:8|1:9|2:2|2:3|2:4|2:9|3:2|3:9|4:2|4:9|5:1|5:2|5:9|6:1|6:9|7:9|8:8|8:9,2219
2838,4566,0.29766691672918233,2.0,2.0,0.0,2.0,41,death,0,1,monster,0,28,23,0:0|0:4|0:5|0:6|0:7|0:8|1:0|1:4|1:6|1:7|1:8|2:0|2:2|2:3|2:4|3:0|3:1|3:2|4:2|5:1|5:2|6:1|6:2,2219
2839,4567,0.2974193548387096,3.0,3.0,0.0,3.0,46,victory,1,0,,0,35,31,0:0|0:4|0:5|0:6|0:7|0:8|0:9|1:0|1:4|1:7|1:8|1:9|2:0|2:2|2:3|2:4|2:9|3:0|3:1|3:2|3:9|4:2|4:9|5:1|5:2|5:9|6:1|6:9|7:9|8:8|8:9,2219
2840,4568,0.29717179294823703,3.0,3.0,0.0,3.0,62,victory,1,0,,0,37,30,0:0|0:4|0:5|0:6|0:7|0:8|0:9|1:0|1:4|1:8|1:9|2:0|2:2|2:3|2:4|2:9|3:0|3:1|3:2|3:9|4:2|4:9|5:1|5:2|5:9|6:1|6:9|7:9|8:8|8:9,2219
2841,4569,0.29692423105776444,3.0,3.0,0.0,3.0,42,victory,1,0,,0,35,30,0:0|0:1|0:2|0:4|0:5|0:6|0:7|0:8|0:9|1:2|1:4|1:9|2:2|2:3|2:4|2:9|3:2|3:9|4:2|4:9|5:1|5:2|5:9|6:1|6:2|6:8|6:9|7:9|8:8|8:9,2219
2842,4570,0.29667666916729185,3.0,3.0,0.0,3.0,144,victory,1,0,,0,56,41,0:0|0:4|0:5|0:6|0:7|0:8|1:0|1:4|1:7|1:8|1:9|2:0|2:2|2:3|2:4|2:9|3:0|3:1|3:2|3:8|3:9|4:2|4:6|4:7|4:8|4:9|5:0|5:1|5:2|5:6|5:8|5:9|6:0|6:1|6:6|6:7|6:8|6:9|7:9|8:8|8:9,2219
2843,4571,0.29642910727681926,3.0,3.0,0.0,3.0,60,victory,1,0,,0,40,32,0:0|0:4|0:5|0:6|0:7|0:8|0:9|1:0|1:4|1:7|1:8|1:9|2:0|2:2|2:3|2:4|2:9|3:0|3:1|3:2|3:9|4:2|4:9|5:1|5:2|5:9|6:0|6:1|6:9|7:9|8:8|8:9,2219
2844,4572,0.29618154538634667,3.0,3.0,0.0,3.0,53,victory,1,0,,0,36,32,0:0|0:4|0:5|0:6|0:7|0:8|1:0|1:4|1:8|1:9|2:0|2:2|2:3|2:4|2:9|3:0|3:1|3:2|3:9|4:2|4:9|5:0|5:1|5:2|5:8|5:9|6:0|6:1|6:9|7:9|8:8|8:9,2219
2845,4573,0.29593398349587396,3.0,3.0,0.0,3.0,45,victory,1,0,,0,36,31,0:0|0:4|0:5|0:6|0:7|0:8|1:0|1:4|1:8|1:9|2:0|2:2|2:3|2:4|2:8|2:9|3:0|3:1|3:2|3:8|3:9|4:2|4:9|5:1|5:2|5:9|6:1|6:9|7:9|8:8|8:9,2219
2846,4574,0.2956864216054014,3.0,3.0,0.0,3.0,91,victory,1,0,,0,53,36,0:0|0:1|0:2|0:6|0:7|0:8|1:0|1:2|1:6|1:8|1:9|2:0|2:2|2:3|2:6|2:9|3:0|3:1|3:2|3:6|3:9|4:2|4:3|4:4|4:5|4:6|4:9|5:1|5:2|5:9|6:1|6:2|6:9|7:9|8:8|8:9,2219
2847,4575,0.2954388597149288,3.0,3.0,0.0,3.0,94,victory,1,0,,0,40,31,0:0|0:4|0:5|0:6|0:7|0:8|1:0|1:4|1:8|1:9|2:0|2:2|2:3|2:4|2:9|3:0|3:1|3:2|3:8|3:9|4:2|4:9|5:1|5:2|5:9|6:1|6:9|7:8|7:9|8:8|8:9,2219
2848,4576,0.2951912978244561,3.0,3.0,0.0,3.0,109,victory,1,0,,0,47,32,0:0|0:4|0:5|0:6|0:7|0:8|1:0|1:2|1:4|1:8|1:9|2:0|2:2|2:3|2:4|2:9|3:0|3:1|3:2|3:4|3:9|4:2|4:9|5:1|5:2|5:9|6:1|6:8|6:9|7:9|8:8|8:9,2219
2849,4577,0.2949437359339835,3.0,3.0,0.0,3.0,46,victory,1,0,,0,37,30,0:0|0:4|0:5|0:6|0:7|0:8|1:0|1:4|1:8|2:0|2:2|2:3|2:4|2:8|2:9|3:0|3:1|3:2|3:8|3:9|4:2|4:9|5:1|5:2|5:9|6:1|6:9|7:9|8:8|8:9,2219
2850,4578,0.2946961740435108,3.0,3.0,0.0,3.0,83,victory,1,0,,0,44,32,0:0|0:4|0:5|0:6|0:7|0:8|1:0|1:4|1:8|2:0|2:2|2:3|2:4|2:8|2:9|3:0|3:1|3:2|3:4|3:9|4:2|4:3|4:9|5:1|5:2|5:8|5:9|6:1|6:9|7:9|8:8|8:9,2219
2851,4579,0.2944486121530383,3.0,3.0,0.0,3.0,65,victory,1,0,,0,38,31,0:0|0:4|0:5|0:6|0:7|0:8|1:0|1:4|1:8|1:9|2:0|2:2|2:3|2:4|2:9|3:0|3:1|3:2|3:9|4:2|4:8|4:9|5:1|5:2|5:8|5:9|6:1|6:9|7:9|8:8|8:9,2219
2852,4580,0.2942010502625657,1.0,1.0,0.0,1.0,38,death,0,1,monster,0,24,17,0:0|0:4|0:5|0:6|1:0|1:4|2:0|2:2|2:3|2:4|3:0|3:1|3:2|4:2|5:1|5:2|6:1,2219
2853,4581,0.293953488372093,3.0,3.0,0.0,3.0,62,victory,1,0,,0,49,38,0:0|0:4|0:5|0:6|0:7|0:8|1:0|1:4|1:8|1:9|2:0|2:2|2:3|2:4|2:9|3:0|3:1|3:2|3:8|3:9|4:2|4:3|4:6|4:7|4:8|4:9|5:1|5:2|5:8|5:9|6:0|6:1|6:8|6:9|7:8|7:9|8:8|8:9,2219
2854,4582,0.2937059264816204,3.0,3.0,0.0,3.0,46,victory,1,0,,0,36,31,0:0|0:4|0:5|0:6|0:7|0:8|1:0|1:4|1:8|1:9|2:0|2:2|2:3|2:4|2:9|3:0|3:1|3:2|3:9|4:2|4:3|4:9|5:1|5:2|5:8|5:9|6:1|6:9|7:9|8:8|8:9,2219
2855,4583,0.2934583645911478,3.0,3.0,0.0,3.0,50,victory,1,0,,0,38,34,0:0|0:2|0:4|0:5|0:6|0:7|0:8|1:0|1:2|1:4|1:8|1:9|2:0|2:2|2:3|2:4|2:9|3:0|3:1|3:2|3:9|4:2|4:9|5:0|5:1|5:2|5:9|6:0|6:1|6:2|6:9|7:9|8:8|8:9,2219
2856,4584,0.2932108027006751,3.0,3.0,0.0,3.0,39,victory,1,0,,0,35,29,0:0|0:4|0:5|0:6|0:7|0:8|1:0|1:4|1:8|1:9|2:0|2:2|2:3|2:4|2:9|3:0|3:1|3:2|3:9|4:2|4:9|5:1|5:2|5:9|6:1|6:9|7:9|8:8|8:9,2219
2857,4585,0.29296324081020253,3.0,3.0,0.0,3.0,68,victory,1,0,,0,42,37,0:0|0:4|0:5|0:6|0:7|0:8|0:9|1:0|1:4|1:7|1:8|1:9|2:0|2:4|2:9|3:0|3:1|3:2|3:4|3:9|4:2|4:3|4:4|4:9|5:0|5:1|5:2|5:9|6:0|6:1|6:2|6:9|7:0|7:9|8:0|8:8|8:9,2219
2858,4586,0.29271567891972994,3.0,3.0,0.0,3.0,85,victory,1,0,,0,39,33,0:0|0:4|0:5|0:6|0:7|0:8|1:0|1:2|1:4|1:8|2:0|2:2|2:3|2:4|2:8|2:9|3:0|3:1|3:2|3:9|4:2|4:9|5:0|5:1|5:2|5:9|6:0|6:1|6:2|6:9|7:9|8:8|8:9,2219
2859,4587,0.29246811702925724,3.0,3.0,0.0,3.0,52,victory,1,0,,0,39,34,0:0|0:4|0:5|0:6|0:7|0:8|0:9|1:0|1:4|1:8|1:9|2:0|2:2|2:3|2:4|2:8|2:9|3:0|3:1|3:2|3:9|4:2|4:9|5:0|5:1|5:2|5:9|6:0|6:1|6:9|7:0|7:9|8:8|8:9,2219
2860,4588,0.29222055513878475,3.0,3.0,0.0,3.0,61,victory,1,0,,0,40,33,0:0|0:4|0:5|0:6|0:7|0:8|0:9|1:0|1:4|1:8|1:9|2:0|2:2|2:3|2:4|2:9|3:0|3:1|3:2|3:9|4:2|4:9|5:0|5:1|5:2|5:9|6:1|6:2|6:9|7:9|8:8|8:9|9:9,2219
2861,4589,0.29197299324831216,3.0,3.0,0.0,3.0,62,victory,1,0,,0,45,36,0:0|0:5|0:6|0:7|0:8|1:0|1:2|1:6|1:8|1:9|2:0|2:2|2:3|2:4|2:6|2:9|3:0|3:1|3:2|3:4|3:6|3:9|4:2|4:4|4:5|4:6|4:9|5:1|5:2|5:8|5:9|6:1|6:9|7:9|8:8|8:9,2219
2862,4590,0.29172543135783946,3.0,3.0,0.0,3.0,113,victory,1,0,,0,63,43,0:0|0:4|0:5|0:6|0:7|0:8|1:0|1:4|1:6|1:7|1:8|1:9|2:0|2:2|2:3|2:4|2:6|2:8|2:9|3:0|3:1|3:2|3:5|3:6|3:8|3:9|4:2|4:5|4:6|4:7|4:8|4:9|5:1|5:2|5:8|5:9|6:1|6:8|6:9|7:9|8:8|8:9|9:9,2219
2863,4591,0.29147786946736687,3.0,3.0,0.0,3.0,51,victory,1,0,,0,38,32,0:0|0:4|0:5|0:6|0:7|0:8|1:0|1:4|1:8|1:9|2:0|2:2|2:3|2:4|2:9|3:0|3:1|3:2|3:9|4:2|4:7|4:8|4:9|5:1|5:2|5:8|5:9|6:1|6:9|7:9|8:8|8:9,2219
2864,4592,0.2912303075768943,3.0,3.0,0.0,3.0,113,victory,1,0,,0,53,39,0:0|0:7|1:0|1:6|1:7|2:0|2:6|3:0|3:1|3:2|3:6|4:2|4:6|5:0|5:1|5:2|5:6|6:0|6:1|6:2|6:6|6:7|6:8|7:0|7:3|7:8|8:0|8:1|8:2|8:3|8:4|8:5|8:7|8:8|9:3|9:4|9:5|9:6|9:7,2219
2865,4593,0.2909827456864216,3.0,3.0,0.0,3.0,57,victory,1,0,,0,38,31,0:0|0:4|0:5|0:6|0:7|0:8|1:0|1:4|1:8|1:9|2:0|2:2|2:3|2:4|2:8|2:9|3:0|3:1|3:2|3:9|4:2|4:9|5:1|5:2|5:9|6:1|6:2|6:9|7:9|8:8|8:9,2219
2866,4594,0.290735183795949,2.0,2.0,0.0,2.0,70,death,0,1,monster,0,42,32,0:0|0:4|0:5|0:6|0:7|0:8|0:9|1:0|1:4|1:7|1:8|1:9|2:0|2:2|2:3|2:4|2:9|3:0|3:1|3:2|3:8|3:9|4:2|4:9|5:1|5:2|5:8|5:9|6:1|6:2|6:3|6:9,2219
2867,4595,0.2904876219054763,3.0,3.0,0.0,3.0,92,victory,1,0,,0,59,34,0:0|0:4|0:5|0:6|0:7|0:8|0:9|1:0|1:4|1:6|1:7|1:8|1:9|2:0|2:2|2:3|2:4|2:9|3:0|3:1|3:2|3:9|4:2|4:9|5:1|5:2|5:9|6:1|6:2|6:8|6:9|7:9|8:8|8:9,2219
2868,4596,0.2902400600150037,2.0,2.0,0.0,2.0,128,death,0,1,monster,0,47,26,0:0|0:2|0:4|0:5|0:6|0:7|0:8|1:0|1:2|1:4|1:6|1:8|1:9|2:0|2:2|2:3|2:4|2:9|3:0|3:1|3:2|3:4|4:2|5:1|5:2|6:1,2219
2869,4597,0.2899924981245312,3.0,3.0,0.0,3.0,55,victory,1,0,,0,37,32,0:0|0:4|0:5|0:6|0:7|0:8|1:0|1:4|1:8|1:9|2:0|2:2|2:3|2:4|2:9|3:0|3:1|3:2|3:8|3:9|4:2|4:3|4:9|5:1|5:2|5:9|6:1|6:8|6:9|7:9|8:8|8:9,2219
2870,4598,0.2897449362340585,3.0,3.0,0.0,3.0,40,victory,1,0,,0,35,31,0:0|0:4|0:5|0:6|0:7|0:8|1:0|1:4|1:8|2:0|2:2|2:3|2:4|2:8|2:9|3:0|3:1|3:2|3:9|4:2|4:8|4:9|5:1|5:2|5:8|5:9|6:1|6:9|7:9|8:8|8:9,2219
2871,4599,0.2894973743435859,3.0,3.0,0.0,3.0,41,victory,1,0,,0,35,30,0:0|0:4|0:5|0:6|0:7|0:8|1:0|1:4|1:8|1:9|2:0|2:2|2:3|2:4|2:9|3:0|3:1|3:2|3:9|4:2|4:9|5:1|5:2|5:9|6:1|6:8|6:9|7:9|8:8|8:9,2219
2872,4600,0.2892498124531133,3.0,3.0,0.0,3.0,50,victory,1,0,,0,36,31,0:0|0:4|0:5|0:6|0:7|0:8|1:0|1:2|1:4|1:6|1:8|1:9|2:0|2:2|2:3|2:4|2:9|3:0|3:1|3:2|3:9|4:2|4:9|5:1|5:2|5:9|6:1|6:9|7:9|8:8|8:9,2219
2873,4601,0.2890022505626406,3.0,3.0,0.0,3.0,51,victory,1,0,,0,36,32,0:0|0:4|0:5|0:6|0:7|0:8|0:9|1:0|1:2|1:4|1:7|1:8|1:9|2:0|2:2|2:3|2:4|2:9|3:0|3:1|3:2|3:9|4:2|4:9|5:1|5:2|5:9|6:1|6:9|7:9|8:8|8:9,2219
2874,4602,0.288754688672168,3.0,3.0,0.0,3.0,38,victory,1,0,,0,34,30,0:0|0:4|0:5|0:6|0:7|0:8|1:0|1:4|1:8|1:9|2:0|2:2|2:3|2:4|2:9|3:0|3:1|3:2|3:9|4:2|4:9|5:1|5:2|5:9|6:1|6:8|6:9|7:9|8:8|8:9,2219
2875,4603,0.28850712678169543,3.0,3.0,0.0,3.0,49,victory,1,0,,0,34,30,0:0|0:4|0:5|0:6|0:7|1:0|1:4|1:7|1:8|1:9|2:0|2:2|2:3|2:4|2:9|3:0|3:1|3:2|3:9|4:2|4:9|5:1|5:2|5:9|6:1|6:8|6:9|7:8|7:9|8:8,2219
2876,4604,0.28825956489122273,3.0,3.0,0.0,3.0,57,victory,1,0,,0,35,30,0:0|0:4|0:5|0:6|0:7|1:0|1:4|1:7|1:8|1:9|2:0|2:2|2:3|2:4|2:9|3:0|3:1|3:2|3:9|4:2|4:9|5:1|5:2|5:8|5:9|6:1|6:9|7:9|8:8|8:9,2219
2877,4605,0.28801200300075025,1.0,1.0,0.0,1.0,22,death,0,1,monster,0,21,14,0:0|1:0|2:0|2:2|2:3|2:4|3:0|3:1|3:2|4:2|4:3|5:1|5:2|6:1,2219
2878,4606,0.28776444111027766,3.0,3.0,0.0,3.0,68,victory,1,0,,0,41,32,0:0|0:4|0:5|0:6|0:7|0:8|1:0|1:2|1:4|1:8|1:9|2:0|2:2|2:3|2:4|2:9|3:0|3:1|3:2|3:9|4:2|4:9|5:0|5:1|5:2|5:9|6:0|6:1|6:9|7:9|8:8|8:9,2219
2879,4607,0.28751687921980495,3.0,3.0,0.0,3.0,46,victory,1,0,,0,35,29,0:0|0:4|0:5|0:6|0:7|0:8|1:0|1:4|1:8|1:9|2:0|2:2|2:3|2:4|2:9|3:0|3:1|3:2|3:9|4:2|4:9|5:1|5:2|5:9|6:1|6:9|7:9|8:8|8:9,2219
2880,4608,0.28726931732933236,3.0,3.0,0.0,3.0,61,victory,1,0,,0,44,32,0:0|0:4|0:5|0:6|0:7|1:0|1:4|1:6|1:7|1:8|1:9|2:0|2:2|2:3|2:4|2:6|2:8|2:9|3:0|3:1|3:2|3:9|4:2|4:9|5:1|5:2|5:9|6:1|6:9|7:9|8:8|8:9,2219
2881,4609,0.28702175543885977,3.0,3.0,0.0,3.0,49,victory,1,0,,0,37,33,0:0|0:4|0:5|0:6|0:7|0:8|1:0|1:4|1:8|1:9|2:0|2:2|2:3|2:4|2:9|3:0|3:1|3:2|3:9|4:2|4:9|5:0|5:1|5:2|5:9|6:1|6:2|6:9|7:9|8:8|8:9|9:8|9:9,2219
2882,4610,0.28677419354838707,3.0,3.0,0.0,3.0,45,victory,1,0,,0,37,30,0:0|0:4|0:5|0:6|0:7|0:8|1:0|1:4|1:8|1:9|2:0|2:2|2:3|2:4|2:9|3:0|3:1|3:2|3:9|4:2|4:9|5:1|5:2|5:9|6:1|6:2|6:9|7:9|8:8|8:9,2219
2883,4611,0.2865266316579145,3.0,3.0,0.0,3.0,119,victory,1,0,,0,64,45,0:0|0:5|0:6|0:7|0:8|0:9|1:0|1:2|1:6|1:7|1:8|1:9|2:0|2:2|2:3|2:4|2:6|2:9|3:0|3:1|3:2|3:4|3:5|3:6|3:9|4:2|4:4|4:9|5:1|5:2|5:9|6:0|6:1|6:2|6:3|6:9|7:0|7:3|7:9|8:0|8:1|8:2|8:3|8:8|8:9,2219
2884,4612,0.2862790697674419,3.0,3.0,0.0,3.0,54,victory,1,0,,0,39,33,0:0|0:1|0:2|0:4|0:5|0:6|0:7|0:8|1:2|1:4|1:8|1:9|2:2|2:4|2:9|3:2|3:4|3:5|3:9|4:2|4:3|4:4|4:9|5:1|5:2|5:9|6:0|6:1|6:2|6:9|7:9|8:8|8:9,2219
2885,4613,0.2860315078769692,3.0,3.0,0.0,3.0,41,victory,1,0,,0,34,29,0:0|0:4|0:5|0:6|0:7|0:8|1:0|1:4|1:8|2:0|2:2|2:3|2:4|2:8|3:0|3:1|3:2|3:8|3:9|4:2|4:9|5:1|5:2|5:9|6:1|6:9|7:9|8:8|8:9,2219
2886,4614,0.2857839459864967,3.0,3.0,0.0,3.0,46,victory,1,0,,0,35,31,0:0|0:4|0:5|0:6|0:7|0:8|1:0|1:4|1:8|2:0|2:2|2:3|2:4|2:8|2:9|3:0|3:1|3:2|3:9|4:2|4:8|4:9|5:1|5:2|5:8|5:9|6:1|6:9|7:9|8:8|8:9,2219
2887,4615,0.285536384096024,3.0,3.0,0.0,3.0,51,victory,1,0,,0,38,32,0:0|0:4|0:5|0:6|0:7|0:8|1:0|1:4|1:8|1:9|2:0|2:2|2:3|2:4|2:9|3:0|3:1|3:2|3:9|4:2|4:3|4:9|5:0|5:1|5:2|5:9|6:0|6:1|6:9|7:9|8:8|8:9,2219
2888,4616,0.2852888222055514,0.0,0.0,0.0,0.0,7,death,0,1,monster,0,8,8,0:0|1:0|2:0|3:0|3:1|3:2|4:2|4:3,2219
2889,4617,0.2850412603150788,2.0,2.0,0.0,2.0,66,death,0,1,monster,0,42,31,0:0|0:4|0:5|0:6|0:7|0:8|1:0|1:4|1:8|1:9|2:0|2:2|2:3|2:4|2:8|2:9|3:0|3:1|3:2|3:8|3:9|4:2|4:8|4:9|5:1|5:2|5:9|6:1|6:9|7:8|7:9,2219
2890,4618,0.2847936984246061,3.0,3.0,0.0,3.0,41,victory,1,0,,0,35,31,0:0|0:4|0:5|0:6|0:7|0:8|1:0|1:4|1:8|1:9|2:0|2:2|2:3|2:4|2:9|3:0|3:1|3:2|3:9|4:2|4:8|4:9|5:1|5:2|5:8|5:9|6:1|6:9|7:9|8:8|8:9,2219
2891,4619,0.2845461365341335,3.0,3.0,0.0,3.0,48,victory,1,0,,0,33,29,0:0|0:4|0:5|0:6|0:7|0:8|1:0|1:4|1:8|1:9|2:0|2:2|2:3|2:4|2:9|3:0|3:1|3:2|3:9|4:2|4:9|5:1|5:2|5:9|6:1|6:9|7:9|8:8|8:9,2219
2892,4620,0.28429857464366093,2.0,2.0,0.0,2.0,56,death,0,1,monster,0,40,30,0:0|0:4|0:5|0:6|0:7|0:8|1:0|1:4|1:8|1:9|2:0|2:2|2:3|2:4|2:8|2:9|3:0|3:1|3:2|3:8|3:9|4:2|4:9|5:1|5:2|5:9|6:1|6:9|7:9|8:9,2219
2893,4621,0.2840510127531882,3.0,3.0,0.0,3.0,64,victory,1,0,,0,41,33,0:0|0:4|0:5|0:6|0:7|0:8|1:0|1:4|1:8|1:9|2:0|2:2|2:3|2:4|2:9|3:0|3:1|3:2|3:9|4:2|4:3|4:8|4:9|5:1|5:2|5:8|5:9|6:1|6:2|6:9|7:9|8:8|8:9,2219
2894,4622,0.28380345086271563,3.0,3.0,0.0,3.0,55,victory,1,0,,0,42,35,0:0|0:4|0:5|0:6|0:7|0:8|0:9|1:0|1:4|1:8|1:9|2:0|2:2|2:3|2:4|2:8|2:9|3:0|3:1|3:2|3:9|4:2|4:9|5:1|5:2|5:9|6:1|6:2|6:3|6:9|7:3|7:9|8:3|8:8|8:9,2219
2895,4623,0.28355588897224315,3.0,3.0,0.0,3.0,47,victory,1,0,,0,35,29,0:0|0:1|0:2|0:4|0:5|0:6|0:7|0:8|1:2|1:4|1:8|1:9|2:2|2:3|2:4|2:8|2:9|3:2|3:9|4:2|4:9|5:1|5:2|5:9|6:1|6:9|7:9|8:8|8:9,2219
2896,4624,0.28330832708177045,3.0,3.0,0.0,3.0,51,victory,1,0,,0,37,32,0:0|0:4|0:5|0:6|0:7|0:8|1:0|1:2|1:4|1:8|1:9|2:0|2:2|2:3|2:4|2:9|3:0|3:1|3:2|3:9|4:2|4:8|4:9|5:1|5:2|5:8|5:9|6:1|6:9|7:9|8:8|8:9,2219
2897,4625,0.28306076519129786,3.0,3.0,0.0,3.0,52,victory,1,0,,0,37,32,0:0|0:4|0:5|0:6|0:7|1:0|1:4|1:7|1:8|1:9|2:0|2:2|2:3|2:4|2:9|3:0|3:1|3:2|3:4|3:8|3:9|4:2|4:8|4:9|5:1|5:2|5:9|6:1|6:9|7:9|8:8|8:9,2219
2898,4626,0.28281320330082527,0.0,0.0,0.0,0.0,85,death,0,1,monster,0,24,11,0:0|1:0|2:0|2:2|3:0|3:1|3:2|4:2|4:3|5:1|5:2,2219
2899,4627,0.28256564141035256,3.0,3.0,0.0,3.0,139,victory,1,0,,0,37,32,0:0|0:4|0:5|0:6|0:7|0:8|0:9|1:0|1:2|1:4|1:8|1:9|2:0|2:2|2:3|2:4|2:9|3:0|3:1|3:2|3:4|3:9|4:2|4:9|5:1|5:2|5:9|6:1|6:9|7:9|8:8|8:9,2219
2900,4628,0.28231807951987997,3.0,3.0,0.0,3.0,64,victory,1,0,,0,33,29,0:0|0:4|0:5|0:6|0:7|0:8|1:0|1:4|1:8|1:9|2:0|2:2|2:3|2:4|2:9|3:0|3:1|3:2|3:9|4:2|4:9|5:1|5:2|5:9|6:1|6:9|7:9|8:8|8:9,2219
2901,4629,0.2820705176294074,1.0,1.0,0.0,1.0,23,death,0,1,monster,0,21,14,0:0|1:0|2:0|2:2|2:3|2:4|3:0|3:1|3:2|4:2|4:3|5:1|5:2|6:1,2219
2902,4630,0.2818229557389347,3.0,3.0,0.0,3.0,41,victory,1,0,,0,34,30,0:0|0:4|0:5|0:6|0:7|0:8|1:0|1:4|1:8|1:9|2:0|2:2|2:3|2:4|2:8|2:9|3:0|3:1|3:2|3:9|4:2|4:9|5:1|5:2|5:9|6:1|6:9|7:9|8:8|8:9,2219
2903,4631,0.2815753938484621,1.0,1.0,0.0,1.0,38,death,0,1,monster,0,24,18,0:0|0:4|0:5|0:6|1:0|1:4|2:0|2:2|2:3|2:4|3:0|3:1|3:2|4:2|4:3|5:1|5:2|6:1,2219
2904,4632,0.2813278319579896,3.0,3.0,0.0,3.0,57,victory,1,0,,0,39,29,0:0|0:4|0:5|0:6|0:7|0:8|1:0|1:4|1:8|1:9|2:0|2:2|2:3|2:4|2:9|3:0|3:1|3:2|3:9|4:2|4:9|5:1|5:2|5:9|6:1|6:9|7:9|8:8|8:9,2219
2905,4633,0.2810802700675169,2.0,2.0,0.0,2.0,54,death,0,1,monster,0,38,28,0:0|0:4|0:5|0:6|0:7|0:8|1:0|1:4|1:7|1:8|1:9|2:0|2:2|2:3|2:4|2:9|3:0|3:1|3:2|3:8|3:9|4:2|4:9|5:0|5:1|5:2|6:0|6:1,2219
2906,4634,0.2808327081770443,3.0,3.0,0.0,3.0,39,victory,1,0,,0,34,30,0:0|0:4|0:5|0:6|0:7|0:8|1:0|1:4|1:8|1:9|2:0|2:2|2:3|2:4|2:9|3:0|3:1|3:2|3:4|3:9|4:2|4:9|5:1|5:2|5:9|6:1|6:9|7:9|8:8|8:9,2219
2907,4635,0.2805851462865716,2.0,2.0,0.0,2.0,67,death,0,1,monster,0,35,21,0:0|0:4|0:5|0:6|0:7|1:0|1:4|2:0|2:2|2:3|2:4|3:0|3:1|3:2|3:4|4:2|5:0|5:1|5:2|6:0|6:1,2219
2908,4636,0.280337584396099,1.0,1.0,0.0,1.0,33,death,0,1,monster,0,21,11,0:0|1:0|2:0|2:2|3:0|3:1|3:2|4:2|5:1|5:2|6:1,2219
2909,4637,0.2800900225056264,3.0,3.0,0.0,3.0,96,victory,1,0,,0,41,31,0:0|0:4|0:5|0:6|0:7|0:8|1:0|1:4|1:8|1:9|2:0|2:2|2:3|2:4|2:9|3:0|3:1|3:2|3:9|4:2|4:3|4:9|5:1|5:2|5:8|5:9|6:1|6:9|7:9|8:8|8:9,2219
2910,4638,0.2798424606151537,0.0,0.0,0.0,0.0,40,death,0,1,monster,0,18,12,0:0|1:0|2:0|3:0|3:1|3:2|4:2|5:0|5:1|5:2|6:0|7:0,2219
2911,4639,0.27959489872468113,3.0,3.0,0.0,3.0,79,victory,1,0,,0,40,32,0:0|0:4|0:5|0:6|0:7|0:8|1:0|1:4|1:8|1:9|2:0|2:2|2:3|2:4|2:9|3:0|3:1|3:2|3:9|4:2|4:3|4:9|5:0|5:1|5:2|5:8|5:9|6:1|6:9|7:9|8:8|8:9,2219
2912,4640,0.27934733683420854,3.0,3.0,0.0,3.0,42,victory,1,0,,0,34,29,0:0|0:4|0:5|0:6|0:7|0:8|1:0|1:4|1:8|1:9|2:0|2:2|2:3|2:4|2:9|3:0|3:1|3:2|3:9|4:2|4:9|5:1|5:2|5:9|6:1|6:9|7:9|8:8|8:9,2219
2913,4641,0.27909977494373595,2.0,2.0,0.0,2.0,52,death,0,1,monster,0,35,26,0:0|0:1|0:2|0:4|0:5|0:6|0:7|0:8|1:2|1:4|1:8|1:9|2:2|2:3|2:4|2:8|2:9|3:2|3:8|3:9|4:2|4:9|5:1|5:2|5:9|6:1,2219
2914,4642,0.27885221305326335,3.0,3.0,0.0,3.0,163,victory,1,0,,0,46,34,0:0|0:2|0:4|0:5|0:6|0:7|0:8|1:0|1:2|1:4|1:7|1:8|1:9|2:0|2:2|2:3|2:4|2:8|2:9|3:0|3:1|3:2|3:8|3:9|4:2|4:9|5:1|5:2|5:9|6:1|6:9|7:8|7:9|8:8,2219
2915,4643,0.27860465116279076,3.0,3.0,0.0,3.0,51,victory,1,0,,0,38,31,0:0|0:4|0:5|0:6|0:7|1:0|1:4|1:7|1:8|1:9|2:0|2:2|2:3|2:4|2:9|3:0|3:1|3:2|3:9|4:2|4:8|4:9|5:1|5:2|5:8|5:9|6:1|6:9|7:9|8:8|8:9,2219
2916,4644,0.27835708927231806,3.0,3.0,0.0,3.0,83,victory,1,0,,0,40,31,0:0|0:4|0:5|0:6|0:7|0:8|1:0|1:4|1:8|1:9|2:0|2:2|2:3|2:4|2:9|3:0|3:1|3:2|3:4|3:9|4:2|4:9|5:1|5:2|5:9|6:1|6:2|6:9|7:9|8:8|8:9,2219
2917,4645,0.27810952738184547,3.0,3.0,0.0,3.0,51,victory,1,0,,0,38,33,0:0|0:4|0:5|0:6|0:7|0:8|1:0|1:4|1:8|1:9|2:0|2:2|2:3|2:4|2:9|3:0|3:1|3:2|3:8|3:9|4:2|4:9|5:1|5:2|5:9|6:0|6:1|6:2|6:8|6:9|7:9|8:8|8:9,2219
2918,4646,0.2778619654913729,3.0,3.0,0.0,3.0,72,victory,1,0,,0,49,35,0:0|0:4|0:5|0:6|0:7|0:8|0:9|1:0|1:2|1:4|1:8|1:9|2:0|2:2|2:3|2:4|2:9|3:0|3:1|3:2|3:4|3:8|3:9|4:2|4:3|4:4|4:9|5:1|5:2|5:9|6:1|6:9|7:9|8:8|8:9,2219
2919,4647,0.2776144036009002,3.0,3.0,0.0,3.0,47,victory,1,0,,0,36,31,0:0|0:4|0:5|0:6|0:7|0:8|1:0|1:4|1:8|1:9|2:0|2:2|2:3|2:4|2:9|3:0|3:1|3:2|3:4|3:9|4:2|4:9|5:0|5:1|5:2|5:9|6:1|6:9|7:9|8:8|8:9,2219
2920,4648,0.2773668417104276,2.0,2.0,0.0,2.0,56,death,0,1,monster,0,37,24,0:0|0:4|0:5|0:6|0:7|0:8|0:9|1:0|1:4|1:7|1:8|1:9|2:0|2:2|2:3|2:4|2:9|3:0|3:1|3:2|4:2|5:1|5:2|6:1,2219
2921,4649,0.277119279819955,3.0,3.0,0.0,3.0,61,victory,1,0,,0,41,31,0:0|0:4|0:5|0:6|0:7|0:8|0:9|1:0|1:4|1:8|1:9|2:0|2:2|2:3|2:4|2:9|3:0|3:1|3:2|3:9|4:2|4:9|5:0|5:1|5:2|5:9|6:1|6:9|7:9|8:8|8:9,2219
2922,4650,0.2768717179294824,3.0,3.0,0.0,3.0,61,victory,1,0,,0,38,29,0:0|0:4|0:5|0:6|0:7|0:8|1:0|1:4|1:8|1:9|2:0|2:2|2:3|2:4|2:9|3:0|3:1|3:2|3:9|4:2|4:9|5:1|5:2|5:9|6:1|6:9|7:9|8:8|8:9,2219
2923,4651,0.2766241560390098,3.0,3.0,0.0,3.0,78,victory,1,0,,0,51,35,0:0|0:4|0:5|0:6|0:7|0:8|0:9|1:0|1:4|1:6|1:7|1:8|1:9|2:0|2:2|2:3|2:4|2:9|3:0|3:1|3:2|3:4|3:9|4:2|4:9|5:0|5:1|5:2|5:8|5:9|6:1|6:9|7:9|8:8|8:9,2219
2924,4652,0.2763765941485372,2.0,2.0,0.0,2.0,84,death,0,1,monster,0,40,23,0:0|0:4|0:5|0:6|0:7|0:8|0:9|1:0|1:4|1:6|1:7|2:0|2:2|2:3|2:4|3:0|3:1|3:2|4:2|4:3|5:1|5:2|6:1,2219
2925,4653,0.2761290322580645,3.0,3.0,0.0,3.0,69,victory,1,0,,0,39,32,0:0|0:4|0:5|0:6|0:7|0:8|1:0|1:4|1:8|1:9|2:0|2:2|2:3|2:4|2:9|3:0|3:1|3:2|3:4|3:9|4:2|4:4|4:9|5:1|5:2|5:9|6:1|6:2|6:9|7:9|8:8|8:9,2219
2926,4654,0.2758814703675919,3.0,3.0,0.0,3.0,50,victory,1,0,,0,37,31,0:0|0:4|0:5|0:6|0:7|0:8|1:0|1:4|1:8|1:9|2:0|2:2|2:3|2:4|2:9|3:0|3:1|3:2|3:9|4:2|4:9|5:0|5:1|5:2|5:8|5:9|6:1|6:9|7:9|8:8|8:9,2219
2927,4655,0.2756339084771192,3.0,3.0,0.0,3.0,97,victory,1,0,,0,48,39,0:0|0:4|0:5|0:6|0:7|0:8|1:0|1:4|1:8|1:9|2:0|2:2|2:3|2:4|2:8|2:9|3:0|3:1|3:2|3:8|3:9|4:2|4:6|4:7|4:8|4:9|5:1|5:2|5:6|5:8|5:9|6:1|6:6|6:7|6:8|6:9|7:9|8:8|8:9,2219
2928,4656,0.2753863465866466,3.0,3.0,0.0,3.0,56,victory,1,0,,0,40,34,0:0|0:4|0:5|0:6|0:7|0:8|1:0|1:4|1:6|1:7|1:8|2:0|2:2|2:3|2:4|2:6|3:0|3:1|3:2|3:6|4:2|4:6|4:7|4:8|5:1|5:2|5:8|5:9|6:1|6:2|6:9|7:9|8:8|8:9,2219
2929,4657,0.27513878469617403,3.0,3.0,0.0,3.0,44,victory,1,0,,0,35,30,0:0|0:4|0:5|0:6|0:7|0:8|1:0|1:4|1:7|1:8|1:9|2:0|2:2|2:3|2:4|2:9|3:0|3:1|3:2|3:9|4:2|4:9|5:1|5:2|5:9|6:1|6:9|7:9|8:8|8:9,2219
2930,4658,0.27489122280570144,2.0,2.0,0.0,2.0,63,death,0,1,monster,0,39,33,0:0|0:4|0:5|0:6|0:7|0:8|0:9|1:0|1:4|1:6|1:8|1:9|2:0|2:2|2:3|2:4|2:8|2:9|3:0|3:1|3:2|3:8|3:9|4:2|4:8|4:9|5:1|5:2|5:8|5:9|6:1|6:8|6:9,2219
2931,4659,0.27464366091522885,3.0,3.0,0.0,3.0,47,victory,1,0,,0,35,30,0:0|0:4|0:5|0:6|0:7|0:8|0:9|1:0|1:4|1:8|1:9|2:0|2:2|2:3|2:4|2:9|3:0|3:1|3:2|3:9|4:2|4:9|5:1|5:2|5:9|6:1|6:9|7:9|8:8|8:9,2219
2932,4660,0.27439609902475626,3.0,3.0,0.0,3.0,103,victory,1,0,,0,46,34,0:0|0:4|0:5|0:6|0:7|0:8|0:9|1:0|1:4|1:6|1:8|1:9|2:0|2:2|2:3|2:4|2:9|3:0|3:1|3:2|3:9|4:2|4:3|4:9|5:0|5:1|5:2|5:9|6:1|6:2|6:9|7:9|8:8|8:9,2219
2933,4661,0.27414853713428355,3.0,3.0,0.0,3.0,170,victory,1,0,,0,50,33,0:0|0:4|0:5|0:6|0:7|0:8|1:0|1:2|1:4|1:8|1:9|2:0|2:2|2:3|2:4|2:9|3:0|3:1|3:2|3:4|3:5|3:9|4:2|4:3|4:9|5:1|5:2|5:9|6:1|6:9|7:9|8:8|8:9,2219
2934,4662,0.27390097524381096,3.0,3.0,0.0,3.0,129,victory,1,0,,0,48,33,0:0|0:1|0:2|0:4|0:5|0:6|0:7|0:8|1:0|1:2|1:4|1:8|2:2|2:3|2:4|2:8|2:9|3:2|3:8|3:9|4:2|4:8|4:9|5:1|5:2|5:8|5:9|6:1|6:9|7:9|8:8|8:9|9:9,2219
2935,4663,0.27365341335333837,3.0,3.0,0.0,3.0,55,victory,1,0,,0,41,31,0:0|0:4|0:5|0:6|0:7|0:8|0:9|1:0|1:4|1:8|1:9|2:0|2:2|2:3|2:4|2:9|3:0|3:1|3:2|3:9|4:2|4:9|5:1|5:2|5:9|6:1|6:8|6:9|7:9|8:8|8:9,2219
2936,4664,0.27340585146286567,3.0,3.0,0.0,3.0,72,victory,1,0,,0,47,39,0:0|0:4|0:5|0:6|0:7|0:8|1:0|1:4|1:6|1:7|1:8|2:0|2:2|2:3|2:4|2:6|3:0|3:1|3:2|3:6|4:2|4:6|4:7|4:8|5:1|5:2|5:6|5:8|5:9|6:1|6:2|6:6|6:7|6:9|7:9|8:8|8:9|9:8|9:9,2219
2937,4665,0.2731582895723931,1.0,1.0,0.0,1.0,23,death,0,1,monster,0,19,13,0:0|1:0|2:0|2:2|3:0|3:1|3:2|4:2|5:1|5:2|6:0|6:1|6:2,2219
2938,4666,0.2729107276819205,3.0,3.0,0.0,3.0,68,victory,1,0,,0,43,31,0:0|0:4|0:5|0:6|0:7|1:0|1:4|1:6|1:7|2:0|2:2|2:3|2:4|2:6|3:0|3:1|3:2|3:6|4:2|4:6|4:7|4:8|5:1|5:2|5:8|6:1|6:8|6:9|7:9|8:8|8:9,2219
2939,4667,0.2726631657914479,3.0,3.0,0.0,3.0,72,victory,1,0,,0,39,31,0:0|0:2|0:4|0:5|0:6|0:7|0:8|1:0|1:2|1:4|1:8|1:9|2:0|2:2|2:3|2:4|2:9|3:0|3:1|3:2|3:9|4:2|4:9|5:1|5:2|5:9|6:1|6:9|7:9|8:8|8:9,2219
2940,4668,0.2724156039009753,3.0,3.0,0.0,3.0,48,victory,1,0,,0,35,31,0:0|0:4|0:5|0:6|0:7|0:8|1:0|1:4|1:8|1:9|2:0|2:2|2:3|2:4|2:9|3:0|3:1|3:2|3:8|3:9|4:2|4:9|5:1|5:2|5:9|6:1|6:2|6:9|7:8|7:9|8:8,2219
2941,4669,0.2721680420105027,1.0,1.0,0.0,1.0,65,death,0,1,monster,0,32,24,0:0|0:4|0:5|0:6|1:0|1:4|1:6|2:0|2:2|2:3|2:4|2:6|3:0|3:1|3:2|3:4|3:5|4:2|4:3|4:4|5:0|5:1|5:2|6:1,2219
2942,4670,0.27192048012003,0.0,0.0,0.0,0.0,30,death,0,1,monster,0,14,10,0:0|0:1|0:2|1:0|1:2|2:0|2:2|3:0|3:1|3:2,2219
2943,4671,0.2716729182295574,1.0,1.0,0.0,1.0,84,death,0,1,monster,0,31,16,0:0|1:0|1:4|2:0|2:2|2:3|2:4|3:0|3:1|3:2|3:4|3:5|4:2|5:1|5:2|6:1,2219
2944,4672,0.2714253563390847,3.0,3.0,0.0,3.0,45,victory,1,0,,0,33,29,0:0|0:4|0:5|0:6|0:7|0:8|1:0|1:4|1:8|2:0|2:2|2:3|2:4|2:8|2:9|3:0|3:1|3:2|3:9|4:2|4:9|5:1|5:2|5:9|6:1|6:9|7:9|8:8|8:9,2219
2945,4673,0.2711777944486121,3.0,3.0,0.0,3.0,79,victory,1,0,,0,37,33,0:0|0:4|0:5|0:6|0:7|0:8|0:9|1:0|1:4|1:6|1:7|1:8|1:9|2:0|2:2|2:3|2:4|2:9|3:0|3:1|3:2|3:8|3:9|4:2|4:9|5:1|5:2|5:9|6:1|6:9|7:8|7:9|8:8,2219
2946,4674,0.2709302325581395,3.0,3.0,0.0,3.0,133,victory,1,0,,0,53,37,0:0|0:1|0:2|0:4|0:5|0:6|0:7|0:8|0:9|1:0|1:2|1:4|1:9|2:0|2:2|2:3|2:4|2:9|3:0|3:1|3:2|3:9|4:2|4:3|4:9|5:1|5:2|5:8|5:9|6:1|6:2|6:3|6:8|6:9|7:8|7:9|8:8,2219
2947,4675,0.2706826706676668,3.0,3.0,0.0,3.0,100,victory,1,0,,0,46,34,0:0|0:1|0:2|0:4|0:5|0:6|0:7|0:8|1:0|1:2|1:4|1:8|1:9|2:0|2:2|2:4|2:9|3:0|3:1|3:2|3:4|3:9|4:2|4:3|4:4|4:9|5:1|5:2|5:9|6:1|6:9|7:9|8:8|8:9,2219
2948,4676,0.27043510877719434,3.0,3.0,0.0,3.0,46,victory,1,0,,0,36,31,0:0|0:4|0:5|0:6|0:7|0:8|1:0|1:4|1:8|1:9|2:0|2:2|2:3|2:4|2:9|3:0|3:1|3:2|3:9|4:2|4:3|4:9|5:1|5:2|5:9|6:1|6:2|6:9|7:8|7:9|8:8,2219
2949,4677,0.27018754688672175,2.0,2.0,0.0,2.0,99,death,0,1,monster,0,48,30,0:0|0:4|0:5|0:6|0:7|0:8|0:9|1:0|1:4|1:6|1:7|1:8|1:9|2:0|2:2|2:3|2:4|2:8|2:9|3:0|3:1|3:2|3:9|4:2|4:7|4:8|4:9|5:1|5:2|6:1,2219
2950,4678,0.26993998499624905,3.0,3.0,0.0,3.0,58,victory,1,0,,0,39,31,0:0|0:4|0:5|0:6|0:7|0:8|1:0|1:4|1:8|1:9|2:0|2:2|2:3|2:4|2:9|3:0|3:1|3:2|3:9|4:2|4:8|4:9|5:1|5:2|5:8|5:9|6:1|6:9|7:9|8:8|8:9,2219
2951,4679,0.26969242310577646,2.0,2.0,0.0,2.0,44,death,0,1,monster,0,28,22,0:0|0:4|0:5|0:6|0:7|1:0|1:4|1:6|1:7|2:0|2:2|2:3|2:4|3:0|3:1|3:2|3:4|4:2|5:1|5:2|6:1|6:2,2219
2952,4680,0.26944486121530387,1.0,1.0,0.0,1.0,38,death,0,1,monster,0,25,17,0:0|0:4|1:0|1:4|2:0|2:2|2:3|2:4|3:0|3:1|3:2|3:4|4:2|5:0|5:1|5:2|6:1,2219
2953,4681,0.26919729932483116,3.0,3.0,0.0,3.0,65,victory,1,0,,0,49,34,0:0|0:1|0:4|0:5|0:6|0:7|0:8|0:9|1:0|1:4|1:6|1:7|1:8|2:0|2:2|2:3|2:4|2:8|2:9|3:0|3:1|3:2|3:9|4:2|4:9|5:0|5:1|5:2|5:9|6:1|6:9|7:9|8:8|8:9,2219
2954,4682,0.26894973743435857,3.0,3.0,0.0,3.0,58,victory,1,0,,0,37,32,0:0|0:4|0:5|0:6|0:7|0:8|1:0|1:4|1:8|1:9|2:0|2:2|2:3|2:4|2:9|3:0|3:1|3:2|3:9|4:2|4:9|5:0|5:1|5:2|5:9|6:1|6:8|6:9|7:8|7:9|8:8|8:9,2219
2955,4683,0.268702175543886,3.0,3.0,0.0,3.0,68,victory,1,0,,0,40,31,0:0|0:4|0:5|0:6|0:7|0:8|1:0|1:4|1:8|1:9|2:0|2:2|2:3|2:4|2:8|2:9|3:0|3:1|3:2|3:9|4:2|4:9|5:1|5:2|5:8|5:9|6:1|6:9|7:9|8:8|8:9,2219
2956,4684,0.2684546136534133,3.0,3.0,0.0,3.0,52,victory,1,0,,0,42,35,0:0|0:1|0:2|0:4|0:5|0:6|0:7|0:8|1:2|1:4|1:8|1:9|2:2|2:3|2:4|2:9|3:1|3:2|3:4|3:5|3:9|4:2|4:7|4:8|4:9|5:1|5:2|5:8|5:9|6:1|6:8|6:9|7:8|7:9|8:8,2219
2957,4685,0.2682070517629408,3.0,3.0,0.0,3.0,46,victory,1,0,,0,34,30,0:0|0:4|0:5|0:6|0:7|0:8|1:0|1:4|1:8|1:9|2:0|2:2|2:3|2:4|2:9|3:0|3:1|3:2|3:9|4:2|4:3|4:9|5:1|5:2|5:9|6:1|6:9|7:9|8:8|8:9,2219
2958,4686,0.2679594898724682,3.0,3.0,0.0,3.0,65,victory,1,0,,0,44,34,0:0|0:4|0:5|0:6|0:7|0:8|1:0|1:4|1:8|1:9|2:0|2:2|2:3|2:4|2:8|2:9|3:0|3:1|3:2|3:4|3:8|3:9|4:2|4:9|5:0|5:1|5:2|5:9|6:1|6:8|6:9|7:9|8:8|8:9,2219
2959,4687,0.2677119279819955,3.0,3.0,0.0,3.0,58,victory,1,0,,0,40,35,0:0|0:4|0:5|0:6|0:7|0:8|1:0|1:4|1:6|1:7|1:8|1:9|2:0|2:2|2:3|2:4|2:9|3:0|3:1|3:2|3:8|3:9|4:2|4:8|4:9|5:1|5:2|5:8|5:9|6:1|6:9|7:9|8:8|8:9|9:9,2219
2960,4688,0.2674643660915229,3.0,3.0,0.0,3.0,40,victory,1,0,,0,33,30,0:0|0:4|0:5|0:6|0:7|0:8|1:0|1:4|1:8|1:9|2:0|2:2|2:3|2:4|2:9|3:0|3:1|3:2|3:9|4:2|4:9|5:1|5:2|5:9|6:1|6:2|6:9|7:8|7:9|8:8,2219
2961,4689,0.2672168042010503,1.0,1.0,0.0,1.0,28,death,0,1,monster,0,23,13,0:0|0:1|0:2|1:2|2:2|3:2|4:2|4:3|5:0|5:1|5:2|6:0|6:1,2219
2962,4690,0.2669692423105776,3.0,3.0,0.0,3.0,64,victory,1,0,,0,43,33,0:0|0:1|0:2|0:4|0:5|0:6|0:7|0:8|1:0|1:2|1:4|1:8|1:9|2:0|2:2|2:3|2:4|2:9|3:0|3:1|3:2|3:9|4:2|4:3|4:9|5:1|5:2|5:9|6:1|6:9|7:9|8:8|8:9,2219
2963,4691,0.266721680420105,0.0,0.0,0.0,0.0,19,death,0,1,monster,0,12,11,0:0|1:0|2:0|2:2|3:0|3:1|3:2|4:2|5:2|6:2|6:3,2219
2964,4692,0.2664741185296323,1.0,1.0,0.0,1.0,36,death,0,1,monster,0,22,13,0:0|1:0|2:0|2:2|2:3|3:0|3:1|3:2|4:2|4:3|5:1|5:2|6:1,2219
2965,4693,0.26622655663915973,3.0,3.0,0.0,3.0,56,victory,1,0,,0,40,34,0:0|0:4|0:5|0:6|0:7|0:8|1:0|1:2|1:4|1:8|1:9|2:0|2:2|2:3|2:4|2:9|3:0|3:1|3:2|3:8|3:9|4:2|4:9|5:0|5:1|5:2|5:9|6:1|6:2|6:3|6:9|7:9|8:8|8:9,2219
2966,4694,0.26597899474868725,3.0,3.0,0.0,3.0,51,victory,1,0,,0,36,32,0:0|0:4|0:5|0:6|0:7|0:8|0:9|1:0|1:4|1:8|2:0|2:2|2:3|2:4|2:8|2:9|3:0|3:1|3:2|3:9|4:2|4:3|4:9|5:1|5:2|5:9|6:1|6:9|7:9|8:8|8:9|9:9,2219
2967,4695,0.26573143285821454,3.0,3.0,0.0,3.0,37,victory,1,0,,0,34,31,0:0|0:4|0:5|0:6|0:7|0:8|1:0|1:4|1:8|2:0|2:2|2:3|2:4|2:8|2:9|3:0|3:1|3:2|3:9|4:2|4:9|5:1|5:2|5:9|6:1|6:2|6:9|7:9|8:8|8:9|9:9,2219
2968,4696,0.26548387096774195,3.0,3.0,0.0,3.0,74,victory,1,0,,0,40,32,0:0|0:2|0:4|0:5|0:6|0:7|0:8|1:0|1:2|1:4|1:8|1:9|2:0|2:2|2:3|2:4|2:9|3:0|3:1|3:2|3:9|4:2|4:3|4:9|5:1|5:2|5:9|6:1|6:9|7:9|8:8|8:9,2219
2969,4697,0.26523630907726936,3.0,3.0,0.0,3.0,35,victory,1,0,,0,33,29,0:0|0:4|0:5|0:6|0:7|0:8|1:0|1:4|1:8|1:9|2:0|2:2|2:3|2:4|2:9|3:0|3:1|3:2|3:9|4:2|4:9|5:1|5:2|5:9|6:1|6:9|7:9|8:8|8:9,2219
2970,4698,0.26498874718679666,3.0,3.0,0.0,3.0,81,victory,1,0,,0,45,34,0:0|0:4|0:5|0:6|0:7|0:8|1:0|1:4|1:8|1:9|2:0|2:4|2:9|3:0|3:1|3:2|3:4|3:9|4:2|4:3|4:4|4:8|4:9|5:0|5:1|5:2|5:8|5:9|6:1|6:2|6:9|7:9|8:8|8:9,2219
2971,4699,0.26474118529632407,3.0,3.0,0.0,3.0,51,victory,1,0,,0,33,29,0:0|0:4|0:5|0:6|0:7|0:8|1:0|1:4|1:8|1:9|2:0|2:2|2:3|2:4|2:9|3:0|3:1|3:2|3:9|4:2|4:9|5:1|5:2|5:9|6:1|6:9|7:8|7:9|8:8,2219
2972,4700,0.2644936234058515,3.0,3.0,0.0,3.0,67,victory,1,0,,0,46,32,0:0|0:1|0:2|0:4|0:5|0:6|0:7|0:8|1:0|1:2|1:4|1:8|1:9|2:0|2:2|2:3|2:4|2:9|3:0|3:1|3:2|3:9|4:2|4:9|5:1|5:2|5:9|6:1|6:9|7:9|8:8|8:9,2219
2973,4701,0.26424606151537877,3.0,3.0,0.0,3.0,118,victory,1,0,,0,48,36,0:0|0:4|0:5|0:6|0:7|0:8|1:0|1:4|1:8|1:9|2:0|2:2|2:3|2:4|2:9|3:0|3:1|3:2|3:9|4:2|4:9|5:0|5:1|5:2|5:9|6:0|6:1|6:2|6:9|7:0|7:9|8:0|8:1|8:2|8:8|8:9,2219
2974,4702,0.2639984996249063,3.0,3.0,0.0,3.0,62,victory,1,0,,0,41,34,0:0|0:4|0:5|0:6|0:7|0:8|0:9|1:0|1:4|1:7|1:8|1:9|2:0|2:2|2:3|2:4|2:9|3:0|3:1|3:2|3:8|3:9|4:2|4:9|5:0|5:1|5:2|5:9|6:1|6:2|6:9|7:9|8:8|8:9,2219
2975,4703,0.2637509377344337,3.0,3.0,0.0,3.0,92,victory,1,0,,0,48,37,0:0|0:2|0:4|0:5|0:6|0:7|0:8|1:0|1:2|1:4|1:7|1:8|1:9|2:0|2:2|2:3|2:4|2:8|2:9|3:0|3:1|3:2|3:8|3:9|4:2|4:9|5:0|5:1|5:2|5:9|6:0|6:1|6:2|6:9|7:9|8:8|8:9,2219
2976,4704,0.263503375843961,3.0,3.0,0.0,3.0,76,victory,1,0,,0,44,35,0:0|0:4|0:5|0:6|0:7|0:8|0:9|1:0|1:4|1:8|1:9|2:0|2:2|2:3|2:4|2:9|3:0|3:1|3:2|3:4|3:8|3:9|4:2|4:4|4:9|5:1|5:2|5:9|6:0|6:1|6:2|6:9|7:9|8:8|8:9,2219
2977,4705,0.2632558139534884,3.0,3.0,0.0,3.0,75,victory,1,0,,0,49,38,0:0|0:4|0:5|0:6|0:7|0:8|1:0|1:4|1:6|1:7|1:8|2:0|2:2|2:3|2:4|2:6|3:0|3:1|3:2|3:5|3:6|4:2|4:5|4:6|4:7|4:8|5:0|5:1|5:2|5:8|5:9|6:0|6:1|6:2|6:9|7:9|8:8|8:9,2219
2978,4706,0.2630082520630158,3.0,3.0,0.0,3.0,105,victory,1,0,,0,58,43,0:0|0:4|0:5|0:6|0:7|0:8|1:0|1:2|1:4|1:8|1:9|2:0|2:2|2:3|2:4|2:8|2:9|3:0|3:1|3:2|3:8|3:9|4:2|4:3|4:7|4:8|4:9|5:1|5:2|5:6|5:8|5:9|6:0|6:1|6:2|6:6|6:7|6:8|6:9|7:0|7:9|8:8|8:9,2219
2979,4707,0.2627606901725431,3.0,3.0,0.0,3.0,61,victory,1,0,,0,36,31,0:0|0:4|0:5|0:6|0:7|0:8|1:0|1:4|1:8|1:9|2:0|2:2|2:3|2:4|2:8|2:9|3:0|3:1|3:2|3:9|4:2|4:9|5:1|5:2|5:9|6:1|6:2|6:9|7:9|8:8|8:9,2219
2980,4708,0.2625131282820705,3.0,3.0,0.0,3.0,61,victory,1,0,,0,36,31,0:0|0:4|0:5|0:6|0:7|0:8|1:0|1:4|1:8|1:9|2:0|2:2|2:3|2:4|2:9|3:0|3:1|3:2|3:9|4:2|4:9|5:0|5:1|5:2|5:9|6:1|6:2|6:9|7:9|8:8|8:9,2219
2981,4709,0.2622655663915979,3.0,3.0,0.0,3.0,38,victory,1,0,,0,34,30,0:0|0:4|0:5|0:6|0:7|0:8|1:0|1:4|1:8|2:0|2:2|2:3|2:4|2:8|3:0|3:1|3:2|3:8|3:9|4:2|4:9|5:1|5:2|5:9|6:1|6:2|6:9|7:9|8:8|8:9,2219
2982,4710,0.2620180045011252,3.0,3.0,0.0,3.0,60,victory,1,0,,0,41,33,0:0|0:4|0:5|0:6|0:7|0:8|1:0|1:4|1:8|1:9|2:0|2:2|2:3|2:4|2:9|3:0|3:1|3:2|3:9|4:2|4:9|5:1|5:2|5:9|6:0|6:1|6:2|6:9|7:0|7:9|8:8|8:9|9:9,2219
2983,4711,0.26177044261065274,3.0,3.0,0.0,3.0,36,victory,1,0,,0,37,30,0:0|0:4|0:5|0:6|0:7|0:8|1:0|1:4|1:8|1:9|2:0|2:2|2:3|2:4|2:9|3:0|3:1|3:2|3:9|4:2|4:9|5:2|5:9|6:1|6:2|6:3|6:9|7:9|8:8|8:9,2219
2984,4712,0.26152288072018004,3.0,3.0,0.0,3.0,44,victory,1,0,,0,35,30,0:0|0:4|0:5|0:6|0:7|0:8|1:0|1:4|1:8|1:9|2:0|2:2|2:3|2:4|2:9|3:0|3:1|3:2|3:9|4:2|4:9|5:1|5:2|5:9|6:1|6:2|6:9|7:9|8:8|8:9,2219
2985,4713,0.26127531882970745,3.0,3.0,0.0,3.0,46,victory,1,0,,0,37,33,0:0|0:4|0:5|0:6|0:7|0:8|1:0|1:4|1:6|1:8|1:9|2:0|2:2|2:3|2:4|2:9|3:0|3:1|3:2|3:4|3:9|4:2|4:9|5:0|5:1|5:2|5:9|6:1|6:2|6:9|7:9|8:8|8:9,2219
2986,4714,0.26102775693923486,3.0,3.0,0.0,3.0,51,victory,1,0,,0,37,33,0:0|0:4|0:5|0:6|0:7|0:8|1:0|1:4|1:6|1:7|1:8|1:9|2:0|2:2|2:3|2:4|2:9|3:0|3:1|3:2|3:4|3:9|4:2|4:9|5:1|5:2|5:9|6:1|6:2|6:9|7:9|8:8|8:9,2219
2987,4715,0.26078019504876215,3.0,3.0,0.0,3.0,45,victory,1,0,,0,34,30,0:0|0:4|0:5|0:6|0:7|0:8|1:0|1:4|1:8|1:9|2:0|2:2|2:3|2:4|2:9|3:0|3:1|3:2|3:9|4:2|4:9|5:1|5:2|5:9|6:1|6:2|6:9|7:9|8:8|8:9,2219
2988,4716,0.26053263315828956,3.0,3.0,0.0,3.0,45,victory,1,0,,0,36,33,0:0|0:1|0:4|0:5|0:6|0:7|0:8|1:0|1:4|1:7|1:8|1:9|2:0|2:2|2:3|2:4|2:9|3:0|3:1|3:2|3:9|4:2|4:9|5:1|5:2|5:9|6:1|6:2|6:9|7:9|8:8|8:9|9:9,2219
2989,4717,0.26028507126781697,3.0,3.0,0.0,3.0,75,victory,1,0,,0,53,38,0:0|0:4|0:5|0:6|0:7|0:8|0:9|1:0|1:4|1:6|1:7|1:8|1:9|2:0|2:2|2:3|2:4|2:6|2:9|3:0|3:1|3:2|3:6|3:9|4:2|4:6|4:7|4:8|4:9|5:1|5:2|5:9|6:1|6:2|6:9|7:9|8:8|8:9,2219
2990,4718,0.26003750937734427,2.0,2.0,0.0,2.0,42,death,0,1,monster,0,28,21,0:0|0:4|0:5|0:6|0:7|1:0|1:4|2:0|2:2|2:3|2:4|3:0|3:1|3:2|3:4|4:2|4:3|5:1|5:2|6:1|6:2,2219
2991,4719,0.2597899474868717,2.0,2.0,0.0,2.0,40,death,0,1,monster,0,29,26,0:0|0:4|0:5|0:6|0:7|0:8|0:9|1:0|1:4|1:7|1:8|1:9|2:0|2:2|2:3|2:4|2:9|3:0|3:1|3:2|3:9|4:2|5:1|5:2|6:1|6:2,2219
2992,4720,0.2595423855963992,1.0,1.0,0.0,1.0,18,death,0,1,monster,0,15,12,0:0|1:0|2:0|2:2|3:0|3:1|3:2|4:2|5:1|5:2|6:1|6:2,2219
2993,4721,0.2592948237059265,3.0,3.0,0.0,3.0,66,victory,1,0,,0,46,36,0:0|0:1|0:4|0:5|0:6|0:7|0:8|0:9|1:0|1:4|1:8|1:9|2:0|2:2|2:3|2:4|2:8|2:9|3:0|3:1|3:2|3:8|3:9|4:2|4:8|4:9|5:1|5:2|5:8|6:1|6:2|6:8|6:9|7:9|8:8|8:9,2219
2994,4722,0.2590472618154539,3.0,3.0,0.0,3.0,47,victory,1,0,,0,34,31,0:0|0:4|0:5|0:6|0:7|0:8|1:0|1:4|1:7|1:8|1:9|2:0|2:2|2:3|2:4|2:9|3:0|3:1|3:2|3:9|4:2|4:9|5:1|5:2|5:9|6:1|6:2|6:9|7:9|8:8|8:9,2219
2995,4723,0.2587996999249813,1.0,1.0,0.0,1.0,42,death,0,1,monster,0,27,18,0:0|0:1|0:4|0:5|1:0|1:4|2:0|2:2|2:3|2:4|3:0|3:1|3:2|4:2|5:1|5:2|6:1|6:2,2219
2996,4724,0.2585521380345086,3.0,3.0,0.0,3.0,42,victory,1,0,,0,33,30,0:0|0:4|0:5|0:6|0:7|0:8|1:0|1:4|1:8|1:9|2:0|2:2|2:3|2:4|2:9|3:0|3:1|3:2|3:9|4:2|4:9|5:1|5:2|5:9|6:1|6:2|6:9|7:9|8:8|8:9,2219
2997,4725,0.258304576144036,3.0,3.0,0.0,3.0,52,victory,1,0,,0,42,34,0:0|0:4|0:5|0:6|0:7|1:0|1:4|1:7|1:8|1:9|2:0|2:2|2:3|2:4|2:8|2:9|3:0|3:1|3:2|3:8|3:9|4:2|4:8|4:9|5:1|5:2|5:8|5:9|6:1|6:2|6:9|7:9|8:8|8:9,2219
2998,4726,0.2580570142535634,3.0,3.0,0.0,3.0,54,victory,1,0,,0,36,33,0:0|0:4|0:5|0:6|0:7|0:8|1:0|1:4|1:8|1:9|2:0|2:2|2:3|2:4|2:9|3:0|3:1|3:2|3:9|4:2|4:3|4:8|4:9|5:1|5:2|5:8|5:9|6:1|6:2|6:9|7:9|8:8|8:9,2219
2999,4727,0.2578094523630907,3.0,3.0,0.0,3.0,49,victory,1,0,,0,40,32,0:0|0:4|0:5|0:6|0:7|0:8|1:0|1:2|1:4|1:8|2:0|2:2|2:3|2:4|2:8|2:9|3:0|3:1|3:2|3:8|3:9|4:2|4:9|5:1|5:2|5:9|6:1|6:2|6:9|7:9|8:8|8:9,2219
3000,4728,0.2575618904726181,3.0,3.0,0.0,3.0,68,victory,1,0,,0,45,34,0:0|0:1|0:4|0:5|0:6|0:7|0:8|1:0|1:4|1:8|1:9|2:0|2:2|2:3|2:4|2:9|3:0|3:1|3:2|3:9|4:2|4:9|5:1|5:2|5:8|5:9|6:1|6:2|6:3|6:4|6:9|7:9|8:8|8:9,2219
3001,4729,0.25731432858214554,2.0,2.0,0.0,2.0,41,death,0,1,monster,0,29,22,0:0|0:4|0:5|0:6|0:7|1:0|1:4|1:6|1:7|2:0|2:2|2:3|2:4|3:0|3:1|3:2|4:2|4:3|5:1|5:2|6:1|6:2,2219
3002,4730,0.25706676669167294,1.0,1.0,0.0,1.0,52,death,0,1,monster,0,26,16,0:0|1:0|1:2|2:0|2:2|2:3|2:4|3:0|3:1|3:2|3:4|4:2|5:1|5:2|6:1|6:2,2219
3003,4731,0.25681920480120035,3.0,3.0,0.0,3.0,83,victory,1,0,,0,49,33,0:0|0:2|0:4|0:5|0:6|0:7|0:8|1:0|1:2|1:4|1:8|1:9|2:0|2:2|2:3|2:4|2:9|3:0|3:1|3:2|3:9|4:2|4:9|5:1|5:2|5:9|6:1|6:2|6:9|7:9|8:8|8:9|9:9,2219
3004,4732,0.25657164291072765,3.0,3.0,0.0,3.0,142,victory,1,0,,0,55,38,0:0|0:4|0:5|0:6|0:7|0:8|1:0|1:4|1:8|1:9|2:0|2:2|2:3|2:4|2:9|3:0|3:1|3:2|3:4|3:5|3:9|4:2|4:9|5:0|5:1|5:2|5:8|5:9|6:0|6:1|6:2|6:8|6:9|7:0|7:8|7:9|8:8|8:9,2219
3005,4733,0.25632408102025506,3.0,3.0,0.0,3.0,51,victory,1,0,,0,42,35,0:0|0:6|0:7|0:8|1:0|1:6|1:8|1:9|2:0|2:2|2:6|2:9|3:0|3:1|3:2|3:6|3:9|4:2|4:3|4:4|4:5|4:6|4:9|5:0|5:1|5:2|5:9|6:0|6:1|6:2|6:8|6:9|7:8|7:9|8:8,2219
3006,4734,0.25607651912978247,3.0,3.0,0.0,3.0,159,victory,1,0,,0,63,40,0:0|0:4|0:5|0:6|0:7|0:8|0:9|1:0|1:4|1:6|1:7|1:8|1:9|2:0|2:2|2:3|2:4|2:8|2:9|3:0|3:1|3:2|3:4|3:8|3:9|4:2|4:4|4:8|4:9|5:1|5:2|5:4|5:8|5:9|6:1|6:2|6:9|7:8|7:9|8:8,2219
3007,4735,0.25582895723930976,3.0,3.0,0.0,3.0,92,victory,1,0,,0,34,31,0:0|0:4|0:5|0:6|0:7|0:8|1:0|1:4|1:8|1:9|2:0|2:2|2:3|2:4|2:8|2:9|3:0|3:1|3:2|3:9|4:2|4:9|5:1|5:2|5:9|6:1|6:2|6:9|7:8|7:9|8:8,2219
3008,4736,0.25558139534883717,2.0,2.0,0.0,2.0,97,death,0,1,monster,0,39,29,0:0|0:4|0:5|0:6|0:7|0:8|0:9|1:0|1:4|1:7|1:8|1:9|2:0|2:2|2:3|2:4|2:8|2:9|3:0|3:1|3:2|3:8|3:9|4:2|4:9|5:1|5:2|6:1|6:2,2219
3009,4737,0.2553338334583646,3.0,3.0,0.0,3.0,47,victory,1,0,,0,38,35,0:0|0:4|0:5|0:6|0:7|0:8|1:0|1:2|1:4|1:8|1:9|2:0|2:2|2:3|2:4|2:9|3:0|3:1|3:2|3:8|3:9|4:2|4:3|4:8|5:1|5:2|5:8|5:9|6:1|6:2|6:3|6:9|7:8|7:9|8:8,2219
3010,4738,0.255086271567892,1.0,1.0,0.0,1.0,51,death,0,1,monster,0,31,19,0:0|0:1|0:2|0:4|1:0|1:2|1:4|2:0|2:2|2:3|2:4|3:0|3:1|3:2|4:2|5:1|5:2|6:1|6:2,2219
3011,4739,0.2548387096774194,3.0,3.0,0.0,3.0,88,victory,1,0,,0,51,34,0:0|0:4|0:5|0:6|0:7|0:8|0:9|1:0|1:4|1:6|1:7|2:0|2:2|2:3|2:4|2:6|3:0|3:1|3:2|3:6|4:2|4:6|4:7|4:8|5:1|5:2|5:8|5:9|6:1|6:2|6:9|7:8|7:9|8:8,2219
3012,4740,0.2545911477869468,3.0,3.0,0.0,3.0,75,victory,1,0,,0,45,34,0:0|0:4|0:5|0:6|0:7|0:8|1:0|1:4|1:8|2:0|2:2|2:3|2:4|2:8|2:9|3:0|3:1|3:2|3:9|4:2|4:9|5:0|5:1|5:2|5:8|5:9|6:0|6:1|6:2|6:3|6:9|7:8|7:9|8:8,2219
3013,4741,0.2543435858964741,3.0,3.0,0.0,3.0,121,victory,1,0,,0,47,38,0:0|0:7|1:0|1:6|1:7|2:0|2:6|3:0|3:1|3:2|3:6|4:2|4:6|5:0|5:1|5:2|5:6|6:0|6:1|6:2|6:3|6:6|6:7|6:8|7:0|7:3|7:8|8:3|8:4|8:5|8:7|8:8|8:9|9:3|9:4|9:5|9:6|9:7,2219
3014,4742,0.2540960240060015,3.0,3.0,0.0,3.0,55,victory,1,0,,0,36,31,0:0|0:4|0:5|0:6|0:7|0:8|1:0|1:4|1:8|1:9|2:0|2:2|2:3|2:4|2:9|3:0|3:1|3:2|3:9|4:2|4:9|5:1|5:2|5:9|6:1|6:2|6:8|6:9|7:8|7:9|8:8,2219
3015,4743,0.2538484621155289,3.0,3.0,0.0,3.0,70,victory,1,0,,0,38,32,0:0|0:4|0:5|0:6|0:7|0:8|1:0|1:4|1:8|1:9|2:0|2:2|2:3|2:4|2:9|3:0|3:1|3:2|3:9|4:2|4:9|5:0|5:1|5:2|5:8|5:9|6:1|6:2|6:9|7:8|7:9|8:8,2219
3016,4744,0.2536009002250562,3.0,3.0,0.0,3.0,76,victory,1,0,,0,55,43,0:0|0:1|0:2|0:4|0:5|0:6|0:7|0:8|1:0|1:2|1:4|1:8|1:9|2:0|2:2|2:3|2:4|2:9|3:0|3:1|3:2|3:4|3:5|3:6|3:8|3:9|4:2|4:3|4:4|4:5|4:6|4:9|5:1|5:2|5:6|5:8|5:9|6:1|6:2|6:9|7:8|7:9|8:8,2219
3017,4745,0.2533533383345836,3.0,3.0,0.0,3.0,43,victory,1,0,,0,37,29,0:0|0:4|0:5|0:6|0:7|0:8|1:0|1:4|1:8|2:0|2:2|2:3|2:4|2:8|2:9|3:0|3:1|3:2|3:9|4:2|4:9|5:2|5:9|6:1|6:2|6:9|7:8|7:9|8:8,2219
3018,4746,0.25310577644411114,2.0,2.0,0.0,2.0,63,death,0,1,monster,0,40,28,0:0|0:1|0:4|0:5|0:6|0:7|0:8|1:0|1:4|1:8|1:9|2:0|2:2|2:3|2:4|2:8|2:9|3:0|3:1|3:2|3:8|3:9|4:2|4:8|4:9|5:1|5:2|6:1,2219
3019,4747,0.25285821455363844,3.0,3.0,0.0,3.0,86,victory,1,0,,0,46,33,0:0|0:4|0:5|0:6|0:7|0:8|1:0|1:4|1:8|1:9|2:0|2:2|2:3|2:4|2:8|2:9|3:0|3:1|3:2|3:8|3:9|4:2|4:8|4:9|5:1|5:2|5:9|6:1|6:2|6:9|7:8|7:9|8:8,2219
3020,4748,0.25261065266316585,0.0,0.0,0.0,0.0,14,death,0,1,monster,0,13,8,0:0|1:0|2:0|2:2|3:0|3:1|3:2|4:2,2219
3021,4749,0.25236309077269314,3.0,3.0,0.0,3.0,72,victory,1,0,,0,47,37,0:0|0:4|0:5|0:6|0:7|0:8|0:9|1:0|1:4|1:8|2:0|2:2|2:3|2:4|2:8|2:9|3:0|3:1|3:2|3:8|3:9|4:2|4:3|4:4|4:5|4:8|4:9|5:1|5:2|5:8|5:9|6:1|6:2|6:8|6:9|7:8|8:8,2219
3022,4750,0.25211552888222055,3.0,3.0,0.0,3.0,66,victory,1,0,,0,36,33,0:0|0:4|0:5|0:6|0:7|0:8|1:0|1:4|1:8|2:0|2:4|2:8|2:9|3:0|3:1|3:2|3:4|3:9|4:2|4:4|4:9|5:1|5:2|5:4|5:9|6:1|6:2|6:3|6:4|6:9|7:8|7:9|8:8,2219
3023,4751,0.25186796699174796,3.0,3.0,0.0,3.0,59,victory,1,0,,0,43,38,0:0|0:7|1:0|1:6|1:7|1:8|2:0|2:6|3:0|3:1|3:2|3:6|4:2|4:6|5:1|5:2|5:6|6:1|6:2|6:3|6:6|6:7|6:8|7:3|7:8|8:2|8:3|8:4|8:5|8:7|8:8|8:9|9:2|9:3|9:4|9:5|9:6|9:7,2219
3024,4752,0.25162040510127526,3.0,3.0,0.0,3.0,101,victory,1,0,,0,38,31,0:0|0:4|0:5|0:6|0:7|0:8|1:0|1:4|1:8|1:9|2:0|2:2|2:3|2:4|2:8|2:9|3:0|3:1|3:2|3:9|4:2|4:9|5:1|5:2|5:9|6:1|6:2|6:9|7:8|7:9|8:8,2219
3025,4753,0.25137284321080267,3.0,3.0,0.0,3.0,57,victory,1,0,,0,43,34,0:0|0:4|0:5|0:6|0:7|0:8|1:0|1:4|1:6|1:8|1:9|2:0|2:2|2:3|2:4|2:8|2:9|3:0|3:1|3:2|3:8|4:2|4:8|5:1|5:2|5:8|5:9|6:1|6:2|6:8|6:9|7:8|7:9|8:8,2219
3026,4754,0.2511252813203301,3.0,3.0,0.0,3.0,145,victory,1,0,,0,63,36,0:0|0:4|0:5|0:6|0:7|0:8|0:9|1:0|1:4|1:6|1:7|1:8|1:9|2:0|2:2|2:3|2:4|2:8|2:9|3:0|3:1|3:2|3:8|3:9|4:2|4:9|5:0|5:1|5:2|5:9|6:1|6:2|6:9|7:8|7:9|8:8,2219
3027,4755,0.2508777194298575,3.0,3.0,0.0,3.0,61,victory,1,0,,0,38,33,0:0|0:4|0:5|0:6|0:7|0:8|1:0|1:4|1:8|2:0|2:2|2:3|2:4|2:8|2:9|3:0|3:1|3:2|3:8|3:9|4:2|4:3|4:9|5:1|5:2|5:9|6:1|6:2|6:8|6:9|7:8|7:9|8:8,2219
3028,4756,0.2506301575393849,3.0,3.0,0.0,3.0,51,victory,1,0,,0,34,31,0:0|0:4|0:5|0:6|0:7|0:8|1:0|1:4|1:7|1:8|2:0|2:2|2:3|2:4|2:8|2:9|3:0|3:1|3:2|3:9|4:2|4:9|5:1|5:2|5:9|6:1|6:2|6:9|7:8|7:9|8:8,2219
3029,4757,0.2503825956489123,3.0,3.0,0.0,3.0,51,victory,1,0,,0,36,30,0:0|0:4|0:5|0:6|0:7|0:8|1:0|1:4|1:8|2:0|2:2|2:3|2:4|2:8|3:0|3:1|3:2|3:8|3:9|4:2|4:9|5:1|5:2|5:9|6:1|6:2|6:9|7:8|7:9|8:8,2219
3030,4758,0.2501350337584396,3.0,3.0,0.0,3.0,49,victory,1,0,,0,39,34,0:0|0:4|0:5|0:6|0:7|0:8|1:0|1:4|1:6|1:7|1:8|2:0|2:2|2:3|2:4|2:8|2:9|3:0|3:1|3:2|3:9|4:2|4:3|4:9|5:1|5:2|5:8|5:9|6:1|6:2|6:9|7:8|7:9|8:8,2219
3031,4759,0.249887471867967,3.0,3.0,0.0,3.0,53,victory,1,0,,0,35,31,0:0|0:4|0:5|0:6|0:7|0:8|1:0|1:4|1:8|2:0|2:2|2:3|2:4|2:8|2:9|3:0|3:1|3:2|3:9|4:2|4:3|4:9|5:1|5:2|5:9|6:1|6:2|6:9|7:8|7:9|8:8,2219
3032,4760,0.2496399099774944,3.0,3.0,0.0,3.0,116,victory,1,0,,0,39,32,0:0|0:4|0:5|0:6|0:7|0:8|1:0|1:4|1:8|2:0|2:2|2:3|2:4|2:8|2:9|3:0|3:1|3:2|3:9|4:2|4:9|5:1|5:2|5:9|6:1|6:2|6:7|6:8|6:9|7:8|7:9|8:8,2219
3033,4761,0.2493923480870217,3.0,3.0,0.0,3.0,81,victory,1,0,,0,43,34,0:0|0:4|0:5|0:6|0:7|0:8|0:9|1:0|1:4|1:7|1:8|1:9|2:0|2:2|2:3|2:4|2:8|2:9|3:0|3:1|3:2|3:9|4:2|4:9|5:1|5:2|5:8|5:9|6:1|6:2|6:9|7:8|7:9|8:8,2219
3034,4762,0.24914478619654912,3.0,3.0,0.0,3.0,130,victory,1,0,,0,39,32,0:0|0:4|0:5|0:6|0:7|0:8|1:0|1:4|1:6|1:8|2:0|2:2|2:3|2:4|2:8|2:9|3:0|3:1|3:2|3:9|4:2|4:9|5:1|5:2|5:9|6:1|6:2|6:7|6:8|6:9|7:8|8:8,2219
3035,4763,0.24889722430607653,3.0,3.0,0.0,3.0,66,victory,1,0,,0,43,33,0:0|0:4|0:5|0:6|0:7|0:8|1:0|1:4|1:6|1:7|1:8|2:0|2:2|2:3|2:4|2:8|2:9|3:0|3:1|3:2|3:9|4:2|4:3|4:9|5:1|5:2|5:9|6:1|6:2|6:8|6:9|7:8|8:8,2219
3036,4764,0.24864966241560393,3.0,3.0,0.0,3.0,46,victory,1,0,,0,35,30,0:0|0:4|0:5|0:6|0:7|0:8|1:0|1:4|1:8|2:0|2:2|2:3|2:4|2:8|2:9|3:0|3:1|3:2|3:9|4:2|4:9|5:1|5:2|5:9|6:1|6:2|6:9|7:8|7:9|8:8,2219
3037,4765,0.24840210052513134,3.0,3.0,0.0,3.0,97,victory,1,0,,0,59,38,0:0|0:4|0:5|0:6|0:7|0:8|1:0|1:4|1:6|1:7|1:8|1:9|2:0|2:2|2:3|2:4|2:6|2:8|2:9|3:0|3:1|3:2|3:6|4:2|4:3|4:6|4:7|4:8|5:1|5:2|5:8|5:9|6:1|6:2|6:9|7:8|7:9|8:8,2219
3038,4766,0.24815453863465875,3.0,3.0,0.0,3.0,70,victory,1,0,,0,44,35,0:0|0:4|0:5|0:6|0:7|0:8|1:0|1:4|1:8|2:0|2:2|2:3|2:4|2:8|3:0|3:1|3:2|3:4|3:5|3:8|3:9|4:2|4:9|5:1|5:2|5:8|5:9|6:1|6:2|6:6|6:7|6:8|6:9|7:8|8:8,2219
3039,4767,0.24790697674418605,3.0,3.0,0.0,3.0,121,victory,1,0,,0,60,37,0:0|0:4|0:5|0:6|0:7|0:8|0:9|1:0|1:4|1:7|1:8|1:9|2:0|2:2|2:3|2:4|2:8|2:9|3:0|3:1|3:2|3:8|3:9|4:2|4:8|4:9|5:0|5:1|5:2|5:8|5:9|6:1|6:2|6:9|7:8|7:9|8:8,2219
3040,4768,0.24765941485371346,3.0,3.0,0.0,3.0,42,victory,1,0,,0,34,31,0:0|0:4|0:5|0:6|0:7|0:8|1:0|1:4|1:6|1:8|1:9|2:0|2:2|2:3|2:4|2:9|3:0|3:1|3:2|3:9|4:2|4:9|5:1|5:2|5:9|6:1|6:2|6:9|7:8|7:9|8:8,2219
3041,4769,0.24741185296324075,3.0,3.0,0.0,3.0,64,victory,1,0,,0,40,32,0:0|0:4|0:5|0:6|0:7|0:8|0:9|1:0|1:4|1:8|2:0|2:2|2:3|2:4|2:8|3:0|3:1|3:2|3:8|4:2|4:8|5:1|5:2|5:8|5:9|6:1|6:2|6:3|6:9|7:8|7:9|8:8,2219
3042,4770,0.24716429107276816,3.0,3.0,0.0,3.0,172,victory,1,0,,0,61,41,0:0|0:4|0:5|0:6|0:7|0:8|0:9|1:0|1:4|1:6|1:7|1:8|1:9|2:0|2:2|2:3|2:4|2:6|2:8|2:9|3:0|3:1|3:2|3:4|3:5|3:6|3:8|3:9|4:2|4:9|5:0|5:1|5:2|5:9|6:0|6:1|6:2|6:9|7:8|7:9|8:8,2219
3043,4771,0.24691672918229557,2.0,2.0,0.0,2.0,83,death,0,1,monster,0,47,35,0:0|0:4|0:5|0:6|0:7|0:8|0:9|1:0|1:4|1:8|1:9|2:0|2:2|2:3|2:4|2:8|2:9|3:0|3:1|3:2|3:4|3:9|4:2|4:4|4:9|5:1|5:2|5:8|5:9|6:1|6:6|6:7|6:8|6:9|7:8,2219
3044,4772,0.24666916729182287,3.0,3.0,0.0,3.0,70,victory,1,0,,0,37,33,0:0|0:4|0:5|0:6|0:7|0:8|1:0|1:4|1:6|1:8|1:9|2:0|2:2|2:3|2:4|2:6|2:9|3:0|3:1|3:2|3:9|4:2|4:9|5:1|5:2|5:8|5:9|6:1|6:2|6:9|7:9|8:8|8:9,2219
3045,4773,0.24642160540135039,3.0,3.0,0.0,3.0,119,victory,1,0,,0,45,33,0:0|0:4|0:5|0:6|0:7|0:8|0:9|1:0|1:4|1:8|1:9|2:0|2:2|2:3|2:4|2:8|2:9|3:0|3:1|3:2|3:8|3:9|4:2|4:9|5:1|5:2|5:9|6:1|6:2|6:9|7:8|7:9|8:8,2219
3046,4774,0.2461740435108778,3.0,3.0,0.0,3.0,56,victory,1,0,,0,37,32,0:0|0:4|0:5|0:6|0:7|0:8|1:0|1:4|1:8|1:9|2:0|2:2|2:3|2:4|2:9|3:0|3:1|3:2|3:8|3:9|4:2|4:9|5:1|5:2|5:9|6:1|6:2|6:8|6:9|7:8|7:9|8:8,2219
3047,4775,0.2459264816204051,1.0,1.0,0.0,1.0,205,death,0,1,monster,0,40,22,0:0|0:1|0:2|1:0|1:2|2:0|2:2|3:0|3:1|3:2|4:2|4:3|4:4|5:0|5:1|5:4|6:0|6:1|6:2|6:3|6:4|7:0,2219
3048,4776,0.2456789197299325,2.0,2.0,0.0,2.0,61,death,0,1,monster,0,42,31,0:0|0:4|0:5|0:6|0:7|0:8|1:0|1:2|1:4|1:7|1:8|1:9|2:0|2:2|2:3|2:4|2:8|2:9|3:0|3:1|3:2|3:8|3:9|4:2|4:9|5:0|5:1|5:2|5:9|6:1|6:2,2219
3049,4777,0.2454313578394599,3.0,3.0,0.0,3.0,58,victory,1,0,,0,35,31,0:0|0:4|0:5|0:6|0:7|0:8|1:0|1:4|1:8|2:0|2:2|2:3|2:4|2:8|2:9|3:0|3:1|3:2|3:8|3:9|4:2|4:8|5:1|5:2|5:8|5:9|6:1|6:9|7:8|7:9|8:8,2219
3050,4778,0.2451837959489872,3.0,3.0,0.0,3.0,64,victory,1,0,,0,36,33,0:0|0:4|0:5|0:6|0:7|0:8|1:0|1:4|1:7|1:8|1:9|2:0|2:2|2:3|2:4|2:9|3:0|3:1|3:2|3:9|4:2|4:8|4:9|5:1|5:2|5:8|6:1|6:2|6:8|6:9|7:9|8:8|8:9,2219
3051,4779,0.2449362340585146,3.0,3.0,0.0,3.0,61,victory,1,0,,0,36,31,0:0|0:4|0:5|0:6|0:7|0:8|1:0|1:4|1:8|1:9|2:0|2:2|2:3|2:4|2:9|3:0|3:1|3:2|3:9|4:2|4:8|4:9|5:1|5:2|5:8|5:9|6:1|6:9|7:8|7:9|8:8,2219
3052,4780,0.24468867216804202,3.0,3.0,0.0,3.0,83,victory,1,0,,0,39,32,0:0|0:4|0:5|0:6|0:7|0:8|1:0|1:4|1:8|1:9|2:0|2:2|2:3|2:4|2:9|3:0|3:1|3:2|3:9|4:2|4:8|4:9|5:1|5:2|5:8|5:9|6:1|6:8|6:9|7:8|7:9|8:8,2219
3053,4781,0.24444111027756932,3.0,3.0,0.0,3.0,47,victory,1,0,,0,34,30,0:0|0:4|0:5|0:6|0:7|0:8|1:0|1:4|1:8|1:9|2:0|2:2|2:3|2:4|2:9|3:0|3:1|3:2|3:9|4:2|4:9|5:1|5:2|5:8|5:9|6:1|6:9|7:8|7:9|8:8,2219
3054,4782,0.24419354838709684,3.0,3.0,0.0,3.0,45,victory,1,0,,0,35,30,0:0|0:4|0:5|0:6|0:7|0:8|1:0|1:4|1:8|1:9|2:0|2:2|2:3|2:4|2:9|3:0|3:1|3:2|3:9|4:2|4:9|5:1|5:2|5:9|6:1|6:8|6:9|7:8|7:9|8:8,2219
3055,4783,0.24394598649662425,1.0,1.0,0.0,1.0,44,death,0,1,monster,0,27,15,0:0|1:0|1:4|2:0|2:2|2:3|2:4|3:0|3:1|3:2|4:2|5:1|5:2|6:1|6:2,2219
3056,4784,0.24369842460615154,3.0,3.0,0.0,3.0,55,victory,1,0,,0,39,34,0:0|0:4|0:5|0:6|0:7|0:8|1:0|1:4|1:6|1:7|1:8|1:9|2:0|2:2|2:3|2:4|2:9|3:0|3:1|3:2|3:8|3:9|4:2|4:9|5:0|5:1|5:2|5:9|6:0|6:1|6:9|7:8|7:9|8:8,2219
3057,4785,0.24345086271567895,1.0,1.0,0.0,1.0,50,death,0,1,monster,0,31,21,0:0|0:1|0:4|0:5|0:6|1:0|1:2|1:4|1:6|2:0|2:2|2:3|2:4|3:0|3:1|3:2|4:2|5:0|5:1|5:2|6:1,2219
3058,4786,0.24320330082520625,2.0,2.0,0.0,2.0,125,death,0,1,monster,0,51,28,0:0|0:4|0:5|0:6|0:7|0:8|0:9|1:0|1:4|1:6|1:7|1:8|1:9|2:0|2:2|2:3|2:4|2:8|2:9|3:0|3:1|3:2|3:8|4:2|5:1|5:2|6:1|6:2,2219
3059,4787,0.24295573893473366,2.0,2.0,0.0,2.0,44,death,0,1,monster,0,35,26,0:0|0:4|0:5|0:6|0:7|0:8|1:0|1:2|1:4|1:8|2:0|2:2|2:3|2:4|2:8|2:9|3:0|3:1|3:2|3:8|3:9|4:2|4:9|5:1|5:2|6:1,2219
3060,4788,0.24270817704426106,3.0,3.0,0.0,3.0,148,victory,1,0,,0,69,43,0:0|0:4|0:5|0:6|0:7|0:8|0:9|1:0|1:2|1:4|1:6|1:7|1:8|1:9|2:0|2:2|2:3|2:4|2:6|2:8|2:9|3:0|3:1|3:2|3:4|3:5|3:6|4:2|4:5|4:6|4:7|4:8|5:0|5:1|5:2|5:8|5:9|6:0|6:1|6:9|7:8|7:9|8:8,2219
3061,4789,0.24246061515378836,3.0,3.0,0.0,3.0,59,victory,1,0,,0,44,35,0:0|0:4|0:5|0:6|0:7|0:8|0:9|1:0|1:4|1:6|1:7|1:8|1:9|2:0|2:2|2:3|2:4|2:9|3:0|3:1|3:2|3:4|3:8|3:9|4:2|4:8|5:1|5:2|5:8|6:1|6:8|6:9|7:8|7:9|8:8,2219
3062,4790,0.24221305326331588,3.0,3.0,0.0,3.0,56,victory,1,0,,0,37,29,0:0|0:4|0:5|0:6|0:7|0:8|1:0|1:4|1:8|2:0|2:2|2:3|2:4|2:8|2:9|3:0|3:1|3:2|3:9|4:2|4:9|5:1|5:2|5:9|6:1|6:9|7:8|7:9|8:8,2219
3063,4791,0.2419654913728433,3.0,3.0,0.0,3.0,62,victory,1,0,,0,39,32,0:0|0:4|0:5|0:6|0:7|0:8|0:9|1:0|1:4|1:7|1:8|1:9|2:0|2:2|2:3|2:4|2:9|3:0|3:1|3:2|3:9|4:2|4:9|5:1|5:2|5:9|6:1|6:2|6:9|7:8|7:9|8:8,2219
3064,4792,0.24171792948237059,3.0,3.0,0.0,3.0,57,victory,1,0,,0,39,30,0:0|0:4|0:5|0:6|0:7|0:8|0:9|1:0|1:4|1:8|1:9|2:0|2:2|2:3|2:4|2:9|3:0|3:1|3:2|3:9|4:2|4:9|5:1|5:2|5:9|6:1|6:9|7:9|8:8|8:9,2219
3065,4793,0.241470367591898,3.0,3.0,0.0,3.0,48,victory,1,0,,0,42,35,0:0|0:1|0:4|0:5|0:6|0:7|0:8|0:9|1:0|1:4|1:8|1:9|2:0|2:4|2:9|3:0|3:1|3:2|3:4|3:9|4:2|4:3|4:4|4:9|5:0|5:1|5:2|5:9|6:0|6:1|6:9|7:0|7:8|7:9|8:8,2219
3066,4794,0.2412228057014254,3.0,3.0,0.0,3.0,178,victory,1,0,,0,37,33,0:0|0:4|0:5|0:6|0:7|0:8|1:0|1:4|1:6|1:8|1:9|2:0|2:2|2:3|2:4|2:9|3:0|3:1|3:2|3:9|4:2|4:9|5:0|5:1|5:2|5:9|6:0|6:1|6:2|6:9|7:8|7:9|8:8,2219
3067,4795,0.2409752438109527,3.0,3.0,0.0,3.0,87,victory,1,0,,0,40,32,0:0|0:4|0:5|0:6|0:7|0:8|0:9|1:0|1:4|1:8|2:0|2:2|2:3|2:4|2:8|2:9|3:0|3:1|3:2|3:9|4:2|4:9|5:0|5:1|5:2|5:9|6:1|6:2|6:9|7:8|7:9|8:8,2219
3068,4796,0.2407276819204801,3.0,3.0,0.0,3.0,86,victory,1,0,,0,38,33,0:0|0:4|0:5|0:6|0:7|0:8|0:9|1:0|1:4|1:8|1:9|2:0|2:2|2:3|2:4|2:9|3:0|3:1|3:2|3:9|4:2|4:9|5:0|5:1|5:2|5:9|6:0|6:1|6:8|6:9|7:8|7:9|8:8,2219
3069,4797,0.24048012003000752,3.0,3.0,0.0,3.0,130,victory,1,0,,0,54,38,0:0|0:4|0:5|0:6|0:7|0:8|0:9|1:0|1:4|1:6|1:7|1:8|1:9|2:0|2:2|2:3|2:4|2:6|2:8|2:9|3:0|3:1|3:2|3:6|4:2|4:6|4:7|4:8|4:9|5:1|5:2|5:8|5:9|6:1|6:9|7:8|7:9|8:8,2219
3070,4798,0.2402325581395348,3.0,3.0,0.0,3.0,200,victory,1,0,,0,44,36,0:0|0:4|0:5|0:6|0:7|0:8|0:9|1:0|1:4|1:6|1:7|1:8|1:9|2:0|2:2|2:3|2:4|2:8|2:9|3:0|3:1|3:2|3:8|3:9|4:2|4:9|5:0|5:1|5:2|5:9|6:0|6:1|6:9|7:8|7:9|8:8,2219
3071,4799,0.23998499624906233,0.0,0.0,0.0,0.0,12,death,0,1,monster,0,10,9,0:0|1:0|2:0|3:0|3:1|3:2|4:2|4:3|4:4,2219
3072,4800,0.23973743435858974,0.0,0.0,0.0,0.0,9,death,0,1,monster,0,9,8,0:0|1:0|2:0|2:2|3:0|3:1|3:2|4:2,2219
3073,4801,0.23948987246811704,1.0,1.0,0.0,1.0,19,death,0,1,monster,0,18,12,0:0|1:0|2:0|2:2|2:3|3:0|3:1|3:2|4:2|5:1|5:2|6:1,2219
3074,4802,0.23924231057764445,1.0,1.0,0.0,1.0,95,death,0,1,monster,0,26,15,0:0|0:1|0:2|1:0|1:2|2:0|2:2|3:0|3:1|3:2|4:2|4:3|5:1|5:2|6:1,2219
3075,4803,0.23899474868717185,3.0,3.0,0.0,3.0,62,victory,1,0,,0,40,33,0:0|0:4|0:5|0:6|0:7|0:8|1:0|1:4|1:8|1:9|2:0|2:2|2:3|2:4|2:9|3:0|3:1|3:2|3:9|4:2|4:9|5:0|5:1|5:2|5:9|6:0|6:1|6:2|6:3|6:9|7:8|7:9|8:8,2219
3076,4804,0.23874718679669915,3.0,3.0,0.0,3.0,48,victory,1,0,,0,34,30,0:0|0:4|0:5|0:6|0:7|0:8|1:0|1:4|1:8|1:9|2:0|2:2|2:3|2:4|2:9|3:0|3:1|3:2|3:9|4:2|4:9|5:1|5:2|5:9|6:1|6:2|6:9|7:8|7:9|8:8,2219
3077,4805,0.23849962490622656,3.0,3.0,0.0,3.0,209,victory,1,0,,0,62,44,0:0|0:4|0:5|0:6|0:7|0:8|0:9|1:0|1:4|1:6|1:7|1:8|1:9|2:0|2:2|2:3|2:4|2:6|3:0|3:1|3:2|3:4|3:6|4:2|4:6|4:7|4:8|5:0|5:1|5:2|5:6|5:8|5:9|6:0|6:1|6:2|6:3|6:9|7:0|7:8|7:9|8:0|8:8|8:9,2219
3078,4806,0.23825206301575386,3.0,3.0,0.0,3.0,71,victory,1,0,,0,34,31,0:0|0:1|0:4|0:5|0:6|0:7|0:8|1:0|1:4|1:8|1:9|2:0|2:2|2:3|2:4|2:9|3:0|3:1|3:2|3:9|4:2|4:9|5:1|5:2|5:9|6:1|6:2|6:9|7:8|7:9|8:8,2219
3079,4807,0.23800450112528126,3.0,3.0,0.0,3.0,68,victory,1,0,,0,39,35,0:0|0:1|0:2|0:4|0:5|0:6|0:7|0:8|1:0|1:4|1:8|1:9|2:0|2:2|2:3|2:4|2:9|3:0|3:1|3:2|3:9|4:2|4:9|5:1|5:2|5:9|6:1|6:2|6:7|6:8|6:9|7:9|8:8|8:9|9:9,2219
3080,4808,0.23775693923480878,3.0,3.0,0.0,3.0,49,victory,1,0,,0,36,32,0:0|0:1|0:4|0:5|0:6|0:7|0:8|1:0|1:4|1:8|1:9|2:0|2:2|2:3|2:4|2:9|3:0|3:1|3:2|3:4|3:9|4:2|4:9|5:1|5:2|5:9|6:1|6:2|6:9|7:8|7:9|8:8,2219
3081,4809,0.23750937734433608,3.0,3.0,0.0,3.0,72,victory,1,0,,0,43,37,0:0|0:4|0:5|0:6|0:7|0:8|0:9|1:0|1:4|1:6|1:7|2:0|2:2|2:3|2:4|2:6|3:0|3:1|3:2|3:6|4:2|4:3|4:6|4:7|4:8|5:0|5:1|5:2|5:8|5:9|6:0|6:1|6:2|6:9|7:8|7:9|8:8,2219
3082,4810,0.2372618154538635,1.0,1.0,0.0,1.0,29,death,0,1,monster,0,25,19,0:0|0:4|0:5|0:6|0:7|1:0|1:4|2:0|2:2|2:3|2:4|3:0|3:1|3:2|4:2|5:1|5:2|6:1|6:2,2219
3083,4811,0.2370142535633909,3.0,3.0,0.0,3.0,64,victory,1,0,,0,35,32,0:0|0:4|0:5|0:6|0:7|0:8|0:9|1:0|1:4|1:8|1:9|2:0|2:2|2:3|2:4|2:9|3:0|3:1|3:2|3:9|4:2|4:9|5:1|5:2|5:9|6:1|6:2|6:8|6:9|7:8|7:9|8:8,2219
3084,4812,0.2367666916729182,3.0,3.0,0.0,3.0,37,victory,1,0,,0,35,30,0:0|0:4|0:5|0:6|0:7|0:8|1:0|1:4|1:8|1:9|2:0|2:2|2:3|2:4|2:9|3:0|3:1|3:2|3:9|4:2|4:9|5:1|5:2|5:9|6:1|6:2|6:9|7:8|7:9|8:8,2219
3085,4813,0.2365191297824456,3.0,3.0,0.0,3.0,55,victory,1,0,,0,41,31,0:0|0:4|0:5|0:6|0:7|0:8|1:0|1:2|1:4|1:6|1:8|1:9|2:0|2:2|2:3|2:4|2:9|3:0|3:1|3:2|3:9|4:2|4:9|5:1|5:2|5:9|6:1|6:9|7:8|7:9|8:8,2219
3086,4814,0.236271567891973,0.0,0.0,0.0,0.0,9,death,0,1,monster,0,8,8,0:0|1:0|2:0|3:0|3:1|3:2|4:2|4:3,2219
3087,4815,0.2360240060015003,3.0,3.0,0.0,3.0,81,victory,1,0,,0,45,33,0:0|0:2|0:4|0:5|0:6|0:7|0:8|1:0|1:2|1:4|1:6|1:8|1:9|2:0|2:2|2:3|2:4|2:9|3:0|3:1|3:2|3:9|4:2|4:9|5:1|5:2|5:9|6:1|6:2|6:9|7:9|8:8|8:9,2219
3088,4816,0.23577644411102772,3.0,3.0,0.0,3.0,79,victory,1,0,,0,47,36,0:0|0:2|0:4|0:5|0:6|0:7|0:8|1:0|1:2|1:4|1:6|1:8|1:9|2:0|2:2|2:3|2:4|2:8|2:9|3:0|3:1|3:2|3:9|4:2|4:9|5:1|5:2|5:8|5:9|6:1|6:2|6:8|6:9|7:8|7:9|8:8,2219
3089,4817,0.23552888222055524,2.0,2.0,0.0,2.0,40,death,0,1,monster,0,28,24,0:0|0:4|0:5|0:6|0:7|0:8|1:0|1:2|1:4|1:8|2:0|2:2|2:3|2:4|3:0|3:1|3:2|4:2|4:3|5:0|5:1|5:2|6:1|6:2,2219
3090,4818,0.23528132033008253,3.0,3.0,0.0,3.0,138,victory,1,0,,0,64,42,0:0|0:1|0:2|0:4|0:5|0:6|0:7|0:8|1:0|1:2|1:4|1:6|1:7|1:8|1:9|2:0|2:2|2:3|2:4|2:8|2:9|3:0|3:1|3:2|3:4|3:6|3:8|3:9|4:2|4:6|4:7|4:8|5:1|5:2|5:6|6:1|6:2|6:6|6:7|6:8|7:8|8:8,2219
3091,4819,0.23503375843960994,3.0,3.0,0.0,3.0,40,victory,1,0,,0,36,33,0:0|0:4|0:5|0:6|0:7|0:8|1:0|1:4|1:6|1:7|1:8|1:9|2:0|2:2|2:3|2:4|2:8|2:9|3:0|3:1|3:2|3:9|4:2|4:9|5:1|5:2|5:9|6:1|6:2|6:9|7:8|7:9|8:8,2219
3092,4820,0.23478619654913735,1.0,1.0,0.0,1.0,26,death,0,1,monster,0,20,16,0:0|1:0|2:0|2:2|2:3|2:4|3:0|3:1|3:2|3:4|4:2|5:0|5:1|5:2|6:0|6:1,2219
3093,4821,0.23453863465866465,2.0,2.0,0.0,2.0,66,death,0,1,monster,0,41,25,0:0|0:4|0:5|0:6|0:7|0:8|0:9|1:0|1:4|1:6|1:7|1:8|1:9|2:0|2:2|2:3|2:4|2:9|3:0|3:1|3:2|4:2|5:2|6:1|6:2,2219
3094,4822,0.23429107276819205,3.0,3.0,0.0,3.0,130,victory,1,0,,0,61,37,0:0|0:1|0:2|0:4|0:5|0:6|0:7|0:8|1:0|1:2|1:4|1:6|1:7|1:8|1:9|2:0|2:2|2:3|2:4|2:9|3:0|3:1|3:2|3:9|4:2|4:3|4:4|4:9|5:1|5:2|5:9|6:1|6:2|6:9|7:9|8:8|8:9,2219
3095,4823,0.23404351087771946,3.0,3.0,0.0,3.0,38,victory,1,0,,0,34,31,0:0|0:4|0:5|0:6|0:7|0:8|1:0|1:4|1:8|1:9|2:0|2:2|2:3|2:4|2:9|3:0|3:1|3:2|3:8|3:9|4:2|4:9|5:1|5:2|5:9|6:1|6:2|6:9|7:9|8:8|8:9,2219
3096,4824,0.23379594898724676,3.0,3.0,0.0,3.0,91,victory,1,0,,0,42,31,0:0|0:4|0:5|0:6|0:7|0:8|1:0|1:4|1:8|1:9|2:0|2:2|2:3|2:4|2:9|3:0|3:1|3:2|3:9|4:2|4:3|4:9|5:1|5:2|5:9|6:1|6:2|6:9|7:9|8:8|8:9,2219
3097,4825,0.23354838709677417,1.0,1.0,0.0,1.0,35,death,0,1,monster,0,20,15,0:0|1:0|2:0|2:2|2:3|2:4|3:0|3:1|3:2|4:2|4:3|5:1|5:2|6:1|6:2,2219
3098,4826,0.23330082520630158,3.0,3.0,0.0,3.0,237,victory,1,0,,0,57,33,0:0|0:4|0:5|0:6|0:7|0:8|0:9|1:0|1:4|1:6|1:7|1:8|1:9|2:0|2:2|2:3|2:4|2:9|3:0|3:1|3:2|3:9|4:2|4:9|5:1|5:2|5:9|6:1|6:2|6:9|7:9|8:8|8:9,2219
3099,4827,0.23305326331582898,3.0,3.0,0.0,3.0,45,victory,1,0,,0,35,31,0:0|0:4|0:5|0:6|0:7|0:8|1:0|1:4|1:7|1:8|1:9|2:0|2:2|2:3|2:4|2:9|3:0|3:1|3:2|3:9|4:2|4:9|5:1|5:2|5:9|6:1|6:2|6:9|7:9|8:8|8:9,2219
3100,4828,0.2328057014253564,1.0,1.0,0.0,1.0,27,death,0,1,monster,0,21,14,0:0|1:0|2:0|2:2|2:3|3:0|3:1|3:2|4:2|4:3|5:1|5:2|6:1|6:2,2219
3101,4829,0.2325581395348837,3.0,3.0,0.0,3.0,42,victory,1,0,,0,37,34,0:0|0:1|0:4|0:5|0:6|0:7|1:0|1:4|1:7|1:8|1:9|2:0|2:2|2:3|2:4|2:8|2:9|3:0|3:1|3:2|3:9|4:2|4:8|4:9|5:1|5:2|5:8|5:9|6:1|6:2|6:9|7:9|8:8|8:9,2219
3102,4830,0.2323105776444111,3.0,3.0,0.0,3.0,39,victory,1,0,,0,34,31,0:0|0:4|0:5|0:6|0:7|1:0|1:4|1:7|1:8|1:9|2:0|2:2|2:3|2:4|2:9|3:0|3:1|3:2|3:4|3:9|4:2|4:9|5:1|5:2|5:9|6:1|6:2|6:9|7:9|8:8|8:9,2219
3103,4831,0.2320630157539385,3.0,3.0,0.0,3.0,53,victory,1,0,,0,36,33,0:0|0:4|0:5|0:6|0:7|0:8|0:9|1:0|1:4|1:7|1:8|1:9|2:0|2:2|2:3|2:4|2:8|2:9|3:0|3:1|3:2|3:9|4:2|4:9|5:1|5:2|5:9|6:1|6:2|6:9|7:9|8:8|8:9,2219
3104,4832,0.2318154538634658,3.0,3.0,0.0,3.0,147,victory,1,0,,0,55,34,0:0|0:2|0:4|0:5|0:6|0:7|0:8|1:0|1:2|1:4|1:6|1:7|1:8|2:0|2:2|2:3|2:4|2:8|2:9|3:0|3:1|3:2|3:9|4:2|4:9|5:1|5:2|5:9|6:1|6:2|6:9|7:9|8:8|8:9,2219
3105,4833,0.2315678919729932,3.0,3.0,0.0,3.0,64,victory,1,0,,0,39,33,0:0|0:4|0:5|0:6|0:7|0:8|0:9|1:0|1:4|1:8|1:9|2:0|2:2|2:3|2:4|2:9|3:0|3:1|3:2|3:9|4:2|4:8|4:9|5:1|5:2|5:8|5:9|6:1|6:2|6:9|7:9|8:8|8:9,2219
3106,4834,0.23132033008252073,0.0,0.0,0.0,0.0,21,death,0,1,monster,0,19,17,0:0|1:0|2:0|3:0|3:1|3:2|4:2|4:3|5:0|5:1|5:2|6:0|7:0|8:0|8:1|9:0|9:1,2222
3107,4835,0.23107276819204803,3.0,3.0,0.0,3.0,55,victory,1,0,,0,36,30,0:0|0:4|0:5|0:6|0:7|0:8|0:9|1:0|1:4|1:9|2:0|2:2|2:3|2:4|2:9|3:0|3:1|3:2|3:9|4:2|4:9|5:1|5:2|5:9|6:1|6:2|6:9|7:9|8:8|8:9,2222
3108,4836,0.23082520630157544,2.0,2.0,0.0,2.0,66,death,0,1,monster,0,28,20,0:0|0:4|0:5|0:6|0:7|1:0|1:4|2:0|2:2|2:3|2:4|3:0|3:1|3:2|3:4|4:2|5:1|5:2|6:1|6:2,2222
3109,4837,0.23057764441110284,3.0,3.0,0.0,3.0,44,victory,1,0,,0,33,30,0:0|0:4|0:5|0:6|0:7|0:8|0:9|1:0|1:4|1:9|2:0|2:2|2:3|2:4|2:9|3:0|3:1|3:2|3:9|4:2|4:9|5:1|5:2|5:9|6:1|6:2|6:9|7:9|8:8|8:9,2222
3110,4838,0.23033008252063014,3.0,3.0,0.0,3.0,50,victory,1,0,,0,37,31,0:0|0:4|0:5|0:6|0:7|0:8|0:9|1:0|1:4|1:9|2:0|2:2|2:3|2:4|2:8|2:9|3:0|3:1|3:2|3:9|4:2|4:9|5:1|5:2|5:9|6:1|6:2|6:9|7:9|8:8|8:9,2222
3111,4839,0.23008252063015755,3.0,3.0,0.0,3.0,105,victory,1,0,,0,36,29,0:0|0:4|0:5|0:6|0:7|0:8|1:0|1:4|1:8|1:9|2:0|2:2|2:3|2:4|2:9|3:0|3:1|3:2|3:9|4:2|4:9|5:2|5:9|6:1|6:2|6:9|7:9|8:8|8:9,2222
3112,4840,0.22983495873968496,3.0,3.0,0.0,3.0,96,victory,1,0,,0,51,40,0:0|0:6|0:7|0:8|0:9|1:0|1:2|1:6|1:9|2:0|2:2|2:6|2:9|3:0|3:1|3:2|3:4|3:5|3:6|3:9|4:2|4:3|4:4|4:5|4:8|4:9|5:0|5:1|5:2|5:8|5:9|6:0|6:1|6:2|6:8|6:9|7:0|7:9|8:8|8:9,2222
3113,4841,0.22958739684921226,2.0,2.0,0.0,2.0,65,death,0,1,monster,0,42,33,0:0|0:4|0:5|0:6|0:7|0:8|0:9|1:0|1:2|1:4|1:9|2:0|2:2|2:3|2:4|2:9|3:0|3:1|3:2|3:9|4:2|4:3|4:4|4:8|4:9|5:0|5:1|5:2|5:8|5:9|6:1|6:2|6:9,2222
3114,4842,0.22933983495873966,3.0,3.0,0.0,3.0,38,victory,1,0,,0,34,31,0:0|0:4|0:5|0:6|0:7|0:8|0:9|1:0|1:4|1:9|2:0|2:2|2:3|2:4|2:9|3:0|3:1|3:2|3:9|4:2|4:9|5:1|5:2|5:9|6:0|6:1|6:2|6:9|7:9|8:8|8:9,2222
3115,4843,0.22909227306826707,2.0,2.0,0.0,2.0,47,death,0,1,monster,0,37,26,0:0|0:4|0:5|0:6|0:7|0:8|0:9|1:0|1:4|1:6|1:7|1:9|2:0|2:2|2:3|2:4|2:9|3:0|3:1|3:2|3:9|4:2|5:1|5:2|6:1|6:2,2222
3116,4844,0.22884471117779448,3.0,3.0,0.0,3.0,38,victory,1,0,,0,34,30,0:0|0:4|0:5|0:6|0:7|0:8|0:9|1:0|1:4|1:9|2:0|2:2|2:3|2:4|2:9|3:0|3:1|3:2|3:9|4:2|4:9|5:1|5:2|5:9|6:1|6:2|6:9|7:9|8:8|8:9,2222
3117,4845,0.2285971492873219,3.0,3.0,0.0,3.0,72,victory,1,0,,0,44,33,0:0|0:4|0:5|0:6|0:7|0:8|0:9|1:0|1:2|1:4|1:6|1:9|2:0|2:2|2:3|2:4|2:9|3:0|3:1|3:2|3:9|4:2|4:9|5:1|5:2|5:9|6:1|6:2|6:8|6:9|7:9|8:8|8:9,2222
3118,4846,0.22834958739684919,3.0,3.0,0.0,3.0,51,victory,1,0,,0,33,29,0:0|0:4|0:5|0:6|0:7|0:8|0:9|1:0|1:4|1:9|2:0|2:2|2:3|2:4|2:9|3:0|3:1|3:2|3:9|4:2|4:9|5:1|5:2|5:9|6:1|6:9|7:9|8:8|8:9,2222
3119,4847,0.2281020255063766,3.0,3.0,0.0,3.0,49,victory,1,0,,0,38,34,0:0|0:4|0:5|0:6|0:7|0:8|0:9|1:0|1:4|1:9|2:0|2:2|2:3|2:4|2:9|3:0|3:1|3:2|3:4|3:9|4:2|4:3|4:9|5:1|5:2|5:8|5:9|6:1|6:2|6:3|6:9|7:9|8:8|8:9,2222
3120,4848,0.227854463615904,3.0,3.0,0.0,3.0,44,victory,1,0,,0,37,30,0:0|0:4|0:5|0:6|0:7|0:8|0:9|1:0|1:4|1:9|2:0|2:2|2:3|2:4|2:9|3:0|3:1|3:2|3:9|4:2|4:9|5:1|5:2|5:9|6:1|6:2|6:9|7:9|8:8|8:9,2222
3121,4849,0.2276069017254313,3.0,3.0,0.0,3.0,49,victory,1,0,,0,36,32,0:0|0:1|0:2|0:4|0:5|0:6|0:7|0:8|0:9|1:0|1:4|1:9|2:0|2:2|2:3|2:4|2:9|3:0|3:1|3:2|3:9|4:2|4:9|5:1|5:2|5:9|6:1|6:2|6:9|7:9|8:8|8:9,2222
3122,4850,0.2273593398349587,3.0,3.0,0.0,3.0,55,victory,1,0,,0,36,31,0:0|0:4|0:5|0:6|0:7|0:8|0:9|1:0|1:4|1:6|1:9|2:0|2:2|2:3|2:4|2:9|3:0|3:1|3:2|3:9|4:2|4:9|5:1|5:2|5:9|6:1|6:2|6:9|7:9|8:8|8:9,2222
3123,4851,0.22711177794448612,3.0,3.0,0.0,3.0,69,victory,1,0,,0,49,35,0:0|0:4|0:5|0:6|0:7|0:8|0:9|1:0|1:4|1:6|1:7|1:8|1:9|2:0|2:2|2:3|2:4|2:9|3:0|3:1|3:2|3:9|4:2|4:8|4:9|5:1|5:2|5:8|5:9|6:1|6:2|6:9|7:9|8:8|8:9,2222
3124,4852,0.22686421605401352,3.0,3.0,0.0,3.0,53,victory,1,0,,0,36,33,0:0|0:4|0:5|0:6|0:7|0:8|0:9|1:0|1:4|1:9|2:0|2:2|2:3|2:4|2:9|3:0|3:1|3:2|3:9|4:2|4:9|5:1|5:2|5:9|6:1|6:2|6:3|6:9|7:3|7:9|8:3|8:8|8:9,2222
3125,4853,0.22661665416354093,3.0,3.0,0.0,3.0,55,victory,1,0,,0,40,29,0:0|0:4|0:5|0:6|0:7|1:0|1:4|1:7|1:8|1:9|2:0|2:2|2:3|2:4|2:9|3:0|3:1|3:2|3:9|4:2|4:9|5:2|5:9|6:1|6:2|6:9|7:9|8:8|8:9,2222
3126,4854,0.22636909227306834,2.0,2.0,0.0,2.0,89,death,0,1,monster,0,31,27,0:0|0:4|0:5|0:6|0:7|0:8|0:9|1:0|1:4|1:9|2:0|2:2|2:3|2:4|2:9|3:0|3:1|3:2|3:9|4:2|4:9|5:1|5:2|5:9|6:1|6:2|6:9,2222
3127,4855,0.22612153038259564,3.0,3.0,0.0,3.0,43,victory,1,0,,0,36,32,0:0|0:4|0:5|0:6|0:7|0:8|0:9|1:0|1:4|1:9|2:0|2:2|2:3|2:4|2:9|3:0|3:1|3:2|3:9|4:2|4:8|4:9|5:1|5:2|5:8|5:9|6:1|6:2|6:9|7:9|8:8|8:9,2222
3128,4856,0.22587396849212305,3.0,3.0,0.0,3.0,42,victory,1,0,,0,34,30,0:0|0:4|0:5|0:6|0:7|0:8|0:9|1:0|1:4|1:9|2:0|2:2|2:3|2:4|2:9|3:0|3:1|3:2|3:9|4:2|4:9|5:1|5:2|5:9|6:1|6:2|6:9|7:9|8:8|8:9,2222
3129,4857,0.22562640660165045,2.0,2.0,0.0,2.0,292,death,0,1,monster,0,63,34,0:0|0:4|0:5|0:6|0:7|0:8|0:9|1:0|1:2|1:4|1:7|1:8|1:9|2:0|2:2|2:3|2:4|2:8|2:9|3:0|3:1|3:2|3:8|3:9|4:2|4:3|4:4|4:5|4:9|5:1|5:2|6:1|6:2|6:3,2222
3130,4858,0.22537884471117775,3.0,3.0,0.0,3.0,64,victory,1,0,,0,37,31,0:0|0:4|0:5|0:6|0:7|0:8|0:9|1:0|1:4|1:9|2:0|2:2|2:3|2:4|2:9|3:0|3:1|3:2|3:9|4:2|4:3|4:9|5:2|5:8|5:9|6:1|6:2|6:9|7:9|8:8|8:9,2222
3131,4859,0.22513128282070516,3.0,3.0,0.0,3.0,42,victory,1,0,,0,35,31,0:0|0:4|0:5|0:6|0:7|0:8|0:9|1:0|1:4|1:9|2:0|2:2|2:3|2:4|2:9|3:0|3:1|3:2|3:8|3:9|4:2|4:9|5:2|5:9|6:1|6:2|6:8|6:9|7:9|8:8|8:9,2222
3132,4860,0.22488372093023257,3.0,3.0,0.0,3.0,44,victory,1,0,,0,34,29,0:0|0:4|0:5|0:6|0:7|0:8|0:9|1:0|1:4|1:9|2:0|2:2|2:3|2:4|2:9|3:0|3:1|3:2|3:9|4:2|4:9|5:2|5:9|6:1|6:2|6:9|7:9|8:8|8:9,2222
3133,4861,0.22463615903975998,3.0,3.0,0.0,3.0,45,victory,1,0,,0,36,30,0:0|0:4|0:5|0:6|0:7|0:8|0:9|1:0|1:4|1:9|2:0|2:2|2:3|2:4|2:9|3:0|3:1|3:2|3:9|4:2|4:9|5:2|5:9|6:0|6:1|6:2|6:9|7:9|8:8|8:9,2222
3134,4862,0.22438859714928738,3.0,3.0,0.0,3.0,118,victory,1,0,,0,59,41,0:0|0:4|0:5|0:6|0:7|0:8|0:9|1:0|1:4|1:7|1:8|1:9|2:0|2:2|2:3|2:4|2:8|2:9|3:0|3:1|3:2|3:4|3:8|3:9|4:2|4:4|4:5|4:6|4:7|4:8|5:1|5:2|5:4|5:8|5:9|6:1|6:2|6:9|7:9|8:8|8:9,2222
3135,4863,0.22414103525881468,2.0,2.0,0.0,2.0,85,death,0,1,monster,0,35,21,0:0|0:4|0:5|0:6|0:7|0:8|1:0|1:4|1:7|1:8|2:0|2:2|2:3|2:4|3:0|3:1|3:2|4:2|5:2|6:1|6:2,2222
3136,4864,0.2238934733683421,3.0,3.0,0.0,3.0,50,victory,1,0,,0,36,32,0:0|0:4|0:5|0:6|0:7|0:8|0:9|1:0|1:4|1:9|2:0|2:2|2:3|2:4|2:9|3:0|3:1|3:2|3:9|4:2|4:9|5:0|5:1|5:2|5:9|6:0|6:1|6:2|6:9|7:9|8:8|8:9,2222
3137,4865,0.2236459114778695,3.0,3.0,0.0,3.0,74,victory,1,0,,0,41,31,0:0|0:4|0:5|0:6|0:7|0:8|0:9|1:0|1:4|1:6|1:9|2:0|2:2|2:3|2:4|2:9|3:0|3:1|3:2|3:9|4:2|4:9|5:1|5:2|5:9|6:1|6:2|6:9|7:8|7:9|8:8,2222
3138,4866,0.2233983495873968,3.0,3.0,0.0,3.0,42,victory,1,0,,0,34,30,0:0|0:4|0:5|0:6|0:7|0:8|0:9|1:0|1:4|1:9|2:0|2:2|2:3|2:4|2:9|3:0|3:1|3:2|3:9|4:2|4:9|5:1|5:2|5:9|6:1|6:2|6:9|7:9|8:8|8:9,2222
3139,4867,0.2231507876969242,0.0,0.0,0.0,0.0,10,death,0,1,monster,0,8,8,0:0|1:0|2:0|3:0|3:1|3:2|4:2|4:3,2222
3140,4868,0.2229032258064516,3.0,3.0,0.0,3.0,63,victory,1,0,,0,46,32,0:0|0:4|0:5|0:6|0:7|0:8|0:9|1:0|1:4|1:9|2:0|2:2|2:4|2:9|3:0|3:1|3:2|3:4|3:9|4:2|4:3|4:4|4:9|5:2|5:9|6:1|6:2|6:9|7:9|8:8|8:9|9:9,2222
3141,4869,0.2226556639159789,3.0,3.0,0.0,3.0,48,victory,1,0,,0,38,32,0:0|0:4|0:5|0:6|0:7|0:8|0:9|1:0|1:4|1:7|1:9|2:0|2:2|2:3|2:4|2:9|3:0|3:1|3:2|3:9|4:2|4:9|5:1|5:2|5:9|6:1|6:2|6:9|7:9|8:8|8:9|9:9,2222
3142,4870,0.22240810202550643,3.0,3.0,0.0,3.0,43,victory,1,0,,0,34,31,0:0|0:4|0:5|0:6|0:7|0:8|0:9|1:0|1:4|1:6|1:9|2:0|2:2|2:3|2:4|2:9|3:0|3:1|3:2|3:9|4:2|4:9|5:1|5:2|5:9|6:1|6:2|6:9|7:9|8:8|8:9,2222
3143,4871,0.22216054013503383,0.0,0.0,0.0,0.0,28,death,0,1,monster,0,13,11,0:0|1:0|1:2|2:0|2:2|3:0|3:1|3:2|4:2|4:3|5:2,2222
3144,4872,0.22191297824456113,2.0,2.0,0.0,2.0,31,death,0,1,monster,0,28,25,0:0|0:4|0:5|0:6|0:7|0:8|0:9|1:0|1:4|1:9|2:0|2:2|2:3|2:4|2:9|3:0|3:1|3:2|3:9|4:2|4:9|5:1|5:2|6:1|6:2,2222
3145,4873,0.22166541635408854,3.0,3.0,0.0,3.0,47,victory,1,0,,0,35,30,0:0|0:4|0:5|0:6|0:7|0:8|0:9|1:0|1:4|1:9|2:0|2:2|2:3|2:4|2:9|3:0|3:1|3:2|3:9|4:2|4:9|5:1|5:2|5:9|6:1|6:2|6:9|7:9|8:8|8:9,2222
3146,4874,0.22141785446361595,3.0,3.0,0.0,3.0,40,victory,1,0,,0,37,33,0:0|0:4|0:5|0:6|0:7|0:8|0:9|1:0|1:4|1:9|2:0|2:2|2:3|2:4|2:9|3:0|3:1|3:2|3:9|4:2|4:8|4:9|5:1|5:2|5:8|6:1|6:2|6:7|6:8|6:9|7:9|8:8|8:9,2222
3147,4875,0.22117029257314325,3.0,3.0,0.0,3.0,49,victory,1,0,,0,41,35,0:0|0:6|0:7|0:8|0:9|1:0|1:2|1:6|1:9|2:0|2:2|2:3|2:6|2:9|3:0|3:1|3:2|3:6|3:9|4:2|4:3|4:4|4:5|4:6|4:9|5:1|5:2|5:9|6:1|6:2|6:3|6:9|7:9|8:8|8:9,2222
3148,4876,0.22092273068267065,1.0,1.0,0.0,1.0,63,death,0,1,monster,0,30,20,0:0|0:4|0:5|0:6|1:0|1:4|1:6|2:0|2:2|2:3|2:4|3:0|3:1|3:2|3:4|4:2|5:1|5:2|6:1|6:2,2222
3149,4877,0.22067516879219806,3.0,3.0,0.0,3.0,88,victory,1,0,,0,48,35,0:0|0:2|0:4|0:5|0:6|0:7|0:8|0:9|1:0|1:2|1:4|1:8|1:9|2:0|2:2|2:3|2:4|2:9|3:0|3:1|3:2|3:9|4:2|4:3|4:9|5:1|5:2|5:9|6:1|6:2|6:8|6:9|7:9|8:8|8:9,2222
3150,4878,0.22042760690172547,3.0,3.0,0.0,3.0,46,victory,1,0,,0,36,31,0:0|0:4|0:5|0:6|0:7|0:8|0:9|1:0|1:4|1:9|2:0|2:2|2:3|2:4|2:9|3:0|3:1|3:2|3:9|4:2|4:9|5:1|5:2|5:9|6:1|6:2|6:9|7:9|8:8|8:9|9:9,2222
3151,4879,0.22018004501125288,3.0,3.0,0.0,3.0,53,victory,1,0,,0,40,31,0:0|0:4|0:5|0:6|0:7|0:8|0:9|1:0|1:4|1:9|2:0|2:2|2:3|2:4|2:9|3:0|3:1|3:2|3:4|3:9|4:2|4:9|5:1|5:2|5:9|6:1|6:2|6:9|7:9|8:8|8:9,2222
3152,4880,0.2199324831207803,3.0,3.0,0.0,3.0,100,victory,1,0,,0,36,32,0:0|0:4|0:5|0:6|0:7|0:8|0:9|1:0|1:4|1:9|2:0|2:2|2:3|2:4|2:9|3:0|3:1|3:2|3:9|4:2|4:3|4:9|5:1|5:2|5:9|6:1|6:2|6:9|7:9|8:8|8:9|9:9,2222
3153,4881,0.21968492123030758,3.0,3.0,0.0,3.0,55,victory,1,0,,0,39,34,0:0|0:4|0:5|0:6|0:7|0:8|0:9|1:0|1:4|1:7|1:8|1:9|2:0|2:2|2:3|2:4|2:9|3:0|3:1|3:2|3:9|4:2|4:9|5:1|5:2|5:9|6:1|6:2|6:8|6:9|7:8|7:9|8:8|8:9,2222
3154,4882,0.219437359339835,3.0,3.0,0.0,3.0,53,victory,1,0,,0,36,32,0:0|0:4|0:5|0:6|0:7|0:8|0:9|1:0|1:4|1:8|1:9|2:0|2:2|2:3|2:4|2:9|3:0|3:1|3:2|3:9|4:2|4:9|5:1|5:2|5:9|6:1|6:2|6:9|7:9|8:8|8:9|9:9,2222
3155,4883,0.2191897974493623,3.0,3.0,0.0,3.0,59,victory,1,0,,0,33,30,0:0|0:4|0:5|0:6|0:7|0:8|0:9|1:0|1:4|1:9|2:0|2:2|2:3|2:4|2:9|3:0|3:1|3:2|3:9|4:2|4:9|5:1|5:2|5:9|6:1|6:2|6:9|7:8|7:9|8:8,2222
3156,4884,0.2189422355588897,3.0,3.0,0.0,3.0,70,victory,1,0,,0,43,33,0:0|0:4|0:5|0:6|0:7|0:8|0:9|1:0|1:4|1:9|2:0|2:2|2:3|2:4|2:9|3:0|3:1|3:2|3:9|4:2|4:3|4:9|5:1|5:2|5:8|5:9|6:1|6:2|6:3|6:9|7:9|8:8|8:9,2222
3157,4885,0.2186946736684171,1.0,1.0,0.0,1.0,24,death,0,1,monster,0,17,11,0:0|1:0|2:0|3:0|3:1|3:2|4:2|5:1|5:2|6:1|6:2,2222
3158,4886,0.2184471117779444,2.0,2.0,0.0,2.0,41,death,0,1,monster,0,32,24,0:0|0:4|0:5|0:6|0:7|0:8|0:9|1:0|1:4|1:7|1:9|2:0|2:2|2:3|2:4|2:9|3:0|3:1|3:2|4:2|5:1|5:2|6:1|6:2,2222
3159,4887,0.21819954988747192,3.0,3.0,0.0,3.0,113,victory,1,0,,0,43,32,0:0|0:1|0:4|0:5|0:6|0:7|0:8|0:9|1:0|1:4|1:9|2:0|2:2|2:3|2:4|2:9|3:0|3:1|3:2|3:9|4:2|4:3|4:9|5:1|5:2|5:9|6:1|6:2|6:9|7:9|8:8|8:9,2222
3160,4888,0.21795198799699933,3.0,3.0,0.0,3.0,57,victory,1,0,,0,38,31,0:0|0:4|0:5|0:6|0:7|0:8|0:9|1:0|1:4|1:8|1:9|2:0|2:2|2:3|2:4|2:9|3:0|3:1|3:2|3:4|3:9|4:2|4:9|5:1|5:2|5:9|6:1|6:9|7:9|8:8|8:9,2222
3161,4889,0.21770442610652663,3.0,3.0,0.0,3.0,70,victory,1,0,,0,42,35,0:0|0:4|0:5|0:6|0:7|0:8|0:9|1:0|1:4|1:9|2:0|2:2|2:3|2:4|2:9|3:0|3:1|3:2|3:9|4:2|4:9|5:1|5:2|5:6|5:9|6:1|6:6|6:7|6:8|6:9|7:8|7:9|8:8|8:9|9:9,2222
3162,4890,0.21745686421605404,3.0,3.0,0.0,3.0,44,victory,1,0,,0,35,30,0:0|0:4|0:5|0:6|0:7|0:8|0:9|1:0|1:4|1:9|2:0|2:2|2:3|2:4|2:9|3:0|3:1|3:2|3:9|4:2|4:9|5:1|5:2|5:9|6:1|6:2|6:9|7:9|8:8|8:9,2222
3163,4891,0.21720930232558144,1.0,1.0,0.0,1.0,63,death,0,1,monster,0,31,19,0:0|0:4|0:5|1:0|1:4|2:0|2:2|2:3|2:4|3:0|3:1|3:2|3:4|3:5|4:2|5:1|5:2|6:1|6:2,2222
3164,4892,0.21696174043510874,3.0,3.0,0.0,3.0,73,victory,1,0,,0,35,31,0:0|0:4|0:5|0:6|0:7|0:8|0:9|1:0|1:4|1:9|2:0|2:2|2:3|2:4|2:9|3:0|3:1|3:2|3:9|4:2|4:3|4:9|5:2|5:9|6:1|6:2|6:8|6:9|7:9|8:8|8:9,2222
3165,4893,0.21671417854463615,3.0,3.0,0.0,3.0,147,victory,1,0,,0,39,35,0:0|0:1|0:4|0:5|0:6|0:7|1:0|1:2|1:4|1:7|1:8|1:9|2:0|2:2|2:3|2:4|2:9|3:0|3:1|3:2|3:9|4:2|4:8|4:9|5:1|5:2|5:8|5:9|6:1|6:2|6:8|6:9|7:9|8:8|8:9,2222
3166,4894,0.21646661665416356,3.0,3.0,0.0,3.0,44,victory,1,0,,0,36,30,0:0|0:4|0:5|0:6|0:7|0:8|0:9|1:0|1:4|1:9|2:0|2:2|2:3|2:4|2:9|3:0|3:1|3:2|3:9|4:2|4:9|5:1|5:2|5:9|6:1|6:2|6:9|7:9|8:8|8:9,2222
3167,4895,0.21621905476369085,3.0,3.0,0.0,3.0,98,victory,1,0,,0,39,31,0:0|0:4|0:5|0:6|0:7|0:8|0:9|1:0|1:4|1:9|2:0|2:2|2:3|2:4|2:8|2:9|3:0|3:1|3:2|3:9|4:2|4:9|5:1|5:2|5:9|6:1|6:2|6:9|7:9|8:8|8:9,2222
3168,4896,0.21597149287321837,3.0,3.0,0.0,3.0,63,victory,1,0,,0,40,31,0:0|0:4|0:5|0:6|0:7|0:8|0:9|1:0|1:4|1:9|2:0|2:2|2:3|2:4|2:9|3:0|3:1|3:2|3:4|3:5|3:9|4:2|4:9|5:2|5:9|6:1|6:2|6:9|7:9|8:8|8:9,2222
3169,4897,0.21572393098274578,3.0,3.0,0.0,3.0,111,victory,1,0,,0,56,35,0:0|0:1|0:4|0:5|0:6|0:7|0:8|0:9|1:0|1:4|1:7|1:8|1:9|2:0|2:2|2:3|2:4|2:8|2:9|3:0|3:1|3:2|3:8|3:9|4:2|4:9|5:1|5:2|5:9|6:1|6:2|6:9|7:9|8:8|8:9,2222
3170,4898,0.21547636909227308,3.0,3.0,0.0,3.0,93,victory,1,0,,0,56,40,0:0|0:4|0:5|0:6|0:7|0:8|0:9|1:0|1:4|1:6|1:7|1:8|1:9|2:0|2:2|2:3|2:4|2:6|2:9|3:0|3:1|3:2|3:5|3:6|3:9|4:2|4:5|4:6|4:7|4:8|5:1|5:2|5:8|5:9|6:1|6:2|6:9|7:8|7:9|8:8,2222
3171,4899,0.2152288072018005,3.0,3.0,0.0,3.0,70,victory,1,0,,0,40,33,0:0|0:4|0:5|0:6|0:7|0:8|0:9|1:0|1:4|1:7|1:8|1:9|2:0|2:2|2:3|2:4|2:8|2:9|3:0|3:1|3:2|3:9|4:2|4:9|5:1|5:2|5:9|6:1|6:2|6:8|6:9|7:8|8:8,2222
3172,4900,0.21498124531132778,3.0,3.0,0.0,3.0,40,victory,1,0,,0,35,32,0:0|0:4|0:5|0:6|0:7|0:8|1:0|1:4|1:6|1:7|1:8|1:9|2:0|2:2|2:3|2:4|2:9|3:0|3:1|3:2|3:9|4:2|4:9|5:1|5:2|5:9|6:1|6:2|6:9|7:9|8:8|8:9,2222
3173,4901,0.2147336834208552,3.0,3.0,0.0,3.0,43,victory,1,0,,0,33,30,0:0|0:4|0:5|0:6|0:7|0:8|0:9|1:0|1:4|1:9|2:0|2:2|2:3|2:4|2:9|3:0|3:1|3:2|3:9|4:2|4:9|5:1|5:2|5:9|6:1|6:2|6:9|7:9|8:8|8:9,2222
3174,4902,0.2144861215303826,3.0,3.0,0.0,3.0,100,victory,1,0,,0,45,35,0:0|0:4|0:5|0:6|0:7|0:8|0:9|1:0|1:4|1:9|2:0|2:2|2:3|2:4|2:9|3:0|3:1|3:2|3:9|4:2|4:8|4:9|5:1|5:2|5:8|5:9|6:1|6:2|6:3|6:4|6:9|7:3|7:9|8:8|8:9,2222
3175,4903,0.2142385596399099,3.0,3.0,0.0,3.0,45,victory,1,0,,0,35,32,0:0|0:4|0:5|0:6|0:7|0:8|0:9|1:0|1:4|1:9|2:0|2:2|2:3|2:4|2:8|2:9|3:0|3:1|3:2|3:9|4:2|4:9|5:1|5:2|5:8|5:9|6:1|6:2|6:9|7:9|8:8|8:9,2222
3176,4904,0.2139909977494373,3.0,3.0,0.0,3.0,48,victory,1,0,,0,36,33,0:0|0:4|0:5|0:6|0:7|0:8|0:9|1:0|1:4|1:6|1:9|2:0|2:2|2:3|2:4|2:9|3:0|3:1|3:2|3:9|4:2|4:3|4:9|5:1|5:2|5:8|5:9|6:1|6:2|6:9|7:9|8:8|8:9,2222
3177,4905,0.21374343585896483,2.0,2.0,0.0,2.0,40,death,0,1,monster,0,36,30,0:0|0:4|0:5|0:6|0:7|0:8|0:9|1:0|1:4|1:9|2:0|2:2|2:3|2:4|2:9|3:0|3:1|3:2|3:9|4:2|4:9|5:1|5:2|5:8|5:9|6:1|6:2|6:8|6:9|7:9,2222
3178,4906,0.21349587396849212,3.0,3.0,0.0,3.0,89,victory,1,0,,0,50,33,0:0|0:4|0:5|0:6|0:7|0:8|0:9|1:0|1:4|1:9|2:0|2:2|2:3|2:4|2:9|3:0|3:1|3:2|3:4|3:9|4:2|4:3|4:4|4:9|5:1|5:2|5:8|5:9|6:1|6:9|7:9|8:8|8:9,2222
3179,4907,0.21324831207801953,3.0,3.0,0.0,3.0,39,victory,1,0,,0,34,30,0:0|0:4|0:5|0:6|0:7|0:8|0:9|1:0|1:4|1:9|2:0|2:2|2:3|2:4|2:9|3:0|3:1|3:2|3:9|4:2|4:9|5:1|5:2|5:9|6:1|6:2|6:9|7:9|8:8|8:9,2222
3180,4908,0.21300075018754694,3.0,3.0,0.0,3.0,93,victory,1,0,,0,46,34,0:0|0:1|0:2|0:4|0:5|0:6|0:7|0:8|0:9|1:0|1:2|1:4|1:8|1:9|2:0|2:2|2:3|2:4|2:9|3:0|3:1|3:2|3:9|4:2|4:9|5:1|5:2|5:9|6:1|6:2|6:9|7:9|8:8|8:9,2222
3181,4909,0.21275318829707424,3.0,3.0,0.0,3.0,42,victory,1,0,,0,38,32,0:0|0:4|0:5|0:6|0:7|0:8|0:9|1:0|1:4|1:8|1:9|2:0|2:2|2:3|2:4|2:9|3:0|3:1|3:2|3:9|4:2|4:9|5:1|5:2|5:8|5:9|6:0|6:1|6:9|7:9|8:8|8:9,2222
3182,4910,0.21250562640660164,3.0,3.0,0.0,3.0,41,victory,1,0,,0,35,30,0:0|0:4|0:5|0:6|0:7|0:8|0:9|1:0|1:4|1:9|2:0|2:2|2:3|2:4|2:9|3:0|3:1|3:2|3:9|4:2|4:9|5:1|5:2|5:9|6:1|6:2|6:9|7:9|8:8|8:9,2222
3183,4911,0.21225806451612905,3.0,3.0,0.0,3.0,45,victory,1,0,,0,35,32,0:0|0:4|0:5|0:6|0:7|0:8|0:9|1:0|1:4|1:8|1:9|2:0|2:2|2:3|2:4|2:8|2:9|3:0|3:1|3:2|3:9|4:2|4:9|5:1|5:2|5:9|6:1|6:2|6:9|7:9|8:8|8:9,2222
3184,4912,0.21201050262565635,2.0,2.0,0.0,2.0,38,death,0,1,monster,0,30,25,0:0|0:4|0:5|0:6|0:7|0:8|0:9|1:0|1:4|1:9|2:0|2:2|2:3|2:4|2:8|2:9|3:0|3:1|3:2|3:9|4:2|5:1|5:2|6:1|6:2,2222
3185,4913,0.21176294073518376,3.0,3.0,0.0,3.0,43,victory,1,0,,0,34,30,0:0|0:4|0:5|0:6|0:7|0:8|0:9|1:0|1:4|1:9|2:0|2:2|2:3|2:4|2:9|3:0|3:1|3:2|3:9|4:2|4:9|5:1|5:2|5:9|6:1|6:2|6:9|7:9|8:8|8:9,2222
3186,4914,0.21151537884471128,3.0,3.0,0.0,3.0,39,victory,1,0,,0,35,30,0:0|0:4|0:5|0:6|0:7|0:8|0:9|1:0|1:4|1:9|2:0|2:2|2:3|2:4|2:9|3:0|3:1|3:2|3:9|4:2|4:9|5:1|5:2|5:9|6:1|6:2|6:9|7:9|8:8|8:9,2222
3187,4915,0.21126781695423857,3.0,3.0,0.0,3.0,73,victory,1,0,,0,48,33,0:0|0:4|0:5|0:6|0:7|0:8|0:9|1:0|1:4|1:6|1:7|1:9|2:0|2:2|2:3|2:4|2:9|3:0|3:1|3:2|3:4|3:9|4:2|4:3|4:9|5:2|5:9|6:1|6:2|6:9|7:9|8:8|8:9,2222
3188,4916,0.21102025506376598,3.0,3.0,0.0,3.0,54,victory,1,0,,0,38,33,0:0|0:4|0:5|0:6|0:7|0:8|0:9|1:0|1:4|1:9|2:0|2:2|2:3|2:4|2:9|3:0|3:1|3:2|3:4|3:9|4:2|4:8|4:9|5:1|5:2|5:8|5:9|6:1|6:2|6:9|7:9|8:8|8:9,2222
3189,4917,0.2107726931732934,3.0,3.0,0.0,3.0,58,victory,1,0,,0,37,32,0:0|0:4|0:5|0:6|0:7|0:8|0:9|1:0|1:4|1:6|1:7|1:9|2:0|2:2|2:3|2:4|2:9|3:0|3:1|3:2|3:9|4:2|4:9|5:1|5:2|5:9|6:1|6:2|6:9|7:9|8:8|8:9,2222
3190,4918,0.2105251312828207,3.0,3.0,0.0,3.0,39,victory,1,0,,0,34,30,0:0|0:4|0:5|0:6|0:7|0:8|0:9|1:0|1:4|1:9|2:0|2:2|2:3|2:4|2:8|2:9|3:0|3:1|3:2|3:9|4:2|4:9|5:1|5:2|5:9|6:1|6:9|7:9|8:8|8:9,2222
3191,4919,0.2102775693923481,3.0,3.0,0.0,3.0,49,victory,1,0,,0,36,31,0:0|0:4|0:5|0:6|0:7|0:8|0:9|1:0|1:4|1:9|2:0|2:2|2:3|2:4|2:9|3:0|3:1|3:2|3:4|3:9|4:2|4:9|5:1|5:2|5:9|6:1|6:2|6:9|7:9|8:8|8:9,2222
3192,4920,0.2100300075018754,3.0,3.0,0.0,3.0,49,victory,1,0,,0,39,31,0:0|0:4|0:5|0:6|0:7|0:8|0:9|1:0|1:2|1:4|1:9|2:0|2:2|2:3|2:4|2:9|3:0|3:1|3:2|3:9|4:2|4:9|5:1|5:2|5:9|6:1|6:2|6:9|7:9|8:8|8:9,2222
3193,4921,0.2097824456114028,2.0,2.0,0.0,2.0,76,death,0,1,monster,0,41,29,0:0|0:4|0:5|0:6|0:7|0:8|0:9|1:0|1:4|1:8|1:9|2:0|2:2|2:3|2:4|2:8|2:9|3:0|3:1|3:2|3:8|3:9|4:2|4:3|4:9|5:1|5:2|6:1|6:2,2222
3194,4922,0.2095348837209302,0.0,0.0,0.0,0.0,38,death,0,1,monster,0,22,14,0:0|0:1|0:2|1:0|1:2|2:0|2:2|3:0|3:1|3:2|4:2|4:3|4:4|5:2,2222
3195,4923,0.20928732183045762,2.0,2.0,0.0,2.0,197,death,0,1,monster,0,71,34,0:0|0:4|0:5|0:6|0:7|0:8|0:9|1:0|1:4|1:6|1:7|1:8|1:9|2:0|2:2|2:3|2:4|2:8|2:9|3:0|3:1|3:2|3:4|3:8|3:9|4:2|4:3|4:4|4:8|4:9|5:1|5:2|6:1|6:2,2222
3196,4924,0.20903975993998503,3.0,3.0,0.0,3.0,42,victory,1,0,,0,36,31,0:0|0:4|0:5|0:6|0:7|0:8|0:9|1:0|1:4|1:9|2:0|2:2|2:3|2:4|2:9|3:0|3:1|3:2|3:9|4:2|4:3|4:9|5:0|5:1|5:2|5:9|6:1|6:9|7:9|8:8|8:9,2222
3197,4925,0.20879219804951243,0.0,0.0,0.0,0.0,161,death,0,1,monster,0,36,16,0:0|0:1|0:2|1:0|1:2|2:0|2:2|2:3|2:4|3:0|3:1|3:2|3:4|4:2|4:3|5:2,2222
3198,4926,0.20854463615903973,3.0,3.0,0.0,3.0,154,victory,1,0,,0,43,32,0:0|0:4|0:5|0:6|0:7|0:8|0:9|1:0|1:4|1:9|2:0|2:2|2:3|2:4|2:9|3:0|3:1|3:2|3:9|4:2|4:8|4:9|5:1|5:2|5:8|5:9|6:1|6:2|6:9|7:9|8:8|8:9,2222
3199,4927,0.20829707426856714,0.0,0.0,0.0,0.0,32,death,0,1,monster,0,12,5,0:0|1:0|2:0|3:0|3:1,2222
3200,4928,0.20804951237809455,3.0,3.0,0.0,3.0,114,victory,1,0,,0,34,29,0:0|0:4|0:5|0:6|0:7|0:8|0:9|1:0|1:4|1:9|2:0|2:2|2:3|2:4|2:9|3:0|3:1|3:2|3:9|4:2|4:9|5:2|5:9|6:1|6:2|6:9|7:9|8:8|8:9,2222
3201,4929,0.20780195048762184,3.0,3.0,0.0,3.0,48,victory,1,0,,0,34,30,0:0|0:4|0:5|0:6|0:7|0:8|0:9|1:0|1:4|1:9|2:0|2:2|2:3|2:4|2:9|3:0|3:1|3:2|3:9|4:2|4:9|5:2|5:9|6:1|6:2|6:3|6:9|7:9|8:8|8:9,2222
3202,4930,0.20755438859714925,3.0,3.0,0.0,3.0,82,victory,1,0,,0,34,30,0:0|0:4|0:5|0:6|0:7|0:8|0:9|1:0|1:4|1:9|2:0|2:2|2:3|2:4|2:9|3:0|3:1|3:2|3:9|4:2|4:9|5:1|5:2|5:9|6:1|6:2|6:9|7:9|8:8|8:9,2222
3203,4931,0.20730682670667677,3.0,3.0,0.0,3.0,75,victory,1,0,,0,48,34,0:0|0:4|0:5|0:6|0:7|0:8|0:9|1:0|1:4|1:9|2:0|2:4|2:9|3:0|3:1|3:2|3:4|3:9|4:2|4:3|4:4|4:9|5:0|5:1|5:2|5:9|6:0|6:1|6:2|6:9|7:0|7:9|8:8|8:9,2222
3204,4932,0.20705926481620407,3.0,3.0,0.0,3.0,72,victory,1,0,,0,34,30,0:0|0:4|0:5|0:6|0:7|0:8|0:9|1:0|1:4|1:9|2:0|2:2|2:3|2:4|2:9|3:0|3:1|3:2|3:9|4:2|4:9|5:1|5:2|5:9|6:1|6:2|6:9|7:9|8:8|8:9,2222
3205,4933,0.20681170292573148,3.0,3.0,0.0,3.0,58,victory,1,0,,0,36,33,0:0|0:1|0:4|0:5|0:6|0:7|0:8|0:9|1:0|1:4|1:9|2:0|2:2|2:3|2:4|2:9|3:0|3:1|3:2|3:9|4:2|4:9|5:0|5:1|5:2|5:9|6:0|6:1|6:2|6:9|7:9|8:8|8:9,2222
3206,4934,0.20656414103525889,3.0,3.0,0.0,3.0,57,victory,1,0,,0,39,33,0:0|0:4|0:5|0:6|0:7|0:8|0:9|1:0|1:2|1:4|1:9|2:0|2:2|2:3|2:4|2:9|3:0|3:1|3:2|3:9|4:2|4:9|5:0|5:1|5:2|5:9|6:0|6:1|6:2|6:9|7:9|8:8|8:9,2222
3207,4935,0.20631657914478618,3.0,3.0,0.0,3.0,108,victory,1,0,,0,45,32,0:0|0:4|0:5|0:6|0:7|0:8|0:9|1:0|1:4|1:9|2:0|2:2|2:3|2:4|2:9|3:0|3:1|3:2|3:9|4:2|4:7|4:8|4:9|5:1|5:2|5:8|5:9|6:1|6:9|7:9|8:8|8:9,2222
3208,4936,0.2060690172543136,3.0,3.0,0.0,3.0,72,victory,1,0,,0,39,32,0:0|0:4|0:5|0:6|0:7|0:8|0:9|1:0|1:4|1:9|2:0|2:2|2:3|2:4|2:9|3:0|3:1|3:2|3:9|4:2|4:9|5:0|5:1|5:2|5:9|6:0|6:1|6:2|6:9|7:9|8:8|8:9,2222
3209,4937,0.205821455363841,3.0,3.0,0.0,3.0,48,victory,1,0,,0,43,31,0:0|0:4|0:5|0:6|0:7|0:8|0:9|1:0|1:4|1:9|2:0|2:2|2:3|2:4|2:9|3:0|3:1|3:2|3:9|4:2|4:9|5:1|5:2|5:9|6:1|6:9|7:9|8:8|8:9|9:8|9:9,2222
3210,4938,0.2055738934733683,3.0,3.0,0.0,3.0,53,victory,1,0,,0,35,32,0:0|0:1|0:4|0:5|0:6|0:7|0:8|0:9|1:0|1:2|1:4|1:9|2:0|2:2|2:3|2:4|2:9|3:0|3:1|3:2|3:9|4:2|4:9|5:1|5:2|5:9|6:1|6:2|6:9|7:9|8:8|8:9,2222
3211,4939,0.2053263315828957,3.0,3.0,0.0,3.0,45,victory,1,0,,0,34,31,0:0|0:4|0:5|0:6|0:7|0:8|0:9|1:0|1:4|1:6|1:9|2:0|2:4|2:9|3:0|3:1|3:2|3:4|3:9|4:2|4:3|4:4|4:9|5:1|5:2|5:9|6:1|6:9|7:9|8:8|8:9,2222
3212,4940,0.2050787696924231,3.0,3.0,0.0,3.0,71,victory,1,0,,0,37,31,0:0|0:4|0:5|0:6|0:7|1:0|1:2|1:4|1:7|1:8|1:9|2:0|2:2|2:3|2:4|2:9|3:0|3:1|3:2|3:9|4:2|4:9|5:0|5:1|5:2|5:9|6:1|6:9|7:9|8:8|8:9,2222
3213,4941,0.20483120780195052,3.0,3.0,0.0,3.0,126,victory,1,0,,0,46,30,0:0|0:4|0:5|0:6|0:7|0:8|0:9|1:0|1:2|1:4|1:9|2:0|2:2|2:3|2:4|2:9|3:0|3:1|3:2|3:9|4:2|4:9|5:1|5:2|5:9|6:1|6:9|7:9|8:8|8:9,2222
3214,4942,0.20458364591147793,3.0,3.0,0.0,3.0,60,victory,1,0,,0,39,31,0:0|0:4|0:5|0:6|0:7|0:8|0:9|1:0|1:4|1:8|1:9|2:0|2:2|2:3|2:4|2:9|3:0|3:1|3:2|3:4|3:9|4:2|4:9|5:1|5:2|5:9|6:1|6:9|7:9|8:8|8:9,2222
3215,4943,0.20433608402100523,3.0,3.0,0.0,3.0,133,victory,1,0,,0,68,41,0:0|0:1|0:2|0:4|0:5|0:6|0:7|0:8|0:9|1:0|1:2|1:4|1:9|2:0|2:2|2:3|2:4|2:9|3:0|3:1|3:2|3:4|3:5|3:9|4:2|4:3|4:4|4:9|5:1|5:2|5:4|5:9|6:1|6:2|6:3|6:4|6:8|6:9|7:9|8:8|8:9,2222
3216,4944,0.20408852213053263,3.0,3.0,0.0,3.0,52,victory,1,0,,0,37,32,0:0|0:1|0:4|0:5|0:6|0:7|0:8|1:0|1:4|1:8|1:9|2:0|2:2|2:3|2:4|2:9|3:0|3:1|3:2|3:9|4:2|4:3|4:9|5:0|5:1|5:2|5:9|6:1|6:9|7:9|8:8|8:9,2222
3217,4945,0.20384096024006004,3.0,3.0,0.0,3.0,43,victory,1,0,,0,35,30,0:0|0:4|0:5|0:6|0:7|0:8|0:9|1:0|1:4|1:8|1:9|2:0|2:2|2:3|2:4|2:9|3:0|3:1|3:2|3:9|4:2|4:9|5:1|5:2|5:9|6:1|6:9|7:9|8:8|8:9,2222
3218,4946,0.20359339834958734,3.0,3.0,0.0,3.0,40,victory,1,0,,0,36,30,0:0|0:4|0:5|0:6|0:7|1:0|1:4|1:7|1:8|1:9|2:0|2:4|2:9|3:0|3:1|3:2|3:4|3:9|4:2|4:3|4:4|4:9|5:1|5:2|5:9|6:1|6:9|7:9|8:8|8:9,2222
3219,4947,0.20334583645911475,3.0,3.0,0.0,3.0,76,victory,1,0,,0,49,37,0:0|0:4|0:5|0:6|0:7|0:8|0:9|1:0|1:4|1:6|1:7|1:8|1:9|2:0|2:2|2:3|2:4|2:8|2:9|3:0|3:1|3:2|3:8|3:9|4:2|4:8|4:9|5:1|5:2|5:8|5:9|6:1|6:2|6:9|7:9|8:8|8:9,2222
3220,4948,0.20309827456864216,3.0,3.0,0.0,3.0,43,victory,1,0,,0,36,32,0:0|0:4|0:5|0:6|0:7|0:8|0:9|1:0|1:4|1:8|1:9|2:0|2:2|2:3|2:4|2:9|3:0|3:1|3:2|3:4|3:8|3:9|4:2|4:9|5:1|5:2|5:9|6:1|6:9|7:9|8:8|8:9,2222
3221,4949,0.20285071267816956,3.0,3.0,0.0,3.0,49,victory,1,0,,0,33,29,0:0|0:4|0:5|0:6|0:7|0:8|0:9|1:0|1:4|1:9|2:0|2:2|2:3|2:4|2:9|3:0|3:1|3:2|3:9|4:2|4:9|5:1|5:2|5:9|6:1|6:9|7:9|8:8|8:9,2222
3222,4950,0.20260315078769697,3.0,3.0,0.0,3.0,51,victory,1,0,,0,41,31,0:0|0:4|0:5|0:6|0:7|0:8|0:9|1:0|1:4|1:9|2:0|2:2|2:4|2:9|3:0|3:1|3:2|3:4|3:9|4:2|4:3|4:4|4:9|5:1|5:2|5:9|6:1|6:9|7:9|8:8|8:9,2222
3223,4951,0.20235558889722438,2.0,2.0,0.0,2.0,120,death,0,1,monster,0,53,30,0:0|0:4|0:5|0:6|0:7|0:8|0:9|1:0|1:4|1:6|1:7|1:8|1:9|2:0|2:2|2:3|2:4|2:8|2:9|3:0|3:1|3:2|3:4|3:5|3:9|4:2|5:0|5:1|5:2|6:1,2222
3224,4952,0.20210802700675168,3.0,3.0,0.0,3.0,55,victory,1,0,,0,40,31,0:0|0:4|0:5|0:6|0:7|0:8|0:9|1:0|1:4|1:9|2:0|2:2|2:3|2:4|2:9|3:0|3:1|3:2|3:4|3:9|4:2|4:3|4:9|5:1|5:2|5:9|6:1|6:9|7:9|8:8|8:9,2222
3225,4953,0.2018604651162791,3.0,3.0,0.0,3.0,59,victory,1,0,,0,46,36,0:0|0:1|0:4|0:5|0:6|0:7|0:8|0:9|1:0|1:4|1:6|1:9|2:0|2:2|2:3|2:4|2:9|3:0|3:1|3:2|3:9|4:2|4:7|4:8|4:9|5:1|5:2|5:8|6:1|6:2|6:3|6:8|6:9|7:9|8:8|8:9,2222
3226,4954,0.2016129032258065,3.0,3.0,0.0,3.0,81,victory,1,0,,0,42,34,0:0|0:4|0:5|0:6|0:7|0:8|0:9|1:0|1:4|1:9|2:0|2:2|2:3|2:4|2:8|2:9|3:0|3:1|3:2|3:8|3:9|4:2|4:8|4:9|5:0|5:1|5:2|5:8|5:9|6:1|6:9|7:9|8:8|8:9,2222
3227,4955,0.2013653413353338,3.0,3.0,0.0,3.0,65,victory,1,0,,0,40,33,0:0|0:4|0:5|0:6|0:7|0:8|0:9|1:0|1:4|1:9|2:0|2:2|2:3|2:4|2:8|2:9|3:0|3:1|3:2|3:9|4:2|4:3|4:9|5:0|5:1|5:2|5:8|5:9|6:1|6:9|7:9|8:8|8:9,2222
3228,4956,0.2011177794448612,3.0,3.0,0.0,3.0,40,victory,1,0,,0,35,30,0:0|0:4|0:5|0:6|0:7|0:8|0:9|1:0|1:4|1:9|2:0|2:2|2:3|2:4|2:9|3:0|3:1|3:2|3:9|4:2|4:3|4:9|5:1|5:2|5:9|6:1|6:9|7:9|8:8|8:9,2222
3229,4957,0.2008702175543885,1.0,1.0,0.0,1.0,30,death,0,1,monster,0,23,15,0:0|0:2|1:0|1:2|2:0|2:2|2:3|2:4|3:0|3:1|3:2|4:2|5:1|5:2|6:1,2222
3230,4958,0.20062265566391602,3.0,3.0,0.0,3.0,65,victory,1,0,,0,42,32,0:0|0:1|0:4|0:5|0:6|0:7|0:8|0:9|1:0|1:4|1:6|1:9|2:0|2:2|2:3|2:4|2:9|3:0|3:1|3:2|3:4|3:9|4:2|4:9|5:1|5:2|5:9|6:1|6:9|7:9|8:8|8:9,2222
3231,4959,0.20037509377344342,3.0,3.0,0.0,3.0,43,victory,1,0,,0,36,31,0:0|0:4|0:5|0:6|0:7|0:8|0:9|1:0|1:4|1:9|2:0|2:2|2:3|2:4|2:9|3:0|3:1|3:2|3:9|4:2|4:9|5:1|5:2|5:9|6:1|6:2|6:8|6:9|7:9|8:8|8:9,2222
3232,4960,0.20012753188297072,2.0,2.0,0.0,2.0,116,death,0,1,monster,0,37,21,0:0|0:4|0:5|0:6|0:7|1:0|1:4|1:7|2:0|2:2|2:3|2:4|3:0|3:1|3:2|3:4|3:5|4:2|5:1|5:2|6:1,2222
3233,4961,0.19987996999249813,3.0,3.0,0.0,3.0,55,victory,1,0,,0,42,34,0:0|0:1|0:4|0:5|0:6|0:7|0:8|1:0|1:4|1:6|1:7|2:0|2:2|2:3|2:4|2:6|3:0|3:1|3:2|3:6|4:2|4:6|4:7|4:8|5:1|5:2|5:8|5:9|6:1|6:8|6:9|7:9|8:8|8:9,2222
3234,4962,0.19963240810202554,3.0,3.0,0.0,3.0,63,victory,1,0,,0,45,33,0:0|0:4|0:5|0:6|0:7|0:8|0:9|1:0|1:4|1:7|1:8|1:9|2:0|2:2|2:3|2:4|2:9|3:0|3:1|3:2|3:9|4:2|4:9|5:1|5:2|5:9|6:1|6:9|7:9|8:8|8:9|9:8|9:9,2222
3235,4963,0.19938484621155284,2.0,2.0,0.0,2.0,25,death,0,1,monster,0,22,18,0:0|0:4|0:5|0:6|0:7|1:0|1:4|2:0|2:2|2:3|2:4|3:0|3:1|3:2|4:2|5:1|5:2|6:1,2222
3236,4964,0.19913728432108024,3.0,3.0,0.0,3.0,71,victory,1,0,,0,36,32,0:0|0:4|0:5|0:6|0:7|0:8|0:9|1:0|1:4|1:6|1:9|2:0|2:2|2:3|2:4|2:9|3:0|3:1|3:2|3:9|4:2|4:9|5:0|5:1|5:2|5:9|6:0|6:1|6:9|7:9|8:8|8:9,2222
3237,4965,0.19888972243060765,3.0,3.0,0.0,3.0,37,victory,1,0,,0,33,29,0:0|0:4|0:5|0:6|0:7|0:8|1:0|1:4|1:8|1:9|2:0|2:2|2:3|2:4|2:9|3:0|3:1|3:2|3:9|4:2|4:9|5:1|5:2|5:9|6:1|6:9|7:9|8:8|8:9,2222
3238,4966,0.19864216054013495,3.0,3.0,0.0,3.0,301,victory,1,0,,0,47,35,0:0|0:1|0:2|0:4|0:5|0:6|0:7|0:8|0:9|1:0|1:4|1:9|2:0|2:2|2:3|2:4|2:9|3:0|3:1|3:2|3:8|3:9|4:2|4:9|5:1|5:2|5:9|6:1|6:2|6:3|6:4|6:9|7:9|8:8|8:9,2222
3239,4967,0.19839459864966247,3.0,3.0,0.0,3.0,52,victory,1,0,,0,35,31,0:0|0:1|0:4|0:5|0:6|0:7|0:8|0:9|1:0|1:4|1:8|1:9|2:0|2:2|2:3|2:4|2:9|3:0|3:1|3:2|3:9|4:2|4:9|5:1|5:2|5:9|6:1|6:9|7:9|8:8|8:9,2222
3240,4968,0.19814703675918988,3.0,3.0,0.0,3.0,60,victory,1,0,,0,36,31,0:0|0:1|0:4|0:5|0:6|0:7|0:8|0:9|1:0|1:4|1:9|2:0|2:2|2:3|2:4|2:9|3:0|3:1|3:2|3:9|4:2|4:3|4:9|5:2|5:9|6:1|6:2|6:9|7:9|8:8|8:9,2222
3241,4969,0.19789947486871717,3.0,3.0,0.0,3.0,63,victory,1,0,,0,41,34,0:0|0:4|0:5|0:6|0:7|0:8|0:9|1:0|1:4|1:6|1:9|2:0|2:4|2:9|3:0|3:1|3:2|3:4|3:9|4:2|4:3|4:4|4:8|4:9|5:1|5:2|5:8|5:9|6:1|6:2|6:9|7:9|8:8|8:9,2222
3242,4970,0.19765191297824458,3.0,3.0,0.0,3.0,49,victory,1,0,,0,35,30,0:0|0:1|0:4|0:5|0:6|0:7|0:8|0:9|1:0|1:4|1:9|2:0|2:2|2:3|2:4|2:9|3:0|3:1|3:2|3:9|4:2|4:9|5:1|5:2|5:9|6:1|6:9|7:9|8:8|8:9,2222
3243,4971,0.197404351087772,2.0,2.0,0.0,2.0,95,death,0,1,monster,0,43,24,0:0|0:4|0:5|0:6|0:7|0:8|0:9|1:0|1:2|1:4|1:6|1:7|1:8|2:0|2:2|2:3|2:4|3:0|3:1|3:2|4:2|5:1|5:2|6:1,2222
3244,4972,0.1971567891972993,3.0,3.0,0.0,3.0,58,victory,1,0,,0,38,33,0:0|0:4|0:5|0:6|0:7|0:8|0:9|1:0|1:2|1:4|1:9|2:0|2:2|2:3|2:4|2:9|3:0|3:1|3:2|3:4|3:9|4:2|4:9|5:0|5:1|5:2|5:9|6:0|6:1|6:9|7:9|8:8|8:9,2222
3245,4973,0.1969092273068267,3.0,3.0,0.0,3.0,56,victory,1,0,,0,43,35,0:0|0:6|0:7|0:8|0:9|1:0|1:6|1:9|2:0|2:2|2:3|2:4|2:6|2:9|3:0|3:1|3:2|3:4|3:6|3:9|4:2|4:3|4:4|4:5|4:6|4:9|5:1|5:2|5:9|6:1|6:2|6:9|7:9|8:8|8:9,2222
3246,4974,0.1966616654163541,3.0,3.0,0.0,3.0,38,victory,1,0,,0,36,30,0:0|0:4|0:5|0:6|0:7|0:8|0:9|1:0|1:2|1:4|1:9|2:0|2:2|2:3|2:4|2:9|3:0|3:1|3:2|3:9|4:2|4:9|5:1|5:2|5:9|6:1|6:9|7:9|8:8|8:9,2222
3247,4975,0.1964141035258815,3.0,3.0,0.0,3.0,47,victory,1,0,,0,36,31,0:0|0:4|0:5|0:6|0:7|1:0|1:4|1:7|1:8|1:9|2:0|2:2|2:3|2:4|2:9|3:0|3:1|3:2|3:9|4:2|4:9|5:0|5:1|5:2|5:9|6:1|6:2|6:9|7:9|8:8|8:9,2222
3248,4976,0.19616654163540892,2.0,2.0,0.0,2.0,59,death,0,1,monster,0,44,30,0:0|0:4|0:5|0:6|0:7|0:8|0:9|1:0|1:4|1:6|1:7|1:8|1:9|2:0|2:2|2:3|2:4|2:8|2:9|3:0|3:1|3:2|3:8|3:9|4:2|4:9|5:1|5:2|6:1|6:2,2222
3249,4977,0.19591897974493622,3.0,3.0,0.0,3.0,126,victory,1,0,,0,68,36,0:0|0:4|0:5|0:6|0:7|0:8|0:9|1:0|1:4|1:6|1:7|1:9|2:0|2:2|2:3|2:4|2:8|2:9|3:0|3:1|3:2|3:8|3:9|4:2|4:8|4:9|5:1|5:2|5:8|5:9|6:1|6:8|6:9|7:9|8:8|8:9,2222
3250,4978,0.19567141785446363,1.0,1.0,0.0,1.0,62,death,0,1,monster,0,30,15,0:0|0:1|0:2|1:0|1:2|2:0|2:2|2:3|3:0|3:1|3:2|4:2|5:1|5:2|6:1,2222
3251,4979,0.19542385596399103,3.0,3.0,0.0,3.0,62,victory,1,0,,0,39,30,0:0|0:4|0:5|0:6|0:7|0:8|0:9|1:0|1:4|1:9|2:0|2:2|2:3|2:4|2:8|2:9|3:0|3:1|3:2|3:9|4:2|4:9|5:1|5:2|5:9|6:1|6:9|7:9|8:8|8:9,2222
3252,4980,0.19517629407351833,2.0,2.0,0.0,2.0,159,death,0,1,monster,0,66,32,0:0|0:4|0:5|0:6|0:7|0:8|0:9|1:0|1:4|1:6|1:7|1:8|1:9|2:0|2:2|2:3|2:4|2:6|2:8|2:9|3:0|3:1|3:2|3:8|3:9|4:2|4:3|4:4|4:9|5:1|5:2|6:1,2222
3253,4981,0.19492873218304574,3.0,3.0,0.0,3.0,164,victory,1,0,,0,51,35,0:0|0:4|0:5|0:6|0:7|0:8|0:9|1:0|1:2|1:4|1:7|1:8|1:9|2:0|2:2|2:3|2:4|2:9|3:0|3:1|3:2|3:4|3:9|4:2|4:4|4:9|5:1|5:2|5:8|5:9|6:1|6:9|7:9|8:8|8:9,2222
3254,4982,0.19468117029257315,2.0,2.0,0.0,2.0,79,death,0,1,monster,0,29,24,0:0|0:4|0:5|0:6|0:7|0:8|0:9|1:0|1:4|1:8|1:9|2:0|2:2|2:3|2:4|2:8|3:0|3:1|3:2|4:2|5:1|5:2|6:1|6:2,2222
3255,4983,0.19443360840210044,2.0,2.0,0.0,2.0,114,death,0,1,monster,0,43,32,0:0|0:4|0:5|0:6|0:7|0:8|0:9|1:0|1:4|1:6|1:7|1:8|1:9|2:0|2:2|2:3|2:4|2:8|2:9|3:0|3:1|3:2|3:9|4:2|4:3|4:4|4:9|5:0|5:1|5:2|6:0|6:1,2222
3256,4984,0.19418604651162796,3.0,3.0,0.0,3.0,184,victory,1,0,,0,56,39,0:0|0:4|0:5|0:6|0:7|0:8|0:9|1:0|1:4|1:9|2:0|2:2|2:3|2:4|2:9|3:0|3:1|3:2|3:9|4:2|4:3|4:4|4:5|4:9|5:0|5:1|5:2|5:4|5:9|6:0|6:1|6:2|6:3|6:4|6:9|7:9|8:8|8:9|9:9,2223
3257,4985,0.19393848462115537,3.0,3.0,0.0,3.0,125,victory,1,0,,0,48,36,0:0|0:4|0:5|0:6|0:7|0:8|1:0|1:4|1:8|1:9|2:0|2:2|2:3|2:4|2:8|2:9|3:0|3:1|3:2|3:9|4:2|4:3|4:9|5:0|5:1|5:2|5:9|6:0|6:1|6:2|6:3|6:9|7:3|7:9|8:8|8:9,2223
3258,4986,0.19369092273068267,3.0,3.0,0.0,3.0,126,victory,1,0,,0,39,34,0:0|0:4|0:5|0:6|0:7|0:8|1:0|1:4|1:8|1:9|2:0|2:2|2:3|2:4|2:8|2:9|3:0|3:1|3:2|3:8|3:9|4:2|4:3|4:8|4:9|5:1|5:2|5:8|5:9|6:1|6:2|6:8|7:8|8:8,2223
3259,4987,0.19344336084021008,3.0,3.0,0.0,3.0,62,victory,1,0,,0,42,31,0:0|0:1|0:4|0:5|0:6|0:7|0:8|1:0|1:4|1:8|1:9|2:0|2:2|2:3|2:4|2:9|3:0|3:1|3:2|3:9|4:2|4:9|5:1|5:2|5:9|6:1|6:2|6:9|7:9|8:8|8:9,2223
3260,4988,0.19319579894973749,3.0,3.0,0.0,3.0,56,victory,1,0,,0,41,33,0:0|0:4|0:5|0:6|0:7|0:8|1:0|1:4|1:6|1:7|2:0|2:2|2:3|2:4|2:6|3:0|3:1|3:2|3:6|4:2|4:6|5:1|5:2|5:6|6:1|6:2|6:6|6:7|6:8|6:9|7:9|8:8|8:9,2223
3261,4989,0.19294823705926478,1.0,1.0,0.0,1.0,30,death,0,1,monster,0,22,17,0:0|0:4|1:0|1:4|2:0|2:2|2:3|2:4|3:0|3:1|3:2|4:2|5:0|5:1|5:2|6:1|6:2,2223
3262,4990,0.1927006751687922,3.0,3.0,0.0,3.0,82,victory,1,0,,0,40,32,0:0|0:4|0:5|0:6|0:7|0:8|1:0|1:4|1:8|1:9|2:0|2:2|2:3|2:4|2:9|3:0|3:1|3:2|3:9|4:2|4:9|5:0|5:1|5:2|5:9|6:0|6:1|6:2|6:9|7:9|8:8|8:9,2223
3263,4991,0.1924531132783196,3.0,3.0,0.0,3.0,56,victory,1,0,,0,38,33,0:0|0:4|0:5|0:6|0:7|0:8|1:0|1:4|1:8|1:9|2:0|2:2|2:3|2:4|2:8|2:9|3:0|3:1|3:2|3:8|3:9|4:2|4:9|5:1|5:2|5:9|6:1|6:2|6:8|6:9|7:9|8:8|8:9,2223
3264,4992,0.1922055513878469,3.0,3.0,0.0,3.0,45,victory,1,0,,0,36,31,0:0|0:4|0:5|0:6|0:7|0:8|0:9|1:0|1:4|1:9|2:0|2:2|2:3|2:4|2:9|3:0|3:1|3:2|3:9|4:2|4:9|5:1|5:2|5:8|5:9|6:1|6:2|6:9|7:9|8:8|8:9,2223
3265,4993,0.19195798949737441,3.0,3.0,0.0,3.0,44,victory,1,0,,0,33,30,0:0|0:4|0:5|0:6|0:7|0:8|1:0|1:4|1:8|1:9|2:0|2:2|2:3|2:4|2:9|3:0|3:1|3:2|3:9|4:2|4:9|5:1|5:2|5:9|6:1|6:2|6:9|7:9|8:8|8:9,2223
3266,4994,0.19171042760690182,2.0,2.0,0.0,2.0,38,death,0,1,monster,0,30,21,0:0|0:4|0:5|0:6|0:7|1:0|1:4|1:6|1:7|2:0|2:2|2:3|2:4|3:0|3:1|3:2|4:2|5:1|5:2|6:1|6:2,2223
3267,4995,0.19146286571642912,1.0,1.0,0.0,1.0,19,death,0,1,monster,0,20,16,0:0|0:4|1:0|1:4|2:0|2:2|2:3|2:4|3:0|3:1|3:2|4:2|5:1|5:2|6:1|6:2,2223
3268,4996,0.19121530382595653,3.0,3.0,0.0,3.0,44,victory,1,0,,0,33,30,0:0|0:4|0:5|0:6|0:7|0:8|1:0|1:4|1:8|1:9|2:0|2:2|2:3|2:4|2:9|3:0|3:1|3:2|3:9|4:2|4:9|5:1|5:2|5:9|6:1|6:2|6:9|7:9|8:8|8:9,2223
3269,4997,0.19096774193548383,3.0,3.0,0.0,3.0,36,victory,1,0,,0,35,31,0:0|0:4|0:5|0:6|0:7|0:8|1:0|1:4|1:8|1:9|2:0|2:2|2:3|2:4|2:9|3:0|3:1|3:2|3:9|4:2|4:9|5:1|5:2|5:9|6:1|6:2|6:9|7:9|8:8|8:9|9:9,2223
3270,4998,0.19072018004501123,3.0,3.0,0.0,3.0,158,victory,1,0,,0,76,43,0:0|0:4|0:5|0:6|0:7|0:8|0:9|1:0|1:4|1:6|1:7|1:8|1:9|2:0|2:2|2:3|2:4|2:6|2:8|2:9|3:0|3:1|3:2|3:5|3:6|3:8|3:9|4:2|4:5|4:6|4:7|4:8|4:9|5:1|5:2|5:8|5:9|6:1|6:2|6:9|7:9|8:8|8:9,2223
3271,4999,0.19047261815453864,3.0,3.0,0.0,3.0,48,victory,1,0,,0,44,37,0:0|0:1|0:4|0:5|0:6|0:7|0:8|1:0|1:4|1:6|1:7|1:8|2:0|2:2|2:3|2:4|2:6|3:0|3:1|3:2|3:5|3:6|4:2|4:5|4:6|4:7|4:8|5:1|5:2|5:8|5:9|6:1|6:2|6:9|7:9|8:8|8:9,2223
3272,5000,0.19022505626406594,3.0,3.0,0.0,3.0,179,victory,1,0,,0,58,35,0:0|0:1|0:2|0:4|0:5|0:6|0:7|0:8|1:0|1:2|1:4|1:8|1:9|2:0|2:2|2:3|2:4|2:9|3:0|3:1|3:2|3:9|4:2|4:8|4:9|5:1|5:2|5:8|5:9|6:1|6:2|6:9|7:9|8:8|8:9,2223
3273,5001,0.18997749437359335,3.0,3.0,0.0,3.0,70,victory,1,0,,0,37,31,0:0|0:4|0:5|0:6|0:7|0:8|1:0|1:4|1:8|1:9|2:0|2:2|2:3|2:4|2:9|3:0|3:1|3:2|3:4|3:9|4:2|4:9|5:1|5:2|5:9|6:1|6:2|6:9|7:9|8:8|8:9,2223
3274,5002,0.18972993248312087,3.0,3.0,0.0,3.0,45,victory,1,0,,0,38,31,0:0|0:4|0:5|0:6|0:7|0:8|1:0|1:2|1:4|1:8|1:9|2:0|2:2|2:3|2:4|2:9|3:0|3:1|3:2|3:9|4:2|4:9|5:1|5:2|5:9|6:1|6:2|6:9|7:9|8:8|8:9,2223
3275,5003,0.18948237059264816,3.0,3.0,0.0,3.0,54,victory,1,0,,0,35,32,0:0|0:4|0:5|0:6|0:7|0:8|1:0|1:4|1:8|1:9|2:0|2:2|2:3|2:4|2:9|3:0|3:1|3:2|3:9|4:2|4:3|4:9|5:1|5:2|5:9|6:1|6:2|6:9|7:9|8:8|8:9|9:9,2223
3276,5004,0.18923480870217557,3.0,3.0,0.0,3.0,44,victory,1,0,,0,34,29,0:0|0:4|0:5|0:6|0:7|0:8|1:0|1:4|1:8|1:9|2:0|2:2|2:3|2:4|2:9|3:0|3:1|3:2|3:9|4:2|4:9|5:1|5:2|5:9|6:1|6:9|7:9|8:8|8:9,2223
3277,5005,0.18898724681170298,3.0,3.0,0.0,3.0,37,victory,1,0,,0,33,30,0:0|0:4|0:5|0:6|0:7|0:8|1:0|1:4|1:8|1:9|2:0|2:2|2:3|2:4|2:9|3:0|3:1|3:2|3:9|4:2|4:9|5:1|5:2|5:9|6:1|6:2|6:9|7:9|8:8|8:9,2223
3278,5006,0.18873968492123028,3.0,3.0,0.0,3.0,46,victory,1,0,,0,37,32,0:0|0:4|0:5|0:6|0:7|0:8|1:0|1:4|1:8|1:9|2:0|2:2|2:3|2:4|2:9|3:0|3:1|3:2|3:9|4:2|4:9|5:0|5:1|5:2|5:9|6:0|6:1|6:2|6:9|7:9|8:8|8:9,2223
3279,5007,0.18849212303075769,3.0,3.0,0.0,3.0,52,victory,1,0,,0,37,29,0:0|0:4|0:5|0:6|0:7|0:8|1:0|1:4|1:8|1:9|2:0|2:2|2:3|2:4|2:9|3:0|3:1|3:2|3:9|4:2|4:9|5:2|5:9|6:1|6:2|6:9|7:9|8:8|8:9,2223
3280,5008,0.1882445611402851,3.0,3.0,0.0,3.0,83,victory,1,0,,0,54,33,0:0|0:2|0:4|0:5|0:6|0:7|0:8|1:0|1:2|1:4|1:6|1:8|1:9|2:0|2:2|2:3|2:4|2:9|3:0|3:1|3:2|3:9|4:2|4:9|5:1|5:2|5:9|6:1|6:2|6:9|7:9|8:8|8:9,2223
3281,5009,0.1879969992498124,3.0,3.0,0.0,3.0,60,victory,1,0,,0,42,31,0:0|0:4|0:5|0:6|0:7|0:8|1:0|1:2|1:4|1:8|1:9|2:0|2:2|2:3|2:4|2:9|3:0|3:1|3:2|3:9|4:2|4:9|5:1|5:2|5:9|6:1|6:2|6:9|7:9|8:8|8:9,2223
3282,5010,0.1877494373593398,3.0,3.0,0.0,3.0,149,victory,1,0,,0,70,35,0:0|0:1|0:2|0:4|0:5|0:6|0:7|0:8|0:9|1:2|1:4|1:6|1:7|1:8|1:9|2:2|2:3|2:4|2:8|2:9|3:1|3:2|3:8|3:9|4:2|4:9|5:1|5:2|5:9|6:1|6:2|6:9|7:9|8:8|8:9,2223
3283,5011,0.18750187546886732,2.0,2.0,0.0,2.0,52,death,0,1,monster,0,37,28,0:0|0:4|0:5|0:6|0:7|0:8|1:0|1:4|1:8|1:9|2:0|2:2|2:3|2:4|2:8|2:9|3:0|3:1|3:2|3:4|3:8|3:9|4:2|4:8|4:9|5:2|6:1|6:2,2223
3284,5012,0.18725431357839462,3.0,3.0,0.0,3.0,62,victory,1,0,,0,34,31,0:0|0:4|0:5|0:6|0:7|0:8|1:0|1:4|1:8|1:9|2:0|2:2|2:3|2:4|2:9|3:0|3:1|3:2|3:8|3:9|4:2|4:9|5:1|5:2|5:9|6:1|6:2|6:9|7:9|8:8|8:9,2223
3285,5013,0.18700675168792202,3.0,3.0,0.0,3.0,40,victory,1,0,,0,34,30,0:0|0:4|0:5|0:6|0:7|0:8|1:0|1:4|1:8|1:9|2:0|2:2|2:3|2:4|2:9|3:0|3:1|3:2|3:9|4:2|4:9|5:1|5:2|5:9|6:1|6:2|6:9|7:9|8:8|8:9,2223
3286,5014,0.18675918979744932,3.0,3.0,0.0,3.0,43,victory,1,0,,0,36,31,0:0|0:4|0:5|0:6|0:7|0:8|1:0|1:4|1:8|2:0|2:2|2:3|2:4|2:8|2:9|3:0|3:1|3:2|3:4|3:9|4:2|4:9|5:1|5:2|5:9|6:1|6:2|6:9|7:9|8:8|8:9,2223
3287,5015,0.18651162790697673,3.0,3.0,0.0,3.0,52,victory,1,0,,0,38,33,0:0|0:4|0:5|0:6|0:7|1:0|1:4|1:6|1:7|1:8|1:9|2:0|2:2|2:3|2:4|2:9|3:0|3:1|3:2|3:9|4:2|4:9|5:1|5:2|5:9|6:1|6:2|6:8|6:9|7:9|8:8|8:9|9:9,2223
3288,5016,0.18626406601650414,3.0,3.0,0.0,3.0,42,victory,1,0,,0,33,30,0:0|0:4|0:5|0:6|0:7|0:8|1:0|1:4|1:8|1:9|2:0|2:2|2:3|2:4|2:9|3:0|3:1|3:2|3:9|4:2|4:9|5:1|5:2|5:9|6:1|6:2|6:9|7:9|8:8|8:9,2223
3289,5017,0.18601650412603143,3.0,3.0,0.0,3.0,134,victory,1,0,,0,59,34,0:0|0:1|0:2|0:4|0:5|0:6|0:7|0:8|1:0|1:2|1:4|1:8|1:9|2:0|2:2|2:3|2:4|2:9|3:0|3:1|3:2|3:9|4:2|4:9|5:0|5:1|5:2|5:9|6:0|6:1|6:9|7:9|8:8|8:9,2223
3290,5018,0.18576894223555884,3.0,3.0,0.0,3.0,107,victory,1,0,,0,45,33,0:0|0:1|0:2|0:4|0:5|0:6|0:7|0:8|1:0|1:2|1:4|1:7|1:8|1:9|2:0|2:2|2:3|2:4|2:9|3:0|3:1|3:2|3:9|4:2|4:9|5:1|5:2|5:9|6:1|6:9|7:9|8:8|8:9,2223
3291,5019,0.18552138034508636,3.0,3.0,0.0,3.0,111,victory,1,0,,0,37,30,0:0|0:1|0:2|0:4|0:5|0:6|0:7|0:8|1:2|1:4|1:8|1:9|2:2|2:3|2:4|2:9|3:2|3:4|3:9|4:2|4:9|5:1|5:2|5:9|6:1|6:2|6:9|7:9|8:8|8:9,2223
3292,5020,0.18527381845461366,3.0,3.0,0.0,3.0,45,victory,1,0,,0,38,31,0:0|0:4|0:5|0:6|0:7|0:8|1:0|1:4|1:8|1:9|2:0|2:2|2:3|2:4|2:9|3:0|3:1|3:2|3:9|4:2|4:9|5:1|5:2|5:9|6:1|6:2|6:8|6:9|7:9|8:8|8:9,2223
3293,5021,0.18502625656414107,3.0,3.0,0.0,3.0,87,victory,1,0,,0,46,35,0:0|0:1|0:2|0:4|0:5|0:6|0:7|0:8|1:0|1:2|1:4|1:6|1:8|1:9|2:0|2:2|2:3|2:4|2:9|3:0|3:1|3:2|3:9|4:2|4:9|5:1|5:2|5:9|6:0|6:1|6:2|6:9|7:8|7:9|8:8,2223
3294,5022,0.18477869467366848,2.0,2.0,0.0,2.0,58,death,0,1,monster,0,41,28,0:0|0:4|0:5|0:6|0:7|0:8|0:9|1:0|1:2|1:4|1:7|1:8|1:9|2:0|2:2|2:3|2:4|2:8|2:9|3:0|3:1|3:2|3:8|3:9|4:2|5:1|5:2|6:1,2223
3295,5023,0.18453113278319577,3.0,3.0,0.0,3.0,114,victory,1,0,,0,36,33,0:0|0:4|0:5|0:6|0:7|0:8|1:0|1:4|1:8|1:9|2:0|2:2|2:3|2:4|2:8|2:9|3:0|3:1|3:2|3:4|3:9|4:2|4:9|5:1|5:2|5:9|6:1|6:2|6:8|6:9|7:9|8:8|8:9,2223
3296,5024,0.18428357089272318,1.0,1.0,0.0,1.0,46,death,0,1,monster,0,29,15,0:0|1:0|2:0|3:0|3:1|3:2|4:2|5:1|5:2|6:0|6:1|6:2|6:3|7:0|7:3,2223
3297,5025,0.1840360090022506,3.0,3.0,0.0,3.0,52,victory,1,0,,0,38,32,0:0|0:4|0:5|0:6|0:7|0:8|1:0|1:4|1:8|1:9|2:0|2:2|2:3|2:4|2:9|3:0|3:1|3:2|3:8|3:9|4:2|4:3|4:9|5:0|5:1|5:2|5:9|6:1|6:9|7:9|8:8|8:9,2223
3298,5026,0.1837884471117779,3.0,3.0,0.0,3.0,59,victory,1,0,,0,37,33,0:0|0:4|0:5|0:6|0:7|0:8|0:9|1:0|1:2|1:4|1:8|1:9|2:0|2:2|2:3|2:4|2:9|3:0|3:1|3:2|3:4|3:9|4:2|4:9|5:1|5:2|5:9|6:1|6:2|6:9|7:9|8:8|8:9,2223
3299,5027,0.1835408852213053,3.0,3.0,0.0,3.0,61,victory,1,0,,0,38,30,0:0|0:4|0:5|0:6|0:7|0:8|1:0|1:4|1:8|2:0|2:2|2:3|2:4|2:8|2:9|3:0|3:1|3:2|3:9|4:2|4:9|5:1|5:2|5:9|6:1|6:2|6:9|7:9|8:8|8:9,2223
3300,5028,0.1832933233308328,3.0,3.0,0.0,3.0,47,victory,1,0,,0,39,32,0:0|0:4|0:5|0:6|0:7|0:8|1:0|1:4|1:7|1:8|1:9|2:0|2:2|2:3|2:4|2:9|3:0|3:1|3:2|3:4|3:9|4:2|4:9|5:1|5:2|5:9|6:1|6:2|6:9|7:9|8:8|8:9,2223
3301,5029,0.1830457614403601,3.0,3.0,0.0,3.0,74,victory,1,0,,0,47,38,0:0|0:4|0:5|0:6|0:7|0:8|1:0|1:4|1:8|1:9|2:0|2:4|2:8|2:9|3:0|3:1|3:2|3:4|3:9|4:2|4:4|4:9|5:0|5:1|5:2|5:4|5:9|6:0|6:1|6:2|6:3|6:4|6:9|7:0|7:9|8:0|8:8|8:9,2223
3302,5030,0.18279819954988752,3.0,3.0,0.0,3.0,42,victory,1,0,,0,34,31,0:0|0:4|0:5|0:6|0:7|0:8|1:0|1:4|1:8|1:9|2:0|2:2|2:3|2:4|2:9|3:0|3:1|3:2|3:9|4:2|4:9|5:0|5:1|5:2|5:9|6:1|6:2|6:9|7:9|8:8|8:9,2223
3303,5031,0.18255063765941493,3.0,3.0,0.0,3.0,94,victory,1,0,,0,50,35,0:0|0:4|0:5|0:6|0:7|0:8|1:0|1:4|1:8|1:9|2:0|2:2|2:3|2:4|2:9|3:0|3:1|3:2|3:9|4:2|4:3|4:9|5:0|5:1|5:2|5:8|5:9|6:0|6:1|6:2|6:9|7:0|7:9|8:8|8:9,2223
3304,5032,0.18230307576894222,3.0,3.0,0.0,3.0,59,victory,1,0,,0,42,29,0:0|0:4|0:5|0:6|0:7|0:8|1:0|1:4|1:8|2:0|2:2|2:3|2:4|2:8|2:9|3:0|3:1|3:2|3:9|4:2|4:9|5:1|5:2|5:9|6:1|6:9|7:9|8:8|8:9,2223
3305,5033,0.18205551387846963,3.0,3.0,0.0,3.0,101,victory,1,0,,0,36,33,0:0|0:4|0:5|0:6|0:7|0:8|1:0|1:2|1:4|1:8|1:9|2:0|2:2|2:3|2:4|2:9|3:0|3:1|3:2|3:9|4:2|4:8|4:9|5:1|5:2|5:8|5:9|6:1|6:2|6:9|7:9|8:8|8:9,2223
3306,5034,0.18180795198799693,3.0,3.0,0.0,3.0,75,victory,1,0,,0,41,32,0:0|0:4|0:5|0:6|0:7|0:8|1:0|1:4|1:6|1:7|1:8|1:9|2:0|2:2|2:3|2:4|2:9|3:0|3:1|3:2|3:9|4:2|4:9|5:1|5:2|5:9|6:1|6:2|6:9|7:9|8:8|8:9,2223
3307,5035,0.18156039009752434,2.0,2.0,0.0,2.0,53,death,0,1,monster,0,42,28,0:0|0:4|0:5|0:6|0:7|0:8|0:9|1:0|1:4|1:6|1:7|1:8|1:9|2:0|2:2|2:3|2:4|2:8|2:9|3:0|3:1|3:2|4:2|5:0|5:1|5:2|6:1|6:2,2223
3308,5036,0.18131282820705175,3.0,3.0,0.0,3.0,43,victory,1,0,,0,36,29,0:0|0:1|0:2|0:4|0:5|0:6|0:7|0:8|1:2|1:4|1:8|1:9|2:2|2:3|2:4|2:9|3:2|3:9|4:2|4:9|5:1|5:2|5:9|6:1|6:2|6:9|7:8|7:9|8:8,2223
3309,5037,0.18106526631657915,3.0,3.0,0.0,3.0,38,victory,1,0,,0,34,31,0:0|0:4|0:5|0:6|0:7|0:8|1:0|1:4|1:7|1:8|1:9|2:0|2:2|2:3|2:4|2:9|3:0|3:1|3:2|3:9|4:2|4:9|5:1|5:2|5:9|6:1|6:2|6:9|7:9|8:8|8:9,2223
3310,5038,0.18081770442610656,3.0,3.0,0.0,3.0,56,victory,1,0,,0,40,30,0:0|0:4|0:5|0:6|0:7|0:8|1:0|1:4|1:8|1:9|2:0|2:2|2:3|2:4|2:9|3:0|3:1|3:2|3:9|4:2|4:9|5:0|5:1|5:2|5:9|6:1|6:9|7:9|8:8|8:9,2223
3311,5039,0.18057014253563397,3.0,3.0,0.0,3.0,44,victory,1,0,,0,36,30,0:0|0:1|0:2|0:4|0:5|0:6|0:7|0:8|1:2|1:4|1:8|1:9|2:2|2:3|2:4|2:9|3:2|3:8|3:9|4:2|4:9|5:1|5:2|5:9|6:1|6:2|6:9|7:9|8:8|8:9,2223
3312,5040,0.18032258064516127,3.0,3.0,0.0,3.0,56,victory,1,0,,0,40,33,0:0|0:4|0:5|0:6|0:7|0:8|1:0|1:2|1:4|1:6|1:8|1:9|2:0|2:2|2:3|2:4|2:9|3:0|3:1|3:2|3:9|4:2|4:9|5:1|5:2|5:9|6:1|6:2|6:3|6:9|7:9|8:8|8:9,2223
3313,5041,0.18007501875468868,3.0,3.0,0.0,3.0,41,victory,1,0,,0,35,30,0:0|0:4|0:5|0:6|0:7|1:0|1:4|1:7|1:8|1:9|2:0|2:2|2:3|2:4|2:9|3:0|3:1|3:2|3:9|4:2|4:9|5:1|5:2|5:9|6:1|6:2|6:9|7:9|8:8|8:9,2223
3314,5042,0.17982745686421608,3.0,3.0,0.0,3.0,34,victory,1,0,,0,33,29,0:0|0:4|0:5|0:6|0:7|0:8|1:0|1:4|1:8|1:9|2:0|2:2|2:3|2:4|2:9|3:0|3:1|3:2|3:9|4:2|4:9|5:1|5:2|5:9|6:1|6:9|7:9|8:8|8:9,2223
3315,5043,0.17957989497374338,3.0,3.0,0.0,3.0,56,victory,1,0,,0,44,33,0:0|0:4|0:5|0:6|0:7|0:8|0:9|1:0|1:4|1:6|1:7|1:9|2:0|2:2|2:3|2:4|2:9|3:0|3:1|3:2|3:4|3:9|4:2|4:9|5:1|5:2|5:9|6:1|6:2|6:9|7:9|8:8|8:9,2223
3316,5044,0.1793323330832708,3.0,3.0,0.0,3.0,52,victory,1,0,,0,38,33,0:0|0:4|0:5|0:6|0:7|0:8|1:0|1:2|1:4|1:8|1:9|2:0|2:2|2:3|2:4|2:8|2:9|3:0|3:1|3:2|3:8|3:9|4:2|4:9|5:1|5:2|5:9|6:1|6:2|6:9|7:8|7:9|8:8,2223
3317,5045,0.1790847711927982,3.0,3.0,0.0,3.0,38,victory,1,0,,0,35,32,0:0|0:4|0:5|0:6|0:7|0:8|1:0|1:4|1:8|1:9|2:0|2:2|2:3|2:4|2:9|3:0|3:1|3:2|3:9|4:2|4:8|4:9|5:1|5:2|5:8|5:9|6:1|6:2|6:9|7:9|8:8|8:9,2223
3318,5046,0.1788372093023256,3.0,3.0,0.0,3.0,68,victory,1,0,,0,39,35,0:0|0:4|0:5|0:6|0:7|0:8|0:9|1:0|1:4|1:8|1:9|2:0|2:4|2:9|3:0|3:1|3:2|3:4|3:9|4:2|4:3|4:4|4:9|5:1|5:2|5:4|5:9|6:1|6:2|6:3|6:4|6:9|7:9|8:8|8:9,2223
3319,5047,0.17858964741185301,1.0,1.0,0.0,1.0,21,death,0,1,monster,0,18,13,0:0|1:0|2:0|2:2|2:3|2:4|3:0|3:1|3:2|4:2|5:1|5:2|6:1,2223
3320,5048,0.17834208552138042,3.0,3.0,0.0,3.0,41,victory,1,0,,0,33,30,0:0|0:4|0:5|0:6|0:7|0:8|1:0|1:4|1:8|1:9|2:0|2:2|2:3|2:4|2:9|3:0|3:1|3:2|3:9|4:2|4:9|5:1|5:2|5:9|6:1|6:2|6:9|7:9|8:8|8:9,2223
3321,5049,0.17809452363090772,2.0,2.0,0.0,2.0,34,death,0,1,monster,0,29,22,0:0|0:4|0:5|0:6|0:7|0:8|0:9|1:0|1:4|1:8|2:0|2:2|2:3|2:4|3:0|3:1|3:2|4:2|5:1|5:2|6:1|6:2,2223
3322,5050,0.17784696174043513,3.0,3.0,0.0,3.0,47,victory,1,0,,0,37,32,0:0|0:1|0:2|0:4|0:5|0:6|0:7|0:8|1:2|1:4|1:8|1:9|2:2|2:3|2:4|2:9|3:2|3:8|3:9|4:2|4:8|4:9|5:1|5:2|5:8|5:9|6:1|6:2|6:9|7:9|8:8|8:9,2223
3323,5051,0.17759939984996254,3.0,3.0,0.0,3.0,36,victory,1,0,,0,33,31,0:0|0:4|0:5|0:6|0:7|0:8|1:0|1:4|1:8|1:9|2:0|2:4|2:9|3:0|3:1|3:2|3:4|3:9|4:2|4:3|4:4|4:9|5:1|5:2|5:9|6:1|6:2|6:9|7:9|8:8|8:9,2223
3324,5052,0.17735183795948983,1.0,1.0,0.0,1.0,31,death,0,1,monster,0,21,15,0:0|1:0|2:0|2:2|2:3|2:4|3:0|3:1|3:2|3:4|4:2|5:1|5:2|6:1|6:2,2223
3325,5053,0.17710427606901724,2.0,2.0,0.0,2.0,60,death,0,1,monster,0,38,23,0:0|0:4|0:5|0:6|0:7|0:8|0:9|1:0|1:4|1:8|1:9|2:0|2:2|2:3|2:4|3:0|3:1|3:2|4:2|5:1|5:2|6:1|6:2,2223
3326,5054,0.17685671417854454,3.0,3.0,0.0,3.0,56,victory,1,0,,0,43,32,0:0|0:4|0:5|0:6|0:7|0:8|1:0|1:4|1:8|1:9|2:0|2:2|2:3|2:4|2:8|2:9|3:0|3:1|3:2|3:4|3:9|4:2|4:9|5:1|5:2|5:9|6:1|6:2|6:9|7:9|8:8|8:9,2223
3327,5055,0.17660915228807206,2.0,2.0,0.0,2.0,34,death,0,1,monster,0,32,29,0:0|0:4|0:5|0:6|0:7|0:8|1:0|1:4|1:8|1:9|2:0|2:2|2:3|2:4|2:9|3:0|3:1|3:2|3:9|4:2|4:9|5:0|5:1|5:2|5:9|6:0|6:1|6:2|6:9,2223
3328,5056,0.17636159039759947,1.0,1.0,0.0,1.0,62,death,0,1,monster,0,29,17,0:0|0:2|1:0|1:2|1:4|2:0|2:2|2:3|2:4|3:0|3:1|3:2|4:2|5:1|5:2|6:1|6:2,2223
3329,5057,0.17611402850712676,3.0,3.0,0.0,3.0,38,victory,1,0,,0,33,30,0:0|0:4|0:5|0:6|0:7|0:8|1:0|1:4|1:8|1:9|2:0|2:2|2:3|2:4|2:9|3:0|3:1|3:2|3:9|4:2|4:9|5:1|5:2|5:9|6:1|6:2|6:9|7:9|8:8|8:9,2223
3330,5058,0.17586646661665417,2.0,2.0,0.0,2.0,32,death,0,1,monster,0,30,25,0:0|0:4|0:5|0:6|0:7|0:8|1:0|1:4|1:7|1:8|1:9|2:0|2:2|2:3|2:4|2:8|2:9|3:0|3:1|3:2|4:2|5:1|5:2|6:1|6:2,2223
3331,5059,0.17561890472618158,3.0,3.0,0.0,3.0,44,victory,1,0,,0,34,30,0:0|0:4|0:5|0:6|0:7|0:8|1:0|1:4|1:8|1:9|2:0|2:2|2:3|2:4|2:9|3:0|3:1|3:2|3:9|4:2|4:9|5:1|5:2|5:9|6:1|6:2|6:9|7:9|8:8|8:9,2223
3332,5060,0.17537134283570888,3.0,3.0,0.0,3.0,145,victory,1,0,,0,54,37,0:0|0:4|0:5|0:6|0:7|0:8|0:9|1:0|1:4|1:7|1:8|1:9|2:0|2:2|2:3|2:4|2:8|2:9|3:0|3:1|3:2|3:8|3:9|4:2|4:8|4:9|5:1|5:2|5:8|5:9|6:1|6:2|6:8|6:9|7:9|8:8|8:9,2223
3333,5061,0.17512378094523628,3.0,3.0,0.0,3.0,78,victory,1,0,,0,42,33,0:0|0:4|0:5|0:6|0:7|0:8|0:9|1:0|1:4|1:7|1:8|1:9|2:0|2:2|2:3|2:4|2:8|2:9|3:0|3:1|3:2|3:9|4:2|4:9|5:1|5:2|5:9|6:1|6:2|6:9|7:9|8:8|8:9,2223
3334,5062,0.1748762190547637,3.0,3.0,0.0,3.0,100,victory,1,0,,0,53,37,0:0|0:1|0:2|0:4|0:5|0:6|0:7|0:8|0:9|1:0|1:2|1:4|1:7|1:8|1:9|2:0|2:2|2:3|2:4|2:9|3:0|3:1|3:2|3:9|4:2|4:9|5:1|5:2|5:9|6:1|6:2|6:3|6:4|6:9|7:9|8:8|8:9,2223
3335,5063,0.1746286571642911,3.0,3.0,0.0,3.0,48,victory,1,0,,0,38,31,0:0|0:4|0:5|0:6|0:7|0:8|0:9|1:0|1:4|1:8|1:9|2:0|2:2|2:3|2:4|2:9|3:0|3:1|3:2|3:9|4:2|4:9|5:1|5:2|5:9|6:1|6:2|6:9|7:9|8:8|8:9,2223
3336,5064,0.1743810952738185,3.0,3.0,0.0,3.0,46,victory,1,0,,0,38,33,0:0|0:4|0:5|0:6|0:7|0:8|0:9|1:0|1:4|1:6|1:8|1:9|2:0|2:2|2:3|2:4|2:8|2:9|3:0|3:1|3:2|3:9|4:2|4:9|5:1|5:2|5:9|6:1|6:2|6:9|7:9|8:8|8:9,2223
3337,5065,0.17413353338334592,3.0,3.0,0.0,3.0,127,victory,1,0,,0,51,33,0:0|0:4|0:5|0:6|0:7|0:8|1:0|1:4|1:8|1:9|2:0|2:2|2:3|2:4|2:9|3:0|3:1|3:2|3:4|3:9|4:2|4:3|4:4|4:9|5:1|5:2|5:9|6:1|6:2|6:9|7:9|8:8|8:9,2223
3338,5066,0.17388597149287321,3.0,3.0,0.0,3.0,60,victory,1,0,,0,44,34,0:0|0:4|0:5|0:6|0:7|0:8|1:0|1:4|1:7|1:8|1:9|2:0|2:2|2:3|2:4|2:8|2:9|3:0|3:1|3:2|3:8|3:9|4:2|4:9|5:1|5:2|5:9|6:1|6:2|6:9|7:9|8:8|8:9|9:9,2223
3339,5067,0.17363840960240062,3.0,3.0,0.0,3.0,39,victory,1,0,,0,34,29,0:0|0:4|0:5|0:6|0:7|0:8|1:0|1:4|1:8|1:9|2:0|2:2|2:3|2:4|2:9|3:0|3:1|3:2|3:9|4:2|4:9|5:1|5:2|5:9|6:1|6:9|7:9|8:8|8:9,2223
3340,5068,0.17339084771192803,3.0,3.0,0.0,3.0,42,victory,1,0,,0,36,32,0:0|0:4|0:5|0:6|0:7|0:8|1:0|1:4|1:8|1:9|2:0|2:2|2:3|2:4|2:9|3:0|3:1|3:2|3:9|4:2|4:3|4:9|5:1|5:2|5:8|5:9|6:1|6:2|6:9|7:9|8:8|8:9,2223
3341,5069,0.17314328582145533,3.0,3.0,0.0,3.0,34,victory,1,0,,0,33,30,0:0|0:4|0:5|0:6|0:7|0:8|1:0|1:4|1:8|1:9|2:0|2:2|2:3|2:4|2:9|3:0|3:1|3:2|3:9|4:2|4:9|5:1|5:2|5:9|6:1|6:2|6:9|7:9|8:8|8:9,2223
3342,5070,0.17289572393098274,3.0,3.0,0.0,3.0,68,victory,1,0,,0,51,39,0:0|0:4|0:5|0:6|0:7|0:8|1:0|1:4|1:8|1:9|2:0|2:2|2:3|2:4|2:9|3:0|3:1|3:2|3:9|4:2|4:9|5:0|5:1|5:2|5:9|6:0|6:1|6:2|6:3|6:9|7:0|7:3|7:9|8:0|8:1|8:2|8:3|8:8|8:9,2223
3343,5071,0.17264816204051014,3.0,3.0,0.0,3.0,56,victory,1,0,,0,39,32,0:0|0:4|0:5|0:6|0:7|0:8|0:9|1:0|1:4|1:8|1:9|2:0|2:2|2:3|2:4|2:8|2:9|3:0|3:1|3:2|3:9|4:2|4:9|5:1|5:2|5:9|6:1|6:2|6:9|7:9|8:8|8:9,2223
3344,5072,0.17240060015003755,2.0,2.0,0.0,2.0,56,death,0,1,monster,0,37,26,0:0|0:4|0:5|0:6|0:7|0:8|0:9|1:0|1:4|1:8|1:9|2:0|2:2|2:3|2:4|2:8|2:9|3:0|3:1|3:2|3:8|3:9|4:2|5:2|6:1|6:2,2223
3345,5073,0.17215303825956496,3.0,3.0,0.0,3.0,152,victory,1,0,,0,55,35,0:0|0:4|0:5|0:6|0:7|0:8|0:9|1:0|1:4|1:6|1:7|1:8|1:9|2:0|2:2|2:3|2:4|2:8|2:9|3:0|3:1|3:2|3:8|3:9|4:2|4:9|5:1|5:2|5:9|6:1|6:2|6:9|7:9|8:8|8:9,2223
3346,5074,0.17190547636909226,3.0,3.0,0.0,3.0,42,victory,1,0,,0,34,31,0:0|0:4|0:5|0:6|0:7|0:8|1:0|1:4|1:8|1:9|2:0|2:2|2:3|2:4|2:9|3:0|3:1|3:2|3:9|4:2|4:3|4:9|5:1|5:2|5:9|6:1|6:2|6:9|7:9|8:8|8:9,2223
3347,5075,0.17165791447861967,3.0,3.0,0.0,3.0,67,victory,1,0,,0,45,31,0:0|0:4|0:5|0:6|0:7|0:8|0:9|1:0|1:4|1:8|2:0|2:2|2:3|2:4|2:8|2:9|3:0|3:1|3:2|3:9|4:2|4:9|5:1|5:2|5:9|6:1|6:2|6:9|7:9|8:8|8:9,2223
3348,5076,0.17141035258814707,1.0,1.0,0.0,1.0,31,death,0,1,monster,0,20,15,0:0|1:0|2:0|2:2|2:3|2:4|3:0|3:1|3:2|3:4|4:2|5:1|5:2|6:1|6:2,2223
3349,5077,0.17116279069767437,3.0,3.0,0.0,3.0,43,victory,1,0,,0,35,30,0:0|0:4|0:5|0:6|0:7|0:8|1:0|1:4|1:8|1:9|2:0|2:2|2:3|2:4|2:9|3:0|3:1|3:2|3:9|4:2|4:9|5:1|5:2|5:9|6:1|6:2|6:9|7:9|8:8|8:9,2223
3350,5078,0.17091522880720178,3.0,3.0,0.0,3.0,44,victory,1,0,,0,38,32,0:0|0:4|0:5|0:6|0:7|0:8|1:0|1:4|1:8|1:9|2:0|2:2|2:3|2:4|2:9|3:0|3:1|3:2|3:4|3:9|4:2|4:9|5:1|5:2|5:9|6:1|6:2|6:3|6:9|7:9|8:8|8:9,2223
3351,5079,0.1706676669167292,1.0,1.0,0.0,1.0,119,death,0,1,monster,0,41,18,0:0|0:1|0:2|1:0|1:2|1:4|2:0|2:2|2:3|2:4|3:0|3:1|3:2|4:2|5:1|5:2|6:1|6:2,2223
3352,5080,0.17042010502625649,3.0,3.0,0.0,3.0,38,victory,1,0,,0,33,30,0:0|0:4|0:5|0:6|0:7|0:8|1:0|1:4|1:8|1:9|2:0|2:2|2:3|2:4|2:9|3:0|3:1|3:2|3:9|4:2|4:9|5:1|5:2|5:9|6:1|6:2|6:9|7:9|8:8|8:9,2223
3353,5081,0.170172543135784,3.0,3.0,0.0,3.0,82,victory,1,0,,0,44,32,0:0|0:4|0:5|0:6|0:7|0:8|1:0|1:2|1:4|1:8|1:9|2:0|2:2|2:3|2:4|2:9|3:0|3:1|3:2|3:9|4:2|4:3|4:9|5:1|5:2|5:9|6:1|6:2|6:9|7:9|8:8|8:9,2223
3354,5082,0.1699249812453114,3.0,3.0,0.0,3.0,48,victory,1,0,,0,37,32,0:0|0:4|0:5|0:6|0:7|1:0|1:4|1:7|1:8|1:9|2:0|2:2|2:3|2:4|2:9|3:0|3:1|3:2|3:4|3:9|4:2|4:4|4:9|5:1|5:2|5:9|6:1|6:2|6:9|7:9|8:8|8:9,2223
3355,5083,0.1696774193548387,3.0,3.0,0.0,3.0,33,victory,1,0,,0,33,30,0:0|0:4|0:5|0:6|0:7|0:8|1:0|1:4|1:8|1:9|2:0|2:2|2:3|2:4|2:9|3:0|3:1|3:2|3:9|4:2|4:9|5:1|5:2|5:9|6:1|6:2|6:9|7:9|8:8|8:9,2223
3356,5084,0.16942985746436612,3.0,3.0,0.0,3.0,84,victory,1,0,,0,36,32,0:0|0:4|0:5|0:6|0:7|0:8|1:0|1:4|1:8|1:9|2:0|2:2|2:3|2:4|2:9|3:0|3:1|3:2|3:9|4:2|4:9|5:1|5:2|5:8|5:9|6:1|6:2|6:9|7:9|8:8|8:9|9:9,2223
3357,5085,0.16918229557389353,2.0,2.0,0.0,2.0,32,death,0,1,monster,0,30,22,0:0|0:4|0:5|0:6|0:7|0:8|1:0|1:4|1:6|1:7|2:0|2:2|2:3|2:4|3:0|3:1|3:2|4:2|5:1|5:2|6:1|6:2,2223
3358,5086,0.16893473368342082,3.0,3.0,0.0,3.0,37,victory,1,0,,0,33,30,0:0|0:4|0:5|0:6|0:7|0:8|1:0|1:4|1:8|1:9|2:0|2:2|2:3|2:4|2:9|3:0|3:1|3:2|3:9|4:2|4:9|5:1|5:2|5:9|6:1|6:2|6:9|7:9|8:8|8:9,2223
3359,5087,0.16868717179294823,3.0,3.0,0.0,3.0,80,victory,1,0,,0,49,34,0:0|0:4|0:5|0:6|0:7|0:8|1:0|1:4|1:8|1:9|2:0|2:2|2:3|2:4|2:9|3:0|3:1|3:2|3:9|4:2|4:9|5:0|5:1|5:2|5:9|6:0|6:1|6:2|6:9|7:0|7:9|8:8|8:9|9:9,2223
3360,5088,0.16843960990247564,3.0,3.0,0.0,3.0,44,victory,1,0,,0,35,30,0:0|0:4|0:5|0:6|0:7|0:8|1:0|1:4|1:8|1:9|2:0|2:2|2:3|2:4|2:8|2:9|3:0|3:1|3:2|3:9|4:2|4:9|5:2|5:9|6:1|6:2|6:9|7:9|8:8|8:9,2223
3361,5089,0.16819204801200294,1.0,1.0,0.0,1.0,36,death,0,1,monster,0,23,15,0:0|1:0|2:0|2:2|2:3|2:4|3:0|3:1|3:2|3:4|4:2|5:1|5:2|6:1|6:2,2223
3362,5090,0.16794448612153046,3.0,3.0,0.0,3.0,36,victory,1,0,,0,33,30,0:0|0:4|0:5|0:6|0:7|0:8|1:0|1:4|1:8|1:9|2:0|2:2|2:3|2:4|2:9|3:0|3:1|3:2|3:9|4:2|4:9|5:1|5:2|5:9|6:1|6:2|6:9|7:9|8:8|8:9,2223
3363,5091,0.16769692423105775,3.0,3.0,0.0,3.0,52,victory,1,0,,0,43,32,0:0|0:4|0:5|0:6|0:7|0:8|1:0|1:4|1:8|2:0|2:2|2:3|2:4|2:8|2:9|3:0|3:1|3:2|3:8|3:9|4:2|4:8|4:9|5:1|5:2|5:9|6:1|6:2|6:9|7:9|8:8|8:9,2223
3364,5092,0.16744936234058516,3.0,3.0,0.0,3.0,41,victory,1,0,,0,33,30,0:0|0:4|0:5|0:6|0:7|0:8|1:0|1:4|1:8|1:9|2:0|2:2|2:3|2:4|2:9|3:0|3:1|3:2|3:9|4:2|4:9|5:1|5:2|5:9|6:1|6:2|6:9|7:9|8:8|8:9,2223
3365,5093,0.16720180045011257,3.0,3.0,0.0,3.0,147,victory,1,0,,0,65,37,0:0|0:4|0:5|0:6|0:7|0:8|0:9|1:0|1:4|1:6|1:7|1:8|1:9|2:0|2:2|2:3|2:4|2:8|2:9|3:0|3:1|3:2|3:8|3:9|4:2|4:8|4:9|5:1|5:2|5:8|5:9|6:1|6:2|6:9|7:9|8:8|8:9,2223
3366,5094,0.16695423855963987,3.0,3.0,0.0,3.0,65,victory,1,0,,0,44,34,0:0|0:4|0:5|0:6|0:7|0:8|0:9|1:0|1:2|1:4|1:8|1:9|2:0|2:2|2:3|2:4|2:8|2:9|3:0|3:1|3:2|3:9|4:2|4:3|4:9|5:1|5:2|5:9|6:1|6:2|6:9|7:9|8:8|8:9,2223
3367,5095,0.16670667666916728,3.0,3.0,0.0,3.0,62,victory,1,0,,0,43,36,0:0|0:7|0:8|1:0|1:6|1:7|1:8|1:9|2:0|2:2|2:3|2:4|2:6|2:9|3:0|3:1|3:2|3:4|3:6|3:9|4:2|4:4|4:5|4:6|4:9|5:1|5:2|5:8|5:9|6:1|6:2|6:9|7:8|7:9|8:8|8:9,2223
3368,5096,0.16645911477869468,3.0,3.0,0.0,3.0,32,victory,1,0,,0,33,30,0:0|0:4|0:5|0:6|0:7|0:8|1:0|1:4|1:8|1:9|2:0|2:2|2:3|2:4|2:9|3:0|3:1|3:2|3:9|4:2|4:9|5:1|5:2|5:9|6:1|6:2|6:9|7:9|8:8|8:9,2223
3369,5097,0.16621155288822198,3.0,3.0,0.0,3.0,73,victory,1,0,,0,48,37,0:0|0:6|0:7|0:8|1:0|1:2|1:4|1:6|1:8|1:9|2:0|2:2|2:3|2:4|2:6|2:9|3:0|3:1|3:2|3:4|3:6|3:9|4:2|4:3|4:4|4:5|4:6|4:9|5:1|5:2|5:9|6:1|6:2|6:9|7:9|8:8|8:9,2223
3370,5098,0.1659639909977494,3.0,3.0,0.0,3.0,34,victory,1,0,,0,33,30,0:0|0:4|0:5|0:6|0:7|0:8|1:0|1:4|1:8|1:9|2:0|2:2|2:3|2:4|2:9|3:0|3:1|3:2|3:9|4:2|4:9|5:1|5:2|5:9|6:1|6:2|6:9|7:9|8:8|8:9,2223
3371,5099,0.1657164291072769,1.0,1.0,0.0,1.0,32,death,0,1,monster,0,21,12,0:0|1:0|2:0|3:0|3:1|3:2|4:2|4:3|5:1|5:2|6:1|6:2,2223
3372,5100,0.1654688672168042,3.0,3.0,0.0,3.0,64,victory,1,0,,0,38,30,0:0|0:4|0:5|0:6|0:7|0:8|1:0|1:4|1:8|1:9|2:0|2:2|2:3|2:4|2:9|3:0|3:1|3:2|3:9|4:2|4:9|5:1|5:2|5:9|6:1|6:2|6:9|7:9|8:8|8:9,2223
3373,5101,0.1652213053263316,3.0,3.0,0.0,3.0,54,victory,1,0,,0,39,33,0:0|0:1|0:2|0:6|0:7|0:8|1:2|1:6|1:8|1:9|2:2|2:6|2:9|3:1|3:2|3:6|3:9|4:2|4:3|4:4|4:5|4:6|4:9|5:1|5:2|5:8|5:9|6:1|6:2|6:9|7:9|8:8|8:9,2223
3374,5102,0.16497374343585902,3.0,3.0,0.0,3.0,53,victory,1,0,,0,36,30,0:0|0:4|0:5|0:6|0:7|0:8|1:0|1:4|1:8|1:9|2:0|2:2|2:3|2:4|2:9|3:0|3:1|3:2|3:9|4:2|4:9|5:1|5:2|5:9|6:1|6:2|6:9|7:9|8:8|8:9,2223
3375,5103,0.16472618154538632,1.0,1.0,0.0,1.0,13,death,0,1,monster,0,11,11,0:0|1:0|2:0|3:0|3:1|3:2|4:2|5:1|5:2|6:1|6:2,2223
3376,5104,0.16447861965491373,3.0,3.0,0.0,3.0,64,victory,1,0,,0,43,34,0:0|0:2|0:4|0:5|0:6|0:7|0:8|1:0|1:2|1:4|1:7|1:8|1:9|2:0|2:2|2:3|2:4|2:9|3:0|3:1|3:2|3:9|4:2|4:3|4:9|5:1|5:2|5:9|6:1|6:2|6:9|7:9|8:8|8:9,2223
3377,5105,0.16423105776444114,1.0,1.0,0.0,1.0,34,death,0,1,monster,0,21,17,0:0|1:0|1:2|2:0|2:2|2:3|2:4|3:0|3:1|3:2|3:4|4:2|4:3|5:1|5:2|6:1|6:2,2223
3378,5106,0.16398349587396843,3.0,3.0,0.0,3.0,43,victory,1,0,,0,36,31,0:0|0:4|0:5|0:6|0:7|0:8|1:0|1:4|1:8|1:9|2:0|2:2|2:3|2:4|2:9|3:0|3:1|3:2|3:4|3:9|4:2|4:9|5:1|5:2|5:9|6:1|6:2|6:9|7:9|8:8|8:9,2223
3379,5107,0.16373593398349584,3.0,3.0,0.0,3.0,39,victory,1,0,,0,34,31,0:0|0:4|0:5|0:6|0:7|0:8|1:0|1:4|1:8|1:9|2:0|2:2|2:3|2:4|2:9|3:0|3:1|3:2|3:9|4:2|4:3|4:9|5:1|5:2|5:9|6:1|6:2|6:9|7:9|8:8|8:9,2223
3380,5108,0.16348837209302336,3.0,3.0,0.0,3.0,39,victory,1,0,,0,36,30,0:0|0:4|0:5|0:6|0:7|0:8|1:0|1:4|1:8|1:9|2:0|2:2|2:3|2:4|2:9|3:0|3:1|3:2|3:9|4:2|4:9|5:1|5:2|5:9|6:1|6:2|6:9|7:9|8:8|8:9,2223
3381,5109,0.16324081020255066,3.0,3.0,0.0,3.0,59,victory,1,0,,0,40,32,0:0|0:4|0:5|0:6|0:7|0:8|1:0|1:4|1:8|1:9|2:0|2:2|2:3|2:4|2:9|3:0|3:1|3:2|3:9|4:2|4:3|4:9|5:1|5:2|5:9|6:1|6:2|6:8|6:9|7:9|8:8|8:9,2223
3382,5110,0.16299324831207807,3.0,3.0,0.0,3.0,61,victory,1,0,,0,40,32,0:0|0:4|0:5|0:6|0:7|0:8|1:0|1:4|1:8|1:9|2:0|2:2|2:3|2:4|2:8|2:9|3:0|3:1|3:2|3:8|3:9|4:2|4:9|5:1|5:2|5:9|6:1|6:2|6:9|7:9|8:8|8:9,2223
3383,5111,0.16274568642160536,3.0,3.0,0.0,3.0,74,victory,1,0,,0,40,31,0:0|0:1|0:2|0:4|0:5|0:6|0:7|0:8|1:2|1:4|1:8|1:9|2:2|2:3|2:4|2:8|2:9|3:2|3:8|3:9|4:2|4:9|5:1|5:2|5:9|6:1|6:2|6:9|7:9|8:8|8:9,2223
3384,5112,0.16249812453113277,3.0,3.0,0.0,3.0,68,victory,1,0,,0,45,35,0:0|0:1|0:2|0:4|0:5|0:6|0:7|0:8|1:0|1:2|1:4|1:8|1:9|2:0|2:2|2:4|2:9|3:0|3:1|3:2|3:4|3:9|4:2|4:3|4:4|4:9|5:1|5:2|5:9|6:1|6:2|6:9|7:9|8:8|8:9,2223
3385,5113,0.16225056264066018,3.0,3.0,0.0,3.0,64,victory,1,0,,0,35,31,0:0|0:4|0:5|0:6|0:7|0:8|1:0|1:4|1:7|1:8|1:9|2:0|2:2|2:3|2:4|2:9|3:0|3:1|3:2|3:9|4:2|4:9|5:1|5:2|5:9|6:1|6:2|6:9|7:9|8:8|8:9,2223
3386,5114,0.16200300075018748,3.0,3.0,0.0,3.0,105,victory,1,0,,0,40,32,0:0|0:4|0:5|0:6|0:7|0:8|0:9|1:0|1:4|1:8|1:9|2:0|2:2|2:3|2:4|2:8|2:9|3:0|3:1|3:2|3:9|4:2|4:9|5:1|5:2|5:9|6:1|6:2|6:9|7:9|8:8|8:9,2223
3387,5115,0.16175543885971488,3.0,3.0,0.0,3.0,34,victory,1,0,,0,33,30,0:0|0:4|0:5|0:6|0:7|0:8|1:0|1:4|1:8|1:9|2:0|2:2|2:3|2:4|2:9|3:0|3:1|3:2|3:9|4:2|4:9|5:1|5:2|5:9|6:1|6:2|6:9|7:9|8:8|8:9,2223
3388,5116,0.1615078769692424,3.0,3.0,0.0,3.0,41,victory,1,0,,0,35,31,0:0|0:4|0:5|0:6|0:7|0:8|0:9|1:0|1:4|1:8|1:9|2:0|2:2|2:3|2:4|2:9|3:0|3:1|3:2|3:9|4:2|4:9|5:1|5:2|5:9|6:1|6:2|6:9|7:9|8:8|8:9,2223
3389,5117,0.1612603150787697,3.0,3.0,0.0,3.0,76,victory,1,0,,0,43,32,0:0|0:2|0:4|0:5|0:6|0:7|0:8|1:0|1:2|1:4|1:8|1:9|2:0|2:2|2:3|2:4|2:9|3:0|3:1|3:2|3:9|4:2|4:9|5:1|5:2|5:9|6:1|6:2|6:9|7:9|8:8|8:9,2223
3390,5118,0.1610127531882971,3.0,3.0,0.0,3.0,36,victory,1,0,,0,33,30,0:0|0:4|0:5|0:6|0:7|0:8|1:0|1:4|1:8|1:9|2:0|2:2|2:3|2:4|2:9|3:0|3:1|3:2|3:9|4:2|4:9|5:1|5:2|5:9|6:1|6:2|6:9|7:9|8:8|8:9,2223
3391,5119,0.16076519129782452,3.0,3.0,0.0,3.0,168,victory,1,0,,0,55,35,0:0|0:1|0:2|0:4|0:5|0:6|0:7|0:8|1:0|1:2|1:4|1:8|1:9|2:0|2:2|2:3|2:4|2:8|2:9|3:0|3:1|3:2|3:8|3:9|4:2|4:9|5:1|5:2|5:9|6:1|6:2|6:9|7:9|8:8|8:9,2223
3392,5120,0.16051762940735181,3.0,3.0,0.0,3.0,42,victory,1,0,,0,34,30,0:0|0:4|0:5|0:6|0:7|0:8|1:0|1:4|1:8|1:9|2:0|2:2|2:3|2:4|2:9|3:0|3:1|3:2|3:8|3:9|4:2|4:9|5:1|5:2|5:9|6:1|6:9|7:9|8:8|8:9,2223
3393,5121,0.16027006751687922,3.0,3.0,0.0,3.0,54,victory,1,0,,0,42,32,0:0|0:4|0:5|0:6|0:7|0:8|1:0|1:4|1:8|1:9|2:0|2:4|2:9|3:0|3:1|3:2|3:4|3:9|4:2|4:3|4:4|4:9|5:1|5:2|5:9|6:1|6:2|6:8|6:9|7:9|8:8|8:9,2223
3394,5122,0.16002250562640663,3.0,3.0,0.0,3.0,45,victory,1,0,,0,37,33,0:0|0:4|0:5|0:6|0:7|0:8|1:0|1:4|1:6|1:8|1:9|2:0|2:2|2:3|2:4|2:9|3:0|3:1|3:2|3:9|4:2|4:3|4:9|5:1|5:2|5:9|6:1|6:2|6:3|6:9|7:9|8:8|8:9,2223
3395,5123,0.15977494373593393,3.0,3.0,0.0,3.0,51,victory,1,0,,0,38,30,0:0|0:4|0:5|0:6|0:7|0:8|1:0|1:4|1:8|1:9|2:0|2:2|2:3|2:4|2:9|3:0|3:1|3:2|3:9|4:2|4:9|5:1|5:2|5:9|6:1|6:2|6:9|7:9|8:8|8:9,2223
3396,5124,0.15952738184546134,3.0,3.0,0.0,3.0,54,victory,1,0,,0,37,30,0:0|0:4|0:5|0:6|0:7|0:8|1:0|1:4|1:8|1:9|2:0|2:2|2:3|2:4|2:9|3:0|3:1|3:2|3:9|4:2|4:9|5:1|5:2|5:9|6:1|6:2|6:9|7:9|8:8|8:9,2223
3397,5125,0.15927981995498885,1.0,1.0,0.0,1.0,36,death,0,1,monster,0,25,21,0:0|0:4|0:5|0:6|1:0|1:4|1:6|2:0|2:2|2:3|2:4|3:0|3:1|3:2|3:4|4:2|4:4|5:1|5:2|6:1|6:2,2223
3398,5126,0.15903225806451615,3.0,3.0,0.0,3.0,35,victory,1,0,,0,33,30,0:0|0:4|0:5|0:6|0:7|0:8|1:0|1:4|1:8|1:9|2:0|2:2|2:3|2:4|2:9|3:0|3:1|3:2|3:9|4:2|4:9|5:1|5:2|5:9|6:1|6:2|6:9|7:9|8:8|8:9,2223
3399,5127,0.15878469617404356,3.0,3.0,0.0,3.0,50,victory,1,0,,0,38,30,0:0|0:4|0:5|0:6|0:7|0:8|1:0|1:4|1:8|1:9|2:0|2:2|2:3|2:4|2:9|3:0|3:1|3:2|3:9|4:2|4:9|5:1|5:2|5:9|6:1|6:2|6:9|7:9|8:8|8:9,2223
3400,5128,0.15853713428357097,3.0,3.0,0.0,3.0,52,victory,1,0,,0,34,31,0:0|0:4|0:5|0:6|0:7|0:8|1:0|1:4|1:8|1:9|2:0|2:2|2:3|2:4|2:9|3:0|3:1|3:2|3:9|4:2|4:9|5:1|5:2|5:9|6:1|6:2|6:8|6:9|7:9|8:8|8:9,2223
3401,5129,0.15828957239309827,3.0,3.0,0.0,3.0,64,victory,1,0,,0,43,33,0:0|0:4|0:5|0:6|0:7|1:0|1:4|1:6|1:7|1:8|1:9|2:0|2:2|2:3|2:4|2:6|2:9|3:0|3:1|3:2|3:6|3:9|4:2|4:9|5:1|5:2|5:9|6:1|6:2|6:9|7:9|8:8|8:9,2223
3402,5130,0.15804201050262567,3.0,3.0,0.0,3.0,58,victory,1,0,,0,40,31,0:0|0:4|0:5|0:6|0:7|0:8|1:0|1:2|1:4|1:8|1:9|2:0|2:2|2:3|2:4|2:9|3:0|3:1|3:2|3:9|4:2|4:9|5:1|5:2|5:9|6:1|6:2|6:9|7:9|8:8|8:9,2223
3403,5131,0.15779444861215297,3.0,3.0,0.0,3.0,45,victory,1,0,,0,34,31,0:0|0:1|0:4|0:5|0:6|0:7|0:8|1:0|1:4|1:8|1:9|2:0|2:2|2:3|2:4|2:9|3:0|3:1|3:2|3:9|4:2|4:9|5:1|5:2|5:9|6:1|6:2|6:9|7:9|8:8|8:9,2223
3404,5132,0.15754688672168038,3.0,3.0,0.0,3.0,48,victory,1,0,,0,40,34,0:0|0:1|0:4|0:5|0:6|0:7|0:8|0:9|1:0|1:4|1:7|1:8|1:9|2:0|2:2|2:3|2:4|2:9|3:0|3:1|3:2|3:9|4:2|4:9|5:1|5:2|5:9|6:1|6:2|6:9|7:9|8:8|8:9|9:9,2223
3405,5133,0.1572993248312078,3.0,3.0,0.0,3.0,96,victory,1,0,,0,42,31,0:0|0:4|0:5|0:6|0:7|0:8|1:0|1:4|1:8|1:9|2:0|2:2|2:3|2:4|2:9|3:0|3:1|3:2|3:9|4:2|4:9|5:1|5:2|5:9|6:0|6:1|6:2|6:9|7:9|8:8|8:9,2223
3406,5134,0.1570517629407352,1.0,1.0,0.0,1.0,20,death,0,1,monster,0,20,15,0:0|1:0|2:0|2:2|2:3|2:4|3:0|3:1|3:2|4:2|5:0|5:1|5:2|6:1|6:2,2223
3407,5135,0.1568042010502626,3.0,3.0,0.0,3.0,58,victory,1,0,,0,43,32,0:0|0:2|0:4|0:5|0:6|0:7|0:8|1:0|1:2|1:4|1:8|1:9|2:0|2:2|2:3|2:4|2:9|3:0|3:1|3:2|3:9|4:2|4:9|5:2|5:9|6:1|6:2|6:8|6:9|7:9|8:8|8:9,2223
3408,5136,0.15655663915979,3.0,3.0,0.0,3.0,50,victory,1,0,,0,40,31,0:0|0:4|0:5|0:6|0:7|0:8|1:0|1:4|1:8|1:9|2:0|2:2|2:3|2:4|2:9|3:0|3:1|3:2|3:9|4:2|4:9|5:1|5:2|5:9|6:1|6:2|6:3|6:9|7:9|8:8|8:9,2223
3409,5137,0.1563090772693173,3.0,3.0,0.0,3.0,58,victory,1,0,,0,44,34,0:0|0:6|0:7|0:8|1:0|1:6|1:8|1:9|2:0|2:2|2:3|2:4|2:6|2:9|3:0|3:1|3:2|3:6|3:9|4:2|4:3|4:4|4:5|4:6|4:9|5:1|5:2|5:9|6:1|6:2|6:9|7:9|8:8|8:9,2223
3410,5138,0.15606151537884472,3.0,3.0,0.0,3.0,49,victory,1,0,,0,40,31,0:0|0:4|0:5|0:6|0:7|0:8|1:0|1:4|1:8|1:9|2:0|2:2|2:3|2:4|2:9|3:0|3:1|3:2|3:9|4:2|4:3|4:9|5:1|5:2|5:9|6:1|6:2|6:9|7:8|7:9|8:8,2223
3411,5139,0.15581395348837213,3.0,3.0,0.0,3.0,41,victory,1,0,,0,34,30,0:0|0:4|0:5|0:6|0:7|0:8|0:9|1:0|1:4|1:9|2:0|2:2|2:3|2:4|2:9|3:0|3:1|3:2|3:9|4:2|4:9|5:1|5:2|5:9|6:1|6:2|6:9|7:9|8:8|8:9,2223
3412,5140,0.15556639159789942,3.0,3.0,0.0,3.0,40,victory,1,0,,0,34,30,0:0|0:4|0:5|0:6|0:7|0:8|1:0|1:4|1:8|1:9|2:0|2:2|2:3|2:4|2:9|3:0|3:1|3:2|3:9|4:2|4:9|5:1|5:2|5:9|6:1|6:2|6:9|7:9|8:8|8:9,2223
3413,5141,0.15531882970742683,3.0,3.0,0.0,3.0,43,victory,1,0,,0,37,31,0:0|0:4|0:5|0:6|0:7|0:8|1:0|1:4|1:8|1:9|2:0|2:2|2:3|2:4|2:9|3:0|3:1|3:2|3:9|4:2|4:9|5:1|5:2|5:9|6:1|6:2|6:9|7:9|8:8|8:9|9:9,2223
3414,5142,0.15507126781695424,3.0,3.0,0.0,3.0,40,victory,1,0,,0,36,32,0:0|0:4|0:5|0:6|0:7|0:8|1:0|1:4|1:7|1:8|1:9|2:0|2:2|2:3|2:4|2:9|3:0|3:1|3:2|3:9|4:2|4:9|5:1|5:2|5:9|6:1|6:2|6:8|6:9|7:9|8:8|8:9,2223
3415,5143,0.15482370592648165,3.0,3.0,0.0,3.0,79,victory,1,0,,0,49,36,0:0|0:4|0:5|0:6|0:7|0:8|0:9|1:0|1:4|1:8|1:9|2:0|2:2|2:3|2:4|2:9|3:0|3:1|3:2|3:4|3:9|4:2|4:3|4:4|4:8|4:9|5:1|5:2|5:8|5:9|6:1|6:2|6:9|7:9|8:8|8:9,2223
3416,5144,0.15457614403600906,3.0,3.0,0.0,3.0,53,victory,1,0,,0,38,31,0:0|0:1|0:4|0:5|0:6|0:7|1:0|1:4|1:7|1:8|1:9|2:0|2:2|2:3|2:4|2:9|3:0|3:1|3:2|3:9|4:2|4:9|5:1|5:2|5:9|6:1|6:2|6:9|7:9|8:8|8:9,2223
3417,5145,0.15432858214553646,3.0,3.0,0.0,3.0,38,victory,1,0,,0,34,30,0:0|0:4|0:5|0:6|0:7|1:0|1:4|1:7|1:8|1:9|2:0|2:2|2:3|2:4|2:9|3:0|3:1|3:2|3:9|4:2|4:9|5:1|5:2|5:9|6:1|6:2|6:9|7:9|8:8|8:9,2223
3418,5146,0.15408102025506376,3.0,3.0,0.0,3.0,48,victory,1,0,,0,36,31,0:0|0:4|0:5|0:6|0:7|0:8|1:0|1:4|1:8|1:9|2:0|2:2|2:3|2:4|2:9|3:0|3:1|3:2|3:9|4:2|4:9|5:1|5:2|5:9|6:0|6:1|6:2|6:9|7:9|8:8|8:9,2223
3419,5147,0.15383345836459117,3.0,3.0,0.0,3.0,59,victory,1,0,,0,45,35,0:0|0:4|0:5|0:6|0:7|0:8|1:0|1:4|1:8|1:9|2:0|2:2|2:3|2:4|2:9|3:0|3:1|3:2|3:8|3:9|4:2|4:7|4:8|4:9|5:1|5:2|5:8|5:9|6:1|6:2|6:8|6:9|7:9|8:8|8:9,2223
3420,5148,0.15358589647411847,3.0,3.0,0.0,3.0,41,victory,1,0,,0,34,30,0:0|0:4|0:5|0:6|0:7|0:8|1:0|1:4|1:8|1:9|2:0|2:2|2:3|2:4|2:9|3:0|3:1|3:2|3:9|4:2|4:9|5:1|5:2|5:9|6:1|6:2|6:9|7:9|8:8|8:9,2223
3421,5149,0.15333833458364587,3.0,3.0,0.0,3.0,53,victory,1,0,,0,36,30,0:0|0:4|0:5|0:6|0:7|0:8|1:0|1:4|1:8|1:9|2:0|2:2|2:3|2:4|2:9|3:0|3:1|3:2|3:9|4:2|4:9|5:1|5:2|5:9|6:1|6:2|6:9|7:9|8:8|8:9,2223
3422,5150,0.15309077269317328,3.0,3.0,0.0,3.0,39,victory,1,0,,0,35,31,0:0|0:4|0:5|0:6|0:7|0:8|1:0|1:4|1:8|1:9|2:0|2:2|2:3|2:4|2:9|3:0|3:1|3:2|3:9|4:2|4:3|4:9|5:1|5:2|5:9|6:1|6:2|6:9|7:9|8:8|8:9,2223
3423,5151,0.15284321080270058,3.0,3.0,0.0,3.0,40,victory,1,0,,0,36,32,0:0|0:4|0:5|0:6|0:7|0:8|1:0|1:4|1:8|1:9|2:0|2:2|2:3|2:4|2:9|3:0|3:1|3:2|3:9|4:2|4:3|4:9|5:1|5:2|5:9|6:1|6:2|6:8|6:9|7:9|8:8|8:9,2223
3424,5152,0.1525956489122281,3.0,3.0,0.0,3.0,60,victory,1,0,,0,45,31,0:0|0:4|0:5|0:6|0:7|0:8|1:0|1:4|1:8|1:9|2:0|2:2|2:3|2:4|2:9|3:0|3:1|3:2|3:9|4:2|4:3|4:9|5:1|5:2|5:9|6:1|6:2|6:9|7:9|8:8|8:9,2223
3425,5153,0.1523480870217555,3.0,3.0,0.0,3.0,53,victory,1,0,,0,43,34,0:0|0:4|0:5|0:6|0:7|1:0|1:4|1:7|1:8|1:9|2:0|2:2|2:4|2:9|3:0|3:1|3:2|3:4|3:9|4:2|4:3|4:4|4:5|4:9|5:1|5:2|5:9|6:1|6:2|6:8|6:9|7:9|8:8|8:9,2223
3426,5154,0.1521005251312828,3.0,3.0,0.0,3.0,59,victory,1,0,,0,39,34,0:0|0:1|0:4|0:5|0:6|0:7|0:8|1:0|1:4|1:8|1:9|2:0|2:2|2:3|2:4|2:9|3:0|3:1|3:2|3:9|4:2|4:3|4:8|4:9|5:1|5:2|5:8|5:9|6:1|6:2|6:9|7:9|8:8|8:9,2223
3427,5155,0.1518529632408102,2.0,2.0,0.0,2.0,125,death,0,1,monster,0,54,35,0:0|0:4|0:5|0:6|0:7|0:8|0:9|1:0|1:4|1:8|1:9|2:0|2:2|2:3|2:4|2:8|2:9|3:0|3:1|3:2|3:4|3:8|3:9|4:2|4:3|4:4|4:8|4:9|5:1|5:2|5:8|5:9|6:1|6:2|6:9,2223
3428,5156,0.15160540135033762,3.0,3.0,0.0,3.0,120,victory,1,0,,0,36,30,0:0|0:4|0:5|0:6|0:7|0:8|1:0|1:4|1:8|1:9|2:0|2:2|2:3|2:4|2:9|3:0|3:1|3:2|3:9|4:2|4:9|5:1|5:2|5:9|6:1|6:2|6:9|7:9|8:8|8:9,2223
3429,5157,0.15135783945986492,3.0,3.0,0.0,3.0,54,victory,1,0,,0,39,35,0:0|0:1|0:4|0:5|0:6|0:7|0:8|1:0|1:4|1:8|1:9|2:0|2:2|2:3|2:4|2:8|2:9|3:0|3:1|3:2|3:4|3:9|4:2|4:3|4:9|5:1|5:2|5:9|6:1|6:2|6:3|6:9|7:9|8:8|8:9,2223
3430,5158,0.15111027756939233,3.0,3.0,0.0,3.0,49,victory,1,0,,0,36,31,0:0|0:1|0:4|0:5|0:6|0:7|0:8|1:0|1:4|1:8|1:9|2:0|2:2|2:3|2:4|2:9|3:0|3:1|3:2|3:9|4:2|4:9|5:1|5:2|5:9|6:1|6:2|6:9|7:9|8:8|8:9,2223
3431,5159,0.15086271567891973,3.0,3.0,0.0,3.0,53,victory,1,0,,0,36,30,0:0|0:4|0:5|0:6|0:7|0:8|1:0|1:4|1:8|1:9|2:0|2:2|2:3|2:4|2:9|3:0|3:1|3:2|3:9|4:2|4:9|5:1|5:2|5:9|6:1|6:2|6:9|7:9|8:8|8:9,2223
3432,5160,0.15061515378844714,1.0,1.0,0.0,1.0,18,death,0,1,monster,0,14,11,0:0|1:0|2:0|3:0|3:1|3:2|4:2|5:2|6:0|6:1|6:2,2223
3433,5161,0.15036759189797455,1.0,1.0,0.0,1.0,40,death,0,1,monster,0,24,16,0:0|1:0|2:0|2:2|2:3|2:4|3:0|3:1|3:2|3:4|4:2|5:1|5:2|6:1|6:2|6:3,2223
3434,5162,0.15012003000750196,3.0,3.0,0.0,3.0,66,victory,1,0,,0,39,31,0:0|0:4|0:5|0:6|0:7|0:8|0:9|1:0|1:4|1:9|2:0|2:4|2:9|3:0|3:1|3:2|3:4|3:9|4:2|4:3|4:4|4:9|5:1|5:2|5:9|6:1|6:2|6:9|7:9|8:8|8:9,2223
3435,5163,0.14987246811702926,3.0,3.0,0.0,3.0,34,victory,1,0,,0,33,30,0:0|0:4|0:5|0:6|0:7|0:8|1:0|1:4|1:8|1:9|2:0|2:2|2:3|2:4|2:9|3:0|3:1|3:2|3:9|4:2|4:9|5:1|5:2|5:9|6:1|6:2|6:9|7:9|8:8|8:9,2223
3436,5164,0.14962490622655666,3.0,3.0,0.0,3.0,40,victory,1,0,,0,34,30,0:0|0:4|0:5|0:6|0:7|0:8|1:0|1:4|1:8|1:9|2:0|2:2|2:3|2:4|2:9|3:0|3:1|3:2|3:9|4:2|4:9|5:1|5:2|5:9|6:1|6:2|6:9|7:8|7:9|8:8,2223
3437,5165,0.14937734433608407,3.0,3.0,0.0,3.0,60,victory,1,0,,0,39,30,0:0|0:4|0:5|0:6|0:7|0:8|1:0|1:4|1:8|1:9|2:0|2:2|2:3|2:4|2:9|3:0|3:1|3:2|3:9|4:2|4:9|5:1|5:2|5:9|6:1|6:2|6:9|7:9|8:8|8:9,2223
3438,5166,0.14912978244561137,3.0,3.0,0.0,3.0,58,victory,1,0,,0,40,32,0:0|0:4|0:5|0:6|0:7|0:8|1:0|1:4|1:8|1:9|2:0|2:2|2:3|2:4|2:9|3:0|3:1|3:2|3:9|4:2|4:9|5:1|5:2|5:9|6:1|6:2|6:3|6:4|6:9|7:8|7:9|8:8,2223
3439,5167,0.14888222055513878,2.0,2.0,0.0,2.0,110,death,0,1,monster,0,37,24,0:0|0:4|0:5|0:6|0:7|0:8|1:0|1:4|1:6|1:7|1:8|2:0|2:2|2:3|2:4|3:0|3:1|3:2|4:2|4:3|5:1|5:2|6:1|6:2,2223
3440,5168,0.14863465866466608,2.0,2.0,0.0,2.0,87,death,0,1,monster,0,45,32,0:0|0:4|0:5|0:6|0:7|0:8|1:0|1:4|1:6|1:8|1:9|2:0|2:2|2:3|2:4|2:9|3:0|3:1|3:2|3:8|3:9|4:2|4:8|4:9|5:1|5:2|5:8|5:9|6:1|6:2|6:8|6:9,2223
3441,5169,0.1483870967741936,3.0,3.0,0.0,3.0,105,victory,1,0,,0,39,33,0:0|0:4|0:5|0:6|0:7|0:8|1:0|1:4|1:6|1:7|1:8|1:9|2:0|2:2|2:3|2:4|2:9|3:0|3:1|3:2|3:9|4:2|4:3|4:9|5:1|5:2|5:9|6:1|6:2|6:9|7:9|8:8|8:9,2223
3442,5170,0.148139534883721,3.0,3.0,0.0,3.0,64,victory,1,0,,0,44,33,0:0|0:4|0:5|0:6|0:7|0:8|0:9|1:0|1:4|1:8|1:9|2:0|2:2|2:3|2:4|2:8|2:9|3:0|3:1|3:2|3:8|3:9|4:2|4:9|5:1|5:2|5:9|6:1|6:2|6:9|7:9|8:8|8:9,2223
3443,5171,0.1478919729932483,3.0,3.0,0.0,3.0,46,victory,1,0,,0,35,31,0:0|0:4|0:5|0:6|0:7|0:8|1:0|1:4|1:8|1:9|2:0|2:2|2:3|2:4|2:9|3:0|3:1|3:2|3:4|3:9|4:2|4:9|5:1|5:2|5:9|6:1|6:2|6:9|7:9|8:8|8:9,2223
3444,5172,0.1476444111027757,2.0,2.0,0.0,2.0,66,death,0,1,monster,0,30,20,0:0|0:4|0:5|0:6|0:7|1:0|1:4|2:0|2:2|2:3|2:4|3:0|3:1|3:2|4:2|5:1|5:2|6:1|6:2|6:3,2223
3445,5173,0.14739684921230312,3.0,3.0,0.0,3.0,33,victory,1,0,,0,33,30,0:0|0:4|0:5|0:6|0:7|0:8|1:0|1:4|1:8|1:9|2:0|2:2|2:3|2:4|2:9|3:0|3:1|3:2|3:9|4:2|4:9|5:1|5:2|5:9|6:1|6:2|6:9|7:9|8:8|8:9,2223
3446,5174,0.1471492873218304,3.0,3.0,0.0,3.0,47,victory,1,0,,0,35,30,0:0|0:4|0:5|0:6|0:7|0:8|1:0|1:4|1:8|1:9|2:0|2:2|2:3|2:4|2:9|3:0|3:1|3:2|3:9|4:2|4:9|5:1|5:2|5:9|6:1|6:2|6:9|7:9|8:8|8:9,2223
3447,5175,0.14690172543135782,3.0,3.0,0.0,3.0,42,victory,1,0,,0,35,31,0:0|0:4|0:5|0:6|0:7|0:8|1:0|1:4|1:6|1:8|1:9|2:0|2:2|2:3|2:4|2:9|3:0|3:1|3:2|3:9|4:2|4:9|5:1|5:2|5:9|6:1|6:2|6:9|7:9|8:8|8:9,2223
3448,5176,0.14665416354088523,3.0,3.0,0.0,3.0,34,victory,1,0,,0,33,30,0:0|0:4|0:5|0:6|0:7|0:8|1:0|1:4|1:8|1:9|2:0|2:2|2:3|2:4|2:9|3:0|3:1|3:2|3:9|4:2|4:9|5:1|5:2|5:9|6:1|6:2|6:9|7:9|8:8|8:9,2223
3449,5177,0.14640660165041253,3.0,3.0,0.0,3.0,34,victory,1,0,,0,33,30,0:0|0:4|0:5|0:6|0:7|0:8|1:0|1:4|1:8|1:9|2:0|2:2|2:3|2:4|2:9|3:0|3:1|3:2|3:9|4:2|4:9|5:1|5:2|5:9|6:1|6:2|6:9|7:9|8:8|8:9,2223
3450,5178,0.14615903975994005,3.0,3.0,0.0,3.0,43,victory,1,0,,0,37,32,0:0|0:4|0:5|0:6|0:7|0:8|0:9|1:0|1:4|1:6|1:9|2:0|2:2|2:3|2:4|2:9|3:0|3:1|3:2|3:9|4:2|4:9|5:1|5:2|5:9|6:1|6:2|6:3|6:9|7:9|8:8|8:9,2223
3451,5179,0.14591147786946745,3.0,3.0,0.0,3.0,65,victory,1,0,,0,42,33,0:0|0:4|0:5|0:6|0:7|0:8|0:9|1:0|1:4|1:8|1:9|2:0|2:2|2:3|2:4|2:8|2:9|3:0|3:1|3:2|3:9|4:2|4:3|4:9|5:1|5:2|5:9|6:1|6:2|6:9|7:9|8:8|8:9,2223
3452,5180,0.14566391597899475,1.0,1.0,0.0,1.0,45,death,0,1,monster,0,23,15,0:0|1:0|1:2|2:0|2:2|2:3|2:4|3:0|3:1|3:2|4:2|5:1|5:2|6:1|6:2,2223
3453,5181,0.14541635408852216,1.0,1.0,0.0,1.0,24,death,0,1,monster,0,21,16,0:0|1:0|2:0|2:2|2:3|2:4|3:0|3:1|3:2|3:4|4:2|4:3|5:1|5:2|6:1|6:2,2223
3454,5182,0.14516879219804957,3.0,3.0,0.0,3.0,100,victory,1,0,,0,53,35,0:0|0:2|0:4|0:5|0:6|0:7|1:0|1:2|1:4|1:6|1:7|2:0|2:2|2:3|2:4|2:6|3:0|3:1|3:2|3:6|4:2|4:3|4:6|4:7|4:8|5:1|5:2|5:8|5:9|6:1|6:2|6:9|7:9|8:8|8:9,2223
3455,5183,0.14492123030757686,1.0,1.0,0.0,1.0,50,death,0,1,monster,0,30,17,0:0|0:2|0:4|1:0|1:2|1:4|2:0|2:2|2:3|2:4|3:0|3:1|3:2|4:2|5:1|5:2|6:1,2223
3456,5184,0.14467366841710427,3.0,3.0,0.0,3.0,34,victory,1,0,,0,33,30,0:0|0:4|0:5|0:6|0:7|0:8|1:0|1:4|1:8|1:9|2:0|2:2|2:3|2:4|2:9|3:0|3:1|3:2|3:9|4:2|4:9|5:1|5:2|5:9|6:1|6:2|6:9|7:9|8:8|8:9,2223
3457,5185,0.14442610652663168,3.0,3.0,0.0,3.0,35,victory,1,0,,0,33,30,0:0|0:4|0:5|0:6|0:7|0:8|1:0|1:4|1:8|1:9|2:0|2:2|2:3|2:4|2:9|3:0|3:1|3:2|3:9|4:2|4:9|5:1|5:2|5:9|6:1|6:2|6:9|7:9|8:8|8:9,2223
3458,5186,0.14417854463615898,3.0,3.0,0.0,3.0,48,victory,1,0,,0,37,30,0:0|0:4|0:5|0:6|0:7|0:8|1:0|1:4|1:8|1:9|2:0|2:2|2:3|2:4|2:9|3:0|3:1|3:2|3:9|4:2|4:9|5:1|5:2|5:9|6:1|6:2|6:9|7:9|8:8|8:9,2223
3459,5187,0.1439309827456865,3.0,3.0,0.0,3.0,34,victory,1,0,,0,33,30,0:0|0:4|0:5|0:6|0:7|0:8|1:0|1:4|1:8|1:9|2:0|2:2|2:3|2:4|2:9|3:0|3:1|3:2|3:9|4:2|4:9|5:1|5:2|5:9|6:1|6:2|6:9|7:9|8:8|8:9,2223
3460,5188,0.1436834208552138,3.0,3.0,0.0,3.0,48,victory,1,0,,0,40,32,0:0|0:6|0:7|0:8|1:0|1:6|1:8|1:9|2:0|2:2|2:6|2:9|3:0|3:1|3:2|3:6|3:9|4:2|4:3|4:4|4:5|4:6|4:9|5:1|5:2|5:9|6:1|6:2|6:9|7:9|8:8|8:9,2223
3461,5189,0.1434358589647412,3.0,3.0,0.0,3.0,32,victory,1,0,,0,33,30,0:0|0:4|0:5|0:6|0:7|0:8|1:0|1:4|1:8|1:9|2:0|2:2|2:3|2:4|2:9|3:0|3:1|3:2|3:9|4:2|4:9|5:1|5:2|5:9|6:1|6:2|6:9|7:9|8:8|8:9,2223
3462,5190,0.1431882970742686,3.0,3.0,0.0,3.0,43,victory,1,0,,0,36,32,0:0|0:4|0:5|0:6|0:7|0:8|0:9|1:0|1:4|1:8|1:9|2:0|2:2|2:3|2:4|2:9|3:0|3:1|3:2|3:9|4:2|4:3|4:9|5:1|5:2|5:9|6:1|6:2|6:9|7:9|8:8|8:9,2223
3463,5191,0.1429407351837959,3.0,3.0,0.0,3.0,43,victory,1,0,,0,37,30,0:0|0:4|0:5|0:6|0:7|0:8|1:0|1:4|1:8|1:9|2:0|2:2|2:3|2:4|2:9|3:0|3:1|3:2|3:9|4:2|4:9|5:1|5:2|5:9|6:1|6:2|6:9|7:9|8:8|8:9,2223
3464,5192,0.14269317329332332,3.0,3.0,0.0,3.0,111,victory,1,0,,0,63,35,0:0|0:1|0:2|0:4|0:5|0:6|0:7|0:8|1:0|1:2|1:4|1:8|1:9|2:0|2:2|2:3|2:4|2:9|3:0|3:1|3:2|3:9|4:2|4:8|4:9|5:1|5:2|5:8|5:9|6:1|6:2|6:9|7:9|8:8|8:9,2223
3465,5193,0.14244561140285072,3.0,3.0,0.0,3.0,59,victory,1,0,,0,42,32,0:0|0:4|0:5|0:6|0:7|0:8|1:0|1:4|1:8|1:9|2:0|2:2|2:3|2:4|2:8|2:9|3:0|3:1|3:2|3:8|3:9|4:2|4:9|5:1|5:2|5:9|6:1|6:2|6:9|7:9|8:8|8:9,2223
3466,5194,0.14219804951237802,3.0,3.0,0.0,3.0,39,victory,1,0,,0,35,30,0:0|0:4|0:5|0:6|0:7|0:8|1:0|1:4|1:8|1:9|2:0|2:2|2:3|2:4|2:9|3:0|3:1|3:2|3:9|4:2|4:9|5:2|5:9|6:0|6:1|6:2|6:9|7:8|7:9|8:8,2223
3467,5195,0.14195048762190543,3.0,3.0,0.0,3.0,53,victory,1,0,,0,38,31,0:0|0:4|0:5|0:6|0:7|0:8|1:0|1:4|1:8|1:9|2:0|2:2|2:3|2:4|2:9|3:0|3:1|3:2|3:9|4:2|4:9|5:1|5:2|5:9|6:1|6:2|6:3|6:9|7:9|8:8|8:9,2223
3468,5196,0.14170292573143295,3.0,3.0,0.0,3.0,41,victory,1,0,,0,36,31,0:0|0:4|0:5|0:6|0:7|0:8|1:0|1:4|1:8|1:9|2:0|2:2|2:3|2:4|2:9|3:0|3:1|3:2|3:4|3:9|4:2|4:9|5:1|5:2|5:9|6:1|6:2|6:9|7:9|8:8|8:9,2223
3469,5197,0.14145536384096025,3.0,3.0,0.0,3.0,34,victory,1,0,,0,33,30,0:0|0:4|0:5|0:6|0:7|0:8|1:0|1:4|1:8|1:9|2:0|2:2|2:3|2:4|2:9|3:0|3:1|3:2|3:9|4:2|4:9|5:1|5:2|5:9|6:1|6:2|6:9|7:9|8:8|8:9,2223
3470,5198,0.14120780195048765,3.0,3.0,0.0,3.0,38,victory,1,0,,0,36,32,0:0|0:4|0:5|0:6|0:7|0:8|1:0|1:4|1:8|1:9|2:0|2:2|2:3|2:4|2:8|2:9|3:0|3:1|3:2|3:8|3:9|4:2|4:9|5:1|5:2|5:9|6:1|6:2|6:9|7:8|7:9|8:8,2223
3471,5199,0.14096024006001506,3.0,3.0,0.0,3.0,39,victory,1,0,,0,34,31,0:0|0:1|0:4|0:5|0:6|0:7|0:8|1:0|1:4|1:8|1:9|2:0|2:2|2:3|2:4|2:9|3:0|3:1|3:2|3:9|4:2|4:9|5:1|5:2|5:9|6:1|6:2|6:9|7:9|8:8|8:9,2223
3472,5200,0.14071267816954236,3.0,3.0,0.0,3.0,45,victory,1,0,,0,35,31,0:0|0:4|0:5|0:6|0:7|0:8|1:0|1:2|1:4|1:8|1:9|2:0|2:2|2:3|2:4|2:9|3:0|3:1|3:2|3:9|4:2|4:9|5:1|5:2|5:9|6:1|6:2|6:9|7:9|8:8|8:9,2223
3473,5201,0.14046511627906977,3.0,3.0,0.0,3.0,38,victory,1,0,,0,36,31,0:0|0:1|0:4|0:5|0:6|0:7|0:8|1:0|1:4|1:8|1:9|2:0|2:2|2:3|2:4|2:9|3:0|3:1|3:2|3:9|4:2|4:9|5:1|5:2|5:9|6:1|6:2|6:9|7:9|8:8|8:9,2223
3474,5202,0.14021755438859718,3.0,3.0,0.0,3.0,34,victory,1,0,,0,34,31,0:0|0:4|0:5|0:6|0:7|0:8|1:0|1:4|1:8|1:9|2:0|2:2|2:3|2:4|2:9|3:0|3:1|3:2|3:9|4:2|4:3|4:9|5:1|5:2|5:9|6:1|6:2|6:9|7:9|8:8|8:9,2223
3475,5203,0.13996999249812447,3.0,3.0,0.0,3.0,52,victory,1,0,,0,39,33,0:0|0:4|0:5|0:6|0:7|1:0|1:4|1:7|1:8|1:9|2:0|2:4|2:9|3:0|3:1|3:2|3:4|3:9|4:2|4:3|4:4|4:9|5:1|5:2|5:8|5:9|6:0|6:1|6:2|6:9|7:9|8:8|8:9,2223
3476,5204,0.139722430607652,3.0,3.0,0.0,3.0,48,victory,1,0,,0,38,32,0:0|0:4|0:5|0:6|0:7|0:8|1:0|1:4|1:8|1:9|2:0|2:2|2:3|2:4|2:9|3:0|3:1|3:2|3:9|4:2|4:3|4:9|5:0|5:1|5:2|5:9|6:0|6:1|6:9|7:9|8:8|8:9,2223
3477,5205,0.1394748687171793,3.0,3.0,0.0,3.0,86,victory,1,0,,0,52,32,0:0|0:4|0:5|0:6|0:7|0:8|0:9|1:0|1:4|1:7|1:8|1:9|2:0|2:2|2:3|2:4|2:8|2:9|3:0|3:1|3:2|3:9|4:2|4:9|5:1|5:2|5:9|6:1|6:9|7:9|8:8|8:9,2223
3478,5206,0.1392273068267067,3.0,3.0,0.0,3.0,38,victory,1,0,,0,35,30,0:0|0:4|0:5|0:6|0:7|0:8|1:0|1:4|1:7|1:8|1:9|2:0|2:2|2:3|2:4|2:9|3:0|3:1|3:2|3:9|4:2|4:9|5:1|5:2|5:9|6:1|6:9|7:9|8:8|8:9,2223
3479,5207,0.1389797449362341,3.0,3.0,0.0,3.0,42,victory,1,0,,0,36,29,0:0|0:4|0:5|0:6|0:7|0:8|1:0|1:4|1:8|1:9|2:0|2:2|2:3|2:4|2:9|3:0|3:1|3:2|3:9|4:2|4:9|5:1|5:2|5:9|6:1|6:9|7:9|8:8|8:9,2223
3480,5208,0.1387321830457614,3.0,3.0,0.0,3.0,53,victory,1,0,,0,40,31,0:0|0:6|0:7|0:8|1:0|1:6|1:8|1:9|2:0|2:2|2:6|2:9|3:0|3:1|3:2|3:6|3:9|4:2|4:3|4:4|4:5|4:6|4:9|5:1|5:2|5:9|6:1|6:9|7:9|8:8|8:9,2223
3481,5209,0.1384846211552888,3.0,3.0,0.0,3.0,69,victory,1,0,,0,47,34,0:0|0:4|0:5|0:6|0:7|0:8|1:0|1:4|1:8|2:0|2:2|2:3|2:4|2:8|2:9|3:0|3:1|3:2|3:8|3:9|4:2|4:3|4:8|4:9|5:1|5:2|5:8|5:9|6:1|6:8|6:9|7:9|8:8|8:9,2223
3482,5210,0.13823705926481622,2.0,2.0,0.0,2.0,35,death,0,1,monster,0,31,22,0:0|0:4|0:5|0:6|0:7|0:8|1:0|1:4|1:7|1:8|2:0|2:2|2:3|2:4|3:0|3:1|3:2|4:2|5:1|5:2|6:0|6:1,2223
3483,5211,0.13798949737434352,1.0,1.0,0.0,1.0,54,death,0,1,monster,0,27,17,0:0|0:1|0:2|1:0|1:2|2:0|2:2|2:3|2:4|3:0|3:1|3:2|4:2|5:1|5:2|6:0|6:1,2223
3484,5212,0.13774193548387093,3.0,3.0,0.0,3.0,40,victory,1,0,,0,34,29,0:0|0:4|0:5|0:6|0:7|0:8|1:0|1:4|1:8|1:9|2:0|2:2|2:3|2:4|2:9|3:0|3:1|3:2|3:9|4:2|4:9|5:1|5:2|5:9|6:1|6:9|7:9|8:8|8:9,2223
3485,5213,0.13749437359339844,3.0,3.0,0.0,3.0,94,victory,1,0,,0,36,31,0:0|0:4|0:5|0:6|0:7|0:8|1:0|1:4|1:8|1:9|2:0|2:2|2:3|2:4|2:8|2:9|3:0|3:1|3:2|3:9|4:2|4:9|5:1|5:2|5:9|6:1|6:2|6:9|7:8|7:9|8:8,2223
3486,5214,0.13724681170292574,3.0,3.0,0.0,3.0,37,victory,1,0,,0,34,30,0:0|0:4|0:5|0:6|0:7|0:8|1:0|1:2|1:4|1:8|1:9|2:0|2:2|2:3|2:4|2:9|3:0|3:1|3:2|3:9|4:2|4:9|5:1|5:2|5:9|6:1|6:9|7:8|7:9|8:8,2223
3487,5215,0.13699924981245315,2.0,2.0,0.0,2.0,45,death,0,1,monster,0,36,28,0:0|0:4|0:5|0:6|0:7|0:8|1:0|1:4|1:8|1:9|2:0|2:2|2:3|2:4|2:8|2:9|3:0|3:1|3:2|3:9|4:2|4:9|5:0|5:1|5:2|5:9|6:1|6:9,2223
3488,5216,0.13675168792198056,3.0,3.0,0.0,3.0,61,victory,1,0,,0,38,30,0:0|0:1|0:4|0:5|0:6|0:7|0:8|1:0|1:4|1:8|1:9|2:0|2:2|2:3|2:4|2:9|3:0|3:1|3:2|3:9|4:2|4:9|5:1|5:2|5:9|6:1|6:9|7:8|7:9|8:8,2223
3489,5217,0.13650412603150786,3.0,3.0,0.0,3.0,43,victory,1,0,,0,36,30,0:0|0:4|0:5|0:6|0:7|0:8|1:0|1:4|1:8|1:9|2:0|2:2|2:3|2:4|2:9|3:0|3:1|3:2|3:9|4:2|4:9|5:1|5:2|5:9|6:1|6:8|6:9|7:8|7:9|8:8,2223
3490,5218,0.13625656414103526,3.0,3.0,0.0,3.0,34,victory,1,0,,0,33,29,0:0|0:4|0:5|0:6|0:7|0:8|1:0|1:4|1:8|1:9|2:0|2:2|2:3|2:4|2:9|3:0|3:1|3:2|3:9|4:2|4:9|5:1|5:2|5:9|6:1|6:9|7:8|7:9|8:8,2223
3491,5219,0.13600900225056267,3.0,3.0,0.0,3.0,35,victory,1,0,,0,34,30,0:0|0:4|0:5|0:6|0:7|0:8|1:0|1:4|1:6|1:8|1:9|2:0|2:2|2:3|2:4|2:9|3:0|3:1|3:2|3:9|4:2|4:9|5:1|5:2|5:9|6:1|6:9|7:8|7:9|8:8,2223
3492,5220,0.13576144036008997,3.0,3.0,0.0,3.0,38,victory,1,0,,0,35,31,0:0|0:1|0:4|0:5|0:6|0:7|0:8|1:0|1:4|1:8|1:9|2:0|2:2|2:3|2:4|2:9|3:0|3:1|3:2|3:9|4:2|4:9|5:0|5:1|5:2|5:9|6:1|6:9|7:8|7:9|8:8,2223
3493,5221,0.13551387846961738,3.0,3.0,0.0,3.0,37,victory,1,0,,0,33,29,0:0|0:4|0:5|0:6|0:7|0:8|1:0|1:4|1:8|1:9|2:0|2:2|2:3|2:4|2:9|3:0|3:1|3:2|3:9|4:2|4:9|5:1|5:2|5:9|6:1|6:9|7:8|7:9|8:8,2223
3494,5222,0.1352663165791449,3.0,3.0,0.0,3.0,43,victory,1,0,,0,37,31,0:0|0:4|0:5|0:6|0:7|0:8|1:0|1:4|1:8|1:9|2:0|2:2|2:3|2:4|2:9|3:0|3:1|3:2|3:8|3:9|4:2|4:9|5:1|5:2|5:9|6:0|6:1|6:9|7:8|7:9|8:8,2223
3495,5223,0.1350187546886722,0.0,0.0,0.0,0.0,12,death,0,1,monster,0,12,9,0:0|1:0|2:0|3:0|3:1|3:2|4:2|4:3|4:4,2223
3496,5224,0.1347711927981996,2.0,2.0,0.0,2.0,66,death,0,1,monster,0,40,28,0:0|0:4|0:5|0:6|0:7|0:8|1:0|1:4|1:7|1:8|1:9|2:0|2:2|2:3|2:4|2:8|2:9|3:0|3:1|3:2|3:8|3:9|4:2|4:9|5:0|5:1|5:2|6:1,2223
3497,5225,0.1345236309077269,3.0,3.0,0.0,3.0,52,victory,1,0,,0,41,32,0:0|0:4|0:5|0:6|0:7|0:8|0:9|1:0|1:4|1:6|1:7|1:9|2:0|2:2|2:3|2:4|2:9|3:0|3:1|3:2|3:9|4:2|4:9|5:1|5:2|5:9|6:0|6:1|6:9|7:8|7:9|8:8,2223
3498,5226,0.1342760690172543,3.0,3.0,0.0,3.0,50,victory,1,0,,0,36,29,0:0|0:4|0:5|0:6|0:7|1:0|1:4|1:7|1:8|2:0|2:2|2:3|2:4|2:8|2:9|3:0|3:1|3:2|3:9|4:2|4:9|5:1|5:2|5:9|6:1|6:9|7:8|7:9|8:8,2223
3499,5227,0.13402850712678172,3.0,3.0,0.0,3.0,38,victory,1,0,,0,34,30,0:0|0:4|0:5|0:6|0:7|0:8|1:0|1:4|1:8|1:9|2:0|2:2|2:3|2:4|2:9|3:0|3:1|3:2|3:9|4:2|4:9|5:1|5:2|5:9|6:1|6:8|6:9|7:8|7:9|8:8,2223
3500,5228,0.133780945236309,3.0,3.0,0.0,3.0,128,victory,1,0,,0,65,42,0:0|0:1|0:4|0:5|0:6|0:7|0:8|0:9|1:0|1:4|1:6|1:7|1:8|1:9|2:0|2:2|2:3|2:4|2:6|2:8|2:9|3:0|3:1|3:2|3:4|3:6|3:8|3:9|4:2|4:4|4:6|4:7|4:8|4:9|5:1|5:2|5:9|6:1|6:9|7:8|7:9|8:8,2223
3501,5229,0.13353338334583642,3.0,3.0,0.0,3.0,44,victory,1,0,,0,35,30,0:0|0:4|0:5|0:6|0:7|0:8|0:9|1:0|1:4|1:8|1:9|2:0|2:2|2:3|2:4|2:9|3:0|3:1|3:2|3:9|4:2|4:9|5:1|5:2|5:9|6:1|6:9|7:8|7:9|8:8,2223
3502,5230,0.13328582145536383,2.0,2.0,0.0,2.0,49,death,0,1,monster,0,40,23,0:0|0:4|0:5|0:6|0:7|0:8|0:9|1:0|1:4|1:8|1:9|2:0|2:2|2:3|2:4|3:0|3:1|3:2|4:2|4:3|5:1|5:2|6:1,2223
3503,5231,0.13303825956489124,3.0,3.0,0.0,3.0,40,victory,1,0,,0,36,33,0:0|0:4|0:5|0:6|0:7|0:8|1:0|1:4|1:8|1:9|2:0|2:2|2:3|2:4|2:8|2:9|3:0|3:1|3:2|3:9|4:2|4:9|5:1|5:2|5:9|6:1|6:2|6:3|6:9|7:3|7:8|7:9|8:8,2223
3504,5232,0.13279069767441865,3.0,3.0,0.0,3.0,83,victory,1,0,,0,44,32,0:0|0:4|0:5|0:6|0:7|0:8|1:0|1:4|1:8|1:9|2:0|2:2|2:3|2:4|2:8|2:9|3:0|3:1|3:2|3:8|3:9|4:2|4:9|5:1|5:2|5:9|6:1|6:8|6:9|7:8|7:9|8:8,2223
3505,5233,0.13254313578394605,3.0,3.0,0.0,3.0,57,victory,1,0,,0,36,31,0:0|0:4|0:5|0:6|0:7|0:8|1:0|1:4|1:8|1:9|2:0|2:2|2:3|2:4|2:9|3:0|3:1|3:2|3:9|4:2|4:9|5:1|5:2|5:8|5:9|6:1|6:8|6:9|7:8|7:9|8:8,2223
3506,5234,0.13229557389347335,3.0,3.0,0.0,3.0,58,victory,1,0,,0,40,31,0:0|0:4|0:5|0:6|0:7|0:8|1:0|1:4|1:8|1:9|2:0|2:2|2:3|2:4|2:9|3:0|3:1|3:2|3:8|3:9|4:2|4:3|4:9|5:1|5:2|5:9|6:1|6:9|7:8|7:9|8:8,2223
3507,5235,0.13204801200300076,3.0,3.0,0.0,3.0,40,victory,1,0,,0,36,29,0:0|0:4|0:5|0:6|0:7|0:8|1:0|1:4|1:8|1:9|2:0|2:2|2:3|2:4|2:9|3:0|3:1|3:2|3:9|4:2|4:9|5:1|5:2|5:9|6:1|6:9|7:8|7:9|8:8,2223
3508,5236,0.13180045011252817,3.0,3.0,0.0,3.0,42,victory,1,0,,0,37,30,0:0|0:4|0:5|0:6|0:7|1:0|1:4|1:7|1:8|1:9|2:0|2:2|2:3|2:4|2:9|3:0|3:1|3:2|3:9|4:2|4:9|5:1|5:2|5:9|6:1|6:2|6:9|7:8|7:9|8:8,2223
3509,5237,0.13155288822205546,3.0,3.0,0.0,3.0,37,victory,1,0,,0,34,30,0:0|0:4|0:5|0:6|0:7|0:8|1:0|1:4|1:8|2:0|2:2|2:3|2:4|2:8|2:9|3:0|3:1|3:2|3:9|4:2|4:9|5:1|5:2|5:9|6:1|6:2|6:9|7:8|7:9|8:8,2223
3510,5238,0.13130532633158287,3.0,3.0,0.0,3.0,51,victory,1,0,,0,43,31,0:0|0:4|0:5|0:6|0:7|0:8|0:9|1:0|1:4|1:7|1:8|1:9|2:0|2:2|2:3|2:4|2:9|3:0|3:1|3:2|3:9|4:2|4:9|5:1|5:2|5:9|6:1|6:9|7:8|7:9|8:8,2223
3511,5239,0.13105776444111028,3.0,3.0,0.0,3.0,49,victory,1,0,,0,35,31,0:0|0:4|0:5|0:6|0:7|0:8|1:0|1:4|1:8|1:9|2:0|2:2|2:3|2:4|2:9|3:0|3:1|3:2|3:9|4:2|4:9|5:1|5:2|5:9|6:1|6:8|6:9|7:8|7:9|8:8|8:9,2223
3512,5240,0.1308102025506377,3.0,3.0,0.0,3.0,49,victory,1,0,,0,41,33,0:0|0:4|0:5|0:6|0:7|0:8|1:0|1:4|1:8|1:9|2:0|2:2|2:3|2:4|2:9|3:0|3:1|3:2|3:9|4:2|4:9|5:1|5:2|5:8|5:9|6:1|6:2|6:7|6:8|6:9|7:9|8:8|8:9,2223
3513,5241,0.1305626406601651,3.0,3.0,0.0,3.0,35,victory,1,0,,0,33,30,0:0|0:4|0:5|0:6|0:7|0:8|1:0|1:4|1:8|1:9|2:0|2:2|2:3|2:4|2:9|3:0|3:1|3:2|3:9|4:2|4:9|5:1|5:2|5:9|6:1|6:2|6:9|7:9|8:8|8:9,2223
3514,5242,0.1303150787696925,3.0,3.0,0.0,3.0,48,victory,1,0,,0,39,35,0:0|0:4|0:5|0:6|0:7|0:8|1:0|1:4|1:8|1:9|2:0|2:2|2:3|2:4|2:8|2:9|3:0|3:1|3:2|3:4|3:5|3:9|4:2|4:3|4:4|4:5|4:9|5:1|5:2|5:9|6:1|6:9|7:9|8:8|8:9,2223
3515,5243,0.1300675168792198,3.0,3.0,0.0,3.0,110,victory,1,0,,0,51,35,0:0|0:6|0:7|0:8|0:9|1:0|1:2|1:6|1:8|1:9|2:0|2:2|2:3|2:4|2:6|2:9|3:0|3:1|3:2|3:6|3:9|4:2|4:3|4:4|4:5|4:6|4:9|5:1|5:2|5:9|6:1|6:9|7:9|8:8|8:9,2223
3516,5244,0.1298199549887472,3.0,3.0,0.0,3.0,108,victory,1,0,,0,46,33,0:0|0:4|0:5|0:6|0:7|0:8|1:0|1:2|1:4|1:8|1:9|2:0|2:2|2:3|2:4|2:8|2:9|3:0|3:1|3:2|3:8|3:9|4:2|4:9|5:1|5:2|5:9|6:1|6:9|7:9|8:8|8:9|9:9,2223
3517,5245,0.1295723930982745,3.0,3.0,0.0,3.0,34,victory,1,0,,0,34,30,0:0|0:4|0:5|0:6|0:7|0:8|1:0|1:4|1:8|1:9|2:0|2:2|2:3|2:4|2:9|3:0|3:1|3:2|3:9|4:2|4:9|5:0|5:1|5:2|5:9|6:1|6:9|7:9|8:8|8:9,2223
3518,5246,0.12932483120780192,3.0,3.0,0.0,3.0,38,victory,1,0,,0,34,30,0:0|0:4|0:5|0:6|0:7|0:8|1:0|1:4|1:8|1:9|2:0|2:2|2:3|2:4|2:9|3:0|3:1|3:2|3:8|3:9|4:2|4:9|5:1|5:2|5:9|6:1|6:9|7:9|8:8|8:9,2223
3519,5247,0.12907726931732932,3.0,3.0,0.0,3.0,55,victory,1,0,,0,40,29,0:0|0:4|0:5|0:6|0:7|0:8|1:0|1:4|1:8|2:0|2:2|2:3|2:4|2:8|2:9|3:0|3:1|3:2|3:9|4:2|4:9|5:1|5:2|5:9|6:1|6:9|7:9|8:8|8:9,2223
3520,5248,0.12882970742685673,3.0,3.0,0.0,3.0,41,victory,1,0,,0,34,30,0:0|0:4|0:5|0:6|0:7|0:8|1:0|1:4|1:8|1:9|2:0|2:2|2:3|2:4|2:9|3:0|3:1|3:2|3:4|3:9|4:2|4:9|5:1|5:2|5:9|6:1|6:9|7:9|8:8|8:9,2223
3521,5249,0.12858214553638414,3.0,3.0,0.0,3.0,40,victory,1,0,,0,34,30,0:0|0:1|0:4|0:5|0:6|0:7|0:8|1:0|1:4|1:8|1:9|2:0|2:2|2:3|2:4|2:9|3:0|3:1|3:2|3:9|4:2|4:9|5:1|5:2|5:9|6:1|6:9|7:9|8:8|8:9,2223
3522,5250,0.12833458364591155,3.0,3.0,0.0,3.0,88,victory,1,0,,0,45,33,0:0|0:4|0:5|0:6|0:7|1:0|1:2|1:4|1:7|1:8|2:0|2:2|2:3|2:4|2:8|2:9|3:0|3:1|3:2|3:9|4:2|4:9|5:0|5:1|5:2|5:8|5:9|6:1|6:8|6:9|7:9|8:8|8:9,2223
3523,5251,0.12808702175543885,3.0,3.0,0.0,3.0,53,victory,1,0,,0,41,32,0:0|0:2|0:4|0:5|0:6|0:7|0:8|1:0|1:2|1:4|1:8|1:9|2:0|2:2|2:3|2:4|2:9|3:0|3:1|3:2|3:9|4:2|4:9|5:1|5:2|5:9|6:1|6:9|7:8|7:9|8:8|8:9,2223
3524,5252,0.12783945986496625,3.0,3.0,0.0,3.0,35,victory,1,0,,0,34,29,0:0|0:4|0:5|0:6|0:7|0:8|1:0|1:4|1:8|1:9|2:0|2:2|2:3|2:4|2:9|3:0|3:1|3:2|3:9|4:2|4:9|5:1|5:2|5:9|6:1|6:9|7:9|8:8|8:9,2223
3525,5253,0.12759189797449366,3.0,3.0,0.0,3.0,44,victory,1,0,,0,37,30,0:0|0:4|0:5|0:6|0:7|0:8|1:0|1:4|1:8|1:9|2:0|2:2|2:3|2:4|2:9|3:0|3:1|3:2|3:4|3:9|4:2|4:9|5:1|5:2|5:9|6:1|6:9|7:9|8:8|8:9,2223
3526,5254,0.12734433608402096,3.0,3.0,0.0,3.0,47,victory,1,0,,0,34,30,0:0|0:4|0:5|0:6|0:7|0:8|1:0|1:4|1:8|1:9|2:0|2:2|2:3|2:4|2:9|3:0|3:1|3:2|3:9|4:2|4:9|5:1|5:2|5:9|6:1|6:2|6:9|7:9|8:8|8:9,2223
3527,5255,0.12709677419354837,3.0,3.0,0.0,3.0,39,victory,1,0,,0,35,30,0:0|0:4|0:5|0:6|0:7|0:8|1:0|1:4|1:8|1:9|2:0|2:2|2:3|2:4|2:9|3:0|3:1|3:2|3:4|3:9|4:2|4:9|5:1|5:2|5:9|6:1|6:9|7:9|8:8|8:9,2223
3528,5256,0.12684921230307578,3.0,3.0,0.0,3.0,44,victory,1,0,,0,36,29,0:0|0:4|0:5|0:6|0:7|0:8|1:0|1:4|1:8|1:9|2:0|2:2|2:3|2:4|2:9|3:0|3:1|3:2|3:9|4:2|4:9|5:1|5:2|5:9|6:1|6:9|7:9|8:8|8:9,2223
3529,5257,0.12660165041260318,3.0,3.0,0.0,3.0,40,victory,1,0,,0,35,31,0:0|0:4|0:5|0:6|0:7|0:8|1:0|1:4|1:8|1:9|2:0|2:2|2:3|2:4|2:9|3:0|3:1|3:2|3:9|4:2|4:8|4:9|5:1|5:2|5:8|5:9|6:1|6:9|7:8|7:9|8:8,2223
3530,5258,0.1263540885221306,3.0,3.0,0.0,3.0,37,victory,1,0,,0,35,29,0:0|0:4|0:5|0:6|0:7|0:8|1:0|1:4|1:8|1:9|2:0|2:2|2:3|2:4|2:9|3:0|3:1|3:2|3:9|4:2|4:9|5:1|5:2|5:9|6:1|6:9|7:9|8:8|8:9,2223
3531,5259,0.126106526631658,2.0,2.0,0.0,2.0,32,death,0,1,monster,0,30,26,0:0|0:4|0:5|0:6|0:7|0:8|1:0|1:4|1:8|1:9|2:0|2:2|2:3|2:4|2:9|3:0|3:1|3:2|3:9|4:2|4:9|5:1|5:2|5:8|5:9|6:1,2223
3532,5260,0.1258589647411853,1.0,1.0,0.0,1.0,13,death,0,1,monster,0,14,11,0:0|1:0|2:0|3:0|3:1|3:2|4:2|4:3|5:1|5:2|6:1,2223
3533,5261,0.1256114028507127,3.0,3.0,0.0,3.0,127,victory,1,0,,0,44,33,0:0|0:1|0:2|0:4|0:5|0:6|0:7|0:8|1:0|1:2|1:4|1:8|1:9|2:0|2:2|2:3|2:4|2:9|3:0|3:1|3:2|3:9|4:2|4:9|5:1|5:2|5:9|6:1|6:2|6:9|7:9|8:8|8:9,2223
3534,5262,0.12536384096024,3.0,3.0,0.0,3.0,35,victory,1,0,,0,33,29,0:0|0:4|0:5|0:6|0:7|0:8|1:0|1:4|1:8|1:9|2:0|2:2|2:3|2:4|2:9|3:0|3:1|3:2|3:9|4:2|4:9|5:1|5:2|5:9|6:1|6:9|7:9|8:8|8:9,2223
3535,5263,0.1251162790697674,3.0,3.0,0.0,3.0,178,victory,1,0,,0,65,38,0:0|0:4|0:5|0:6|0:7|0:8|1:0|1:4|1:8|1:9|2:0|2:2|2:3|2:4|2:9|3:0|3:1|3:2|3:4|3:9|4:2|4:3|4:4|4:5|4:9|5:1|5:2|5:4|5:9|6:1|6:2|6:3|6:4|6:9|7:3|7:9|8:8|8:9,2223
3536,5264,0.12486871717929482,3.0,3.0,0.0,3.0,42,victory,1,0,,0,37,29,0:0|0:4|0:5|0:6|0:7|0:8|1:0|1:4|1:8|1:9|2:0|2:2|2:3|2:4|2:9|3:0|3:1|3:2|3:9|4:2|4:9|5:1|5:2|5:9|6:1|6:9|7:9|8:8|8:9,2223
3537,5265,0.12462115528882212,3.0,3.0,0.0,3.0,35,victory,1,0,,0,33,29,0:0|0:4|0:5|0:6|0:7|0:8|1:0|1:4|1:8|1:9|2:0|2:2|2:3|2:4|2:9|3:0|3:1|3:2|3:9|4:2|4:9|5:1|5:2|5:9|6:1|6:9|7:9|8:8|8:9,2223
3538,5266,0.12437359339834964,1.0,1.0,0.0,1.0,21,death,0,1,monster,0,19,14,0:0|1:0|2:0|2:2|2:3|2:4|3:0|3:1|3:2|3:4|4:2|5:1|5:2|6:1,2223
3539,5267,0.12412603150787704,3.0,3.0,0.0,3.0,41,victory,1,0,,0,35,29,0:0|0:4|0:5|0:6|0:7|0:8|1:0|1:4|1:8|1:9|2:0|2:2|2:3|2:4|2:9|3:0|3:1|3:2|3:9|4:2|4:9|5:1|5:2|5:9|6:1|6:9|7:9|8:8|8:9,2223
3540,5268,0.12387846961740434,3.0,3.0,0.0,3.0,40,victory,1,0,,0,35,30,0:0|0:4|0:5|0:6|0:7|0:8|1:0|1:4|1:6|1:8|1:9|2:0|2:2|2:3|2:4|2:9|3:0|3:1|3:2|3:9|4:2|4:9|5:1|5:2|5:9|6:1|6:9|7:9|8:8|8:9,2223
3541,5269,0.12363090772693175,3.0,3.0,0.0,3.0,41,victory,1,0,,0,35,30,0:0|0:4|0:5|0:6|0:7|0:8|1:0|1:4|1:8|1:9|2:0|2:2|2:3|2:4|2:9|3:0|3:1|3:2|3:9|4:2|4:9|5:0|5:1|5:2|5:9|6:1|6:9|7:9|8:8|8:9,2223
3542,5270,0.12338334583645916,3.0,3.0,0.0,3.0,74,victory,1,0,,0,53,37,0:0|0:4|0:5|0:6|0:7|0:8|0:9|1:0|1:2|1:4|1:6|1:7|1:8|1:9|2:0|2:2|2:3|2:4|2:6|3:0|3:1|3:2|3:4|3:6|4:2|4:6|4:7|4:8|5:1|5:2|5:8|5:9|6:1|6:9|7:9|8:8|8:9,2223
3543,5271,0.12313578394598645,3.0,3.0,0.0,3.0,51,victory,1,0,,0,39,30,0:0|0:4|0:5|0:6|0:7|0:8|0:9|1:0|1:4|1:8|1:9|2:0|2:2|2:3|2:4|2:9|3:0|3:1|3:2|3:9|4:2|4:9|5:1|5:2|5:9|6:1|6:9|7:9|8:8|8:9,2223
3544,5272,0.12288822205551386,3.0,3.0,0.0,3.0,49,victory,1,0,,0,34,30,0:0|0:4|0:5|0:6|0:7|1:0|1:4|1:7|1:8|1:9|2:0|2:2|2:3|2:4|2:9|3:0|3:1|3:2|3:9|4:2|4:9|5:0|5:1|5:2|5:9|6:1|6:9|7:9|8:8|8:9,2223
3545,5273,0.12264066016504127,3.0,3.0,0.0,3.0,36,victory,1,0,,0,34,30,0:0|0:4|0:5|0:6|0:7|1:0|1:2|1:4|1:7|1:8|1:9|2:0|2:2|2:3|2:4|2:9|3:0|3:1|3:2|3:9|4:2|4:9|5:1|5:2|5:9|6:1|6:9|7:9|8:8|8:9,2223
3546,5274,0.12239309827456857,3.0,3.0,0.0,3.0,49,victory,1,0,,0,38,30,0:0|0:4|0:5|0:6|0:7|1:0|1:4|1:7|1:8|1:9|2:0|2:2|2:3|2:4|2:9|3:0|3:1|3:2|3:9|4:2|4:9|5:1|5:2|5:8|5:9|6:1|6:9|7:9|8:8|8:9,2223
3547,5275,0.12214553638409609,3.0,3.0,0.0,3.0,47,victory,1,0,,0,35,30,0:0|0:4|0:5|0:6|0:7|1:0|1:4|1:7|1:8|1:9|2:0|2:2|2:3|2:4|2:9|3:0|3:1|3:2|3:4|3:9|4:2|4:9|5:1|5:2|5:9|6:1|6:9|7:9|8:8|8:9,2223
3548,5276,0.1218979744936235,3.0,3.0,0.0,3.0,36,victory,1,0,,0,34,29,0:0|0:4|0:5|0:6|0:7|1:0|1:4|1:7|1:8|1:9|2:0|2:2|2:3|2:4|2:9|3:0|3:1|3:2|3:9|4:2|4:9|5:1|5:2|5:9|6:1|6:9|7:9|8:8|8:9,2223
3549,5277,0.12165041260315079,3.0,3.0,0.0,3.0,57,victory,1,0,,0,37,29,0:0|0:4|0:5|0:6|0:7|1:0|1:4|1:7|1:8|1:9|2:0|2:2|2:3|2:4|2:9|3:0|3:1|3:2|3:9|4:2|4:9|5:1|5:2|5:9|6:1|6:9|7:9|8:8|8:9,2223
3550,5278,0.1214028507126782,3.0,3.0,0.0,3.0,62,victory,1,0,,0,44,36,0:0|0:1|0:2|0:4|0:5|0:6|0:7|1:0|1:2|1:4|1:7|1:8|1:9|2:0|2:2|2:4|2:9|3:0|3:1|3:2|3:4|3:9|4:2|4:3|4:4|4:9|5:1|5:2|5:8|5:9|6:1|6:9|7:9|8:8|8:9|9:9,2223
3551,5279,0.12115528882220561,3.0,3.0,0.0,3.0,45,victory,1,0,,0,36,31,0:0|0:4|0:5|0:6|0:7|1:0|1:4|1:7|1:8|1:9|2:0|2:2|2:3|2:4|2:9|3:0|3:1|3:2|3:9|4:2|4:8|4:9|5:1|5:2|5:8|5:9|6:1|6:9|7:9|8:8|8:9,2223
3552,5280,0.1209077269317329,3.0,3.0,0.0,3.0,62,victory,1,0,,0,42,32,0:0|0:4|0:5|0:6|0:7|1:0|1:4|1:7|1:8|1:9|2:0|2:2|2:3|2:4|2:9|3:0|3:1|3:2|3:4|3:9|4:2|4:4|4:9|5:1|5:2|5:4|5:9|6:1|6:9|7:9|8:8|8:9,2223
3553,5281,0.12066016504126031,1.0,1.0,0.0,1.0,22,death,0,1,monster,0,20,14,0:0|1:0|2:0|2:2|2:3|2:4|3:0|3:1|3:2|4:2|5:1|5:2|6:1|6:2,2223
3554,5282,0.12041260315078761,2.0,2.0,0.0,2.0,97,death,0,1,monster,0,49,35,0:0|0:4|0:5|0:6|0:7|1:0|1:4|1:7|1:8|1:9|2:0|2:2|2:3|2:4|2:9|3:0|3:1|3:2|3:8|3:9|4:2|4:6|4:7|4:8|4:9|5:1|5:2|5:6|5:9|6:1|6:6|6:7|6:8|6:9|7:9,2223
3555,5283,0.12016504126031502,3.0,3.0,0.0,3.0,79,victory,1,0,,0,47,36,0:0|0:1|0:2|0:4|0:5|0:6|0:7|1:0|1:2|1:4|1:6|1:7|1:8|1:9|2:0|2:2|2:3|2:4|2:9|3:0|3:1|3:2|3:9|4:2|4:3|4:9|5:0|5:1|5:2|5:9|6:1|6:2|6:9|7:9|8:8|8:9,2223
3556,5284,0.11991747936984254,3.0,3.0,0.0,3.0,54,victory,1,0,,0,34,29,0:0|0:4|0:5|0:6|0:7|0:8|1:0|1:4|1:8|2:0|2:2|2:3|2:4|2:8|2:9|3:0|3:1|3:2|3:9|4:2|4:9|5:1|5:2|5:9|6:1|6:9|7:9|8:8|8:9,2223
3557,5285,0.11966991747936984,3.0,3.0,0.0,3.0,37,victory,1,0,,0,34,29,0:0|0:4|0:5|0:6|0:7|1:0|1:4|1:7|1:8|1:9|2:0|2:2|2:3|2:4|2:9|3:0|3:1|3:2|3:9|4:2|4:9|5:1|5:2|5:9|6:1|6:9|7:9|8:8|8:9,2223
3558,5286,0.11942235558889724,3.0,3.0,0.0,3.0,78,victory,1,0,,0,47,35,0:0|0:1|0:2|0:4|0:5|0:6|0:7|0:8|1:0|1:2|1:4|1:8|1:9|2:0|2:2|2:3|2:4|2:9|3:0|3:1|3:2|3:8|3:9|4:2|4:8|4:9|5:1|5:2|5:8|5:9|6:1|6:9|7:9|8:8|8:9,2223
3559,5287,0.11917479369842465,3.0,3.0,0.0,3.0,35,victory,1,0,,0,34,29,0:0|0:4|0:5|0:6|0:7|1:0|1:4|1:7|1:8|1:9|2:0|2:2|2:3|2:4|2:9|3:0|3:1|3:2|3:9|4:2|4:9|5:1|5:2|5:9|6:1|6:9|7:9|8:8|8:9,2223
3560,5288,0.11892723180795195,3.0,3.0,0.0,3.0,40,victory,1,0,,0,35,30,0:0|0:4|0:5|0:6|0:7|1:0|1:2|1:4|1:7|1:8|1:9|2:0|2:2|2:3|2:4|2:9|3:0|3:1|3:2|3:9|4:2|4:9|5:1|5:2|5:9|6:1|6:9|7:9|8:8|8:9,2223
3561,5289,0.11867966991747936,3.0,3.0,0.0,3.0,40,victory,1,0,,0,35,31,0:0|0:4|0:5|0:6|0:7|1:0|1:4|1:7|1:8|1:9|2:0|2:2|2:3|2:4|2:9|3:0|3:1|3:2|3:9|4:2|4:8|4:9|5:1|5:2|5:8|5:9|6:1|6:9|7:9|8:8|8:9,2223
3562,5290,0.11843210802700677,3.0,3.0,0.0,3.0,47,victory,1,0,,0,38,29,0:0|0:4|0:5|0:6|0:7|1:0|1:4|1:7|1:8|1:9|2:0|2:2|2:3|2:4|2:9|3:0|3:1|3:2|3:9|4:2|4:9|5:1|5:2|5:9|6:1|6:9|7:9|8:8|8:9,2223
3563,5291,0.11818454613653406,3.0,3.0,0.0,3.0,36,victory,1,0,,0,35,30,0:0|0:4|0:5|0:6|0:7|1:0|1:4|1:7|1:8|1:9|2:0|2:2|2:3|2:4|2:9|3:0|3:1|3:2|3:4|3:9|4:2|4:9|5:1|5:2|5:9|6:1|6:9|7:9|8:8|8:9,2223
3564,5292,0.11793698424606158,3.0,3.0,0.0,3.0,132,victory,1,0,,0,49,32,0:0|0:1|0:2|0:4|0:5|0:6|0:7|0:8|1:0|1:2|1:4|1:8|1:9|2:0|2:2|2:3|2:4|2:9|3:0|3:1|3:2|3:9|4:2|4:9|5:1|5:2|5:9|6:1|6:9|7:9|8:8|8:9,2223
3565,5293,0.11768942235558899,3.0,3.0,0.0,3.0,106,victory,1,0,,0,61,40,0:0|0:4|0:5|0:6|0:7|0:8|0:9|1:0|1:2|1:4|1:6|1:7|1:8|1:9|2:0|2:2|2:3|2:4|2:8|2:9|3:0|3:1|3:2|3:8|3:9|4:2|4:8|4:9|5:1|5:2|5:8|5:9|6:1|6:7|6:8|6:9|7:8|7:9|8:8|8:9,2223
3566,5294,0.11744186046511629,2.0,2.0,0.0,2.0,133,death,0,1,monster,0,45,33,0:0|0:4|0:5|0:6|0:7|1:0|1:4|1:7|1:8|1:9|2:0|2:2|2:3|2:4|2:8|2:9|3:0|3:1|3:2|3:9|4:2|4:9|5:1|5:2|5:8|5:9|6:1|6:8|6:9|7:8|7:9|8:8|8:9,2223
3567,5295,0.1171942985746437,3.0,3.0,0.0,3.0,130,victory,1,0,,0,40,35,0:0|0:1|0:4|0:5|0:6|0:7|1:0|1:4|1:7|1:8|1:9|2:0|2:2|2:3|2:4|2:9|3:0|3:1|3:2|3:4|3:9|4:2|4:9|5:0|5:1|5:2|5:8|5:9|6:1|6:7|6:8|6:9|7:8|7:9|8:8,2223
3568,5296,0.1169467366841711,3.0,3.0,0.0,3.0,46,victory,1,0,,0,38,33,0:0|0:7|1:0|1:6|1:7|2:0|2:6|3:0|3:1|3:2|3:6|4:2|4:6|5:1|5:2|5:6|6:1|6:2|6:3|6:4|6:6|6:7|6:8|7:3|7:8|8:3|8:4|8:5|8:7|8:8|9:5|9:6|9:7,2223
3569,5297,0.1166991747936984,3.0,3.0,0.0,3.0,105,victory,1,0,,0,39,33,0:0|0:4|0:5|0:6|0:7|1:0|1:4|1:7|1:8|1:9|2:0|2:2|2:3|2:4|2:8|2:9|3:0|3:1|3:2|3:9|4:2|4:9|5:1|5:2|5:9|6:1|6:2|6:7|6:8|6:9|7:9|8:8|8:9,2223
3570,5298,0.11645161290322581,3.0,3.0,0.0,3.0,50,victory,1,0,,0,35,31,0:0|0:4|0:5|0:6|0:7|1:0|1:4|1:7|1:8|1:9|2:0|2:2|2:3|2:4|2:9|3:0|3:1|3:2|3:9|4:2|4:9|5:1|5:2|5:8|5:9|6:0|6:1|6:9|7:9|8:8|8:9,2223
3571,5299,0.11620405101275322,3.0,3.0,0.0,3.0,46,victory,1,0,,0,36,30,0:0|0:4|0:5|0:6|0:7|1:0|1:4|1:7|1:8|1:9|2:0|2:4|2:9|3:0|3:1|3:2|3:4|3:9|4:2|4:3|4:4|4:9|5:1|5:2|5:9|6:1|6:9|7:9|8:8|8:9,2223
3572,5300,0.11595648912228051,3.0,3.0,0.0,3.0,34,victory,1,0,,0,33,29,0:0|0:4|0:5|0:6|0:7|1:0|1:4|1:7|1:8|1:9|2:0|2:2|2:3|2:4|2:9|3:0|3:1|3:2|3:9|4:2|4:9|5:1|5:2|5:9|6:1|6:9|7:9|8:8|8:9,2223
3573,5301,0.11570892723180803,3.0,3.0,0.0,3.0,54,victory,1,0,,0,37,29,0:0|0:4|0:5|0:6|0:7|1:0|1:4|1:7|1:8|1:9|2:0|2:2|2:3|2:4|2:9|3:0|3:1|3:2|3:9|4:2|4:9|5:1|5:2|5:9|6:1|6:9|7:9|8:8|8:9,2223
3574,5302,0.11546136534133533,3.0,3.0,0.0,3.0,55,victory,1,0,,0,37,29,0:0|0:4|0:5|0:6|0:7|1:0|1:4|1:7|1:8|1:9|2:0|2:2|2:3|2:4|2:9|3:0|3:1|3:2|3:9|4:2|4:9|5:1|5:2|5:9|6:1|6:9|7:9|8:8|8:9,2223
3575,5303,0.11521380345086274,3.0,3.0,0.0,3.0,86,victory,1,0,,0,47,32,0:0|0:1|0:2|0:4|0:5|0:6|0:7|1:0|1:2|1:4|1:7|1:8|1:9|2:0|2:2|2:3|2:4|2:9|3:0|3:1|3:2|3:9|4:2|4:9|5:1|5:2|5:9|6:1|6:9|7:9|8:8|8:9,2223
3576,5304,0.11496624156039015,3.0,3.0,0.0,3.0,40,victory,1,0,,0,37,31,0:0|0:4|0:5|0:6|0:7|0:8|0:9|1:0|1:4|1:7|1:8|1:9|2:0|2:2|2:3|2:4|2:9|3:0|3:1|3:2|3:9|4:2|4:9|5:1|5:2|5:9|6:1|6:9|7:9|8:8|8:9,2223
3577,5305,0.11471867966991744,3.0,3.0,0.0,3.0,39,victory,1,0,,0,35,29,0:0|0:4|0:5|0:6|0:7|1:0|1:4|1:7|1:8|1:9|2:0|2:2|2:3|2:4|2:9|3:0|3:1|3:2|3:9|4:2|4:9|5:1|5:2|5:9|6:1|6:9|7:9|8:8|8:9,2223
3578,5306,0.11447111777944485,3.0,3.0,0.0,3.0,44,victory,1,0,,0,37,31,0:0|0:4|0:5|0:6|0:7|1:0|1:4|1:7|1:8|1:9|2:0|2:2|2:3|2:4|2:9|3:0|3:1|3:2|3:4|3:9|4:2|4:4|4:9|5:1|5:2|5:9|6:1|6:9|7:9|8:8|8:9,2223
3579,5307,0.11422355588897226,3.0,3.0,0.0,3.0,57,victory,1,0,,0,38,29,0:0|0:4|0:5|0:6|0:7|1:0|1:4|1:7|1:8|2:0|2:2|2:3|2:4|2:8|2:9|3:0|3:1|3:2|3:9|4:2|4:9|5:1|5:2|5:9|6:1|6:9|7:9|8:8|8:9,2223
3580,5308,0.11397599399849956,3.0,3.0,0.0,3.0,35,victory,1,0,,0,34,29,0:0|0:4|0:5|0:6|0:7|1:0|1:4|1:7|1:8|1:9|2:0|2:2|2:3|2:4|2:9|3:0|3:1|3:2|3:9|4:2|4:9|5:1|5:2|5:9|6:1|6:9|7:9|8:8|8:9,2223
3581,5309,0.11372843210802697,3.0,3.0,0.0,3.0,48,victory,1,0,,0,40,34,0:0|0:1|0:2|0:4|0:5|0:6|0:7|0:8|1:0|1:2|1:4|1:8|1:9|2:0|2:2|2:4|2:9|3:0|3:1|3:2|3:4|3:9|4:2|4:3|4:4|4:9|5:1|5:2|5:9|6:1|6:9|7:9|8:8|8:9,2223
3582,5310,0.11348087021755449,3.0,3.0,0.0,3.0,36,victory,1,0,,0,34,29,0:0|0:4|0:5|0:6|0:7|1:0|1:4|1:7|1:8|1:9|2:0|2:2|2:3|2:4|2:9|3:0|3:1|3:2|3:9|4:2|4:9|5:1|5:2|5:9|6:1|6:9|7:9|8:8|8:9,2223
3583,5311,0.11323330832708178,3.0,3.0,0.0,3.0,42,victory,1,0,,0,36,32,0:0|0:4|0:5|0:6|0:7|1:0|1:4|1:7|1:8|1:9|2:0|2:2|2:3|2:4|2:9|3:0|3:1|3:2|3:9|4:2|4:8|4:9|5:1|5:2|5:8|5:9|6:1|6:2|6:9|7:9|8:8|8:9,2223
3584,5312,0.11298574643660919,3.0,3.0,0.0,3.0,45,victory,1,0,,0,35,30,0:0|0:1|0:4|0:5|0:6|0:7|1:0|1:4|1:7|1:8|1:9|2:0|2:2|2:3|2:4|2:9|3:0|3:1|3:2|3:9|4:2|4:9|5:1|5:2|5:9|6:1|6:9|7:9|8:8|8:9,2223
3585,5313,0.1127381845461366,3.0,3.0,0.0,3.0,36,victory,1,0,,0,34,30,0:0|0:4|0:5|0:6|0:7|1:0|1:2|1:4|1:7|1:8|1:9|2:0|2:2|2:3|2:4|2:9|3:0|3:1|3:2|3:9|4:2|4:9|5:1|5:2|5:9|6:1|6:9|7:9|8:8|8:9,2223
3586,5314,0.1124906226556639,3.0,3.0,0.0,3.0,53,victory,1,0,,0,40,29,0:0|0:4|0:5|0:6|0:7|1:0|1:4|1:7|1:8|1:9|2:0|2:2|2:3|2:4|2:9|3:0|3:1|3:2|3:9|4:2|4:9|5:1|5:2|5:9|6:1|6:9|7:9|8:8|8:9,2223
3587,5315,0.1122430607651913,3.0,3.0,0.0,3.0,48,victory,1,0,,0,41,35,0:0|0:6|0:7|0:8|0:9|1:0|1:6|1:7|1:8|1:9|2:0|2:2|2:3|2:4|2:6|2:9|3:0|3:1|3:2|3:4|3:5|3:6|3:9|4:2|4:8|4:9|5:1|5:2|5:8|5:9|6:1|6:9|7:9|8:8|8:9,2223
3588,5316,0.11199549887471871,3.0,3.0,0.0,3.0,48,victory,1,0,,0,35,30,0:0|0:4|0:5|0:6|0:7|1:0|1:4|1:7|1:8|1:9|2:0|2:2|2:3|2:4|2:9|3:0|3:1|3:2|3:9|4:2|4:9|5:0|5:1|5:2|5:9|6:1|6:9|7:9|8:8|8:9,2223
3589,5317,0.11174793698424601,3.0,3.0,0.0,3.0,54,victory,1,0,,0,39,30,0:0|0:4|0:5|0:6|0:7|1:0|1:4|1:7|1:8|1:9|2:0|2:2|2:3|2:4|2:9|3:0|3:1|3:2|3:9|4:2|4:3|4:9|5:1|5:2|5:9|6:1|6:9|7:9|8:8|8:9,2223
3590,5318,0.11150037509377342,3.0,3.0,0.0,3.0,33,victory,1,0,,0,33,29,0:0|0:4|0:5|0:6|0:7|1:0|1:4|1:7|1:8|1:9|2:0|2:2|2:3|2:4|2:9|3:0|3:1|3:2|3:9|4:2|4:9|5:1|5:2|5:9|6:1|6:9|7:9|8:8|8:9,2223
3591,5319,0.11125281320330083,3.0,3.0,0.0,3.0,50,victory,1,0,,0,39,30,0:0|0:4|0:5|0:6|0:7|0:8|1:0|1:4|1:8|1:9|2:0|2:2|2:3|2:4|2:9|3:0|3:1|3:2|3:4|3:9|4:2|4:9|5:1|5:2|5:9|6:1|6:9|7:9|8:8|8:9,2223
3592,5320,0.11100525131282823,3.0,3.0,0.0,3.0,37,victory,1,0,,0,34,29,0:0|0:4|0:5|0:6|0:7|1:0|1:4|1:7|1:8|1:9|2:0|2:2|2:3|2:4|2:9|3:0|3:1|3:2|3:9|4:2|4:9|5:1|5:2|5:9|6:1|6:9|7:9|8:8|8:9,2223
3593,5321,0.11075768942235564,3.0,3.0,0.0,3.0,157,victory,1,0,,0,73,36,0:0|0:4|0:5|0:6|0:7|0:8|0:9|1:0|1:4|1:6|1:7|1:8|1:9|2:0|2:2|2:3|2:4|2:8|2:9|3:0|3:1|3:2|3:8|3:9|4:2|4:3|4:9|5:1|5:2|5:9|6:1|6:9|7:9|8:8|8:9|9:9,2223
3594,5322,0.11051012753188294,2.0,2.0,0.0,2.0,73,death,0,1,monster,0,45,33,0:0|0:4|0:5|0:6|0:7|1:0|1:4|1:7|1:8|1:9|2:0|2:2|2:3|2:4|2:8|2:9|3:0|3:1|3:2|3:8|3:9|4:2|4:8|4:9|5:1|5:2|5:8|5:9|6:1|6:6|6:7|6:8|6:9,2223
3595,5323,0.11026256564141035,3.0,3.0,0.0,3.0,39,victory,1,0,,0,37,33,0:0|0:4|0:5|0:6|0:7|1:0|1:4|1:6|1:7|2:0|2:2|2:3|2:4|2:6|3:0|3:1|3:2|3:6|3:8|3:9|4:2|4:6|4:7|4:8|4:9|5:1|5:2|5:9|6:1|6:9|7:9|8:8|8:9,2223
3596,5324,0.11001500375093776,3.0,3.0,0.0,3.0,40,victory,1,0,,0,34,29,0:0|0:4|0:5|0:6|0:7|0:8|1:0|1:4|1:8|1:9|2:0|2:2|2:3|2:4|2:9|3:0|3:1|3:2|3:9|4:2|4:9|5:1|5:2|5:9|6:1|6:9|7:9|8:8|8:9,2223
3597,5325,0.10976744186046505,3.0,3.0,0.0,3.0,170,victory,1,0,,0,74,37,0:0|0:4|0:5|0:6|0:7|0:8|0:9|1:0|1:4|1:6|1:7|1:8|1:9|2:0|2:2|2:3|2:4|2:8|2:9|3:0|3:1|3:2|3:8|3:9|4:2|4:8|4:9|5:1|5:2|5:8|5:9|6:1|6:8|6:9|7:9|8:8|8:9,2223
3598,5326,0.10951987996999246,3.0,3.0,0.0,3.0,69,victory,1,0,,0,39,32,0:0|0:1|0:2|0:4|0:5|0:6|0:7|1:0|1:2|1:4|1:7|1:8|1:9|2:0|2:2|2:3|2:4|2:9|3:0|3:1|3:2|3:9|4:2|4:9|5:1|5:2|5:9|6:1|6:9|7:8|7:9|8:8,2223
3599,5327,0.10927231807951987,1.0,1.0,0.0,1.0,19,death,0,1,monster,0,17,13,0:0|1:0|2:0|2:2|2:3|2:4|3:0|3:1|3:2|4:2|5:1|5:2|6:1,2223
3600,5328,0.10902475618904728,3.0,3.0,0.0,3.0,53,victory,1,0,,0,39,30,0:0|0:4|0:5|0:6|0:7|1:0|1:4|1:6|1:7|1:8|2:0|2:2|2:3|2:4|2:8|3:0|3:1|3:2|3:8|4:2|4:8|5:1|5:2|5:8|5:9|6:1|6:9|7:8|7:9|8:8,2223
3601,5329,0.10877719429857469,3.0,3.0,0.0,3.0,35,victory,1,0,,0,34,30,0:0|0:1|0:4|0:5|0:6|0:7|1:0|1:4|1:7|1:8|1:9|2:0|2:2|2:3|2:4|2:9|3:0|3:1|3:2|3:9|4:2|4:9|5:1|5:2|5:9|6:1|6:9|7:8|7:9|8:8,2223
3602,5330,0.1085296324081021,2.0,2.0,0.0,2.0,34,death,0,1,monster,0,30,24,0:0|0:4|0:5|0:6|0:7|1:0|1:4|1:7|1:8|1:9|2:0|2:2|2:3|2:4|2:8|2:9|3:0|3:1|3:2|3:9|4:2|5:1|5:2|6:1,2223
3603,5331,0.10828207051762939,3.0,3.0,0.0,3.0,112,victory,1,0,,0,47,39,0:0|0:4|0:5|0:6|0:7|0:8|0:9|1:0|1:4|1:6|1:7|1:8|1:9|2:0|2:2|2:3|2:4|2:6|2:8|2:9|3:0|3:1|3:2|3:6|3:8|3:9|4:2|4:6|4:7|4:8|5:1|5:2|5:8|5:9|6:1|6:9|7:8|7:9|8:8,2223
3604,5332,0.1080345086271568,3.0,3.0,0.0,3.0,137,victory,1,0,,0,37,33,0:0|0:2|0:4|0:5|0:6|0:7|0:8|0:9|1:0|1:2|1:4|1:7|1:8|1:9|2:0|2:2|2:3|2:4|2:9|3:0|3:1|3:2|3:9|4:2|4:9|5:1|5:2|5:9|6:1|6:9|7:8|7:9|8:8,2223
3605,5333,0.10778694673668421,3.0,3.0,0.0,3.0,137,victory,1,0,,0,63,34,0:0|0:4|0:5|0:6|0:7|0:8|0:9|1:0|1:4|1:7|1:8|1:9|2:0|2:2|2:3|2:4|2:8|2:9|3:0|3:1|3:2|3:8|3:9|4:2|4:3|4:9|5:1|5:2|5:9|6:1|6:9|7:8|7:9|8:8,2223
3606,5334,0.1075393848462115,3.0,3.0,0.0,3.0,62,victory,1,0,,0,39,30,0:0|0:4|0:5|0:6|0:7|1:0|1:4|1:7|1:8|1:9|2:0|2:2|2:3|2:4|2:8|2:9|3:0|3:1|3:2|3:9|4:2|4:9|5:1|5:2|5:9|6:1|6:9|7:8|7:9|8:8,2223
3607,5335,0.10729182295573891,1.0,1.0,0.0,1.0,30,death,0,1,monster,0,26,20,0:0|0:4|0:5|0:6|1:0|1:4|1:6|2:0|2:2|2:3|2:4|3:0|3:1|3:2|3:4|4:2|4:4|5:1|5:2|6:1,2223
3608,5336,0.10704426106526632,3.0,3.0,0.0,3.0,39,victory,1,0,,0,35,30,0:0|0:1|0:4|0:5|0:6|0:7|1:0|1:4|1:7|1:8|1:9|2:0|2:2|2:3|2:4|2:9|3:0|3:1|3:2|3:9|4:2|4:9|5:1|5:2|5:9|6:1|6:9|7:8|7:9|8:8,2223
3609,5337,0.10679669917479373,0.0,0.0,0.0,0.0,180,death,0,1,monster,0,26,17,0:0|0:1|0:2|1:0|1:2|1:4|2:0|2:2|2:3|2:4|3:0|3:1|3:2|3:4|4:2|4:3|4:4,2223
3610,5338,0.10654913728432114,1.0,1.0,0.0,1.0,350,truncated,0,0,,1,20,13,0:0|0:1|1:0|1:2|2:0|2:2|3:0|3:1|3:2|4:2|5:1|5:2|6:1,2223
3611,5339,0.10630157539384844,3.0,3.0,0.0,3.0,44,victory,1,0,,0,33,29,0:0|0:4|0:5|0:6|0:7|1:0|1:4|1:7|1:8|1:9|2:0|2:2|2:3|2:4|2:9|3:0|3:1|3:2|3:9|4:2|4:9|5:1|5:2|5:9|6:1|6:9|7:8|7:9|8:8,2223
3612,5340,0.10605401350337584,3.0,3.0,0.0,3.0,84,victory,1,0,,0,39,32,0:0|0:4|0:5|0:6|0:7|1:0|1:4|1:7|1:8|1:9|2:0|2:2|2:3|2:4|2:9|3:0|3:1|3:2|3:8|3:9|4:2|4:8|4:9|5:1|5:2|5:8|5:9|6:1|6:9|7:9|8:8|8:9,2223
3613,5341,0.10580645161290325,3.0,3.0,0.0,3.0,61,victory,1,0,,0,42,30,0:0|0:4|0:5|0:6|0:7|1:0|1:4|1:7|1:8|1:9|2:0|2:2|2:3|2:4|2:9|3:0|3:1|3:2|3:9|4:2|4:3|4:9|5:1|5:2|5:9|6:1|6:9|7:8|7:9|8:8,2223
3614,5342,0.10555888972243055,3.0,3.0,0.0,3.0,96,victory,1,0,,0,43,31,0:0|0:1|0:2|0:4|0:5|0:6|0:7|1:0|1:2|1:4|1:7|1:8|1:9|2:0|2:2|2:3|2:4|2:9|3:0|3:2|3:9|4:2|4:9|5:1|5:2|5:9|6:1|6:9|7:8|7:9|8:8,2223
3615,5343,0.10531132783195796,3.0,3.0,0.0,3.0,73,victory,1,0,,0,37,31,0:0|0:1|0:6|0:7|1:0|1:6|1:7|1:8|1:9|2:0|2:6|2:9|3:0|3:1|3:2|3:6|3:9|4:2|4:3|4:4|4:5|4:6|4:9|5:1|5:2|5:9|6:1|6:9|7:8|7:9|8:8,2223
3616,5344,0.10506376594148537,3.0,3.0,0.0,3.0,74,victory,1,0,,0,34,30,0:0|0:4|0:5|0:6|0:7|1:0|1:4|1:7|1:8|1:9|2:0|2:2|2:3|2:4|2:9|3:0|3:1|3:2|3:9|4:2|4:9|5:1|5:2|5:9|6:1|6:8|6:9|7:8|7:9|8:8,2223
3617,5345,0.10481620405101277,3.0,3.0,0.0,3.0,34,victory,1,0,,0,33,29,0:0|0:4|0:5|0:6|0:7|1:0|1:4|1:7|1:8|1:9|2:0|2:2|2:3|2:4|2:9|3:0|3:1|3:2|3:9|4:2|4:9|5:1|5:2|5:9|6:1|6:9|7:8|7:9|8:8,2223
3618,5346,0.10456864216054018,3.0,3.0,0.0,3.0,135,victory,1,0,,0,62,38,0:0|0:4|0:5|0:6|0:7|1:0|1:2|1:4|1:6|1:7|1:8|1:9|2:0|2:2|2:3|2:4|2:9|3:0|3:1|3:2|3:4|3:9|4:2|4:3|4:4|4:9|5:0|5:1|5:2|5:9|6:0|6:1|6:8|6:9|7:0|7:8|7:9|8:8,2223
3619,5347,0.10432108027006759,3.0,3.0,0.0,3.0,50,victory,1,0,,0,39,32,0:0|0:4|0:5|0:6|0:7|0:8|0:9|1:0|1:4|1:7|1:8|1:9|2:0|2:2|2:3|2:4|2:9|3:0|3:1|3:2|3:9|4:2|4:9|5:1|5:2|5:9|6:1|6:2|6:9|7:8|7:9|8:8,2223
3620,5348,0.10407351837959489,3.0,3.0,0.0,3.0,39,victory,1,0,,0,34,29,0:0|0:4|0:5|0:6|0:7|1:0|1:4|1:7|1:8|1:9|2:0|2:2|2:3|2:4|2:9|3:0|3:1|3:2|3:9|4:2|4:9|5:1|5:2|5:9|6:1|6:9|7:8|7:9|8:8,2223
3621,5349,0.1038259564891223,0.0,0.0,0.0,0.0,38,death,0,1,monster,0,16,8,0:0|1:0|2:0|3:0|3:1|3:2|4:2|4:3,2223
3622,5350,0.1035783945986497,3.0,3.0,0.0,3.0,177,victory,1,0,,0,52,35,0:0|0:1|0:2|0:4|0:5|0:6|0:7|1:0|1:2|1:4|1:7|1:8|1:9|2:0|2:2|2:3|2:4|2:9|3:0|3:1|3:2|3:9|4:2|4:3|4:9|5:0|5:1|5:2|5:9|6:1|6:2|6:9|7:8|7:9|8:8,2223
3623,5351,0.103330832708177,2.0,2.0,0.0,2.0,350,truncated,0,0,,1,59,39,0:0|0:1|0:4|0:5|0:6|0:7|1:0|1:4|1:7|1:8|1:9|2:0|2:2|2:3|2:4|2:8|2:9|3:0|3:1|3:2|3:8|3:9|4:2|4:7|4:8|4:9|5:0|5:1|5:2|5:8|5:9|6:0|6:1|6:2|6:6|6:7|6:8|6:9|7:9,2223
3624,5352,0.10308327081770441,3.0,3.0,0.0,3.0,97,victory,1,0,,0,36,32,0:0|0:1|0:4|0:5|0:6|0:7|1:0|1:4|1:7|1:8|1:9|2:0|2:2|2:3|2:4|2:9|3:0|3:1|3:2|3:9|4:2|4:9|5:1|5:2|5:9|6:0|6:1|6:2|6:9|7:8|7:9|8:8,2223
3625,5353,0.10283570892723182,3.0,3.0,0.0,3.0,60,victory,1,0,,0,36,32,0:0|0:1|0:4|0:5|0:6|0:7|0:8|0:9|1:0|1:4|1:7|1:8|1:9|2:0|2:2|2:3|2:4|2:9|3:0|3:1|3:2|3:9|4:2|4:9|5:1|5:2|5:9|6:1|6:9|7:8|7:9|8:8,2223
3626,5354,0.10258814703675923,3.0,3.0,0.0,3.0,86,victory,1,0,,0,47,35,0:0|0:1|0:4|0:5|0:6|0:7|0:8|0:9|1:0|1:4|1:6|1:7|1:8|1:9|2:0|2:2|2:3|2:4|2:8|2:9|3:0|3:1|3:2|3:9|4:2|4:9|5:1|5:2|5:9|6:1|6:2|6:9|7:8|7:9|8:8,2223
3627,5355,0.10234058514628663,3.0,3.0,0.0,3.0,37,victory,1,0,,0,33,29,0:0|0:4|0:5|0:6|0:7|1:0|1:4|1:7|1:8|1:9|2:0|2:2|2:3|2:4|2:9|3:0|3:1|3:2|3:9|4:2|4:9|5:1|5:2|5:9|6:1|6:9|7:8|7:9|8:8,2223
3628,5356,0.10209302325581404,3.0,3.0,0.0,3.0,51,victory,1,0,,0,41,34,0:0|0:4|0:5|0:6|0:7|1:0|1:4|1:7|1:8|1:9|2:0|2:2|2:3|2:4|2:9|3:0|3:1|3:2|3:8|3:9|4:2|4:8|4:9|5:1|5:2|5:8|5:9|6:1|6:2|6:8|6:9|7:9|8:8|8:9,2223
3629,5357,0.10184546136534134,3.0,3.0,0.0,3.0,89,victory,1,0,,0,37,32,0:0|0:4|0:5|0:6|0:7|1:0|1:4|1:7|1:8|1:9|2:0|2:2|2:3|2:4|2:8|2:9|3:0|3:1|3:2|3:9|4:2|4:3|4:9|5:1|5:2|5:8|5:9|6:1|6:9|7:8|7:9|8:8,2223
3630,5358,0.10159789947486875,3.0,3.0,0.0,3.0,80,victory,1,0,,0,52,33,0:0|0:7|1:0|1:2|1:6|1:7|1:8|1:9|2:0|2:2|2:3|2:6|2:9|3:0|3:1|3:2|3:4|3:6|3:9|4:2|4:3|4:4|4:5|4:6|4:9|5:1|5:2|5:9|6:1|6:9|7:8|7:9|8:8,2223
3631,5359,0.10135033758439604,3.0,3.0,0.0,3.0,34,victory,1,0,,0,34,29,0:0|0:4|0:5|0:6|0:7|1:0|1:4|1:7|1:8|1:9|2:0|2:2|2:3|2:4|2:9|3:0|3:1|3:2|3:9|4:2|4:9|5:1|5:2|5:9|6:1|6:9|7:8|7:9|8:8,2223
3632,5360,0.10110277569392345,3.0,3.0,0.0,3.0,39,victory,1,0,,0,34,30,0:0|0:4|0:5|0:6|0:7|1:0|1:4|1:7|1:8|1:9|2:0|2:4|2:9|3:0|3:1|3:2|3:4|3:9|4:2|4:3|4:4|4:9|5:1|5:2|5:9|6:1|6:9|7:8|7:9|8:8,2223
3633,5361,0.10085521380345086,3.0,3.0,0.0,3.0,55,victory,1,0,,0,42,32,0:0|0:2|0:4|0:5|0:6|0:7|0:8|1:0|1:2|1:4|1:7|1:8|1:9|2:0|2:2|2:3|2:4|2:9|3:0|3:1|3:2|3:9|4:2|4:9|5:1|5:2|5:9|6:1|6:9|7:8|7:9|8:8,2223
3634,5362,0.10060765191297816,3.0,3.0,0.0,3.0,51,victory,1,0,,0,34,30,0:0|0:4|0:5|0:6|0:7|0:8|1:0|1:4|1:8|1:9|2:0|2:2|2:3|2:4|2:9|3:0|3:1|3:2|3:9|4:2|4:9|5:1|5:2|5:9|6:1|6:8|6:9|7:8|7:9|8:8,2223
3635,5363,0.10036009002250568,3.0,3.0,0.0,3.0,38,victory,1,0,,0,36,32,0:0|0:4|0:5|0:6|0:7|0:8|1:0|1:4|1:8|1:9|2:0|2:2|2:3|2:4|2:8|2:9|3:0|3:1|3:2|3:8|3:9|4:2|4:8|4:9|5:1|5:2|5:9|6:1|6:9|7:8|7:9|8:8,2223
3636,5364,0.10011252813203309,3.0,3.0,0.0,3.0,47,victory,1,0,,0,40,33,0:0|0:7|0:8|1:0|1:2|1:6|1:7|1:8|1:9|2:0|2:2|2:6|2:9|3:0|3:1|3:2|3:4|3:6|3:9|4:2|4:3|4:4|4:5|4:6|4:9|5:1|5:2|5:9|6:1|6:9|7:8|7:9|8:8,2223
3637,5365,0.09986496624156038,3.0,3.0,0.0,3.0,32,victory,1,0,,0,33,29,0:0|0:4|0:5|0:6|0:7|0:8|1:0|1:4|1:8|1:9|2:0|2:2|2:3|2:4|2:9|3:0|3:1|3:2|3:9|4:2|4:9|5:1|5:2|5:9|6:1|6:9|7:8|7:9|8:8,2223
3638,5366,0.09961740435108779,2.0,2.0,0.0,2.0,70,death,0,1,monster,0,40,26,0:0|0:4|0:5|0:6|0:7|0:8|1:0|1:4|1:8|1:9|2:0|2:2|2:3|2:4|2:9|3:0|3:1|3:2|3:8|3:9|4:2|4:9|5:1|5:2|5:9|6:1,2223
3639,5367,0.0993698424606152,3.0,3.0,0.0,3.0,185,victory,1,0,,0,58,32,0:0|0:4|0:5|0:6|0:7|1:0|1:4|1:6|1:7|1:8|1:9|2:0|2:2|2:3|2:4|2:8|2:9|3:0|3:1|3:2|3:8|3:9|4:2|4:9|5:1|5:2|5:9|6:1|6:9|7:8|7:9|8:8,2223
3640,5368,0.0991222805701425,3.0,3.0,0.0,3.0,201,victory,1,0,,0,64,35,0:0|0:1|0:2|0:4|0:5|0:6|0:7|0:8|1:0|1:2|1:4|1:8|1:9|2:0|2:2|2:3|2:4|2:9|3:0|3:1|3:2|3:4|3:8|3:9|4:2|4:9|5:1|5:2|5:9|6:1|6:8|6:9|7:8|7:9|8:8,2223
3641,5369,0.0988747186796699,3.0,3.0,0.0,3.0,65,victory,1,0,,0,39,30,0:0|0:4|0:5|0:6|0:7|0:8|1:0|1:4|1:8|1:9|2:0|2:2|2:3|2:4|2:9|3:0|3:1|3:2|3:4|3:9|4:2|4:9|5:1|5:2|5:9|6:1|6:9|7:8|7:9|8:8,2223
3642,5370,0.09862715678919731,3.0,3.0,0.0,3.0,36,victory,1,0,,0,33,29,0:0|0:4|0:5|0:6|0:7|0:8|1:0|1:4|1:8|1:9|2:0|2:2|2:3|2:4|2:9|3:0|3:1|3:2|3:9|4:2|4:9|5:1|5:2|5:9|6:1|6:9|7:8|7:9|8:8,2223
3643,5371,0.09837959489872461,3.0,3.0,0.0,3.0,56,victory,1,0,,0,44,30,0:0|0:4|0:5|0:6|0:7|0:8|1:0|1:4|1:8|1:9|2:0|2:2|2:3|2:4|2:9|3:0|3:1|3:2|3:9|4:2|4:3|4:9|5:1|5:2|5:9|6:1|6:9|7:8|7:9|8:8,2223
3644,5372,0.09813203300825213,3.0,3.0,0.0,3.0,178,victory,1,0,,0,43,30,0:0|0:4|0:5|0:6|0:7|0:8|1:0|1:2|1:4|1:8|1:9|2:0|2:2|2:3|2:4|2:9|3:0|3:1|3:2|3:9|4:2|4:9|5:1|5:2|5:9|6:1|6:9|7:8|7:9|8:8,2223
3645,5373,0.09788447111777954,3.0,3.0,0.0,3.0,40,victory,1,0,,0,34,30,0:0|0:4|0:5|0:6|0:7|0:8|1:0|1:4|1:8|1:9|2:0|2:2|2:3|2:4|2:9|3:0|3:1|3:2|3:9|4:2|4:3|4:9|5:1|5:2|5:9|6:1|6:9|7:8|7:9|8:8,2223
3646,5374,0.09763690922730683,3.0,3.0,0.0,3.0,42,victory,1,0,,0,35,30,0:0|0:4|0:5|0:6|0:7|0:8|1:0|1:4|1:8|1:9|2:0|2:2|2:3|2:4|2:9|3:0|3:1|3:2|3:4|3:9|4:2|4:9|5:1|5:2|5:9|6:1|6:9|7:8|7:9|8:8,2223
3647,5375,0.09738934733683424,3.0,3.0,0.0,3.0,35,victory,1,0,,0,33,29,0:0|0:4|0:5|0:6|0:7|0:8|1:0|1:4|1:8|1:9|2:0|2:2|2:3|2:4|2:9|3:0|3:1|3:2|3:9|4:2|4:9|5:1|5:2|5:9|6:1|6:9|7:8|7:9|8:8,2223
3648,5376,0.09714178544636154,3.0,3.0,0.0,3.0,61,victory,1,0,,0,45,34,0:0|0:2|0:4|0:5|0:6|0:7|0:8|1:0|1:2|1:4|1:8|1:9|2:0|2:2|2:3|2:4|2:9|3:0|3:1|3:2|3:4|3:9|4:2|4:3|4:4|4:9|5:1|5:2|5:9|6:1|6:9|7:8|7:9|8:8,2223
3649,5377,0.09689422355588895,3.0,3.0,0.0,3.0,37,victory,1,0,,0,33,29,0:0|0:4|0:5|0:6|0:7|0:8|1:0|1:4|1:8|1:9|2:0|2:2|2:3|2:4|2:9|3:0|3:1|3:2|3:9|4:2|4:9|5:1|5:2|5:9|6:1|6:9|7:8|7:9|8:8,2223
3650,5378,0.09664666166541636,3.0,3.0,0.0,3.0,81,victory,1,0,,0,37,29,0:0|0:4|0:5|0:6|0:7|0:8|1:0|1:4|1:8|1:9|2:0|2:2|2:3|2:4|2:9|3:0|3:1|3:2|3:9|4:2|4:9|5:1|5:2|5:9|6:1|6:9|7:8|7:9|8:8,2223
3651,5379,0.09639909977494365,0.0,0.0,0.0,0.0,36,death,0,1,monster,0,17,11,0:0|0:1|0:2|1:0|1:2|2:0|2:2|2:3|3:0|3:1|3:2,2223
3652,5380,0.09615153788447106,3.0,3.0,0.0,3.0,72,victory,1,0,,0,37,30,0:0|0:4|0:5|0:6|0:7|0:8|1:0|1:4|1:8|1:9|2:0|2:2|2:3|2:4|2:9|3:0|3:1|3:2|3:4|3:9|4:2|4:9|5:1|5:2|5:9|6:1|6:9|7:8|7:9|8:8,2223
3653,5381,0.09590397599399858,3.0,3.0,0.0,3.0,99,victory,1,0,,0,44,32,0:0|0:4|0:5|0:6|0:7|0:8|1:0|1:4|1:8|1:9|2:0|2:2|2:3|2:4|2:9|3:0|3:1|3:2|3:4|3:9|4:2|4:3|4:4|4:9|5:1|5:2|5:9|6:1|6:9|7:8|7:9|8:8,2223
3654,5382,0.09565641410352588,3.0,3.0,0.0,3.0,39,victory,1,0,,0,34,29,0:0|0:4|0:5|0:6|0:7|0:8|1:0|1:4|1:8|1:9|2:0|2:2|2:3|2:4|2:9|3:0|3:1|3:2|3:9|4:2|4:9|5:1|5:2|5:9|6:1|6:9|7:8|7:9|8:8,2223
3655,5383,0.09540885221305329,3.0,3.0,0.0,3.0,44,victory,1,0,,0,34,29,0:0|0:4|0:5|0:6|0:7|0:8|1:0|1:4|1:8|1:9|2:0|2:2|2:3|2:4|2:9|3:0|3:1|3:2|3:9|4:2|4:9|5:1|5:2|5:9|6:1|6:9|7:8|7:9|8:8,2223
3656,5384,0.0951612903225807,3.0,3.0,0.0,3.0,143,victory,1,0,,0,51,32,0:0|0:1|0:2|0:4|0:5|0:6|0:7|0:8|1:0|1:2|1:4|1:8|1:9|2:0|2:2|2:3|2:4|2:9|3:0|3:1|3:2|3:9|4:2|4:9|5:1|5:2|5:9|6:1|6:9|7:8|7:9|8:8,2223
3657,5385,0.09491372843210799,3.0,3.0,0.0,3.0,77,victory,1,0,,0,43,30,0:0|0:4|0:5|0:6|0:7|0:8|0:9|1:0|1:4|1:8|2:0|2:2|2:3|2:4|2:8|2:9|3:0|3:1|3:2|3:9|4:2|4:9|5:1|5:2|5:9|6:1|6:9|7:8|7:9|8:8,2223
3658,5386,0.0946661665416354,3.0,3.0,0.0,3.0,50,victory,1,0,,0,39,30,0:0|0:4|0:5|0:6|0:7|0:8|1:0|1:4|1:8|1:9|2:0|2:2|2:3|2:4|2:9|3:0|3:1|3:2|3:9|4:2|4:9|5:1|5:2|5:9|6:1|6:8|6:9|7:8|7:9|8:8,2223
3659,5387,0.09441860465116281,3.0,3.0,0.0,3.0,44,victory,1,0,,0,36,29,0:0|0:4|0:5|0:6|0:7|1:0|1:4|1:7|1:8|1:9|2:0|2:2|2:3|2:4|2:9|3:0|3:1|3:2|3:9|4:2|4:9|5:1|5:2|5:9|6:1|6:9|7:8|7:9|8:8,2223
3660,5388,0.0941710427606901,3.0,3.0,0.0,3.0,40,victory,1,0,,0,35,29,0:0|0:4|0:5|0:6|0:7|0:8|1:0|1:4|1:8|1:9|2:0|2:2|2:3|2:4|2:9|3:0|3:1|3:2|3:9|4:2|4:9|5:1|5:2|5:9|6:1|6:9|7:8|7:9|8:8,2223
3661,5389,0.09392348087021762,3.0,3.0,0.0,3.0,44,victory,1,0,,0,37,29,0:0|0:4|0:5|0:6|0:7|0:8|1:0|1:4|1:8|1:9|2:0|2:2|2:3|2:4|2:9|3:0|3:1|3:2|3:9|4:2|4:9|5:1|5:2|5:9|6:1|6:9|7:8|7:9|8:8,2223
3662,5390,0.09367591897974503,3.0,3.0,0.0,3.0,52,victory,1,0,,0,48,40,0:0|0:4|0:5|0:6|0:7|0:8|0:9|1:0|1:4|1:6|1:7|1:8|1:9|2:0|2:2|2:3|2:4|2:6|2:8|2:9|3:0|3:1|3:2|3:6|3:8|3:9|4:2|4:6|4:7|4:8|5:1|5:2|5:6|5:8|5:9|6:1|6:9|7:8|7:9|8:8,2223
3663,5391,0.09342835708927233,3.0,3.0,0.0,3.0,37,victory,1,0,,0,35,31,0:0|0:4|0:5|0:6|0:7|0:8|1:0|1:4|1:8|1:9|2:0|2:2|2:3|2:4|2:8|2:9|3:0|3:1|3:2|3:9|4:2|4:9|5:1|5:2|5:8|5:9|6:1|6:9|7:8|7:9|8:8,2223
3664,5392,0.09318079519879974,3.0,3.0,0.0,3.0,163,victory,1,0,,0,51,32,0:0|0:2|0:4|0:5|0:6|0:7|0:8|1:0|1:2|1:4|1:8|1:9|2:0|2:2|2:3|2:4|2:9|3:0|3:1|3:2|3:4|3:9|4:2|4:9|5:1|5:2|5:9|6:1|6:9|7:8|7:9|8:8,2223
3665,5393,0.09293323330832715,3.0,3.0,0.0,3.0,40,victory,1,0,,0,33,29,0:0|0:4|0:5|0:6|0:7|0:8|1:0|1:4|1:8|1:9|2:0|2:2|2:3|2:4|2:9|3:0|3:1|3:2|3:9|4:2|4:9|5:1|5:2|5:9|6:1|6:9|7:8|7:9|8:8,2223
3666,5394,0.09268567141785444,3.0,3.0,0.0,3.0,84,victory,1,0,,0,57,40,0:0|0:4|0:5|0:6|0:7|0:8|0:9|1:0|1:4|1:6|1:7|1:8|1:9|2:0|2:2|2:3|2:4|2:6|2:8|2:9|3:0|3:1|3:2|3:6|3:8|3:9|4:2|4:6|4:7|4:8|5:0|5:1|5:2|5:8|5:9|6:1|6:9|7:8|7:9|8:8,2223
3667,5395,0.09243810952738185,3.0,3.0,0.0,3.0,43,victory,1,0,,0,35,29,0:0|0:4|0:5|0:6|0:7|1:0|1:4|1:7|1:8|1:9|2:0|2:2|2:3|2:4|2:9|3:0|3:1|3:2|3:9|4:2|4:9|5:1|5:2|5:9|6:1|6:9|7:8|7:9|8:8,2223
3668,5396,0.09219054763690915,3.0,3.0,0.0,3.0,56,victory,1,0,,0,39,29,0:0|0:4|0:5|0:6|0:7|0:8|1:0|1:4|1:8|2:0|2:2|2:3|2:4|2:8|2:9|3:0|3:1|3:2|3:9|4:2|4:9|5:1|5:2|5:9|6:1|6:9|7:8|7:9|8:8,2223
3669,5397,0.09194298574643656,3.0,3.0,0.0,3.0,34,victory,1,0,,0,33,29,0:0|0:4|0:5|0:6|0:7|0:8|1:0|1:4|1:8|1:9|2:0|2:2|2:3|2:4|2:9|3:0|3:1|3:2|3:9|4:2|4:9|5:1|5:2|5:9|6:1|6:9|7:8|7:9|8:8,2223
3670,5398,0.09169542385596408,3.0,3.0,0.0,3.0,55,victory,1,0,,0,40,31,0:0|0:4|0:5|0:6|0:7|0:8|1:0|1:4|1:8|1:9|2:0|2:2|2:3|2:4|2:9|3:0|3:1|3:2|3:9|4:2|4:9|5:1|5:2|5:8|5:9|6:1|6:8|6:9|7:8|7:9|8:8,2223
3671,5399,0.09144786196549137,3.0,3.0,0.0,3.0,74,victory,1,0,,0,45,32,0:0|0:1|0:2|0:4|0:5|0:6|0:7|0:8|1:0|1:2|1:4|1:8|1:9|2:0|2:2|2:3|2:4|2:9|3:0|3:1|3:2|3:9|4:2|4:9|5:1|5:2|5:9|6:1|6:9|7:8|7:9|8:8,2223
3672,5400,0.09120030007501878,3.0,3.0,0.0,3.0,94,victory,1,0,,0,62,34,0:0|0:4|0:5|0:6|0:7|0:8|0:9|1:0|1:4|1:8|1:9|2:0|2:2|2:3|2:4|2:8|2:9|3:0|3:1|3:2|3:8|3:9|4:2|4:8|4:9|5:1|5:2|5:8|5:9|6:1|6:9|7:8|7:9|8:8,2223
3673,5401,0.09095273818454619,3.0,3.0,0.0,3.0,33,victory,1,0,,0,33,29,0:0|0:4|0:5|0:6|0:7|0:8|1:0|1:4|1:8|1:9|2:0|2:2|2:3|2:4|2:9|3:0|3:1|3:2|3:9|4:2|4:9|5:1|5:2|5:9|6:1|6:9|7:8|7:9|8:8,2223
3674,5402,0.09070517629407349,3.0,3.0,0.0,3.0,48,victory,1,0,,0,37,29,0:0|0:4|0:5|0:6|0:7|0:8|1:0|1:4|1:8|1:9|2:0|2:2|2:3|2:4|2:9|3:0|3:1|3:2|3:9|4:2|4:9|5:1|5:2|5:9|6:1|6:9|7:8|7:9|8:8,2223
3675,5403,0.0904576144036009,3.0,3.0,0.0,3.0,32,victory,1,0,,0,33,29,0:0|0:4|0:5|0:6|0:7|0:8|1:0|1:4|1:8|1:9|2:0|2:2|2:3|2:4|2:9|3:0|3:1|3:2|3:9|4:2|4:9|5:1|5:2|5:9|6:1|6:9|7:8|7:9|8:8,2223
3676,5404,0.0902100525131283,3.0,3.0,0.0,3.0,48,victory,1,0,,0,36,29,0:0|0:4|0:5|0:6|0:7|0:8|1:0|1:4|1:8|1:9|2:0|2:2|2:3|2:4|2:9|3:0|3:1|3:2|3:9|4:2|4:9|5:1|5:2|5:9|6:1|6:9|7:8|7:9|8:8,2223
3677,5405,0.0899624906226556,3.0,3.0,0.0,3.0,36,victory,1,0,,0,34,29,0:0|0:4|0:5|0:6|0:7|0:8|1:0|1:4|1:8|1:9|2:0|2:2|2:3|2:4|2:9|3:0|3:1|3:2|3:9|4:2|4:9|5:1|5:2|5:9|6:1|6:9|7:8|7:9|8:8,2223
3678,5406,0.08971492873218301,3.0,3.0,0.0,3.0,33,victory,1,0,,0,33,29,0:0|0:4|0:5|0:6|0:7|0:8|1:0|1:4|1:8|1:9|2:0|2:2|2:3|2:4|2:9|3:0|3:1|3:2|3:9|4:2|4:9|5:1|5:2|5:9|6:1|6:9|7:8|7:9|8:8,2223
3679,5407,0.08946736684171053,3.0,3.0,0.0,3.0,33,victory,1,0,,0,33,29,0:0|0:4|0:5|0:6|0:7|0:8|1:0|1:4|1:8|1:9|2:0|2:2|2:3|2:4|2:9|3:0|3:1|3:2|3:9|4:2|4:9|5:1|5:2|5:9|6:1|6:9|7:8|7:9|8:8,2223
3680,5408,0.08921980495123782,3.0,3.0,0.0,3.0,32,victory,1,0,,0,33,29,0:0|0:4|0:5|0:6|0:7|1:0|1:4|1:7|1:8|1:9|2:0|2:2|2:3|2:4|2:9|3:0|3:1|3:2|3:9|4:2|4:9|5:1|5:2|5:9|6:1|6:9|7:8|7:9|8:8,2223
3681,5409,0.08897224306076523,3.0,3.0,0.0,3.0,33,victory,1,0,,0,33,29,0:0|0:4|0:5|0:6|0:7|0:8|1:0|1:4|1:8|1:9|2:0|2:2|2:3|2:4|2:9|3:0|3:1|3:2|3:9|4:2|4:9|5:1|5:2|5:9|6:1|6:9|7:8|7:9|8:8,2223
3682,5410,0.08872468117029264,0.0,0.0,0.0,0.0,22,death,0,1,monster,0,14,6,0:0|1:0|2:0|3:0|3:1|3:2,2223
3683,5411,0.08847711927981994,3.0,3.0,0.0,3.0,216,victory,1,0,,0,38,33,0:0|0:1|0:4|0:5|0:6|0:7|0:8|1:0|1:4|1:6|1:7|1:8|1:9|2:0|2:2|2:3|2:4|2:9|3:0|3:1|3:2|3:9|4:2|4:9|5:0|5:1|5:2|5:9|6:1|6:9|7:8|7:9|8:8,2223
3684,5412,0.08822955738934735,3.0,3.0,0.0,3.0,40,victory,1,0,,0,34,29,0:0|0:4|0:5|0:6|0:7|0:8|1:0|1:4|1:8|1:9|2:0|2:2|2:3|2:4|2:9|3:0|3:1|3:2|3:9|4:2|4:9|5:1|5:2|5:9|6:1|6:9|7:8|7:9|8:8,2223
3685,5413,0.08798199549887475,3.0,3.0,0.0,3.0,39,victory,1,0,,0,35,31,0:0|0:4|0:5|0:6|0:7|0:8|0:9|1:0|1:4|1:8|1:9|2:0|2:2|2:3|2:4|2:9|3:0|3:1|3:2|3:8|3:9|4:2|4:9|5:1|5:2|5:9|6:1|6:9|7:8|7:9|8:8,2223
3686,5414,0.08773443360840205,3.0,3.0,0.0,3.0,34,victory,1,0,,0,33,29,0:0|0:4|0:5|0:6|0:7|0:8|1:0|1:4|1:8|1:9|2:0|2:2|2:3|2:4|2:9|3:0|3:1|3:2|3:9|4:2|4:9|5:1|5:2|5:9|6:1|6:9|7:8|7:9|8:8,2223
3687,5415,0.08748687171792946,3.0,3.0,0.0,3.0,36,victory,1,0,,0,33,29,0:0|0:4|0:5|0:6|0:7|0:8|1:0|1:4|1:8|1:9|2:0|2:2|2:3|2:4|2:9|3:0|3:1|3:2|3:9|4:2|4:9|5:1|5:2|5:9|6:1|6:9|7:8|7:9|8:8,2223
3688,5416,0.08723930982745687,3.0,3.0,0.0,3.0,41,victory,1,0,,0,36,31,0:0|0:4|0:5|0:6|0:7|0:8|0:9|1:0|1:4|1:8|1:9|2:0|2:2|2:3|2:4|2:9|3:0|3:1|3:2|3:9|4:2|4:9|5:1|5:2|5:9|6:1|6:2|6:9|7:8|7:9|8:8,2223
3689,5417,0.08699174793698428,2.0,2.0,0.0,2.0,33,death,0,1,monster,0,27,20,0:0|0:4|0:5|0:6|0:7|0:8|1:0|1:4|1:6|2:0|2:2|2:3|2:4|3:0|3:1|3:2|4:2|5:1|5:2|6:1,2223
3690,5418,0.08674418604651168,2.0,2.0,0.0,2.0,32,death,0,1,monster,0,28,18,0:0|0:4|0:5|0:6|0:7|1:0|1:4|2:0|2:2|2:3|2:4|3:0|3:1|3:2|4:2|5:1|5:2|6:1,2223
3691,5419,0.08649662415603898,3.0,3.0,0.0,3.0,50,victory,1,0,,0,39,30,0:0|0:4|0:5|0:6|0:7|0:8|1:0|1:4|1:8|1:9|2:0|2:2|2:3|2:4|2:9|3:0|3:1|3:2|3:9|4:2|4:3|4:9|5:1|5:2|5:9|6:1|6:9|7:8|7:9|8:8,2223
3692,5420,0.08624906226556639,3.0,3.0,0.0,3.0,137,victory,1,0,,0,64,34,0:0|0:4|0:5|0:6|0:7|0:8|0:9|1:0|1:4|1:7|1:8|1:9|2:0|2:2|2:3|2:4|2:8|2:9|3:0|3:1|3:2|3:8|3:9|4:2|4:9|5:1|5:2|5:9|6:1|6:2|6:9|7:8|7:9|8:8,2223
3693,5421,0.0860015003750938,3.0,3.0,0.0,3.0,56,victory,1,0,,0,41,30,0:0|0:4|0:5|0:6|0:7|0:8|1:0|1:4|1:8|1:9|2:0|2:2|2:3|2:4|2:9|3:0|3:1|3:2|3:9|4:2|4:9|5:1|5:2|5:9|6:1|6:2|6:9|7:8|7:9|8:8,2223
3694,5422,0.0857539384846211,3.0,3.0,0.0,3.0,128,victory,1,0,,0,54,35,0:0|0:1|0:2|0:6|0:7|0:8|1:0|1:2|1:6|1:8|1:9|2:0|2:2|2:6|2:9|3:0|3:1|3:2|3:4|3:6|3:9|4:2|4:3|4:4|4:5|4:6|4:9|5:1|5:2|5:9|6:1|6:9|7:8|7:9|8:8,2223
3695,5423,0.0855063765941485,3.0,3.0,0.0,3.0,189,victory,1,0,,0,59,36,0:0|0:1|0:4|0:5|0:6|0:7|0:8|0:9|1:0|1:4|1:6|1:7|1:8|1:9|2:0|2:2|2:3|2:4|2:8|2:9|3:0|3:1|3:2|3:8|3:9|4:2|4:9|5:1|5:2|5:9|6:1|6:2|6:9|7:8|7:9|8:8,2223
3696,5424,0.08525881470367591,3.0,3.0,0.0,3.0,35,victory,1,0,,0,33,29,0:0|0:4|0:5|0:6|0:7|0:8|1:0|1:4|1:8|1:9|2:0|2:2|2:3|2:4|2:9|3:0|3:1|3:2|3:9|4:2|4:9|5:1|5:2|5:9|6:1|6:9|7:8|7:9|8:8,2223
3697,5425,0.08501125281320332,3.0,3.0,0.0,3.0,47,victory,1,0,,0,42,32,0:0|0:4|0:5|0:6|0:7|0:8|1:0|1:4|1:8|1:9|2:0|2:2|2:3|2:4|2:9|3:0|3:1|3:2|3:9|4:2|4:9|5:0|5:1|5:2|5:9|6:0|6:1|6:9|7:0|7:8|7:9|8:8,2223
3698,5426,0.08476369092273073,3.0,3.0,0.0,3.0,56,victory,1,0,,0,47,33,0:0|0:6|0:7|1:0|1:6|1:7|1:8|1:9|2:0|2:2|2:3|2:6|2:9|3:0|3:1|3:2|3:6|3:9|4:2|4:3|4:4|4:5|4:6|4:9|5:0|5:1|5:2|5:9|6:1|6:9|7:8|7:9|8:8,2223
3699,5427,0.08451612903225814,3.0,3.0,0.0,3.0,40,victory,1,0,,0,35,31,0:0|0:4|0:5|0:6|0:7|0:8|1:0|1:4|1:8|1:9|2:0|2:2|2:3|2:4|2:9|3:0|3:1|3:2|3:9|4:2|4:3|4:9|5:0|5:1|5:2|5:9|6:1|6:9|7:8|7:9|8:8,2223
3700,5428,0.08426856714178543,3.0,3.0,0.0,3.0,47,victory,1,0,,0,40,31,0:0|0:2|0:4|0:5|0:6|0:7|0:8|1:0|1:2|1:4|1:8|1:9|2:0|2:2|2:3|2:4|2:9|3:0|3:1|3:2|3:9|4:2|4:9|5:1|5:2|5:9|6:1|6:9|7:8|7:9|8:8,2223
3701,5429,0.08402100525131284,3.0,3.0,0.0,3.0,71,victory,1,0,,0,40,32,0:0|0:1|0:2|0:4|0:5|0:6|0:7|0:8|1:0|1:2|1:4|1:8|1:9|2:0|2:2|2:3|2:4|2:9|3:0|3:1|3:2|3:9|4:2|4:9|5:1|5:2|5:9|6:1|6:9|7:8|7:9|8:8,2223
3702,5430,0.08377344336084025,3.0,3.0,0.0,3.0,46,victory,1,0,,0,42,31,0:0|0:4|0:5|0:6|0:7|0:8|0:9|1:0|1:4|1:8|1:9|2:0|2:2|2:3|2:4|2:8|2:9|3:0|3:1|3:2|3:9|4:2|4:9|5:1|5:2|5:9|6:1|6:9|7:8|7:9|8:8,2223
3703,5431,0.08352588147036755,3.0,3.0,0.0,3.0,38,victory,1,0,,0,34,29,0:0|0:4|0:5|0:6|0:7|0:8|1:0|1:4|1:8|1:9|2:0|2:2|2:3|2:4|2:9|3:0|3:1|3:2|3:9|4:2|4:9|5:1|5:2|5:9|6:1|6:9|7:9|8:8|8:9,2223
3704,5432,0.08327831957989495,3.0,3.0,0.0,3.0,35,victory,1,0,,0,34,30,0:0|0:4|0:5|0:6|0:7|0:8|1:0|1:4|1:8|1:9|2:0|2:2|2:3|2:4|2:8|2:9|3:0|3:1|3:2|3:9|4:2|4:9|5:1|5:2|5:9|6:1|6:9|7:8|7:9|8:8,2223
3705,5433,0.08303075768942236,3.0,3.0,0.0,3.0,104,victory,1,0,,0,51,33,0:0|0:1|0:2|0:4|0:5|0:6|0:7|0:8|1:0|1:2|1:4|1:8|1:9|2:0|2:2|2:3|2:4|2:9|3:0|3:1|3:2|3:9|4:2|4:3|4:9|5:1|5:2|5:9|6:1|6:9|7:8|7:9|8:8,2223
3706,5434,0.08278319579894977,3.0,3.0,0.0,3.0,69,victory,1,0,,0,44,30,0:0|0:4|0:5|0:6|0:7|0:8|0:9|1:0|1:4|1:8|1:9|2:0|2:2|2:3|2:4|2:9|3:0|3:1|3:2|3:9|4:2|4:9|5:1|5:2|5:9|6:1|6:9|7:8|7:9|8:8,2223
3707,5435,0.08253563390847718,3.0,3.0,0.0,3.0,37,victory,1,0,,0,36,32,0:0|0:4|0:5|0:6|0:7|0:8|1:0|1:4|1:6|1:7|1:8|1:9|2:0|2:2|2:3|2:4|2:9|3:0|3:1|3:2|3:4|3:9|4:2|4:9|5:1|5:2|5:9|6:1|6:9|7:8|7:9|8:8,2223
3708,5436,0.08228807201800448,2.0,2.0,0.0,2.0,63,death,0,1,monster,0,42,28,0:0|0:4|0:5|0:6|0:7|0:8|1:0|1:4|1:7|1:8|1:9|2:0|2:2|2:3|2:4|2:9|3:0|3:1|3:2|3:9|4:2|4:9|5:1|5:2|5:9|6:1|6:9|7:9,2223
3709,5437,0.08204051012753188,3.0,3.0,0.0,3.0,67,victory,1,0,,0,48,32,0:0|0:2|0:4|0:5|0:6|0:7|0:8|1:0|1:2|1:4|1:7|1:8|1:9|2:0|2:2|2:3|2:4|2:9|3:0|3:1|3:2|3:9|4:2|4:9|5:1|5:2|5:9|6:1|6:9|7:8|7:9|8:8,2223
3710,5438,0.0817929482370593,3.0,3.0,0.0,3.0,97,victory,1,0,,0,60,41,0:0|0:4|0:5|0:6|0:7|0:8|0:9|1:0|1:4|1:8|1:9|2:0|2:2|2:3|2:4|2:8|2:9|3:0|3:1|3:2|3:4|3:8|3:9|4:2|4:6|4:7|4:8|4:9|5:1|5:2|5:6|5:8|5:9|6:1|6:6|6:7|6:8|6:9|7:8|7:9|8:8,2223
3711,5439,0.08154538634658659,1.0,1.0,0.0,1.0,21,death,0,1,monster,0,18,14,0:0|1:0|2:0|2:2|2:3|2:4|3:0|3:1|3:2|3:4|4:2|5:1|5:2|6:1,2223
3712,5440,0.081297824456114,3.0,3.0,0.0,3.0,34,victory,1,0,,0,33,29,0:0|0:4|0:5|0:6|0:7|0:8|1:0|1:4|1:8|1:9|2:0|2:2|2:3|2:4|2:9|3:0|3:1|3:2|3:9|4:2|4:9|5:1|5:2|5:9|6:1|6:9|7:8|7:9|8:8,2223
3713,5441,0.0810502625656414,2.0,2.0,0.0,2.0,47,death,0,1,monster,0,39,28,0:0|0:4|0:5|0:6|0:7|0:8|1:0|1:4|1:8|1:9|2:0|2:2|2:3|2:4|2:9|3:0|3:1|3:2|3:8|3:9|4:2|4:9|5:1|5:2|5:9|6:1|6:9|7:9,2223
3714,5442,0.08080270067516881,3.0,3.0,0.0,3.0,44,victory,1,0,,0,33,29,0:0|0:4|0:5|0:6|0:7|0:8|1:0|1:4|1:8|1:9|2:0|2:2|2:3|2:4|2:9|3:0|3:1|3:2|3:9|4:2|4:9|5:1|5:2|5:9|6:1|6:9|7:8|7:9|8:8,2223
3715,5443,0.08055513878469622,3.0,3.0,0.0,3.0,106,victory,1,0,,0,43,31,0:0|0:4|0:5|0:6|0:7|0:8|1:0|1:4|1:8|1:9|2:0|2:2|2:3|2:4|2:9|3:0|3:1|3:2|3:9|4:2|4:3|4:9|5:1|5:2|5:9|6:1|6:8|6:9|7:8|7:9|8:8,2223
3716,5444,0.08030757689422363,3.0,3.0,0.0,3.0,53,victory,1,0,,0,41,30,0:0|0:4|0:5|0:6|0:7|0:8|1:0|1:2|1:4|1:8|1:9|2:0|2:2|2:3|2:4|2:9|3:0|3:1|3:2|3:9|4:2|4:9|5:1|5:2|5:9|6:1|6:9|7:8|7:9|8:8,2223
3717,5445,0.08006001500375093,3.0,3.0,0.0,3.0,42,victory,1,0,,0,34,29,0:0|0:4|0:5|0:6|0:7|0:8|1:0|1:4|1:8|1:9|2:0|2:2|2:3|2:4|2:9|3:0|3:1|3:2|3:9|4:2|4:9|5:1|5:2|5:9|6:1|6:9|7:8|7:9|8:8,2223
3718,5446,0.07981245311327834,2.0,2.0,0.0,2.0,72,death,0,1,monster,0,36,23,0:0|0:4|0:5|0:6|0:7|0:8|0:9|1:0|1:4|1:8|1:9|2:0|2:2|2:3|2:4|3:0|3:1|3:2|3:4|4:2|5:1|5:2|6:1,2223
3719,5447,0.07956489122280574,3.0,3.0,0.0,3.0,34,victory,1,0,,0,34,29,0:0|0:4|0:5|0:6|0:7|0:8|1:0|1:4|1:8|1:9|2:0|2:2|2:3|2:4|2:9|3:0|3:1|3:2|3:9|4:2|4:9|5:1|5:2|5:9|6:1|6:9|7:8|7:9|8:8,2223
3720,5448,0.07931732933233304,3.0,3.0,0.0,3.0,55,victory,1,0,,0,37,30,0:0|0:4|0:5|0:6|0:7|0:8|1:0|1:4|1:8|1:9|2:0|2:2|2:3|2:4|2:8|2:9|3:0|3:1|3:2|3:9|4:2|4:9|5:1|5:2|5:9|6:1|6:9|7:8|7:9|8:8,2223
3721,5449,0.07906976744186045,3.0,3.0,0.0,3.0,33,victory,1,0,,0,33,29,0:0|0:4|0:5|0:6|0:7|0:8|1:0|1:4|1:8|1:9|2:0|2:2|2:3|2:4|2:9|3:0|3:1|3:2|3:9|4:2|4:9|5:1|5:2|5:9|6:1|6:9|7:8|7:9|8:8,2223
3722,5450,0.07882220555138786,3.0,3.0,0.0,3.0,60,victory,1,0,,0,33,29,0:0|0:4|0:5|0:6|0:7|0:8|1:0|1:4|1:8|1:9|2:0|2:2|2:3|2:4|2:9|3:0|3:1|3:2|3:9|4:2|4:9|5:1|5:2|5:9|6:1|6:9|7:8|7:9|8:8,2223
3723,5451,0.07857464366091527,3.0,3.0,0.0,3.0,41,victory,1,0,,0,38,31,0:0|0:4|0:5|0:6|0:7|0:8|1:0|1:4|1:8|1:9|2:0|2:2|2:4|2:9|3:0|3:1|3:2|3:4|3:9|4:2|4:3|4:4|4:9|5:1|5:2|5:9|6:1|6:9|7:8|7:9|8:8,2223
3724,5452,0.07832708177044267,3.0,3.0,0.0,3.0,35,victory,1,0,,0,33,29,0:0|0:4|0:5|0:6|0:7|0:8|1:0|1:4|1:8|1:9|2:0|2:2|2:3|2:4|2:9|3:0|3:1|3:2|3:9|4:2|4:9|5:1|5:2|5:9|6:1|6:9|7:8|7:9|8:8,2223
3725,5453,0.07807951987996997,3.0,3.0,0.0,3.0,67,victory,1,0,,0,43,31,0:0|0:4|0:5|0:6|0:7|0:8|1:0|1:4|1:8|1:9|2:0|2:2|2:3|2:4|2:9|3:0|3:1|3:2|3:9|4:2|4:9|5:1|5:2|5:8|5:9|6:1|6:8|6:9|7:8|7:9|8:8,2223
3726,5454,0.07783195798949738,3.0,3.0,0.0,3.0,34,victory,1,0,,0,34,30,0:0|0:4|0:5|0:6|0:7|0:8|0:9|1:0|1:4|1:8|1:9|2:0|2:2|2:3|2:4|2:9|3:0|3:1|3:2|3:9|4:2|4:9|5:1|5:2|5:9|6:1|6:9|7:8|7:9|8:8,2223
3727,5455,0.07758439609902479,3.0,3.0,0.0,3.0,38,victory,1,0,,0,34,30,0:0|0:4|0:5|0:6|0:7|0:8|1:0|1:4|1:8|1:9|2:0|2:2|2:3|2:4|2:9|3:0|3:1|3:2|3:9|4:2|4:9|5:1|5:2|5:9|6:1|6:2|6:9|7:8|7:9|8:8,2223
3728,5456,0.07733683420855209,3.0,3.0,0.0,3.0,37,victory,1,0,,0,35,30,0:0|0:1|0:4|0:5|0:6|0:7|0:8|1:0|1:4|1:8|1:9|2:0|2:2|2:3|2:4|2:9|3:0|3:1|3:2|3:9|4:2|4:9|5:1|5:2|5:9|6:1|6:9|7:8|7:9|8:8,2223
3729,5457,0.0770892723180795,3.0,3.0,0.0,3.0,32,victory,1,0,,0,33,29,0:0|0:4|0:5|0:6|0:7|0:8|1:0|1:4|1:8|1:9|2:0|2:2|2:3|2:4|2:9|3:0|3:1|3:2|3:9|4:2|4:9|5:1|5:2|5:9|6:1|6:9|7:8|7:9|8:8,2223
3730,5458,0.0768417104276069,3.0,3.0,0.0,3.0,35,victory,1,0,,0,33,29,0:0|0:4|0:5|0:6|0:7|0:8|1:0|1:4|1:8|1:9|2:0|2:2|2:3|2:4|2:9|3:0|3:1|3:2|3:9|4:2|4:9|5:1|5:2|5:9|6:1|6:9|7:8|7:9|8:8,2223
3731,5459,0.0765941485371342,3.0,3.0,0.0,3.0,43,victory,1,0,,0,36,29,0:0|0:4|0:5|0:6|0:7|0:8|1:0|1:4|1:8|1:9|2:0|2:2|2:3|2:4|2:9|3:0|3:1|3:2|3:9|4:2|4:9|5:1|5:2|5:9|6:1|6:9|7:8|7:9|8:8,2223
3732,5460,0.07634658664666172,3.0,3.0,0.0,3.0,32,victory,1,0,,0,33,29,0:0|0:4|0:5|0:6|0:7|0:8|1:0|1:4|1:8|1:9|2:0|2:2|2:3|2:4|2:9|3:0|3:1|3:2|3:9|4:2|4:9|5:1|5:2|5:9|6:1|6:9|7:8|7:9|8:8,2223
3733,5461,0.07609902475618913,2.0,2.0,0.0,2.0,55,death,0,1,monster,0,40,28,0:0|0:4|0:5|0:6|0:7|0:8|0:9|1:0|1:4|1:8|1:9|2:0|2:2|2:3|2:4|2:8|2:9|3:0|3:1|3:2|3:8|3:9|4:2|4:9|5:0|5:1|5:2|6:1,2223
3734,5462,0.07585146286571642,3.0,3.0,0.0,3.0,66,victory,1,0,,0,44,33,0:0|0:1|0:2|0:4|0:5|0:6|0:7|0:8|1:0|1:2|1:4|1:8|1:9|2:0|2:2|2:3|2:4|2:9|3:0|3:1|3:2|3:9|4:2|4:3|4:9|5:1|5:2|5:9|6:1|6:9|7:8|7:9|8:8,2223
3735,5463,0.07560390097524383,3.0,3.0,0.0,3.0,106,victory,1,0,,0,52,34,0:0|0:4|0:5|0:6|0:7|1:0|1:4|1:6|1:7|1:8|1:9|2:0|2:2|2:3|2:4|2:6|2:9|3:0|3:1|3:2|3:4|3:5|3:6|3:9|4:2|4:9|5:1|5:2|5:9|6:1|6:9|7:8|7:9|8:8,2223
3736,5464,0.07535633908477124,3.0,3.0,0.0,3.0,37,victory,1,0,,0,35,30,0:0|0:4|0:5|0:6|0:7|0:8|1:0|1:4|1:8|1:9|2:0|2:2|2:3|2:4|2:9|3:0|3:1|3:2|3:9|4:2|4:9|5:1|5:2|5:9|6:1|6:8|6:9|7:8|7:9|8:8,2223
3737,5465,0.07510877719429854,3.0,3.0,0.0,3.0,32,victory,1,0,,0,33,29,0:0|0:4|0:5|0:6|0:7|0:8|1:0|1:4|1:8|1:9|2:0|2:2|2:3|2:4|2:9|3:0|3:1|3:2|3:9|4:2|4:9|5:1|5:2|5:9|6:1|6:9|7:8|7:9|8:8,2223
3738,5466,0.07486121530382595,3.0,3.0,0.0,3.0,46,victory,1,0,,0,35,29,0:0|0:4|0:5|0:6|0:7|0:8|1:0|1:4|1:8|1:9|2:0|2:2|2:3|2:4|2:9|3:0|3:1|3:2|3:9|4:2|4:9|5:1|5:2|5:9|6:1|6:9|7:8|7:9|8:8,2223
3739,5467,0.07461365341335335,3.0,3.0,0.0,3.0,95,victory,1,0,,0,45,30,0:0|0:4|0:5|0:6|0:7|0:8|1:0|1:4|1:8|1:9|2:0|2:2|2:3|2:4|2:9|3:0|3:1|3:2|3:4|3:9|4:2|4:9|5:1|5:2|5:9|6:1|6:9|7:8|7:9|8:8,2223
3740,5468,0.07436609152288065,3.0,3.0,0.0,3.0,55,victory,1,0,,0,41,31,0:0|0:4|0:5|0:6|0:7|0:8|1:0|1:4|1:8|1:9|2:0|2:2|2:3|2:4|2:8|2:9|3:0|3:1|3:2|3:8|3:9|4:2|4:9|5:1|5:2|5:9|6:1|6:9|7:8|7:9|8:8,2223
3741,5469,0.07411852963240817,3.0,3.0,0.0,3.0,46,victory,1,0,,0,39,32,0:0|0:4|0:5|0:6|0:7|0:8|1:0|1:4|1:8|1:9|2:0|2:4|2:9|3:0|3:1|3:2|3:4|3:9|4:2|4:3|4:4|4:9|5:1|5:2|5:9|6:1|6:2|6:3|6:9|7:8|7:9|8:8,2223
3742,5470,0.07387096774193558,3.0,3.0,0.0,3.0,43,victory,1,0,,0,34,29,0:0|0:4|0:5|0:6|0:7|0:8|1:0|1:4|1:8|1:9|2:0|2:2|2:3|2:4|2:9|3:0|3:1|3:2|3:9|4:2|4:9|5:1|5:2|5:9|6:1|6:9|7:8|7:9|8:8,2223
3743,5471,0.07362340585146288,3.0,3.0,0.0,3.0,84,victory,1,0,,0,41,30,0:0|0:4|0:5|0:6|0:7|0:8|1:0|1:4|1:8|1:9|2:0|2:2|2:3|2:4|2:9|3:0|3:1|3:2|3:9|4:2|4:9|5:1|5:2|5:9|6:1|6:8|6:9|7:8|7:9|8:8,2223
3744,5472,0.07337584396099028,3.0,3.0,0.0,3.0,79,victory,1,0,,0,36,29,0:0|0:4|0:5|0:6|0:7|0:8|1:0|1:4|1:8|1:9|2:0|2:2|2:3|2:4|2:9|3:0|3:1|3:2|3:9|4:2|4:9|5:1|5:2|5:9|6:1|6:9|7:9|8:8|8:9,2223
3745,5473,0.07312828207051758,3.0,3.0,0.0,3.0,50,victory,1,0,,0,35,29,0:0|0:4|0:5|0:6|0:7|0:8|1:0|1:4|1:8|1:9|2:0|2:2|2:3|2:4|2:9|3:0|3:1|3:2|3:9|4:2|4:9|5:1|5:2|5:9|6:1|6:9|7:8|7:9|8:8,2223
3746,5474,0.07288072018004499,3.0,3.0,0.0,3.0,88,victory,1,0,,0,49,38,0:0|0:4|0:5|0:6|0:7|0:8|1:0|1:4|1:8|1:9|2:0|2:2|2:3|2:4|2:9|3:0|3:1|3:2|3:9|4:2|4:6|4:7|4:8|4:9|5:1|5:2|5:6|5:8|5:9|6:1|6:2|6:6|6:7|6:8|6:9|7:8|7:9|8:8,2223
3747,5475,0.0726331582895724,3.0,3.0,0.0,3.0,103,victory,1,0,,0,53,31,0:0|0:2|0:4|0:5|0:6|0:7|0:8|1:0|1:2|1:4|1:8|1:9|2:0|2:2|2:3|2:4|2:9|3:0|3:1|3:2|3:9|4:2|4:9|5:1|5:2|5:9|6:1|6:9|7:8|7:9|8:8,2223
3748,5476,0.0723855963990997,3.0,3.0,0.0,3.0,33,victory,1,0,,0,33,29,0:0|0:4|0:5|0:6|0:7|0:8|1:0|1:4|1:8|1:9|2:0|2:2|2:3|2:4|2:9|3:0|3:1|3:2|3:9|4:2|4:9|5:1|5:2|5:9|6:1|6:9|7:8|7:9|8:8,2223
3749,5477,0.07213803450862721,2.0,2.0,0.0,2.0,30,death,0,1,monster,0,29,25,0:0|0:4|0:5|0:6|0:7|0:8|1:0|1:4|1:6|1:7|1:8|1:9|2:0|2:2|2:3|2:4|2:8|2:9|3:0|3:1|3:2|4:2|5:1|5:2|6:1,2223
3750,5478,0.07189047261815462,3.0,3.0,0.0,3.0,32,victory,1,0,,0,33,29,0:0|0:4|0:5|0:6|0:7|0:8|1:0|1:4|1:8|1:9|2:0|2:2|2:3|2:4|2:9|3:0|3:1|3:2|3:9|4:2|4:9|5:1|5:2|5:9|6:1|6:9|7:8|7:9|8:8,2223
3751,5479,0.07164291072768192,3.0,3.0,0.0,3.0,35,victory,1,0,,0,34,29,0:0|0:4|0:5|0:6|0:7|0:8|1:0|1:4|1:8|2:0|2:2|2:3|2:4|2:8|3:0|3:1|3:2|3:8|3:9|4:2|4:9|5:1|5:2|5:9|6:1|6:9|7:8|7:9|8:8,2223
3752,5480,0.07139534883720933,3.0,3.0,0.0,3.0,34,victory,1,0,,0,33,29,0:0|0:4|0:5|0:6|0:7|0:8|1:0|1:4|1:8|1:9|2:0|2:2|2:3|2:4|2:9|3:0|3:1|3:2|3:9|4:2|4:9|5:1|5:2|5:9|6:1|6:9|7:8|7:9|8:8,2223
3753,5481,0.07114778694673674,1.0,1.0,0.0,1.0,24,death,0,1,monster,0,21,13,0:0|1:0|2:0|2:2|2:3|2:4|3:0|3:1|3:2|4:2|5:1|5:2|6:1,2223
3754,5482,0.07090022505626403,3.0,3.0,0.0,3.0,51,victory,1,0,,0,40,32,0:0|0:4|0:5|0:6|0:7|0:8|0:9|1:0|1:4|1:8|1:9|2:0|2:2|2:3|2:4|2:9|3:0|3:1|3:2|3:9|4:2|4:9|5:1|5:2|5:9|6:1|6:7|6:8|6:9|7:8|7:9|8:8,2223
3755,5483,0.07065266316579144,3.0,3.0,0.0,3.0,60,victory,1,0,,0,42,31,0:0|0:4|0:5|0:6|0:7|0:8|1:0|1:4|1:8|1:9|2:0|2:2|2:3|2:4|2:8|2:9|3:0|3:1|3:2|3:8|3:9|4:2|4:9|5:1|5:2|5:9|6:1|6:9|7:9|8:8|8:9,2223
3756,5484,0.07040510127531885,3.0,3.0,0.0,3.0,82,victory,1,0,,0,40,31,0:0|0:4|0:5|0:6|0:7|0:8|0:9|1:0|1:4|1:8|1:9|2:0|2:2|2:3|2:4|2:9|3:0|3:1|3:2|3:9|4:2|4:9|5:1|5:2|5:8|5:9|6:1|6:9|7:8|7:9|8:8,2223
3757,5485,0.07015753938484615,3.0,3.0,0.0,3.0,43,victory,1,0,,0,36,31,0:0|0:4|0:5|0:6|0:7|0:8|1:0|1:4|1:8|1:9|2:0|2:2|2:3|2:4|2:9|3:0|3:1|3:2|3:9|4:2|4:9|5:1|5:2|5:8|5:9|6:0|6:1|6:9|7:8|7:9|8:8,2223
3758,5486,0.06990997749437367,3.0,3.0,0.0,3.0,104,victory,1,0,,0,39,32,0:0|0:4|0:5|0:6|0:7|0:8|0:9|1:0|1:4|1:8|1:9|2:0|2:4|2:9|3:0|3:1|3:2|3:4|3:9|4:2|4:3|4:4|4:9|5:1|5:2|5:8|5:9|6:1|6:9|7:8|7:9|8:8,2223
3759,5487,0.06966241560390107,3.0,3.0,0.0,3.0,37,victory,1,0,,0,35,30,0:0|0:4|0:5|0:6|0:7|0:8|1:0|1:4|1:8|1:9|2:0|2:2|2:3|2:4|2:9|3:0|3:1|3:2|3:8|3:9|4:2|4:9|5:1|5:2|5:9|6:1|6:9|7:8|7:9|8:8,2223
3760,5488,0.06941485371342837,3.0,3.0,0.0,3.0,59,victory,1,0,,0,39,30,0:0|0:4|0:5|0:6|0:7|0:8|1:0|1:2|1:4|1:8|1:9|2:0|2:2|2:3|2:4|2:9|3:0|3:1|3:2|3:9|4:2|4:9|5:1|5:2|5:9|6:1|6:9|7:8|7:9|8:8,2223
3761,5489,0.06916729182295578,3.0,3.0,0.0,3.0,150,victory,1,0,,0,61,34,0:0|0:4|0:5|0:6|0:7|0:8|0:9|1:0|1:4|1:7|1:8|1:9|2:0|2:2|2:3|2:4|2:8|2:9|3:0|3:1|3:2|3:8|3:9|4:2|4:3|4:9|5:1|5:2|5:9|6:1|6:9|7:8|7:9|8:8,2223
3762,5490,0.06891972993248308,3.0,3.0,0.0,3.0,36,victory,1,0,,0,35,31,0:0|0:4|0:5|0:6|0:7|0:8|1:0|1:4|1:8|1:9|2:0|2:2|2:3|2:4|2:9|3:0|3:1|3:2|3:9|4:2|4:8|4:9|5:1|5:2|5:8|5:9|6:1|6:9|7:8|7:9|8:8,2223
3763,5491,0.06867216804201048,3.0,3.0,0.0,3.0,40,victory,1,0,,0,36,30,0:0|0:4|0:5|0:6|0:7|0:8|1:0|1:4|1:8|1:9|2:0|2:2|2:3|2:4|2:9|3:0|3:1|3:2|3:9|4:2|4:9|5:1|5:2|5:9|6:1|6:2|6:9|7:8|7:9|8:8,2223
3764,5492,0.06842460615153789,3.0,3.0,0.0,3.0,32,victory,1,0,,0,33,29,0:0|0:4|0:5|0:6|0:7|0:8|1:0|1:4|1:8|1:9|2:0|2:2|2:3|2:4|2:9|3:0|3:1|3:2|3:9|4:2|4:9|5:1|5:2|5:9|6:1|6:9|7:8|7:9|8:8,2223
3765,5493,0.06817704426106519,3.0,3.0,0.0,3.0,32,victory,1,0,,0,33,29,0:0|0:4|0:5|0:6|0:7|0:8|1:0|1:4|1:8|1:9|2:0|2:2|2:3|2:4|2:9|3:0|3:1|3:2|3:9|4:2|4:9|5:1|5:2|5:9|6:1|6:9|7:8|7:9|8:8,2223
3766,5494,0.0679294823705926,3.0,3.0,0.0,3.0,64,victory,1,0,,0,42,32,0:0|0:4|0:5|0:6|0:7|0:8|1:0|1:4|1:8|1:9|2:0|2:2|2:3|2:4|2:9|3:0|3:1|3:2|3:4|3:9|4:2|4:3|4:4|4:9|5:1|5:2|5:9|6:1|6:9|7:8|7:9|8:8,2223
3767,5495,0.06768192048012012,3.0,3.0,0.0,3.0,37,victory,1,0,,0,34,29,0:0|0:4|0:5|0:6|0:7|0:8|1:0|1:4|1:8|1:9|2:0|2:2|2:3|2:4|2:9|3:0|3:1|3:2|3:9|4:2|4:9|5:1|5:2|5:9|6:1|6:9|7:8|7:9|8:8,2223
3768,5496,0.06743435858964741,3.0,3.0,0.0,3.0,48,victory,1,0,,0,37,31,0:0|0:4|0:5|0:6|0:7|0:8|1:0|1:4|1:8|1:9|2:0|2:2|2:4|2:9|3:0|3:1|3:2|3:4|3:9|4:2|4:3|4:4|4:9|5:1|5:2|5:9|6:1|6:9|7:8|7:9|8:8,2223
3769,5497,0.06718679669917482,3.0,3.0,0.0,3.0,34,victory,1,0,,0,33,29,0:0|0:4|0:5|0:6|0:7|0:8|1:0|1:4|1:8|1:9|2:0|2:2|2:3|2:4|2:9|3:0|3:1|3:2|3:9|4:2|4:9|5:1|5:2|5:9|6:1|6:9|7:8|7:9|8:8,2223
3770,5498,0.06693923480870223,3.0,3.0,0.0,3.0,38,victory,1,0,,0,36,30,0:0|0:4|0:5|0:6|0:7|0:8|1:0|1:4|1:8|2:0|2:2|2:3|2:4|2:8|2:9|3:0|3:1|3:2|3:9|4:2|4:9|5:0|5:1|5:2|5:9|6:1|6:9|7:8|7:9|8:8,2223
3771,5499,0.06669167291822953,3.0,3.0,0.0,3.0,56,victory,1,0,,0,41,31,0:0|0:4|0:5|0:6|0:7|0:8|1:0|1:2|1:4|1:7|1:8|1:9|2:0|2:2|2:3|2:4|2:9|3:0|3:1|3:2|3:9|4:2|4:9|5:1|5:2|5:9|6:1|6:9|7:8|7:9|8:8,2223
3772,5500,0.06644411102775694,3.0,3.0,0.0,3.0,34,victory,1,0,,0,34,30,0:0|0:4|0:5|0:6|0:7|0:8|1:0|1:4|1:8|1:9|2:0|2:2|2:3|2:4|2:9|3:0|3:1|3:2|3:9|4:2|4:9|5:1|5:2|5:9|6:1|6:2|6:9|7:8|7:9|8:8,2223
3773,5501,0.06619654913728434,3.0,3.0,0.0,3.0,34,victory,1,0,,0,33,29,0:0|0:4|0:5|0:6|0:7|0:8|1:0|1:4|1:8|1:9|2:0|2:2|2:3|2:4|2:9|3:0|3:1|3:2|3:9|4:2|4:9|5:1|5:2|5:9|6:1|6:9|7:8|7:9|8:8,2223
3774,5502,0.06594898724681164,3.0,3.0,0.0,3.0,34,victory,1,0,,0,34,29,0:0|0:4|0:5|0:6|0:7|0:8|1:0|1:4|1:8|1:9|2:0|2:2|2:3|2:4|2:9|3:0|3:1|3:2|3:9|4:2|4:9|5:1|5:2|5:9|6:1|6:9|7:8|7:9|8:8,2223
3775,5503,0.06570142535633905,3.0,3.0,0.0,3.0,32,victory,1,0,,0,33,29,0:0|0:4|0:5|0:6|0:7|0:8|1:0|1:4|1:8|1:9|2:0|2:2|2:3|2:4|2:9|3:0|3:1|3:2|3:9|4:2|4:9|5:1|5:2|5:9|6:1|6:9|7:8|7:9|8:8,2223
3776,5504,0.06545386346586657,3.0,3.0,0.0,3.0,33,victory,1,0,,0,33,29,0:0|0:4|0:5|0:6|0:7|0:8|1:0|1:4|1:8|1:9|2:0|2:2|2:3|2:4|2:9|3:0|3:1|3:2|3:9|4:2|4:9|5:1|5:2|5:9|6:1|6:9|7:8|7:9|8:8,2223
3777,5505,0.06520630157539387,3.0,3.0,0.0,3.0,44,victory,1,0,,0,36,30,0:0|0:4|0:5|0:6|0:7|0:8|1:0|1:4|1:8|1:9|2:0|2:2|2:3|2:4|2:9|3:0|3:1|3:2|3:9|4:2|4:9|5:0|5:1|5:2|5:9|6:1|6:9|7:8|7:9|8:8,2223
3778,5506,0.06495873968492127,3.0,3.0,0.0,3.0,32,victory,1,0,,0,33,29,0:0|0:4|0:5|0:6|0:7|1:0|1:4|1:7|1:8|1:9|2:0|2:2|2:3|2:4|2:9|3:0|3:1|3:2|3:9|4:2|4:9|5:1|5:2|5:9|6:1|6:9|7:8|7:9|8:8,2223
3779,5507,0.06471117779444868,3.0,3.0,0.0,3.0,47,victory,1,0,,0,37,30,0:0|0:4|0:5|0:6|0:7|0:8|1:0|1:4|1:8|1:9|2:0|2:4|2:9|3:0|3:1|3:2|3:4|3:9|4:2|4:3|4:4|4:9|5:1|5:2|5:9|6:1|6:9|7:8|7:9|8:8,2223
3780,5508,0.06446361590397598,3.0,3.0,0.0,3.0,45,victory,1,0,,0,36,29,0:0|0:4|0:5|0:6|0:7|0:8|1:0|1:4|1:8|1:9|2:0|2:2|2:3|2:4|2:9|3:0|3:1|3:2|3:9|4:2|4:9|5:1|5:2|5:9|6:1|6:9|7:8|7:9|8:8,2223
3781,5509,0.06421605401350339,3.0,3.0,0.0,3.0,64,victory,1,0,,0,49,39,0:0|0:4|0:5|0:6|0:7|0:8|1:0|1:4|1:8|1:9|2:0|2:2|2:3|2:4|2:8|2:9|3:0|3:1|3:2|3:8|3:9|4:2|4:6|4:7|4:8|4:9|5:1|5:2|5:6|5:8|5:9|6:1|6:6|6:7|6:8|6:9|7:8|7:9|8:8,2223
3782,5510,0.06396849212303068,3.0,3.0,0.0,3.0,45,victory,1,0,,0,34,30,0:0|0:4|0:5|0:6|0:7|0:8|1:0|1:4|1:8|1:9|2:0|2:2|2:3|2:4|2:9|3:0|3:1|3:2|3:4|3:9|4:2|4:9|5:1|5:2|5:9|6:1|6:9|7:8|7:9|8:8,2223
3783,5511,0.06372093023255809,3.0,3.0,0.0,3.0,65,victory,1,0,,0,41,30,0:0|0:4|0:5|0:6|0:7|0:8|1:0|1:2|1:4|1:8|1:9|2:0|2:2|2:3|2:4|2:9|3:0|3:1|3:2|3:9|4:2|4:9|5:1|5:2|5:9|6:1|6:9|7:8|7:9|8:8,2223
3784,5512,0.0634733683420855,3.0,3.0,0.0,3.0,217,victory,1,0,,0,65,42,0:0|0:4|0:5|0:6|0:7|0:8|0:9|1:0|1:4|1:8|1:9|2:0|2:2|2:3|2:4|2:6|2:8|2:9|3:0|3:1|3:2|3:6|3:8|3:9|4:2|4:6|4:7|4:8|4:9|5:1|5:2|5:6|5:8|5:9|6:1|6:6|6:7|6:8|6:9|7:8|7:9|8:8,2223
3785,5513,0.06322580645161291,3.0,3.0,0.0,3.0,36,victory,1,0,,0,34,29,0:0|0:4|0:5|0:6|0:7|0:8|1:0|1:4|1:8|1:9|2:0|2:2|2:3|2:4|2:9|3:0|3:1|3:2|3:9|4:2|4:9|5:1|5:2|5:9|6:1|6:9|7:8|7:9|8:8,2223
3786,5514,0.06297824456114032,3.0,3.0,0.0,3.0,36,victory,1,0,,0,34,29,0:0|0:4|0:5|0:6|0:7|0:8|1:0|1:4|1:8|1:9|2:0|2:2|2:3|2:4|2:9|3:0|3:1|3:2|3:9|4:2|4:9|5:1|5:2|5:9|6:1|6:9|7:8|7:9|8:8,2223
3787,5515,0.06273068267066773,3.0,3.0,0.0,3.0,63,victory,1,0,,0,38,31,0:0|0:4|0:5|0:6|0:7|0:8|1:0|1:4|1:8|1:9|2:0|2:2|2:3|2:4|2:9|3:0|3:1|3:2|3:9|4:2|4:9|5:1|5:2|5:9|6:1|6:7|6:8|6:9|7:8|7:9|8:8,2223
3788,5516,0.06248312078019502,3.0,3.0,0.0,3.0,63,victory,1,0,,0,37,31,0:0|0:4|0:5|0:6|0:7|0:8|1:0|1:4|1:8|1:9|2:0|2:2|2:3|2:4|2:9|3:0|3:1|3:2|3:9|4:2|4:9|5:1|5:2|5:8|5:9|6:1|6:8|6:9|7:8|7:9|8:8,2223
3789,5517,0.06223555888972243,3.0,3.0,0.0,3.0,36,victory,1,0,,0,33,29,0:0|0:4|0:5|0:6|0:7|0:8|1:0|1:4|1:8|1:9|2:0|2:2|2:3|2:4|2:9|3:0|3:1|3:2|3:9|4:2|4:9|5:1|5:2|5:9|6:1|6:9|7:8|7:9|8:8,2223
3790,5518,0.06198799699924984,3.0,3.0,0.0,3.0,45,victory,1,0,,0,35,30,0:0|0:4|0:5|0:6|0:7|0:8|0:9|1:0|1:4|1:8|1:9|2:0|2:2|2:3|2:4|2:9|3:0|3:1|3:2|3:9|4:2|4:9|5:1|5:2|5:9|6:1|6:9|7:8|7:9|8:8,2223
3791,5519,0.061740435108777136,3.0,3.0,0.0,3.0,33,victory,1,0,,0,33,29,0:0|0:4|0:5|0:6|0:7|0:8|1:0|1:4|1:8|1:9|2:0|2:2|2:3|2:4|2:9|3:0|3:1|3:2|3:9|4:2|4:9|5:1|5:2|5:9|6:1|6:9|7:8|7:9|8:8,2223
3792,5520,0.061492873218304545,3.0,3.0,0.0,3.0,32,victory,1,0,,0,33,29,0:0|0:4|0:5|0:6|0:7|0:8|1:0|1:4|1:8|1:9|2:0|2:2|2:3|2:4|2:9|3:0|3:1|3:2|3:9|4:2|4:9|5:1|5:2|5:9|6:1|6:9|7:8|7:9|8:8,2223
3793,5521,0.06124531132783195,3.0,3.0,0.0,3.0,128,victory,1,0,,0,64,40,0:0|0:4|0:5|0:6|0:7|0:8|0:9|1:0|1:4|1:8|1:9|2:0|2:2|2:3|2:4|2:8|2:9|3:0|3:1|3:2|3:8|3:9|4:2|4:6|4:7|4:8|4:9|5:1|5:2|5:6|5:8|5:9|6:1|6:6|6:7|6:8|6:9|7:8|7:9|8:8,2223
3794,5522,0.06099774943735936,3.0,3.0,0.0,3.0,39,victory,1,0,,0,34,30,0:0|0:4|0:5|0:6|0:7|0:8|0:9|1:0|1:4|1:8|1:9|2:0|2:2|2:3|2:4|2:9|3:0|3:1|3:2|3:9|4:2|4:9|5:1|5:2|5:9|6:1|6:9|7:8|7:9|8:8,2223
3795,5523,0.06075018754688677,3.0,3.0,0.0,3.0,55,victory,1,0,,0,36,29,0:0|0:4|0:5|0:6|0:7|0:8|1:0|1:4|1:8|1:9|2:0|2:2|2:3|2:4|2:9|3:0|3:1|3:2|3:9|4:2|4:9|5:1|5:2|5:9|6:1|6:9|7:8|7:9|8:8,2223
3796,5524,0.06050262565641418,3.0,3.0,0.0,3.0,32,victory,1,0,,0,33,29,0:0|0:4|0:5|0:6|0:7|0:8|1:0|1:4|1:8|1:9|2:0|2:2|2:3|2:4|2:9|3:0|3:1|3:2|3:9|4:2|4:9|5:1|5:2|5:9|6:1|6:9|7:8|7:9|8:8,2223
3797,5525,0.060255063765941475,2.0,2.0,0.0,2.0,21,death,0,1,monster,0,22,18,0:0|0:4|0:5|0:6|0:7|1:0|1:4|2:0|2:2|2:3|2:4|3:0|3:1|3:2|4:2|5:1|5:2|6:1,2223
3798,5526,0.06000750187546888,3.0,3.0,0.0,3.0,35,victory,1,0,,0,35,29,0:0|0:4|0:5|0:6|0:7|0:8|1:0|1:4|1:8|1:9|2:0|2:2|2:3|2:4|2:9|3:0|3:1|3:2|3:9|4:2|4:9|5:1|5:2|5:9|6:1|6:9|7:8|7:9|8:8,2223
3799,5527,0.05975993998499629,3.0,3.0,0.0,3.0,46,victory,1,0,,0,38,30,0:0|0:4|0:5|0:6|0:7|0:8|1:0|1:4|1:8|1:9|2:0|2:2|2:3|2:4|2:9|3:0|3:1|3:2|3:9|4:2|4:3|4:9|5:1|5:2|5:9|6:1|6:9|7:8|7:9|8:8,2223
3800,5528,0.05951237809452359,3.0,3.0,0.0,3.0,38,victory,1,0,,0,35,31,0:0|0:4|0:5|0:6|0:7|0:8|1:0|1:4|1:8|1:9|2:0|2:2|2:3|2:4|2:9|3:0|3:1|3:2|3:9|4:2|4:9|5:1|5:2|5:8|5:9|6:1|6:2|6:9|7:8|7:9|8:8,2223
3801,5529,0.059264816204050996,3.0,3.0,0.0,3.0,35,victory,1,0,,0,34,29,0:0|0:4|0:5|0:6|0:7|0:8|1:0|1:4|1:8|1:9|2:0|2:2|2:3|2:4|2:9|3:0|3:1|3:2|3:9|4:2|4:9|5:1|5:2|5:9|6:1|6:9|7:8|7:9|8:8,2223
3802,5530,0.059017254313578404,3.0,3.0,0.0,3.0,53,victory,1,0,,0,38,31,0:0|0:4|0:5|0:6|0:7|0:8|1:0|1:4|1:8|1:9|2:0|2:2|2:3|2:4|2:8|2:9|3:0|3:1|3:2|3:9|4:2|4:9|5:1|5:2|5:9|6:1|6:8|6:9|7:8|7:9|8:8,2223
3803,5531,0.05876969242310581,3.0,3.0,0.0,3.0,43,victory,1,0,,0,36,29,0:0|0:4|0:5|0:6|0:7|0:8|1:0|1:4|1:8|1:9|2:0|2:2|2:3|2:4|2:9|3:0|3:1|3:2|3:9|4:2|4:9|5:1|5:2|5:9|6:1|6:9|7:8|7:9|8:8,2223
3804,5532,0.05852213053263322,3.0,3.0,0.0,3.0,38,victory,1,0,,0,35,29,0:0|0:4|0:5|0:6|0:7|0:8|1:0|1:4|1:8|1:9|2:0|2:2|2:3|2:4|2:9|3:0|3:1|3:2|3:9|4:2|4:9|5:1|5:2|5:9|6:1|6:9|7:8|7:9|8:8,2223
3805,5533,0.05827456864216052,3.0,3.0,0.0,3.0,85,victory,1,0,,0,44,31,0:0|0:2|0:4|0:5|0:6|0:7|0:8|1:0|1:2|1:4|1:8|1:9|2:0|2:2|2:3|2:4|2:9|3:0|3:1|3:2|3:9|4:2|4:9|5:1|5:2|5:9|6:1|6:9|7:8|7:9|8:8,2223
3806,5534,0.058027006751687926,3.0,3.0,0.0,3.0,49,victory,1,0,,0,36,29,0:0|0:4|0:5|0:6|0:7|0:8|1:0|1:4|1:8|1:9|2:0|2:2|2:3|2:4|2:9|3:0|3:1|3:2|3:9|4:2|4:9|5:1|5:2|5:9|6:1|6:9|7:8|7:9|8:8,2223
3807,5535,0.057779444861215334,3.0,3.0,0.0,3.0,32,victory,1,0,,0,33,29,0:0|0:4|0:5|0:6|0:7|0:8|1:0|1:4|1:8|1:9|2:0|2:2|2:3|2:4|2:9|3:0|3:1|3:2|3:9|4:2|4:9|5:1|5:2|5:9|6:1|6:9|7:8|7:9|8:8,2223
3808,5536,0.05753188297074263,3.0,3.0,0.0,3.0,39,victory,1,0,,0,34,29,0:0|0:4|0:5|0:6|0:7|0:8|1:0|1:4|1:8|1:9|2:0|2:2|2:3|2:4|2:9|3:0|3:1|3:2|3:9|4:2|4:9|5:1|5:2|5:9|6:1|6:9|7:8|7:9|8:8,2223
3809,5537,0.05728432108027004,3.0,3.0,0.0,3.0,141,victory,1,0,,0,64,39,0:0|0:4|0:5|0:6|0:7|0:8|0:9|1:0|1:4|1:6|1:7|1:8|1:9|2:0|2:2|2:3|2:4|2:6|2:9|3:0|3:1|3:2|3:6|3:8|3:9|4:2|4:6|4:7|4:8|4:9|5:0|5:1|5:2|5:9|6:1|6:9|7:8|7:9|8:8,2223
3810,5538,0.05703675918979745,3.0,3.0,0.0,3.0,34,victory,1,0,,0,33,29,0:0|0:4|0:5|0:6|0:7|0:8|1:0|1:4|1:8|1:9|2:0|2:2|2:3|2:4|2:9|3:0|3:1|3:2|3:9|4:2|4:9|5:1|5:2|5:9|6:1|6:9|7:8|7:9|8:8,2223
3811,5539,0.056789197299324856,3.0,3.0,0.0,3.0,57,victory,1,0,,0,49,34,0:0|0:4|0:5|0:6|0:7|0:8|1:0|1:2|1:4|1:6|1:7|1:8|1:9|2:0|2:2|2:3|2:4|2:9|3:0|3:1|3:2|3:9|4:2|4:3|4:9|5:0|5:1|5:2|5:9|6:1|6:9|7:8|7:9|8:8,2223
3812,5540,0.056541635408852264,1.0,1.0,0.0,1.0,35,death,0,1,monster,0,20,14,0:0|0:1|0:2|1:0|1:2|2:0|2:2|3:0|3:1|3:2|4:2|5:1|5:2|6:1,2223
3813,5541,0.05629407351837967,2.0,2.0,0.0,2.0,73,death,0,1,monster,0,41,27,0:0|0:4|0:5|0:6|0:7|0:8|0:9|1:0|1:4|1:7|1:8|1:9|2:0|2:2|2:3|2:4|2:8|2:9|3:0|3:1|3:2|3:8|3:9|4:2|5:1|5:2|6:1,2223
3814,5542,0.05604651162790697,3.0,3.0,0.0,3.0,73,victory,1,0,,0,37,32,0:0|0:4|0:5|0:6|0:7|0:8|0:9|1:0|1:2|1:4|1:8|1:9|2:0|2:2|2:3|2:4|2:9|3:0|3:1|3:2|3:9|4:2|4:3|4:9|5:1|5:2|5:9|6:1|6:9|7:8|7:9|8:8,2223
3815,5543,0.05579894973743438,3.0,3.0,0.0,3.0,40,victory,1,0,,0,35,29,0:0|0:4|0:5|0:6|0:7|0:8|1:0|1:4|1:8|1:9|2:0|2:2|2:3|2:4|2:9|3:0|3:1|3:2|3:9|4:2|4:9|5:1|5:2|5:9|6:1|6:9|7:8|7:9|8:8,2223
3816,5544,0.055551387846961786,3.0,3.0,0.0,3.0,38,victory,1,0,,0,35,30,0:0|0:4|0:5|0:6|0:7|0:8|1:0|1:4|1:8|1:9|2:0|2:2|2:3|2:4|2:9|3:0|3:1|3:2|3:9|4:2|4:9|5:1|5:2|5:9|6:0|6:1|6:9|7:8|7:9|8:8,2223
3817,5545,0.05530382595648908,3.0,3.0,0.0,3.0,33,victory,1,0,,0,33,29,0:0|0:4|0:5|0:6|0:7|0:8|1:0|1:4|1:8|1:9|2:0|2:2|2:3|2:4|2:9|3:0|3:1|3:2|3:9|4:2|4:9|5:1|5:2|5:9|6:1|6:9|7:8|7:9|8:8,2223
3818,5546,0.05505626406601649,3.0,3.0,0.0,3.0,58,victory,1,0,,0,37,29,0:0|0:4|0:5|0:6|0:7|0:8|1:0|1:4|1:8|1:9|2:0|2:2|2:3|2:4|2:9|3:0|3:1|3:2|3:9|4:2|4:9|5:1|5:2|5:9|6:1|6:9|7:8|7:9|8:8,2223
3819,5547,0.0548087021755439,3.0,3.0,0.0,3.0,44,victory,1,0,,0,40,32,0:0|0:4|0:5|0:6|0:7|0:8|1:0|1:4|1:8|1:9|2:0|2:2|2:3|2:4|2:9|3:0|3:1|3:2|3:8|3:9|4:2|4:3|4:9|5:1|5:2|5:9|6:1|6:2|6:9|7:9|8:8|8:9,2223
3820,5548,0.05456114028507131,3.0,3.0,0.0,3.0,48,victory,1,0,,0,41,32,0:0|0:4|0:5|0:6|0:7|0:8|1:0|1:4|1:8|1:9|2:0|2:2|2:3|2:4|2:9|3:0|3:1|3:2|3:9|4:2|4:9|5:1|5:2|5:9|6:1|6:2|6:3|6:4|6:9|7:8|7:9|8:8,2223
3821,5549,0.054313578394598716,3.0,3.0,0.0,3.0,43,victory,1,0,,0,38,32,0:0|0:4|0:5|0:6|0:7|0:8|1:0|1:4|1:6|1:7|1:8|1:9|2:0|2:2|2:3|2:4|2:9|3:0|3:1|3:2|3:9|4:2|4:9|5:1|5:2|5:9|6:1|6:2|6:9|7:8|7:9|8:8,2223
3822,5550,0.05406601650412601,3.0,3.0,0.0,3.0,41,victory,1,0,,0,34,30,0:0|0:4|0:5|0:6|0:7|0:8|1:0|1:4|1:8|1:9|2:0|2:2|2:3|2:4|2:9|3:0|3:1|3:2|3:9|4:2|4:9|5:0|5:1|5:2|5:9|6:1|6:9|7:8|7:9|8:8,2223
3823,5551,0.05381845461365342,2.0,2.0,0.0,2.0,118,death,0,1,monster,0,53,34,0:0|0:4|0:5|0:6|0:7|0:8|1:0|1:4|1:7|1:8|1:9|2:0|2:2|2:3|2:4|2:8|2:9|3:0|3:1|3:2|3:9|4:2|4:8|4:9|5:1|5:2|5:8|5:9|6:1|6:7|6:8|6:9|7:8|7:9,2223
3824,5552,0.05357089272318083,3.0,3.0,0.0,3.0,35,victory,1,0,,0,33,29,0:0|0:4|0:5|0:6|0:7|0:8|1:0|1:4|1:8|1:9|2:0|2:2|2:3|2:4|2:9|3:0|3:1|3:2|3:9|4:2|4:9|5:1|5:2|5:9|6:1|6:9|7:9|8:8|8:9,2223
3825,5553,0.05332333083270813,3.0,3.0,0.0,3.0,90,victory,1,0,,0,54,41,0:0|0:4|0:5|0:6|0:7|0:8|0:9|1:0|1:4|1:6|1:7|1:8|1:9|2:0|2:2|2:3|2:4|2:6|2:8|2:9|3:0|3:1|3:2|3:6|3:8|3:9|4:2|4:3|4:6|4:7|4:8|5:1|5:2|5:8|5:9|6:1|6:2|6:9|7:9|8:8|8:9,2223
3826,5554,0.053075768942235535,3.0,3.0,0.0,3.0,61,victory,1,0,,0,45,32,0:0|0:4|0:5|0:6|0:7|0:8|0:9|1:0|1:4|1:8|1:9|2:0|2:2|2:3|2:4|2:8|2:9|3:0|3:1|3:2|3:8|3:9|4:2|4:9|5:1|5:2|5:9|6:1|6:9|7:9|8:8|8:9,2223
3827,5555,0.05282820705176294,3.0,3.0,0.0,3.0,61,victory,1,0,,0,48,31,0:0|0:4|0:5|0:6|0:7|0:8|0:9|1:0|1:4|1:7|1:8|1:9|2:0|2:2|2:3|2:4|2:9|3:0|3:1|3:2|3:9|4:2|4:9|5:1|5:2|5:9|6:1|6:9|7:9|8:8|8:9,2223
3828,5556,0.05258064516129024,3.0,3.0,0.0,3.0,53,victory,1,0,,0,33,29,0:0|0:4|0:5|0:6|0:7|0:8|1:0|1:4|1:8|1:9|2:0|2:2|2:3|2:4|2:9|3:0|3:1|3:2|3:9|4:2|4:9|5:1|5:2|5:9|6:1|6:9|7:9|8:8|8:9,2223
3829,5557,0.05233308327081776,3.0,3.0,0.0,3.0,46,victory,1,0,,0,37,29,0:0|0:4|0:5|0:6|0:7|0:8|1:0|1:4|1:8|1:9|2:0|2:2|2:3|2:4|2:9|3:0|3:1|3:2|3:9|4:2|4:9|5:1|5:2|5:9|6:1|6:9|7:9|8:8|8:9,2223
3830,5558,0.05208552138034517,3.0,3.0,0.0,3.0,34,victory,1,0,,0,34,29,0:0|0:4|0:5|0:6|0:7|0:8|1:0|1:4|1:8|1:9|2:0|2:2|2:3|2:4|2:9|3:0|3:1|3:2|3:9|4:2|4:9|5:1|5:2|5:9|6:1|6:9|7:9|8:8|8:9,2223
3831,5559,0.051837959489872465,3.0,3.0,0.0,3.0,34,victory,1,0,,0,34,30,0:0|0:4|0:5|0:6|0:7|0:8|0:9|1:0|1:4|1:8|1:9|2:0|2:2|2:3|2:4|2:9|3:0|3:1|3:2|3:9|4:2|4:9|5:1|5:2|5:9|6:1|6:9|7:9|8:8|8:9,2223
3832,5560,0.05159039759939987,3.0,3.0,0.0,3.0,306,victory,1,0,,0,58,35,0:0|0:1|0:2|0:4|0:5|0:6|0:7|0:8|1:0|1:2|1:4|1:8|1:9|2:0|2:2|2:3|2:4|2:9|3:0|3:1|3:2|3:4|3:9|4:2|4:3|4:4|4:9|5:1|5:2|5:9|6:1|6:9|7:9|8:8|8:9,2223
3833,5561,0.05134283570892728,3.0,3.0,0.0,3.0,144,victory,1,0,,0,55,40,0:0|0:4|0:5|0:6|0:7|0:8|1:0|1:4|1:8|1:9|2:0|2:2|2:3|2:4|2:8|2:9|3:0|3:1|3:2|3:4|3:8|3:9|4:2|4:6|4:7|4:8|4:9|5:1|5:2|5:6|5:8|5:9|6:1|6:6|6:7|6:8|6:9|7:9|8:8|8:9,2223
3834,5562,0.05109527381845458,3.0,3.0,0.0,3.0,40,victory,1,0,,0,33,29,0:0|0:4|0:5|0:6|0:7|0:8|1:0|1:4|1:8|1:9|2:0|2:2|2:3|2:4|2:9|3:0|3:1|3:2|3:9|4:2|4:9|5:1|5:2|5:9|6:1|6:9|7:9|8:8|8:9,2223
3835,5563,0.05084771192798199,3.0,3.0,0.0,3.0,35,victory,1,0,,0,33,29,0:0|0:4|0:5|0:6|0:7|0:8|1:0|1:4|1:8|1:9|2:0|2:2|2:3|2:4|2:9|3:0|3:1|3:2|3:9|4:2|4:9|5:1|5:2|5:9|6:1|6:9|7:9|8:8|8:9,2223
3836,5564,0.050600150037509395,3.0,3.0,0.0,3.0,107,victory,1,0,,0,68,35,0:0|0:4|0:5|0:6|0:7|0:8|0:9|1:0|1:4|1:6|1:7|1:8|1:9|2:0|2:2|2:3|2:4|2:8|2:9|3:0|3:1|3:2|3:8|3:9|4:2|4:9|5:1|5:2|5:8|5:9|6:1|6:9|7:9|8:8|8:9,2223
3837,5565,0.05035258814703669,3.0,3.0,0.0,3.0,130,victory,1,0,,0,49,34,0:0|0:4|0:5|0:6|0:7|0:8|0:9|1:0|1:4|1:7|1:8|1:9|2:0|2:2|2:3|2:4|2:8|2:9|3:0|3:1|3:2|3:8|3:9|4:2|4:9|5:1|5:2|5:9|6:1|6:2|6:9|7:9|8:8|8:9,2223
3838,5566,0.05010502625656421,3.0,3.0,0.0,3.0,35,victory,1,0,,0,33,29,0:0|0:4|0:5|0:6|0:7|0:8|1:0|1:4|1:8|2:0|2:2|2:3|2:4|2:8|2:9|3:0|3:1|3:2|3:9|4:2|4:9|5:1|5:2|5:9|6:1|6:9|7:9|8:8|8:9,2223
3839,5567,0.04985746436609151,3.0,3.0,0.0,3.0,33,victory,1,0,,0,33,29,0:0|0:4|0:5|0:6|0:7|0:8|1:0|1:4|1:8|2:0|2:2|2:3|2:4|2:8|2:9|3:0|3:1|3:2|3:9|4:2|4:9|5:1|5:2|5:9|6:1|6:9|7:9|8:8|8:9,2223
3840,5568,0.04960990247561892,3.0,3.0,0.0,3.0,33,victory,1,0,,0,33,29,0:0|0:4|0:5|0:6|0:7|0:8|1:0|1:4|1:8|2:0|2:2|2:3|2:4|2:8|2:9|3:0|3:1|3:2|3:9|4:2|4:9|5:1|5:2|5:9|6:1|6:9|7:9|8:8|8:9,2223
3841,5569,0.049362340585146325,3.0,3.0,0.0,3.0,37,victory,1,0,,0,34,30,0:0|0:4|0:5|0:6|0:7|0:8|1:0|1:4|1:8|2:0|2:2|2:3|2:4|2:8|2:9|3:0|3:1|3:2|3:9|4:2|4:9|5:1|5:2|5:9|6:1|6:9|7:9|8:8|8:9|9:9,2223
3842,5570,0.04911477869467362,3.0,3.0,0.0,3.0,36,victory,1,0,,0,33,29,0:0|0:4|0:5|0:6|0:7|0:8|1:0|1:4|1:8|2:0|2:2|2:3|2:4|2:8|2:9|3:0|3:1|3:2|3:9|4:2|4:9|5:1|5:2|5:9|6:1|6:9|7:9|8:8|8:9,2223
3843,5571,0.04886721680420103,3.0,3.0,0.0,3.0,32,victory,1,0,,0,33,29,0:0|0:4|0:5|0:6|0:7|0:8|1:0|1:4|1:8|2:0|2:2|2:3|2:4|2:8|2:9|3:0|3:1|3:2|3:9|4:2|4:9|5:1|5:2|5:9|6:1|6:9|7:9|8:8|8:9,2223
3844,5572,0.04861965491372844,3.0,3.0,0.0,3.0,32,victory,1,0,,0,33,29,0:0|0:4|0:5|0:6|0:7|0:8|1:0|1:4|1:8|2:0|2:2|2:3|2:4|2:8|2:9|3:0|3:1|3:2|3:9|4:2|4:9|5:1|5:2|5:9|6:1|6:9|7:9|8:8|8:9,2223
3845,5573,0.048372093023255736,3.0,3.0,0.0,3.0,46,victory,1,0,,0,37,30,0:0|0:4|0:5|0:6|0:7|0:8|1:0|1:4|1:8|2:0|2:2|2:3|2:4|2:8|2:9|3:0|3:1|3:2|3:9|4:2|4:3|4:9|5:1|5:2|5:9|6:1|6:9|7:9|8:8|8:9,2223
3846,5574,0.048124531132783255,3.0,3.0,0.0,3.0,45,victory,1,0,,0,36,30,0:0|0:4|0:5|0:6|0:7|0:8|1:0|1:4|1:8|2:0|2:2|2:3|2:4|2:8|2:9|3:0|3:1|3:2|3:9|4:2|4:9|5:1|5:2|5:9|6:1|6:2|6:9|7:9|8:8|8:9,2223
3847,5575,0.04787696924231066,3.0,3.0,0.0,3.0,37,victory,1,0,,0,34,30,0:0|0:4|0:5|0:6|0:7|0:8|1:0|1:4|1:8|2:0|2:2|2:3|2:4|2:8|2:9|3:0|3:1|3:2|3:9|4:2|4:3|4:9|5:1|5:2|5:9|6:1|6:9|7:9|8:8|8:9,2223
3848,5576,0.04762940735183796,3.0,3.0,0.0,3.0,32,victory,1,0,,0,33,29,0:0|0:4|0:5|0:6|0:7|0:8|1:0|1:4|1:8|2:0|2:2|2:3|2:4|2:8|3:0|3:1|3:2|3:8|4:2|4:8|5:1|5:2|5:8|5:9|6:1|6:9|7:9|8:8|8:9,2223
3849,5577,0.04738184546136537,3.0,3.0,0.0,3.0,54,victory,1,0,,0,44,32,0:0|0:4|0:5|0:6|0:7|0:8|1:0|1:4|1:8|2:0|2:2|2:3|2:4|2:8|2:9|3:0|3:1|3:2|3:8|3:9|4:2|4:9|5:1|5:2|5:9|6:1|6:8|6:9|7:8|7:9|8:8|8:9,2223
3850,5578,0.04713428357089278,3.0,3.0,0.0,3.0,108,victory,1,0,,0,52,34,0:0|0:4|0:5|0:6|0:7|0:8|0:9|1:0|1:4|1:8|1:9|2:0|2:2|2:3|2:4|2:8|2:9|3:0|3:1|3:2|3:8|3:9|4:2|4:8|4:9|5:1|5:2|5:8|5:9|6:1|6:9|7:9|8:8|8:9,2223
3851,5579,0.046886721680420074,3.0,3.0,0.0,3.0,34,victory,1,0,,0,33,29,0:0|0:4|0:5|0:6|0:7|0:8|1:0|1:4|1:8|2:0|2:2|2:3|2:4|2:8|2:9|3:0|3:1|3:2|3:9|4:2|4:9|5:1|5:2|5:9|6:1|6:9|7:9|8:8|8:9,2223
3852,5580,0.04663915978994748,3.0,3.0,0.0,3.0,32,victory,1,0,,0,33,29,0:0|0:4|0:5|0:6|0:7|0:8|1:0|1:4|1:8|2:0|2:2|2:3|2:4|2:8|2:9|3:0|3:1|3:2|3:9|4:2|4:9|5:1|5:2|5:9|6:1|6:9|7:9|8:8|8:9,2223
3853,5581,0.04639159789947489,3.0,3.0,0.0,3.0,73,victory,1,0,,0,43,33,0:0|0:4|0:5|0:6|0:7|0:8|1:0|1:4|1:8|2:0|2:2|2:3|2:4|2:8|2:9|3:0|3:1|3:2|3:8|3:9|4:2|4:8|4:9|5:1|5:2|5:8|5:9|6:1|6:7|6:8|6:9|7:8|8:8,2223
3854,5582,0.04614403600900219,3.0,3.0,0.0,3.0,193,victory,1,0,,0,64,33,0:0|0:4|0:5|0:6|0:7|0:8|0:9|1:0|1:4|1:6|1:7|1:8|1:9|2:0|2:2|2:3|2:4|2:8|2:9|3:0|3:1|3:2|3:9|4:2|4:9|5:1|5:2|5:9|6:1|6:9|7:9|8:8|8:9,2223
3855,5583,0.045896474118529706,3.0,3.0,0.0,3.0,36,victory,1,0,,0,34,29,0:0|0:4|0:5|0:6|0:7|0:8|1:0|1:4|1:8|1:9|2:0|2:2|2:3|2:4|2:9|3:0|3:1|3:2|3:9|4:2|4:9|5:1|5:2|5:9|6:1|6:9|7:9|8:8|8:9,2223
3856,5584,0.045648912228057115,3.0,3.0,0.0,3.0,35,victory,1,0,,0,34,29,0:0|0:4|0:5|0:6|0:7|0:8|1:0|1:4|1:8|1:9|2:0|2:2|2:3|2:4|2:9|3:0|3:1|3:2|3:9|4:2|4:9|5:1|5:2|5:9|6:1|6:9|7:9|8:8|8:9,2223
3857,5585,0.04540135033758441,3.0,3.0,0.0,3.0,32,victory,1,0,,0,33,29,0:0|0:4|0:5|0:6|0:7|0:8|1:0|1:4|1:8|1:9|2:0|2:2|2:3|2:4|2:9|3:0|3:1|3:2|3:9|4:2|4:9|5:1|5:2|5:9|6:1|6:9|7:9|8:8|8:9,2223
3858,5586,0.04515378844711182,3.0,3.0,0.0,3.0,43,victory,1,0,,0,37,30,0:0|0:1|0:4|0:5|0:6|0:7|0:8|1:0|1:4|1:8|1:9|2:0|2:2|2:3|2:4|2:9|3:0|3:1|3:2|3:9|4:2|4:9|5:1|5:2|5:9|6:1|6:9|7:9|8:8|8:9,2223
3859,5587,0.04490622655663912,3.0,3.0,0.0,3.0,41,victory,1,0,,0,40,32,0:0|0:4|0:5|0:6|0:7|0:8|1:0|1:4|1:8|1:9|2:0|2:2|2:3|2:4|2:9|3:0|3:1|3:2|3:9|4:2|4:9|5:0|5:1|5:2|5:9|6:0|6:1|6:9|7:0|7:9|8:8|8:9,2223
3860,5588,0.044658664666166525,2.0,2.0,0.0,2.0,289,death,0,1,monster,0,58,29,0:0|0:4|0:5|0:6|0:7|0:8|0:9|1:0|1:4|1:7|1:8|1:9|2:0|2:2|2:3|2:4|2:8|2:9|3:0|3:1|3:2|3:8|3:9|4:2|4:9|5:1|5:2|5:9|6:1,2223
3861,5589,0.044411102775693934,3.0,3.0,0.0,3.0,42,victory,1,0,,0,36,29,0:0|0:4|0:5|0:6|0:7|0:8|1:0|1:4|1:8|1:9|2:0|2:2|2:3|2:4|2:9|3:0|3:1|3:2|3:9|4:2|4:9|5:1|5:2|5:9|6:1|6:9|7:9|8:8|8:9,2223
3862,5590,0.04416354088522123,1.0,1.0,0.0,1.0,10,death,0,1,monster,0,11,11,0:0|1:0|2:0|3:0|3:1|3:2|4:2|5:1|5:2|6:1|6:2,2223
3863,5591,0.04391597899474864,3.0,3.0,0.0,3.0,99,victory,1,0,,0,35,31,0:0|0:4|0:5|0:6|0:7|0:8|1:0|1:4|1:8|1:9|2:0|2:2|2:3|2:4|2:8|2:9|3:0|3:1|3:2|3:9|4:2|4:9|5:1|5:2|5:9|6:1|6:2|6:9|7:9|8:8|8:9,2223
3864,5592,0.04366841710427616,1.0,1.0,0.0,1.0,54,death,0,1,monster,0,25,15,0:0|1:0|1:4|2:0|2:2|2:3|2:4|3:0|3:1|3:2|4:2|5:1|5:2|6:1|6:2,2223
3865,5593,0.043420855213803455,3.0,3.0,0.0,3.0,95,victory,1,0,,0,55,39,0:0|0:4|0:5|0:6|0:7|1:0|1:4|1:6|1:7|2:0|2:2|2:3|2:4|2:6|3:0|3:1|3:2|3:4|3:5|3:6|4:2|4:4|4:5|4:6|4:7|4:8|5:0|5:1|5:2|5:4|5:6|5:8|5:9|6:1|6:2|6:9|7:9|8:8|8:9,2224
3866,5594,0.043173293323330864,3.0,3.0,0.0,3.0,46,victory,1,0,,0,34,30,0:0|0:4|0:5|0:6|0:7|0:8|1:0|1:4|1:8|1:9|2:0|2:2|2:3|2:4|2:9|3:0|3:1|3:2|3:9|4:2|4:9|5:1|5:2|5:9|6:1|6:2|6:9|7:9|8:8|8:9,2224
3867,5595,0.04292573143285827,3.0,3.0,0.0,3.0,47,victory,1,0,,0,40,31,0:0|0:4|0:5|0:6|0:7|0:8|0:9|1:0|1:4|1:8|1:9|2:0|2:2|2:3|2:4|2:9|3:0|3:1|3:2|3:9|4:2|4:9|5:1|5:2|5:9|6:1|6:2|6:8|6:9|7:8|8:8,2224
3868,5596,0.04267816954238557,3.0,3.0,0.0,3.0,40,victory,1,0,,0,35,30,0:0|0:4|0:5|0:6|0:7|0:8|1:0|1:4|1:8|1:9|2:0|2:2|2:3|2:4|2:9|3:0|3:1|3:2|3:9|4:2|4:9|5:1|5:2|5:9|6:1|6:2|6:9|7:9|8:8|8:9,2224
3869,5597,0.04243060765191298,3.0,3.0,0.0,3.0,36,victory,1,0,,0,35,30,0:0|0:4|0:5|0:6|0:7|0:8|1:0|1:4|1:8|1:9|2:0|2:2|2:3|2:4|2:9|3:0|3:1|3:2|3:9|4:2|4:9|5:1|5:2|5:9|6:1|6:2|6:9|7:9|8:8|8:9,2224
3870,5598,0.042183045761440385,3.0,3.0,0.0,3.0,40,victory,1,0,,0,34,30,0:0|0:4|0:5|0:6|0:7|0:8|1:0|1:4|1:8|1:9|2:0|2:2|2:3|2:4|2:9|3:0|3:1|3:2|3:9|4:2|4:9|5:1|5:2|5:9|6:1|6:9|7:9|8:8|8:9|9:9,2224
3871,5599,0.04193548387096768,3.0,3.0,0.0,3.0,41,victory,1,0,,0,35,29,0:0|0:4|0:5|0:6|0:7|0:8|1:0|1:4|1:8|1:9|2:0|2:2|2:3|2:4|2:9|3:0|3:1|3:2|3:9|4:2|4:9|5:1|5:2|5:9|6:1|6:9|7:9|8:8|8:9,2224
3872,5600,0.04168792198049509,3.0,3.0,0.0,3.0,34,victory,1,0,,0,34,30,0:0|0:4|0:5|0:6|0:7|0:8|1:0|1:4|1:8|1:9|2:0|2:2|2:3|2:4|2:9|3:0|3:1|3:2|3:9|4:2|4:9|5:1|5:2|5:9|6:1|6:2|6:9|7:9|8:8|8:9,2224
3873,5601,0.04144036009002261,3.0,3.0,0.0,3.0,93,victory,1,0,,0,51,29,0:0|0:4|0:5|0:6|0:7|0:8|1:0|1:4|1:8|1:9|2:0|2:2|2:3|2:4|2:9|3:0|3:1|3:2|3:9|4:2|4:9|5:1|5:2|5:9|6:1|6:9|7:9|8:8|8:9,2224
3874,5602,0.04119279819954991,3.0,3.0,0.0,3.0,36,victory,1,0,,0,33,29,0:0|0:4|0:5|0:6|0:7|0:8|1:0|1:4|1:8|1:9|2:0|2:2|2:3|2:4|2:9|3:0|3:1|3:2|3:9|4:2|4:9|5:1|5:2|5:9|6:1|6:9|7:9|8:8|8:9,2224
3875,5603,0.040945236309077315,3.0,3.0,0.0,3.0,34,victory,1,0,,0,33,29,0:0|0:4|0:5|0:6|0:7|0:8|1:0|1:4|1:8|1:9|2:0|2:2|2:3|2:4|2:9|3:0|3:1|3:2|3:9|4:2|4:9|5:1|5:2|5:9|6:1|6:9|7:9|8:8|8:9,2224
3876,5604,0.04069767441860472,3.0,3.0,0.0,3.0,41,victory,1,0,,0,36,30,0:0|0:4|0:5|0:6|0:7|0:8|1:0|1:4|1:8|1:9|2:0|2:2|2:3|2:4|2:9|3:0|3:1|3:2|3:9|4:2|4:9|5:1|5:2|5:9|6:0|6:1|6:9|7:9|8:8|8:9,2224
3877,5605,0.04045011252813202,3.0,3.0,0.0,3.0,34,victory,1,0,,0,33,29,0:0|0:4|0:5|0:6|0:7|0:8|1:0|1:4|1:8|1:9|2:0|2:2|2:3|2:4|2:9|3:0|3:1|3:2|3:9|4:2|4:9|5:1|5:2|5:9|6:1|6:9|7:9|8:8|8:9,2224
3878,5606,0.04020255063765943,3.0,3.0,0.0,3.0,41,victory,1,0,,0,36,30,0:0|0:4|0:5|0:6|0:7|0:8|1:0|1:4|1:8|1:9|2:0|2:4|2:9|3:0|3:1|3:2|3:4|3:9|4:2|4:3|4:4|4:9|5:1|5:2|5:9|6:1|6:9|7:9|8:8|8:9,2224
3879,5607,0.039954988747186726,1.0,1.0,0.0,1.0,57,death,0,1,monster,0,28,14,0:0|1:0|2:0|2:2|2:3|2:4|3:0|3:1|3:2|4:2|5:1|5:2|6:0|6:1,2224
3880,5608,0.039707426856714134,3.0,3.0,0.0,3.0,32,victory,1,0,,0,33,29,0:0|0:4|0:5|0:6|0:7|0:8|1:0|1:4|1:8|1:9|2:0|2:2|2:3|2:4|2:9|3:0|3:1|3:2|3:9|4:2|4:9|5:1|5:2|5:9|6:1|6:9|7:9|8:8|8:9,2224
3881,5609,0.03945986496624154,3.0,3.0,0.0,3.0,35,victory,1,0,,0,33,29,0:0|0:4|0:5|0:6|0:7|0:8|1:0|1:4|1:8|1:9|2:0|2:2|2:3|2:4|2:9|3:0|3:1|3:2|3:9|4:2|4:9|5:1|5:2|5:9|6:1|6:9|7:9|8:8|8:9,2224
3882,5610,0.03921230307576895,3.0,3.0,0.0,3.0,69,victory,1,0,,0,38,30,0:0|0:4|0:5|0:6|0:7|0:8|1:0|1:2|1:4|1:8|2:0|2:2|2:3|2:4|2:8|2:9|3:0|3:1|3:2|3:9|4:2|4:9|5:1|5:2|5:9|6:1|6:9|7:9|8:8|8:9,2224
3883,5611,0.03896474118529636,3.0,3.0,0.0,3.0,48,victory,1,0,,0,39,30,0:0|0:4|0:5|0:6|0:7|0:8|1:0|1:4|1:8|1:9|2:0|2:2|2:3|2:4|2:9|3:0|3:1|3:2|3:9|4:2|4:9|5:1|5:2|5:9|6:1|6:2|6:9|7:9|8:8|8:9,2224
3884,5612,0.03871717929482377,3.0,3.0,0.0,3.0,34,victory,1,0,,0,33,29,0:0|0:4|0:5|0:6|0:7|0:8|1:0|1:4|1:8|1:9|2:0|2:2|2:3|2:4|2:9|3:0|3:1|3:2|3:9|4:2|4:9|5:1|5:2|5:9|6:1|6:9|7:9|8:8|8:9,2224
3885,5613,0.038469617404351064,3.0,3.0,0.0,3.0,157,victory,1,0,,0,56,35,0:0|0:1|0:2|0:4|0:5|0:6|0:7|0:8|1:0|1:2|1:4|1:8|1:9|2:0|2:2|2:3|2:4|2:9|3:0|3:1|3:2|3:4|3:9|4:2|4:3|4:4|4:9|5:1|5:2|5:9|6:1|6:9|7:9|8:8|8:9,2224
3886,5614,0.03822205551387847,3.0,3.0,0.0,3.0,138,victory,1,0,,0,70,47,0:0|0:6|0:7|1:0|1:4|1:6|1:7|1:8|2:0|2:2|2:3|2:4|2:6|2:8|3:0|3:1|3:2|3:4|3:5|3:6|3:8|4:2|4:3|4:4|4:5|4:6|4:8|5:0|5:1|5:2|5:8|6:0|6:1|6:8|7:0|7:8|8:0|8:1|8:2|8:7|8:8|9:2|9:3|9:4|9:5|9:6|9:7,2227
3887,5615,0.03797449362340588,3.0,3.0,0.0,3.0,85,victory,1,0,,0,47,33,0:0|0:1|0:2|0:4|0:5|0:6|0:7|0:8|1:0|1:2|1:4|1:8|1:9|2:0|2:2|2:3|2:4|2:9|3:0|3:1|3:2|3:9|4:2|4:9|5:1|5:2|5:9|6:1|6:2|6:9|7:9|8:8|8:9,2227
3888,5616,0.03772693173293318,3.0,3.0,0.0,3.0,63,victory,1,0,,0,43,33,0:0|0:1|0:2|0:4|0:5|0:6|0:7|0:8|1:0|1:2|1:4|1:8|1:9|2:0|2:2|2:3|2:4|2:9|3:0|3:1|3:2|3:9|4:2|4:9|5:1|5:2|5:9|6:1|6:2|6:9|7:9|8:8|8:9,2227
3889,5617,0.037479369842460586,3.0,3.0,0.0,3.0,311,victory,1,0,,0,70,37,0:0|0:4|0:5|0:6|0:7|0:8|0:9|1:0|1:4|1:6|1:7|1:8|1:9|2:0|2:2|2:3|2:4|2:6|2:8|2:9|3:0|3:1|3:2|3:8|3:9|4:2|4:9|5:1|5:2|5:9|6:1|6:2|6:9|7:8|7:9|8:8|8:9,2227
3890,5618,0.037231807951988105,3.0,3.0,0.0,3.0,42,victory,1,0,,0,39,32,0:0|0:4|0:5|0:6|0:7|0:8|1:0|1:2|1:4|1:8|1:9|2:0|2:2|2:3|2:4|2:9|3:0|3:1|3:2|3:9|4:2|4:9|5:0|5:1|5:2|5:9|6:1|6:2|6:9|7:9|8:8|8:9,2227
3891,5619,0.0369842460615154,3.0,3.0,0.0,3.0,33,victory,1,0,,0,33,30,0:0|0:4|0:5|0:6|0:7|0:8|1:0|1:4|1:8|1:9|2:0|2:2|2:3|2:4|2:9|3:0|3:1|3:2|3:9|4:2|4:9|5:1|5:2|5:9|6:1|6:2|6:9|7:9|8:8|8:9,2227
3892,5620,0.03673668417104281,2.0,2.0,0.0,2.0,164,death,0,1,monster,0,66,38,0:0|0:4|0:5|0:6|0:7|0:8|0:9|1:0|1:4|1:7|1:8|1:9|2:0|2:2|2:3|2:4|2:8|2:9|3:0|3:1|3:2|3:8|3:9|4:2|4:6|4:7|4:8|4:9|5:1|5:2|5:8|5:9|6:1|6:2|6:7|6:8|6:9|7:9,2227
3893,5621,0.03648912228057022,3.0,3.0,0.0,3.0,195,victory,1,0,,0,58,41,0:0|0:4|0:5|0:6|0:7|0:8|0:9|1:0|1:4|1:6|1:7|1:8|1:9|2:0|2:2|2:3|2:4|2:6|2:9|3:0|3:1|3:2|3:6|3:9|4:2|4:6|4:7|4:8|4:9|5:1|5:2|5:6|5:8|5:9|6:1|6:2|6:6|6:9|7:9|8:8|8:9,2227
3894,5622,0.036241560390097516,3.0,3.0,0.0,3.0,34,victory,1,0,,0,35,31,0:0|0:4|0:5|0:6|0:7|0:8|1:0|1:4|1:8|1:9|2:0|2:4|2:9|3:0|3:1|3:2|3:4|3:9|4:2|4:3|4:4|4:9|5:1|5:2|5:9|6:1|6:2|6:9|7:9|8:8|8:9,2227
3895,5623,0.035993998499624924,3.0,3.0,0.0,3.0,33,victory,1,0,,0,33,30,0:0|0:4|0:5|0:6|0:7|0:8|1:0|1:4|1:8|1:9|2:0|2:2|2:3|2:4|2:9|3:0|3:1|3:2|3:9|4:2|4:9|5:1|5:2|5:9|6:1|6:2|6:9|7:9|8:8|8:9,2227
3896,5624,0.03574643660915222,3.0,3.0,0.0,3.0,66,victory,1,0,,0,46,34,0:0|0:4|0:5|0:6|0:7|0:8|0:9|1:0|1:4|1:8|1:9|2:0|2:2|2:3|2:4|2:9|3:0|3:1|3:2|3:8|3:9|4:2|4:8|4:9|5:1|5:2|5:8|5:9|6:1|6:2|6:9|7:9|8:8|8:9,2227
3897,5625,0.03549887471867963,3.0,3.0,0.0,3.0,43,victory,1,0,,0,36,30,0:0|0:4|0:5|0:6|0:7|0:8|1:0|1:4|1:8|1:9|2:0|2:2|2:3|2:4|2:9|3:0|3:1|3:2|3:9|4:2|4:9|5:1|5:2|5:9|6:1|6:2|6:9|7:9|8:8|8:9,2227
3898,5626,0.03525131282820704,3.0,3.0,0.0,3.0,60,victory,1,0,,0,39,31,0:0|0:4|0:5|0:6|0:7|0:8|1:0|1:4|1:8|1:9|2:0|2:2|2:3|2:4|2:8|2:9|3:0|3:1|3:2|3:9|4:2|4:9|5:1|5:2|5:9|6:1|6:2|6:9|7:9|8:8|8:9,2227
3899,5627,0.035003750937734446,3.0,3.0,0.0,3.0,36,victory,1,0,,0,34,30,0:0|0:4|0:5|0:6|0:7|0:8|1:0|1:4|1:8|1:9|2:0|2:2|2:3|2:4|2:9|3:0|3:1|3:2|3:9|4:2|4:9|5:1|5:2|5:9|6:1|6:2|6:9|7:9|8:8|8:9,2227
3900,5628,0.034756189047261854,3.0,3.0,0.0,3.0,140,victory,1,0,,0,71,38,0:0|0:4|0:5|0:6|0:7|0:8|1:0|1:4|1:8|1:9|2:0|2:2|2:3|2:4|2:8|2:9|3:0|3:1|3:2|3:4|3:8|3:9|4:2|4:8|4:9|5:1|5:2|5:8|5:9|6:1|6:2|6:7|6:8|6:9|7:8|7:9|8:8|8:9,2227
3901,5629,0.03450862715678926,3.0,3.0,0.0,3.0,63,victory,1,0,,0,40,32,0:0|0:4|0:5|0:6|0:7|0:8|1:0|1:2|1:4|1:8|1:9|2:0|2:2|2:3|2:4|2:9|3:0|3:1|3:2|3:9|4:2|4:3|4:9|5:1|5:2|5:9|6:1|6:2|6:9|7:9|8:8|8:9,2227
3902,5630,0.03426106526631656,3.0,3.0,0.0,3.0,38,victory,1,0,,0,35,32,0:0|0:4|0:5|0:6|0:7|0:8|1:0|1:4|1:8|1:9|2:0|2:2|2:3|2:4|2:9|3:0|3:1|3:2|3:9|4:2|4:3|4:9|5:1|5:2|5:8|5:9|6:1|6:2|6:9|7:9|8:8|8:9,2227
3903,5631,0.03401350337584397,3.0,3.0,0.0,3.0,34,victory,1,0,,0,34,30,0:0|0:4|0:5|0:6|0:7|0:8|1:0|1:4|1:8|1:9|2:0|2:2|2:3|2:4|2:9|3:0|3:1|3:2|3:9|4:2|4:9|5:1|5:2|5:9|6:1|6:2|6:9|7:9|8:8|8:9,2227
3904,5632,0.033765941485371376,3.0,3.0,0.0,3.0,43,victory,1,0,,0,34,30,0:0|0:4|0:5|0:6|0:7|0:8|1:0|1:4|1:8|1:9|2:0|2:2|2:3|2:4|2:9|3:0|3:1|3:2|3:9|4:2|4:9|5:1|5:2|5:9|6:1|6:2|6:9|7:9|8:8|8:9,2227
3905,5633,0.03351837959489867,3.0,3.0,0.0,3.0,47,victory,1,0,,0,38,31,0:0|0:4|0:5|0:6|0:7|0:8|1:0|1:2|1:4|1:8|1:9|2:0|2:2|2:3|2:4|2:9|3:0|3:1|3:2|3:9|4:2|4:9|5:1|5:2|5:9|6:1|6:2|6:9|7:9|8:8|8:9,2227
3906,5634,0.03327081770442608,2.0,2.0,0.0,2.0,44,death,0,1,monster,0,32,22,0:0|0:4|0:5|0:6|0:7|1:0|1:4|1:7|1:8|2:0|2:2|2:3|2:4|2:8|3:0|3:1|3:2|4:2|5:1|5:2|6:1|6:2,2227
3907,5635,0.03302325581395349,3.0,3.0,0.0,3.0,109,victory,1,0,,0,56,35,0:0|0:4|0:5|0:6|0:7|0:8|1:0|1:4|1:8|1:9|2:0|2:2|2:3|2:4|2:8|2:9|3:0|3:1|3:2|3:8|3:9|4:2|4:9|5:1|5:2|5:8|5:9|6:1|6:2|6:7|6:8|6:9|7:9|8:8|8:9,2227
3908,5636,0.0327756939234809,3.0,3.0,0.0,3.0,34,victory,1,0,,0,33,30,0:0|0:4|0:5|0:6|0:7|0:8|1:0|1:4|1:8|1:9|2:0|2:2|2:3|2:4|2:9|3:0|3:1|3:2|3:9|4:2|4:9|5:1|5:2|5:9|6:1|6:2|6:9|7:9|8:8|8:9,2227
3909,5637,0.032528132033008306,3.0,3.0,0.0,3.0,48,victory,1,0,,0,38,31,0:0|0:4|0:5|0:6|0:7|0:8|1:0|1:4|1:8|1:9|2:0|2:2|2:3|2:4|2:8|2:9|3:0|3:1|3:2|3:9|4:2|4:9|5:1|5:2|5:9|6:1|6:2|6:9|7:9|8:8|8:9,2227
3910,5638,0.032280570142535714,3.0,3.0,0.0,3.0,33,victory,1,0,,0,33,30,0:0|0:4|0:5|0:6|0:7|0:8|1:0|1:4|1:8|1:9|2:0|2:2|2:3|2:4|2:9|3:0|3:1|3:2|3:9|4:2|4:9|5:1|5:2|5:9|6:1|6:2|6:9|7:9|8:8|8:9,2227
3911,5639,0.03203300825206301,3.0,3.0,0.0,3.0,92,victory,1,0,,0,56,40,0:0|0:4|0:5|0:6|0:7|0:8|0:9|1:0|1:4|1:6|1:7|1:8|1:9|2:0|2:2|2:3|2:4|2:6|2:8|2:9|3:0|3:1|3:2|3:6|3:9|4:2|4:6|4:7|4:8|4:9|5:1|5:2|5:8|5:9|6:1|6:2|6:9|7:9|8:8|8:9,2227
3912,5640,0.03178544636159042,3.0,3.0,0.0,3.0,79,victory,1,0,,0,48,32,0:0|0:2|0:4|0:5|0:6|0:7|0:8|1:0|1:2|1:4|1:8|1:9|2:0|2:2|2:3|2:4|2:9|3:0|3:1|3:2|3:9|4:2|4:9|5:1|5:2|5:9|6:1|6:2|6:9|7:9|8:8|8:9,2227
3913,5641,0.03153788447111783,3.0,3.0,0.0,3.0,33,victory,1,0,,0,34,30,0:0|0:4|0:5|0:6|0:7|0:8|1:0|1:4|1:8|1:9|2:0|2:2|2:3|2:4|2:9|3:0|3:1|3:2|3:9|4:2|4:9|5:1|5:2|5:9|6:1|6:2|6:9|7:9|8:8|8:9,2227
3914,5642,0.031290322580645125,3.0,3.0,0.0,3.0,43,victory,1,0,,0,37,33,0:0|0:4|0:5|0:6|0:7|0:8|1:0|1:4|1:8|1:9|2:0|2:3|2:4|2:9|3:0|3:1|3:2|3:4|3:9|4:2|4:3|4:4|4:9|5:0|5:1|5:2|5:9|6:1|6:2|6:9|7:9|8:8|8:9,2227
3915,5643,0.031042760690172533,3.0,3.0,0.0,3.0,36,victory,1,0,,0,34,30,0:0|0:4|0:5|0:6|0:7|0:8|1:0|1:4|1:8|1:9|2:0|2:2|2:3|2:4|2:9|3:0|3:1|3:2|3:9|4:2|4:9|5:1|5:2|5:9|6:1|6:2|6:9|7:9|8:8|8:9,2227
3916,5644,0.03079519879969983,3.0,3.0,0.0,3.0,36,victory,1,0,,0,35,31,0:0|0:4|0:5|0:6|0:7|0:8|1:0|1:4|1:7|1:8|1:9|2:0|2:2|2:3|2:4|2:9|3:0|3:1|3:2|3:9|4:2|4:9|5:1|5:2|5:9|6:1|6:2|6:9|7:9|8:8|8:9,2227
3917,5645,0.03054763690922735,3.0,3.0,0.0,3.0,44,victory,1,0,,0,36,30,0:0|0:4|0:5|0:6|0:7|0:8|1:0|1:4|1:8|1:9|2:0|2:2|2:3|2:4|2:9|3:0|3:1|3:2|3:9|4:2|4:9|5:1|5:2|5:9|6:1|6:2|6:9|7:9|8:8|8:9,2227
3918,5646,0.030300075018754757,3.0,3.0,0.0,3.0,292,victory,1,0,,0,81,43,0:0|0:1|0:2|0:4|0:5|0:6|0:7|0:8|0:9|1:0|1:2|1:4|1:6|1:7|1:8|1:9|2:0|2:2|2:3|2:4|2:8|2:9|3:0|3:1|3:2|3:4|3:5|3:8|3:9|4:2|4:3|4:4|4:5|4:9|5:1|5:2|5:9|6:1|6:2|6:9|7:9|8:8|8:9,2227
3919,5647,0.030052513128282055,2.0,2.0,0.0,2.0,285,death,0,1,monster,0,39,31,0:0|0:4|0:5|0:6|0:7|0:8|1:0|1:2|1:4|1:8|1:9|2:0|2:2|2:3|2:4|2:9|3:0|3:1|3:2|3:9|4:2|4:3|4:9|5:1|5:2|5:9|6:1|6:2|6:9|7:8|7:9,2227
3920,5648,0.029804951237809463,3.0,3.0,0.0,3.0,33,victory,1,0,,0,33,30,0:0|0:4|0:5|0:6|0:7|0:8|1:0|1:4|1:8|1:9|2:0|2:2|2:3|2:4|2:9|3:0|3:1|3:2|3:9|4:2|4:9|5:1|5:2|5:9|6:1|6:2|6:9|7:9|8:8|8:9,2227
3921,5649,0.02955738934733687,3.0,3.0,0.0,3.0,43,victory,1,0,,0,37,30,0:0|0:4|0:5|0:6|0:7|0:8|1:0|1:4|1:8|1:9|2:0|2:2|2:3|2:4|2:9|3:0|3:1|3:2|3:9|4:2|4:9|5:1|5:2|5:9|6:1|6:2|6:9|7:9|8:8|8:9,2227
3922,5650,0.029309827456864168,3.0,3.0,0.0,3.0,76,victory,1,0,,0,51,34,0:0|0:4|0:5|0:6|0:7|0:8|0:9|1:0|1:4|1:6|1:7|1:8|1:9|2:0|2:2|2:3|2:4|2:8|2:9|3:0|3:1|3:2|3:9|4:2|4:9|5:1|5:2|5:9|6:1|6:2|6:9|7:9|8:8|8:9,2227
3923,5651,0.029062265566391576,3.0,3.0,0.0,3.0,36,victory,1,0,,0,34,31,0:0|0:4|0:5|0:6|0:7|0:8|1:0|1:2|1:4|1:8|1:9|2:0|2:2|2:3|2:4|2:9|3:0|3:1|3:2|3:9|4:2|4:9|5:1|5:2|5:9|6:1|6:2|6:9|7:9|8:8|8:9,2227
3924,5652,0.028814703675918985,3.0,3.0,0.0,3.0,39,victory,1,0,,0,34,30,0:0|0:4|0:5|0:6|0:7|0:8|1:0|1:4|1:8|1:9|2:0|2:2|2:3|2:4|2:9|3:0|3:1|3:2|3:9|4:2|4:9|5:1|5:2|5:9|6:1|6:2|6:9|7:9|8:8|8:9,2227
3925,5653,0.02856714178544628,3.0,3.0,0.0,3.0,49,victory,1,0,,0,41,31,0:0|0:4|0:5|0:6|0:7|0:8|0:9|1:0|1:4|1:8|1:9|2:0|2:2|2:3|2:4|2:9|3:0|3:1|3:2|3:9|4:2|4:9|5:1|5:2|5:9|6:1|6:2|6:9|7:9|8:8|8:9,2227
3926,5654,0.0283195798949738,3.0,3.0,0.0,3.0,36,victory,1,0,,0,34,30,0:0|0:4|0:5|0:6|0:7|0:8|1:0|1:4|1:8|1:9|2:0|2:2|2:3|2:4|2:9|3:0|3:1|3:2|3:9|4:2|4:9|5:1|5:2|5:9|6:1|6:2|6:9|7:9|8:8|8:9,2227
3927,5655,0.02807201800450121,3.0,3.0,0.0,3.0,42,victory,1,0,,0,36,30,0:0|0:4|0:5|0:6|0:7|0:8|1:0|1:4|1:8|1:9|2:0|2:2|2:3|2:4|2:9|3:0|3:1|3:2|3:9|4:2|4:9|5:1|5:2|5:9|6:1|6:2|6:9|7:9|8:8|8:9,2227
3928,5656,0.027824456114028506,3.0,3.0,0.0,3.0,56,victory,1,0,,0,38,31,0:0|0:4|0:5|0:6|0:7|0:8|1:0|1:4|1:8|1:9|2:0|2:2|2:3|2:4|2:9|3:0|3:1|3:2|3:9|4:2|4:3|4:9|5:1|5:2|5:9|6:1|6:2|6:9|7:9|8:8|8:9,2227
3929,5657,0.027576894223555914,3.0,3.0,0.0,3.0,32,victory,1,0,,0,33,30,0:0|0:4|0:5|0:6|0:7|0:8|1:0|1:4|1:8|1:9|2:0|2:2|2:3|2:4|2:9|3:0|3:1|3:2|3:9|4:2|4:9|5:1|5:2|5:9|6:1|6:2|6:9|7:9|8:8|8:9,2227
3930,5658,0.027329332333083323,3.0,3.0,0.0,3.0,32,victory,1,0,,0,33,29,0:0|0:4|0:5|0:6|0:7|0:8|1:0|1:4|1:8|1:9|2:0|2:2|2:3|2:4|2:9|3:0|3:1|3:2|3:9|4:2|4:9|5:1|5:2|5:9|6:1|6:9|7:9|8:8|8:9,2227
3931,5659,0.02708177044261062,3.0,3.0,0.0,3.0,78,victory,1,0,,0,49,35,0:0|0:4|0:5|0:6|0:7|0:8|0:9|1:0|1:4|1:6|1:7|1:8|1:9|2:0|2:2|2:3|2:4|2:8|2:9|3:0|3:1|3:2|3:8|3:9|4:2|4:9|5:1|5:2|5:9|6:1|6:2|6:9|7:9|8:8|8:9,2227
3932,5660,0.026834208552138028,2.0,2.0,0.0,2.0,26,death,0,1,monster,0,25,20,0:0|0:4|0:5|0:6|0:7|0:8|1:0|1:4|2:0|2:2|2:3|2:4|3:0|3:1|3:2|4:2|5:1|5:2|6:1|6:2,2227
3933,5661,0.026586646661665436,1.0,1.0,0.0,1.0,92,death,0,1,monster,0,31,15,0:0|1:0|1:4|2:0|2:2|2:3|2:4|3:0|3:1|3:2|4:2|5:1|5:2|6:1|6:2,2227
3934,5662,0.026339084771192844,3.0,3.0,0.0,3.0,34,victory,1,0,,0,35,30,0:0|0:4|0:5|0:6|0:7|0:8|1:0|1:4|1:8|1:9|2:0|2:2|2:3|2:4|2:9|3:0|3:1|3:2|3:9|4:2|4:9|5:1|5:2|5:9|6:1|6:2|6:9|7:9|8:8|8:9,2227
3935,5663,0.026091522880720253,3.0,3.0,0.0,3.0,34,victory,1,0,,0,34,29,0:0|0:4|0:5|0:6|0:7|0:8|1:0|1:4|1:8|1:9|2:0|2:2|2:3|2:4|2:9|3:0|3:1|3:2|3:9|4:2|4:9|5:1|5:2|5:9|6:1|6:9|7:9|8:8|8:9,2227
3936,5664,0.02584396099024755,3.0,3.0,0.0,3.0,92,victory,1,0,,0,55,34,0:0|0:4|0:5|0:6|0:7|0:8|0:9|1:0|1:4|1:7|1:8|1:9|2:0|2:2|2:3|2:4|2:8|2:9|3:0|3:1|3:2|3:8|3:9|4:2|4:9|5:1|5:2|5:9|6:1|6:2|6:9|7:9|8:8|8:9,2227
3937,5665,0.025596399099774958,3.0,3.0,0.0,3.0,32,victory,1,0,,0,33,30,0:0|0:4|0:5|0:6|0:7|0:8|1:0|1:4|1:8|1:9|2:0|2:2|2:3|2:4|2:9|3:0|3:1|3:2|3:9|4:2|4:9|5:1|5:2|5:9|6:1|6:2|6:9|7:9|8:8|8:9,2227
3938,5666,0.025348837209302366,3.0,3.0,0.0,3.0,103,victory,1,0,,0,55,33,0:0|0:4|0:5|0:6|0:7|0:8|0:9|1:0|1:4|1:7|1:8|1:9|2:0|2:2|2:3|2:4|2:9|3:0|3:1|3:2|3:8|3:9|4:2|4:9|5:1|5:2|5:9|6:1|6:2|6:9|7:9|8:8|8:9,2227
3939,5667,0.025101275318829663,3.0,3.0,0.0,3.0,41,victory,1,0,,0,33,30,0:0|0:4|0:5|0:6|0:7|0:8|1:0|1:4|1:8|1:9|2:0|2:2|2:3|2:4|2:9|3:0|3:1|3:2|3:9|4:2|4:9|5:1|5:2|5:9|6:1|6:2|6:9|7:9|8:8|8:9,2227
3940,5668,0.02485371342835707,3.0,3.0,0.0,3.0,39,victory,1,0,,0,35,31,0:0|0:4|0:5|0:6|0:7|0:8|1:0|1:4|1:8|1:9|2:0|2:2|2:3|2:4|2:9|3:0|3:1|3:2|3:9|4:2|4:3|4:9|5:1|5:2|5:9|6:1|6:2|6:9|7:9|8:8|8:9,2227
3941,5669,0.02460615153788448,3.0,3.0,0.0,3.0,149,victory,1,0,,0,66,35,0:0|0:4|0:5|0:6|0:7|0:8|0:9|1:0|1:4|1:8|1:9|2:0|2:2|2:3|2:4|2:8|2:9|3:0|3:1|3:2|3:8|3:9|4:2|4:8|4:9|5:1|5:2|5:8|5:9|6:1|6:2|6:9|7:9|8:8|8:9,2227
3942,5670,0.024358589647411777,3.0,3.0,0.0,3.0,44,victory,1,0,,0,34,30,0:0|0:4|0:5|0:6|0:7|0:8|1:0|1:4|1:8|1:9|2:0|2:2|2:3|2:4|2:9|3:0|3:1|3:2|3:9|4:2|4:9|5:1|5:2|5:9|6:1|6:2|6:9|7:9|8:8|8:9,2227
3943,5671,0.024111027756939296,3.0,3.0,0.0,3.0,166,victory,1,0,,0,65,35,0:0|0:4|0:5|0:6|0:7|0:8|1:0|1:4|1:6|1:7|1:8|2:0|2:2|2:3|2:4|2:6|3:0|3:1|3:2|3:6|4:2|4:6|4:7|4:8|5:1|5:2|5:6|5:8|5:9|6:1|6:2|6:9|7:9|8:8|8:9,2227
3944,5672,0.023863465866466704,3.0,3.0,0.0,3.0,50,victory,1,0,,0,36,32,0:0|0:4|0:5|0:6|0:7|0:8|1:0|1:4|1:6|1:7|1:8|1:9|2:0|2:2|2:3|2:4|2:9|3:0|3:1|3:2|3:9|4:2|4:9|5:1|5:2|5:9|6:1|6:2|6:9|7:9|8:8|8:9,2227
3945,5673,0.023615903975994,3.0,3.0,0.0,3.0,40,victory,1,0,,0,34,31,0:0|0:4|0:5|0:6|0:7|0:8|1:0|1:4|1:8|1:9|2:0|2:2|2:3|2:4|2:9|3:0|3:1|3:2|3:9|4:2|4:9|5:1|5:2|5:8|5:9|6:1|6:2|6:9|7:9|8:8|8:9,2227
3946,5674,0.02336834208552141,3.0,3.0,0.0,3.0,97,victory,1,0,,0,59,34,0:0|0:4|0:5|0:6|0:7|0:8|0:9|1:0|1:4|1:7|1:8|1:9|2:0|2:2|2:3|2:4|2:8|2:9|3:0|3:1|3:2|3:8|3:9|4:2|4:9|5:1|5:2|5:9|6:1|6:2|6:9|7:9|8:8|8:9,2227
3947,5675,0.023120780195048818,3.0,3.0,0.0,3.0,43,victory,1,0,,0,33,30,0:0|0:4|0:5|0:6|0:7|0:8|1:0|1:4|1:8|1:9|2:0|2:2|2:3|2:4|2:9|3:0|3:1|3:2|3:9|4:2|4:9|5:1|5:2|5:9|6:1|6:2|6:9|7:9|8:8|8:9,2227
3948,5676,0.022873218304576115,3.0,3.0,0.0,3.0,32,victory,1,0,,0,33,30,0:0|0:4|0:5|0:6|0:7|0:8|1:0|1:4|1:8|1:9|2:0|2:2|2:3|2:4|2:9|3:0|3:1|3:2|3:9|4:2|4:9|5:1|5:2|5:9|6:1|6:2|6:9|7:9|8:8|8:9,2227
3949,5677,0.022625656414103523,3.0,3.0,0.0,3.0,68,victory,1,0,,0,51,41,0:0|0:7|1:0|1:6|1:7|2:0|2:2|2:3|2:4|2:6|3:0|3:1|3:2|3:4|3:6|4:2|4:3|4:4|4:5|4:6|5:1|5:2|5:6|6:0|6:1|6:6|6:7|6:8|7:0|7:8|8:0|8:1|8:2|8:3|8:4|8:5|8:7|8:8|9:5|9:6|9:7,2227
3950,5678,0.02237809452363093,3.0,3.0,0.0,3.0,88,victory,1,0,,0,45,33,0:0|0:4|0:5|0:6|0:7|0:8|1:0|1:4|1:8|1:9|2:0|2:2|2:3|2:4|2:9|3:0|3:1|3:2|3:9|4:2|4:9|5:1|5:2|5:9|6:1|6:2|6:3|6:4|6:9|7:3|7:9|8:8|8:9,2227
3951,5679,0.02213053263315823,3.0,3.0,0.0,3.0,49,victory,1,0,,0,39,30,0:0|0:4|0:5|0:6|0:7|0:8|1:0|1:4|1:8|1:9|2:0|2:2|2:3|2:4|2:9|3:0|3:1|3:2|3:9|4:2|4:9|5:1|5:2|5:9|6:1|6:2|6:9|7:9|8:8|8:9,2227
3952,5680,0.021882970742685748,3.0,3.0,0.0,3.0,83,victory,1,0,,0,49,30,0:0|0:4|0:5|0:6|0:7|0:8|0:9|1:0|1:4|1:9|2:0|2:2|2:3|2:4|2:9|3:0|3:1|3:2|3:9|4:2|4:9|5:1|5:2|5:9|6:1|6:2|6:9|7:9|8:8|8:9,2227
3953,5681,0.021635408852213045,3.0,3.0,0.0,3.0,73,victory,1,0,,0,47,33,0:0|0:1|0:2|0:4|0:5|0:6|0:7|0:8|1:0|1:2|1:4|1:8|1:9|2:0|2:2|2:3|2:4|2:9|3:0|3:1|3:2|3:9|4:2|4:9|5:1|5:2|5:9|6:1|6:2|6:9|7:9|8:8|8:9,2227
3954,5682,0.021387846961740453,3.0,3.0,0.0,3.0,32,victory,1,0,,0,33,30,0:0|0:4|0:5|0:6|0:7|0:8|1:0|1:4|1:8|1:9|2:0|2:2|2:3|2:4|2:9|3:0|3:1|3:2|3:9|4:2|4:9|5:1|5:2|5:9|6:1|6:2|6:9|7:9|8:8|8:9,2227
3955,5683,0.02114028507126786,3.0,3.0,0.0,3.0,34,victory,1,0,,0,33,30,0:0|0:4|0:5|0:6|0:7|0:8|1:0|1:4|1:8|1:9|2:0|2:2|2:3|2:4|2:9|3:0|3:1|3:2|3:9|4:2|4:9|5:1|5:2|5:9|6:1|6:2|6:9|7:9|8:8|8:9,2227
3956,5684,0.02089272318079516,3.0,3.0,0.0,3.0,32,victory,1,0,,0,33,30,0:0|0:4|0:5|0:6|0:7|0:8|1:0|1:4|1:8|1:9|2:0|2:2|2:3|2:4|2:9|3:0|3:1|3:2|3:9|4:2|4:9|5:1|5:2|5:9|6:1|6:2|6:9|7:9|8:8|8:9,2227
3957,5685,0.020645161290322567,3.0,3.0,0.0,3.0,60,victory,1,0,,0,40,31,0:0|0:4|0:5|0:6|0:7|0:8|0:9|1:0|1:4|1:8|1:9|2:0|2:2|2:3|2:4|2:9|3:0|3:1|3:2|3:9|4:2|4:9|5:1|5:2|5:9|6:1|6:2|6:9|7:9|8:8|8:9,2227
3958,5686,0.020397599399849975,3.0,3.0,0.0,3.0,32,victory,1,0,,0,33,30,0:0|0:4|0:5|0:6|0:7|0:8|1:0|1:4|1:8|1:9|2:0|2:2|2:3|2:4|2:9|3:0|3:1|3:2|3:9|4:2|4:9|5:1|5:2|5:9|6:1|6:2|6:9|7:9|8:8|8:9,2227
3959,5687,0.020150037509377272,3.0,3.0,0.0,3.0,33,victory,1,0,,0,33,30,0:0|0:4|0:5|0:6|0:7|0:8|1:0|1:4|1:8|1:9|2:0|2:2|2:3|2:4|2:9|3:0|3:1|3:2|3:9|4:2|4:9|5:1|5:2|5:9|6:1|6:2|6:9|7:9|8:8|8:9,2227
3960,5688,0.01990247561890468,3.0,3.0,0.0,3.0,51,victory,1,0,,0,41,31,0:0|0:4|0:5|0:6|0:7|0:8|0:9|1:0|1:4|1:8|1:9|2:0|2:2|2:3|2:4|2:9|3:0|3:1|3:2|3:9|4:2|4:9|5:1|5:2|5:9|6:1|6:2|6:9|7:9|8:8|8:9,2227
3961,5689,0.0196549137284322,3.0,3.0,0.0,3.0,201,victory,1,0,,0,50,35,0:0|0:4|0:5|0:6|0:7|0:8|0:9|1:0|1:4|1:8|1:9|2:0|2:2|2:3|2:4|2:9|3:0|3:1|3:2|3:9|4:2|4:8|4:9|5:1|5:2|5:8|5:9|6:1|6:2|6:7|6:8|6:9|7:9|8:8|8:9,2227
3962,5690,0.019407351837959497,3.0,3.0,0.0,3.0,38,victory,1,0,,0,34,30,0:0|0:4|0:5|0:6|0:7|0:8|1:0|1:4|1:8|1:9|2:0|2:2|2:3|2:4|2:9|3:0|3:1|3:2|3:9|4:2|4:9|5:1|5:2|5:9|6:1|6:2|6:9|7:9|8:8|8:9,2227
3963,5691,0.019159789947486905,3.0,3.0,0.0,3.0,123,victory,1,0,,0,42,33,0:0|0:4|0:5|0:6|0:7|0:8|1:0|1:4|1:8|1:9|2:0|2:2|2:3|2:4|2:9|3:0|3:1|3:2|3:9|4:2|4:9|5:1|5:2|5:4|5:9|6:1|6:2|6:3|6:4|6:9|7:9|8:8|8:9,2227
3964,5692,0.018912228057014313,3.0,3.0,0.0,3.0,54,victory,1,0,,0,40,30,0:0|0:4|0:5|0:6|0:7|0:8|1:0|1:4|1:8|1:9|2:0|2:2|2:3|2:4|2:9|3:0|3:1|3:2|3:9|4:2|4:3|4:9|5:1|5:2|5:9|6:1|6:9|7:9|8:8|8:9,2227
3965,5693,0.01866466616654161,3.0,3.0,0.0,3.0,37,victory,1,0,,0,35,32,0:0|0:4|0:5|0:6|0:7|0:8|1:0|1:4|1:8|1:9|2:0|2:4|2:9|3:0|3:1|3:2|3:4|3:9|4:2|4:3|4:4|4:9|5:1|5:2|5:8|5:9|6:1|6:2|6:9|7:9|8:8|8:9,2227
3966,5694,0.01841710427606902,3.0,3.0,0.0,3.0,36,victory,1,0,,0,33,29,0:0|0:4|0:5|0:6|0:7|0:8|1:0|1:4|1:8|1:9|2:0|2:2|2:3|2:4|2:9|3:0|3:1|3:2|3:9|4:2|4:9|5:1|5:2|5:9|6:1|6:9|7:9|8:8|8:9,2227
3967,5695,0.018169542385596427,3.0,3.0,0.0,3.0,77,victory,1,0,,0,51,34,0:0|0:4|0:5|0:6|0:7|0:8|0:9|1:0|1:4|1:6|1:7|1:8|1:9|2:0|2:2|2:3|2:4|2:8|2:9|3:0|3:1|3:2|3:8|3:9|4:2|4:9|5:1|5:2|5:9|6:1|6:9|7:9|8:8|8:9,2227
3968,5696,0.017921980495123724,3.0,3.0,0.0,3.0,80,victory,1,0,,0,33,29,0:0|0:4|0:5|0:6|0:7|0:8|1:0|1:4|1:8|1:9|2:0|2:2|2:3|2:4|2:9|3:0|3:1|3:2|3:9|4:2|4:9|5:1|5:2|5:9|6:1|6:9|7:9|8:8|8:9,2227
3969,5697,0.017674418604651132,3.0,3.0,0.0,3.0,32,victory,1,0,,0,33,29,0:0|0:4|0:5|0:6|0:7|0:8|1:0|1:4|1:8|1:9|2:0|2:2|2:3|2:4|2:9|3:0|3:1|3:2|3:9|4:2|4:9|5:1|5:2|5:9|6:1|6:9|7:9|8:8|8:9,2227
3970,5698,0.01742685671417865,3.0,3.0,0.0,3.0,32,victory,1,0,,0,33,29,0:0|0:4|0:5|0:6|0:7|0:8|1:0|1:4|1:8|1:9|2:0|2:2|2:3|2:4|2:9|3:0|3:1|3:2|3:9|4:2|4:9|5:1|5:2|5:9|6:1|6:9|7:9|8:8|8:9,2227
3971,5699,0.01717929482370595,3.0,3.0,0.0,3.0,32,victory,1,0,,0,33,29,0:0|0:4|0:5|0:6|0:7|0:8|1:0|1:4|1:8|1:9|2:0|2:2|2:3|2:4|2:9|3:0|3:1|3:2|3:9|4:2|4:9|5:1|5:2|5:9|6:1|6:9|7:9|8:8|8:9,2227
3972,5700,0.016931732933233357,3.0,3.0,0.0,3.0,34,victory,1,0,,0,34,29,0:0|0:4|0:5|0:6|0:7|0:8|1:0|1:4|1:8|1:9|2:0|2:2|2:3|2:4|2:9|3:0|3:1|3:2|3:9|4:2|4:9|5:1|5:2|5:9|6:1|6:9|7:9|8:8|8:9,2227
3973,5701,0.016684171042760654,3.0,3.0,0.0,3.0,33,victory,1,0,,0,33,29,0:0|0:4|0:5|0:6|0:7|0:8|1:0|1:4|1:8|1:9|2:0|2:2|2:3|2:4|2:9|3:0|3:1|3:2|3:9|4:2|4:9|5:1|5:2|5:9|6:1|6:9|7:9|8:8|8:9,2227
3974,5702,0.016436609152288062,3.0,3.0,0.0,3.0,48,victory,1,0,,0,37,29,0:0|0:4|0:5|0:6|0:7|0:8|1:0|1:4|1:8|1:9|2:0|2:2|2:3|2:4|2:9|3:0|3:1|3:2|3:9|4:2|4:9|5:1|5:2|5:9|6:1|6:9|7:9|8:8|8:9,2227
3975,5703,0.01618904726181547,3.0,3.0,0.0,3.0,48,victory,1,0,,0,37,30,0:0|0:4|0:5|0:6|0:7|0:8|1:0|1:4|1:8|1:9|2:0|2:2|2:3|2:4|2:9|3:0|3:1|3:2|3:9|4:2|4:9|5:1|5:2|5:9|6:1|6:2|6:9|7:9|8:8|8:9,2227
3976,5704,0.015941485371342767,3.0,3.0,0.0,3.0,34,victory,1,0,,0,34,29,0:0|0:4|0:5|0:6|0:7|0:8|1:0|1:4|1:8|1:9|2:0|2:2|2:3|2:4|2:9|3:0|3:1|3:2|3:9|4:2|4:9|5:1|5:2|5:9|6:1|6:9|7:9|8:8|8:9,2227
3977,5705,0.015693923480870176,3.0,3.0,0.0,3.0,34,victory,1,0,,0,33,29,0:0|0:4|0:5|0:6|0:7|0:8|1:0|1:4|1:8|1:9|2:0|2:2|2:3|2:4|2:9|3:0|3:1|3:2|3:9|4:2|4:9|5:1|5:2|5:9|6:1|6:9|7:9|8:8|8:9,2227
3978,5706,0.015446361590397584,3.0,3.0,0.0,3.0,34,victory,1,0,,0,34,29,0:0|0:4|0:5|0:6|0:7|0:8|1:0|1:4|1:8|1:9|2:0|2:2|2:3|2:4|2:9|3:0|3:1|3:2|3:9|4:2|4:9|5:1|5:2|5:9|6:1|6:9|7:9|8:8|8:9,2227
3979,5707,0.015198799699924992,3.0,3.0,0.0,3.0,50,victory,1,0,,0,39,29,0:0|0:4|0:5|0:6|0:7|0:8|1:0|1:4|1:8|1:9|2:0|2:2|2:3|2:4|2:9|3:0|3:1|3:2|3:9|4:2|4:9|5:1|5:2|5:9|6:1|6:9|7:9|8:8|8:9,2227
3980,5708,0.0149512378094524,3.0,3.0,0.0,3.0,32,victory,1,0,,0,33,29,0:0|0:4|0:5|0:6|0:7|0:8|1:0|1:4|1:8|1:9|2:0|2:2|2:3|2:4|2:9|3:0|3:1|3:2|3:9|4:2|4:9|5:1|5:2|5:9|6:1|6:9|7:9|8:8|8:9,2227
3981,5709,0.014703675918979808,3.0,3.0,0.0,3.0,34,victory,1,0,,0,34,29,0:0|0:4|0:5|0:6|0:7|0:8|1:0|1:4|1:8|1:9|2:0|2:2|2:3|2:4|2:9|3:0|3:1|3:2|3:9|4:2|4:9|5:1|5:2|5:9|6:1|6:9|7:9|8:8|8:9,2227
3982,5710,0.014456114028507105,3.0,3.0,0.0,3.0,32,victory,1,0,,0,33,29,0:0|0:4|0:5|0:6|0:7|0:8|1:0|1:4|1:8|1:9|2:0|2:2|2:3|2:4|2:9|3:0|3:1|3:2|3:9|4:2|4:9|5:1|5:2|5:9|6:1|6:9|7:9|8:8|8:9,2227
3983,5711,0.014208552138034514,3.0,3.0,0.0,3.0,32,victory,1,0,,0,33,29,0:0|0:4|0:5|0:6|0:7|0:8|1:0|1:4|1:8|1:9|2:0|2:2|2:3|2:4|2:9|3:0|3:1|3:2|3:9|4:2|4:9|5:1|5:2|5:9|6:1|6:9|7:9|8:8|8:9,2227
3984,5712,0.013960990247561922,3.0,3.0,0.0,3.0,33,victory,1,0,,0,33,29,0:0|0:4|0:5|0:6|0:7|0:8|1:0|1:4|1:8|1:9|2:0|2:2|2:3|2:4|2:9|3:0|3:1|3:2|3:9|4:2|4:9|5:1|5:2|5:9|6:1|6:9|7:9|8:8|8:9,2227
3985,5713,0.013713428357089219,3.0,3.0,0.0,3.0,152,victory,1,0,,0,65,34,0:0|0:1|0:2|0:4|0:5|0:6|0:7|1:0|1:2|1:4|1:6|1:7|2:0|2:2|2:3|2:4|2:6|3:0|3:1|3:2|3:6|4:2|4:6|4:7|4:8|5:1|5:2|5:8|5:9|6:1|6:9|7:9|8:8|8:9,2227
3986,5714,0.013465866466616627,3.0,3.0,0.0,3.0,32,victory,1,0,,0,33,29,0:0|0:4|0:5|0:6|0:7|0:8|1:0|1:4|1:8|1:9|2:0|2:2|2:3|2:4|2:9|3:0|3:1|3:2|3:9|4:2|4:9|5:1|5:2|5:9|6:1|6:9|7:9|8:8|8:9,2227
3987,5715,0.013218304576144146,3.0,3.0,0.0,3.0,32,victory,1,0,,0,33,29,0:0|0:4|0:5|0:6|0:7|0:8|1:0|1:4|1:8|1:9|2:0|2:2|2:3|2:4|2:9|3:0|3:1|3:2|3:9|4:2|4:9|5:1|5:2|5:9|6:1|6:9|7:9|8:8|8:9,2227
3988,5716,0.012970742685671444,3.0,3.0,0.0,3.0,34,victory,1,0,,0,34,29,0:0|0:4|0:5|0:6|0:7|0:8|1:0|1:4|1:8|1:9|2:0|2:2|2:3|2:4|2:9|3:0|3:1|3:2|3:9|4:2|4:9|5:1|5:2|5:9|6:1|6:9|7:9|8:8|8:9,2227
3989,5717,0.012723180795198852,3.0,3.0,0.0,3.0,32,victory,1,0,,0,33,29,0:0|0:4|0:5|0:6|0:7|0:8|1:0|1:4|1:8|1:9|2:0|2:2|2:3|2:4|2:9|3:0|3:1|3:2|3:9|4:2|4:9|5:1|5:2|5:9|6:1|6:9|7:9|8:8|8:9,2227
3990,5718,0.01247561890472626,3.0,3.0,0.0,3.0,32,victory,1,0,,0,33,29,0:0|0:4|0:5|0:6|0:7|0:8|1:0|1:4|1:8|1:9|2:0|2:2|2:3|2:4|2:9|3:0|3:1|3:2|3:9|4:2|4:9|5:1|5:2|5:9|6:1|6:9|7:9|8:8|8:9,2227
3991,5719,0.012228057014253557,3.0,3.0,0.0,3.0,54,victory,1,0,,0,41,32,0:0|0:4|0:5|0:6|0:7|0:8|1:0|1:4|1:8|1:9|2:0|2:2|2:3|2:4|2:8|2:9|3:0|3:1|3:2|3:8|3:9|4:2|4:9|5:1|5:2|5:9|6:1|6:9|7:9|8:8|8:9|9:9,2227
3992,5720,0.011980495123780965,1.0,1.0,0.0,1.0,75,death,0,1,monster,0,30,17,0:0|0:4|0:5|1:0|1:2|1:4|2:0|2:2|2:3|2:4|3:0|3:1|3:2|4:2|5:1|5:2|6:1,2227
3993,5721,0.011732933233308263,3.0,3.0,0.0,3.0,65,victory,1,0,,0,46,31,0:0|0:2|0:4|0:5|0:6|0:7|0:8|1:0|1:2|1:4|1:8|1:9|2:0|2:2|2:3|2:4|2:9|3:0|3:1|3:2|3:9|4:2|4:9|5:1|5:2|5:9|6:1|6:9|7:9|8:8|8:9,2227
3994,5722,0.01148537134283567,3.0,3.0,0.0,3.0,33,victory,1,0,,0,33,29,0:0|0:4|0:5|0:6|0:7|0:8|1:0|1:4|1:8|1:9|2:0|2:2|2:3|2:4|2:9|3:0|3:1|3:2|3:9|4:2|4:9|5:1|5:2|5:9|6:1|6:9|7:9|8:8|8:9,2227
3995,5723,0.011237809452363079,2.0,2.0,0.0,2.0,109,death,0,1,monster,0,58,29,0:0|0:4|0:5|0:6|0:7|0:8|0:9|1:0|1:4|1:6|1:7|1:8|1:9|2:0|2:2|2:3|2:4|2:8|2:9|3:0|3:1|3:2|3:8|3:9|4:2|4:9|5:1|5:2|6:1,2227
3996,5724,0.010990247561890487,3.0,3.0,0.0,3.0,44,victory,1,0,,0,37,29,0:0|0:4|0:5|0:6|0:7|0:8|1:0|1:4|1:8|1:9|2:0|2:2|2:3|2:4|2:9|3:0|3:1|3:2|3:9|4:2|4:9|5:1|5:2|5:9|6:1|6:9|7:9|8:8|8:9,2227
3997,5725,0.010742685671417895,3.0,3.0,0.0,3.0,36,victory,1,0,,0,34,29,0:0|0:4|0:5|0:6|0:7|0:8|1:0|1:4|1:8|1:9|2:0|2:2|2:3|2:4|2:9|3:0|3:1|3:2|3:9|4:2|4:9|5:1|5:2|5:9|6:1|6:9|7:9|8:8|8:9,2227
3998,5726,0.010495123780945304,3.0,3.0,0.0,3.0,104,victory,1,0,,0,55,39,0:0|0:4|0:5|0:6|0:7|0:8|0:9|1:0|1:4|1:6|1:7|1:8|1:9|2:0|2:2|2:3|2:4|2:6|2:8|2:9|3:0|3:1|3:2|3:6|3:8|3:9|4:2|4:6|4:7|4:8|5:1|5:2|5:8|5:9|6:1|6:9|7:9|8:8|8:9,2227
3999,5727,0.0102475618904726,2.0,2.0,0.0,2.0,135,death,0,1,monster,0,59,33,0:0|0:4|0:5|0:6|0:7|0:8|1:0|1:4|1:6|1:7|1:8|1:9|2:0|2:2|2:3|2:4|2:8|2:9|3:0|3:1|3:2|3:8|3:9|4:2|4:7|4:8|4:9|5:1|5:2|5:8|5:9|6:1|6:9,2227
4000,5728,0.010000000000000009,3.0,3.0,0.0,3.0,117,victory,1,0,,0,59,34,0:0|0:4|0:5|0:6|0:7|0:8|0:9|1:0|1:4|1:7|1:8|1:9|2:0|2:2|2:3|2:4|2:8|2:9|3:0|3:1|3:2|3:8|3:9|4:2|4:9|5:1|5:2|5:8|5:9|6:1|6:9|7:9|8:8|8:9,2227
